book,vote,vote_title,head_code,head_title,subhead_code,subhead_title,item_code,item_title,item_kind,approved_estimates_2025_2026,estimates_2026_2027,projected_estimates_2027_2028,projected_estimates_2028_2029,page,verified
fy-2026-27-development-book-volume-iii-1104-2111,1104,State Department for Irrigation,1104100200,Small Holder Irrigation Programme,1104100202,Smallholder Irrigation Programme Mt. Kenya Region Phase IV,2630200,Capital Grants to Government Agencies and other Levels of Government,exp,267000000,108000000,0,0,26,yes
fy-2026-27-development-book-volume-iii-1104-2111,1104,State Department for Irrigation,1104100200,Small Holder Irrigation Programme,1104100202,Smallholder Irrigation Programme Mt. Kenya Region Phase IV,5120200,Foreign Borrowing - Direct Payments,aia,250000000,95000000,0,0,26,yes
fy-2026-27-development-book-volume-iii-1104-2111,1104,State Department for Irrigation,1104100400,Bura Irrigation Scheme,1104100401,Headquarters,2630200,Capital Grants to Government Agencies and other Levels of Government,exp,150000000,450000000,0,0,26,yes
fy-2026-27-development-book-volume-iii-1104-2111,1104,State Department for Irrigation,1104100400,Bura Irrigation Scheme,1104100401,Headquarters,5120200,Foreign Borrowing - Direct Payments,aia,50000000,150000000,0,0,26,yes
fy-2026-27-development-book-volume-iii-1104-2111,1104,State Department for Irrigation,1104100500,Land Reclamation (Land Degradation Assessment Program),1104100501,Land Reclamation (Land Degradation Assessment Program),2630200,Capital Grants to Government Agencies and other Levels of Government,exp,0,20000000,100000000,200000000,26,yes
fy-2026-27-development-book-volume-iii-1104-2111,1104,State Department for Irrigation,1104100600,Community Based Irrigation Projects,1104100602,Waga Machame Irrigation Project,2630200,Capital Grants to Government Agencies and other Levels of Government,exp,40000000,56451778,0,0,26,yes
fy-2026-27-development-book-volume-iii-1104-2111,1104,State Department for Irrigation,1104100600,Community Based Irrigation Projects,1104100603,Kaihi Irrigation Project,2630200,Capital Grants to Government Agencies and other Levels of Government,exp,60552879,0,0,0,26,yes
fy-2026-27-development-book-volume-iii-1104-2111,1104,State Department for Irrigation,1104100600,Community Based Irrigation Projects,1104100604,Laghale Irrigation Project,2630200,Capital Grants to Government Agencies and other Levels of Government,exp,11100607,0,0,0,26,yes
fy-2026-27-development-book-volume-iii-1104-2111,1104,State Department for Irrigation,1104100600,Community Based Irrigation Projects,1104100605,Nguruman Irrigation Project,2630200,Capital Grants to Government Agencies and other Levels of Government,exp,50000000,70000000,62417081,0,27,yes
fy-2026-27-development-book-volume-iii-1104-2111,1104,State Department for Irrigation,1104100600,Community Based Irrigation Projects,1104100606,Baringo Cluster Irrigation Projects,2630200,Capital Grants to Government Agencies and other Levels of Government,exp,20000000,24900000,46647719,0,27,yes
fy-2026-27-development-book-volume-iii-1104-2111,1104,State Department for Irrigation,1104100600,Community Based Irrigation Projects,1104100607,Okundi Dam Irrigation Water Project,2630200,Capital Grants to Government Agencies and other Levels of Government,exp,50000000,16893415,0,0,27,yes
fy-2026-27-development-book-volume-iii-1104-2111,1104,State Department for Irrigation,1104100600,Community Based Irrigation Projects,1104100608,Olerai Irrigation Water Project,2630200,Capital Grants to Government Agencies and other Levels of Government,exp,55000000,40030844,0,0,27,yes
fy-2026-27-development-book-volume-iii-1104-2111,1104,State Department for Irrigation,1104100600,Community Based Irrigation Projects,1104100609,Kibugu Nguviu Irrigation Project,2630200,Capital Grants to Government Agencies and other Levels of Government,exp,43772412,0,0,0,27,yes
fy-2026-27-development-book-volume-iii-1104-2111,1104,State Department for Irrigation,1104100600,Community Based Irrigation Projects,1104100610,Oloolopon Nkama Irrigation Water Poject,2630200,Capital Grants to Government Agencies and other Levels of Government,exp,35000000,49000000,57812032,0,27,yes
fy-2026-27-development-book-volume-iii-1104-2111,1104,State Department for Irrigation,1104100600,Community Based Irrigation Projects,1104100611,Banita Rongai Irrigation Project,2630200,Capital Grants to Government Agencies and other Levels of Government,exp,41367280,0,0,0,27,yes
fy-2026-27-development-book-volume-iii-1104-2111,1104,State Department for Irrigation,1104100600,Community Based Irrigation Projects,1104100612,Ruiru Prison Farm Irrigation Project,2630200,Capital Grants to Government Agencies and other Levels of Government,exp,20000000,0,0,0,27,yes
fy-2026-27-development-book-volume-iii-1104-2111,1104,State Department for Irrigation,1104100600,Community Based Irrigation Projects,1104100613,Anyiko Ujwanga Kathieno Irrigation Project,2630200,Capital Grants to Government Agencies and other Levels of Government,exp,20000000,99561317,100000000,52349754,27,yes
fy-2026-27-development-book-volume-iii-1104-2111,1104,State Department for Irrigation,1104100600,Community Based Irrigation Projects,1104100614,Kanyenyaini Irrigation Project,2630200,Capital Grants to Government Agencies and other Levels of Government,exp,8000000,0,0,0,27,yes
fy-2026-27-development-book-volume-iii-1104-2111,1104,State Department for Irrigation,1104100600,Community Based Irrigation Projects,1104100615,Mbugiti irrigation project,2630200,Capital Grants to Government Agencies and other Levels of Government 1630,exp,45000000,85000000,111174666,0,27,yes
fy-2026-27-development-book-volume-iii-1104-2111,1104,State Department for Irrigation,1104100600,Community Based Irrigation Projects,1104100616,Various Waterpans & Small Dams,2630200,Capital Grants to Government Agencies and other Levels of Government,exp,70000000,10460320,86974000,0,28,yes
fy-2026-27-development-book-volume-iii-1104-2111,1104,State Department for Irrigation,1104100600,Community Based Irrigation Projects,1104100617,Nyamaji Irrigation Project,2630200,Capital Grants to Government Agencies and other Levels of Government,exp,30000000,120000000,181505098,0,28,yes
fy-2026-27-development-book-volume-iii-1104-2111,1104,State Department for Irrigation,1104100600,Community Based Irrigation Projects,1104100619,Lari Escarpment Irrigation Project,2630200,Capital Grants to Government Agencies and other Levels of Government,exp,100000000,40000000,387226578,0,28,yes
fy-2026-27-development-book-volume-iii-1104-2111,1104,State Department for Irrigation,1104100600,Community Based Irrigation Projects,1104100620,Amboseli Irrigation Project,2630200,Capital Grants to Government Agencies and other Levels of Government,exp,35000000,110000000,93417947,0,28,yes
fy-2026-27-development-book-volume-iii-1104-2111,1104,State Department for Irrigation,1104100600,Community Based Irrigation Projects,1104100621,Ndura Magogoni Irrigation Project,2630200,Capital Grants to Government Agencies and other Levels of Government,exp,20000000,0,0,0,28,yes
fy-2026-27-development-book-volume-iii-1104-2111,1104,State Department for Irrigation,1104100600,Community Based Irrigation Projects,1104100622,Radat Dam,2630200,Capital Grants to Government Agencies and other Levels of Government,exp,80000000,0,0,0,28,yes
fy-2026-27-development-book-volume-iii-1104-2111,1104,State Department for Irrigation,1104100600,Community Based Irrigation Projects,1104100623,Imbirikani Water Pan,2630200,Capital Grants to Government Agencies and other Levels of Government,exp,25000000,0,0,0,28,yes
fy-2026-27-development-book-volume-iii-1104-2111,1104,State Department for Irrigation,1104100600,Community Based Irrigation Projects,1104100624,Kima Marwa Water Pan,2630200,Capital Grants to Government Agencies and other Levels of Government,exp,25000000,0,0,0,28,yes
fy-2026-27-development-book-volume-iii-1104-2111,1104,State Department for Irrigation,1104100600,Community Based Irrigation Projects,1104100625,Kangonde Kwa Mwangi Water Pan,2630200,Capital Grants to Government Agencies and other Levels of Government,exp,25000000,0,0,0,28,yes
fy-2026-27-development-book-volume-iii-1104-2111,1104,State Department for Irrigation,1104100600,Community Based Irrigation Projects,1104100626,Thokoa Water Pan,2630200,Capital Grants to Government Agencies and other Levels of Government,exp,25000000,0,0,0,28,yes
fy-2026-27-development-book-volume-iii-1104-2111,1104,State Department for Irrigation,1104100600,Community Based Irrigation Projects,1104100627,Itangi Murinduko Water Pan,2630200,Capital Grants to Government Agencies and other Levels of Government,exp,25000000,0,0,0,29,yes
fy-2026-27-development-book-volume-iii-1104-2111,1104,State Department for Irrigation,1104100600,Community Based Irrigation Projects,1104100628,Nkiruni Earth Dam,2630200,Capital Grants to Government Agencies and other Levels of Government,exp,25000000,0,0,0,29,yes
fy-2026-27-development-book-volume-iii-1104-2111,1104,State Department for Irrigation,1104100600,Community Based Irrigation Projects,1104100629,Ng'ombe Nguo Water Pan,2630200,Capital Grants to Government Agencies and other Levels of Government,exp,25000000,0,0,0,29,yes
fy-2026-27-development-book-volume-iii-1104-2111,1104,State Department for Irrigation,1104100600,Community Based Irrigation Projects,1104100630,Kwa Kikonde Water Pan,2630200,Capital Grants to Government Agencies and other Levels of Government,exp,25000000,0,0,0,29,yes
fy-2026-27-development-book-volume-iii-1104-2111,1104,State Department for Irrigation,1104100600,Community Based Irrigation Projects,1104100631,Lempalakai Water Pan,2630200,Capital Grants to Government Agencies and other Levels of Government,exp,25000000,0,0,0,29,yes
fy-2026-27-development-book-volume-iii-1104-2111,1104,State Department for Irrigation,1104100600,Community Based Irrigation Projects,1104100632,Iria ria Mbogo Earth Dam,2630200,Capital Grants to Government Agencies and other Levels of Government,exp,25000000,0,0,0,29,yes
fy-2026-27-development-book-volume-iii-1104-2111,1104,State Department for Irrigation,1104100600,Community Based Irrigation Projects,1104100633,Chepareria Water Pan,2630200,Capital Grants to Government Agencies and other Levels of Government,exp,25000000,0,0,0,29,yes
fy-2026-27-development-book-volume-iii-1104-2111,1104,State Department for Irrigation,1104100600,Community Based Irrigation Projects,1104100634,Munyula Water Pan,2630200,Capital Grants to Government Agencies and other Levels of Government,exp,25000000,0,0,0,29,yes
fy-2026-27-development-book-volume-iii-1104-2111,1104,State Department for Irrigation,1104100600,Community Based Irrigation Projects,1104100635,Loolarashi Water Pan,2630200,Capital Grants to Government Agencies and other Levels of Government,exp,25000000,0,0,0,29,yes
fy-2026-27-development-book-volume-iii-1104-2111,1104,State Department for Irrigation,1104100600,Community Based Irrigation Projects,1104100636,Oledepe Water Pan,2630200,Capital Grants to Government Agencies and other Levels of Government,exp,25000000,0,0,0,29,yes
fy-2026-27-development-book-volume-iii-1104-2111,1104,State Department for Irrigation,1104100600,Community Based Irrigation Projects,1104100637,Embarbal Water Pan,2630200,Capital Grants to Government Agencies and other Levels of Government 1632,exp,25000000,0,0,0,29,yes
fy-2026-27-development-book-volume-iii-1104-2111,1104,State Department for Irrigation,1104100600,Community Based Irrigation Projects,1104100638,Igoti Murega Irrigation,2630200,Capital Grants to Government Agencies and other Levels of Government,exp,125000000,62982000,0,0,30,yes
fy-2026-27-development-book-volume-iii-1104-2111,1104,State Department for Irrigation,1104100600,Community Based Irrigation Projects,1104100639,Tangai Iviani Earth Dam,2630200,Capital Grants to Government Agencies and other Levels of Government,exp,20000000,0,0,0,30,yes
fy-2026-27-development-book-volume-iii-1104-2111,1104,State Department for Irrigation,1104100600,Community Based Irrigation Projects,1104100640,Kobos Irrigation Waterpan,2630200,Capital Grants to Government Agencies and other Levels of Government,exp,9524810,0,0,0,30,yes
fy-2026-27-development-book-volume-iii-1104-2111,1104,State Department for Irrigation,1104100600,Community Based Irrigation Projects,1104100641,Bahati Girls Borehole Irrigation Project,2630200,Capital Grants to Government Agencies and other Levels of Government,exp,25000000,0,0,0,30,yes
fy-2026-27-development-book-volume-iii-1104-2111,1104,State Department for Irrigation,1104100600,Community Based Irrigation Projects,1104100642,Ngong Township Primary School Borehole Irrigation Project,2630200,Capital Grants to Government Agencies and other Levels of Government,exp,25000000,0,0,0,30,yes
fy-2026-27-development-book-volume-iii-1104-2111,1104,State Department for Irrigation,1104100600,Community Based Irrigation Projects,1104100643,Tseikuru National Polytechnic Irrigation Project,2630200,Capital Grants to Government Agencies and other Levels of Government,exp,29600700,0,0,0,30,yes
fy-2026-27-development-book-volume-iii-1104-2111,1104,State Department for Irrigation,1104100600,Community Based Irrigation Projects,1104100644,Rehabilitation Emboruto Earthdam Community Irrigation Project,2630200,Capital Grants to Government Agencies and other Levels of Government,exp,17128000,0,0,0,30,yes
fy-2026-27-development-book-volume-iii-1104-2111,1104,State Department for Irrigation,1104100600,Community Based Irrigation Projects,1104100645,Kuriti Community Irrigation Project,2630200,Capital Grants to Government Agencies and other Levels of Government,exp,29986250,0,0,0,30,yes
fy-2026-27-development-book-volume-iii-1104-2111,1104,State Department for Irrigation,1104100600,Community Based Irrigation Projects,1104100646,Turguda Irrigation Water Project,2630200,Capital Grants to Government Agencies and other Levels of Government,exp,29890850,0,0,0,30,yes
fy-2026-27-development-book-volume-iii-1104-2111,1104,State Department for Irrigation,1104100600,Community Based Irrigation Projects,1104100647,Kerarapon Community Irrigation Project,2630200,Capital Grants to Government Agencies and other Levels of Government,exp,25276720,0,0,0,30,yes
fy-2026-27-development-book-volume-iii-1104-2111,1104,State Department for Irrigation,1104100600,Community Based Irrigation Projects,1104100648,Siriwo Rice Mills Borehole Community,2630200,Capital Grants to Government Agencies and other Levels of Government,exp,24962420,0,0,0,31,yes
fy-2026-27-development-book-volume-iii-1104-2111,1104,State Department for Irrigation,1104100600,Community Based Irrigation Projects,1104100649,Kabutu Kimera Irrigation Project,2630200,Capital Grants to Government Agencies and other Levels of Government,exp,20000000,103720721,300000000,60000000,31,yes
fy-2026-27-development-book-volume-iii-1104-2111,1104,State Department for Irrigation,1104100600,Community Based Irrigation Projects,1104100650,Kwakatoni Waterpan Project,2630200,Capital Grants to Government Agencies and other Levels of Government,exp,15874359,0,0,0,31,yes
fy-2026-27-development-book-volume-iii-1104-2111,1104,State Department for Irrigation,1104100600,Community Based Irrigation Projects,1104100651,Maranyona Primary School Irrigation Project,2630200,Capital Grants to Government Agencies and other Levels of Government,exp,13621700,0,0,0,31,yes
fy-2026-27-development-book-volume-iii-1104-2111,1104,State Department for Irrigation,1104100600,Community Based Irrigation Projects,1104100652,Subego Irrigation Project,2630200,Capital Grants to Government Agencies and other Levels of Government,exp,20000000,120000000,200000000,90000000,31,yes
fy-2026-27-development-book-volume-iii-1104-2111,1104,State Department for Irrigation,1104100600,Community Based Irrigation Projects,1104100653,Wangi Kanuna Irrigation Project,2630200,Capital Grants to Government Agencies and other Levels of Government,exp,25564271,0,0,0,31,yes
fy-2026-27-development-book-volume-iii-1104-2111,1104,State Department for Irrigation,1104100600,Community Based Irrigation Projects,1104100654,Olopito Irrigation Project,2630200,Capital Grants to Government Agencies and other Levels of Government,exp,15885194,0,0,0,31,yes
fy-2026-27-development-book-volume-iii-1104-2111,1104,State Department for Irrigation,1104100600,Community Based Irrigation Projects,1104100655,Wehir Water Pan,2630200,Capital Grants to Government Agencies and other Levels of Government,exp,10000000,4600000,0,0,31,yes
fy-2026-27-development-book-volume-iii-1104-2111,1104,State Department for Irrigation,1104100600,Community Based Irrigation Projects,1104100656,Feragele Water Pan,2630200,Capital Grants to Government Agencies and other Levels of Government,exp,10000000,7700000,0,0,31,yes
fy-2026-27-development-book-volume-iii-1104-2111,1104,State Department for Irrigation,1104100600,Community Based Irrigation Projects,1104100657,Hajilo Borehole,2630200,Capital Grants to Government Agencies and other Levels of Government,exp,10000000,7700000,0,0,31,yes
fy-2026-27-development-book-volume-iii-1104-2111,1104,State Department for Irrigation,1104100600,Community Based Irrigation Projects,1104100658,Lagdima Water Pan,2630200,Capital Grants to Government Agencies and other Levels of Government 1634,exp,10000000,7700000,0,0,31,yes
fy-2026-27-development-book-volume-iii-1104-2111,1104,State Department for Irrigation,1104100600,Community Based Irrigation Projects,1104100659,Gobogola Water Pan,2630200,Capital Grants to Government Agencies and other Levels of Government,exp,10000000,7700000,0,0,32,yes
fy-2026-27-development-book-volume-iii-1104-2111,1104,State Department for Irrigation,1104100600,Community Based Irrigation Projects,1104100660,Kubdishan Water Pan,2630200,Capital Grants to Government Agencies and other Levels of Government,exp,10000000,0,0,0,32,yes
fy-2026-27-development-book-volume-iii-1104-2111,1104,State Department for Irrigation,1104100600,Community Based Irrigation Projects,1104100661,Teso Rhamu Water Pan,2630200,Capital Grants to Government Agencies and other Levels of Government,exp,10000000,0,0,0,32,yes
fy-2026-27-development-book-volume-iii-1104-2111,1104,State Department for Irrigation,1104100600,Community Based Irrigation Projects,1104100668,Subuku Waterpan,2630200,Capital Grants to Government Agencies and other Levels of Government,exp,0,30000000,0,0,32,yes
fy-2026-27-development-book-volume-iii-1104-2111,1104,State Department for Irrigation,1104100700,Galana Kulalu Irrigation development project,1104100701,Galana Kulalu Irrigation development project (10,2630200,Capital Grants to Government Agencies and other Levels of Government,exp,123636952,0,0,0,32,yes
fy-2026-27-development-book-volume-iii-1104-2111,1104,State Department for Irrigation,1104100800,National expanded irrigation Programme,1104100801,National expanded irrigation Programme,2630200,Capital Grants to Government Agencies and other Levels of Government,exp,790557,0,0,0,32,yes
fy-2026-27-development-book-volume-iii-1104-2111,1104,State Department for Irrigation,1104100800,National expanded irrigation Programme,1104100814,Kithumbu,2630200,Capital Grants to Government Agencies and other Levels of Government,exp,2000000,0,0,0,32,yes
fy-2026-27-development-book-volume-iii-1104-2111,1104,State Department for Irrigation,1104100800,National expanded irrigation Programme,1104100825,Itabua Muthatari,2630200,Capital Grants to Government Agencies and other Levels of Government,exp,46555797,16935483,100000000,40000000,32,yes
fy-2026-27-development-book-volume-iii-1104-2111,1104,State Department for Irrigation,1104100800,National expanded irrigation Programme,1104100826,Kiamboka,2630200,Capital Grants to Government Agencies and other Levels of Government,exp,9000000,3498803,633116,0,33,yes
fy-2026-27-development-book-volume-iii-1104-2111,1104,State Department for Irrigation,1104100800,National expanded irrigation Programme,1104100827,Nithi Kari,2630200,Capital Grants to Government Agencies and other Levels of Government,exp,15315191,29987759,5426356,0,33,yes
fy-2026-27-development-book-volume-iii-1104-2111,1104,State Department for Irrigation,1104100800,National expanded irrigation Programme,1104100840,Kahithe Gitiri,2630200,Capital Grants to Government Agencies and other Levels of Government,exp,0,7623816,0,0,33,yes
fy-2026-27-development-book-volume-iii-1104-2111,1104,State Department for Irrigation,1104100800,National expanded irrigation Programme,1104100844,Kibaratani,2630200,Capital Grants to Government Agencies and other Levels of Government,exp,9000000,0,0,0,33,yes
fy-2026-27-development-book-volume-iii-1104-2111,1104,State Department for Irrigation,1104100800,National expanded irrigation Programme,1104100845,Gakaki,2630200,Capital Grants to Government Agencies and other Levels of Government,exp,5000000,2540322,459677,0,33,yes
fy-2026-27-development-book-volume-iii-1104-2111,1104,State Department for Irrigation,1104100800,National expanded irrigation Programme,1104100847,Mukui Uri Mbugi,2630200,Capital Grants to Government Agencies and other Levels of Government,exp,0,8467741,25000000,25000000,33,yes
fy-2026-27-development-book-volume-iii-1104-2111,1104,State Department for Irrigation,1104100800,National expanded irrigation Programme,1104100849,Baitigitu Rubiri,2630200,Capital Grants to Government Agencies and other Levels of Government,exp,10000000,0,0,0,33,yes
fy-2026-27-development-book-volume-iii-1104-2111,1104,State Department for Irrigation,1104100800,National expanded irrigation Programme,1104100850,Kamburu Mbeu,2630200,Capital Grants to Government Agencies and other Levels of Government,exp,10748020,29448501,5328776,0,33,yes
fy-2026-27-development-book-volume-iii-1104-2111,1104,State Department for Irrigation,1104100800,National expanded irrigation Programme,1104100853,Mukurwe wa Nyangathanga Irrigation Project,2630200,Capital Grants to Government Agencies and other Levels of Government,exp,4709300,12701612,200000000,50000000,33,yes
fy-2026-27-development-book-volume-iii-1104-2111,1104,State Department for Irrigation,1104100800,National expanded irrigation Programme,1104100857,Rombo Clusters Irrigation Project,2630200,Capital Grants to Government Agencies and other Levels of Government,exp,0,10000000,15000000,10000000,33,yes
fy-2026-27-development-book-volume-iii-1104-2111,1104,State Department for Irrigation,1104100800,National expanded irrigation Programme,1104100858,Desilting Of River Lumi And Murabani Irrigation Project Lot 3,2630200,Capital Grants to Government Agencies and other Levels of Government 1636,exp,977850,16787052,3037657,0,33,yes
fy-2026-27-development-book-volume-iii-1104-2111,1104,State Department for Irrigation,1104100800,National expanded irrigation Programme,1104100861,Rutunguru borehole,2630200,Capital Grants to Government Agencies and other Levels of Government,exp,3000000,0,0,0,34,yes
fy-2026-27-development-book-volume-iii-1104-2111,1104,State Department for Irrigation,1104100800,National expanded irrigation Programme,1104100880,Wangai Secondary schoo1 borehole,2630200,Capital Grants to Government Agencies and other Levels of Government,exp,494000,11854838,2145161,0,34,yes
fy-2026-27-development-book-volume-iii-1104-2111,1104,State Department for Irrigation,1104100800,National expanded irrigation Programme,1104100883,Chepsamo irrigation water project,2630200,Capital Grants to Government Agencies and other Levels of Government,exp,5000000,0,0,0,34,yes
fy-2026-27-development-book-volume-iii-1104-2111,1104,State Department for Irrigation,1104100800,National expanded irrigation Programme,1104100884,Kiawambogo irrigation development project,2630200,Capital Grants to Government Agencies and other Levels of Government,exp,14514981,10000000,20000000,30000000,34,yes
fy-2026-27-development-book-volume-iii-1104-2111,1104,State Department for Irrigation,1104100800,National expanded irrigation Programme,1104100885,Kanyuambora,2630200,Capital Grants to Government Agencies and other Levels of Government,exp,10278881,29637096,100000000,98000000,34,yes
fy-2026-27-development-book-volume-iii-1104-2111,1104,State Department for Irrigation,1104100800,National expanded irrigation Programme,1104100886,Iriari,2630200,Capital Grants to Government Agencies and other Levels of Government,exp,10000000,25403225,32180061,0,34,yes
fy-2026-27-development-book-volume-iii-1104-2111,1104,State Department for Irrigation,1104100800,National expanded irrigation Programme,1104100888,chepchobit irrigation project,2630200,Capital Grants to Government Agencies and other Levels of Government,exp,43000000,13503235,36186222,0,34,yes
fy-2026-27-development-book-volume-iii-1104-2111,1104,State Department for Irrigation,1104100800,National expanded irrigation Programme,1104100895,Bangale borehole,2630200,Capital Grants to Government Agencies and other Levels of Government,exp,5000000,0,0,0,34,yes
fy-2026-27-development-book-volume-iii-1104-2111,1104,State Department for Irrigation,1104100800,National expanded irrigation Programme,1104100898,"Namelok Irrigation project, Kajiado",2630200,Capital Grants to Government Agencies and other Levels of Government,exp,0,10000000,30000000,25000000,34,yes
fy-2026-27-development-book-volume-iii-1104-2111,1104,State Department for Irrigation,1104100900,Mwea Irrigation Development project (Thiba Dam and Irrigation Area),1104100901,Mwea Irrigation Development project (Thiba Dam and Irrigation Area),2630200,Capital Grants to Government Agencies and other Levels of Government,exp,220000000,400000000,456000000,216000000,35,yes
fy-2026-27-development-book-volume-iii-1104-2111,1104,State Department for Irrigation,1104100900,Mwea Irrigation Development project (Thiba Dam and Irrigation Area),1104100901,Mwea Irrigation Development project (Thiba Dam and Irrigation Area),5120200,Foreign Borrowing - Direct Payments,aia,70000000,0,0,0,35,yes
fy-2026-27-development-book-volume-iii-1104-2111,1104,State Department for Irrigation,1104101000,Rwabura Irrigation Development Project,1104101001,Rwabura Irrigation Development Project,2630200,Capital Grants to Government Agencies and other Levels of Government,exp,100000000,33000000,0,0,35,yes
fy-2026-27-development-book-volume-iii-1104-2111,1104,State Department for Irrigation,1104101000,Rwabura Irrigation Development Project,1104101001,Rwabura Irrigation Development Project,5120200,Foreign Borrowing - Direct Payments,aia,100000000,0,0,0,35,yes
fy-2026-27-development-book-volume-iii-1104-2111,1104,State Department for Irrigation,1104101300,Turkana Irrigation Development Project,1104101301,Turkana Irrigation Development Project,2630200,Capital Grants to Government Agencies and other Levels of Government,exp,80000000,80000000,125000000,182000000,35,yes
fy-2026-27-development-book-volume-iii-1104-2111,1104,State Department for Irrigation,1104101500,Lower Kuja Irrigation Scheme,1104101501,Lower Kuja Irrigation Scheme,2630200,Capital Grants to Government Agencies and other Levels of Government,exp,80000000,120000000,187000000,273000000,35,yes
fy-2026-27-development-book-volume-iii-1104-2111,1104,State Department for Irrigation,1104101900,Micro Irrigation Programme for Schools,1104101901,Micro Irrigation Programme for Schools,2630200,Capital Grants to Government Agencies and other Levels of Government,exp,80000000,10400000,0,0,35,yes
fy-2026-27-development-book-volume-iii-1104-2111,1104,State Department for Irrigation,1104101900,Micro Irrigation Programme for Schools,1104101902,Kuno Primary School Irrigation Project,2630200,Capital Grants to Government Agencies and other Levels of Government 1638,exp,715000,0,0,0,35,yes
fy-2026-27-development-book-volume-iii-1104-2111,1104,State Department for Irrigation,1104101900,Micro Irrigation Programme for Schools,1104101903,Malkadaka Primary School Irrigation Project,2630200,Capital Grants to Government Agencies and other Levels of Government,exp,4696550,0,0,0,36,yes
fy-2026-27-development-book-volume-iii-1104-2111,1104,State Department for Irrigation,1104101900,Micro Irrigation Programme for Schools,1104101904,Friends School Secondary Irrigation Project,2630200,Capital Grants to Government Agencies and other Levels of Government,exp,10800000,0,0,0,36,yes
fy-2026-27-development-book-volume-iii-1104-2111,1104,State Department for Irrigation,1104101900,Micro Irrigation Programme for Schools,1104101905,Masinde Muliro Irrigation Project,2630200,Capital Grants to Government Agencies and other Levels of Government,exp,11020500,0,0,0,36,yes
fy-2026-27-development-book-volume-iii-1104-2111,1104,State Department for Irrigation,1104101900,Micro Irrigation Programme for Schools,1104101906,Olloltepes Primary Irrigation Project,2630200,Capital Grants to Government Agencies and other Levels of Government,exp,4949000,0,0,0,36,yes
fy-2026-27-development-book-volume-iii-1104-2111,1104,State Department for Irrigation,1104101900,Micro Irrigation Programme for Schools,1104101907,Soipan Primary School Irrigation Project,2630200,Capital Grants to Government Agencies and other Levels of Government,exp,5032956,3000000,0,0,36,yes
fy-2026-27-development-book-volume-iii-1104-2111,1104,State Department for Irrigation,1104101900,Micro Irrigation Programme for Schools,1104101908,Raongo Primary School Irrigation Project,2630200,Capital Grants to Government Agencies and other Levels of Government,exp,16998500,0,0,0,36,yes
fy-2026-27-development-book-volume-iii-1104-2111,1104,State Department for Irrigation,1104101900,Micro Irrigation Programme for Schools,1104101909,Bulbul Secondary School Irrigation Project,2630200,Capital Grants to Government Agencies and other Levels of Government,exp,12000000,2000000,0,0,36,yes
fy-2026-27-development-book-volume-iii-1104-2111,1104,State Department for Irrigation,1104101900,Micro Irrigation Programme for Schools,1104101911,Mwerene Primary School Irrigation Project,2630200,Capital Grants to Government Agencies and other Levels of Government,exp,14971650,14971650,0,0,36,yes
fy-2026-27-development-book-volume-iii-1104-2111,1104,State Department for Irrigation,1104101900,Micro Irrigation Programme for Schools,1104101912,Oloserian Primary School Irrigation Project,2630200,Capital Grants to Government Agencies and other Levels of Government,exp,16199900,6000000,0,0,36,yes
fy-2026-27-development-book-volume-iii-1104-2111,1104,State Department for Irrigation,1104101900,Micro Irrigation Programme for Schools,1104101913,Kapkoi Primary School Irrigation Project,2630200,Capital Grants to Government Agencies and other Levels of Government,exp,14724100,0,0,0,36,yes
fy-2026-27-development-book-volume-iii-1104-2111,1104,State Department for Irrigation,1104101900,Micro Irrigation Programme for Schools,1104101914,St. Monica Secondary School Irrigation Project,2630200,Capital Grants to Government Agencies and other Levels of Government,exp,14724100,0,0,0,37,yes
fy-2026-27-development-book-volume-iii-1104-2111,1104,State Department for Irrigation,1104101900,Micro Irrigation Programme for Schools,1104101915,Ennomatasian Secondary School Irrigation Project,2630200,Capital Grants to Government Agencies and other Levels of Government,exp,16535170,0,0,0,37,yes
fy-2026-27-development-book-volume-iii-1104-2111,1104,State Department for Irrigation,1104101900,Micro Irrigation Programme for Schools,1104101916,Thika High School For The Blind Irrigation Project,2630200,Capital Grants to Government Agencies and other Levels of Government,exp,16997850,6997850,0,0,37,yes
fy-2026-27-development-book-volume-iii-1104-2111,1104,State Department for Irrigation,1104101900,Micro Irrigation Programme for Schools,1104101917,Ngeria Girls Secondary School Irrigation Project,2630200,Capital Grants to Government Agencies and other Levels of Government,exp,16500000,6500000,0,0,37,yes
fy-2026-27-development-book-volume-iii-1104-2111,1104,State Department for Irrigation,1104101900,Micro Irrigation Programme for Schools,1104101918,Mureranjau Primary School Irrigation Project,2630200,Capital Grants to Government Agencies and other Levels of Government,exp,16500000,10000000,0,0,37,yes
fy-2026-27-development-book-volume-iii-1104-2111,1104,State Department for Irrigation,1104101900,Micro Irrigation Programme for Schools,1104101919,Muluwa Primary School Irrigation Project,2630200,Capital Grants to Government Agencies and other Levels of Government,exp,12914600,0,0,0,37,yes
fy-2026-27-development-book-volume-iii-1104-2111,1104,State Department for Irrigation,1104101900,Micro Irrigation Programme for Schools,1104101920,Itierio Primary School Irrigation Project,2630200,Capital Grants to Government Agencies and other Levels of Government,exp,12000000,2000000,0,0,37,yes
fy-2026-27-development-book-volume-iii-1104-2111,1104,State Department for Irrigation,1104101900,Micro Irrigation Programme for Schools,1104101921,Kangalu Mixed Secondary School Irrigation Project,2630200,Capital Grants to Government Agencies and other Levels of Government,exp,14031900,2000000,0,0,37,yes
fy-2026-27-development-book-volume-iii-1104-2111,1104,State Department for Irrigation,1104101900,Micro Irrigation Programme for Schools,1104101922,St Paul's Boys High School Gathukiini Irrigation Project,2630200,Capital Grants to Government Agencies and other Levels of Government,exp,14031900,4905100,0,0,37,yes
fy-2026-27-development-book-volume-iii-1104-2111,1104,State Department for Irrigation,1104101900,Micro Irrigation Programme for Schools,1104101923,Ndururi Primary School Irrigation Project,2630200,Capital Grants to Government Agencies and other Levels of Government,exp,16500000,0,0,0,37,yes
fy-2026-27-development-book-volume-iii-1104-2111,1104,State Department for Irrigation,1104101900,Micro Irrigation Programme for Schools,1104101924,Solarization Of Baringo Boreholes,2630200,Capital Grants to Government Agencies and other Levels of Government 1640,exp,25000000,0,0,0,37,yes
fy-2026-27-development-book-volume-iii-1104-2111,1104,State Department for Irrigation,1104101900,Micro Irrigation Programme for Schools,1104101925,Kapkolos Primary School Irrigation Project,2630200,Capital Grants to Government Agencies and other Levels of Government,exp,16900000,5000000,0,0,38,yes
fy-2026-27-development-book-volume-iii-1104-2111,1104,State Department for Irrigation,1104101900,Micro Irrigation Programme for Schools,1104101926,Nkirana Primary School Irrigation Project,2630200,Capital Grants to Government Agencies and other Levels of Government,exp,12500000,12500000,0,0,38,yes
fy-2026-27-development-book-volume-iii-1104-2111,1104,State Department for Irrigation,1104101900,Micro Irrigation Programme for Schools,1104101927,Kinene Primary School Irrigation Project,2630200,Capital Grants to Government Agencies and other Levels of Government,exp,12700000,12700000,0,0,38,yes
fy-2026-27-development-book-volume-iii-1104-2111,1104,State Department for Irrigation,1104101900,Micro Irrigation Programme for Schools,1104101928,Fargadud Primary School Irrigation Project,2630200,Capital Grants to Government Agencies and other Levels of Government,exp,0,6000000,0,0,38,yes
fy-2026-27-development-book-volume-iii-1104-2111,1104,State Department for Irrigation,1104101900,Micro Irrigation Programme for Schools,1104101929,Biliq Primary School Irrigation Project,2630200,Capital Grants to Government Agencies and other Levels of Government,exp,0,6000000,0,0,38,yes
fy-2026-27-development-book-volume-iii-1104-2111,1104,State Department for Irrigation,1104101900,Micro Irrigation Programme for Schools,1104101930,Itumbule Primary School Irrigation Project,2630200,Capital Grants to Government Agencies and other Levels of Government,exp,0,6000000,0,0,38,yes
fy-2026-27-development-book-volume-iii-1104-2111,1104,State Department for Irrigation,1104101900,Micro Irrigation Programme for Schools,1104101931,Bambo Primary School Irrigation Project,2630200,Capital Grants to Government Agencies and other Levels of Government,exp,0,6000000,0,0,38,yes
fy-2026-27-development-book-volume-iii-1104-2111,1104,State Department for Irrigation,1104101900,Micro Irrigation Programme for Schools,1104101932,Rormoch Primary School Irrigation Project,2630200,Capital Grants to Government Agencies and other Levels of Government,exp,0,6000000,0,0,38,yes
fy-2026-27-development-book-volume-iii-1104-2111,1104,State Department for Irrigation,1104101900,Micro Irrigation Programme for Schools,1104101935,Maralal Secondary School Irrigation Project,2630200,Capital Grants to Government Agencies and other Levels of Government,exp,0,6025400,0,0,38,yes
fy-2026-27-development-book-volume-iii-1104-2111,1104,State Department for Irrigation,1104102000,Drought Resilience Program in Northern Kenya,1104102001,Drought Resilience Program in Northern Kenya,2630200,Capital Grants to Government Agencies and other Levels of Government,exp,1789098785,1243000000,1027000000,0,39,yes
fy-2026-27-development-book-volume-iii-1104-2111,1104,State Department for Irrigation,1104102000,Drought Resilience Program in Northern Kenya,1104102001,Drought Resilience Program in Northern Kenya,5120200,Foreign Borrowing - Direct Payments,aia,349000000,64630000,20000000,0,39,yes
fy-2026-27-development-book-volume-iii-1104-2111,1104,State Department for Irrigation,1104102000,Drought Resilience Program in Northern Kenya,1104102001,Drought Resilience Program in Northern Kenya,1310200,Grants from Foreign Governments - Direct Payments,aia,60000000,65400000,30000000,0,39,yes
fy-2026-27-development-book-volume-iii-1104-2111,1104,State Department for Irrigation,1104102500,"Spate Irrigation for Climate Resilience Samburu, Marsabit & Isiolo",1104102501,"Spate Irrigation for Climate Resilience Samburu, Marsabit & Isiolo",2630200,Capital Grants to Government Agencies and other Levels of Government,exp,0,0,150000000,180000000,39,yes
fy-2026-27-development-book-volume-iii-1104-2111,1104,State Department for Irrigation,1104102600,Household Irrigation Water Harvesting Project,1104102611,"Rehabilitation of Chepsamo Dam, Keiyo South Constituency",2630200,Capital Grants to Government Agencies and other Levels of Government,exp,62597000,5000000,10000000,9000000,39,yes
fy-2026-27-development-book-volume-iii-1104-2111,1104,State Department for Irrigation,1104102600,Household Irrigation Water Harvesting Project,1104102616,Chepkuum Irrigation Scheme,2630200,Capital Grants to Government Agencies and other Levels of Government,exp,162000000,0,0,0,39,yes
fy-2026-27-development-book-volume-iii-1104-2111,1104,State Department for Irrigation,1104102600,Household Irrigation Water Harvesting Project,1104102622,Singore - Kapkonga Dam,2630200,Capital Grants to Government Agencies and other Levels of Government,exp,69000000,0,0,0,39,yes
fy-2026-27-development-book-volume-iii-1104-2111,1104,State Department for Irrigation,1104102600,Household Irrigation Water Harvesting Project,1104102624,Household Water Pans in Mbeere South Constituency,2630200,Capital Grants to Government Agencies and other Levels of Government,exp,15000000,5000000,0,0,39,yes
fy-2026-27-development-book-volume-iii-1104-2111,1104,State Department for Irrigation,1104102600,Household Irrigation Water Harvesting Project,1104102641,Payments of ongoing and Complete projects,2630200,Capital Grants to Government Agencies and other Levels of Government,exp,15000000,0,0,0,39,yes
fy-2026-27-development-book-volume-iii-1104-2111,1104,State Department for Irrigation,1104102600,Household Irrigation Water Harvesting Project,1104102644,Mukogondo HH Irrigation Water Storage Project,2630200,Capital Grants to Government Agencies and other Levels of Government,exp,0,5000000,15000000,10000000,39,yes
fy-2026-27-development-book-volume-iii-1104-2111,1104,State Department for Irrigation,1104102700,Water Security and Climate Adaptation in Mandera and Wajir Clusters,1104102701,Water Security and Climate Adaptation in Mandera and Wajir Clusters,2630200,Capital Grants to Government Agencies and other Levels of Government,exp,0,0,150000000,180000000,40,yes
fy-2026-27-development-book-volume-iii-1104-2111,1104,State Department for Irrigation,1104102800,Rehabilitation of strategic water Facilities,1104102801,Rehabilitation of strategic water Facilities,2630200,Capital Grants to Government Agencies and other Levels of Government,exp,270000000,0,0,0,40,yes
fy-2026-27-development-book-volume-iii-1104-2111,1104,State Department for Irrigation,1104102800,Rehabilitation of strategic water Facilities,1104102803,"Bisanhargesa water pan, Tana River",2630200,Capital Grants to Government Agencies and other Levels of Government,exp,0,1000000,10000000,5000000,40,yes
fy-2026-27-development-book-volume-iii-1104-2111,1104,State Department for Irrigation,1104102800,Rehabilitation of strategic water Facilities,1104102806,Simbara water pan,2630200,Capital Grants to Government Agencies and other Levels of Government,exp,0,10000000,20000000,17000000,40,yes
fy-2026-27-development-book-volume-iii-1104-2111,1104,State Department for Irrigation,1104102800,Rehabilitation of strategic water Facilities,1104102807,Nyambogichi water pan,2630200,Capital Grants to Government Agencies and other Levels of Government,exp,0,7317814,10000000,10000000,40,yes
fy-2026-27-development-book-volume-iii-1104-2111,1104,State Department for Irrigation,1104102800,Rehabilitation of strategic water Facilities,1104102808,Mwakirawa water pan,2630200,Capital Grants to Government Agencies and other Levels of Government,exp,0,5950784,0,0,40,yes
fy-2026-27-development-book-volume-iii-1104-2111,1104,State Department for Irrigation,1104102800,Rehabilitation of strategic water Facilities,1104102810,Nyakongo -Waradho Water,2630200,Capital Grants to Government Agencies and other Levels of Government,exp,0,10864000,5000000,0,40,yes
fy-2026-27-development-book-volume-iii-1104-2111,1104,State Department for Irrigation,1104102800,Rehabilitation of strategic water Facilities,1104102811,Pala water pan,2630200,Capital Grants to Government Agencies and other Levels of Government,exp,0,16202402,3695598,0,40,yes
fy-2026-27-development-book-volume-iii-1104-2111,1104,State Department for Irrigation,1104102800,Rehabilitation of strategic water Facilities,1104102815,"Muozi water pan, Suba South",2630200,Capital Grants to Government Agencies and other Levels of Government,exp,10000000,9665000,0,0,41,yes
fy-2026-27-development-book-volume-iii-1104-2111,1104,State Department for Irrigation,1104102800,Rehabilitation of strategic water Facilities,1104102821,Mathabuta water pan,2630200,Capital Grants to Government Agencies and other Levels of Government,exp,0,10000000,10000000,5000000,41,yes
fy-2026-27-development-book-volume-iii-1104-2111,1104,State Department for Irrigation,1104103000,Development of Large Scale Multi-Purpose Dams,1104103001,Development of Large Scale Multi-Purpose Dams,2630200,Capital Grants to Government Agencies and other Levels of Government,exp,190000000,170000000,180000000,193000000,41,yes
fy-2026-27-development-book-volume-iii-1104-2111,1104,State Department for Irrigation,1104103400,Monitoring and Evaluation of Projects,1104103401,Monitoring and Evaluation of Projects,2630200,Capital Grants to Government Agencies and other Levels of Government,exp,80000000,100000000,125000000,182000000,41,yes
fy-2026-27-development-book-volume-iii-1104-2111,1104,State Department for Irrigation,1104103600,NIA Drought Mitigation Projects,1104103653,"Parkeenka Water Pan, Kajiado East Constituency, Kajiado County",2630200,Capital Grants to Government Agencies and other Levels of Government,exp,29895000,0,0,0,41,yes
fy-2026-27-development-book-volume-iii-1104-2111,1104,State Department for Irrigation,1104103600,NIA Drought Mitigation Projects,1104103654,"Olpor Water Pan Project, Narok West Constituency, Narok County",2630200,Capital Grants to Government Agencies and other Levels of Government,exp,25492775,0,0,0,41,yes
fy-2026-27-development-book-volume-iii-1104-2111,1104,State Department for Irrigation,1104103600,NIA Drought Mitigation Projects,1104103655,"Oloyiankalani Earth Dam, Kajiado West Constituency, Kajiado County",2630200,Capital Grants to Government Agencies and other Levels of Government,exp,25328130,0,0,0,41,yes
fy-2026-27-development-book-volume-iii-1104-2111,1104,State Department for Irrigation,1104103600,NIA Drought Mitigation Projects,1104103656,"Nkoisusu Water Pan, Project, Narok South Constituency, Narok",2630200,Capital Grants to Government Agencies and other Levels of Government,exp,25490650,0,0,0,41,yes
fy-2026-27-development-book-volume-iii-1104-2111,1104,State Department for Irrigation,1104103600,NIA Drought Mitigation Projects,1104103657,"Wachuka Water Pan, Project, Kinangop Constituency, Nyandarua",2630200,Capital Grants to Government Agencies and other Levels of Government,exp,25483850,0,0,0,42,yes
fy-2026-27-development-book-volume-iii-1104-2111,1104,State Department for Irrigation,1104103600,NIA Drought Mitigation Projects,1104103658,"Saikeri Earth Dam Project, Kajiado West Constituency, Kajiado",2630200,Capital Grants to Government Agencies and other Levels of Government,exp,25285630,0,0,0,42,yes
fy-2026-27-development-book-volume-iii-1104-2111,1104,State Department for Irrigation,1104103700,Irrigation Sector Reform Programme,1104103701,Irrigation Sector Reform Programme,2630200,Capital Grants to Government Agencies and other Levels of Government,exp,30000000,0,0,0,42,yes
fy-2026-27-development-book-volume-iii-1104-2111,1104,State Department for Irrigation,1104103900,Hola Irrigation Development Project - Phase 2,1104103901,Hola Irrigation Development Project - Phase 2,2630200,Capital Grants to Government Agencies and other Levels of Government,exp,0,0,200000000,250000000,42,yes
fy-2026-27-development-book-volume-iii-1104-2111,1104,State Department for Irrigation,1104104000,Suba cluster Irrigation Development,1104104001,Suba cluster Irrigation Development,2630200,Capital Grants to Government Agencies and other Levels of Government,exp,350000000,235000000,361000000,426000000,42,yes
fy-2026-27-development-book-volume-iii-1104-2111,1104,State Department for Irrigation,1104104100,Lining of Canal - Mwea Irrigation Scheme Projects,1104104101,Lining of Canal - Mwea Irrigation Scheme Projects,2630200,Capital Grants to Government Agencies and other Levels of Government,exp,0,0,250000000,300000000,42,yes
fy-2026-27-development-book-volume-iii-1104-2111,1104,State Department for Irrigation,1104104200,Upgrading of Ahero Irrigation Development Project,1104104201,Upgrading of Ahero Irrigation Development Project,2630200,Capital Grants to Government Agencies and other Levels of Government,exp,300000000,192000000,0,0,43,yes
fy-2026-27-development-book-volume-iii-1104-2111,1104,State Department for Irrigation,1104104200,Upgrading of Ahero Irrigation Development Project,1104104201,Upgrading of Ahero Irrigation Development Project,5120200,Foreign Borrowing - Direct Payments,aia,300000000,117000000,0,0,43,yes
fy-2026-27-development-book-volume-iii-1104-2111,1104,State Department for Irrigation,1104104300,National Irrigation Authority Irrigation Projects,1104104302,Desilting & Expansion of Kimuri Dam (Kapsaret),2630200,Capital Grants to Government Agencies and other Levels of Government,exp,22247114,5000000,30000000,1604540,43,yes
fy-2026-27-development-book-volume-iii-1104-2111,1104,State Department for Irrigation,1104104300,National Irrigation Authority Irrigation Projects,1104104306,"Desilting, Rehabilitation & Expansion of Ziwa 2 Dam",2630200,Capital Grants to Government Agencies and other Levels of Government,exp,105306298,5000000,10000000,10306297,43,yes
fy-2026-27-development-book-volume-iii-1104-2111,1104,State Department for Irrigation,1104104300,National Irrigation Authority Irrigation Projects,1104104307,Excavation & Construction of Chelelek Dam,2630200,Capital Grants to Government Agencies and other Levels of Government,exp,74261503,0,0,0,43,yes
fy-2026-27-development-book-volume-iii-1104-2111,1104,State Department for Irrigation,1104104300,National Irrigation Authority Irrigation Projects,1104104309,Excavation & construction of Kisonei dam,2630200,Capital Grants to Government Agencies and other Levels of Government,exp,76993761,5000000,30000000,7993761,43,yes
fy-2026-27-development-book-volume-iii-1104-2111,1104,State Department for Irrigation,1104104300,National Irrigation Authority Irrigation Projects,1104104314,Mulwabet Irrigation scheme,2630200,Capital Grants to Government Agencies and other Levels of Government,exp,132220463,0,0,0,43,yes
fy-2026-27-development-book-volume-iii-1104-2111,1104,State Department for Irrigation,1104104300,National Irrigation Authority Irrigation Projects,1104104318,Rehabilitation & Desilting of Kerita dam,2630200,Capital Grants to Government Agencies and other Levels of Government,exp,27631489,0,0,0,43,yes
fy-2026-27-development-book-volume-iii-1104-2111,1104,State Department for Irrigation,1104104300,National Irrigation Authority Irrigation Projects,1104104319,Sugutek dam (Chepkanga),2630200,Capital Grants to Government Agencies and other Levels of Government,exp,19072080,0,0,0,43,yes
fy-2026-27-development-book-volume-iii-1104-2111,1104,State Department for Irrigation,1104104300,National Irrigation Authority Irrigation Projects,1104104321,Ketut Mokoro Irrigation Scheme,2630200,Capital Grants to Government Agencies and other Levels of Government,exp,150000000,50000000,10000000,10000000,44,yes
fy-2026-27-development-book-volume-iii-1104-2111,1104,State Department for Irrigation,1104104300,National Irrigation Authority Irrigation Projects,1104104322,Adich Gorge Dam,2630200,Capital Grants to Government Agencies and other Levels of Government,exp,30000000,60000000,72125804,0,44,yes
fy-2026-27-development-book-volume-iii-1104-2111,1104,State Department for Irrigation,1104104300,National Irrigation Authority Irrigation Projects,1104104323,Tirwane -Tirone Dam,2630200,Capital Grants to Government Agencies and other Levels of Government,exp,247837836,10000000,200000000,171837836,44,yes
fy-2026-27-development-book-volume-iii-1104-2111,1104,State Department for Irrigation,1104104300,National Irrigation Authority Irrigation Projects,1104104324,Karona Dam,2630200,Capital Grants to Government Agencies and other Levels of Government,exp,150000000,5000000,100000000,39000000,44,yes
fy-2026-27-development-book-volume-iii-1104-2111,1104,State Department for Irrigation,1104104300,National Irrigation Authority Irrigation Projects,1104104325,Cheminya Dam,2630200,Capital Grants to Government Agencies and other Levels of Government,exp,16000000,5000000,34000000,30000000,44,yes
fy-2026-27-development-book-volume-iii-1104-2111,1104,State Department for Irrigation,1104104300,National Irrigation Authority Irrigation Projects,1104104326,Rehabilitation of Kivido dam water Pan,2630200,Capital Grants to Government Agencies and other Levels of Government,exp,30000000,0,0,0,44,yes
fy-2026-27-development-book-volume-iii-1104-2111,1104,State Department for Irrigation,1104104300,National Irrigation Authority Irrigation Projects,1104104327,Bura crush borehole and piping,2630200,Capital Grants to Government Agencies and other Levels of Government,exp,10000000,0,0,0,44,yes
fy-2026-27-development-book-volume-iii-1104-2111,1104,State Department for Irrigation,1104104300,National Irrigation Authority Irrigation Projects,1104104328,Sheli Water Project Borehole and Piping,2630200,Capital Grants to Government Agencies and other Levels of Government,exp,10000000,0,0,0,44,yes
fy-2026-27-development-book-volume-iii-1104-2111,1104,State Department for Irrigation,1104104300,National Irrigation Authority Irrigation Projects,1104104329,Galma Water projects Borehole and Piping,2630200,Capital Grants to Government Agencies and other Levels of Government,exp,10000000,0,0,0,44,yes
fy-2026-27-development-book-volume-iii-1104-2111,1104,State Department for Irrigation,1104104300,National Irrigation Authority Irrigation Projects,1104104330,Drilling and Equipping of ng'ata Ronkai borehole,2630200,Capital Grants to Government Agencies and other Levels of Government,exp,10000000,705000,0,0,44,yes
fy-2026-27-development-book-volume-iii-1104-2111,1104,State Department for Irrigation,1104104300,National Irrigation Authority Irrigation Projects,1104104331,Drilling and Equipping of Nomotio borehole,2630200,Capital Grants to Government Agencies and other Levels of Government,exp,10000000,0,0,0,44,yes
fy-2026-27-development-book-volume-iii-1104-2111,1104,State Department for Irrigation,1104104300,National Irrigation Authority Irrigation Projects,1104104332,Segera Water Pan,2630200,Capital Grants to Government Agencies and other Levels of Government,exp,15000000,9989000,0,0,45,yes
fy-2026-27-development-book-volume-iii-1104-2111,1104,State Department for Irrigation,1104104300,National Irrigation Authority Irrigation Projects,1104104333,Kairigire Water Pan,2630200,Capital Grants to Government Agencies and other Levels of Government,exp,15000000,5000000,0,0,45,yes
fy-2026-27-development-book-volume-iii-1104-2111,1104,State Department for Irrigation,1104104300,National Irrigation Authority Irrigation Projects,1104104334,Kokua Mwaroko Borehole,2630200,Capital Grants to Government Agencies and other Levels of Government,exp,10000000,0,0,0,45,yes
fy-2026-27-development-book-volume-iii-1104-2111,1104,State Department for Irrigation,1104104300,National Irrigation Authority Irrigation Projects,1104104335,Ngelenyi Dam Water Project,2630200,Capital Grants to Government Agencies and other Levels of Government,exp,20000000,0,0,0,45,yes
fy-2026-27-development-book-volume-iii-1104-2111,1104,State Department for Irrigation,1104104300,National Irrigation Authority Irrigation Projects,1104104336,Drilling and Equipping Gathanje Ihigaini Community Borehole,2630200,Capital Grants to Government Agencies and other Levels of Government,exp,10000000,0,0,0,45,yes
fy-2026-27-development-book-volume-iii-1104-2111,1104,State Department for Irrigation,1104104300,National Irrigation Authority Irrigation Projects,1104104337,Drilling and Equipping of Kianjata Njunu Community Borehole,2630200,Capital Grants to Government Agencies and other Levels of Government,exp,10000000,0,0,0,45,yes
fy-2026-27-development-book-volume-iii-1104-2111,1104,State Department for Irrigation,1104104300,National Irrigation Authority Irrigation Projects,1104104338,Barchando Community Water Pan,2630200,Capital Grants to Government Agencies and other Levels of Government,exp,10000000,0,0,0,45,yes
fy-2026-27-development-book-volume-iii-1104-2111,1104,State Department for Irrigation,1104104300,National Irrigation Authority Irrigation Projects,1104104339,Sakwa North Community Water Pan,2630200,Capital Grants to Government Agencies and other Levels of Government,exp,10000000,0,0,0,45,yes
fy-2026-27-development-book-volume-iii-1104-2111,1104,State Department for Irrigation,1104104300,National Irrigation Authority Irrigation Projects,1104104340,Nyamonge Community Water Pan,2630200,Capital Grants to Government Agencies and other Levels of Government,exp,10000000,0,0,0,45,yes
fy-2026-27-development-book-volume-iii-1104-2111,1104,State Department for Irrigation,1104104300,National Irrigation Authority Irrigation Projects,1104104341,Orote Water Pan,2630200,Capital Grants to Government Agencies and other Levels of Government,exp,20000000,13446415,1553585,0,45,yes
fy-2026-27-development-book-volume-iii-1104-2111,1104,State Department for Irrigation,1104104300,National Irrigation Authority Irrigation Projects,1104104342,Kwa Ngunga Earth Dam,2630200,Capital Grants to Government Agencies and other Levels of Government,exp,20000000,0,0,0,46,yes
fy-2026-27-development-book-volume-iii-1104-2111,1104,State Department for Irrigation,1104104300,National Irrigation Authority Irrigation Projects,1104104344,Butula Dam,2630200,Capital Grants to Government Agencies and other Levels of Government,exp,10000000,0,0,0,46,yes
fy-2026-27-development-book-volume-iii-1104-2111,1104,State Department for Irrigation,1104104300,National Irrigation Authority Irrigation Projects,1104104345,Banisa Dam,2630200,Capital Grants to Government Agencies and other Levels of Government,exp,20000000,0,0,0,46,yes
fy-2026-27-development-book-volume-iii-1104-2111,1104,State Department for Irrigation,1104104300,National Irrigation Authority Irrigation Projects,1104104348,Alu Irrigation Project,2630200,Capital Grants to Government Agencies and other Levels of Government,exp,10000000,0,0,0,46,yes
fy-2026-27-development-book-volume-iii-1104-2111,1104,State Department for Irrigation,1104104300,National Irrigation Authority Irrigation Projects,1104104349,Nolkera Irrigation Project,2630200,Capital Grants to Government Agencies and other Levels of Government,exp,10000000,0,0,0,46,yes
fy-2026-27-development-book-volume-iii-1104-2111,1104,State Department for Irrigation,1104104300,National Irrigation Authority Irrigation Projects,1104104350,Sirata Irrigation Project,2630200,Capital Grants to Government Agencies and other Levels of Government,exp,10000000,0,0,0,46,yes
fy-2026-27-development-book-volume-iii-1104-2111,1104,State Department for Irrigation,1104104300,National Irrigation Authority Irrigation Projects,1104104351,Chepsokom Dam,2630200,Capital Grants to Government Agencies and other Levels of Government,exp,35596990,859585,0,0,46,yes
fy-2026-27-development-book-volume-iii-1104-2111,1104,State Department for Irrigation,1104104500,Balich - Abdisamet Irrigation Project,1104104501,Balich - Abdisamet Irrigation Project,2630200,Capital Grants to Government Agencies and other Levels of Government,exp,100000000,70000000,141000000,0,46,yes
fy-2026-27-development-book-volume-iii-1104-2111,1104,State Department for Irrigation,1104104600,Land Reclamation for Climate Resilience & Livelihood Enhancement,1104104601,Land Reclamation for Climate Resilience & Livelihood Enhancement,2630200,Capital Grants to Government Agencies and other Levels of Government,exp,90000000,90000000,80000000,70000000,46,yes
fy-2026-27-development-book-volume-iii-1104-2111,1104,State Department for Irrigation,1104104700,Enhanced Water Productivity & Sustainable Irrigation Schemes,1104104701,Enhanced Water Productivity & Sustainable Irrigation Schemes,2630200,Capital Grants to Government Agencies and other Levels of Government,exp,40000000,50000000,78000000,114000000,47,yes
fy-2026-27-development-book-volume-iii-1104-2111,1104,State Department for Irrigation,1104118000,National Expanded Irrigation Programme II,1104118001,Rehabilitation of Ndemu Earth Dam -Kapseret,2630200,Capital Grants to Government Agencies and other Levels of Government,exp,100000000,10000000,20000000,26000000,47,yes
fy-2026-27-development-book-volume-iii-1104-2111,1104,State Department for Irrigation,1104118000,National Expanded Irrigation Programme II,1104118002,Rehabilitation and Expansion of Kapkong Earth Dam -Turbo,2630200,Capital Grants to Government Agencies and other Levels of Government,exp,20000000,0,0,0,47,yes
fy-2026-27-development-book-volume-iii-1104-2111,1104,State Department for Irrigation,1104118000,National Expanded Irrigation Programme II,1104118003,Rehabilitation and Expansion of Korongoi Earth Dam -Ainabkoi,2630200,Capital Grants to Government Agencies and other Levels of Government,exp,200000000,15727890,100003217,45000000,47,yes
fy-2026-27-development-book-volume-iii-1104-2111,1104,State Department for Irrigation,1104118000,National Expanded Irrigation Programme II,1104118004,Rehabilitation works for Oldonyiro Irrigation project,2630200,Capital Grants to Government Agencies and other Levels of Government,exp,34600000,0,0,0,47,yes
fy-2026-27-development-book-volume-iii-1104-2111,1104,State Department for Irrigation,1104118000,National Expanded Irrigation Programme II,1104118005,"Rehabilitation works for Mirichu Murika , Phase 4",2630200,Capital Grants to Government Agencies and other Levels of Government,exp,38250000,0,0,0,47,yes
fy-2026-27-development-book-volume-iii-1104-2111,1104,State Department for Irrigation,1104118000,National Expanded Irrigation Programme II,1104118006,Kieni Gathungu Irrigation Project,2630200,Capital Grants to Government Agencies and other Levels of Government,exp,20000000,0,0,0,47,yes
fy-2026-27-development-book-volume-iii-1104-2111,1104,State Department for Irrigation,1104118000,National Expanded Irrigation Programme II,1104118007,Rumanthi Irrigation Project,2630200,Capital Grants to Government Agencies and other Levels of Government,exp,20000000,8628507,1561349,0,47,yes
fy-2026-27-development-book-volume-iii-1104-2111,1104,State Department for Irrigation,1104118000,National Expanded Irrigation Programme II,1104118010,Kaptamuwa Irrigation Project Tinderet Nandi County; Tambul,2630200,Capital Grants to Government Agencies and other Levels of Government,exp,22846091,8467741,10000000,5000000,48,yes
fy-2026-27-development-book-volume-iii-1104-2111,1104,State Department for Irrigation,1104118000,National Expanded Irrigation Programme II,1104118011,Itabua Muthatari Irrigation Project,2630200,Capital Grants to Government Agencies and other Levels of Government,exp,30000000,0,0,0,48,yes
fy-2026-27-development-book-volume-iii-1104-2111,1104,State Department for Irrigation,1104118000,National Expanded Irrigation Programme II,1104118013,Nithi Kari Irrigation Project,2630200,Capital Grants to Government Agencies and other Levels of Government,exp,20000000,0,0,0,48,yes
fy-2026-27-development-book-volume-iii-1104-2111,1104,State Department for Irrigation,1104118000,National Expanded Irrigation Programme II,1104118014,Yikitaa Irrigation Project,2630200,Capital Grants to Government Agencies and other Levels of Government,exp,30000000,8467741,50000000,50000000,48,yes
fy-2026-27-development-book-volume-iii-1104-2111,1104,State Department for Irrigation,1104118000,National Expanded Irrigation Programme II,1104118015,Nginda Irrigation Project,2630200,Capital Grants to Government Agencies and other Levels of Government,exp,20000000,3133064,5000000,0,48,yes
fy-2026-27-development-book-volume-iii-1104-2111,1104,State Department for Irrigation,1104118000,National Expanded Irrigation Programme II,1104118016,New Kithimu Irrigation Project,2630200,Capital Grants to Government Agencies and other Levels of Government,exp,1690280,0,0,0,48,yes
fy-2026-27-development-book-volume-iii-1104-2111,1104,State Department for Irrigation,1104118000,National Expanded Irrigation Programme II,1104118019,Kiamuringa Irrigation Project,2630200,Capital Grants to Government Agencies and other Levels of Government,exp,3200000,0,0,0,48,yes
fy-2026-27-development-book-volume-iii-1104-2111,1104,State Department for Irrigation,1104118000,National Expanded Irrigation Programme II,1104118020,Kibaratani Irrigation Project,2630200,Capital Grants to Government Agencies and other Levels of Government,exp,30000000,0,0,0,48,yes
fy-2026-27-development-book-volume-iii-1104-2111,1104,State Department for Irrigation,1104118000,National Expanded Irrigation Programme II,1104118021,Gakaki Irrigation Project,2630200,Capital Grants to Government Agencies and other Levels of Government,exp,20000000,0,0,0,48,yes
fy-2026-27-development-book-volume-iii-1104-2111,1104,State Department for Irrigation,1104118000,National Expanded Irrigation Programme II,1104118022,Narok Clusters Irrigation Project,2630200,Capital Grants to Government Agencies and other Levels of Government,exp,30000000,10000000,60000000,60000000,48,yes
fy-2026-27-development-book-volume-iii-1104-2111,1104,State Department for Irrigation,1104118000,National Expanded Irrigation Programme II,1104118030,"Rapora Mixed Borejole, Homabay",2630200,Capital Grants to Government Agencies and other Levels of Government,exp,15466835,0,0,0,48,yes
fy-2026-27-development-book-volume-iii-1104-2111,1104,State Department for Irrigation,1104118000,National Expanded Irrigation Programme II,1104118039,Consultancy Services - Turkana counties,2630200,Capital Grants to Government Agencies and other Levels of Government,exp,0,5015305,0,0,49,yes
fy-2026-27-development-book-volume-iii-1104-2111,1104,State Department for Irrigation,1104118000,National Expanded Irrigation Programme II,1104118040,Consultancy Services - Baringo,2630200,Capital Grants to Government Agencies and other Levels of Government,exp,0,1689822,305777,0,49,yes
fy-2026-27-development-book-volume-iii-1104-2111,1104,State Department for Irrigation,1104118000,National Expanded Irrigation Programme II,1104118042,Silanga irrigation project,2630200,Capital Grants to Government Agencies and other Levels of Government,exp,0,9000000,2375591,0,49,yes
fy-2026-27-development-book-volume-iii-1104-2111,1104,State Department for Irrigation,1104118000,National Expanded Irrigation Programme II,1104118049,"Drilling ,Equipping And Allied Works For Upper Matasia Primary",2630200,Capital Grants to Government Agencies and other Levels of Government,exp,15000000,402641,72858,0,49,yes
fy-2026-27-development-book-volume-iii-1104-2111,1104,State Department for Irrigation,1104118000,National Expanded Irrigation Programme II,1104118050,"Drilling ,Equipping And Allied Works For Arap Moi",2630200,Capital Grants to Government Agencies and other Levels of Government,exp,15263000,0,0,0,49,yes
fy-2026-27-development-book-volume-iii-1104-2111,1104,State Department for Irrigation,1104118000,National Expanded Irrigation Programme II,1104118051,"Drilling ,Equipping And Allied Works For Embulbul Primary School",2630200,Capital Grants to Government Agencies and other Levels of Government,exp,14992500,5000000,0,0,49,yes
fy-2026-27-development-book-volume-iii-1104-2111,1104,State Department for Irrigation,1104118000,National Expanded Irrigation Programme II,1104118052,"Drilling ,Equipping And Allied Works For Ongata Ronkai Primary",2630200,Capital Grants to Government Agencies and other Levels of Government,exp,12643114,1580830,286055,0,49,yes
fy-2026-27-development-book-volume-iii-1104-2111,1104,State Department for Irrigation,1104118000,National Expanded Irrigation Programme II,1104118053,"Drilling ,Equipping And Allied Works For Olikirorit Primary School",2630200,Capital Grants to Government Agencies and other Levels of Government,exp,25955575,2352698,425726,0,49,yes
fy-2026-27-development-book-volume-iii-1104-2111,1104,State Department for Irrigation,1104118000,National Expanded Irrigation Programme II,1104118055,Navakholo irrigation project,2630200,Capital Grants to Government Agencies and other Levels of Government,exp,0,8467741,30000000,30000000,49,yes
fy-2026-27-development-book-volume-iii-1104-2111,1104,State Department for Irrigation,1104118000,National Expanded Irrigation Programme II,1104118057,"Construction Works Bura Constituency, Tana River County",2630200,Capital Grants to Government Agencies and other Levels of Government,exp,7000000,0,0,0,49,yes
fy-2026-27-development-book-volume-iii-1104-2111,1104,State Department for Irrigation,1104118000,National Expanded Irrigation Programme II,1104118060,Dallalekutuk irrigation water development,2630200,Capital Grants to Government Agencies and other Levels of Government,exp,30000000,6401660,8158395,0,50,yes
fy-2026-27-development-book-volume-iii-1104-2111,1104,State Department for Irrigation,1104118000,National Expanded Irrigation Programme II,1104118062,"Rehabilitation And Expansion Works For Buruma Irrigation, Main",2630200,Capital Grants to Government Agencies and other Levels of Government,exp,15000000,4132258,747741,0,50,yes
fy-2026-27-development-book-volume-iii-1104-2111,1104,State Department for Irrigation,1104118000,National Expanded Irrigation Programme II,1104118064,Namanderema Irrigation project,2630200,Capital Grants to Government Agencies and other Levels of Government,exp,15000000,0,0,0,50,yes
fy-2026-27-development-book-volume-iii-1104-2111,1104,State Department for Irrigation,1104118000,National Expanded Irrigation Programme II,1104118067,Matasia Irrigation Water Supply Project/Silanga Irrigation Project- 2,2630200,Capital Grants to Government Agencies and other Levels of Government,exp,38646925,8766716,1586358,0,50,yes
fy-2026-27-development-book-volume-iii-1104-2111,1104,State Department for Irrigation,1104118000,National Expanded Irrigation Programme II,1104118068,Seka spring water protection works,2630200,Capital Grants to Government Agencies and other Levels of Government,exp,17000000,5490483,993516,0,50,yes
fy-2026-27-development-book-volume-iii-1104-2111,1104,State Department for Irrigation,1104118000,National Expanded Irrigation Programme II,1104118070,Kapkangani/Sik'sik irrigation borehole,2630200,Capital Grants to Government Agencies and other Levels of Government,exp,3000000,0,0,0,50,yes
fy-2026-27-development-book-volume-iii-1104-2111,1104,State Department for Irrigation,1104118000,National Expanded Irrigation Programme II,1104118071,Simbi Irrigation borehole,2630200,Capital Grants to Government Agencies and other Levels of Government,exp,3000000,5000000,0,0,50,yes
fy-2026-27-development-book-volume-iii-1104-2111,1104,State Department for Irrigation,1104118000,National Expanded Irrigation Programme II,1104118072,Sirimon Irrigation projects,2630200,Capital Grants to Government Agencies and other Levels of Government,exp,10000000,0,0,0,50,yes
fy-2026-27-development-book-volume-iii-1104-2111,1104,State Department for Irrigation,1104118000,National Expanded Irrigation Programme II,1104118074,Singore-Kapkonga irrigation project,2630200,Capital Grants to Government Agencies and other Levels of Government,exp,15000000,5000000,3000000,0,50,yes
fy-2026-27-development-book-volume-iii-1104-2111,1104,State Department for Irrigation,1104118000,National Expanded Irrigation Programme II,1104118075,Supply of solarised pumps,2630200,Capital Grants to Government Agencies and other Levels of Government,exp,15000000,0,0,0,50,yes
fy-2026-27-development-book-volume-iii-1104-2111,1104,State Department for Irrigation,1104118000,National Expanded Irrigation Programme II,1104118076,Kondo Makutano irrigation project,2630200,Capital Grants to Government Agencies and other Levels of Government,exp,15000000,0,0,0,50,yes
fy-2026-27-development-book-volume-iii-1104-2111,1104,State Department for Irrigation,1104118000,National Expanded Irrigation Programme II,1104118078,Ngoko irrigation water development,2630200,Capital Grants to Government Agencies and other Levels of Government,exp,15000000,11382942,200000000,150000000,51,yes
fy-2026-27-development-book-volume-iii-1104-2111,1104,State Department for Irrigation,1104118000,National Expanded Irrigation Programme II,1104118079,Supply of assorted pipes and fittings Githunguri & Museveni earth da,2630200,Capital Grants to Government Agencies and other Levels of Government,exp,15000000,0,0,0,51,yes
fy-2026-27-development-book-volume-iii-1104-2111,1104,State Department for Irrigation,1104118000,National Expanded Irrigation Programme II,1104118080,Construction Works of Kobuswo Farmers Irrigation Borehole,2630200,Capital Grants to Government Agencies and other Levels of Government,exp,4000000,8467741,8107508,0,51,yes
fy-2026-27-development-book-volume-iii-1104-2111,1104,State Department for Irrigation,1104118000,National Expanded Irrigation Programme II,1104118081,Construction Works For Kimore Community Borehole,2630200,Capital Grants to Government Agencies and other Levels of Government,exp,12869835,5000000,138022,0,51,yes
fy-2026-27-development-book-volume-iii-1104-2111,1104,State Department for Irrigation,1104118000,National Expanded Irrigation Programme II,1104118082,Construction Works For Sululu Community Borehole,2630200,Capital Grants to Government Agencies and other Levels of Government,exp,10000000,4230060,765439,0,51,yes
fy-2026-27-development-book-volume-iii-1104-2111,1104,State Department for Irrigation,1104118000,National Expanded Irrigation Programme II,1104118084,"Construction Works for Ivuuni Borehole,Kitui East Constituency,Kitui",2630200,Capital Grants to Government Agencies and other Levels of Government,exp,15000000,0,0,0,51,yes
fy-2026-27-development-book-volume-iii-1104-2111,1104,State Department for Irrigation,1104118000,National Expanded Irrigation Programme II,1104118085,Construction Works for Kidipa IDP & Wanyoro Boreholes in,2630200,Capital Grants to Government Agencies and other Levels of Government,exp,15000000,10886328,4968336,0,51,yes
fy-2026-27-development-book-volume-iii-1104-2111,1104,State Department for Irrigation,1104118000,National Expanded Irrigation Programme II,1104118086,Construction Re-Routing Of Conveyance Pipeline Kibaratani,2630200,Capital Grants to Government Agencies and other Levels of Government,exp,8000000,5745909,1039735,0,51,yes
fy-2026-27-development-book-volume-iii-1104-2111,1104,State Department for Irrigation,1104118000,National Expanded Irrigation Programme II,1104118087,Rehabilitation Works For Changachicha Irrigation Development,2630200,Capital Grants to Government Agencies and other Levels of Government,exp,10000000,4955898,896781,0,51,yes
fy-2026-27-development-book-volume-iii-1104-2111,1104,State Department for Irrigation,1104118000,National Expanded Irrigation Programme II,1104118088,Construction Works For Kaprotwa & Kipteimet Boreholes Irrigation,2630200,Capital Grants to Government Agencies and other Levels of Government,exp,15000000,5927419,13991180,0,51,yes
fy-2026-27-development-book-volume-iii-1104-2111,1104,State Department for Irrigation,1104118000,National Expanded Irrigation Programme II,1104118089,Construction Works For Chelelek Borehole Irrigation Development,2630200,Capital Grants to Government Agencies and other Levels of Government,exp,14000000,5885927,1065072,0,52,yes
fy-2026-27-development-book-volume-iii-1104-2111,1104,State Department for Irrigation,1104118000,National Expanded Irrigation Programme II,1104118090,Construction Works For Wamumu Borehole,2630200,Capital Grants to Government Agencies and other Levels of Government,exp,14000000,0,0,0,52,yes
fy-2026-27-development-book-volume-iii-1104-2111,1104,State Department for Irrigation,1104118000,National Expanded Irrigation Programme II,1104118091,Construction Works of Matiani Borehole,2630200,Capital Grants to Government Agencies and other Levels of Government,exp,12000000,8879951,1606848,0,52,yes
fy-2026-27-development-book-volume-iii-1104-2111,1104,State Department for Irrigation,1104118000,National Expanded Irrigation Programme II,1104118092,"Lower Kuja Block 2-2, Block 2-3 and Block 4-3",2630200,Capital Grants to Government Agencies and other Levels of Government,exp,2000000,0,0,0,52,yes
fy-2026-27-development-book-volume-iii-1104-2111,1104,State Department for Irrigation,1104118000,National Expanded Irrigation Programme II,1104118093,Detailed Design Review of Busina Mundika Irrigation project,2630200,Capital Grants to Government Agencies and other Levels of Government,exp,2000000,3471774,628225,0,52,yes
fy-2026-27-development-book-volume-iii-1104-2111,1104,State Department for Irrigation,1104118000,National Expanded Irrigation Programme II,1104118095,Construction of Komolion & Maji Moto irrigation projects,2630200,Capital Grants to Government Agencies and other Levels of Government,exp,2000000,0,0,0,52,yes
fy-2026-27-development-book-volume-iii-1104-2111,1104,State Department for Irrigation,1104118000,National Expanded Irrigation Programme II,1104118098,Mukurwe wa Nyagathanga Irrigation Project,2630200,Capital Grants to Government Agencies and other Levels of Government,exp,2000000,0,0,0,52,yes
fy-2026-27-development-book-volume-iii-1104-2111,1104,State Department for Irrigation,1104118000,National Expanded Irrigation Programme II,1104118099,Upgrading and rehabilitation of Ahero Pumping station,2630200,Capital Grants to Government Agencies and other Levels of Government,exp,2000000,0,0,0,52,yes
fy-2026-27-development-book-volume-iii-1104-2111,1104,State Department for Irrigation,1104118100,National Expanded Irrigation Programme III,1104118101,Drilling and Equipping of Asal Bula Ndege Borehole,2630200,Capital Grants to Government Agencies and other Levels of Government,exp,10294385,9665526,2000000,0,52,yes
fy-2026-27-development-book-volume-iii-1104-2111,1104,State Department for Irrigation,1104118100,National Expanded Irrigation Programme III,1104118111,Maragua Ridge Irrigation Projects,2630200,Capital Grants to Government Agencies and other Levels of Government,exp,0,8000000,0,0,52,yes
fy-2026-27-development-book-volume-iii-1104-2111,1104,State Department for Irrigation,1104118100,National Expanded Irrigation Programme III,1104118145,Biyobombi Irrigation Project,2630200,Capital Grants to Government Agencies and other Levels of Government,exp,0,10000000,20000000,9000000,53,yes
fy-2026-27-development-book-volume-iii-1104-2111,1104,State Department for Irrigation,1104118100,National Expanded Irrigation Programme III,1104118146,Busstan Irrigation Project,2630200,Capital Grants to Government Agencies and other Levels of Government,exp,0,1265413,228979,0,53,yes
fy-2026-27-development-book-volume-iii-1104-2111,1104,State Department for Irrigation,1104118100,National Expanded Irrigation Programme III,1104118147,Kamagak Community Borehole Irrigation Project,2630200,Capital Grants to Government Agencies and other Levels of Government,exp,0,10000000,10000000,0,53,yes
fy-2026-27-development-book-volume-iii-1104-2111,1104,State Department for Irrigation,1104118100,National Expanded Irrigation Programme III,1104118150,Kiriwo Irrigation Project,2630200,Capital Grants to Government Agencies and other Levels of Government,exp,0,8467741,6100158,0,53,yes
fy-2026-27-development-book-volume-iii-1104-2111,1104,State Department for Irrigation,1104118100,National Expanded Irrigation Programme III,1104118159,Ilkeremisho Earth Dam,2630200,Capital Grants to Government Agencies and other Levels of Government,exp,0,12950784,0,0,53,yes
fy-2026-27-development-book-volume-iii-1104-2111,1104,State Department for Irrigation,1104118100,National Expanded Irrigation Programme III,1104118180,Rukira Irrigation project,2630200,Capital Grants to Government Agencies and other Levels of Government,exp,0,12701612,150000000,100000000,53,yes
fy-2026-27-development-book-volume-iii-1104-2111,1104,State Department for Irrigation,1104118100,National Expanded Irrigation Programme III,1104118181,Kiirua Buuri Irrigation project phase 2,2630200,Capital Grants to Government Agencies and other Levels of Government,exp,100000000,10000000,20000000,20000000,53,yes
fy-2026-27-development-book-volume-iii-1104-2111,1104,State Department for Irrigation,1104118200,Various Water Pans and Dams,1104118202,Rehabilitation of Borana Water Pan For Feedlot,2630200,Capital Grants to Government Agencies and other Levels of Government,exp,0,100000000,0,0,53,yes
fy-2026-27-development-book-volume-iii-1104-2111,1104,State Department for Irrigation,1104118200,Various Water Pans and Dams,1104118211,Ardahalo water Pan-Mandera West,2630200,Capital Grants to Government Agencies and other Levels of Government,exp,50000000,0,0,0,53,yes
fy-2026-27-development-book-volume-iii-1104-2111,1104,State Department for Irrigation,1104118200,Various Water Pans and Dams,1104118212,Rehabilitation of Kipsinende Dam and Community Water Supply,2630200,Capital Grants to Government Agencies and other Levels of Government,exp,0,70000000,0,0,54,yes
fy-2026-27-development-book-volume-iii-1104-2111,1104,State Department for Irrigation,1104118200,Various Water Pans and Dams,1104118213,Lolkinye Dam,2630200,Capital Grants to Government Agencies and other Levels of Government,exp,0,50000000,0,0,54,yes
fy-2026-27-development-book-volume-iii-1104-2111,1104,State Department for Irrigation,1104118200,Various Water Pans and Dams,1104118214,Kapmare Dam,2630200,Capital Grants to Government Agencies and other Levels of Government,exp,0,50000000,0,0,54,yes
fy-2026-27-development-book-volume-iii-1104-2111,1104,State Department for Irrigation,1104118300,Githiru Irrigation Water Project,1104118301,Githiru Irrigation Water Project,2630200,Capital Grants to Government Agencies and other Levels of Government,exp,35000000,0,0,0,54,yes
fy-2026-27-development-book-volume-iii-1104-2111,1104,State Department for Irrigation,1104118400,Irrigation For Food Security-Rice Intensification Project,1104118402,Hola Irrigation Scheme,2630200,Capital Grants to Government Agencies and other Levels of Government,exp,80000000,165000000,85000000,0,54,yes
fy-2026-27-development-book-volume-iii-1104-2111,1104,State Department for Irrigation,1104118400,Irrigation For Food Security-Rice Intensification Project,1104118403,Masabubu and Chewele Commands Expansion - Tana River County,2630200,Capital Grants to Government Agencies and other Levels of Government,exp,110000000,234000000,124000000,0,54,yes
fy-2026-27-development-book-volume-iii-1104-2111,1104,State Department for Irrigation,1104118400,Irrigation For Food Security-Rice Intensification Project,1104118404,"Kiamanyeki, Ngucwi And Marurumo Expansion Kirinyaga County",2630200,Capital Grants to Government Agencies and other Levels of Government,exp,90000000,147000000,57000000,0,54,yes
fy-2026-27-development-book-volume-iii-1104-2111,1104,State Department for Irrigation,1104118400,Irrigation For Food Security-Rice Intensification Project,1104118405,Owiro And Sagama Expansion Migori County,2630200,Capital Grants to Government Agencies and other Levels of Government,exp,70000000,98000000,28000000,0,54,yes
fy-2026-27-development-book-volume-iii-1104-2111,1104,State Department for Irrigation,1104118400,Irrigation For Food Security-Rice Intensification Project,1104118406,West Kano Irrigation Scheme,2630200,Capital Grants to Government Agencies and other Levels of Government,exp,50000000,100000000,50000000,0,54,yes
fy-2026-27-development-book-volume-iii-1104-2111,1104,State Department for Irrigation,1104118400,Irrigation For Food Security-Rice Intensification Project,1104118407,Bunyala Irrigation Scheme,2630200,Capital Grants to Government Agencies and other Levels of Government,exp,50000000,106000000,56000000,0,55,yes
fy-2026-27-development-book-volume-iii-1104-2111,1104,State Department for Irrigation,1104118400,Irrigation For Food Security-Rice Intensification Project,1104118408,Okana And South West Kano Kisumu County,2630200,Capital Grants to Government Agencies and other Levels of Government,exp,50000000,150000000,100000000,0,55,yes
fy-2026-27-development-book-volume-iii-1104-2111,1104,State Department for Irrigation,1104118500,Community Based Irrigation Boreholes,1104118502,Community Borehole At Eroret Primary School; Kajiado County,2630200,Capital Grants to Government Agencies and other Levels of Government,exp,9695820,0,0,0,55,yes
fy-2026-27-development-book-volume-iii-1104-2111,1104,State Department for Irrigation,1104118500,Community Based Irrigation Boreholes,1104118503,Community Borehole At Githiga Primary School,2630200,Capital Grants to Government Agencies and other Levels of Government,exp,5999000,0,0,0,55,yes
fy-2026-27-development-book-volume-iii-1104-2111,1104,State Department for Irrigation,1104118500,Community Based Irrigation Boreholes,1104118504,Community Borehole At Kahiga Primary School,2630200,Capital Grants to Government Agencies and other Levels of Government,exp,6002000,0,0,0,55,yes
fy-2026-27-development-book-volume-iii-1104-2111,1104,State Department for Irrigation,1104118500,Community Based Irrigation Boreholes,1104118505,Community Borehole At Kiini Primary School,2630200,Capital Grants to Government Agencies and other Levels of Government,exp,7872700,0,0,0,55,yes
fy-2026-27-development-book-volume-iii-1104-2111,1104,State Department for Irrigation,1104118500,Community Based Irrigation Boreholes,1104118506,Community Borehole At Maisikiria Primary School,2630200,Capital Grants to Government Agencies and other Levels of Government,exp,5499000,0,0,0,55,yes
fy-2026-27-development-book-volume-iii-1104-2111,1104,State Department for Irrigation,1104118500,Community Based Irrigation Boreholes,1104118507,Community Borehole At Mokomoni Secondary School,2630200,Capital Grants to Government Agencies and other Levels of Government,exp,3225750,0,0,0,55,yes
fy-2026-27-development-book-volume-iii-1104-2111,1104,State Department for Irrigation,1104118500,Community Based Irrigation Boreholes,1104118508,Community Borehole At Oloma Primary School,2630200,Capital Grants to Government Agencies and other Levels of Government,exp,2129300,0,0,0,55,yes
fy-2026-27-development-book-volume-iii-1104-2111,1104,State Department for Irrigation,1104118500,Community Based Irrigation Boreholes,1104118509,Community Borehole At Ondati Secondary School,2630200,Capital Grants to Government Agencies and other Levels of Government,exp,2590550,0,0,0,56,yes
fy-2026-27-development-book-volume-iii-1104-2111,1104,State Department for Irrigation,1104118500,Community Based Irrigation Boreholes,1104118510,Rehabilitation Of Boreholes In Ole Kasasi Primary School,2630200,Capital Grants to Government Agencies and other Levels of Government,exp,9975000,0,0,0,56,yes
fy-2026-27-development-book-volume-iii-1104-2111,1104,State Department for Irrigation,1104118500,Community Based Irrigation Boreholes,1104118511,Simbi Community Irrigation Project,2630200,Capital Grants to Government Agencies and other Levels of Government,exp,12000000,0,0,0,56,yes
fy-2026-27-development-book-volume-iii-1104-2111,1104,State Department for Irrigation,1104118500,Community Based Irrigation Boreholes,1104118513,Kilkiley Irrigation Scheme,2630200,Capital Grants to Government Agencies and other Levels of Government,exp,0,30961083,0,0,56,yes
fy-2026-27-development-book-volume-iii-1104-2111,1104,State Department for Irrigation,1104118500,Community Based Irrigation Boreholes,1104118517,Abakote Water Pan,2630200,Capital Grants to Government Agencies and other Levels of Government,exp,0,38600000,0,0,56,yes
fy-2026-27-development-book-volume-iii-1104-2111,1104,State Department for Irrigation,1104118500,Community Based Irrigation Boreholes,1104118518,Kubdishan Water Pan,2630200,Capital Grants to Government Agencies and other Levels of Government,exp,0,7700000,0,0,56,yes
fy-2026-27-development-book-volume-iii-1104-2111,1104,State Department for Irrigation,1104118500,Community Based Irrigation Boreholes,1104118519,Teso Rhamu Water Pan,2630200,Capital Grants to Government Agencies and other Levels of Government,exp,0,7700000,0,0,56,yes
fy-2026-27-development-book-volume-iii-1104-2111,1104,State Department for Irrigation,1104118500,Community Based Irrigation Boreholes,1104118520,Kanasasat Kapchok Water Pan,2630200,Capital Grants to Government Agencies and other Levels of Government,exp,0,10000000,0,0,56,yes
fy-2026-27-development-book-volume-iii-1104-2111,1104,State Department for Irrigation,1104118500,Community Based Irrigation Boreholes,1104118521,Nasakam Water Pan,2630200,Capital Grants to Government Agencies and other Levels of Government,exp,0,10000000,0,0,56,yes
fy-2026-27-development-book-volume-iii-1104-2111,1104,State Department for Irrigation,1104118500,Community Based Irrigation Boreholes,1104118522,Lokicharngole Chelopoy Water Pan,2630200,Capital Grants to Government Agencies and other Levels of Government,exp,0,10000000,0,0,56,yes
fy-2026-27-development-book-volume-iii-1104-2111,1104,State Department for Irrigation,1104118500,Community Based Irrigation Boreholes,1104118523,Campi Twalakomol Water Pan,2630200,Capital Grants to Government Agencies and other Levels of Government,exp,0,10000000,0,0,56,yes
fy-2026-27-development-book-volume-iii-1104-2111,1104,State Department for Irrigation,1104118500,Community Based Irrigation Boreholes,1104118524,Komoloi Suam Water Pan,2630200,Capital Grants to Government Agencies and other Levels of Government,exp,0,10000000,0,0,57,yes
fy-2026-27-development-book-volume-iii-1104-2111,1104,State Department for Irrigation,1104118800,Kenya Resilient sustainable Economy Irrigation Project (K-RISE),1104118801,Kenya Resilient sustainable Economy Irrigation Project (K-RISE),2630200,Capital Grants to Government Agencies and other Levels of Government,exp,0,30000000,0,5265907812,57,yes
fy-2026-27-development-book-volume-iii-1104-2111,1104,State Department for Irrigation,1104118900,Galana Dam Irrigation Project,1104118901,Galana Dam Irrigation Project,2630200,Capital Grants to Government Agencies and other Levels of Government,exp,0,1000000000,1000000000,1000000000,57,yes
fy-2026-27-development-book-volume-iii-1104-2111,1104,State Department for Irrigation,1104119100,Radat Dam Irrigation Project,1104119101,Radat Dam Irrigation Project,2630200,Capital Grants to Government Agencies and other Levels of Government,exp,0,70000000,100000000,100000000,57,yes
fy-2026-27-development-book-volume-iii-1104-2111,1104,State Department for Irrigation,1104120700,Community Based Irrigation Projects II,1104120703,Kaptora Irrigation Scheme,2630200,Capital Grants to Government Agencies and other Levels of Government,exp,0,50000000,0,0,57,yes
fy-2026-27-development-book-volume-iii-1104-2111,1104,State Department for Irrigation,1104120700,Community Based Irrigation Projects II,1104120704,Kaben-Marich Irrigation Scheme,2630200,Capital Grants to Government Agencies and other Levels of Government,exp,0,50000000,0,0,57,yes
fy-2026-27-development-book-volume-iii-1104-2111,1104,State Department for Irrigation,1104120800,Kyangwithya East -Kabaa Irrigation Project,1104120801,Kyangwithya East -Kabaa Irrigation Project,2630200,Capital Grants to Government Agencies and other Levels of Government,exp,0,15000000,0,0,58,yes
fy-2026-27-development-book-volume-iii-1104-2111,1104,State Department for Irrigation,1104120900,Rehabilitation and Maintenance of Public Schemes,1104120901,Mwea Irrigation Scheme,2630200,Capital Grants to Government Agencies and other Levels of Government,exp,0,137500000,137500000,137500000,58,yes
fy-2026-27-development-book-volume-iii-1104-2111,1104,State Department for Irrigation,1104120900,Rehabilitation and Maintenance of Public Schemes,1104120901,Mwea Irrigation Scheme,1420500,Receipts from Sales by Non-Market Establishments,aia,0,137500000,137500000,137500000,58,yes
fy-2026-27-development-book-volume-iii-1104-2111,1104,State Department for Irrigation,1104120900,Rehabilitation and Maintenance of Public Schemes,1104120902,Ahero Irrigation Scheme,2630200,Capital Grants to Government Agencies and other Levels of Government,exp,0,13400000,13400000,13400000,58,yes
fy-2026-27-development-book-volume-iii-1104-2111,1104,State Department for Irrigation,1104120900,Rehabilitation and Maintenance of Public Schemes,1104120902,Ahero Irrigation Scheme,1420500,Receipts from Sales by Non-Market Establishments,aia,0,13400000,13400000,13400000,58,yes
fy-2026-27-development-book-volume-iii-1104-2111,1104,State Department for Irrigation,1104120900,Rehabilitation and Maintenance of Public Schemes,1104120903,West Kano Irrigation Scheme,2630200,Capital Grants to Government Agencies and other Levels of Government,exp,0,18600000,18600000,18600000,58,yes
fy-2026-27-development-book-volume-iii-1104-2111,1104,State Department for Irrigation,1104120900,Rehabilitation and Maintenance of Public Schemes,1104120903,West Kano Irrigation Scheme,1420500,Receipts from Sales by Non-Market Establishments,aia,0,18600000,18600000,18600000,58,yes
fy-2026-27-development-book-volume-iii-1104-2111,1104,State Department for Irrigation,1104120900,Rehabilitation and Maintenance of Public Schemes,1104120904,Bura Irrigation Scheme,2630200,Capital Grants to Government Agencies and other Levels of Government,exp,0,35600000,35600000,35600000,58,yes
fy-2026-27-development-book-volume-iii-1104-2111,1104,State Department for Irrigation,1104120900,Rehabilitation and Maintenance of Public Schemes,1104120904,Bura Irrigation Scheme,1420500,Receipts from Sales by Non-Market Establishments,aia,0,35600000,35600000,35600000,58,yes
fy-2026-27-development-book-volume-iii-1104-2111,1104,State Department for Irrigation,1104120900,Rehabilitation and Maintenance of Public Schemes,1104120905,Hola Irrigation Scheme,2630200,Capital Grants to Government Agencies and other Levels of Government,exp,0,23500000,23500000,23500000,58,yes
fy-2026-27-development-book-volume-iii-1104-2111,1104,State Department for Irrigation,1104120900,Rehabilitation and Maintenance of Public Schemes,1104120905,Hola Irrigation Scheme,1420500,Receipts from Sales by Non-Market Establishments,aia,0,23500000,23500000,23500000,58,yes
fy-2026-27-development-book-volume-iii-1104-2111,1104,State Department for Irrigation,1104120900,Rehabilitation and Maintenance of Public Schemes,1104120906,Perkerra Irrigation Scheme,2630200,Capital Grants to Government Agencies and other Levels of Government,exp,0,10000000,10000000,10000000,59,yes
fy-2026-27-development-book-volume-iii-1104-2111,1104,State Department for Irrigation,1104120900,Rehabilitation and Maintenance of Public Schemes,1104120906,Perkerra Irrigation Scheme,1420500,Receipts from Sales by Non-Market Establishments,aia,0,10000000,10000000,10000000,59,yes
fy-2026-27-development-book-volume-iii-1104-2111,1104,State Department for Irrigation,1104120900,Rehabilitation and Maintenance of Public Schemes,1104120907,Bunyala Irrigation Scheme,2630200,Capital Grants to Government Agencies and other Levels of Government,exp,0,19400000,19400000,19400000,59,yes
fy-2026-27-development-book-volume-iii-1104-2111,1104,State Department for Irrigation,1104120900,Rehabilitation and Maintenance of Public Schemes,1104120907,Bunyala Irrigation Scheme,1420500,Receipts from Sales by Non-Market Establishments,aia,0,19400000,19400000,19400000,59,yes
fy-2026-27-development-book-volume-iii-1104-2111,1104,State Department for Irrigation,1104121000,Tunyo Chemoror Irrigation Project,1104121001,Tunyo Chemoror Irrigation Project,2630200,Capital Grants to Government Agencies and other Levels of Government,exp,10000000,0,0,0,59,yes
fy-2026-27-development-book-volume-iii-1104-2111,1104,State Department for Irrigation,1104121100,Tharaka Nithi/Meru Irrigation Project,1104121101,Tharaka Nithi/Meru Irrigation Project,2630200,Capital Grants to Government Agencies and other Levels of Government,exp,200000000,0,0,0,59,yes
fy-2026-27-development-book-volume-iii-1104-2111,1104,State Department for Irrigation,1104121200,Rehabilitation of Strategic Water Facilities,1104121202,Mwanjama Water Pan,2630200,Capital Grants to Government Agencies and other Levels of Government,exp,18580100,0,0,0,59,yes
fy-2026-27-development-book-volume-iii-1104-2111,1104,State Department for Irrigation,1104121200,Rehabilitation of Strategic Water Facilities,1104121203,"Rwanyaga - Nachu Earth Dam Kikuyu Constituency, Kiambu County",2630200,Capital Grants to Government Agencies and other Levels of Government,exp,2947655,0,0,0,59,yes
fy-2026-27-development-book-volume-iii-1104-2111,1104,State Department for Irrigation,1104121200,Rehabilitation of Strategic Water Facilities,1104121204,"Gikambura - Riu Nderi Earth Dam Kikuyu Constituency, Kiambu",2630200,Capital Grants to Government Agencies and other Levels of Government,exp,2947655,0,0,0,59,yes
fy-2026-27-development-book-volume-iii-1104-2111,1104,State Department for Irrigation,1104121200,Rehabilitation of Strategic Water Facilities,1104121205,"Nyakune Kawisa Water Pan, Uriri Constituency, Migori County",2630200,Capital Grants to Government Agencies and other Levels of Government,exp,25498513,0,0,0,60,yes
fy-2026-27-development-book-volume-iii-1104-2111,1104,State Department for Irrigation,1104121200,Rehabilitation of Strategic Water Facilities,1104121206,"Kyalala Earth Dam, Ukia Ward, Kaiti Constituency, Makueni County",2630200,Capital Grants to Government Agencies and other Levels of Government,exp,25479175,0,0,0,60,yes
fy-2026-27-development-book-volume-iii-1104-2111,1104,State Department for Irrigation,1104121200,Rehabilitation of Strategic Water Facilities,1104121207,"Kabianga Earth Dam Laikipia East Constituency, Laikipia County",2630200,Capital Grants to Government Agencies and other Levels of Government,exp,25497832,0,0,0,60,yes
fy-2026-27-development-book-volume-iii-1104-2111,1104,State Department for Irrigation,1104121300,Mobel Dam,1104121301,Mobel Dam,2630200,Capital Grants to Government Agencies and other Levels of Government,exp,30000000,50000000,0,0,60,yes
fy-2026-27-development-book-volume-iii-1104-2111,1104,State Department for Irrigation,1104121400,Tendwo Dam,1104121401,Tendwo Dam,2630200,Capital Grants to Government Agencies and other Levels of Government,exp,50000000,0,0,0,60,yes
fy-2026-27-development-book-volume-iii-1104-2111,1104,State Department for Irrigation,1104121500,Wanifor Dam,1104121501,Wanifor Dam,2630200,Capital Grants to Government Agencies and other Levels of Government,exp,70000000,0,0,0,60,yes
fy-2026-27-development-book-volume-iii-1104-2111,1104,State Department for Irrigation,1104121600,Kapsinende Dam,1104121601,Kapsinende Dam,2630200,Capital Grants to Government Agencies and other Levels of Government,exp,30000000,0,0,0,61,yes
fy-2026-27-development-book-volume-iii-1104-2111,1104,State Department for Irrigation,1104121700,Chiracha Water Pan,1104121701,Chiracha Water Pan,2630200,Capital Grants to Government Agencies and other Levels of Government,exp,30000000,0,0,0,61,yes
fy-2026-27-development-book-volume-iii-1104-2111,1104,State Department for Irrigation,1104121900,Wamoro Irrigation Project,1104121901,Wamoro Irrigation Project,2630200,Capital Grants to Government Agencies and other Levels of Government,exp,65000000,0,0,0,61,yes
fy-2026-27-development-book-volume-iii-1104-2111,1109,State Department for Water & Sanitation,1109100200,Water & Sanitation Programme,1109100201,Headquarters,2630200,Capital Grants to Government Agencies and other Levels of Government,exp,0,0,50000000,275000000,149,yes
fy-2026-27-development-book-volume-iii-1104-2111,1109,State Department for Water & Sanitation,1109100600,Rehabilitation of Water and Sanitation - Kirandich,1109100601,Headquarters,2630200,Capital Grants to Government Agencies and other Levels of Government,exp,575000000,505000000,520000000,444000000,149,yes
fy-2026-27-development-book-volume-iii-1104-2111,1109,State Department for Water & Sanitation,1109100600,Rehabilitation of Water and Sanitation - Kirandich,1109100601,Headquarters,5120200,Foreign Borrowing - Direct Payments,aia,570000000,500000000,500000000,415000000,149,yes
fy-2026-27-development-book-volume-iii-1104-2111,1109,State Department for Water & Sanitation,1109100800,Water Sector Development (Lake Victoria South),1109100801,Headquarters,2630200,Capital Grants to Government Agencies and other Levels of Government,exp,120000000,146000000,0,0,149,yes
fy-2026-27-development-book-volume-iii-1104-2111,1109,State Department for Water & Sanitation,1109100800,Water Sector Development (Lake Victoria South),1109100801,Headquarters,5120200,Foreign Borrowing - Direct Payments,aia,100000000,124000000,0,0,149,yes
fy-2026-27-development-book-volume-iii-1104-2111,1109,State Department for Water & Sanitation,1109100900,Water Sector Development (Support WSTF),1109100901,Headquarters,2630200,Capital Grants to Government Agencies and other Levels of Government,exp,341000000,308000000,40000000,0,149,yes
fy-2026-27-development-book-volume-iii-1104-2111,1109,State Department for Water & Sanitation,1109100900,Water Sector Development (Support WSTF),1109100901,Headquarters,5120200,Foreign Borrowing - Direct Payments,aia,56000000,30000000,0,0,149,yes
fy-2026-27-development-book-volume-iii-1104-2111,1109,State Department for Water & Sanitation,1109100900,Water Sector Development (Support WSTF),1109100902,Ewaso Ng'iro Basin Water and Climate Resilience Project,2630200,Capital Grants to Government Agencies and other Levels of Government,exp,10000000,320000000,400000000,0,149,yes
fy-2026-27-development-book-volume-iii-1104-2111,1109,State Department for Water & Sanitation,1109100900,Water Sector Development (Support WSTF),1109100903,Nakuru Feacal Sludge Treatment Project,2630200,Capital Grants to Government Agencies and other Levels of Government 1752,exp,0,40000000,0,0,149,yes
fy-2026-27-development-book-volume-iii-1104-2111,1109,State Department for Water & Sanitation,1109101100,Nairobi Satellite Towns Water and Sanitation Program,1109101101,Headquarters,2630200,Capital Grants to Government Agencies and other Levels of Government,exp,115000000,280000000,50000000,0,150,yes
fy-2026-27-development-book-volume-iii-1104-2111,1109,State Department for Water & Sanitation,1109101100,Nairobi Satellite Towns Water and Sanitation Program,1109101101,Headquarters,5120200,Foreign Borrowing - Direct Payments,aia,100000000,280000000,0,0,150,yes
fy-2026-27-development-book-volume-iii-1104-2111,1109,State Department for Water & Sanitation,1109101300,Extension Of Nairobi Water Supply (Northern Collector),1109101301,Headquarters,2630200,Capital Grants to Government Agencies and other Levels of Government,exp,16000000,350000000,0,0,150,yes
fy-2026-27-development-book-volume-iii-1104-2111,1109,State Department for Water & Sanitation,1109101400,The Project For Management Of Non-Revenue Water In Kenya - BETA,1109101401,Headquarters,2630200,Capital Grants to Government Agencies and other Levels of Government,exp,70000000,80000000,100000000,203000000,150,yes
fy-2026-27-development-book-volume-iii-1104-2111,1109,State Department for Water & Sanitation,1109101700,Water Security and Climate Resilience - Lower Nzoia,1109101702,Kenya Water Security Climate Resilience Project (KWSCRP)-Lower,2630200,Capital Grants to Government Agencies and other Levels of Government,exp,603202000,0,0,0,150,yes
fy-2026-27-development-book-volume-iii-1104-2111,1109,State Department for Water & Sanitation,1109101700,Water Security and Climate Resilience - Lower Nzoia,1109101702,Kenya Water Security Climate Resilience Project (KWSCRP)-Lower,5120200,Foreign Borrowing - Direct Payments,aia,3000000,0,0,0,150,yes
fy-2026-27-development-book-volume-iii-1104-2111,1109,State Department for Water & Sanitation,1109102000,Lake Victoria Water Supply & Sanitation Programme Phase II,1109102001,Headquarters,2630200,Capital Grants to Government Agencies and other Levels of Government,exp,0,82000000,0,0,151,yes
fy-2026-27-development-book-volume-iii-1104-2111,1109,State Department for Water & Sanitation,1109102100,Nairobi Rivers Basin Restoration Programme: Sewerage improvement,1109102101,Headquarters,2630200,Capital Grants to Government Agencies and other Levels of Government,exp,1650000000,1050000000,450000000,0,151,yes
fy-2026-27-development-book-volume-iii-1104-2111,1109,State Department for Water & Sanitation,1109102100,Nairobi Rivers Basin Restoration Programme: Sewerage improvement,1109102101,Headquarters,5120200,Foreign Borrowing - Direct Payments,aia,1500000000,1000000000,0,0,151,yes
fy-2026-27-development-book-volume-iii-1104-2111,1109,State Department for Water & Sanitation,1109102300,Garissa Sewerage Project,1109102301,Headquarters,2630200,Capital Grants to Government Agencies and other Levels of Government,exp,35000000,65000000,0,0,151,yes
fy-2026-27-development-book-volume-iii-1104-2111,1109,State Department for Water & Sanitation,1109102400,Rehabilitation Of Water Supply And Sewerage For Oloitokitok Town,1109102401,Headquarters,2630200,Capital Grants to Government Agencies and other Levels of Government,exp,145000000,0,800000000,2162000000,151,yes
fy-2026-27-development-book-volume-iii-1104-2111,1109,State Department for Water & Sanitation,1109102400,Rehabilitation Of Water Supply And Sewerage For Oloitokitok Town,1109102401,Headquarters,5120200,Foreign Borrowing - Direct Payments,aia,145000000,0,0,0,151,yes
fy-2026-27-development-book-volume-iii-1104-2111,1109,State Department for Water & Sanitation,1109102700,Itare Dam Water Project,1109102701,Itare Dam Water Project - Headquarters,2630200,Capital Grants to Government Agencies and other Levels of Government,exp,40000000,50000000,50000000,102000000,151,yes
fy-2026-27-development-book-volume-iii-1104-2111,1109,State Department for Water & Sanitation,1109103300,Migori- Homa bay Wastewater (Trilateral Program),1109103301,Migori- Homa bay Wastewater (Trilateral Program),2630200,Capital Grants to Government Agencies and other Levels of Government,exp,75000000,0,0,0,152,yes
fy-2026-27-development-book-volume-iii-1104-2111,1109,State Department for Water & Sanitation,1109103300,Migori- Homa bay Wastewater (Trilateral Program),1109103301,Migori- Homa bay Wastewater (Trilateral Program),5120200,Foreign Borrowing - Direct Payments,aia,60000000,0,0,0,152,yes
fy-2026-27-development-book-volume-iii-1104-2111,1109,State Department for Water & Sanitation,1109103400,Kisumu water supply LVWATSAN,1109103401,Kisumu water supply,2630200,Capital Grants to Government Agencies and other Levels of Government,exp,1107817366,2000000000,2342900000,2696000000,152,yes
fy-2026-27-development-book-volume-iii-1104-2111,1109,State Department for Water & Sanitation,1109103400,Kisumu water supply LVWATSAN,1109103401,Kisumu water supply,5120200,Foreign Borrowing - Direct Payments,aia,0,0,200000000,0,152,yes
fy-2026-27-development-book-volume-iii-1104-2111,1109,State Department for Water & Sanitation,1109103500,Water Harvesting Program (LVSWSB),1109103501,Water Harvesting Program (LVSWSB),2630200,Capital Grants to Government Agencies and other Levels of Government,exp,40000000,50000000,103000000,0,152,yes
fy-2026-27-development-book-volume-iii-1104-2111,1109,State Department for Water & Sanitation,1109103600,Athi River Restoration Programme,1109103601,Athi River Restoration Programme,2630200,Capital Grants to Government Agencies and other Levels of Government,exp,35000000,35000000,100000000,500000000,152,yes
fy-2026-27-development-book-volume-iii-1104-2111,1109,State Department for Water & Sanitation,1109103700,Drilling of Exploratory Boreholes,1109103701,Drilling of Exploratory Boreholes,2630200,Capital Grants to Government Agencies and other Levels of Government,exp,0,0,295000000,0,152,yes
fy-2026-27-development-book-volume-iii-1104-2111,1109,State Department for Water & Sanitation,1109103800,Development & Implementation of Sub Catchment Management Plans,1109103801,Development & Implementation of Sub Catchment Management Plans,2630200,Capital Grants to Government Agencies and other Levels of Government,exp,0,0,50000000,300000000,153,yes
fy-2026-27-development-book-volume-iii-1104-2111,1109,State Department for Water & Sanitation,1109103900,Construction and Rehabilitation of Water Resource Monitoring Station,1109103901,Construction and Rehabilitation of Water Resource Monitoring Station,2630200,Capital Grants to Government Agencies and other Levels of Government,exp,0,0,100000000,400000000,153,yes
fy-2026-27-development-book-volume-iii-1104-2111,1109,State Department for Water & Sanitation,1109104000,Water Abstraction and Pollution Control Surveys,1109104001,Water Abstraction and Pollution Control Surveys,2630200,Capital Grants to Government Agencies and other Levels of Government,exp,0,0,93000000,100000000,153,yes
fy-2026-27-development-book-volume-iii-1104-2111,1109,State Department for Water & Sanitation,1109104100,Kikuyu Springs Groundwater Conservation,1109104101,Kikuyu Springs Groundwater Conservation,2630200,Capital Grants to Government Agencies and other Levels of Government,exp,0,0,166000000,0,153,yes
fy-2026-27-development-book-volume-iii-1104-2111,1109,State Department for Water & Sanitation,1109104200,Lamu Groundwater Conservation,1109104201,Lamu Groundwater Conservation,2630200,Capital Grants to Government Agencies and other Levels of Government,exp,0,0,150000000,0,153,yes
fy-2026-27-development-book-volume-iii-1104-2111,1109,State Department for Water & Sanitation,1109104400,Kiambere -Mwingi Water Supply and sanitation project,1109104401,Kiambere -Mwingi Water Supply and sanitation project,2630200,Capital Grants to Government Agencies and other Levels of Government,exp,14000000,350000000,916600000,0,154,yes
fy-2026-27-development-book-volume-iii-1104-2111,1109,State Department for Water & Sanitation,1109104400,Kiambere -Mwingi Water Supply and sanitation project,1109104401,Kiambere -Mwingi Water Supply and sanitation project,5120200,Foreign Borrowing - Direct Payments,aia,0,300000000,844600000,0,154,yes
fy-2026-27-development-book-volume-iii-1104-2111,1109,State Department for Water & Sanitation,1109104700,Masinga-Ikalakala-Ikaatine Water Supply Project,1109104701,Masinga-Ikalakala-Ikaatine Water Supply Project,2630200,Capital Grants to Government Agencies and other Levels of Government,exp,5000000,0,0,0,154,yes
fy-2026-27-development-book-volume-iii-1104-2111,1109,State Department for Water & Sanitation,1109104800,Drilling and equipping of Boreholes,1109104801,Drilling and equipping of Boreholes,2630200,Capital Grants to Government Agencies and other Levels of Government,exp,45000000,110000000,0,0,154,yes
fy-2026-27-development-book-volume-iii-1104-2111,1109,State Department for Water & Sanitation,1109104800,Drilling and equipping of Boreholes,1109104802,Kibotany Borehole,2630200,Capital Grants to Government Agencies and other Levels of Government,exp,0,10000000,0,0,154,yes
fy-2026-27-development-book-volume-iii-1104-2111,1109,State Department for Water & Sanitation,1109104800,Drilling and equipping of Boreholes,1109104803,Kiptulwe Borehole,2630200,Capital Grants to Government Agencies and other Levels of Government,exp,0,10000000,0,0,154,yes
fy-2026-27-development-book-volume-iii-1104-2111,1109,State Department for Water & Sanitation,1109105000,Water Supply and Sanitation for the Urban Poor,1109105001,Water Supply and Sanitation for the Urban Poor,2630200,Capital Grants to Government Agencies and other Levels of Government,exp,28000000,130000000,337000000,0,154,yes
fy-2026-27-development-book-volume-iii-1104-2111,1109,State Department for Water & Sanitation,1109105300,Vihiga Cluster Project,1109105301,Vihiga Cluster Project,2630200,Capital Grants to Government Agencies and other Levels of Government,exp,56000000,0,0,0,155,yes
fy-2026-27-development-book-volume-iii-1104-2111,1109,State Department for Water & Sanitation,1109105400,Sirisia-Chwele (Koica),1109105401,Sirisia-Chwele (Koica),2630200,Capital Grants to Government Agencies and other Levels of Government,exp,6000000,0,0,0,155,yes
fy-2026-27-development-book-volume-iii-1104-2111,1109,State Department for Water & Sanitation,1109105500,Moi's Bridge-Matunda Water and Sewerage Project,1109105501,Moi's Bridge-Matunda Water and Sewerage Project,2630200,Capital Grants to Government Agencies and other Levels of Government,exp,109000000,400000000,499000000,0,155,yes
fy-2026-27-development-book-volume-iii-1104-2111,1109,State Department for Water & Sanitation,1109105600,Malava Gravity Scheme,1109105601,Malava Gravity Scheme,2630200,Capital Grants to Government Agencies and other Levels of Government,exp,100000000,400000000,500000000,655000000,155,yes
fy-2026-27-development-book-volume-iii-1104-2111,1109,State Department for Water & Sanitation,1109105800,Kenya Groundwater mapping Program,1109105801,Kenya Groundwater mapping Program,2630200,Capital Grants to Government Agencies and other Levels of Government,exp,35000000,50000000,100000000,280000000,155,yes
fy-2026-27-development-book-volume-iii-1104-2111,1109,State Department for Water & Sanitation,1109106000,Installation of National Water quality monitoring network stations,1109106001,Installation of National Water quality monitoring network stations,2630200,Capital Grants to Government Agencies and other Levels of Government,exp,0,12000000,0,0,156,yes
fy-2026-27-development-book-volume-iii-1104-2111,1109,State Department for Water & Sanitation,1109106100,Installation of Hydrometeorological network under IGAD-HYCOS,1109106101,Installation of Hydrometeorological network under IGAD-HYCOS,2630200,Capital Grants to Government Agencies and other Levels of Government,exp,0,0,100000000,100000000,156,yes
fy-2026-27-development-book-volume-iii-1104-2111,1109,State Department for Water & Sanitation,1109106300,Maua water and drainage project,1109106301,Maua water and drainage project,2630200,Capital Grants to Government Agencies and other Levels of Government,exp,25000000,153000000,0,0,156,yes
fy-2026-27-development-book-volume-iii-1104-2111,1109,State Department for Water & Sanitation,1109106900,Kocholia Trans-boundary Multipurpose Project,1109106901,ocholia Trans-boundary Multipurpose Project,2630200,Capital Grants to Government Agencies and other Levels of Government,exp,20000000,40000000,46000000,200000000,156,yes
fy-2026-27-development-book-volume-iii-1104-2111,1109,State Department for Water & Sanitation,1109107400,Mavoko Water Supply,1109107401,Mavoko Water Supply,2630200,Capital Grants to Government Agencies and other Levels of Government,exp,0,300000000,300000000,252000000,156,yes
fy-2026-27-development-book-volume-iii-1104-2111,1109,State Department for Water & Sanitation,1109107800,Kenya Towns Sustainable Water Supply and Sanitation Programme-,1109107801,Kenya Towns Sustainable Water Supply and Sanitation Programme-,2630200,Capital Grants to Government Agencies and other Levels of Government 1759,exp,2180000000,1568000000,200000000,434800000,156,yes
fy-2026-27-development-book-volume-iii-1104-2111,1109,State Department for Water & Sanitation,1109107800,Kenya Towns Sustainable Water Supply and Sanitation Programme-,1109107801,Kenya Towns Sustainable Water Supply and Sanitation Programme-,5120200,Foreign Borrowing - Direct Payments,aia,1900000000,1368000000,0,0,157,yes
fy-2026-27-development-book-volume-iii-1104-2111,1109,State Department for Water & Sanitation,1109107800,Kenya Towns Sustainable Water Supply and Sanitation Programme-,1109107801,Kenya Towns Sustainable Water Supply and Sanitation Programme-,1320200,Grants from International Organizations,aia,80000000,0,0,0,157,yes
fy-2026-27-development-book-volume-iii-1104-2111,1109,State Department for Water & Sanitation,1109107900,Kenya Towns Sustainable Water Supply and Sanitation Programme-,1109107901,Kenya Towns Sustainable Water Supply and Sanitation Programme-,2630200,Capital Grants to Government Agencies and other Levels of Government,exp,795000000,977000000,300000000,300000000,157,yes
fy-2026-27-development-book-volume-iii-1104-2111,1109,State Department for Water & Sanitation,1109107900,Kenya Towns Sustainable Water Supply and Sanitation Programme-,1109107901,Kenya Towns Sustainable Water Supply and Sanitation Programme-,5120200,Foreign Borrowing - Direct Payments,aia,645000000,777000000,0,0,157,yes
fy-2026-27-development-book-volume-iii-1104-2111,1109,State Department for Water & Sanitation,1109107900,Kenya Towns Sustainable Water Supply and Sanitation Programme-,1109107902,Kenya Towns Water Supply and Sanitation -Machakos,2630200,Capital Grants to Government Agencies and other Levels of Government,exp,200000000,200000000,0,0,157,yes
fy-2026-27-development-book-volume-iii-1104-2111,1109,State Department for Water & Sanitation,1109108100,Thika & Githunguri Water and Sanitation Project,1109108101,Thika & Githunguri Water and Sanitation Project,2630200,Capital Grants to Government Agencies and other Levels of Government,exp,100000000,40000000,713000000,4500000000,157,yes
fy-2026-27-development-book-volume-iii-1104-2111,1109,State Department for Water & Sanitation,1109108100,Thika & Githunguri Water and Sanitation Project,1109108101,Thika & Githunguri Water and Sanitation Project,5120200,Foreign Borrowing - Direct Payments,aia,100000000,0,0,0,157,yes
fy-2026-27-development-book-volume-iii-1104-2111,1109,State Department for Water & Sanitation,1109108200,Wote Water Supply & Sanitation Project,1109108201,Wote Water Supply & Sanitation Project,2630200,Capital Grants to Government Agencies and other Levels of Government,exp,35000000,242000000,0,0,157,yes
fy-2026-27-development-book-volume-iii-1104-2111,1109,State Department for Water & Sanitation,1109108400,Soin - Koru Dam,1109108401,Soin - Koru Dam,2630200,Capital Grants to Government Agencies and other Levels of Government,exp,0,0,360000000,2408000000,158,yes
fy-2026-27-development-book-volume-iii-1104-2111,1109,State Department for Water & Sanitation,1109108500,Bosto dam,1109108501,Bosto dam,2630200,Capital Grants to Government Agencies and other Levels of Government,exp,0,0,631500000,1000000000,158,yes
fy-2026-27-development-book-volume-iii-1104-2111,1109,State Department for Water & Sanitation,1109108700,Flood Control Works,1109108701,Flood Control Works,2630200,Capital Grants to Government Agencies and other Levels of Government,exp,80000000,100000000,400000000,1155000000,158,yes
fy-2026-27-development-book-volume-iii-1104-2111,1109,State Department for Water & Sanitation,1109108700,Flood Control Works,1109108703,West Kano Dykes,2630200,Capital Grants to Government Agencies and other Levels of Government,exp,50000000,0,0,0,158,yes
fy-2026-27-development-book-volume-iii-1104-2111,1109,State Department for Water & Sanitation,1109108700,Flood Control Works,1109108704,River Nzoia Dykes,2630200,Capital Grants to Government Agencies and other Levels of Government,exp,30000000,0,0,0,158,yes
fy-2026-27-development-book-volume-iii-1104-2111,1109,State Department for Water & Sanitation,1109109000,Chemususu Dam Water Supply Project,1109109001,Chemususu Dam Water Supply Project,2630200,Capital Grants to Government Agencies and other Levels of Government,exp,160000000,300000000,400000000,500000000,158,yes
fy-2026-27-development-book-volume-iii-1104-2111,1109,State Department for Water & Sanitation,1109109500,Soy-Kosachei Water Project,1109109501,Soy-Kosachei Water Project,2630200,Capital Grants to Government Agencies and other Levels of Government,exp,50000000,0,0,0,158,yes
fy-2026-27-development-book-volume-iii-1104-2111,1109,State Department for Water & Sanitation,1109109700,Siyoi-Muruny Water Project,1109109701,Siyoi-Muruny Water Project,2630200,Capital Grants to Government Agencies and other Levels of Government,exp,1100000000,1266000000,200000000,0,159,yes
fy-2026-27-development-book-volume-iii-1104-2111,1109,State Department for Water & Sanitation,1109109800,National Water Storage and Harvesting Authority Projects,1109109822,Chepkorngong Community Borehole Bomet,2630200,Capital Grants to Government Agencies and other Levels of Government,exp,15000000,0,0,0,159,yes
fy-2026-27-development-book-volume-iii-1104-2111,1109,State Department for Water & Sanitation,1109109800,National Water Storage and Harvesting Authority Projects,1109109823,Eburu Secondary School - Gilgil,2630200,Capital Grants to Government Agencies and other Levels of Government,exp,15000000,0,0,0,159,yes
fy-2026-27-development-book-volume-iii-1104-2111,1109,State Department for Water & Sanitation,1109109800,National Water Storage and Harvesting Authority Projects,1109109824,Eshirumbwe Borehole Water Project,2630200,Capital Grants to Government Agencies and other Levels of Government,exp,5000000,0,0,0,159,yes
fy-2026-27-development-book-volume-iii-1104-2111,1109,State Department for Water & Sanitation,1109109800,National Water Storage and Harvesting Authority Projects,1109109825,Gatwikira Primary School,2630200,Capital Grants to Government Agencies and other Levels of Government,exp,15000000,0,0,0,159,yes
fy-2026-27-development-book-volume-iii-1104-2111,1109,State Department for Water & Sanitation,1109109800,National Water Storage and Harvesting Authority Projects,1109109826,Gitare Sec School,2630200,Capital Grants to Government Agencies and other Levels of Government,exp,15000000,0,0,0,159,yes
fy-2026-27-development-book-volume-iii-1104-2111,1109,State Department for Water & Sanitation,1109109800,National Water Storage and Harvesting Authority Projects,1109109827,Indangalasia Borehole Water Project,2630200,Capital Grants to Government Agencies and other Levels of Government,exp,5000000,0,0,0,159,yes
fy-2026-27-development-book-volume-iii-1104-2111,1109,State Department for Water & Sanitation,1109109800,National Water Storage and Harvesting Authority Projects,1109109828,Kahuho Secondary,2630200,Capital Grants to Government Agencies and other Levels of Government,exp,15000000,0,0,0,159,yes
fy-2026-27-development-book-volume-iii-1104-2111,1109,State Department for Water & Sanitation,1109109800,National Water Storage and Harvesting Authority Projects,1109109829,Kapein,2630200,Capital Grants to Government Agencies and other Levels of Government,exp,15000000,0,0,0,160,yes
fy-2026-27-development-book-volume-iii-1104-2111,1109,State Department for Water & Sanitation,1109109800,National Water Storage and Harvesting Authority Projects,1109109830,Kaplutiet Primary Kericho,2630200,Capital Grants to Government Agencies and other Levels of Government,exp,15000000,0,0,0,160,yes
fy-2026-27-development-book-volume-iii-1104-2111,1109,State Department for Water & Sanitation,1109109800,National Water Storage and Harvesting Authority Projects,1109109831,Kapngetuny Secondary School,2630200,Capital Grants to Government Agencies and other Levels of Government,exp,5000000,0,0,0,160,yes
fy-2026-27-development-book-volume-iii-1104-2111,1109,State Department for Water & Sanitation,1109109800,National Water Storage and Harvesting Authority Projects,1109109832,Kaptich Secondary School Kipkelion,2630200,Capital Grants to Government Agencies and other Levels of Government,exp,15000000,0,0,0,160,yes
fy-2026-27-development-book-volume-iii-1104-2111,1109,State Department for Water & Sanitation,1109109800,National Water Storage and Harvesting Authority Projects,1109109833,Kiereini Community Meru,2630200,Capital Grants to Government Agencies and other Levels of Government,exp,10000000,0,0,0,160,yes
fy-2026-27-development-book-volume-iii-1104-2111,1109,State Department for Water & Sanitation,1109109800,National Water Storage and Harvesting Authority Projects,1109109834,Kunyak Secondary School Kipkelion West,2630200,Capital Grants to Government Agencies and other Levels of Government,exp,15000000,0,0,0,160,yes
fy-2026-27-development-book-volume-iii-1104-2111,1109,State Department for Water & Sanitation,1109109800,National Water Storage and Harvesting Authority Projects,1109109835,Lawina Primary,2630200,Capital Grants to Government Agencies and other Levels of Government,exp,15000000,0,0,0,160,yes
fy-2026-27-development-book-volume-iii-1104-2111,1109,State Department for Water & Sanitation,1109109800,National Water Storage and Harvesting Authority Projects,1109109836,Makutano Community Borehole,2630200,Capital Grants to Government Agencies and other Levels of Government,exp,15000000,0,0,0,160,yes
fy-2026-27-development-book-volume-iii-1104-2111,1109,State Department for Water & Sanitation,1109109800,National Water Storage and Harvesting Authority Projects,1109109837,Michatha Secondary,2630200,Capital Grants to Government Agencies and other Levels of Government,exp,15000000,0,0,0,160,yes
fy-2026-27-development-book-volume-iii-1104-2111,1109,State Department for Water & Sanitation,1109109800,National Water Storage and Harvesting Authority Projects,1109109838,Michinda Comprehensive and Community Borehole,2630200,Capital Grants to Government Agencies and other Levels of Government,exp,15000000,0,0,0,160,yes
fy-2026-27-development-book-volume-iii-1104-2111,1109,State Department for Water & Sanitation,1109109800,National Water Storage and Harvesting Authority Projects,1109109839,Molo Moto,2630200,Capital Grants to Government Agencies and other Levels of Government,exp,15000000,0,0,0,160,yes
fy-2026-27-development-book-volume-iii-1104-2111,1109,State Department for Water & Sanitation,1109109800,National Water Storage and Harvesting Authority Projects,1109109840,Mona ECD,2630200,Capital Grants to Government Agencies and other Levels of Government,exp,15000000,0,0,0,161,yes
fy-2026-27-development-book-volume-iii-1104-2111,1109,State Department for Water & Sanitation,1109109800,National Water Storage and Harvesting Authority Projects,1109109841,Murindat Primary School,2630200,Capital Grants to Government Agencies and other Levels of Government,exp,15000000,0,0,0,161,yes
fy-2026-27-development-book-volume-iii-1104-2111,1109,State Department for Water & Sanitation,1109109800,National Water Storage and Harvesting Authority Projects,1109109842,Mutarakwa Taragonik,2630200,Capital Grants to Government Agencies and other Levels of Government,exp,15000000,0,0,0,161,yes
fy-2026-27-development-book-volume-iii-1104-2111,1109,State Department for Water & Sanitation,1109109800,National Water Storage and Harvesting Authority Projects,1109109843,Ndunyu Njeru school,2630200,Capital Grants to Government Agencies and other Levels of Government,exp,15000000,0,0,0,161,yes
fy-2026-27-development-book-volume-iii-1104-2111,1109,State Department for Water & Sanitation,1109109800,National Water Storage and Harvesting Authority Projects,1109109844,Oleoturat Sec School Narok,2630200,Capital Grants to Government Agencies and other Levels of Government,exp,10000000,0,0,0,161,yes
fy-2026-27-development-book-volume-iii-1104-2111,1109,State Department for Water & Sanitation,1109109800,National Water Storage and Harvesting Authority Projects,1109109845,St. Marys Mixed Primary School,2630200,Capital Grants to Government Agencies and other Levels of Government,exp,15000000,0,0,0,161,yes
fy-2026-27-development-book-volume-iii-1104-2111,1109,State Department for Water & Sanitation,1109109800,National Water Storage and Harvesting Authority Projects,1109109846,Strobag Primary School,2630200,Capital Grants to Government Agencies and other Levels of Government,exp,5000000,0,0,0,161,yes
fy-2026-27-development-book-volume-iii-1104-2111,1109,State Department for Water & Sanitation,1109109800,National Water Storage and Harvesting Authority Projects,1109109847,Teachers Primary,2630200,Capital Grants to Government Agencies and other Levels of Government,exp,15000000,0,0,0,161,yes
fy-2026-27-development-book-volume-iii-1104-2111,1109,State Department for Water & Sanitation,1109109800,National Water Storage and Harvesting Authority Projects,1109109848,Thuluma Community Meru,2630200,Capital Grants to Government Agencies and other Levels of Government,exp,15000000,0,0,0,161,yes
fy-2026-27-development-book-volume-iii-1104-2111,1109,State Department for Water & Sanitation,1109109800,National Water Storage and Harvesting Authority Projects,1109109849,Timoo Primary and Community Borehole,2630200,Capital Grants to Government Agencies and other Levels of Government,exp,15000000,0,0,0,161,yes
fy-2026-27-development-book-volume-iii-1104-2111,1109,State Department for Water & Sanitation,1109109800,National Water Storage and Harvesting Authority Projects,1109109850,Turi Farmers Area,2630200,Capital Grants to Government Agencies and other Levels of Government,exp,15000000,0,0,0,162,yes
fy-2026-27-development-book-volume-iii-1104-2111,1109,State Department for Water & Sanitation,1109109800,National Water Storage and Harvesting Authority Projects,1109109851,Turumeti Secondary School Narok,2630200,Capital Grants to Government Agencies and other Levels of Government,exp,15000000,0,0,0,162,yes
fy-2026-27-development-book-volume-iii-1104-2111,1109,State Department for Water & Sanitation,1109109900,Ithanga Water Supply,1109109901,Ithanga Water Supply,2630200,Capital Grants to Government Agencies and other Levels of Government,exp,147000000,0,0,0,162,yes
fy-2026-27-development-book-volume-iii-1104-2111,1109,State Department for Water & Sanitation,1109109900,Ithanga Water Supply,1109109901,Ithanga Water Supply,5120200,Foreign Borrowing - Direct Payments,aia,10000000,0,0,0,162,yes
fy-2026-27-development-book-volume-iii-1104-2111,1109,State Department for Water & Sanitation,1109110000,West Karachuonyo Water Supply,1109110001,West Karachuonyo Water Supply,2630200,Capital Grants to Government Agencies and other Levels of Government,exp,230000000,35000000,0,0,162,yes
fy-2026-27-development-book-volume-iii-1104-2111,1109,State Department for Water & Sanitation,1109110400,Public Participation Water Supply Projects,1109110422,Borehole at Ombasa Primary School,2630200,Capital Grants to Government Agencies and other Levels of Government,exp,10000000,0,0,0,162,yes
fy-2026-27-development-book-volume-iii-1104-2111,1109,State Department for Water & Sanitation,1109110400,Public Participation Water Supply Projects,1109110423,Kapkoros Water Pan Project,2630200,Capital Grants to Government Agencies and other Levels of Government,exp,16000000,0,0,0,162,yes
fy-2026-27-development-book-volume-iii-1104-2111,1109,State Department for Water & Sanitation,1109110400,Public Participation Water Supply Projects,1109110425,Borehole at St. Mathew Group of Schools,2630200,Capital Grants to Government Agencies and other Levels of Government,exp,16000000,0,0,0,162,yes
fy-2026-27-development-book-volume-iii-1104-2111,1109,State Department for Water & Sanitation,1109110400,Public Participation Water Supply Projects,1109110426,Chebiemit Dam,2630200,Capital Grants to Government Agencies and other Levels of Government,exp,25000000,0,0,0,163,yes
fy-2026-27-development-book-volume-iii-1104-2111,1109,State Department for Water & Sanitation,1109110400,Public Participation Water Supply Projects,1109110427,Kipchawat Primary School Borehole,2630200,Capital Grants to Government Agencies and other Levels of Government,exp,10000000,0,0,0,163,yes
fy-2026-27-development-book-volume-iii-1104-2111,1109,State Department for Water & Sanitation,1109110400,Public Participation Water Supply Projects,1109110428,Chebokokwa Primary School Borehole,2630200,Capital Grants to Government Agencies and other Levels of Government,exp,10000000,0,0,0,163,yes
fy-2026-27-development-book-volume-iii-1104-2111,1109,State Department for Water & Sanitation,1109110400,Public Participation Water Supply Projects,1109110429,Lamaon Primary School Borehole,2630200,Capital Grants to Government Agencies and other Levels of Government,exp,10000000,0,0,0,163,yes
fy-2026-27-development-book-volume-iii-1104-2111,1109,State Department for Water & Sanitation,1109110400,Public Participation Water Supply Projects,1109110430,Chemwabul Dam,2630200,Capital Grants to Government Agencies and other Levels of Government,exp,25000000,0,0,0,163,yes
fy-2026-27-development-book-volume-iii-1104-2111,1109,State Department for Water & Sanitation,1109110400,Public Participation Water Supply Projects,1109110431,Rehabilitation of Biliq Water Pan,2630200,Capital Grants to Government Agencies and other Levels of Government,exp,15000000,0,0,0,163,yes
fy-2026-27-development-book-volume-iii-1104-2111,1109,State Department for Water & Sanitation,1109110400,Public Participation Water Supply Projects,1109110432,Lensayu Waterpan in Korondile,2630200,Capital Grants to Government Agencies and other Levels of Government,exp,15000000,0,0,0,163,yes
fy-2026-27-development-book-volume-iii-1104-2111,1109,State Department for Water & Sanitation,1109110400,Public Participation Water Supply Projects,1109110433,Eedweyn Borehole,2630200,Capital Grants to Government Agencies and other Levels of Government,exp,15000000,0,0,0,163,yes
fy-2026-27-development-book-volume-iii-1104-2111,1109,State Department for Water & Sanitation,1109110400,Public Participation Water Supply Projects,1109110434,Raraiti Borehole,2630200,Capital Grants to Government Agencies and other Levels of Government,exp,12000000,0,0,0,163,yes
fy-2026-27-development-book-volume-iii-1104-2111,1109,State Department for Water & Sanitation,1109110400,Public Participation Water Supply Projects,1109110435,Segera Ward Household Water Pans,2630200,Capital Grants to Government Agencies and other Levels of Government,exp,19000000,0,0,0,163,yes
fy-2026-27-development-book-volume-iii-1104-2111,1109,State Department for Water & Sanitation,1109110400,Public Participation Water Supply Projects,1109110436,Muwarak Primary School Borehole - Sosian Ward,2630200,Capital Grants to Government Agencies and other Levels of Government,exp,10000000,0,0,0,163,yes
fy-2026-27-development-book-volume-iii-1104-2111,1109,State Department for Water & Sanitation,1109110400,Public Participation Water Supply Projects,1109110437,Kaharati Water Pan - Olmoran Ward,2630200,Capital Grants to Government Agencies and other Levels of Government,exp,29000000,0,0,0,164,yes
fy-2026-27-development-book-volume-iii-1104-2111,1109,State Department for Water & Sanitation,1109110400,Public Participation Water Supply Projects,1109110438,Wamura Water Pan,2630200,Capital Grants to Government Agencies and other Levels of Government,exp,20000000,0,0,0,164,yes
fy-2026-27-development-book-volume-iii-1104-2111,1109,State Department for Water & Sanitation,1109110400,Public Participation Water Supply Projects,1109110439,Laikipia East Household Water Pan,2630200,Capital Grants to Government Agencies and other Levels of Government,exp,27000000,0,0,0,164,yes
fy-2026-27-development-book-volume-iii-1104-2111,1109,State Department for Water & Sanitation,1109110400,Public Participation Water Supply Projects,1109110440,Gaikuru Water Project,2630200,Capital Grants to Government Agencies and other Levels of Government,exp,6000000,0,0,0,164,yes
fy-2026-27-development-book-volume-iii-1104-2111,1109,State Department for Water & Sanitation,1109110400,Public Participation Water Supply Projects,1109110441,Kiawata Borehole,2630200,Capital Grants to Government Agencies and other Levels of Government,exp,7000000,0,0,0,164,yes
fy-2026-27-development-book-volume-iii-1104-2111,1109,State Department for Water & Sanitation,1109110400,Public Participation Water Supply Projects,1109110442,Wanjithi Borehole,2630200,Capital Grants to Government Agencies and other Levels of Government,exp,7000000,0,0,0,164,yes
fy-2026-27-development-book-volume-iii-1104-2111,1109,State Department for Water & Sanitation,1109110400,Public Participation Water Supply Projects,1109110443,Kamanga Water Project,2630200,Capital Grants to Government Agencies and other Levels of Government,exp,3000000,0,0,0,164,yes
fy-2026-27-development-book-volume-iii-1104-2111,1109,State Department for Water & Sanitation,1109110400,Public Participation Water Supply Projects,1109110444,Water Pan in Angoro within Awasi /Onjiko Ward,2630200,Capital Grants to Government Agencies and other Levels of Government,exp,3000000,0,0,0,164,yes
fy-2026-27-development-book-volume-iii-1104-2111,1109,State Department for Water & Sanitation,1109110400,Public Participation Water Supply Projects,1109110445,Water Supply project at at Ogande Girls School,2630200,Capital Grants to Government Agencies and other Levels of Government,exp,3000000,0,0,0,164,yes
fy-2026-27-development-book-volume-iii-1104-2111,1109,State Department for Water & Sanitation,1109110400,Public Participation Water Supply Projects,1109110446,Kang'oria Pan Dam in Silale Ward,2630200,Capital Grants to Government Agencies and other Levels of Government,exp,3000000,0,0,0,164,yes
fy-2026-27-development-book-volume-iii-1104-2111,1109,State Department for Water & Sanitation,1109110400,Public Participation Water Supply Projects,1109110447,Borehole at Mwanjili Bomenyi,2630200,Capital Grants to Government Agencies and other Levels of Government,exp,1000000,0,0,0,165,yes
fy-2026-27-development-book-volume-iii-1104-2111,1109,State Department for Water & Sanitation,1109110400,Public Participation Water Supply Projects,1109110448,Buathunaro Water Reservoir,2630200,Capital Grants to Government Agencies and other Levels of Government,exp,3000000,0,0,0,165,yes
fy-2026-27-development-book-volume-iii-1104-2111,1109,State Department for Water & Sanitation,1109110700,Rehabilitation of Nolturesh Water Supply,1109110701,Rehabilitation of Nolturesh Water Supply,2630200,Capital Grants to Government Agencies and other Levels of Government,exp,0,0,88000000,80000000,165,yes
fy-2026-27-development-book-volume-iii-1104-2111,1109,State Department for Water & Sanitation,1109111100,Water Sector Trust Fund (Phase III),1109111101,Water Sector Trust Fund (Phase III),2630200,Capital Grants to Government Agencies and other Levels of Government,exp,0,70000000,0,0,165,yes
fy-2026-27-development-book-volume-iii-1104-2111,1109,State Department for Water & Sanitation,1109111400,Kenya Towns Sustainable Water Supply & Sanitation Program- Athi -,1109111401,Kenya Towns Sustainable Water Supply & Sanitation Programme -,2630200,Capital Grants to Government Agencies and other Levels of Government,exp,730000000,445000000,114000000,0,165,yes
fy-2026-27-development-book-volume-iii-1104-2111,1109,State Department for Water & Sanitation,1109111400,Kenya Towns Sustainable Water Supply & Sanitation Program- Athi -,1109111401,Kenya Towns Sustainable Water Supply & Sanitation Programme -,5120200,Foreign Borrowing - Direct Payments,aia,555000000,95000000,0,0,165,yes
fy-2026-27-development-book-volume-iii-1104-2111,1109,State Department for Water & Sanitation,1109111500,Umaa Dam,1109111501,Umaa Dam,2630200,Capital Grants to Government Agencies and other Levels of Government,exp,300000000,140000000,929000000,680000000,165,yes
fy-2026-27-development-book-volume-iii-1104-2111,1109,State Department for Water & Sanitation,1109111600,Badasa Dam,1109111601,Badasa Dam,2630200,Capital Grants to Government Agencies and other Levels of Government,exp,0,0,1000000000,1766500000,166,yes
fy-2026-27-development-book-volume-iii-1104-2111,1109,State Department for Water & Sanitation,1109111700,Karimenu II Dam Water Supply Project,1109111701,Karimenu II Dam Water Supply Project,2630200,Capital Grants to Government Agencies and other Levels of Government,exp,50000000,0,100000000,200000000,166,yes
fy-2026-27-development-book-volume-iii-1104-2111,1109,State Department for Water & Sanitation,1109111800,Lake Nakuru Biodiversity Conservation Project,1109111801,Lake Nakuru Biodiversity Conservation Project,2630200,Capital Grants to Government Agencies and other Levels of Government,exp,200000000,1750000000,2638000000,1444000000,166,yes
fy-2026-27-development-book-volume-iii-1104-2111,1109,State Department for Water & Sanitation,1109111800,Lake Nakuru Biodiversity Conservation Project,1109111801,Lake Nakuru Biodiversity Conservation Project,5120200,Foreign Borrowing - Direct Payments,aia,200000000,1700000000,2538000000,1344000000,166,yes
fy-2026-27-development-book-volume-iii-1104-2111,1109,State Department for Water & Sanitation,1109112300,Ending Drought Emergencies: Support To Drought Risk Management,1109112301,Ending Drought Emergencies: Climate-Proofed Infrastructure,2630200,Capital Grants to Government Agencies and other Levels of Government,exp,60000000,0,84000000,0,166,yes
fy-2026-27-development-book-volume-iii-1104-2111,1109,State Department for Water & Sanitation,1109112700,Water and Sanitation Development Project (WSDP),1109112701,Water and Sanitation Development Project (WSDP),2630200,Capital Grants to Government Agencies and other Levels of Government,exp,3600000000,520000000,10000000,10000000,166,yes
fy-2026-27-development-book-volume-iii-1104-2111,1109,State Department for Water & Sanitation,1109112700,Water and Sanitation Development Project (WSDP),1109112701,Water and Sanitation Development Project (WSDP),5120200,Foreign Borrowing - Direct Payments 1769,aia,100000000,0,0,0,166,yes
fy-2026-27-development-book-volume-iii-1104-2111,1109,State Department for Water & Sanitation,1109113100,Mathira Water Supply Project,1109113101,Mathira Water Supply Project,2630200,Capital Grants to Government Agencies and other Levels of Government,exp,130000000,120000000,0,0,167,yes
fy-2026-27-development-book-volume-iii-1104-2111,1109,State Department for Water & Sanitation,1109113500,Homa Bay Water Supply Improvement Project,1109113501,Homa Bay Water Supply Improvement Project,2630200,Capital Grants to Government Agencies and other Levels of Government,exp,20000000,45000000,0,0,167,yes
fy-2026-27-development-book-volume-iii-1104-2111,1109,State Department for Water & Sanitation,1109113800,Naivasha Industrial Park Water Supply Project,1109113801,Naivasha Industrial Park Water Supply Project,2630200,Capital Grants to Government Agencies and other Levels of Government,exp,0,0,135000000,185000000,167,yes
fy-2026-27-development-book-volume-iii-1104-2111,1109,State Department for Water & Sanitation,1109114100,Dongo Kundu Water Supply Project - BETA,1109114101,Dongo Kundu Water Spply Project - Big Four,2630200,Capital Grants to Government Agencies and other Levels of Government,exp,30000000,55000000,0,0,167,yes
fy-2026-27-development-book-volume-iii-1104-2111,1109,State Department for Water & Sanitation,1109114200,Saudi Water Fund for Development,1109114201,Saudi Water Fund for Development,2630200,Capital Grants to Government Agencies and other Levels of Government,exp,0,0,0,48000000,167,yes
fy-2026-27-development-book-volume-iii-1104-2111,1109,State Department for Water & Sanitation,1109114600,Yamo Dam,1109114601,Yamo Dam,2630200,Capital Grants to Government Agencies and other Levels of Government,exp,80000000,574000000,0,0,168,yes
fy-2026-27-development-book-volume-iii-1104-2111,1109,State Department for Water & Sanitation,1109114700,Water Harvesting Projects - NWWWDA,1109114701,Water Harvesting Projects - NWWWDA,2630200,Capital Grants to Government Agencies and other Levels of Government,exp,70000000,70000000,0,0,168,yes
fy-2026-27-development-book-volume-iii-1104-2111,1109,State Department for Water & Sanitation,1109114800,Rehabilitation of Water Supplies - Tana Water Services Board (WSB),1109114801,Rehabilitation of Water Supplies - Tana Water Services Board (WSB),2630200,Capital Grants to Government Agencies and other Levels of Government,exp,0,0,100000000,426000000,168,yes
fy-2026-27-development-book-volume-iii-1104-2111,1109,State Department for Water & Sanitation,1109114900,Rehabilitation of Water Supplies - CRVWWDA,1109114901,Rehabilitation of Water Supplies - CRVWWDA,2630200,Capital Grants to Government Agencies and other Levels of Government,exp,40000000,90000000,161000000,0,168,yes
fy-2026-27-development-book-volume-iii-1104-2111,1109,State Department for Water & Sanitation,1109115200,Thwake MultiPurpose Water Development Program Phase I - BETA,1109115201,Headquarters,2630200,Capital Grants to Government Agencies and other Levels of Government,exp,432897000,2350000000,2470400000,4102900000,168,yes
fy-2026-27-development-book-volume-iii-1104-2111,1109,State Department for Water & Sanitation,1109115200,Thwake MultiPurpose Water Development Program Phase I - BETA,1109115201,Headquarters,5120200,Foreign Borrowing - Direct Payments,aia,329177000,2215300000,2266000000,3800000000,168,yes
fy-2026-27-development-book-volume-iii-1104-2111,1109,State Department for Water & Sanitation,1109115400,National Water Harvesting and Ground Water Exploitation - BETA,1109115401,National Water Harvesting and Ground Water Exploitation,2630200,Capital Grants to Government Agencies and other Levels of Government,exp,0,0,100000000,500000000,169,yes
fy-2026-27-development-book-volume-iii-1104-2111,1109,State Department for Water & Sanitation,1109115500,Water for Schools - BETA,1109115501,Water for Schools,2630200,Capital Grants to Government Agencies and other Levels of Government,exp,253000000,450000000,500000000,500000000,169,yes
fy-2026-27-development-book-volume-iii-1104-2111,1109,State Department for Water & Sanitation,1109115600,Improvement of Drinking Water & Sanitation Systems in Mombasa,1109115601,Improvement of Drinking Water & Sanitation Systems in Mombasa,2630200,Capital Grants to Government Agencies and other Levels of Government,exp,320000000,4300000000,2150000000,8304000000,169,yes
fy-2026-27-development-book-volume-iii-1104-2111,1109,State Department for Water & Sanitation,1109115600,Improvement of Drinking Water & Sanitation Systems in Mombasa,1109115601,Improvement of Drinking Water & Sanitation Systems in Mombasa,5120200,Foreign Borrowing - Direct Payments,aia,200000000,3700000000,2000000000,7969000000,169,yes
fy-2026-27-development-book-volume-iii-1104-2111,1109,State Department for Water & Sanitation,1109115700,Angololo Multipurpose Water Resources Development Project,1109115701,Angololo Multipurpose Water Resources Development Project,2630200,Capital Grants to Government Agencies and other Levels of Government,exp,20000000,50000000,234000000,300000000,169,yes
fy-2026-27-development-book-volume-iii-1104-2111,1109,State Department for Water & Sanitation,1109115800,Cross-County Bulk Water & Sanitation Services Improvement Prog,1109115801,Cross-County Bulk Water & Sanitation Services Improvement Prog -,2630200,Capital Grants to Government Agencies and other Levels of Government,exp,0,0,200000000,1598000000,169,yes
fy-2026-27-development-book-volume-iii-1104-2111,1109,State Department for Water & Sanitation,1109115900,Igembe North Water Supply Project,1109115901,Igembe North Water Supply Project,2630200,Capital Grants to Government Agencies and other Levels of Government,exp,0,0,100000000,1000000000,170,yes
fy-2026-27-development-book-volume-iii-1104-2111,1109,State Department for Water & Sanitation,1109116000,Evaluation of Surface & Groundwater Interaction using Isotope Tech,1109116001,Evaluation of Surface & Groundwater Interaction using Isotope Tech,2630200,Capital Grants to Government Agencies and other Levels of Government,exp,40000000,75000000,100000000,110000000,170,yes
fy-2026-27-development-book-volume-iii-1104-2111,1109,State Department for Water & Sanitation,1109116200,Establish the Aluminum Residues in Drinking Water,1109116201,Establish the Aluminum Residues in Drinking Water,2630200,Capital Grants to Government Agencies and other Levels of Government,exp,10000000,20000000,100000000,128000000,170,yes
fy-2026-27-development-book-volume-iii-1104-2111,1109,State Department for Water & Sanitation,1109116400,Rehabilitation of Water Supplies - Ijara Water Works,1109116401,Rehabilitation of Water Supplies - Ijara Water Works,2630200,Capital Grants to Government Agencies and other Levels of Government,exp,50000000,25000000,100000000,136000000,170,yes
fy-2026-27-development-book-volume-iii-1104-2111,1109,State Department for Water & Sanitation,1109117000,Affordable Housing Water Supply - BETA,1109117001,Affordable Housing Water Supply,2630200,Capital Grants to Government Agencies and other Levels of Government,exp,40000000,60000000,100000000,100000000,170,yes
fy-2026-27-development-book-volume-iii-1104-2111,1109,State Department for Water & Sanitation,1109117200,Water Supply for Manufacturing,1109117201,Kenanie Leather Industrial Park Water Supply,2630200,Capital Grants to Government Agencies and other Levels of Government,exp,85000000,20000000,0,0,171,yes
fy-2026-27-development-book-volume-iii-1104-2111,1109,State Department for Water & Sanitation,1109119000,National Water Harvesting and Ground Water Exploitation,1109119001,National Water Harvesting and Ground Water Exploitation,2630200,Capital Grants to Government Agencies and other Levels of Government,exp,0,0,300000000,500000000,171,yes
fy-2026-27-development-book-volume-iii-1104-2111,1109,State Department for Water & Sanitation,1109119000,National Water Harvesting and Ground Water Exploitation,1109119002,Dadantallai Eldas - Jukala - Waradey,2630200,Capital Grants to Government Agencies and other Levels of Government,exp,613000000,100000000,0,0,171,yes
fy-2026-27-development-book-volume-iii-1104-2111,1109,State Department for Water & Sanitation,1109119000,National Water Harvesting and Ground Water Exploitation,1109119009,Awal Yattani Main Dam,2630200,Capital Grants to Government Agencies and other Levels of Government,exp,30000000,4600000,0,0,171,yes
fy-2026-27-development-book-volume-iii-1104-2111,1109,State Department for Water & Sanitation,1109119000,National Water Harvesting and Ground Water Exploitation,1109119010,Kelmey Dam - Funan Teso,2630200,Capital Grants to Government Agencies and other Levels of Government,exp,10000000,7700000,0,0,171,yes
fy-2026-27-development-book-volume-iii-1104-2111,1109,State Department for Water & Sanitation,1109119000,National Water Harvesting and Ground Water Exploitation,1109119011,Darken Sadden Dam,2630200,Capital Grants to Government Agencies and other Levels of Government,exp,6000000,9300000,0,0,171,yes
fy-2026-27-development-book-volume-iii-1104-2111,1109,State Department for Water & Sanitation,1109119000,National Water Harvesting and Ground Water Exploitation,1109119012,Bass Gagura Dam - Chiracha,2630200,Capital Grants to Government Agencies and other Levels of Government,exp,7000000,10800000,0,0,171,yes
fy-2026-27-development-book-volume-iii-1104-2111,1109,State Department for Water & Sanitation,1109119000,National Water Harvesting and Ground Water Exploitation,1109119013,Dadach Ropisa Dam,2630200,Capital Grants to Government Agencies and other Levels of Government,exp,6000000,9300000,0,0,171,yes
fy-2026-27-development-book-volume-iii-1104-2111,1109,State Department for Water & Sanitation,1109119000,National Water Harvesting and Ground Water Exploitation,1109119014,Qarsahama Dam and Water Supply Project,2630200,Capital Grants to Government Agencies and other Levels of Government,exp,30000000,7700000,0,0,171,yes
fy-2026-27-development-book-volume-iii-1104-2111,1109,State Department for Water & Sanitation,1109119000,National Water Harvesting and Ground Water Exploitation,1109119015,Abakote Water Pan,2630200,Capital Grants to Government Agencies and other Levels of Government,exp,20000000,7700000,0,0,172,yes
fy-2026-27-development-book-volume-iii-1104-2111,1109,State Department for Water & Sanitation,1109119000,National Water Harvesting and Ground Water Exploitation,1109119016,Arda Hallo Water Pan,2630200,Capital Grants to Government Agencies and other Levels of Government,exp,10000000,7700000,0,0,172,yes
fy-2026-27-development-book-volume-iii-1104-2111,1109,State Department for Water & Sanitation,1109119000,National Water Harvesting and Ground Water Exploitation,1109119017,Madina Water Pan,2630200,Capital Grants to Government Agencies and other Levels of Government,exp,10000000,7700000,0,0,172,yes
fy-2026-27-development-book-volume-iii-1104-2111,1109,State Department for Water & Sanitation,1109119000,National Water Harvesting and Ground Water Exploitation,1109119018,Gambela Water Pan,2630200,Capital Grants to Government Agencies and other Levels of Government,exp,10000000,7700000,0,0,172,yes
fy-2026-27-development-book-volume-iii-1104-2111,1109,State Department for Water & Sanitation,1109119000,National Water Harvesting and Ground Water Exploitation,1109119019,Kanyagia Borehole,2630200,Capital Grants to Government Agencies and other Levels of Government,exp,10000000,0,0,0,172,yes
fy-2026-27-development-book-volume-iii-1104-2111,1109,State Department for Water & Sanitation,1109119000,National Water Harvesting and Ground Water Exploitation,1109119020,Chalaluma Dykes,2630200,Capital Grants to Government Agencies and other Levels of Government,exp,10000000,0,0,0,172,yes
fy-2026-27-development-book-volume-iii-1104-2111,1109,State Department for Water & Sanitation,1109119000,National Water Harvesting and Ground Water Exploitation,1109119021,Kirembe Pri School,2630200,Capital Grants to Government Agencies and other Levels of Government,exp,10000000,0,0,0,172,yes
fy-2026-27-development-book-volume-iii-1104-2111,1109,State Department for Water & Sanitation,1109119000,National Water Harvesting and Ground Water Exploitation,1109119022,Kyanika Borehole,2630200,Capital Grants to Government Agencies and other Levels of Government,exp,10000000,0,0,0,172,yes
fy-2026-27-development-book-volume-iii-1104-2111,1109,State Department for Water & Sanitation,1109119000,National Water Harvesting and Ground Water Exploitation,1109119023,Mranga Community Water Project,2630200,Capital Grants to Government Agencies and other Levels of Government,exp,10000000,0,0,0,172,yes
fy-2026-27-development-book-volume-iii-1104-2111,1109,State Department for Water & Sanitation,1109119000,National Water Harvesting and Ground Water Exploitation,1109119024,Kauria NkumboLast Mile Project,2630200,Capital Grants to Government Agencies and other Levels of Government,exp,10000000,0,0,0,172,yes
fy-2026-27-development-book-volume-iii-1104-2111,1109,State Department for Water & Sanitation,1109119000,National Water Harvesting and Ground Water Exploitation,1109119025,Ngiori Dam,2630200,Capital Grants to Government Agencies and other Levels of Government,exp,10000000,0,0,0,172,yes
fy-2026-27-development-book-volume-iii-1104-2111,1109,State Department for Water & Sanitation,1109119000,National Water Harvesting and Ground Water Exploitation,1109119026,Arabuko School Borehole,2630200,Capital Grants to Government Agencies and other Levels of Government,exp,10000000,0,0,0,173,yes
fy-2026-27-development-book-volume-iii-1104-2111,1109,State Department for Water & Sanitation,1109119000,National Water Harvesting and Ground Water Exploitation,1109119027,Layeya Water Pan,2630200,Capital Grants to Government Agencies and other Levels of Government,exp,10000000,0,0,0,173,yes
fy-2026-27-development-book-volume-iii-1104-2111,1109,State Department for Water & Sanitation,1109119000,National Water Harvesting and Ground Water Exploitation,1109119028,Ramagoon Water Project,2630200,Capital Grants to Government Agencies and other Levels of Government,exp,10000000,0,0,0,173,yes
fy-2026-27-development-book-volume-iii-1104-2111,1109,State Department for Water & Sanitation,1109119000,National Water Harvesting and Ground Water Exploitation,1109119029,Ganze Water Pan,2630200,Capital Grants to Government Agencies and other Levels of Government,exp,10000000,0,0,0,173,yes
fy-2026-27-development-book-volume-iii-1104-2111,1109,State Department for Water & Sanitation,1109119600,Monitoring and Evaluation of Projects,1109119601,Monitoring and Evaluation of Projects,2630200,Capital Grants to Government Agencies and other Levels of Government,exp,30000000,60000000,0,0,173,yes
fy-2026-27-development-book-volume-iii-1104-2111,1109,State Department for Water & Sanitation,1109119600,Monitoring and Evaluation of Projects,1109119602,Kenya Waters Master Plan,2630200,Capital Grants to Government Agencies and other Levels of Government,exp,0,20000000,0,0,173,yes
fy-2026-27-development-book-volume-iii-1104-2111,1109,State Department for Water & Sanitation,1109120500,Rehabilitation of Strategic Water Facilities - ESP,1109120501,Rehabilitation of Strategic Water Facilities - ESP,2630200,Capital Grants to Government Agencies and other Levels of Government,exp,100000000,0,0,0,173,yes
fy-2026-27-development-book-volume-iii-1104-2111,1109,State Department for Water & Sanitation,1109121300,Expansion Works for Dandora Estate Sewerage Treatment,1109121301,Expansion Works for Dandora Estate Sewerage Treatment,2630200,Capital Grants to Government Agencies and other Levels of Government,exp,220098785,300000000,300000000,513800000,174,yes
fy-2026-27-development-book-volume-iii-1104-2111,1109,State Department for Water & Sanitation,1109121700,Infrastructure Development at Kenya Water Institute (KEWI),1109121701,Infrastructure Development at Kenya Water Institute (KEWI),2630200,Capital Grants to Government Agencies and other Levels of Government,exp,100000000,150000000,500000000,500000000,174,yes
fy-2026-27-development-book-volume-iii-1104-2111,1109,State Department for Water & Sanitation,1109121900,Refurbishment of Maji House,1109121901,Refurbishment of Maji House,3111500,Rehabilitation of Civil Works,exp,15000000,0,0,0,174,yes
fy-2026-27-development-book-volume-iii-1104-2111,1109,State Department for Water & Sanitation,1109122000,Nairobi Water and Sanitation Project - Athi,1109122001,Nairobi Water and Sanitation Project - Athi,2630200,Capital Grants to Government Agencies and other Levels of Government,exp,1915000000,1515000000,3700000000,3876000000,174,yes
fy-2026-27-development-book-volume-iii-1104-2111,1109,State Department for Water & Sanitation,1109122000,Nairobi Water and Sanitation Project - Athi,1109122001,Nairobi Water and Sanitation Project - Athi,5120200,Foreign Borrowing - Direct Payments,aia,1200000000,1200000000,3500000000,3579000000,174,yes
fy-2026-27-development-book-volume-iii-1104-2111,1109,State Department for Water & Sanitation,1109122600,Sustainable Mgt. & Access to Water & Sanitation in the ASAL Project,1109122601,Sustainable Mgt. & Access to Water & Sanitation in the ASAL Project,2630200,Capital Grants to Government Agencies and other Levels of Government,exp,115000000,35000000,0,0,174,yes
fy-2026-27-development-book-volume-iii-1104-2111,1109,State Department for Water & Sanitation,1109122900,Improving Public Health & Tech. Skills of Youth Thru Sanitation Tech,1109122901,Improving Public Health & Tech. Skills of Youth Thru Sanitation Tech,2630200,Capital Grants to Government Agencies and other Levels of Government,exp,86000000,0,0,0,175,yes
fy-2026-27-development-book-volume-iii-1104-2111,1109,State Department for Water & Sanitation,1109122900,Improving Public Health & Tech. Skills of Youth Thru Sanitation Tech,1109122901,Improving Public Health & Tech. Skills of Youth Thru Sanitation Tech,5120200,Foreign Borrowing - Direct Payments,aia,60000000,0,0,0,175,yes
fy-2026-27-development-book-volume-iii-1104-2111,1109,State Department for Water & Sanitation,1109124100,Construction of Water Pans & Small Dams - NWWDA,1109124101,Construction of Water Pans & Small Dams - NWWDA,2630200,Capital Grants to Government Agencies and other Levels of Government,exp,0,63000000,0,0,175,yes
fy-2026-27-development-book-volume-iii-1104-2111,1109,State Department for Water & Sanitation,1109124400,Ngariama Njukiini Water Project,1109124401,Ngariama Njukiini Water Project,2630200,Capital Grants to Government Agencies and other Levels of Government,exp,20000000,70000000,0,0,175,yes
fy-2026-27-development-book-volume-iii-1104-2111,1109,State Department for Water & Sanitation,1109124500,Northern Water Works Development Agency - NWWA,1109124501,Nahgaan Borehole (Korr),2630200,Capital Grants to Government Agencies and other Levels of Government,exp,20000000,0,0,0,175,yes
fy-2026-27-development-book-volume-iii-1104-2111,1109,State Department for Water & Sanitation,1109124500,Northern Water Works Development Agency - NWWA,1109124531,Huri Hills Water Pan,2630200,Capital Grants to Government Agencies and other Levels of Government,exp,15000000,0,0,0,175,yes
fy-2026-27-development-book-volume-iii-1104-2111,1109,State Department for Water & Sanitation,1109124500,Northern Water Works Development Agency - NWWA,1109124532,Ilaut Water Pan,2630200,Capital Grants to Government Agencies and other Levels of Government,exp,15000000,0,0,0,175,yes
fy-2026-27-development-book-volume-iii-1104-2111,1109,State Department for Water & Sanitation,1109124500,Northern Water Works Development Agency - NWWA,1109124541,Machesa Water Pan - NWWA,2630200,Capital Grants to Government Agencies and other Levels of Government,exp,56000000,0,0,0,175,yes
fy-2026-27-development-book-volume-iii-1104-2111,1109,State Department for Water & Sanitation,1109124500,Northern Water Works Development Agency - NWWA,1109124542,Gari Dam - NWWA,2630200,Capital Grants to Government Agencies and other Levels of Government,exp,56000000,0,0,0,176,yes
fy-2026-27-development-book-volume-iii-1104-2111,1109,State Department for Water & Sanitation,1109124500,Northern Water Works Development Agency - NWWA,1109124544,Lesikiya Marmaroi Water Pan - NWWA,2630200,Capital Grants to Government Agencies and other Levels of Government,exp,35000000,0,0,0,176,yes
fy-2026-27-development-book-volume-iii-1104-2111,1109,State Department for Water & Sanitation,1109124500,Northern Water Works Development Agency - NWWA,1109124545,Safo Dam in Warangara Ward - NWWA,2630200,Capital Grants to Government Agencies and other Levels of Government,exp,30000000,0,0,0,176,yes
fy-2026-27-development-book-volume-iii-1104-2111,1109,State Department for Water & Sanitation,1109124500,Northern Water Works Development Agency - NWWA,1109124546,Drilling and Equipping of Salmate Loglogo Borehole - NWWA,2630200,Capital Grants to Government Agencies and other Levels of Government,exp,10000000,0,0,0,176,yes
fy-2026-27-development-book-volume-iii-1104-2111,1109,State Department for Water & Sanitation,1109124500,Northern Water Works Development Agency - NWWA,1109124547,Drilling and Equipping of Bongole Karare Borehole - NWWA,2630200,Capital Grants to Government Agencies and other Levels of Government,exp,10000000,0,0,0,176,yes
fy-2026-27-development-book-volume-iii-1104-2111,1109,State Department for Water & Sanitation,1109124500,Northern Water Works Development Agency - NWWA,1109124548,Drilling and Equipping of Othola Loglogo Borehole - NWWA,2630200,Capital Grants to Government Agencies and other Levels of Government,exp,10000000,0,0,0,176,yes
fy-2026-27-development-book-volume-iii-1104-2111,1109,State Department for Water & Sanitation,1109124500,Northern Water Works Development Agency - NWWA,1109124549,Andakara Dam - NWWA,2630200,Capital Grants to Government Agencies and other Levels of Government,exp,21000000,0,0,0,176,yes
fy-2026-27-development-book-volume-iii-1104-2111,1109,State Department for Water & Sanitation,1109124500,Northern Water Works Development Agency - NWWA,1109124550,Moyale Anut Dam,2630200,Capital Grants to Government Agencies and other Levels of Government,exp,25000000,0,0,0,176,yes
fy-2026-27-development-book-volume-iii-1104-2111,1109,State Department for Water & Sanitation,1109124500,Northern Water Works Development Agency - NWWA,1109124551,Sololo-Elle Dimtu Dam,2630200,Capital Grants to Government Agencies and other Levels of Government,exp,25000000,0,0,0,176,yes
fy-2026-27-development-book-volume-iii-1104-2111,1109,State Department for Water & Sanitation,1109124500,Northern Water Works Development Agency - NWWA,1109124552,Butula Banisa Dam -Mandera,2630200,Capital Grants to Government Agencies and other Levels of Government,exp,50000000,0,0,0,176,yes
fy-2026-27-development-book-volume-iii-1104-2111,1109,State Department for Water & Sanitation,1109124500,Northern Water Works Development Agency - NWWA,1109124553,Quba Mage Water Pan,2630200,Capital Grants to Government Agencies and other Levels of Government,exp,250000000,0,0,0,176,yes
fy-2026-27-development-book-volume-iii-1104-2111,1109,State Department for Water & Sanitation,1109124500,Northern Water Works Development Agency - NWWA,1109124554,Buruka Water Pan,2630200,Capital Grants to Government Agencies and other Levels of Government,exp,150000000,0,0,0,177,yes
fy-2026-27-development-book-volume-iii-1104-2111,1109,State Department for Water & Sanitation,1109124500,Northern Water Works Development Agency - NWWA,1109124555,Korondile Livestock Water Pan,2630200,Capital Grants to Government Agencies and other Levels of Government,exp,50000000,32400000,0,0,177,yes
fy-2026-27-development-book-volume-iii-1104-2111,1109,State Department for Water & Sanitation,1109124500,Northern Water Works Development Agency - NWWA,1109124556,Duhuma Water Pan,2630200,Capital Grants to Government Agencies and other Levels of Government,exp,25000000,0,0,0,177,yes
fy-2026-27-development-book-volume-iii-1104-2111,1109,State Department for Water & Sanitation,1109124500,Northern Water Works Development Agency - NWWA,1109124557,Kilkiley -Baladwein - Dagahley -Orote Water Supply,2630200,Capital Grants to Government Agencies and other Levels of Government,exp,80000000,0,0,0,177,yes
fy-2026-27-development-book-volume-iii-1104-2111,1109,State Department for Water & Sanitation,1109124500,Northern Water Works Development Agency - NWWA,1109124558,Boji Garas Borehole Wajir East,2630200,Capital Grants to Government Agencies and other Levels of Government,exp,15000000,0,0,0,177,yes
fy-2026-27-development-book-volume-iii-1104-2111,1109,State Department for Water & Sanitation,1109124500,Northern Water Works Development Agency - NWWA,1109124559,Aresawarji Water Pan,2630200,Capital Grants to Government Agencies and other Levels of Government,exp,60000000,0,0,0,177,yes
fy-2026-27-development-book-volume-iii-1104-2111,1109,State Department for Water & Sanitation,1109124500,Northern Water Works Development Agency - NWWA,1109124560,Masalale- Kilkiley Laga Flood Control & Restoration Project,2630200,Capital Grants to Government Agencies and other Levels of Government,exp,80000000,0,0,0,177,yes
fy-2026-27-development-book-volume-iii-1104-2111,1109,State Department for Water & Sanitation,1109124500,Northern Water Works Development Agency - NWWA,1109124561,Injir-Habaswein Water Pan,2630200,Capital Grants to Government Agencies and other Levels of Government,exp,50000000,0,0,0,177,yes
fy-2026-27-development-book-volume-iii-1104-2111,1109,State Department for Water & Sanitation,1109124500,Northern Water Works Development Agency - NWWA,1109124562,Yaqo Water Pan,2630200,Capital Grants to Government Agencies and other Levels of Government,exp,30000000,0,0,0,177,yes
fy-2026-27-development-book-volume-iii-1104-2111,1109,State Department for Water & Sanitation,1109124500,Northern Water Works Development Agency - NWWA,1109124563,Dagahley Water Pan,2630200,Capital Grants to Government Agencies and other Levels of Government,exp,30000000,0,0,0,177,yes
fy-2026-27-development-book-volume-iii-1104-2111,1109,State Department for Water & Sanitation,1109124500,Northern Water Works Development Agency - NWWA,1109124564,Dadaab Water Pan,2630200,Capital Grants to Government Agencies and other Levels of Government,exp,10000000,7700000,0,0,178,yes
fy-2026-27-development-book-volume-iii-1104-2111,1109,State Department for Water & Sanitation,1109124500,Northern Water Works Development Agency - NWWA,1109124565,Dertu Water Pan,2630200,Capital Grants to Government Agencies and other Levels of Government,exp,10000000,6900000,0,0,178,yes
fy-2026-27-development-book-volume-iii-1104-2111,1109,State Department for Water & Sanitation,1109124500,Northern Water Works Development Agency - NWWA,1109124566,Robdon Water Pan,2630200,Capital Grants to Government Agencies and other Levels of Government,exp,10000000,15845997,0,0,178,yes
fy-2026-27-development-book-volume-iii-1104-2111,1109,State Department for Water & Sanitation,1109124800,Tana WWDA Water and Borehole Projects,1109124813,Kianjiru Primary School Water Project,2630200,Capital Grants to Government Agencies and other Levels of Government,exp,0,10000000,0,0,178,yes
fy-2026-27-development-book-volume-iii-1104-2111,1109,State Department for Water & Sanitation,1109124800,Tana WWDA Water and Borehole Projects,1109124814,Kerugoya Boys High School Borehole,2630200,Capital Grants to Government Agencies and other Levels of Government,exp,0,10000000,0,0,178,yes
fy-2026-27-development-book-volume-iii-1104-2111,1109,State Department for Water & Sanitation,1109124800,Tana WWDA Water and Borehole Projects,1109124816,Kavuta Earth Dam - TWWA,2630200,Capital Grants to Government Agencies and other Levels of Government,exp,41000000,0,0,0,178,yes
fy-2026-27-development-book-volume-iii-1104-2111,1109,State Department for Water & Sanitation,1109124800,Tana WWDA Water and Borehole Projects,1109124817,Kithia Borehole - TWWA,2630200,Capital Grants to Government Agencies and other Levels of Government,exp,8000000,0,0,0,178,yes
fy-2026-27-development-book-volume-iii-1104-2111,1109,State Department for Water & Sanitation,1109124800,Tana WWDA Water and Borehole Projects,1109124818,Mwanyani (Kwa Malovoo) Earth Dam - TWWA,2630200,Capital Grants to Government Agencies and other Levels of Government,exp,30000000,0,0,0,178,yes
fy-2026-27-development-book-volume-iii-1104-2111,1109,State Department for Water & Sanitation,1109125300,Development of Large Scale Multi-Purpose Dams - BETA,1109125301,Development of Large Scale Multi-Purpose Dams,2630200,Capital Grants to Government Agencies and other Levels of Government,exp,130000000,150000000,250000000,400000000,178,yes
fy-2026-27-development-book-volume-iii-1104-2111,1109,State Department for Water & Sanitation,1109125300,Development of Large Scale Multi-Purpose Dams - BETA,1109125302,PPP Viability Assessment,2630200,Capital Grants to Government Agencies and other Levels of Government,exp,25000000,25000000,0,0,179,yes
fy-2026-27-development-book-volume-iii-1104-2111,1109,State Department for Water & Sanitation,1109125500,Liter Community Water Project NRVWWDA,1109125501,Liter Community Water Project NRVWWDA,2630200,Capital Grants to Government Agencies and other Levels of Government,exp,41000000,30000000,0,0,179,yes
fy-2026-27-development-book-volume-iii-1104-2111,1109,State Department for Water & Sanitation,1109125600,Lake Victoria South WWDA Projects,1109125601,"Construction of Water Pan, Awendo Sub-County",2630200,Capital Grants to Government Agencies and other Levels of Government,exp,28000000,0,0,0,179,yes
fy-2026-27-development-book-volume-iii-1104-2111,1109,State Department for Water & Sanitation,1109125600,Lake Victoria South WWDA Projects,1109125630,Bugo Water Supply Project,2630200,Capital Grants to Government Agencies and other Levels of Government,exp,10000000,0,0,0,179,yes
fy-2026-27-development-book-volume-iii-1104-2111,1109,State Department for Water & Sanitation,1109125600,Lake Victoria South WWDA Projects,1109125632,Gwasi Cluster Water Project,2630200,Capital Grants to Government Agencies and other Levels of Government,exp,50000000,70000000,150000000,0,179,yes
fy-2026-27-development-book-volume-iii-1104-2111,1109,State Department for Water & Sanitation,1109125600,Lake Victoria South WWDA Projects,1109125643,Drilling And Equiping Bokini Banto Primary School,2630200,Capital Grants to Government Agencies and other Levels of Government,exp,25000000,0,0,0,179,yes
fy-2026-27-development-book-volume-iii-1104-2111,1109,State Department for Water & Sanitation,1109125600,Lake Victoria South WWDA Projects,1109125647,Drilling and Equiping Girango Primary School Borehole,2630200,Capital Grants to Government Agencies and other Levels of Government,exp,10000000,0,0,0,179,yes
fy-2026-27-development-book-volume-iii-1104-2111,1109,State Department for Water & Sanitation,1109125600,Lake Victoria South WWDA Projects,1109125657,Kirindo water project - LVSWWA,2630200,Capital Grants to Government Agencies and other Levels of Government,exp,5000000,0,0,0,179,yes
fy-2026-27-development-book-volume-iii-1104-2111,1109,State Department for Water & Sanitation,1109125600,Lake Victoria South WWDA Projects,1109125658,Ojwando primary school - LVSWWA,2630200,Capital Grants to Government Agencies and other Levels of Government,exp,5000000,0,0,0,180,yes
fy-2026-27-development-book-volume-iii-1104-2111,1109,State Department for Water & Sanitation,1109125600,Lake Victoria South WWDA Projects,1109125659,Mahola school - LVSWWA,2630200,Capital Grants to Government Agencies and other Levels of Government,exp,10000000,0,0,0,180,yes
fy-2026-27-development-book-volume-iii-1104-2111,1109,State Department for Water & Sanitation,1109125600,Lake Victoria South WWDA Projects,1109125660,Drilling and Equipping of Kioge borehole - LVSWWA,2630200,Capital Grants to Government Agencies and other Levels of Government,exp,10000000,0,0,0,180,yes
fy-2026-27-development-book-volume-iii-1104-2111,1109,State Department for Water & Sanitation,1109125600,Lake Victoria South WWDA Projects,1109125661,Drilling and Equipping of Kiamogore Borehole - LVSWWA,2630200,Capital Grants to Government Agencies and other Levels of Government,exp,10000000,0,0,0,180,yes
fy-2026-27-development-book-volume-iii-1104-2111,1109,State Department for Water & Sanitation,1109125600,Lake Victoria South WWDA Projects,1109125662,Drilling and Equipping of Omoenga Borehole - LVSWWA,2630200,Capital Grants to Government Agencies and other Levels of Government,exp,10000000,0,0,0,180,yes
fy-2026-27-development-book-volume-iii-1104-2111,1109,State Department for Water & Sanitation,1109125600,Lake Victoria South WWDA Projects,1109125663,Drilling and Equipping Sihay ACC camp borehole - LVSWWA,2630200,Capital Grants to Government Agencies and other Levels of Government,exp,10000000,0,0,0,180,yes
fy-2026-27-development-book-volume-iii-1104-2111,1109,State Department for Water & Sanitation,1109125600,Lake Victoria South WWDA Projects,1109125664,Drilling and Equipping Industrial Park Ugenya Borehole - LVSWWA,2630200,Capital Grants to Government Agencies and other Levels of Government,exp,10000000,0,0,0,180,yes
fy-2026-27-development-book-volume-iii-1104-2111,1109,State Department for Water & Sanitation,1109125600,Lake Victoria South WWDA Projects,1109125665,Nyamigwi Dispensary borehole - LVSWWA,2630200,Capital Grants to Government Agencies and other Levels of Government,exp,10000000,0,0,0,180,yes
fy-2026-27-development-book-volume-iii-1104-2111,1109,State Department for Water & Sanitation,1109125600,Lake Victoria South WWDA Projects,1109125666,St Augustine Motemorabu Mixed Borehole - LVSWWA,2630200,Capital Grants to Government Agencies and other Levels of Government,exp,10000000,0,0,0,180,yes
fy-2026-27-development-book-volume-iii-1104-2111,1109,State Department for Water & Sanitation,1109125600,Lake Victoria South WWDA Projects,1109125667,Bohorera Comprehensive School Borehole - LVSWWA,2630200,Capital Grants to Government Agencies and other Levels of Government,exp,10000000,0,0,0,180,yes
fy-2026-27-development-book-volume-iii-1104-2111,1109,State Department for Water & Sanitation,1109125600,Lake Victoria South WWDA Projects,1109125668,St. Boniface Magare Sec School,2630200,Capital Grants to Government Agencies and other Levels of Government,exp,10000000,0,0,0,180,yes
fy-2026-27-development-book-volume-iii-1104-2111,1109,State Department for Water & Sanitation,1109125600,Lake Victoria South WWDA Projects,1109125669,Hon. James Koyoo Orenge Sec. Sch,2630200,Capital Grants to Government Agencies and other Levels of Government,exp,10000000,0,0,0,181,yes
fy-2026-27-development-book-volume-iii-1104-2111,1109,State Department for Water & Sanitation,1109125600,Lake Victoria South WWDA Projects,1109125671,Kanyodera Primary School Water project,2630200,Capital Grants to Government Agencies and other Levels of Government,exp,10000000,0,0,0,181,yes
fy-2026-27-development-book-volume-iii-1104-2111,1109,State Department for Water & Sanitation,1109125600,Lake Victoria South WWDA Projects,1109125672,Suka Community Water Project,2630200,Capital Grants to Government Agencies and other Levels of Government,exp,20000000,0,0,0,181,yes
fy-2026-27-development-book-volume-iii-1104-2111,1109,State Department for Water & Sanitation,1109125600,Lake Victoria South WWDA Projects,1109125673,Nyamira Water Supply,2630200,Capital Grants to Government Agencies and other Levels of Government,exp,50000000,0,0,0,181,yes
fy-2026-27-development-book-volume-iii-1104-2111,1109,State Department for Water & Sanitation,1109125600,Lake Victoria South WWDA Projects,1109125674,Nyagemi Primary School Borehole,2630200,Capital Grants to Government Agencies and other Levels of Government,exp,10000000,0,0,0,181,yes
fy-2026-27-development-book-volume-iii-1104-2111,1109,State Department for Water & Sanitation,1109125600,Lake Victoria South WWDA Projects,1109125675,Water Harvesting Projects in Nyamira and Kisii,2630200,Capital Grants to Government Agencies and other Levels of Government,exp,15000000,0,0,0,181,yes
fy-2026-27-development-book-volume-iii-1104-2111,1109,State Department for Water & Sanitation,1109125600,Lake Victoria South WWDA Projects,1109125676,Bigogo Primary School Borehole,2630200,Capital Grants to Government Agencies and other Levels of Government,exp,10000000,0,0,0,181,yes
fy-2026-27-development-book-volume-iii-1104-2111,1109,State Department for Water & Sanitation,1109125600,Lake Victoria South WWDA Projects,1109125679,Mhoroni TTI Borehole,2630200,Capital Grants to Government Agencies and other Levels of Government,exp,10000000,0,0,0,181,yes
fy-2026-27-development-book-volume-iii-1104-2111,1109,State Department for Water & Sanitation,1109125600,Lake Victoria South WWDA Projects,1109125686,Boro-Karemo Water Project (Siaya),2630200,Capital Grants to Government Agencies and other Levels of Government,exp,50000000,0,0,0,181,yes
fy-2026-27-development-book-volume-iii-1104-2111,1109,State Department for Water & Sanitation,1109125600,Lake Victoria South WWDA Projects,1109125687,Kanyamwa Borehole,2630200,Capital Grants to Government Agencies and other Levels of Government,exp,10000000,0,0,0,181,yes
fy-2026-27-development-book-volume-iii-1104-2111,1109,State Department for Water & Sanitation,1109125600,Lake Victoria South WWDA Projects,1109125688,Miranga Borehole,2630200,Capital Grants to Government Agencies and other Levels of Government,exp,10000000,0,0,0,182,yes
fy-2026-27-development-book-volume-iii-1104-2111,1109,State Department for Water & Sanitation,1109125600,Lake Victoria South WWDA Projects,1109125689,Onera Primary school water project,2630200,Capital Grants to Government Agencies and other Levels of Government,exp,10000000,0,0,0,182,yes
fy-2026-27-development-book-volume-iii-1104-2111,1109,State Department for Water & Sanitation,1109125600,Lake Victoria South WWDA Projects,1109125690,Pala Borehole,2630200,Capital Grants to Government Agencies and other Levels of Government,exp,10000000,0,0,0,182,yes
fy-2026-27-development-book-volume-iii-1104-2111,1109,State Department for Water & Sanitation,1109125600,Lake Victoria South WWDA Projects,1109125691,Waradho Primary School,2630200,Capital Grants to Government Agencies and other Levels of Government,exp,10000000,0,0,0,182,yes
fy-2026-27-development-book-volume-iii-1104-2111,1109,State Department for Water & Sanitation,1109125600,Lake Victoria South WWDA Projects,1109125693,Aonge Dhin`g Water Project(Nyatike),2630200,Capital Grants to Government Agencies and other Levels of Government,exp,10000000,0,0,0,182,yes
fy-2026-27-development-book-volume-iii-1104-2111,1109,State Department for Water & Sanitation,1109125600,Lake Victoria South WWDA Projects,1109125694,Got Kakelo Olodo Water Project (Homa Bay Town),2630200,Capital Grants to Government Agencies and other Levels of Government,exp,10000000,0,0,0,182,yes
fy-2026-27-development-book-volume-iii-1104-2111,1109,State Department for Water & Sanitation,1109125600,Lake Victoria South WWDA Projects,1109125695,Kaduro Borehole,2630200,Capital Grants to Government Agencies and other Levels of Government,exp,10000000,0,0,0,182,yes
fy-2026-27-development-book-volume-iii-1104-2111,1109,State Department for Water & Sanitation,1109125600,Lake Victoria South WWDA Projects,1109125696,Kisumu Ndogo(kigoto water project),2630200,Capital Grants to Government Agencies and other Levels of Government,exp,10000000,0,0,0,182,yes
fy-2026-27-development-book-volume-iii-1104-2111,1109,State Department for Water & Sanitation,1109125600,Lake Victoria South WWDA Projects,1109125697,Ligenga Water Project(Ndhiwa),2630200,Capital Grants to Government Agencies and other Levels of Government,exp,10000000,0,0,0,182,yes
fy-2026-27-development-book-volume-iii-1104-2111,1109,State Department for Water & Sanitation,1109125600,Lake Victoria South WWDA Projects,1109125698,Lwanda Gwasi Health Center Water project,2630200,Capital Grants to Government Agencies and other Levels of Government,exp,10000000,0,0,0,182,yes
fy-2026-27-development-book-volume-iii-1104-2111,1109,State Department for Water & Sanitation,1109125600,Lake Victoria South WWDA Projects,1109125699,Manyala Water Project,2630200,Capital Grants to Government Agencies and other Levels of Government,exp,10000000,0,0,0,182,yes
fy-2026-27-development-book-volume-iii-1104-2111,1109,State Department for Water & Sanitation,1109125700,Athi WWDA Projects,1109125701,Kiambu & Murang'a Last Mile Water Project,2630200,Capital Grants to Government Agencies and other Levels of Government,exp,56000000,0,0,0,183,yes
fy-2026-27-development-book-volume-iii-1104-2111,1109,State Department for Water & Sanitation,1109125700,Athi WWDA Projects,1109125704,Muranga Last Mile Water project,2630200,Capital Grants to Government Agencies and other Levels of Government,exp,0,13869000,0,0,183,yes
fy-2026-27-development-book-volume-iii-1104-2111,1109,State Department for Water & Sanitation,1109125700,Athi WWDA Projects,1109125705,Kiambu Community Water project,2630200,Capital Grants to Government Agencies and other Levels of Government,exp,0,9442000,0,0,183,yes
fy-2026-27-development-book-volume-iii-1104-2111,1109,State Department for Water & Sanitation,1109125700,Athi WWDA Projects,1109125710,Gatano - Kimorori Water Project,2630200,Capital Grants to Government Agencies and other Levels of Government,exp,0,42126000,0,0,183,yes
fy-2026-27-development-book-volume-iii-1104-2111,1109,State Department for Water & Sanitation,1109125700,Athi WWDA Projects,1109125711,Gatundu North Water Projects,2630200,Capital Grants to Government Agencies and other Levels of Government,exp,0,34912000,0,0,183,yes
fy-2026-27-development-book-volume-iii-1104-2111,1109,State Department for Water & Sanitation,1109125700,Athi WWDA Projects,1109125715,Karibaribi,2630200,Capital Grants to Government Agencies and other Levels of Government,exp,0,8692000,0,0,183,yes
fy-2026-27-development-book-volume-iii-1104-2111,1109,State Department for Water & Sanitation,1109125700,Athi WWDA Projects,1109125717,Last Mile Connectivity in Gatanga,2630200,Capital Grants to Government Agencies and other Levels of Government,exp,0,33286000,0,0,183,yes
fy-2026-27-development-book-volume-iii-1104-2111,1109,State Department for Water & Sanitation,1109125700,Athi WWDA Projects,1109125718,Last Mile Connectivity in Mathioya,2630200,Capital Grants to Government Agencies and other Levels of Government,exp,0,32252000,0,0,183,yes
fy-2026-27-development-book-volume-iii-1104-2111,1109,State Department for Water & Sanitation,1109125700,Athi WWDA Projects,1109125720,Murang'a and Kiambu Water Supply,2630200,Capital Grants to Government Agencies and other Levels of Government,exp,0,82581000,0,0,183,yes
fy-2026-27-development-book-volume-iii-1104-2111,1109,State Department for Water & Sanitation,1109125700,Athi WWDA Projects,1109125735,Strategic Water Projects in Kiambu - Athi WWA,2630200,Capital Grants to Government Agencies and other Levels of Government,exp,35000000,0,0,0,184,yes
fy-2026-27-development-book-volume-iii-1104-2111,1109,State Department for Water & Sanitation,1109125700,Athi WWDA Projects,1109125736,Mitundu Kimathi Water Project - Athi WWA,2630200,Capital Grants to Government Agencies and other Levels of Government,exp,25000000,0,0,0,184,yes
fy-2026-27-development-book-volume-iii-1104-2111,1109,State Department for Water & Sanitation,1109125700,Athi WWDA Projects,1109125737,Murarandia Last Mile Water Projects - Athi WWA,2630200,Capital Grants to Government Agencies and other Levels of Government,exp,25000000,0,0,0,184,yes
fy-2026-27-development-book-volume-iii-1104-2111,1109,State Department for Water & Sanitation,1109125800,Lake Victoria North WWDA Projects,1109125810,Drilling of Nyamsenda Primary School borehole,2630200,Capital Grants to Government Agencies and other Levels of Government,exp,0,8000000,0,0,184,yes
fy-2026-27-development-book-volume-iii-1104-2111,1109,State Department for Water & Sanitation,1109125800,Lake Victoria North WWDA Projects,1109125823,Rehabilitation Of Ziwa Little Nzoia - Tongaren,2630200,Capital Grants to Government Agencies and other Levels of Government,exp,540000000,0,0,0,184,yes
fy-2026-27-development-book-volume-iii-1104-2111,1109,State Department for Water & Sanitation,1109125800,Lake Victoria North WWDA Projects,1109125855,Esikulu Primary School Borehole,2630200,Capital Grants to Government Agencies and other Levels of Government,exp,10000000,8000000,0,0,184,yes
fy-2026-27-development-book-volume-iii-1104-2111,1109,State Department for Water & Sanitation,1109125800,Lake Victoria North WWDA Projects,1109125857,Rehabilitation Of Kipkaren Lumakhanda Upstream,2630200,Capital Grants to Government Agencies and other Levels of Government,exp,0,20000000,0,0,184,yes
fy-2026-27-development-book-volume-iii-1104-2111,1109,State Department for Water & Sanitation,1109125800,Lake Victoria North WWDA Projects,1109125867,Last Mile Connectivity Project Kopsiro Cluster Water Supply Project,2630200,Capital Grants to Government Agencies and other Levels of Government,exp,0,20000000,0,0,184,yes
fy-2026-27-development-book-volume-iii-1104-2111,1109,State Department for Water & Sanitation,1109125800,Lake Victoria North WWDA Projects,1109125869,Construction Of Kabiyet-Kaiboi Water Supply Project,2630200,Capital Grants to Government Agencies and other Levels of Government,exp,500000000,0,0,0,184,yes
fy-2026-27-development-book-volume-iii-1104-2111,1109,State Department for Water & Sanitation,1109125800,Lake Victoria North WWDA Projects,1109125874,Construction Of Nyaberi-Kipsitet Cluster Water Supply Project,2630200,Capital Grants to Government Agencies and other Levels of Government,exp,0,14000000,0,0,184,yes
fy-2026-27-development-book-volume-iii-1104-2111,1109,State Department for Water & Sanitation,1109125800,Lake Victoria North WWDA Projects,1109125877,North East Bunyore Last Mile Water Connectivity,2630200,Capital Grants to Government Agencies and other Levels of Government,exp,10000000,0,0,0,185,yes
fy-2026-27-development-book-volume-iii-1104-2111,1109,State Department for Water & Sanitation,1109125800,Lake Victoria North WWDA Projects,1109125878,Sipala Community Water Project,2630200,Capital Grants to Government Agencies and other Levels of Government,exp,7000000,0,0,0,185,yes
fy-2026-27-development-book-volume-iii-1104-2111,1109,State Department for Water & Sanitation,1109125800,Lake Victoria North WWDA Projects,1109125879,Sirisia TVC Water Project,2630200,Capital Grants to Government Agencies and other Levels of Government,exp,7000000,0,0,0,185,yes
fy-2026-27-development-book-volume-iii-1104-2111,1109,State Department for Water & Sanitation,1109125800,Lake Victoria North WWDA Projects,1109125880,Kipkurus Primary School Borehole Water Project,2630200,Capital Grants to Government Agencies and other Levels of Government,exp,7000000,0,0,0,185,yes
fy-2026-27-development-book-volume-iii-1104-2111,1109,State Department for Water & Sanitation,1109125800,Lake Victoria North WWDA Projects,1109125881,Kitoroch Primary School Water Project,2630200,Capital Grants to Government Agencies and other Levels of Government,exp,7000000,0,0,0,185,yes
fy-2026-27-development-book-volume-iii-1104-2111,1109,State Department for Water & Sanitation,1109125800,Lake Victoria North WWDA Projects,1109125882,Rehabilitation and LMC for Ejinja Water Project,2630200,Capital Grants to Government Agencies and other Levels of Government,exp,7000000,0,0,0,185,yes
fy-2026-27-development-book-volume-iii-1104-2111,1109,State Department for Water & Sanitation,1109125800,Lake Victoria North WWDA Projects,1109125883,Namwela- Chwele Kibabii LMC - LVNWWA,2630200,Capital Grants to Government Agencies and other Levels of Government,exp,77000000,0,0,0,185,yes
fy-2026-27-development-book-volume-iii-1104-2111,1109,State Department for Water & Sanitation,1109125800,Lake Victoria North WWDA Projects,1109125884,Luuya-Bwake-Water Supply Project - LVNWWA,2630200,Capital Grants to Government Agencies and other Levels of Government,exp,60000000,0,0,0,185,yes
fy-2026-27-development-book-volume-iii-1104-2111,1109,State Department for Water & Sanitation,1109125800,Lake Victoria North WWDA Projects,1109125885,Drilling & Equipping of Elukanji Pry Water Borehole - LVNWWA,2630200,Capital Grants to Government Agencies and other Levels of Government,exp,7000000,0,0,0,185,yes
fy-2026-27-development-book-volume-iii-1104-2111,1109,State Department for Water & Sanitation,1109125800,Lake Victoria North WWDA Projects,1109125886,Drilling & Equipping of Emanyulia Market Water Borehole -,2630200,Capital Grants to Government Agencies and other Levels of Government,exp,8000000,0,0,0,185,yes
fy-2026-27-development-book-volume-iii-1104-2111,1109,State Department for Water & Sanitation,1109125800,Lake Victoria North WWDA Projects,1109125887,Drilling & Equipping of Ibinda Pry Water Borehole - LVNWWA,2630200,Capital Grants to Government Agencies and other Levels of Government,exp,8000000,0,0,0,186,yes
fy-2026-27-development-book-volume-iii-1104-2111,1109,State Department for Water & Sanitation,1109125800,Lake Victoria North WWDA Projects,1109125888,St Julian Narati - Drilling & Equipping a Borehole - LVNWWA,2630200,Capital Grants to Government Agencies and other Levels of Government,exp,10000000,0,0,0,186,yes
fy-2026-27-development-book-volume-iii-1104-2111,1109,State Department for Water & Sanitation,1109125800,Lake Victoria North WWDA Projects,1109125889,Mbakalo Friends Girls School- Drilling & Equipping a Borehole -,2630200,Capital Grants to Government Agencies and other Levels of Government,exp,10000000,0,0,0,186,yes
fy-2026-27-development-book-volume-iii-1104-2111,1109,State Department for Water & Sanitation,1109125800,Lake Victoria North WWDA Projects,1109125890,Friends Lungai Sec. School -Drlling & Equiping a Borehole -,2630200,Capital Grants to Government Agencies and other Levels of Government,exp,10000000,0,0,0,186,yes
fy-2026-27-development-book-volume-iii-1104-2111,1109,State Department for Water & Sanitation,1109125800,Lake Victoria North WWDA Projects,1109125891,St Mathew Cheptantan Secondary School Boreholes - LVNWWA,2630200,Capital Grants to Government Agencies and other Levels of Government,exp,7000000,0,0,0,186,yes
fy-2026-27-development-book-volume-iii-1104-2111,1109,State Department for Water & Sanitation,1109125800,Lake Victoria North WWDA Projects,1109125892,St Peter Kietkei secondary School Borehole - LVNWWA,2630200,Capital Grants to Government Agencies and other Levels of Government,exp,7000000,0,0,0,186,yes
fy-2026-27-development-book-volume-iii-1104-2111,1109,State Department for Water & Sanitation,1109125800,Lake Victoria North WWDA Projects,1109125893,Bwala Secondary School Borehole - LVNWWA,2630200,Capital Grants to Government Agencies and other Levels of Government,exp,7000000,0,0,0,186,yes
fy-2026-27-development-book-volume-iii-1104-2111,1109,State Department for Water & Sanitation,1109125800,Lake Victoria North WWDA Projects,1109125894,Matumbei Water Distribution - LVNWWA,2630200,Capital Grants to Government Agencies and other Levels of Government,exp,7000000,0,0,0,186,yes
fy-2026-27-development-book-volume-iii-1104-2111,1109,State Department for Water & Sanitation,1109125800,Lake Victoria North WWDA Projects,1109125895,Turbo TTI Borehole,2630200,Capital Grants to Government Agencies and other Levels of Government,exp,10000000,0,0,0,186,yes
fy-2026-27-development-book-volume-iii-1104-2111,1109,State Department for Water & Sanitation,1109125800,Lake Victoria North WWDA Projects,1109125896,Njoro Secondary School,2630200,Capital Grants to Government Agencies and other Levels of Government,exp,10000000,0,0,0,186,yes
fy-2026-27-development-book-volume-iii-1104-2111,1109,State Department for Water & Sanitation,1109125800,Lake Victoria North WWDA Projects,1109125897,Chepchoina Secondary School borehole,2630200,Capital Grants to Government Agencies and other Levels of Government,exp,10000000,0,0,0,186,yes
fy-2026-27-development-book-volume-iii-1104-2111,1109,State Department for Water & Sanitation,1109125900,Ground Water Resources Assessment for Managed Aquifer Recharge,1109125901,Ground Water Resources Assessment for Managed Aquifer Recharge,2630200,Capital Grants to Government Agencies and other Levels of Government,exp,50000000,90000000,100000000,140000000,187,yes
fy-2026-27-development-book-volume-iii-1104-2111,1109,State Department for Water & Sanitation,1109126000,Horn of Africa Groundwater for Resilience Project,1109126001,Horn of Africa Groundwater for Resilience Project - HQ,2630200,Capital Grants to Government Agencies and other Levels of Government,exp,804000000,200000000,599200000,1100000000,187,yes
fy-2026-27-development-book-volume-iii-1104-2111,1109,State Department for Water & Sanitation,1109126000,Horn of Africa Groundwater for Resilience Project,1109126001,Horn of Africa Groundwater for Resilience Project - HQ,3110500,Construction and Civil Works,exp,696000000,0,0,0,187,yes
fy-2026-27-development-book-volume-iii-1104-2111,1109,State Department for Water & Sanitation,1109126000,Horn of Africa Groundwater for Resilience Project,1109126001,Horn of Africa Groundwater for Resilience Project - HQ,5120200,Foreign Borrowing - Direct Payments,aia,100000000,0,0,0,187,yes
fy-2026-27-development-book-volume-iii-1104-2111,1109,State Department for Water & Sanitation,1109126000,Horn of Africa Groundwater for Resilience Project,1109126002,Water Resources Authority - WRA,2630200,Capital Grants to Government Agencies and other Levels of Government,exp,400000000,350000000,1840400000,1500000000,187,yes
fy-2026-27-development-book-volume-iii-1104-2111,1109,State Department for Water & Sanitation,1109126000,Horn of Africa Groundwater for Resilience Project,1109126003,Water Sector Trust Fund - WSTF,2630200,Capital Grants to Government Agencies and other Levels of Government,exp,1000000000,1800000000,2284700000,2000000000,187,yes
fy-2026-27-development-book-volume-iii-1104-2111,1109,State Department for Water & Sanitation,1109126200,Masinga Dam (Intake Works),1109126201,Masinga Dam (Intake Works),2630200,Capital Grants to Government Agencies and other Levels of Government,exp,5000000,50000000,100000000,100000000,187,yes
fy-2026-27-development-book-volume-iii-1104-2111,1109,State Department for Water & Sanitation,1109126400,Aberdare Dam (Intake Works),1109126401,Aberdare Dam (Intake Works),2630200,Capital Grants to Government Agencies and other Levels of Government 1790,exp,40000000,0,50000000,50000000,187,yes
fy-2026-27-development-book-volume-iii-1104-2111,1109,State Department for Water & Sanitation,1109126500,Mzima II Water Supply Project,1109126501,Mzima II Water Supply Project,2630200,Capital Grants to Government Agencies and other Levels of Government,exp,13000000,0,50000000,50000000,188,yes
fy-2026-27-development-book-volume-iii-1104-2111,1109,State Department for Water & Sanitation,1109126600,Maragua IV Dam Water Supply,1109126601,Maragua IV Dam Water Supply,2630200,Capital Grants to Government Agencies and other Levels of Government,exp,17000000,10000000,200000000,200000000,188,yes
fy-2026-27-development-book-volume-iii-1104-2111,1109,State Department for Water & Sanitation,1109126700,Kericho Water Project - LVSWWDA,1109126701,Headquarters,2630200,Capital Grants to Government Agencies and other Levels of Government,exp,50000000,0,0,0,188,yes
fy-2026-27-development-book-volume-iii-1104-2111,1109,State Department for Water & Sanitation,1109126800,Water harvesting Projects - CWWDA,1109126806,Mbogolo Borehole,2630200,Capital Grants to Government Agencies and other Levels of Government,exp,10000000,0,0,0,188,yes
fy-2026-27-development-book-volume-iii-1104-2111,1109,State Department for Water & Sanitation,1109126800,Water harvesting Projects - CWWDA,1109126807,Mdugani Water Pan,2630200,Capital Grants to Government Agencies and other Levels of Government,exp,25000000,0,0,0,188,yes
fy-2026-27-development-book-volume-iii-1104-2111,1109,State Department for Water & Sanitation,1109126800,Water harvesting Projects - CWWDA,1109126808,Musau Water pan,2630200,Capital Grants to Government Agencies and other Levels of Government,exp,25000000,0,0,0,188,yes
fy-2026-27-development-book-volume-iii-1104-2111,1109,State Department for Water & Sanitation,1109126800,Water harvesting Projects - CWWDA,1109126809,Mrya Chakwe Dam,2630200,Capital Grants to Government Agencies and other Levels of Government,exp,25000000,0,0,0,189,yes
fy-2026-27-development-book-volume-iii-1104-2111,1109,State Department for Water & Sanitation,1109126800,Water harvesting Projects - CWWDA,1109126810,Biskder Village Water Pan,2630200,Capital Grants to Government Agencies and other Levels of Government,exp,25000000,0,0,0,189,yes
fy-2026-27-development-book-volume-iii-1104-2111,1109,State Department for Water & Sanitation,1109126800,Water harvesting Projects - CWWDA,1109126811,Mangai Dam,2630200,Capital Grants to Government Agencies and other Levels of Government,exp,25000000,0,0,0,189,yes
fy-2026-27-development-book-volume-iii-1104-2111,1109,State Department for Water & Sanitation,1109126800,Water harvesting Projects - CWWDA,1109126812,Charidede Water pan,2630200,Capital Grants to Government Agencies and other Levels of Government,exp,20000000,0,0,0,189,yes
fy-2026-27-development-book-volume-iii-1104-2111,1109,State Department for Water & Sanitation,1109126800,Water harvesting Projects - CWWDA,1109126813,Gafuu Water Pan,2630200,Capital Grants to Government Agencies and other Levels of Government,exp,20000000,0,0,0,189,yes
fy-2026-27-development-book-volume-iii-1104-2111,1109,State Department for Water & Sanitation,1109126800,Water harvesting Projects - CWWDA,1109126814,Chirfa Water pan,2630200,Capital Grants to Government Agencies and other Levels of Government,exp,50000000,0,0,0,189,yes
fy-2026-27-development-book-volume-iii-1104-2111,1109,State Department for Water & Sanitation,1109126800,Water harvesting Projects - CWWDA,1109126815,Minjila Water pan,2630200,Capital Grants to Government Agencies and other Levels of Government,exp,50000000,0,0,0,189,yes
fy-2026-27-development-book-volume-iii-1104-2111,1109,State Department for Water & Sanitation,1109126900,Water harvesting Projects - LVNWWDA,1109126901,Headquarters,2630200,Capital Grants to Government Agencies and other Levels of Government,exp,0,100000000,100000000,261000000,189,yes
fy-2026-27-development-book-volume-iii-1104-2111,1109,State Department for Water & Sanitation,1109126900,Water harvesting Projects - LVNWWDA,1109126902,Mosongo Water Project - LVNWWDA,2630200,Capital Grants to Government Agencies and other Levels of Government,exp,80000000,0,0,0,189,yes
fy-2026-27-development-book-volume-iii-1104-2111,1109,State Department for Water & Sanitation,1109126900,Water harvesting Projects - LVNWWDA,1109126905,Ebbayi Water Last Mile Connectivity,2630200,Capital Grants to Government Agencies and other Levels of Government 1792,exp,15000000,0,0,0,189,yes
fy-2026-27-development-book-volume-iii-1104-2111,1109,State Department for Water & Sanitation,1109127000,Water Harvesting Projects - Central Rift Valley WWDA,1109127002,Rehabilitation of water works - Narok South,2630200,Capital Grants to Government Agencies and other Levels of Government,exp,0,27000000,0,0,190,yes
fy-2026-27-development-book-volume-iii-1104-2111,1109,State Department for Water & Sanitation,1109127100,Water Harvesting Projects -Tanathi WWDA,1109127101,Headquarters,2630200,Capital Grants to Government Agencies and other Levels of Government,exp,0,64000000,0,0,190,yes
fy-2026-27-development-book-volume-iii-1104-2111,1109,State Department for Water & Sanitation,1109127100,Water Harvesting Projects -Tanathi WWDA,1109127106,ABC Kangutheni Secondary School,2630200,Capital Grants to Government Agencies and other Levels of Government,exp,10000000,0,0,0,190,yes
fy-2026-27-development-book-volume-iii-1104-2111,1109,State Department for Water & Sanitation,1109127100,Water Harvesting Projects -Tanathi WWDA,1109127107,Syomothumo Earth Dam,2630200,Capital Grants to Government Agencies and other Levels of Government,exp,20000000,0,0,0,190,yes
fy-2026-27-development-book-volume-iii-1104-2111,1109,State Department for Water & Sanitation,1109127100,Water Harvesting Projects -Tanathi WWDA,1109127108,Ithamba Nzou Earth Dam,2630200,Capital Grants to Government Agencies and other Levels of Government,exp,20000000,0,0,0,190,yes
fy-2026-27-development-book-volume-iii-1104-2111,1109,State Department for Water & Sanitation,1109127100,Water Harvesting Projects -Tanathi WWDA,1109127109,Ngasani Earth Dam,2630200,Capital Grants to Government Agencies and other Levels of Government,exp,20000000,0,0,0,190,yes
fy-2026-27-development-book-volume-iii-1104-2111,1109,State Department for Water & Sanitation,1109127100,Water Harvesting Projects -Tanathi WWDA,1109127110,Ndangani Earth Dam,2630200,Capital Grants to Government Agencies and other Levels of Government,exp,20000000,0,0,0,190,yes
fy-2026-27-development-book-volume-iii-1104-2111,1109,State Department for Water & Sanitation,1109127100,Water Harvesting Projects -Tanathi WWDA,1109127111,Kasundu Earth Dam,2630200,Capital Grants to Government Agencies and other Levels of Government,exp,20000000,0,0,0,190,yes
fy-2026-27-development-book-volume-iii-1104-2111,1109,State Department for Water & Sanitation,1109127100,Water Harvesting Projects -Tanathi WWDA,1109127112,Abdi Samat Water Project,2630200,Capital Grants to Government Agencies and other Levels of Government,exp,10000000,0,0,0,191,yes
fy-2026-27-development-book-volume-iii-1104-2111,1109,State Department for Water & Sanitation,1109127100,Water Harvesting Projects -Tanathi WWDA,1109127113,Hudumo Water Project,2630200,Capital Grants to Government Agencies and other Levels of Government,exp,10000000,0,0,0,191,yes
fy-2026-27-development-book-volume-iii-1104-2111,1109,State Department for Water & Sanitation,1109127100,Water Harvesting Projects -Tanathi WWDA,1109127114,Hagardera Water project,2630200,Capital Grants to Government Agencies and other Levels of Government,exp,10000000,0,0,0,191,yes
fy-2026-27-development-book-volume-iii-1104-2111,1109,State Department for Water & Sanitation,1109127100,Water Harvesting Projects -Tanathi WWDA,1109127115,Bangale 1 Water Project,2630200,Capital Grants to Government Agencies and other Levels of Government,exp,10000000,0,0,0,191,yes
fy-2026-27-development-book-volume-iii-1104-2111,1109,State Department for Water & Sanitation,1109127100,Water Harvesting Projects -Tanathi WWDA,1109127116,Bangale 2 Water Project,2630200,Capital Grants to Government Agencies and other Levels of Government,exp,10000000,0,0,0,191,yes
fy-2026-27-development-book-volume-iii-1104-2111,1109,State Department for Water & Sanitation,1109127300,Water Harvesting Projects - North Rift Valley WWDA,1109127305,Maron- Sibow Water supply,2630200,Capital Grants to Government Agencies and other Levels of Government,exp,50000000,0,0,0,191,yes
fy-2026-27-development-book-volume-iii-1104-2111,1109,State Department for Water & Sanitation,1109127300,Water Harvesting Projects - North Rift Valley WWDA,1109127306,Kamoi-Kapterit-Suwerwa Water Supply Project,2630200,Capital Grants to Government Agencies and other Levels of Government,exp,200000000,0,0,0,191,yes
fy-2026-27-development-book-volume-iii-1104-2111,1109,State Department for Water & Sanitation,1109127300,Water Harvesting Projects - North Rift Valley WWDA,1109127307,Ziwa-Sirikwa Water Project,2630200,Capital Grants to Government Agencies and other Levels of Government,exp,35000000,0,0,0,191,yes
fy-2026-27-development-book-volume-iii-1104-2111,1109,State Department for Water & Sanitation,1109127300,Water Harvesting Projects - North Rift Valley WWDA,1109127308,Natapeno Community Project,2630200,Capital Grants to Government Agencies and other Levels of Government,exp,10000000,0,0,0,191,yes
fy-2026-27-development-book-volume-iii-1104-2111,1109,State Department for Water & Sanitation,1109127300,Water Harvesting Projects - North Rift Valley WWDA,1109127309,Nawoyatira Community Borehole,2630200,Capital Grants to Government Agencies and other Levels of Government 1794,exp,10000000,0,0,0,191,yes
fy-2026-27-development-book-volume-iii-1104-2111,1109,State Department for Water & Sanitation,1109127300,Water Harvesting Projects - North Rift Valley WWDA,1109127310,Nariokitoe Community Borehole,2630200,Capital Grants to Government Agencies and other Levels of Government,exp,10000000,0,0,0,192,yes
fy-2026-27-development-book-volume-iii-1104-2111,1109,State Department for Water & Sanitation,1109127300,Water Harvesting Projects - North Rift Valley WWDA,1109127311,Lokitaung Water Supply,2630200,Capital Grants to Government Agencies and other Levels of Government,exp,20000000,0,0,0,192,yes
fy-2026-27-development-book-volume-iii-1104-2111,1109,State Department for Water & Sanitation,1109127300,Water Harvesting Projects - North Rift Valley WWDA,1109127312,Lochorang`amor Community Water project,2630200,Capital Grants to Government Agencies and other Levels of Government,exp,25000000,0,0,0,192,yes
fy-2026-27-development-book-volume-iii-1104-2111,1109,State Department for Water & Sanitation,1109127300,Water Harvesting Projects - North Rift Valley WWDA,1109127313,Narubu Water Pan,2630200,Capital Grants to Government Agencies and other Levels of Government,exp,15000000,0,0,0,192,yes
fy-2026-27-development-book-volume-iii-1104-2111,1109,State Department for Water & Sanitation,1109127300,Water Harvesting Projects - North Rift Valley WWDA,1109127314,Nasokol Primary School Borehole,2630200,Capital Grants to Government Agencies and other Levels of Government,exp,10000000,0,0,0,192,yes
fy-2026-27-development-book-volume-iii-1104-2111,1109,State Department for Water & Sanitation,1109127300,Water Harvesting Projects - North Rift Valley WWDA,1109127315,Karenger Community,2630200,Capital Grants to Government Agencies and other Levels of Government,exp,10000000,0,0,0,192,yes
fy-2026-27-development-book-volume-iii-1104-2111,1109,State Department for Water & Sanitation,1109127300,Water Harvesting Projects - North Rift Valley WWDA,1109127316,Cheptulel-Chesombur Water Supply,2630200,Capital Grants to Government Agencies and other Levels of Government,exp,20000000,0,0,0,192,yes
fy-2026-27-development-book-volume-iii-1104-2111,1109,State Department for Water & Sanitation,1109127400,Tana Water Works Development Agency,1109127402,Mukurweini water supply,2630200,Capital Grants to Government Agencies and other Levels of Government,exp,0,19000000,0,0,192,yes
fy-2026-27-development-book-volume-iii-1104-2111,1109,State Department for Water & Sanitation,1109127400,Tana Water Works Development Agency,1109127403,Karuiru Water project,2630200,Capital Grants to Government Agencies and other Levels of Government,exp,15000000,80000000,0,0,192,yes
fy-2026-27-development-book-volume-iii-1104-2111,1109,State Department for Water & Sanitation,1109127400,Tana Water Works Development Agency,1109127404,Kiamuguongo water project,2630200,Capital Grants to Government Agencies and other Levels of Government,exp,25000000,23200000,0,0,193,yes
fy-2026-27-development-book-volume-iii-1104-2111,1109,State Department for Water & Sanitation,1109127400,Tana Water Works Development Agency,1109127408,Antuambui Village Borehole,2630200,Capital Grants to Government Agencies and other Levels of Government,exp,0,10000000,0,0,193,yes
fy-2026-27-development-book-volume-iii-1104-2111,1109,State Department for Water & Sanitation,1109127400,Tana Water Works Development Agency,1109127409,Kaari Water Project - Central Imenti Last mile connectivity,2630200,Capital Grants to Government Agencies and other Levels of Government,exp,0,21000000,21000000,0,193,yes
fy-2026-27-development-book-volume-iii-1104-2111,1109,State Department for Water & Sanitation,1109127400,Tana Water Works Development Agency,1109127410,"Kahara village borehole, konyu ward-Mathira",2630200,Capital Grants to Government Agencies and other Levels of Government,exp,0,15000000,0,0,193,yes
fy-2026-27-development-book-volume-iii-1104-2111,1109,State Department for Water & Sanitation,1109127400,Tana Water Works Development Agency,1109127411,Kamwiti Dam,2630200,Capital Grants to Government Agencies and other Levels of Government,exp,0,7000000,0,0,193,yes
fy-2026-27-development-book-volume-iii-1104-2111,1109,State Department for Water & Sanitation,1109127400,Tana Water Works Development Agency,1109127412,Kanitha Dam,2630200,Capital Grants to Government Agencies and other Levels of Government,exp,0,9200000,0,0,193,yes
fy-2026-27-development-book-volume-iii-1104-2111,1109,State Department for Water & Sanitation,1109127400,Tana Water Works Development Agency,1109127413,Kwa ngovu Dam,2630200,Capital Grants to Government Agencies and other Levels of Government,exp,0,11000000,0,0,193,yes
fy-2026-27-development-book-volume-iii-1104-2111,1109,State Department for Water & Sanitation,1109127400,Tana Water Works Development Agency,1109127414,Mbingoini dam,2630200,Capital Grants to Government Agencies and other Levels of Government,exp,0,12000000,0,0,193,yes
fy-2026-27-development-book-volume-iii-1104-2111,1109,State Department for Water & Sanitation,1109127400,Tana Water Works Development Agency,1109127415,Mutharaba Borehole,2630200,Capital Grants to Government Agencies and other Levels of Government,exp,0,15000000,0,0,193,yes
fy-2026-27-development-book-volume-iii-1104-2111,1109,State Department for Water & Sanitation,1109127400,Tana Water Works Development Agency,1109127416,Nairutia Borehole,2630200,Capital Grants to Government Agencies and other Levels of Government,exp,0,15000000,0,0,193,yes
fy-2026-27-development-book-volume-iii-1104-2111,1109,State Department for Water & Sanitation,1109127400,Tana Water Works Development Agency,1109127417,Nyeri Water Supply,2630200,Capital Grants to Government Agencies and other Levels of Government 1796,exp,0,108940000,0,0,193,yes
fy-2026-27-development-book-volume-iii-1104-2111,1109,State Department for Water & Sanitation,1109127400,Tana Water Works Development Agency,1109127418,Kiraria Primary School,2630200,Capital Grants to Government Agencies and other Levels of Government,exp,0,9000000,0,0,194,yes
fy-2026-27-development-book-volume-iii-1104-2111,1109,State Department for Water & Sanitation,1109127400,Tana Water Works Development Agency,1109127419,Kisima Secondary School,2630200,Capital Grants to Government Agencies and other Levels of Government,exp,0,10000000,0,0,194,yes
fy-2026-27-development-book-volume-iii-1104-2111,1109,State Department for Water & Sanitation,1109127400,Tana Water Works Development Agency,1109127421,Ewaso Kidong Village,2630200,Capital Grants to Government Agencies and other Levels of Government,exp,0,13500000,0,0,194,yes
fy-2026-27-development-book-volume-iii-1104-2111,1109,State Department for Water & Sanitation,1109127400,Tana Water Works Development Agency,1109127422,Kalisasi Secondary School,2630200,Capital Grants to Government Agencies and other Levels of Government,exp,0,15000000,0,0,194,yes
fy-2026-27-development-book-volume-iii-1104-2111,1109,State Department for Water & Sanitation,1109127400,Tana Water Works Development Agency,1109127423,Kiguma bore hole.,2630200,Capital Grants to Government Agencies and other Levels of Government,exp,0,10000000,0,0,194,yes
fy-2026-27-development-book-volume-iii-1104-2111,1109,State Department for Water & Sanitation,1109127400,Tana Water Works Development Agency,1109127425,Murua bore hole.,2630200,Capital Grants to Government Agencies and other Levels of Government,exp,0,10000000,0,0,194,yes
fy-2026-27-development-book-volume-iii-1104-2111,1109,State Department for Water & Sanitation,1109127400,Tana Water Works Development Agency,1109127426,Mwea TVET Borehole,2630200,Capital Grants to Government Agencies and other Levels of Government,exp,0,10000000,0,0,194,yes
fy-2026-27-development-book-volume-iii-1104-2111,1109,State Department for Water & Sanitation,1109127400,Tana Water Works Development Agency,1109127427,Ngunyumu Primary/Secondary School Borehole,2630200,Capital Grants to Government Agencies and other Levels of Government,exp,0,13000000,0,0,194,yes
fy-2026-27-development-book-volume-iii-1104-2111,1109,State Department for Water & Sanitation,1109127400,Tana Water Works Development Agency,1109127428,Yatwa Secondary School,2630200,Capital Grants to Government Agencies and other Levels of Government,exp,0,15000000,0,0,194,yes
fy-2026-27-development-book-volume-iii-1104-2111,1109,State Department for Water & Sanitation,1109127400,Tana Water Works Development Agency,1109127430,Kanyokora Water Project,2211300,Other Operating Expenses,exp,40000000,0,0,0,194,yes
fy-2026-27-development-book-volume-iii-1104-2111,1109,State Department for Water & Sanitation,1109127400,Tana Water Works Development Agency,1109127431,Kiamucuku Water Project,2630200,Capital Grants to Government Agencies and other Levels of Government,exp,40000000,0,0,0,195,yes
fy-2026-27-development-book-volume-iii-1104-2111,1109,State Department for Water & Sanitation,1109127400,Tana Water Works Development Agency,1109127432,Mung`etho Water Project,2630200,Capital Grants to Government Agencies and other Levels of Government,exp,30000000,0,0,0,195,yes
fy-2026-27-development-book-volume-iii-1104-2111,1109,State Department for Water & Sanitation,1109127400,Tana Water Works Development Agency,1109127433,Runyuune Water Project,2630200,Capital Grants to Government Agencies and other Levels of Government,exp,10000000,0,0,0,195,yes
fy-2026-27-development-book-volume-iii-1104-2111,1109,State Department for Water & Sanitation,1109127400,Tana Water Works Development Agency,1109127434,Igembe Cluster Water project,2630200,Capital Grants to Government Agencies and other Levels of Government,exp,150000000,219500000,50000000,100000000,195,yes
fy-2026-27-development-book-volume-iii-1104-2111,1109,State Department for Water & Sanitation,1109127400,Tana Water Works Development Agency,1109127442,Kibunga Kakimiki Water Supply Project,2630200,Capital Grants to Government Agencies and other Levels of Government,exp,0,100000000,50000000,150000000,195,yes
fy-2026-27-development-book-volume-iii-1104-2111,1109,State Department for Water & Sanitation,1109127400,Tana Water Works Development Agency,1109127443,Athi Community Borehole,2630200,Capital Grants to Government Agencies and other Levels of Government,exp,0,20000000,0,0,195,yes
fy-2026-27-development-book-volume-iii-1104-2111,1109,State Department for Water & Sanitation,1109127400,Tana Water Works Development Agency,1109127444,Mbututia Water Reservoir,2630200,Capital Grants to Government Agencies and other Levels of Government,exp,0,50000000,50000000,50000000,195,yes
fy-2026-27-development-book-volume-iii-1104-2111,1109,State Department for Water & Sanitation,1109127500,Coast WWDA Projects,1109127526,Hindi Safirisi Water Project,2630200,Capital Grants to Government Agencies and other Levels of Government,exp,20000000,0,0,0,195,yes
fy-2026-27-development-book-volume-iii-1104-2111,1109,State Department for Water & Sanitation,1109127500,Coast WWDA Projects,1109127531,Contruction of the Chomo Water Pan,2630200,Capital Grants to Government Agencies and other Levels of Government,exp,0,10000000,0,0,195,yes
fy-2026-27-development-book-volume-iii-1104-2111,1109,State Department for Water & Sanitation,1109127500,Coast WWDA Projects,1109127532,Construction of GafuruWater Pan,2630200,Capital Grants to Government Agencies and other Levels of Government 1798,exp,0,10000000,0,0,195,yes
fy-2026-27-development-book-volume-iii-1104-2111,1109,State Department for Water & Sanitation,1109127500,Coast WWDA Projects,1109127533,Construction of Mtasara wa Kwa Boho water pan,2630200,Capital Grants to Government Agencies and other Levels of Government,exp,0,10000000,0,0,196,yes
fy-2026-27-development-book-volume-iii-1104-2111,1109,State Department for Water & Sanitation,1109127500,Coast WWDA Projects,1109127535,Construction of the Kishushe Water Pan,2630200,Capital Grants to Government Agencies and other Levels of Government,exp,0,10000000,0,0,196,yes
fy-2026-27-development-book-volume-iii-1104-2111,1109,State Department for Water & Sanitation,1109127500,Coast WWDA Projects,1109127543,Kumbi Milalulu Community Borehole,2630200,Capital Grants to Government Agencies and other Levels of Government,exp,0,10000000,0,0,196,yes
fy-2026-27-development-book-volume-iii-1104-2111,1109,State Department for Water & Sanitation,1109127500,Coast WWDA Projects,1109127544,Legatula Bangal Water Project-Bura Constituency,2630200,Capital Grants to Government Agencies and other Levels of Government,exp,75000000,0,0,0,196,yes
fy-2026-27-development-book-volume-iii-1104-2111,1109,State Department for Water & Sanitation,1109127500,Coast WWDA Projects,1109127545,Badanrero Water Pan,2630200,Capital Grants to Government Agencies and other Levels of Government,exp,25000000,0,0,0,196,yes
fy-2026-27-development-book-volume-iii-1104-2111,1109,State Department for Water & Sanitation,1109127500,Coast WWDA Projects,1109127546,Dambala Fachana Wario Dida- Water Pan,2630200,Capital Grants to Government Agencies and other Levels of Government,exp,25000000,0,0,0,196,yes
fy-2026-27-development-book-volume-iii-1104-2111,1109,State Department for Water & Sanitation,1109127500,Coast WWDA Projects,1109127547,Gar Qarsa Borehole,2630200,Capital Grants to Government Agencies and other Levels of Government,exp,20000000,0,0,0,196,yes
fy-2026-27-development-book-volume-iii-1104-2111,1109,State Department for Water & Sanitation,1109127500,Coast WWDA Projects,1109127548,Koronder Pan(North Horr),2630200,Capital Grants to Government Agencies and other Levels of Government,exp,25000000,0,0,0,196,yes
fy-2026-27-development-book-volume-iii-1104-2111,1109,State Department for Water & Sanitation,1109127500,Coast WWDA Projects,1109127549,Nebei Borehole(Laisamis),2630200,Capital Grants to Government Agencies and other Levels of Government,exp,20000000,0,0,0,196,yes
fy-2026-27-development-book-volume-iii-1104-2111,1109,State Department for Water & Sanitation,1109127500,Coast WWDA Projects,1109127550,Ambalo Water Project,2630200,Capital Grants to Government Agencies and other Levels of Government,exp,25000000,0,0,0,196,yes
fy-2026-27-development-book-volume-iii-1104-2111,1109,State Department for Water & Sanitation,1109127500,Coast WWDA Projects,1109127551,Qonqom Water Pan(Moyale),2630200,Capital Grants to Government Agencies and other Levels of Government,exp,25000000,0,0,0,197,yes
fy-2026-27-development-book-volume-iii-1104-2111,1109,State Department for Water & Sanitation,1109127500,Coast WWDA Projects,1109127552,Jaldera Borehole(Saku),2630200,Capital Grants to Government Agencies and other Levels of Government,exp,20000000,0,0,0,197,yes
fy-2026-27-development-book-volume-iii-1104-2111,1109,State Department for Water & Sanitation,1109127500,Coast WWDA Projects,1109127553,Idhidho Water Pan(North Horr),2630200,Capital Grants to Government Agencies and other Levels of Government,exp,25000000,0,0,0,197,yes
fy-2026-27-development-book-volume-iii-1104-2111,1109,State Department for Water & Sanitation,1109127500,Coast WWDA Projects,1109127554,Fincharo Water Pan,2630200,Capital Grants to Government Agencies and other Levels of Government,exp,50000000,0,0,0,197,yes
fy-2026-27-development-book-volume-iii-1104-2111,1109,State Department for Water & Sanitation,1109127500,Coast WWDA Projects,1109127555,Qarsa Dima Water Pan,2630200,Capital Grants to Government Agencies and other Levels of Government,exp,50000000,0,0,0,197,yes
fy-2026-27-development-book-volume-iii-1104-2111,1109,State Department for Water & Sanitation,1109127500,Coast WWDA Projects,1109127556,Dadach Bofa Water Pan,2630200,Capital Grants to Government Agencies and other Levels of Government,exp,50000000,0,0,0,197,yes
fy-2026-27-development-book-volume-iii-1104-2111,1109,State Department for Water & Sanitation,1109127600,Lake Victoria North WWDA Projects II,1109127631,Kiminini Water Project,2630200,Capital Grants to Government Agencies and other Levels of Government,exp,0,30000000,0,0,197,yes
fy-2026-27-development-book-volume-iii-1104-2111,1109,State Department for Water & Sanitation,1109127600,Lake Victoria North WWDA Projects II,1109127632,Kiungani Water Project,2630200,Capital Grants to Government Agencies and other Levels of Government,exp,0,20000000,0,0,197,yes
fy-2026-27-development-book-volume-iii-1104-2111,1109,State Department for Water & Sanitation,1109127600,Lake Victoria North WWDA Projects II,1109127638,Rehabilitation of Alupe Dam and Water Supply,2630200,Capital Grants to Government Agencies and other Levels of Government,exp,76000000,0,0,0,197,yes
fy-2026-27-development-book-volume-iii-1104-2111,1109,State Department for Water & Sanitation,1109127600,Lake Victoria North WWDA Projects II,1109127653,Kapcherin Stream Community water Project,2630200,Capital Grants to Government Agencies and other Levels of Government 1800,exp,8000000,0,0,0,197,yes
fy-2026-27-development-book-volume-iii-1104-2111,1109,State Department for Water & Sanitation,1109127600,Lake Victoria North WWDA Projects II,1109127654,Kaplesan Spring Water Project,2630200,Capital Grants to Government Agencies and other Levels of Government,exp,8000000,0,0,0,198,yes
fy-2026-27-development-book-volume-iii-1104-2111,1109,State Department for Water & Sanitation,1109127600,Lake Victoria North WWDA Projects II,1109127655,Mwira Secondary School Water Project,2630200,Capital Grants to Government Agencies and other Levels of Government,exp,8000000,0,0,0,198,yes
fy-2026-27-development-book-volume-iii-1104-2111,1109,State Department for Water & Sanitation,1109127600,Lake Victoria North WWDA Projects II,1109127656,Silanga Spring Water Project,2630200,Capital Grants to Government Agencies and other Levels of Government,exp,7000000,0,0,0,198,yes
fy-2026-27-development-book-volume-iii-1104-2111,1109,State Department for Water & Sanitation,1109127600,Lake Victoria North WWDA Projects II,1109127657,Namawanga DEB Primary School Water Project,2630200,Capital Grants to Government Agencies and other Levels of Government,exp,8000000,0,0,0,198,yes
fy-2026-27-development-book-volume-iii-1104-2111,1109,State Department for Water & Sanitation,1109127600,Lake Victoria North WWDA Projects II,1109127660,Sarora-Kaiboi Cluster Water Project-Last Mile,2630200,Capital Grants to Government Agencies and other Levels of Government,exp,12000000,0,0,0,198,yes
fy-2026-27-development-book-volume-iii-1104-2111,1109,State Department for Water & Sanitation,1109127600,Lake Victoria North WWDA Projects II,1109127661,Emusire- Esirumba-Ebukanga Last Mile Water Connectivity,2630200,Capital Grants to Government Agencies and other Levels of Government,exp,0,10000000,0,0,198,yes
fy-2026-27-development-book-volume-iii-1104-2111,1109,State Department for Water & Sanitation,1109127600,Lake Victoria North WWDA Projects II,1109127662,Wandega Primary school borehole,2630200,Capital Grants to Government Agencies and other Levels of Government,exp,0,10000000,0,0,198,yes
fy-2026-27-development-book-volume-iii-1104-2111,1109,State Department for Water & Sanitation,1109127600,Lake Victoria North WWDA Projects II,1109127663,Bulanda school - Mayenje borehole,2630200,Capital Grants to Government Agencies and other Levels of Government,exp,0,10000000,0,0,198,yes
fy-2026-27-development-book-volume-iii-1104-2111,1109,State Department for Water & Sanitation,1109127600,Lake Victoria North WWDA Projects II,1109127664,Asiriam Primary school borehole,2630200,Capital Grants to Government Agencies and other Levels of Government,exp,0,10000000,0,0,198,yes
fy-2026-27-development-book-volume-iii-1104-2111,1109,State Department for Water & Sanitation,1109127600,Lake Victoria North WWDA Projects II,1109127665,Eshirunyire primary school borehole,2630200,Capital Grants to Government Agencies and other Levels of Government,exp,0,10000000,0,0,198,yes
fy-2026-27-development-book-volume-iii-1104-2111,1109,State Department for Water & Sanitation,1109127700,Lake Victoria South WWDA Projects II,1109127701,Headquaters,2630200,Capital Grants to Government Agencies and other Levels of Government,exp,0,50000000,283100000,0,199,yes
fy-2026-27-development-book-volume-iii-1104-2111,1109,State Department for Water & Sanitation,1109127700,Lake Victoria South WWDA Projects II,1109127709,Kegonga Cluster Water Supply,2630200,Capital Grants to Government Agencies and other Levels of Government,exp,130000000,250000000,400000000,592000000,199,yes
fy-2026-27-development-book-volume-iii-1104-2111,1109,State Department for Water & Sanitation,1109127700,Lake Victoria South WWDA Projects II,1109127719,Nyademra water Project (Ndhiwa),2630200,Capital Grants to Government Agencies and other Levels of Government,exp,10000000,0,0,0,199,yes
fy-2026-27-development-book-volume-iii-1104-2111,1109,State Department for Water & Sanitation,1109127700,Lake Victoria South WWDA Projects II,1109127720,Nyalkembo Water Project(S.S),2630200,Capital Grants to Government Agencies and other Levels of Government,exp,10000000,0,0,0,199,yes
fy-2026-27-development-book-volume-iii-1104-2111,1109,State Department for Water & Sanitation,1109127700,Lake Victoria South WWDA Projects II,1109127721,Omakokoth Water Project (Ndhiwa),2630200,Capital Grants to Government Agencies and other Levels of Government,exp,10000000,0,0,0,199,yes
fy-2026-27-development-book-volume-iii-1104-2111,1109,State Department for Water & Sanitation,1109127700,Lake Victoria South WWDA Projects II,1109127722,Othora Water Project(Nyatike),2630200,Capital Grants to Government Agencies and other Levels of Government,exp,10000000,0,0,0,199,yes
fy-2026-27-development-book-volume-iii-1104-2111,1109,State Department for Water & Sanitation,1109127700,Lake Victoria South WWDA Projects II,1109127723,Pundo Mandera Water Project (S.S),2630200,Capital Grants to Government Agencies and other Levels of Government,exp,10000000,0,0,0,199,yes
fy-2026-27-development-book-volume-iii-1104-2111,1109,State Department for Water & Sanitation,1109127700,Lake Victoria South WWDA Projects II,1109127724,Sidika Borehole (Nyatike),2630200,Capital Grants to Government Agencies and other Levels of Government,exp,10000000,0,0,0,199,yes
fy-2026-27-development-book-volume-iii-1104-2111,1109,State Department for Water & Sanitation,1109127700,Lake Victoria South WWDA Projects II,1109127725,Sigama Water Project (Ndhiwa),2630200,Capital Grants to Government Agencies and other Levels of Government,exp,10000000,0,0,0,199,yes
fy-2026-27-development-book-volume-iii-1104-2111,1109,State Department for Water & Sanitation,1109127700,Lake Victoria South WWDA Projects II,1109127726,Wiamen Kanyango Water Project (Homa Bay),2630200,Capital Grants to Government Agencies and other Levels of Government 1802,exp,10000000,0,0,0,199,yes
fy-2026-27-development-book-volume-iii-1104-2111,1109,State Department for Water & Sanitation,1109127700,Lake Victoria South WWDA Projects II,1109127727,Chesambai Community Water Project,2630200,Capital Grants to Government Agencies and other Levels of Government,exp,30000000,0,0,0,200,yes
fy-2026-27-development-book-volume-iii-1104-2111,1109,State Department for Water & Sanitation,1109127700,Lake Victoria South WWDA Projects II,1109127728,Mori Water Supply Project,2630200,Capital Grants to Government Agencies and other Levels of Government,exp,0,10000000,0,0,200,yes
fy-2026-27-development-book-volume-iii-1104-2111,1109,State Department for Water & Sanitation,1109127700,Lake Victoria South WWDA Projects II,1109127729,Nyasumi Primary School Borehole,2630200,Capital Grants to Government Agencies and other Levels of Government,exp,0,10000000,0,0,200,yes
fy-2026-27-development-book-volume-iii-1104-2111,1109,State Department for Water & Sanitation,1109127700,Lake Victoria South WWDA Projects II,1109127730,Nyagancha Primary School borehoe,2630200,Capital Grants to Government Agencies and other Levels of Government,exp,0,10000000,0,0,200,yes
fy-2026-27-development-book-volume-iii-1104-2111,1109,State Department for Water & Sanitation,1109127700,Lake Victoria South WWDA Projects II,1109127731,Sengera Primary School Borehole,2630200,Capital Grants to Government Agencies and other Levels of Government,exp,0,10000000,0,0,200,yes
fy-2026-27-development-book-volume-iii-1104-2111,1109,State Department for Water & Sanitation,1109127700,Lake Victoria South WWDA Projects II,1109127732,Bonyunyu Primary School Borehole,2630200,Capital Grants to Government Agencies and other Levels of Government,exp,0,10000000,0,0,200,yes
fy-2026-27-development-book-volume-iii-1104-2111,1109,State Department for Water & Sanitation,1109127700,Lake Victoria South WWDA Projects II,1109127734,Kirido Earth Dam(Flood) Mitigation,2630200,Capital Grants to Government Agencies and other Levels of Government,exp,50000000,0,0,0,200,yes
fy-2026-27-development-book-volume-iii-1104-2111,1109,State Department for Water & Sanitation,1109127700,Lake Victoria South WWDA Projects II,1109127735,Obinyo Osembe Dykes(Muhoroni),2630200,Capital Grants to Government Agencies and other Levels of Government,exp,50000000,0,0,0,200,yes
fy-2026-27-development-book-volume-iii-1104-2111,1109,State Department for Water & Sanitation,1109127700,Lake Victoria South WWDA Projects II,1109127736,River Kibuon and Miriu Dykes,2630200,Capital Grants to Government Agencies and other Levels of Government,exp,150000000,0,0,0,200,yes
fy-2026-27-development-book-volume-iii-1104-2111,1109,State Department for Water & Sanitation,1109127700,Lake Victoria South WWDA Projects II,1109127737,Kebirigo Secondary School Borehole - West Mugirango,2630200,Capital Grants to Government Agencies and other Levels of Government,exp,10000000,0,0,0,200,yes
fy-2026-27-development-book-volume-iii-1104-2111,1109,State Department for Water & Sanitation,1109127700,Lake Victoria South WWDA Projects II,1109127738,Kotienditi Secondary & Community Borehole,2630200,Capital Grants to Government Agencies and other Levels of Government,exp,10000000,0,0,0,201,yes
fy-2026-27-development-book-volume-iii-1104-2111,1109,State Department for Water & Sanitation,1109127700,Lake Victoria South WWDA Projects II,1109127739,Adega Secondary School & Community Borehole,2630200,Capital Grants to Government Agencies and other Levels of Government,exp,10000000,0,0,0,201,yes
fy-2026-27-development-book-volume-iii-1104-2111,1109,State Department for Water & Sanitation,1109127700,Lake Victoria South WWDA Projects II,1109127740,Nyasumi Primary School Borehole - Kitutu Masaba,2630200,Capital Grants to Government Agencies and other Levels of Government,exp,10000000,0,0,0,201,yes
fy-2026-27-development-book-volume-iii-1104-2111,1109,State Department for Water & Sanitation,1109127700,Lake Victoria South WWDA Projects II,1109127741,Umer Primary School Borehole,2630200,Capital Grants to Government Agencies and other Levels of Government,exp,10000000,0,0,0,201,yes
fy-2026-27-development-book-volume-iii-1104-2111,1109,State Department for Water & Sanitation,1109127700,Lake Victoria South WWDA Projects II,1109127742,Development of Community Boreholes and Water Supply Projects -,2630200,Capital Grants to Government Agencies and other Levels of Government,exp,0,56000000,0,0,201,yes
fy-2026-27-development-book-volume-iii-1104-2111,1109,State Department for Water & Sanitation,1109127800,Central Rift Valley WWDA Projects.,1109127836,Kambi ya Samaki Water Treatment and Distribution Project,2630200,Capital Grants to Government Agencies and other Levels of Government,exp,10000000,29000000,0,0,201,yes
fy-2026-27-development-book-volume-iii-1104-2111,1109,State Department for Water & Sanitation,1109127800,Central Rift Valley WWDA Projects.,1109127848,Strategic water projects in Laikipia -CRVWWA,2630200,Capital Grants to Government Agencies and other Levels of Government,exp,80000000,0,0,0,201,yes
fy-2026-27-development-book-volume-iii-1104-2111,1109,State Department for Water & Sanitation,1109127800,Central Rift Valley WWDA Projects.,1109127849,Drilling and Equipping Of Ol Joro rok Joseline Borehole -CRVWWA,2630200,Capital Grants to Government Agencies and other Levels of Government,exp,10000000,0,0,0,201,yes
fy-2026-27-development-book-volume-iii-1104-2111,1109,State Department for Water & Sanitation,1109127800,Central Rift Valley WWDA Projects.,1109127850,Drilling and Equipping of Equator Primary School Borehole -,2630200,Capital Grants to Government Agencies and other Levels of Government,exp,10000000,0,0,0,201,yes
fy-2026-27-development-book-volume-iii-1104-2111,1109,State Department for Water & Sanitation,1109127800,Central Rift Valley WWDA Projects.,1109127851,Drilling and Equipping of Mahua Primary School Borehole -CRVWWA,2630200,Capital Grants to Government Agencies and other Levels of Government 1804,exp,10000000,0,0,0,201,yes
fy-2026-27-development-book-volume-iii-1104-2111,1109,State Department for Water & Sanitation,1109127800,Central Rift Valley WWDA Projects.,1109127852,Kamurian dam - Mogotio's / Emining Ward -CRVWWA,2630200,Capital Grants to Government Agencies and other Levels of Government,exp,10000000,0,0,0,202,yes
fy-2026-27-development-book-volume-iii-1104-2111,1109,State Department for Water & Sanitation,1109127800,Central Rift Valley WWDA Projects.,1109127853,kolosonje water pan-Mogotio/Emoning Ward -CRVWWA,2630200,Capital Grants to Government Agencies and other Levels of Government,exp,10000000,0,0,0,202,yes
fy-2026-27-development-book-volume-iii-1104-2111,1109,State Department for Water & Sanitation,1109127800,Central Rift Valley WWDA Projects.,1109127854,Lamalok LMC -Baringo South /Eljamus -CRVWWA,2630200,Capital Grants to Government Agencies and other Levels of Government,exp,10000000,0,0,0,202,yes
fy-2026-27-development-book-volume-iii-1104-2111,1109,State Department for Water & Sanitation,1109127800,Central Rift Valley WWDA Projects.,1109127856,Ex Retief Borehole - Equipping and LMC,2630200,Capital Grants to Government Agencies and other Levels of Government,exp,7000000,0,0,0,202,yes
fy-2026-27-development-book-volume-iii-1104-2111,1109,State Department for Water & Sanitation,1109127800,Central Rift Valley WWDA Projects.,1109127860,Koisamo borehole Equipping and LMC,2630200,Capital Grants to Government Agencies and other Levels of Government,exp,15000000,0,0,0,202,yes
fy-2026-27-development-book-volume-iii-1104-2111,1109,State Department for Water & Sanitation,1109127800,Central Rift Valley WWDA Projects.,1109127861,Kianyoro borehole- Equipping and LMC,2630200,Capital Grants to Government Agencies and other Levels of Government,exp,9000000,0,0,0,202,yes
fy-2026-27-development-book-volume-iii-1104-2111,1109,State Department for Water & Sanitation,1109127800,Central Rift Valley WWDA Projects.,1109127863,Karungu borehole- Equipping,2630200,Capital Grants to Government Agencies and other Levels of Government,exp,5000000,0,0,0,202,yes
fy-2026-27-development-book-volume-iii-1104-2111,1109,State Department for Water & Sanitation,1109127800,Central Rift Valley WWDA Projects.,1109127867,Ruth Kiptui Girls Borehole- equipping and LMC,2630200,Capital Grants to Government Agencies and other Levels of Government,exp,9000000,0,0,0,202,yes
fy-2026-27-development-book-volume-iii-1104-2111,1109,State Department for Water & Sanitation,1109127800,Central Rift Valley WWDA Projects.,1109127868,Olonini borehole- Equipping,2630200,Capital Grants to Government Agencies and other Levels of Government,exp,5000000,0,0,0,202,yes
fy-2026-27-development-book-volume-iii-1104-2111,1109,State Department for Water & Sanitation,1109127800,Central Rift Valley WWDA Projects.,1109127872,Development of Community Borehole and Water Supply Projects - LVS,2630200,Capital Grants to Government Agencies and other Levels of Government,exp,0,28000000,0,0,202,yes
fy-2026-27-development-book-volume-iii-1104-2111,1109,State Department for Water & Sanitation,1109127800,Central Rift Valley WWDA Projects.,1109127873,Kenewa Water Project,2630200,Capital Grants to Government Agencies and other Levels of Government,exp,0,50000000,0,0,203,yes
fy-2026-27-development-book-volume-iii-1104-2111,1109,State Department for Water & Sanitation,1109128000,Northern WWDA Projects,1109128006,Construction of Bananey Pan,2630200,Capital Grants to Government Agencies and other Levels of Government,exp,30000000,0,0,0,203,yes
fy-2026-27-development-book-volume-iii-1104-2111,1109,State Department for Water & Sanitation,1109128000,Northern WWDA Projects,1109128013,Construction of Ogot wein water pan,2630200,Capital Grants to Government Agencies and other Levels of Government,exp,10000000,0,0,0,203,yes
fy-2026-27-development-book-volume-iii-1104-2111,1109,State Department for Water & Sanitation,1109128000,Northern WWDA Projects,1109128017,Banjaba - Ogorwein Water Pan,2630200,Capital Grants to Government Agencies and other Levels of Government,exp,50000000,0,0,0,203,yes
fy-2026-27-development-book-volume-iii-1104-2111,1109,State Department for Water & Sanitation,1109128000,Northern WWDA Projects,1109128021,Dadmarithi Water Pan,2630200,Capital Grants to Government Agencies and other Levels of Government,exp,50000000,0,0,0,203,yes
fy-2026-27-development-book-volume-iii-1104-2111,1109,State Department for Water & Sanitation,1109128000,Northern WWDA Projects,1109128035,Parkishon Water Pan,2630200,Capital Grants to Government Agencies and other Levels of Government,exp,40000000,0,0,0,203,yes
fy-2026-27-development-book-volume-iii-1104-2111,1109,State Department for Water & Sanitation,1109128000,Northern WWDA Projects,1109128047,Jukala Water pan Eldas,2630200,Capital Grants to Government Agencies and other Levels of Government,exp,60000000,0,0,0,203,yes
fy-2026-27-development-book-volume-iii-1104-2111,1109,State Department for Water & Sanitation,1109128000,Northern WWDA Projects,1109128048,Rubaale Water Pan,2630200,Capital Grants to Government Agencies and other Levels of Government,exp,50000000,0,0,0,203,yes
fy-2026-27-development-book-volume-iii-1104-2111,1109,State Department for Water & Sanitation,1109128000,Northern WWDA Projects,1109128049,Lodungokwe II Waterpan,2630200,Capital Grants to Government Agencies and other Levels of Government,exp,50000000,0,0,0,203,yes
fy-2026-27-development-book-volume-iii-1104-2111,1109,State Department for Water & Sanitation,1109128000,Northern WWDA Projects,1109128050,Bojigaras Waterpan,2630200,Capital Grants to Government Agencies and other Levels of Government 1806,exp,50000000,0,0,0,203,yes
fy-2026-27-development-book-volume-iii-1104-2111,1109,State Department for Water & Sanitation,1109128000,Northern WWDA Projects,1109128052,Dabalweyne Waterpan,2630200,Capital Grants to Government Agencies and other Levels of Government,exp,10000000,4600000,0,0,204,yes
fy-2026-27-development-book-volume-iii-1104-2111,1109,State Department for Water & Sanitation,1109128000,Northern WWDA Projects,1109128053,Elkambere Water Pan,2630200,Capital Grants to Government Agencies and other Levels of Government,exp,10000000,7700000,0,0,204,yes
fy-2026-27-development-book-volume-iii-1104-2111,1109,State Department for Water & Sanitation,1109128000,Northern WWDA Projects,1109128060,Hagadera Pan - Modogashe ward,2630200,Capital Grants to Government Agencies and other Levels of Government,exp,10000000,0,0,0,204,yes
fy-2026-27-development-book-volume-iii-1104-2111,1109,State Department for Water & Sanitation,1109128000,Northern WWDA Projects,1109128061,Lagbogal North Mega Water Pan,2630200,Capital Grants to Government Agencies and other Levels of Government,exp,250000000,0,0,0,204,yes
fy-2026-27-development-book-volume-iii-1104-2111,1109,State Department for Water & Sanitation,1109128000,Northern WWDA Projects,1109128062,Masale-Kikiley Flood Control and Restoration,2630200,Capital Grants to Government Agencies and other Levels of Government,exp,100000000,0,0,0,204,yes
fy-2026-27-development-book-volume-iii-1104-2111,1109,State Department for Water & Sanitation,1109128000,Northern WWDA Projects,1109128067,Orote Water Pan,2630200,Capital Grants to Government Agencies and other Levels of Government,exp,0,23100000,0,0,204,yes
fy-2026-27-development-book-volume-iii-1104-2111,1109,State Department for Water & Sanitation,1109128000,Northern WWDA Projects,1109128068,Banadir Water Pan,2630200,Capital Grants to Government Agencies and other Levels of Government,exp,0,18500000,0,0,204,yes
fy-2026-27-development-book-volume-iii-1104-2111,1109,State Department for Water & Sanitation,1109128000,Northern WWDA Projects,1109128069,Kilkiley-Baladwein - Dagahley -Orote Water Supply,2630200,Capital Grants to Government Agencies and other Levels of Government,exp,0,61700000,0,0,204,yes
fy-2026-27-development-book-volume-iii-1104-2111,1109,State Department for Water & Sanitation,1109128000,Northern WWDA Projects,1109128070,Digging and Capping of 120 shallow wells (Wajir Town)- Wajir,2630200,Capital Grants to Government Agencies and other Levels of Government,exp,0,2300000,0,0,204,yes
fy-2026-27-development-book-volume-iii-1104-2111,1109,State Department for Water & Sanitation,1109128000,Northern WWDA Projects,1109128071,Dagayar Water Pan,2630200,Capital Grants to Government Agencies and other Levels of Government,exp,0,32400000,0,0,204,yes
fy-2026-27-development-book-volume-iii-1104-2111,1109,State Department for Water & Sanitation,1109128000,Northern WWDA Projects,1109128072,Masalale- Kilkiley Laga Flood Control & Restoration Project,2630200,Capital Grants to Government Agencies and other Levels of Government,exp,0,146600000,0,0,205,yes
fy-2026-27-development-book-volume-iii-1104-2111,1109,State Department for Water & Sanitation,1109128000,Northern WWDA Projects,1109128073,Injir-Habaswein Water Pan,2630200,Capital Grants to Government Agencies and other Levels of Government,exp,0,32400000,0,0,205,yes
fy-2026-27-development-book-volume-iii-1104-2111,1109,State Department for Water & Sanitation,1109128000,Northern WWDA Projects,1109128074,Baladwein Water Pan,2630200,Capital Grants to Government Agencies and other Levels of Government,exp,0,32400000,0,0,205,yes
fy-2026-27-development-book-volume-iii-1104-2111,1109,State Department for Water & Sanitation,1109128000,Northern WWDA Projects,1109128075,Bakala Water Pan,2630200,Capital Grants to Government Agencies and other Levels of Government,exp,0,32400000,0,0,205,yes
fy-2026-27-development-book-volume-iii-1104-2111,1109,State Department for Water & Sanitation,1109128000,Northern WWDA Projects,1109128076,Majabow Water Pan,2630200,Capital Grants to Government Agencies and other Levels of Government,exp,0,32400000,0,0,205,yes
fy-2026-27-development-book-volume-iii-1104-2111,1109,State Department for Water & Sanitation,1109128000,Northern WWDA Projects,1109128077,Wargadud Water Pan,2630200,Capital Grants to Government Agencies and other Levels of Government,exp,0,32400000,0,0,205,yes
fy-2026-27-development-book-volume-iii-1104-2111,1109,State Department for Water & Sanitation,1109128100,North Rift Valley WWDA Projects.,1109128109,Kapyego community water supply,2630200,Capital Grants to Government Agencies and other Levels of Government,exp,65000000,0,0,0,205,yes
fy-2026-27-development-book-volume-iii-1104-2111,1109,State Department for Water & Sanitation,1109128100,North Rift Valley WWDA Projects.,1109128114,Kamologon - Kamelei - Tenderwa,2630200,Capital Grants to Government Agencies and other Levels of Government,exp,51000000,0,0,0,205,yes
fy-2026-27-development-book-volume-iii-1104-2111,1109,State Department for Water & Sanitation,1109128100,North Rift Valley WWDA Projects.,1109128126,Koipirir Talai Endo Community Water Project,2630200,Capital Grants to Government Agencies and other Levels of Government,exp,80000000,0,0,0,205,yes
fy-2026-27-development-book-volume-iii-1104-2111,1109,State Department for Water & Sanitation,1109128100,North Rift Valley WWDA Projects.,1109128128,Chesakam Water Pan - NRVWWA,2630200,Capital Grants to Government Agencies and other Levels of Government 1808,exp,18000000,0,0,0,205,yes
fy-2026-27-development-book-volume-iii-1104-2111,1109,State Department for Water & Sanitation,1109128100,North Rift Valley WWDA Projects.,1109128129,Merur borehole - NRVWWA,2630200,Capital Grants to Government Agencies and other Levels of Government,exp,12000000,0,0,0,206,yes
fy-2026-27-development-book-volume-iii-1104-2111,1109,State Department for Water & Sanitation,1109128100,North Rift Valley WWDA Projects.,1109128130,Metipsoo Community Water Supply Project -Elgeyo Marakwet,2630200,Capital Grants to Government Agencies and other Levels of Government,exp,30000000,0,0,0,206,yes
fy-2026-27-development-book-volume-iii-1104-2111,1109,State Department for Water & Sanitation,1109128100,North Rift Valley WWDA Projects.,1109128131,Tuiyoluk Water Supply Project -Uasin Gishu,2630200,Capital Grants to Government Agencies and other Levels of Government,exp,20000000,0,0,0,206,yes
fy-2026-27-development-book-volume-iii-1104-2111,1109,State Department for Water & Sanitation,1109128100,North Rift Valley WWDA Projects.,1109128132,Konda Water Project -Uasin Gishu,2630200,Capital Grants to Government Agencies and other Levels of Government,exp,20000000,0,0,0,206,yes
fy-2026-27-development-book-volume-iii-1104-2111,1109,State Department for Water & Sanitation,1109128100,North Rift Valley WWDA Projects.,1109128133,Kaptuli Water Project -Uasin Gishu,2630200,Capital Grants to Government Agencies and other Levels of Government,exp,15000000,0,0,0,206,yes
fy-2026-27-development-book-volume-iii-1104-2111,1109,State Department for Water & Sanitation,1109128100,North Rift Valley WWDA Projects.,1109128134,Chepsaita/Chepkemel Dam Rehabilitation Works,2630200,Capital Grants to Government Agencies and other Levels of Government,exp,30000000,0,0,0,206,yes
fy-2026-27-development-book-volume-iii-1104-2111,1109,State Department for Water & Sanitation,1109128100,North Rift Valley WWDA Projects.,1109128135,Tatwa Project -West Pokot,2630200,Capital Grants to Government Agencies and other Levels of Government,exp,10000000,0,0,0,206,yes
fy-2026-27-development-book-volume-iii-1104-2111,1109,State Department for Water & Sanitation,1109128100,North Rift Valley WWDA Projects.,1109128136,Kipkundul Community Water Supply Project,2630200,Capital Grants to Government Agencies and other Levels of Government,exp,30000000,0,0,0,206,yes
fy-2026-27-development-book-volume-iii-1104-2111,1109,State Department for Water & Sanitation,1109128100,North Rift Valley WWDA Projects.,1109128137,Mobel Dam-Elgeyo Marakwet,2630200,Capital Grants to Government Agencies and other Levels of Government,exp,30000000,0,0,0,206,yes
fy-2026-27-development-book-volume-iii-1104-2111,1109,State Department for Water & Sanitation,1109128100,North Rift Valley WWDA Projects.,1109128141,Bombo Dam-Ainabkoi Constituency,2630200,Capital Grants to Government Agencies and other Levels of Government,exp,39000000,0,0,0,206,yes
fy-2026-27-development-book-volume-iii-1104-2111,1109,State Department for Water & Sanitation,1109128100,North Rift Valley WWDA Projects.,1109128142,Mosop/Tarakwa (Kibire) water project,2630200,Capital Grants to Government Agencies and other Levels of Government,exp,30000000,0,0,0,207,yes
fy-2026-27-development-book-volume-iii-1104-2111,1109,State Department for Water & Sanitation,1109128100,North Rift Valley WWDA Projects.,1109128143,Kipkabus Downs Dam,2630200,Capital Grants to Government Agencies and other Levels of Government,exp,30000000,0,0,0,207,yes
fy-2026-27-development-book-volume-iii-1104-2111,1109,State Department for Water & Sanitation,1109128100,North Rift Valley WWDA Projects.,1109128144,Waunifor Dam-Ainabkoi,2630200,Capital Grants to Government Agencies and other Levels of Government,exp,50000000,0,0,0,207,yes
fy-2026-27-development-book-volume-iii-1104-2111,1109,State Department for Water & Sanitation,1109128100,North Rift Valley WWDA Projects.,1109128145,Kap-engine Water Supply,2630200,Capital Grants to Government Agencies and other Levels of Government,exp,30000000,0,0,0,207,yes
fy-2026-27-development-book-volume-iii-1104-2111,1109,State Department for Water & Sanitation,1109128100,North Rift Valley WWDA Projects.,1109128147,Kapkire /Katani - Chepkoilel River(Soy),2630200,Capital Grants to Government Agencies and other Levels of Government,exp,20000000,0,0,0,207,yes
fy-2026-27-development-book-volume-iii-1104-2111,1109,State Department for Water & Sanitation,1109128100,North Rift Valley WWDA Projects.,1109128149,Kaptuli Water Pan,2630200,Capital Grants to Government Agencies and other Levels of Government,exp,30000000,0,0,0,207,yes
fy-2026-27-development-book-volume-iii-1104-2111,1109,State Department for Water & Sanitation,1109128100,North Rift Valley WWDA Projects.,1109128150,Kapamare Dam,2630200,Capital Grants to Government Agencies and other Levels of Government,exp,30000000,0,0,0,207,yes
fy-2026-27-development-book-volume-iii-1104-2111,1109,State Department for Water & Sanitation,1109128100,North Rift Valley WWDA Projects.,1109128151,Naiberi Primary water project,2630200,Capital Grants to Government Agencies and other Levels of Government,exp,10000000,0,0,0,207,yes
fy-2026-27-development-book-volume-iii-1104-2111,1109,State Department for Water & Sanitation,1109128100,North Rift Valley WWDA Projects.,1109128152,Uhuru Primary water project,2630200,Capital Grants to Government Agencies and other Levels of Government,exp,10000000,0,0,0,207,yes
fy-2026-27-development-book-volume-iii-1104-2111,1109,State Department for Water & Sanitation,1109128100,North Rift Valley WWDA Projects.,1109128153,Shirika Kapchan Dam -Soy,2630200,Capital Grants to Government Agencies and other Levels of Government,exp,30000000,0,0,0,207,yes
fy-2026-27-development-book-volume-iii-1104-2111,1109,State Department for Water & Sanitation,1109128100,North Rift Valley WWDA Projects.,1109128154,Tarakwa Dam -Kesses,2630200,Capital Grants to Government Agencies and other Levels of Government 1810,exp,30000000,50000000,0,0,207,yes
fy-2026-27-development-book-volume-iii-1104-2111,1109,State Department for Water & Sanitation,1109128100,North Rift Valley WWDA Projects.,1109128155,Sosiani Dam-Turbo,2630200,Capital Grants to Government Agencies and other Levels of Government,exp,30000000,0,0,0,208,yes
fy-2026-27-development-book-volume-iii-1104-2111,1109,State Department for Water & Sanitation,1109128100,North Rift Valley WWDA Projects.,1109128156,Tuiyoluk Water Project,2630200,Capital Grants to Government Agencies and other Levels of Government,exp,30000000,0,0,0,208,yes
fy-2026-27-development-book-volume-iii-1104-2111,1109,State Department for Water & Sanitation,1109128100,North Rift Valley WWDA Projects.,1109128157,Dissilting and Equipping of Kambi Tatu Dam-Moiben,2630200,Capital Grants to Government Agencies and other Levels of Government,exp,40000000,0,0,0,208,yes
fy-2026-27-development-book-volume-iii-1104-2111,1109,State Department for Water & Sanitation,1109128100,North Rift Valley WWDA Projects.,1109128159,Koibeyot Primary School,2630200,Capital Grants to Government Agencies and other Levels of Government,exp,10000000,0,0,0,208,yes
fy-2026-27-development-book-volume-iii-1104-2111,1109,State Department for Water & Sanitation,1109128100,North Rift Valley WWDA Projects.,1109128160,Charar Water Project -Moiben/Sergoit/Kamariny Wards,2630200,Capital Grants to Government Agencies and other Levels of Government,exp,50000000,0,0,0,208,yes
fy-2026-27-development-book-volume-iii-1104-2111,1109,State Department for Water & Sanitation,1109128100,North Rift Valley WWDA Projects.,1109128161,Nguzo Rafiki Water Supply Project -Baringo,2630200,Capital Grants to Government Agencies and other Levels of Government,exp,50000000,0,0,0,208,yes
fy-2026-27-development-book-volume-iii-1104-2111,1109,State Department for Water & Sanitation,1109128100,North Rift Valley WWDA Projects.,1109128162,Sukta Community Water Project,2630200,Capital Grants to Government Agencies and other Levels of Government,exp,23000000,0,0,0,208,yes
fy-2026-27-development-book-volume-iii-1104-2111,1109,State Department for Water & Sanitation,1109128100,North Rift Valley WWDA Projects.,1109128163,Lorien Colonial Dam Rehabilitation Project,2630200,Capital Grants to Government Agencies and other Levels of Government,exp,30000000,0,0,0,208,yes
fy-2026-27-development-book-volume-iii-1104-2111,1109,State Department for Water & Sanitation,1109128100,North Rift Valley WWDA Projects.,1109128164,Kamoka Community Water Project,2630200,Capital Grants to Government Agencies and other Levels of Government,exp,17000000,0,0,0,208,yes
fy-2026-27-development-book-volume-iii-1104-2111,1109,State Department for Water & Sanitation,1109128100,North Rift Valley WWDA Projects.,1109128165,Gatitu Community Water Project,2630200,Capital Grants to Government Agencies and other Levels of Government,exp,10000000,0,0,0,208,yes
fy-2026-27-development-book-volume-iii-1104-2111,1109,State Department for Water & Sanitation,1109128100,North Rift Valley WWDA Projects.,1109128167,Tuiyobei-Koiman Water Supply Project,2630200,Capital Grants to Government Agencies and other Levels of Government,exp,79000000,0,0,0,209,yes
fy-2026-27-development-book-volume-iii-1104-2111,1109,State Department for Water & Sanitation,1109128100,North Rift Valley WWDA Projects.,1109128169,Kebulwet Water Project,2630200,Capital Grants to Government Agencies and other Levels of Government,exp,30000000,32600000,0,0,209,yes
fy-2026-27-development-book-volume-iii-1104-2111,1109,State Department for Water & Sanitation,1109128100,North Rift Valley WWDA Projects.,1109128168,Charar Water Project,2630200,Capital Grants to Government Agencies and other Levels of Government,exp,50000000,0,0,0,209,yes
fy-2026-27-development-book-volume-iii-1104-2111,1109,State Department for Water & Sanitation,1109128100,North Rift Valley WWDA Projects.,1109128170,Bundura Water Project,2630200,Capital Grants to Government Agencies and other Levels of Government,exp,0,45000000,0,0,209,yes
fy-2026-27-development-book-volume-iii-1104-2111,1109,State Department for Water & Sanitation,1109128100,North Rift Valley WWDA Projects.,1109128171,Moi University Water Project,2630200,Capital Grants to Government Agencies and other Levels of Government,exp,0,20000000,0,0,209,yes
fy-2026-27-development-book-volume-iii-1104-2111,1109,State Department for Water & Sanitation,1109128100,North Rift Valley WWDA Projects.,1109128172,Kaptengut Check Dam,2630200,Capital Grants to Government Agencies and other Levels of Government,exp,0,25000000,0,0,209,yes
fy-2026-27-development-book-volume-iii-1104-2111,1109,State Department for Water & Sanitation,1109128300,Mbeere South Water Supply (TWWDA),1109128301,Mbeere South Water Supply,2630200,Capital Grants to Government Agencies and other Levels of Government,exp,101757651,102000000,780000000,827500000,209,yes
fy-2026-27-development-book-volume-iii-1104-2111,1109,State Department for Water & Sanitation,1109128300,Mbeere South Water Supply (TWWDA),1109128302,Maua Sewrage Project,2630200,Capital Grants to Government Agencies and other Levels of Government,exp,50000000,0,0,0,209,yes
fy-2026-27-development-book-volume-iii-1104-2111,1109,State Department for Water & Sanitation,1109128300,Mbeere South Water Supply (TWWDA),1109128303,Kaari Water Supply Project,2630200,Capital Grants to Government Agencies and other Levels of Government,exp,30000000,0,0,0,209,yes
fy-2026-27-development-book-volume-iii-1104-2111,1109,State Department for Water & Sanitation,1109128300,Mbeere South Water Supply (TWWDA),1109128304,Nyambene Cluster Water Supply Project,2630200,Capital Grants to Government Agencies and other Levels of Government 1812,exp,100000000,0,0,0,209,yes
fy-2026-27-development-book-volume-iii-1104-2111,1109,State Department for Water & Sanitation,1109128500,Kenya Water Sanitation and Hygiene,1109128501,Kenya Water Sanitation and Hygiene HQ,2630200,Capital Grants to Government Agencies and other Levels of Government,exp,4262526599,5127000000,7350000000,8734000000,210,yes
fy-2026-27-development-book-volume-iii-1104-2111,1109,State Department for Water & Sanitation,1109128500,Kenya Water Sanitation and Hygiene,1109128502,Kenya Water Sanitation and Hygiene WSTF,2630200,Capital Grants to Government Agencies and other Levels of Government,exp,877473401,1000000000,1712000000,0,210,yes
fy-2026-27-development-book-volume-iii-1104-2111,1109,State Department for Water & Sanitation,1109128600,Kibusta and Tirat Water Projects HQs,1109128601,Kibusta and Tirat Water Projects HQs,2630200,Capital Grants to Government Agencies and other Levels of Government,exp,50000000,50000000,0,0,210,yes
fy-2026-27-development-book-volume-iii-1104-2111,1109,State Department for Water & Sanitation,1109128700,Restoration and Conservation of Water Catchment Areas,1109128701,Restoration and Conservation of Water Catchment Areas,2630200,Capital Grants to Government Agencies and other Levels of Government,exp,50000000,170000000,130000000,120000000,210,yes
fy-2026-27-development-book-volume-iii-1104-2111,1109,State Department for Water & Sanitation,1109129000,Resettlement Action Plan (RAP) Coast WWDA,1109129001,Makamani Dam RAP,2630200,Capital Grants to Government Agencies and other Levels of Government,exp,0,315000000,1000000000,104000000,210,yes
fy-2026-27-development-book-volume-iii-1104-2111,1109,State Department for Water & Sanitation,1109129400,Public Participation Projects,1109129404,Ereshaboru water pan,2630200,Capital Grants to Government Agencies and other Levels of Government,exp,0,20000000,20000000,0,211,yes
fy-2026-27-development-book-volume-iii-1104-2111,1109,State Department for Water & Sanitation,1109129400,Public Participation Projects,1109129405,Kawalachi Water pan,2630200,Capital Grants to Government Agencies and other Levels of Government,exp,0,15000000,15000000,0,211,yes
fy-2026-27-development-book-volume-iii-1104-2111,1109,State Department for Water & Sanitation,1109129400,Public Participation Projects,1109129406,Desilting of Kang'oria Pan Dam in Silale Ward,2630200,Capital Grants to Government Agencies and other Levels of Government,exp,0,3000000,3000000,0,211,yes
fy-2026-27-development-book-volume-iii-1104-2111,1109,State Department for Water & Sanitation,1109129400,Public Participation Projects,1109129407,Drilling and Equipping of Chepng'osos Borehole,2630200,Capital Grants to Government Agencies and other Levels of Government,exp,0,3000000,3000000,0,211,yes
fy-2026-27-development-book-volume-iii-1104-2111,1109,State Department for Water & Sanitation,1109129600,Kobujoi Water Project,1109129601,Kobujoi Water Project,2630200,Capital Grants to Government Agencies and other Levels of Government,exp,200000000,17000000,0,0,211,yes
fy-2026-27-development-book-volume-iii-1104-2111,1109,State Department for Water & Sanitation,1109129700,Hurri Hills Water and Sanitation Project,1109129701,Hurri Hills Water and Sanitation Project,2630200,Capital Grants to Government Agencies and other Levels of Government,exp,0,0,50000000,90500000,211,yes
fy-2026-27-development-book-volume-iii-1104-2111,1109,State Department for Water & Sanitation,1109129800,Mua Hills Water Project,1109129801,Mua Hills Water Project,2630200,Capital Grants to Government Agencies and other Levels of Government,exp,0,0,80000000,110000000,211,yes
fy-2026-27-development-book-volume-iii-1104-2111,1109,State Department for Water & Sanitation,1109129900,Ewaso Water and Climate Resilience Programme (EWFCP),1109129901,Ewaso Water and Climate Resilience Programme (EWFCP),2630200,Capital Grants to Government Agencies and other Levels of Government,exp,0,0,50000000,100000000,212,yes
fy-2026-27-development-book-volume-iii-1104-2111,1109,State Department for Water & Sanitation,1109130200,Drilling and Equipping of Goriale Shantabaq,1109130203,Bangal Water Dam (Bura Constituency),2630200,Capital Grants to Government Agencies and other Levels of Government,exp,15000000,0,0,0,212,yes
fy-2026-27-development-book-volume-iii-1104-2111,1109,State Department for Water & Sanitation,1109130200,Drilling and Equipping of Goriale Shantabaq,1109130206,Kipchar Water Supply (Baringo),2630200,Capital Grants to Government Agencies and other Levels of Government,exp,15000000,0,0,0,212,yes
fy-2026-27-development-book-volume-iii-1104-2111,1109,State Department for Water & Sanitation,1109130200,Drilling and Equipping of Goriale Shantabaq,1109130208,Kapsabaa Dam,2630200,Capital Grants to Government Agencies and other Levels of Government,exp,10000000,0,0,0,212,yes
fy-2026-27-development-book-volume-iii-1104-2111,1109,State Department for Water & Sanitation,1109130200,Drilling and Equipping of Goriale Shantabaq,1109130209,Chepelion Gorge Dam,2630200,Capital Grants to Government Agencies and other Levels of Government,exp,15000000,0,0,0,212,yes
fy-2026-27-development-book-volume-iii-1104-2111,1109,State Department for Water & Sanitation,1109130200,Drilling and Equipping of Goriale Shantabaq,1109130210,Chelabal Dam,2630200,Capital Grants to Government Agencies and other Levels of Government,exp,15000000,0,0,0,212,yes
fy-2026-27-development-book-volume-iii-1104-2111,1109,State Department for Water & Sanitation,1109130200,Drilling and Equipping of Goriale Shantabaq,1109130211,Kimilili Dam,2630200,Capital Grants to Government Agencies and other Levels of Government,exp,15000000,0,0,0,212,yes
fy-2026-27-development-book-volume-iii-1104-2111,1109,State Department for Water & Sanitation,1109130200,Drilling and Equipping of Goriale Shantabaq,1109130212,Kesses Dam,2630200,Capital Grants to Government Agencies and other Levels of Government,exp,15000000,0,0,0,212,yes
fy-2026-27-development-book-volume-iii-1104-2111,1109,State Department for Water & Sanitation,1109130200,Drilling and Equipping of Goriale Shantabaq,1109130213,Lochacha Water Pan.,2630200,Capital Grants to Government Agencies and other Levels of Government,exp,15000000,0,0,0,212,yes
fy-2026-27-development-book-volume-iii-1104-2111,1109,State Department for Water & Sanitation,1109130200,Drilling and Equipping of Goriale Shantabaq,1109130214,Chepkram Water Pan,2630200,Capital Grants to Government Agencies and other Levels of Government,exp,15000000,0,0,0,213,yes
fy-2026-27-development-book-volume-iii-1104-2111,1109,State Department for Water & Sanitation,1109130200,Drilling and Equipping of Goriale Shantabaq,1109130215,Kamwago Dam,2630200,Capital Grants to Government Agencies and other Levels of Government,exp,15000000,0,0,0,213,yes
fy-2026-27-development-book-volume-iii-1104-2111,1109,State Department for Water & Sanitation,1109130200,Drilling and Equipping of Goriale Shantabaq,1109130216,Rehabilitation of Cheploch Water Pan,2630200,Capital Grants to Government Agencies and other Levels of Government,exp,15000000,0,0,0,213,yes
fy-2026-27-development-book-volume-iii-1104-2111,1109,State Department for Water & Sanitation,1109130200,Drilling and Equipping of Goriale Shantabaq,1109130217,Singore Dam,2630200,Capital Grants to Government Agencies and other Levels of Government,exp,15000000,0,0,0,213,yes
fy-2026-27-development-book-volume-iii-1104-2111,1109,State Department for Water & Sanitation,1109130200,Drilling and Equipping of Goriale Shantabaq,1109130218,"Kenyatta Dam Rehabilitation, Treatment & Last Mile",2630200,Capital Grants to Government Agencies and other Levels of Government,exp,15000000,0,0,0,213,yes
fy-2026-27-development-book-volume-iii-1104-2111,1109,State Department for Water & Sanitation,1109130200,Drilling and Equipping of Goriale Shantabaq,1109130219,Rehabilitation and Expansion of Kapkoi Nengilel Earth Dam -Turbo,2630200,Capital Grants to Government Agencies and other Levels of Government,exp,23901215,0,0,0,213,yes
fy-2026-27-development-book-volume-iii-1104-2111,1109,State Department for Water & Sanitation,1109130200,Drilling and Equipping of Goriale Shantabaq,1109130220,Riverbank stabilization -Lagdera,2630200,Capital Grants to Government Agencies and other Levels of Government,exp,20000000,0,0,0,213,yes
fy-2026-27-development-book-volume-iii-1104-2111,1109,State Department for Water & Sanitation,1109130300,Water Supply Projects,1109130302,Ndhiwa and Suba Cluster,2630200,Capital Grants to Government Agencies and other Levels of Government,exp,200000000,0,0,0,213,yes
fy-2026-27-development-book-volume-iii-1104-2111,1109,State Department for Water & Sanitation,1109130300,Water Supply Projects,1109130303,Boro-Karemo Water Project (Siaya),2630200,Capital Grants to Government Agencies and other Levels of Government,exp,400000000,0,0,0,213,yes
fy-2026-27-development-book-volume-iii-1104-2111,1109,State Department for Water & Sanitation,1109130300,Water Supply Projects,1109130304,Kipsiwo Water Project,2630200,Capital Grants to Government Agencies and other Levels of Government 1816,exp,15000000,0,0,0,213,yes
fy-2026-27-development-book-volume-iii-1104-2111,1109,State Department for Water & Sanitation,1109130300,Water Supply Projects,1109130305,Gorgor Water Project,2630200,Capital Grants to Government Agencies and other Levels of Government,exp,15000000,0,0,0,214,yes
fy-2026-27-development-book-volume-iii-1104-2111,1109,State Department for Water & Sanitation,1109130300,Water Supply Projects,1109130306,Orobo Water Project,2630200,Capital Grants to Government Agencies and other Levels of Government,exp,15000000,0,0,0,214,yes
fy-2026-27-development-book-volume-iii-1104-2111,1109,State Department for Water & Sanitation,1109130300,Water Supply Projects,1109130307,Kapchumba Water Project,2630200,Capital Grants to Government Agencies and other Levels of Government,exp,15000000,0,0,0,214,yes
fy-2026-27-development-book-volume-iii-1104-2111,1109,State Department for Water & Sanitation,1109130300,Water Supply Projects,1109130308,Kamurguywo Water Project,2630200,Capital Grants to Government Agencies and other Levels of Government,exp,15000000,0,0,0,214,yes
fy-2026-27-development-book-volume-iii-1104-2111,1109,State Department for Water & Sanitation,1109130300,Water Supply Projects,1109130309,Kombe Water Project,2630200,Capital Grants to Government Agencies and other Levels of Government,exp,15000000,0,0,0,214,yes
fy-2026-27-development-book-volume-iii-1104-2111,1109,State Department for Water & Sanitation,1109130300,Water Supply Projects,1109130310,Anapngetik Water Project,2630200,Capital Grants to Government Agencies and other Levels of Government,exp,15000000,0,0,0,214,yes
fy-2026-27-development-book-volume-iii-1104-2111,1109,State Department for Water & Sanitation,1109130300,Water Supply Projects,1109130311,Kapkeneroi/Sarora Water Project,2630200,Capital Grants to Government Agencies and other Levels of Government,exp,15000000,0,0,0,214,yes
fy-2026-27-development-book-volume-iii-1104-2111,1109,State Department for Water & Sanitation,1109130300,Water Supply Projects,1109130312,Ndalat Gaa water project,2630200,Capital Grants to Government Agencies and other Levels of Government,exp,15000000,0,0,0,214,yes
fy-2026-27-development-book-volume-iii-1104-2111,1109,State Department for Water & Sanitation,1109130300,Water Supply Projects,1109130313,Bombo Water Project,2630200,Capital Grants to Government Agencies and other Levels of Government,exp,15000000,0,0,0,214,yes
fy-2026-27-development-book-volume-iii-1104-2111,1109,State Department for Water & Sanitation,1109130300,Water Supply Projects,1109130314,Chepkiit Water Project,2630200,Capital Grants to Government Agencies and other Levels of Government,exp,15000000,0,0,0,214,yes
fy-2026-27-development-book-volume-iii-1104-2111,1109,State Department for Water & Sanitation,1109130300,Water Supply Projects,1109130315,Chemamit Water Pan,2630200,Capital Grants to Government Agencies and other Levels of Government,exp,15000000,0,0,0,215,yes
fy-2026-27-development-book-volume-iii-1104-2111,1109,State Department for Water & Sanitation,1109130300,Water Supply Projects,1109130316,Kedowa Water Project,2630200,Capital Grants to Government Agencies and other Levels of Government,exp,15000000,0,0,0,215,yes
fy-2026-27-development-book-volume-iii-1104-2111,1109,State Department for Water & Sanitation,1109130300,Water Supply Projects,1109130317,Kamiwa-Kaplelit Water Project,2630200,Capital Grants to Government Agencies and other Levels of Government,exp,15000000,0,0,0,215,yes
fy-2026-27-development-book-volume-iii-1104-2111,1109,State Department for Water & Sanitation,1109130300,Water Supply Projects,1109130318,Tabaita Water Project,2630200,Capital Grants to Government Agencies and other Levels of Government,exp,15000000,0,0,0,215,yes
fy-2026-27-development-book-volume-iii-1104-2111,1109,State Department for Water & Sanitation,1109130300,Water Supply Projects,1109130320,Ainamoi Water Project,2630200,Capital Grants to Government Agencies and other Levels of Government,exp,15000000,0,0,0,215,yes
fy-2026-27-development-book-volume-iii-1104-2111,1109,State Department for Water & Sanitation,1109130300,Water Supply Projects,1109130321,Belgut Water Project,2630200,Capital Grants to Government Agencies and other Levels of Government,exp,15000000,0,0,0,215,yes
fy-2026-27-development-book-volume-iii-1104-2111,1109,State Department for Water & Sanitation,1109130300,Water Supply Projects,1109130322,Sogorobei Water Project,2630200,Capital Grants to Government Agencies and other Levels of Government,exp,15000000,0,0,0,215,yes
fy-2026-27-development-book-volume-iii-1104-2111,1109,State Department for Water & Sanitation,1109130300,Water Supply Projects,1109130323,Kabuliot Water Project,2630200,Capital Grants to Government Agencies and other Levels of Government,exp,15000000,0,0,0,215,yes
fy-2026-27-development-book-volume-iii-1104-2111,1109,State Department for Water & Sanitation,1109130300,Water Supply Projects,1109130324,Kaplain Water Project,2630200,Capital Grants to Government Agencies and other Levels of Government,exp,15000000,0,0,0,215,yes
fy-2026-27-development-book-volume-iii-1104-2111,1109,State Department for Water & Sanitation,1109130300,Water Supply Projects,1109130325,Kosich Water Project,2630200,Capital Grants to Government Agencies and other Levels of Government,exp,15000000,0,0,0,215,yes
fy-2026-27-development-book-volume-iii-1104-2111,1109,State Department for Water & Sanitation,1109130300,Water Supply Projects,1109130326,Sendera Water Project,2630200,Capital Grants to Government Agencies and other Levels of Government 1818,exp,15000000,0,0,0,215,yes
fy-2026-27-development-book-volume-iii-1104-2111,1109,State Department for Water & Sanitation,1109130300,Water Supply Projects,1109130327,Kaptengut/ Kapcheserut Water Project,2630200,Capital Grants to Government Agencies and other Levels of Government,exp,15000000,0,0,0,216,yes
fy-2026-27-development-book-volume-iii-1104-2111,1109,State Department for Water & Sanitation,1109130300,Water Supply Projects,1109130328,Kacheliba-Kodich Pipe Water Project.,2630200,Capital Grants to Government Agencies and other Levels of Government,exp,15000000,0,0,0,216,yes
fy-2026-27-development-book-volume-iii-1104-2111,1109,State Department for Water & Sanitation,1109130300,Water Supply Projects,1109130329,Sinai-Kaporowo-Samich-Pusol Water Project.,2630200,Capital Grants to Government Agencies and other Levels of Government,exp,15000000,0,0,0,216,yes
fy-2026-27-development-book-volume-iii-1104-2111,1109,State Department for Water & Sanitation,1109130300,Water Supply Projects,1109130330,Partakilat Water Supply Project,2630200,Capital Grants to Government Agencies and other Levels of Government,exp,96000000,110000000,0,0,216,yes
fy-2026-27-development-book-volume-iii-1104-2111,1109,State Department for Water & Sanitation,1109130300,Water Supply Projects,1109130331,Mogor Water Supply Project,2630200,Capital Grants to Government Agencies and other Levels of Government,exp,204000000,87000000,0,0,216,yes
fy-2026-27-development-book-volume-iii-1104-2111,1109,State Department for Water & Sanitation,1109130300,Water Supply Projects,1109130332,Construction of Naivasha Sub-County Water Supply Project - Ndabibi,2630200,Capital Grants to Government Agencies and other Levels of Government,exp,450000000,244000000,600000000,900000000,216,yes
fy-2026-27-development-book-volume-iii-1104-2111,1109,State Department for Water & Sanitation,1109130300,Water Supply Projects,1109130333,Suswa DCK Water Supply Project,2630200,Capital Grants to Government Agencies and other Levels of Government,exp,50000000,0,0,0,216,yes
fy-2026-27-development-book-volume-iii-1104-2111,1109,State Department for Water & Sanitation,1109130300,Water Supply Projects,1109130334,Kabianga Water Supply,2630200,Capital Grants to Government Agencies and other Levels of Government,exp,50000000,140000000,100000000,130000000,216,yes
fy-2026-27-development-book-volume-iii-1104-2111,1109,State Department for Water & Sanitation,1109130300,Water Supply Projects,1109130335,Abdiwako-Yako-Lakoley water Supply,2630200,Capital Grants to Government Agencies and other Levels of Government,exp,0,100000000,0,0,216,yes
fy-2026-27-development-book-volume-iii-1104-2111,1109,State Department for Water & Sanitation,1109130400,Boreholes,1109130401,"Boreholes-Kiptulwo Sec Sch., Kapcheluch Pri.Sch, & SOT TTI",2630200,Capital Grants to Government Agencies and other Levels of Government,exp,15000000,0,0,0,217,yes
fy-2026-27-development-book-volume-iii-1104-2111,1109,State Department for Water & Sanitation,1109130400,Boreholes,1109130402,"Kimarwandi water project, Boreholes-Kapset Sec sch., & Kaptien Sec",2630200,Capital Grants to Government Agencies and other Levels of Government,exp,15000000,0,0,0,217,yes
fy-2026-27-development-book-volume-iii-1104-2111,1109,State Department for Water & Sanitation,1109130400,Boreholes,1109130403,"Boreholes- Kanusin Girls Sec., Balek Pri. Sch & Tumoiyot Pri. Sch",2630200,Capital Grants to Government Agencies and other Levels of Government,exp,15000000,0,0,0,217,yes
fy-2026-27-development-book-volume-iii-1104-2111,1109,State Department for Water & Sanitation,1109130400,Boreholes,1109130405,Borehole-Gelegele girls Sec Sch. And Sironet Sec. Sch.,2630200,Capital Grants to Government Agencies and other Levels of Government,exp,10000000,0,0,0,217,yes
fy-2026-27-development-book-volume-iii-1104-2111,1109,State Department for Water & Sanitation,1109130400,Boreholes,1109130406,Orokwo Borehole-Equipping & Distribution,2630200,Capital Grants to Government Agencies and other Levels of Government,exp,10000000,0,0,0,217,yes
fy-2026-27-development-book-volume-iii-1104-2111,1109,State Department for Water & Sanitation,1109130400,Boreholes,1109130407,Ngembomoi Primary Sch.Borehole,2630200,Capital Grants to Government Agencies and other Levels of Government,exp,15000000,0,0,0,217,yes
fy-2026-27-development-book-volume-iii-1104-2111,1109,State Department for Water & Sanitation,1109130400,Boreholes,1109130408,Lake Kamnorok Pri. Sch. Borehole,2630200,Capital Grants to Government Agencies and other Levels of Government,exp,15000000,0,0,0,217,yes
fy-2026-27-development-book-volume-iii-1104-2111,1109,State Department for Water & Sanitation,1109130400,Boreholes,1109130409,"Borehole-Tuyobei Primary School (Drilling, Equipping & Last Mile)",2630200,Capital Grants to Government Agencies and other Levels of Government,exp,15000000,0,0,0,217,yes
fy-2026-27-development-book-volume-iii-1104-2111,1109,State Department for Water & Sanitation,1109130400,Boreholes,1109130410,"Borehole-Ngesumin Primary Sch. (Drilling, Equipping & Last Mile)",2630200,Capital Grants to Government Agencies and other Levels of Government,exp,15000000,0,0,0,217,yes
fy-2026-27-development-book-volume-iii-1104-2111,1109,State Department for Water & Sanitation,1109130400,Boreholes,1109130411,Kamirithu Village Nursery Borehole,2630200,Capital Grants to Government Agencies and other Levels of Government,exp,18000000,0,0,0,217,yes
fy-2026-27-development-book-volume-iii-1104-2111,1109,State Department for Water & Sanitation,1109130400,Boreholes,1109130412,Molo highway Secondary Borehole,2630200,Capital Grants to Government Agencies and other Levels of Government 1820,exp,18000000,0,0,0,217,yes
fy-2026-27-development-book-volume-iii-1104-2111,1109,State Department for Water & Sanitation,1109130400,Boreholes,1109130413,Molo Sub county Hospital Borehole,2630200,Capital Grants to Government Agencies and other Levels of Government,exp,18000000,0,0,0,218,yes
fy-2026-27-development-book-volume-iii-1104-2111,1109,State Department for Water & Sanitation,1109130400,Boreholes,1109130414,Mwangaza Primary Borehole,2630200,Capital Grants to Government Agencies and other Levels of Government,exp,18000000,0,0,0,218,yes
fy-2026-27-development-book-volume-iii-1104-2111,1109,State Department for Water & Sanitation,1109130400,Boreholes,1109130415,Gathigi Primary Borehole,2630200,Capital Grants to Government Agencies and other Levels of Government,exp,18000000,0,0,0,218,yes
fy-2026-27-development-book-volume-iii-1104-2111,1109,State Department for Water & Sanitation,1109130400,Boreholes,1109130416,Kamungei Primary Borehole,2630200,Capital Grants to Government Agencies and other Levels of Government,exp,18000000,0,0,0,218,yes
fy-2026-27-development-book-volume-iii-1104-2111,1109,State Department for Water & Sanitation,1109130400,Boreholes,1109130417,Elburgon Nyayo Hospital Borehole,2630200,Capital Grants to Government Agencies and other Levels of Government,exp,18000000,0,0,0,218,yes
fy-2026-27-development-book-volume-iii-1104-2111,1109,State Department for Water & Sanitation,1109130400,Boreholes,1109130418,Tayari Primary Borehole,2630200,Capital Grants to Government Agencies and other Levels of Government,exp,18000000,0,0,0,218,yes
fy-2026-27-development-book-volume-iii-1104-2111,1109,State Department for Water & Sanitation,1109130400,Boreholes,1109130419,Witima Nursery Borehole,2630200,Capital Grants to Government Agencies and other Levels of Government,exp,18000000,0,0,0,218,yes
fy-2026-27-development-book-volume-iii-1104-2111,1109,State Department for Water & Sanitation,1109130400,Boreholes,1109130420,Mwangi Muchuki Primary Borehole,2630200,Capital Grants to Government Agencies and other Levels of Government,exp,18000000,0,0,0,218,yes
fy-2026-27-development-book-volume-iii-1104-2111,1109,State Department for Water & Sanitation,1109130500,Muumoni Community (Masii Location) Borehole,1109130501,Muumoni Community (Masii Location) Borehole,2630200,Capital Grants to Government Agencies and other Levels of Government,exp,10000000,0,0,0,218,yes
fy-2026-27-development-book-volume-iii-1104-2111,1109,State Department for Water & Sanitation,1109130600,Kanana Water Pan - Lakathi Sub Location,1109130601,Kanana Water Pan - Lakathi Sub Location,2630200,Capital Grants to Government Agencies and other Levels of Government,exp,19000000,71000000,0,0,219,yes
fy-2026-27-development-book-volume-iii-1104-2111,1109,State Department for Water & Sanitation,1109130800,Kelonget Water Dam,1109130801,Kelonget Water Dam,2630200,Capital Grants to Government Agencies and other Levels of Government,exp,50000000,100000000,0,0,219,yes
fy-2026-27-development-book-volume-iii-1104-2111,1109,State Department for Water & Sanitation,1109130900,Water Security & Climate Resilience - Mwache Dam,1109130901,Water Security & Climate Resilience - Mwache Dam,2630200,Capital Grants to Government Agencies and other Levels of Government,exp,7099901215,5822500000,7100000000,7230000000,219,yes
fy-2026-27-development-book-volume-iii-1104-2111,1109,State Department for Water & Sanitation,1109130900,Water Security & Climate Resilience - Mwache Dam,1109130901,Water Security & Climate Resilience - Mwache Dam,5120200,Foreign Borrowing - Direct Payments,aia,4500000000,3400000000,3900000000,3900000000,219,yes
fy-2026-27-development-book-volume-iii-1104-2111,1109,State Department for Water & Sanitation,1109130900,Water Security & Climate Resilience - Mwache Dam,1109130902,Mwache Water Pipeline Extension,2630200,Capital Grants to Government Agencies and other Levels of Government,exp,180000000,0,0,0,219,yes
fy-2026-27-development-book-volume-iii-1104-2111,1109,State Department for Water & Sanitation,1109131000,Water Projects - NWHSA,1109131001,Thunguthu River Subwell,2630200,Capital Grants to Government Agencies and other Levels of Government,exp,20000000,0,0,0,219,yes
fy-2026-27-development-book-volume-iii-1104-2111,1109,State Department for Water & Sanitation,1109131000,Water Projects - NWHSA,1109131002,Chesipet Dam,2630200,Capital Grants to Government Agencies and other Levels of Government,exp,20000000,0,0,0,219,yes
fy-2026-27-development-book-volume-iii-1104-2111,1109,State Department for Water & Sanitation,1109131000,Water Projects - NWHSA,1109131003,Nyamtiro water supply,2630200,Capital Grants to Government Agencies and other Levels of Government,exp,40000000,0,0,0,220,yes
fy-2026-27-development-book-volume-iii-1104-2111,1109,State Department for Water & Sanitation,1109131000,Water Projects - NWHSA,1109131004,Konyu Irrigation project,2630200,Capital Grants to Government Agencies and other Levels of Government,exp,20000000,0,0,0,220,yes
fy-2026-27-development-book-volume-iii-1104-2111,1109,State Department for Water & Sanitation,1109131000,Water Projects - NWHSA,1109131005,Mairune B water project,2630200,Capital Grants to Government Agencies and other Levels of Government,exp,20000000,0,0,0,220,yes
fy-2026-27-development-book-volume-iii-1104-2111,1109,State Department for Water & Sanitation,1109131000,Water Projects - NWHSA,1109131006,Kanjuiri water project,2630200,Capital Grants to Government Agencies and other Levels of Government,exp,20000000,0,0,0,220,yes
fy-2026-27-development-book-volume-iii-1104-2111,1109,State Department for Water & Sanitation,1109131000,Water Projects - NWHSA,1109131007,Miatsani Water Pan,2630200,Capital Grants to Government Agencies and other Levels of Government,exp,20000000,0,0,0,220,yes
fy-2026-27-development-book-volume-iii-1104-2111,1109,State Department for Water & Sanitation,1109131000,Water Projects - NWHSA,1109131008,Sururu Community Borehole,2630200,Capital Grants to Government Agencies and other Levels of Government,exp,20000000,0,0,0,220,yes
fy-2026-27-development-book-volume-iii-1104-2111,1109,State Department for Water & Sanitation,1109131000,Water Projects - NWHSA,1109131009,Mbita Dam Rehabilitation,2630200,Capital Grants to Government Agencies and other Levels of Government,exp,20000000,0,0,0,220,yes
fy-2026-27-development-book-volume-iii-1104-2111,1109,State Department for Water & Sanitation,1109131000,Water Projects - NWHSA,1109131010,Langobaya borehole,2630200,Capital Grants to Government Agencies and other Levels of Government,exp,20000000,0,0,0,220,yes
fy-2026-27-development-book-volume-iii-1104-2111,1109,State Department for Water & Sanitation,1109131000,Water Projects - NWHSA,1109131011,Dumatto Water Pan,2630200,Capital Grants to Government Agencies and other Levels of Government,exp,20000000,0,0,0,220,yes
fy-2026-27-development-book-volume-iii-1104-2111,1109,State Department for Water & Sanitation,1109131000,Water Projects - NWHSA,1109131012,Kisima Dam,2630200,Capital Grants to Government Agencies and other Levels of Government,exp,20000000,0,0,0,220,yes
fy-2026-27-development-book-volume-iii-1104-2111,1109,State Department for Water & Sanitation,1109131000,Water Projects - NWHSA,1109131013,Turbi Dam,2630200,Capital Grants to Government Agencies and other Levels of Government 1823,exp,20000000,0,0,0,220,yes
fy-2026-27-development-book-volume-iii-1104-2111,1109,State Department for Water & Sanitation,1109131000,Water Projects - NWHSA,1109131014,Mutomo Dam,2630200,Capital Grants to Government Agencies and other Levels of Government,exp,20000000,0,0,0,221,yes
fy-2026-27-development-book-volume-iii-1104-2111,1109,State Department for Water & Sanitation,1109131000,Water Projects - NWHSA,1109131015,Ol Kalou (Salien Central) Dam,2630200,Capital Grants to Government Agencies and other Levels of Government,exp,20000000,0,0,0,221,yes
fy-2026-27-development-book-volume-iii-1104-2111,1109,State Department for Water & Sanitation,1109131000,Water Projects - NWHSA,1109131016,Merti Dam,2630200,Capital Grants to Government Agencies and other Levels of Government,exp,20000000,0,0,0,221,yes
fy-2026-27-development-book-volume-iii-1104-2111,1109,State Department for Water & Sanitation,1109131000,Water Projects - NWHSA,1109131017,Nyatwere Dam,2630200,Capital Grants to Government Agencies and other Levels of Government,exp,20000000,0,0,0,221,yes
fy-2026-27-development-book-volume-iii-1104-2111,1109,State Department for Water & Sanitation,1109131000,Water Projects - NWHSA,1109131018,Pal Pal Dam,2630200,Capital Grants to Government Agencies and other Levels of Government,exp,20000000,0,0,0,221,yes
fy-2026-27-development-book-volume-iii-1104-2111,1109,State Department for Water & Sanitation,1109131000,Water Projects - NWHSA,1109131019,Dase Guti Dam,2630200,Capital Grants to Government Agencies and other Levels of Government,exp,20000000,0,0,0,221,yes
fy-2026-27-development-book-volume-iii-1104-2111,1109,State Department for Water & Sanitation,1109131000,Water Projects - NWHSA,1109131020,Gichara Kithithina 2 Dam,2630200,Capital Grants to Government Agencies and other Levels of Government,exp,20000000,0,0,0,221,yes
fy-2026-27-development-book-volume-iii-1104-2111,1109,State Department for Water & Sanitation,1109131000,Water Projects - NWHSA,1109131021,Thim Bonde Primary School Borehole,2630200,Capital Grants to Government Agencies and other Levels of Government,exp,20000000,0,0,0,221,yes
fy-2026-27-development-book-volume-iii-1104-2111,1109,State Department for Water & Sanitation,1109131000,Water Projects - NWHSA,1109131022,Kanyamony Primary School Borehole,2630200,Capital Grants to Government Agencies and other Levels of Government,exp,20000000,0,0,0,221,yes
fy-2026-27-development-book-volume-iii-1104-2111,1109,State Department for Water & Sanitation,1109131000,Water Projects - NWHSA,1109131023,Tulwap Sotome Water Project,2630200,Capital Grants to Government Agencies and other Levels of Government,exp,20000000,0,0,0,221,yes
fy-2026-27-development-book-volume-iii-1104-2111,1109,State Department for Water & Sanitation,1109131000,Water Projects - NWHSA,1109131024,Kona/Kapileili Water Project,2630200,Capital Grants to Government Agencies and other Levels of Government,exp,20000000,0,0,0,222,yes
fy-2026-27-development-book-volume-iii-1104-2111,1109,State Department for Water & Sanitation,1109131000,Water Projects - NWHSA,1109131025,Katakani Earth Dam,2630200,Capital Grants to Government Agencies and other Levels of Government,exp,10000000,0,0,0,222,yes
fy-2026-27-development-book-volume-iii-1104-2111,1109,State Department for Water & Sanitation,1109131000,Water Projects - NWHSA,1109131026,Barpello Springs Waterworks,2630200,Capital Grants to Government Agencies and other Levels of Government,exp,10000000,0,0,0,222,yes
fy-2026-27-development-book-volume-iii-1104-2111,1109,State Department for Water & Sanitation,1109131000,Water Projects - NWHSA,1109131027,Banga Water Pan,2630200,Capital Grants to Government Agencies and other Levels of Government,exp,10000000,0,0,0,222,yes
fy-2026-27-development-book-volume-iii-1104-2111,1109,State Department for Water & Sanitation,1109131000,Water Projects - NWHSA,1109131028,Sigotik kwa chief community Borehole,2630200,Capital Grants to Government Agencies and other Levels of Government,exp,10000000,0,0,0,222,yes
fy-2026-27-development-book-volume-iii-1104-2111,1109,State Department for Water & Sanitation,1109131000,Water Projects - NWHSA,1109131029,Kaagari village borehole,2630200,Capital Grants to Government Agencies and other Levels of Government,exp,10000000,0,0,0,222,yes
fy-2026-27-development-book-volume-iii-1104-2111,1109,State Department for Water & Sanitation,1109131000,Water Projects - NWHSA,1109131030,Dagega Water Pan,2630200,Capital Grants to Government Agencies and other Levels of Government,exp,10000000,3100000,0,0,222,yes
fy-2026-27-development-book-volume-iii-1104-2111,1109,State Department for Water & Sanitation,1109131000,Water Projects - NWHSA,1109131031,Fafi Water Pan,2630200,Capital Grants to Government Agencies and other Levels of Government,exp,10000000,3100000,0,0,222,yes
fy-2026-27-development-book-volume-iii-1104-2111,1109,State Department for Water & Sanitation,1109131000,Water Projects - NWHSA,1109131032,Anshur Farm water Pan,2630200,Capital Grants to Government Agencies and other Levels of Government,exp,10000000,7700000,0,0,222,yes
fy-2026-27-development-book-volume-iii-1104-2111,1109,State Department for Water & Sanitation,1109131000,Water Projects - NWHSA,1109131033,Bulla Maah Water Pan,2630200,Capital Grants to Government Agencies and other Levels of Government,exp,10000000,4600000,0,0,222,yes
fy-2026-27-development-book-volume-iii-1104-2111,1109,State Department for Water & Sanitation,1109131000,Water Projects - NWHSA,1109131034,Bulla Sarmna Water Piping & Tank,2630200,Capital Grants to Government Agencies and other Levels of Government 1825,exp,10000000,1500000,0,0,222,yes
fy-2026-27-development-book-volume-iii-1104-2111,1109,State Department for Water & Sanitation,1109131000,Water Projects - NWHSA,1109131035,Egee Primary school & Community Water Pan,2630200,Capital Grants to Government Agencies and other Levels of Government,exp,20000000,7700000,0,0,223,yes
fy-2026-27-development-book-volume-iii-1104-2111,1109,State Department for Water & Sanitation,1109131000,Water Projects - NWHSA,1109131036,Asli Water Pan,2630200,Capital Grants to Government Agencies and other Levels of Government,exp,10000000,4600000,0,0,223,yes
fy-2026-27-development-book-volume-iii-1104-2111,1109,State Department for Water & Sanitation,1109131000,Water Projects - NWHSA,1109131037,Kalakaal Derow Water Supply Project,2630200,Capital Grants to Government Agencies and other Levels of Government,exp,15000000,7700000,0,0,223,yes
fy-2026-27-development-book-volume-iii-1104-2111,1109,State Department for Water & Sanitation,1109131000,Water Projects - NWHSA,1109131038,Dabarmattan Water Supply Project,2630200,Capital Grants to Government Agencies and other Levels of Government,exp,15000000,7700000,0,0,223,yes
fy-2026-27-development-book-volume-iii-1104-2111,1109,State Department for Water & Sanitation,1109131000,Water Projects - NWHSA,1109131039,Bula Hawa Water Supply Project,2630200,Capital Grants to Government Agencies and other Levels of Government,exp,15000000,7700000,0,0,223,yes
fy-2026-27-development-book-volume-iii-1104-2111,1109,State Department for Water & Sanitation,1109131000,Water Projects - NWHSA,1109131040,Kula Mega Dam,2630200,Capital Grants to Government Agencies and other Levels of Government,exp,50000000,15400000,0,0,223,yes
fy-2026-27-development-book-volume-iii-1104-2111,1109,State Department for Water & Sanitation,1109131000,Water Projects - NWHSA,1109131041,Bullo Water Pan,2630200,Capital Grants to Government Agencies and other Levels of Government,exp,40000000,7700000,0,0,223,yes
fy-2026-27-development-book-volume-iii-1104-2111,1109,State Department for Water & Sanitation,1109131000,Water Projects - NWHSA,1109131042,Reythab Eldere Water Pan,2630200,Capital Grants to Government Agencies and other Levels of Government,exp,10000000,3900000,0,0,223,yes
fy-2026-27-development-book-volume-iii-1104-2111,1109,State Department for Water & Sanitation,1109131000,Water Projects - NWHSA,1109131043,Goriale Shantabaq Borehole,2630200,Capital Grants to Government Agencies and other Levels of Government,exp,15000000,7700000,0,0,223,yes
fy-2026-27-development-book-volume-iii-1104-2111,1109,State Department for Water & Sanitation,1109131100,Development of Kenya Hydrology Atlas,1109131101,Development of Kenya Hydrology Atlas,2630200,Capital Grants to Government Agencies and other Levels of Government,exp,0,0,18000000,18000000,224,yes
fy-2026-27-development-book-volume-iii-1104-2111,1109,State Department for Water & Sanitation,1109131200,Hydrological Capacity Development and Knowledge Dissemination,1109131201,Hydrological Capacity Development and Knowledge Dissemination,2630200,Capital Grants to Government Agencies and other Levels of Government,exp,0,0,18000000,25000000,224,yes
fy-2026-27-development-book-volume-iii-1104-2111,1109,State Department for Water & Sanitation,1109131300,Hydrological Research Climate-Resilient Water Resources & Infra,1109131301,Hydrological Research Climate-Resilient Water Resources & Infra,2630200,Capital Grants to Government Agencies and other Levels of Government,exp,0,0,20000000,20000000,224,yes
fy-2026-27-development-book-volume-iii-1104-2111,1109,State Department for Water & Sanitation,1109131400,National Urban Water Supply and Sanitation Project,1109131401,National Urban Water Supply and Sanitation Project,2630200,Capital Grants to Government Agencies and other Levels of Government,exp,10000000,0,500000000,868000000,224,yes
fy-2026-27-development-book-volume-iii-1104-2111,1109,State Department for Water & Sanitation,1109131400,National Urban Water Supply and Sanitation Project,1109131401,National Urban Water Supply and Sanitation Project,5120200,Foreign Borrowing - Direct Payments,aia,10000000,0,0,0,224,yes
fy-2026-27-development-book-volume-iii-1104-2111,1109,State Department for Water & Sanitation,1109131500,Sagana River Restoration,1109131501,Sagana River Restoration,2630200,Capital Grants to Government Agencies and other Levels of Government,exp,100000000,50000000,0,0,224,yes
fy-2026-27-development-book-volume-iii-1104-2111,1109,State Department for Water & Sanitation,1109131600,Support to Waste Water Management to Lake Victoria South,1109131601,Support to Waste Water Management to Lake Victoria South,2630200,Capital Grants to Government Agencies and other Levels of Government,exp,0,220000000,195000000,1527000000,225,yes
fy-2026-27-development-book-volume-iii-1104-2111,1109,State Department for Water & Sanitation,1109131600,Support to Waste Water Management to Lake Victoria South,1109131601,Support to Waste Water Management to Lake Victoria South,5120200,Foreign Borrowing - Direct Payments,aia,0,200000000,100000000,1437000000,225,yes
fy-2026-27-development-book-volume-iii-1104-2111,1109,State Department for Water & Sanitation,1109131700,National Urban Water Supply and Sanitation Programme (WSSP),1109131701,National Urban Water Supply and Sanitation Programme (WSSP),2630200,Capital Grants to Government Agencies and other Levels of Government,exp,0,94000000,4618200000,14799000000,225,yes
fy-2026-27-development-book-volume-iii-1104-2111,1109,State Department for Water & Sanitation,1109131700,National Urban Water Supply and Sanitation Programme (WSSP),1109131701,National Urban Water Supply and Sanitation Programme (WSSP),5120200,Foreign Borrowing - Direct Payments,aia,0,54000000,4618200000,14799000000,225,yes
fy-2026-27-development-book-volume-iii-1104-2111,1109,State Department for Water & Sanitation,1109131700,National Urban Water Supply and Sanitation Programme (WSSP),1109131702,National Urban WSSP- Tana WDDA,2630200,Capital Grants to Government Agencies and other Levels of Government,exp,0,230000000,0,0,225,yes
fy-2026-27-development-book-volume-iii-1104-2111,1109,State Department for Water & Sanitation,1109131700,National Urban Water Supply and Sanitation Programme (WSSP),1109131702,National Urban WSSP- Tana WDDA,5120200,Foreign Borrowing - Direct Payments,aia,0,200000000,0,0,225,yes
fy-2026-27-development-book-volume-iii-1104-2111,1109,State Department for Water & Sanitation,1109131700,National Urban Water Supply and Sanitation Programme (WSSP),1109131703,National Urban WSSP - Athi WDDA,2630200,Capital Grants to Government Agencies and other Levels of Government,exp,0,100000000,0,0,225,yes
fy-2026-27-development-book-volume-iii-1104-2111,1109,State Department for Water & Sanitation,1109131700,National Urban Water Supply and Sanitation Programme (WSSP),1109131703,National Urban WSSP - Athi WDDA,5120200,Foreign Borrowing - Direct Payments,aia,0,100000000,0,0,225,yes
fy-2026-27-development-book-volume-iii-1104-2111,1109,State Department for Water & Sanitation,1109131700,National Urban Water Supply and Sanitation Programme (WSSP),1109131704,National Urban WSSP - Tanathi,2630200,Capital Grants to Government Agencies and other Levels of Government,exp,0,100000000,0,0,225,yes
fy-2026-27-development-book-volume-iii-1104-2111,1109,State Department for Water & Sanitation,1109131700,National Urban Water Supply and Sanitation Programme (WSSP),1109131704,National Urban WSSP - Tanathi,5120200,Foreign Borrowing - Direct Payments,aia,0,100000000,0,0,225,yes
fy-2026-27-development-book-volume-iii-1104-2111,1109,State Department for Water & Sanitation,1109131700,National Urban Water Supply and Sanitation Programme (WSSP),1109131705,National Urban WSSP - CRWWDA,2630200,Capital Grants to Government Agencies and other Levels of Government,exp,0,100000000,0,0,225,yes
fy-2026-27-development-book-volume-iii-1104-2111,1109,State Department for Water & Sanitation,1109131700,National Urban Water Supply and Sanitation Programme (WSSP),1109131705,National Urban WSSP - CRWWDA,5120200,Foreign Borrowing - Direct Payments,aia,0,100000000,0,0,225,yes
fy-2026-27-development-book-volume-iii-1104-2111,1109,State Department for Water & Sanitation,1109131700,National Urban Water Supply and Sanitation Programme (WSSP),1109131706,National Urban WSSP - CWWDA,2630200,Capital Grants to Government Agencies and other Levels of Government 1828,exp,0,100000000,0,0,225,yes
fy-2026-27-development-book-volume-iii-1104-2111,1109,State Department for Water & Sanitation,1109131700,National Urban Water Supply and Sanitation Programme (WSSP),1109131706,National Urban WSSP - CWWDA,5120200,Foreign Borrowing - Direct Payments,aia,0,100000000,0,0,226,yes
fy-2026-27-development-book-volume-iii-1104-2111,1109,State Department for Water & Sanitation,1109131700,National Urban Water Supply and Sanitation Programme (WSSP),1109131707,National Urban WSSP - NRWWDA,2630200,Capital Grants to Government Agencies and other Levels of Government,exp,0,100000000,0,0,226,yes
fy-2026-27-development-book-volume-iii-1104-2111,1109,State Department for Water & Sanitation,1109131700,National Urban Water Supply and Sanitation Programme (WSSP),1109131707,National Urban WSSP - NRWWDA,5120200,Foreign Borrowing - Direct Payments,aia,0,100000000,0,0,226,yes
fy-2026-27-development-book-volume-iii-1104-2111,1109,State Department for Water & Sanitation,1109131700,National Urban Water Supply and Sanitation Programme (WSSP),1109131708,National Urban WSSP -LVSWWDA,2630200,Capital Grants to Government Agencies and other Levels of Government,exp,0,100000000,0,0,226,yes
fy-2026-27-development-book-volume-iii-1104-2111,1109,State Department for Water & Sanitation,1109131700,National Urban Water Supply and Sanitation Programme (WSSP),1109131708,National Urban WSSP -LVSWWDA,5120200,Foreign Borrowing - Direct Payments,aia,0,100000000,0,0,226,yes
fy-2026-27-development-book-volume-iii-1104-2111,1109,State Department for Water & Sanitation,1109131700,National Urban Water Supply and Sanitation Programme (WSSP),1109131709,National Urban WSSP - LVNWWDA,2630200,Capital Grants to Government Agencies and other Levels of Government,exp,0,80000000,0,0,226,yes
fy-2026-27-development-book-volume-iii-1104-2111,1109,State Department for Water & Sanitation,1109131700,National Urban Water Supply and Sanitation Programme (WSSP),1109131709,National Urban WSSP - LVNWWDA,5120200,Foreign Borrowing - Direct Payments,aia,0,80000000,0,0,226,yes
fy-2026-27-development-book-volume-iii-1104-2111,1109,State Department for Water & Sanitation,1109131700,National Urban Water Supply and Sanitation Programme (WSSP),1109131710,National Urban WSSP - KEWI,2630200,Capital Grants to Government Agencies and other Levels of Government,exp,0,25000000,0,0,226,yes
fy-2026-27-development-book-volume-iii-1104-2111,1109,State Department for Water & Sanitation,1109131700,National Urban Water Supply and Sanitation Programme (WSSP),1109131710,National Urban WSSP - KEWI,5120200,Foreign Borrowing - Direct Payments,aia,0,15000000,0,0,226,yes
fy-2026-27-development-book-volume-iii-1104-2111,1109,State Department for Water & Sanitation,1109131700,National Urban Water Supply and Sanitation Programme (WSSP),1109131711,National Urban WSSP - WASREB,2630200,Capital Grants to Government Agencies and other Levels of Government,exp,0,20000000,0,0,226,yes
fy-2026-27-development-book-volume-iii-1104-2111,1109,State Department for Water & Sanitation,1109131700,National Urban Water Supply and Sanitation Programme (WSSP),1109131711,National Urban WSSP - WASREB,5120200,Foreign Borrowing - Direct Payments,aia,0,10000000,0,0,226,yes
fy-2026-27-development-book-volume-iii-1104-2111,1109,State Department for Water & Sanitation,1109131700,National Urban Water Supply and Sanitation Programme (WSSP),1109131712,National Urban WSSP - Regional Centre,2630200,Capital Grants to Government Agencies and other Levels of Government,exp,0,30000000,0,0,226,yes
fy-2026-27-development-book-volume-iii-1104-2111,1109,State Department for Water & Sanitation,1109131700,National Urban Water Supply and Sanitation Programme (WSSP),1109131712,National Urban WSSP - Regional Centre,5120200,Foreign Borrowing - Direct Payments,aia,0,30000000,0,0,226,yes
fy-2026-27-development-book-volume-iii-1104-2111,1109,State Department for Water & Sanitation,1109131700,National Urban Water Supply and Sanitation Programme (WSSP),1109131713,National Urban WSSP - WRA,2630200,Capital Grants to Government Agencies and other Levels of Government 1829,exp,0,20000000,0,0,226,yes
fy-2026-27-development-book-volume-iii-1104-2111,1109,State Department for Water & Sanitation,1109131700,National Urban Water Supply and Sanitation Programme (WSSP),1109131713,National Urban WSSP - WRA,5120200,Foreign Borrowing - Direct Payments,aia,0,10000000,0,0,227,yes
fy-2026-27-development-book-volume-iii-1104-2111,1109,State Department for Water & Sanitation,1109131700,National Urban Water Supply and Sanitation Programme (WSSP),1109131714,National Urban WSSP - NWWDA,2630200,Capital Grants to Government Agencies and other Levels of Government,exp,0,45000000,0,0,227,yes
fy-2026-27-development-book-volume-iii-1104-2111,1109,State Department for Water & Sanitation,1109131700,National Urban Water Supply and Sanitation Programme (WSSP),1109131714,National Urban WSSP - NWWDA,5120200,Foreign Borrowing - Direct Payments,aia,0,30000000,0,0,227,yes
fy-2026-27-development-book-volume-iii-1104-2111,1109,State Department for Water & Sanitation,1109132000,Water Supply Projects,1109132002,Alara Dago Borehole,2630200,Capital Grants to Government Agencies and other Levels of Government,exp,10000000,0,0,0,227,yes
fy-2026-27-development-book-volume-iii-1104-2111,1109,State Department for Water & Sanitation,1109132000,Water Supply Projects,1109132003,Angongo Primary Borehole,2630200,Capital Grants to Government Agencies and other Levels of Government,exp,10000000,0,0,0,227,yes
fy-2026-27-development-book-volume-iii-1104-2111,1109,State Department for Water & Sanitation,1109132000,Water Supply Projects,1109132004,Anyera Catholic Church Borehole,2630200,Capital Grants to Government Agencies and other Levels of Government,exp,10000000,0,0,0,227,yes
fy-2026-27-development-book-volume-iii-1104-2111,1109,State Department for Water & Sanitation,1109132000,Water Supply Projects,1109132005,Begonga Borehole,2630200,Capital Grants to Government Agencies and other Levels of Government,exp,10000000,0,0,0,227,yes
fy-2026-27-development-book-volume-iii-1104-2111,1109,State Department for Water & Sanitation,1109132000,Water Supply Projects,1109132006,Bondo SDA in Kamkoyo Borehole,2630200,Capital Grants to Government Agencies and other Levels of Government,exp,10000000,0,0,0,227,yes
fy-2026-27-development-book-volume-iii-1104-2111,1109,State Department for Water & Sanitation,1109132000,Water Supply Projects,1109132007,Gada Primary School Borehole,2630200,Capital Grants to Government Agencies and other Levels of Government,exp,10000000,0,0,0,227,yes
fy-2026-27-development-book-volume-iii-1104-2111,1109,State Department for Water & Sanitation,1109132000,Water Supply Projects,1109132008,Gwikonge Borehole,2630200,Capital Grants to Government Agencies and other Levels of Government,exp,10000000,0,0,0,227,yes
fy-2026-27-development-book-volume-iii-1104-2111,1109,State Department for Water & Sanitation,1109132000,Water Supply Projects,1109132009,Kamasimo /Naora Borehole,2630200,Capital Grants to Government Agencies and other Levels of Government,exp,10000000,0,0,0,228,yes
fy-2026-27-development-book-volume-iii-1104-2111,1109,State Department for Water & Sanitation,1109132000,Water Supply Projects,1109132010,Kazadok Thimlich Borehole,2630200,Capital Grants to Government Agencies and other Levels of Government,exp,10000000,0,0,0,228,yes
fy-2026-27-development-book-volume-iii-1104-2111,1109,State Department for Water & Sanitation,1109132000,Water Supply Projects,1109132011,Kenyaluanche Borehole,2630200,Capital Grants to Government Agencies and other Levels of Government,exp,10000000,0,0,0,228,yes
fy-2026-27-development-book-volume-iii-1104-2111,1109,State Department for Water & Sanitation,1109132000,Water Supply Projects,1109132012,Keyo Primary - Kanyando Area Borehole,2630200,Capital Grants to Government Agencies and other Levels of Government,exp,10000000,0,0,0,228,yes
fy-2026-27-development-book-volume-iii-1104-2111,1109,State Department for Water & Sanitation,1109132000,Water Supply Projects,1109132013,Kikongo Borehole,2630200,Capital Grants to Government Agencies and other Levels of Government,exp,10000000,0,0,0,228,yes
fy-2026-27-development-book-volume-iii-1104-2111,1109,State Department for Water & Sanitation,1109132000,Water Supply Projects,1109132014,Kira SDA Borehole,2630200,Capital Grants to Government Agencies and other Levels of Government,exp,10000000,0,0,0,228,yes
fy-2026-27-development-book-volume-iii-1104-2111,1109,State Department for Water & Sanitation,1109132000,Water Supply Projects,1109132015,Kitanda Water Project,2630200,Capital Grants to Government Agencies and other Levels of Government,exp,10000000,0,0,0,228,yes
fy-2026-27-development-book-volume-iii-1104-2111,1109,State Department for Water & Sanitation,1109132000,Water Supply Projects,1109132016,Kitunja Comprehensive School Borehole,2630200,Capital Grants to Government Agencies and other Levels of Government,exp,10000000,0,0,0,228,yes
fy-2026-27-development-book-volume-iii-1104-2111,1109,State Department for Water & Sanitation,1109132000,Water Supply Projects,1109132017,Koyieko Secondary Borehole,2630200,Capital Grants to Government Agencies and other Levels of Government,exp,10000000,0,0,0,228,yes
fy-2026-27-development-book-volume-iii-1104-2111,1109,State Department for Water & Sanitation,1109132000,Water Supply Projects,1109132018,Kwa Manyanki Borehole,2630200,Capital Grants to Government Agencies and other Levels of Government,exp,10000000,0,0,0,228,yes
fy-2026-27-development-book-volume-iii-1104-2111,1109,State Department for Water & Sanitation,1109132000,Water Supply Projects,1109132019,Luoro Secondary School Borehole,2630200,Capital Grants to Government Agencies and other Levels of Government 1831,exp,10000000,0,0,0,228,yes
fy-2026-27-development-book-volume-iii-1104-2111,1109,State Department for Water & Sanitation,1109132000,Water Supply Projects,1109132020,Lwala Borehole,2630200,Capital Grants to Government Agencies and other Levels of Government,exp,10000000,0,0,0,229,yes
fy-2026-27-development-book-volume-iii-1104-2111,1109,State Department for Water & Sanitation,1109132000,Water Supply Projects,1109132021,Lwanda - Mbego Church Borehole,2630200,Capital Grants to Government Agencies and other Levels of Government,exp,10000000,0,0,0,229,yes
fy-2026-27-development-book-volume-iii-1104-2111,1109,State Department for Water & Sanitation,1109132000,Water Supply Projects,1109132022,Magoto Borehole,2630200,Capital Grants to Government Agencies and other Levels of Government,exp,10000000,0,0,0,229,yes
fy-2026-27-development-book-volume-iii-1104-2111,1109,State Department for Water & Sanitation,1109132000,Water Supply Projects,1109132023,Massangora Market Borehole,2630200,Capital Grants to Government Agencies and other Levels of Government,exp,10000000,0,0,0,229,yes
fy-2026-27-development-book-volume-iii-1104-2111,1109,State Department for Water & Sanitation,1109132000,Water Supply Projects,1109132024,Mifuadhi Water Project,2630200,Capital Grants to Government Agencies and other Levels of Government,exp,10000000,0,0,0,229,yes
fy-2026-27-development-book-volume-iii-1104-2111,1109,State Department for Water & Sanitation,1109132000,Water Supply Projects,1109132025,Miroche Borehole,2630200,Capital Grants to Government Agencies and other Levels of Government,exp,10000000,0,0,0,229,yes
fy-2026-27-development-book-volume-iii-1104-2111,1109,State Department for Water & Sanitation,1109132000,Water Supply Projects,1109132026,Mista Borehole,2630200,Capital Grants to Government Agencies and other Levels of Government,exp,10000000,0,0,0,229,yes
fy-2026-27-development-book-volume-iii-1104-2111,1109,State Department for Water & Sanitation,1109132000,Water Supply Projects,1109132027,No. 5 Kehancha Borehole,2630200,Capital Grants to Government Agencies and other Levels of Government,exp,10000000,0,0,0,229,yes
fy-2026-27-development-book-volume-iii-1104-2111,1109,State Department for Water & Sanitation,1109132000,Water Supply Projects,1109132028,Nyaduong Water Project,2630200,Capital Grants to Government Agencies and other Levels of Government,exp,10000000,0,0,0,229,yes
fy-2026-27-development-book-volume-iii-1104-2111,1109,State Department for Water & Sanitation,1109132000,Water Supply Projects,1109132029,Nyamerama Borehole,2630200,Capital Grants to Government Agencies and other Levels of Government,exp,10000000,0,0,0,229,yes
fy-2026-27-development-book-volume-iii-1104-2111,1109,State Department for Water & Sanitation,1109132000,Water Supply Projects,1109132030,Nyamotambe Borehole,2630200,Capital Grants to Government Agencies and other Levels of Government,exp,10000000,0,0,0,230,yes
fy-2026-27-development-book-volume-iii-1104-2111,1109,State Department for Water & Sanitation,1109132000,Water Supply Projects,1109132031,Nyankore Health Center Borehole,2630200,Capital Grants to Government Agencies and other Levels of Government,exp,10000000,0,0,0,230,yes
fy-2026-27-development-book-volume-iii-1104-2111,1109,State Department for Water & Sanitation,1109132000,Water Supply Projects,1109132032,Nyikendo Primary Borehole,2630200,Capital Grants to Government Agencies and other Levels of Government,exp,10000000,0,0,0,230,yes
fy-2026-27-development-book-volume-iii-1104-2111,1109,State Department for Water & Sanitation,1109132000,Water Supply Projects,1109132033,Obollo Primary Borehole,2630200,Capital Grants to Government Agencies and other Levels of Government,exp,10000000,0,0,0,230,yes
fy-2026-27-development-book-volume-iii-1104-2111,1109,State Department for Water & Sanitation,1109132000,Water Supply Projects,1109132034,Ochieng' Orwa Primary School Borehole,2630200,Capital Grants to Government Agencies and other Levels of Government,exp,10000000,0,0,0,230,yes
fy-2026-27-development-book-volume-iii-1104-2111,1109,State Department for Water & Sanitation,1109132000,Water Supply Projects,1109132035,Orango Borehole,2630200,Capital Grants to Government Agencies and other Levels of Government,exp,10000000,0,0,0,230,yes
fy-2026-27-development-book-volume-iii-1104-2111,1109,State Department for Water & Sanitation,1109132000,Water Supply Projects,1109132036,Rare Primary School Borehole,2630200,Capital Grants to Government Agencies and other Levels of Government,exp,10000000,0,0,0,230,yes
fy-2026-27-development-book-volume-iii-1104-2111,1109,State Department for Water & Sanitation,1109132000,Water Supply Projects,1109132037,Riat Ojawa Community Borehole,2630200,Capital Grants to Government Agencies and other Levels of Government,exp,10000000,0,0,0,230,yes
fy-2026-27-development-book-volume-iii-1104-2111,1109,State Department for Water & Sanitation,1109132000,Water Supply Projects,1109132038,Suna Rabuor Dispensary Borehole,2630200,Capital Grants to Government Agencies and other Levels of Government,exp,10000000,0,0,0,230,yes
fy-2026-27-development-book-volume-iii-1104-2111,1109,State Department for Water & Sanitation,1109132000,Water Supply Projects,1109132039,Taragai Water Project,2630200,Capital Grants to Government Agencies and other Levels of Government,exp,10000000,0,0,0,230,yes
fy-2026-27-development-book-volume-iii-1104-2111,1109,State Department for Water & Sanitation,1109132000,Water Supply Projects,1109132040,Uradi Primary School Borehole,2630200,Capital Grants to Government Agencies and other Levels of Government 1833,exp,10000000,0,0,0,230,yes
fy-2026-27-development-book-volume-iii-1104-2111,1109,State Department for Water & Sanitation,1109132000,Water Supply Projects,1109132041,Bartelo Borehole,2630200,Capital Grants to Government Agencies and other Levels of Government,exp,10000000,0,0,0,231,yes
fy-2026-27-development-book-volume-iii-1104-2111,1109,State Department for Water & Sanitation,1109132000,Water Supply Projects,1109132042,Gubani Water Project,2630200,Capital Grants to Government Agencies and other Levels of Government,exp,8000000,0,0,0,231,yes
fy-2026-27-development-book-volume-iii-1104-2111,1109,State Department for Water & Sanitation,1109132000,Water Supply Projects,1109132043,Itumbule earth Dam,2630200,Capital Grants to Government Agencies and other Levels of Government,exp,20000000,0,0,0,231,yes
fy-2026-27-development-book-volume-iii-1104-2111,1109,State Department for Water & Sanitation,1109132000,Water Supply Projects,1109132044,Kibusu Water Project Borehole and Piping,2630200,Capital Grants to Government Agencies and other Levels of Government,exp,8000000,0,0,0,231,yes
fy-2026-27-development-book-volume-iii-1104-2111,1109,State Department for Water & Sanitation,1109132000,Water Supply Projects,1109132045,Maji Moto Water Pan,2630200,Capital Grants to Government Agencies and other Levels of Government,exp,15000000,0,0,0,231,yes
fy-2026-27-development-book-volume-iii-1104-2111,1109,State Department for Water & Sanitation,1109132000,Water Supply Projects,1109132046,Northeast Kano Sub County Headquarters Borehole,2630200,Capital Grants to Government Agencies and other Levels of Government,exp,9000000,0,0,0,231,yes
fy-2026-27-development-book-volume-iii-1104-2111,1109,State Department for Water & Sanitation,1109132000,Water Supply Projects,1109132047,Ntuka Primary/ Secondary School Borehole,2630200,Capital Grants to Government Agencies and other Levels of Government,exp,10000000,0,0,0,231,yes
fy-2026-27-development-book-volume-iii-1104-2111,1109,State Department for Water & Sanitation,1109132000,Water Supply Projects,1109132048,Oljurai Dam (Desilting/Rehabilitation),2630200,Capital Grants to Government Agencies and other Levels of Government,exp,20000000,0,0,0,231,yes
fy-2026-27-development-book-volume-iii-1104-2111,1109,State Department for Water & Sanitation,1109132000,Water Supply Projects,1109132049,Kapchoge Water Supply Project,2630200,Capital Grants to Government Agencies and other Levels of Government,exp,0,50000000,0,0,231,yes
fy-2026-27-development-book-volume-iii-1104-2111,1109,State Department for Water & Sanitation,1109132000,Water Supply Projects,1109132050,Utwo Water Supply Project,2630200,Capital Grants to Government Agencies and other Levels of Government,exp,0,37000000,0,0,231,yes
fy-2026-27-development-book-volume-iii-1104-2111,1109,State Department for Water & Sanitation,1109132000,Water Supply Projects,1109132051,Kipkurere Water Project,2630200,Capital Grants to Government Agencies and other Levels of Government,exp,0,200000000,0,0,232,yes
fy-2026-27-development-book-volume-iii-1104-2111,1109,State Department for Water & Sanitation,1109132000,Water Supply Projects,1109132052,Mengit Water Project,2630200,Capital Grants to Government Agencies and other Levels of Government,exp,0,100000000,0,0,232,yes
fy-2026-27-development-book-volume-iii-1104-2111,1109,State Department for Water & Sanitation,1109132000,Water Supply Projects,1109132053,Bombo-Chepkemel-Maraba-Kabutie Water Project,2630200,Capital Grants to Government Agencies and other Levels of Government,exp,0,100000000,0,0,232,yes
fy-2026-27-development-book-volume-iii-1104-2111,1109,State Department for Water & Sanitation,1109132000,Water Supply Projects,1109132054,Kaimosi-Vihiga Water Project,2630200,Capital Grants to Government Agencies and other Levels of Government,exp,0,50000000,0,0,232,yes
fy-2026-27-development-book-volume-iii-1104-2111,1109,State Department for Water & Sanitation,1109132100,Rehabilitation and Maintenance of Water & Sanitation Facilities,1109132102,Elgeyo-Marakwet Water and Sanitation Facilities,2630200,Capital Grants to Government Agencies and other Levels of Government,exp,235000000,0,0,0,232,yes
fy-2026-27-development-book-volume-iii-1104-2111,1109,State Department for Water & Sanitation,1109132400,Informal Settlement Sanitation Project,1109132401,Kisumu Informal Settlement Sanitation Project (LVB -IWRMP),2630200,Capital Grants to Government Agencies and other Levels of Government,exp,0,650000000,0,0,232,yes
fy-2026-27-development-book-volume-iii-1104-2111,1109,State Department for Water & Sanitation,1109132400,Informal Settlement Sanitation Project,1109132401,Kisumu Informal Settlement Sanitation Project (LVB -IWRMP),5120200,Foreign Borrowing - Direct Payments,aia,0,650000000,0,0,232,yes
fy-2026-27-development-book-volume-iii-1104-2111,1109,State Department for Water & Sanitation,1109132500,Water Pans and Dams,1109132502,Basir Mega Pan,2630200,Capital Grants to Government Agencies and other Levels of Government,exp,0,100000000,0,0,232,yes
fy-2026-27-development-book-volume-iii-1104-2111,1109,State Department for Water & Sanitation,1109132500,Water Pans and Dams,1109132503,Desilting of Labille Water Pan,2630200,Capital Grants to Government Agencies and other Levels of Government,exp,0,20000000,0,0,233,yes
fy-2026-27-development-book-volume-iii-1104-2111,1109,State Department for Water & Sanitation,1109132500,Water Pans and Dams,1109132504,Kapkesem Dam,2630200,Capital Grants to Government Agencies and other Levels of Government,exp,0,60000000,0,0,233,yes
fy-2026-27-development-book-volume-iii-1104-2111,1109,State Department for Water & Sanitation,1109132500,Water Pans and Dams,1109132505,Lolkarin Dam,2630200,Capital Grants to Government Agencies and other Levels of Government,exp,0,60000000,0,0,233,yes
fy-2026-27-development-book-volume-iii-1104-2111,1109,State Department for Water & Sanitation,1109132500,Water Pans and Dams,1109132506,Emsoo Dam,2630200,Capital Grants to Government Agencies and other Levels of Government,exp,0,60000000,0,0,233,yes
fy-2026-27-development-book-volume-iii-1104-2111,1109,State Department for Water & Sanitation,1109132500,Water Pans and Dams,1109132507,Chelemei Check Dam,2630200,Capital Grants to Government Agencies and other Levels of Government,exp,0,20000000,0,0,233,yes
fy-2026-27-development-book-volume-iii-1104-2111,1109,State Department for Water & Sanitation,1109132500,Water Pans and Dams,1109132508,Kaptecho Dam,2630200,Capital Grants to Government Agencies and other Levels of Government,exp,0,20000000,0,0,233,yes
fy-2026-27-development-book-volume-iii-1104-2111,1109,State Department for Water & Sanitation,1109132500,Water Pans and Dams,1109132509,Kabitoi Dam,2630200,Capital Grants to Government Agencies and other Levels of Government,exp,0,30000000,0,0,233,yes
fy-2026-27-development-book-volume-iii-1104-2111,1109,State Department for Water & Sanitation,1109132500,Water Pans and Dams,1109132510,Chesagor Dam,2630200,Capital Grants to Government Agencies and other Levels of Government,exp,0,50000000,0,0,233,yes
fy-2026-27-development-book-volume-iii-1104-2111,1109,State Department for Water & Sanitation,1109132500,Water Pans and Dams,1109132511,Kapnyangi Dam - Sergoit Ward,2630200,Capital Grants to Government Agencies and other Levels of Government,exp,0,30000000,0,0,233,yes
fy-2026-27-development-book-volume-iii-1104-2111,1109,State Department for Water & Sanitation,1109132500,Water Pans and Dams,1109132512,Sugoi Dam,2630200,Capital Grants to Government Agencies and other Levels of Government,exp,0,30000000,0,0,233,yes
fy-2026-27-development-book-volume-iii-1104-2111,1109,State Department for Water & Sanitation,1109132500,Water Pans and Dams,1109132513,Mosop Dam,2630200,Capital Grants to Government Agencies and other Levels of Government 1836,exp,0,100000000,0,0,233,yes
fy-2026-27-development-book-volume-iii-1104-2111,1112,State Department for Lands and Physical Planning,1112100400,Construction of Land registries,1112100402,Ngong Land Registry,3110200,Construction of Building,exp,29000000,40000000,68500000,64141465,405,yes
fy-2026-27-development-book-volume-iii-1104-2111,1112,State Department for Lands and Physical Planning,1112100400,Construction of Land registries,1112100402,Ngong Land Registry,1420200,Receipts from Administrative Fees and Charges,aia,29000000,40000000,68500000,64141465,405,yes
fy-2026-27-development-book-volume-iii-1104-2111,1112,State Department for Lands and Physical Planning,1112100400,Construction of Land registries,1112100405,Mutomo Land Registry,3110200,Construction of Building,exp,50000000,50000000,14000000,0,405,yes
fy-2026-27-development-book-volume-iii-1104-2111,1112,State Department for Lands and Physical Planning,1112100400,Construction of Land registries,1112100405,Mutomo Land Registry,1420200,Receipts from Administrative Fees and Charges,aia,50000000,50000000,14000000,0,405,yes
fy-2026-27-development-book-volume-iii-1104-2111,1112,State Department for Lands and Physical Planning,1112100400,Construction of Land registries,1112100408,Bomet Land Registry,3110200,Construction of Building,exp,3423217,0,0,0,405,yes
fy-2026-27-development-book-volume-iii-1104-2111,1112,State Department for Lands and Physical Planning,1112100400,Construction of Land registries,1112100408,Bomet Land Registry,1420200,Receipts from Administrative Fees and Charges,aia,3423217,0,0,0,405,yes
fy-2026-27-development-book-volume-iii-1104-2111,1112,State Department for Lands and Physical Planning,1112100400,Construction of Land registries,1112100409,Naivasha Land Registry,3110200,Construction of Building,exp,0,27000000,22419204,0,405,yes
fy-2026-27-development-book-volume-iii-1104-2111,1112,State Department for Lands and Physical Planning,1112100400,Construction of Land registries,1112100409,Naivasha Land Registry,1420200,Receipts from Administrative Fees and Charges,aia,0,27000000,22419204,0,405,yes
fy-2026-27-development-book-volume-iii-1104-2111,1112,State Department for Lands and Physical Planning,1112100400,Construction of Land registries,1112100410,Nanyuki Land Registry,3110200,Construction of Building,exp,11000000,26000000,45320329,0,405,yes
fy-2026-27-development-book-volume-iii-1104-2111,1112,State Department for Lands and Physical Planning,1112100400,Construction of Land registries,1112100410,Nanyuki Land Registry,1420200,Receipts from Administrative Fees and Charges,aia,11000000,26000000,45320329,0,405,yes
fy-2026-27-development-book-volume-iii-1104-2111,1112,State Department for Lands and Physical Planning,1112100400,Construction of Land registries,1112100415,Samburu Land Registry,3110200,Construction of Building,exp,0,38000000,39169553,0,405,yes
fy-2026-27-development-book-volume-iii-1104-2111,1112,State Department for Lands and Physical Planning,1112100400,Construction of Land registries,1112100415,Samburu Land Registry,1420200,Receipts from Administrative Fees and Charges,aia,0,38000000,39169553,0,405,yes
fy-2026-27-development-book-volume-iii-1104-2111,1112,State Department for Lands and Physical Planning,1112100400,Construction of Land registries,1112100418,Kiritiri Land Registry,3110200,Construction of Building,exp,40000000,40000000,57000000,57000000,405,yes
fy-2026-27-development-book-volume-iii-1104-2111,1112,State Department for Lands and Physical Planning,1112100400,Construction of Land registries,1112100418,Kiritiri Land Registry,1420200,Receipts from Administrative Fees and Charges,aia,40000000,40000000,57000000,57000000,406,yes
fy-2026-27-development-book-volume-iii-1104-2111,1112,State Department for Lands and Physical Planning,1112100400,Construction of Land registries,1112100422,Continuous Operating Reference System Control Center,3110200,Construction of Building,exp,0,70000000,80000000,0,406,yes
fy-2026-27-development-book-volume-iii-1104-2111,1112,State Department for Lands and Physical Planning,1112100400,Construction of Land registries,1112100422,Continuous Operating Reference System Control Center,1420200,Receipts from Administrative Fees and Charges,aia,0,70000000,80000000,0,406,yes
fy-2026-27-development-book-volume-iii-1104-2111,1112,State Department for Lands and Physical Planning,1112100500,Renovation of Land Offices,1112100501,Renovation of Land Offices,3110300,Refurbishment of Buildings,exp,66076783,90000000,120000000,129000000,406,yes
fy-2026-27-development-book-volume-iii-1104-2111,1112,State Department for Lands and Physical Planning,1112100500,Renovation of Land Offices,1112100501,Renovation of Land Offices,1420200,Receipts from Administrative Fees and Charges,aia,66076783,90000000,120000000,129000000,406,yes
fy-2026-27-development-book-volume-iii-1104-2111,1112,State Department for Lands and Physical Planning,1112100600,Digitization of Land Registries - BETA,1112100601,Digitization of Land registries,2210300,"Domestic Travel and Subsistence, and Other Transportation Costs",exp,60000000,20000000,40000000,43000000,406,yes
fy-2026-27-development-book-volume-iii-1104-2111,1112,State Department for Lands and Physical Planning,1112100600,Digitization of Land Registries - BETA,1112100601,Digitization of Land registries,2210700,Training Expenses,exp,10000000,4500000,4500000,4500000,406,yes
fy-2026-27-development-book-volume-iii-1104-2111,1112,State Department for Lands and Physical Planning,1112100600,Digitization of Land Registries - BETA,1112100601,Digitization of Land registries,2211300,Other Operating Expenses,exp,50000000,50000000,50000000,50000000,406,yes
fy-2026-27-development-book-volume-iii-1104-2111,1112,State Department for Lands and Physical Planning,1112100600,Digitization of Land Registries - BETA,1112100601,Digitization of Land registries,2640500,Other Capital Grants and Transfers,exp,507000000,300000000,300000000,300000000,406,yes
fy-2026-27-development-book-volume-iii-1104-2111,1112,State Department for Lands and Physical Planning,1112100600,Digitization of Land Registries - BETA,1112100601,Digitization of Land registries,3111000,Purchase of Office Furniture and General Equipment,exp,50000000,10000000,20000000,20000000,406,yes
fy-2026-27-development-book-volume-iii-1104-2111,1112,State Department for Lands and Physical Planning,1112100600,Digitization of Land Registries - BETA,1112100601,Digitization of Land registries,3111100,"Purchase of Specialised Plant, Equipment and Machinery",exp,5000000,3000000,3000000,3000000,406,yes
fy-2026-27-development-book-volume-iii-1104-2111,1112,State Department for Lands and Physical Planning,1112100600,Digitization of Land Registries - BETA,1112100601,Digitization of Land registries,1420200,Receipts from Administrative Fees and Charges,aia,682000000,87500000,117500000,120500000,406,yes
fy-2026-27-development-book-volume-iii-1104-2111,1112,State Department for Lands and Physical Planning,1112100900,Infrastructure Improvement in Kenya Institute of Survey and Mapping,1112100901,Infrastructure Improvement in Kenya Institute of Survey and Mapping,3110200,Construction of Building,exp,100000000,100000000,100000000,100000000,406,yes
fy-2026-27-development-book-volume-iii-1104-2111,1112,State Department for Lands and Physical Planning,1112100900,Infrastructure Improvement in Kenya Institute of Survey and Mapping,1112100901,Infrastructure Improvement in Kenya Institute of Survey and Mapping,3111000,Purchase of Office Furniture and General Equipment,exp,0,3000000,8000000,10000000,406,yes
fy-2026-27-development-book-volume-iii-1104-2111,1112,State Department for Lands and Physical Planning,1112100900,Infrastructure Improvement in Kenya Institute of Survey and Mapping,1112100901,Infrastructure Improvement in Kenya Institute of Survey and Mapping,3111100,"Purchase of Specialised Plant, Equipment and Machinery",exp,0,17000000,30000000,37000000,406,yes
fy-2026-27-development-book-volume-iii-1104-2111,1112,State Department for Lands and Physical Planning,1112100900,Infrastructure Improvement in Kenya Institute of Survey and Mapping,1112100901,Infrastructure Improvement in Kenya Institute of Survey and Mapping,1420200,Receipts from Administrative Fees and Charges,aia,100000000,120000000,138000000,147000000,407,yes
fy-2026-27-development-book-volume-iii-1104-2111,1112,State Department for Lands and Physical Planning,1112101100,Settlement of the Landless - BETA,1112101101,Settlement of the Landless,2210300,"Domestic Travel and Subsistence, and Other Transportation Costs",exp,41483000,21500000,42000000,45000000,407,yes
fy-2026-27-development-book-volume-iii-1104-2111,1112,State Department for Lands and Physical Planning,1112101100,Settlement of the Landless - BETA,1112101101,Settlement of the Landless,2640500,Other Capital Grants and Transfers,exp,1900000000,1476393000,1250393000,3200000000,407,yes
fy-2026-27-development-book-volume-iii-1104-2111,1112,State Department for Lands and Physical Planning,1112101100,Settlement of the Landless - BETA,1112101101,Settlement of the Landless,1420200,Receipts from Administrative Fees and Charges,aia,41483000,21500000,42000000,45000000,407,yes
fy-2026-27-development-book-volume-iii-1104-2111,1112,State Department for Lands and Physical Planning,1112101100,Settlement of the Landless - BETA,1112101102,Acquisition of Land Parcel - Kedong Ranch,2640500,Other Capital Grants and Transfers,exp,1723607000,1723607000,1949607000,0,407,yes
fy-2026-27-development-book-volume-iii-1104-2111,1112,State Department for Lands and Physical Planning,1112101100,Settlement of the Landless - BETA,1112101102,Acquisition of Land Parcel - Kedong Ranch,1420200,Receipts from Administrative Fees and Charges,aia,123217000,0,0,0,407,yes
fy-2026-27-development-book-volume-iii-1104-2111,1112,State Department for Lands and Physical Planning,1112101100,Settlement of the Landless - BETA,1112101103,Settlement of Landless - Coast Region,2640500,Other Capital Grants and Transfers,exp,3000000000,5000000000,0,0,407,yes
fy-2026-27-development-book-volume-iii-1104-2111,1112,State Department for Lands and Physical Planning,1112101200,National Land Value Index - BETA,1112101201,National Land Value Index,2210300,"Domestic Travel and Subsistence, and Other Transportation Costs",exp,43000000,25000000,30000000,50000000,407,yes
fy-2026-27-development-book-volume-iii-1104-2111,1112,State Department for Lands and Physical Planning,1112101200,National Land Value Index - BETA,1112101201,National Land Value Index,2211200,Fuel Oil and Lubricants,exp,5000000,2000000,5000000,10000000,407,yes
fy-2026-27-development-book-volume-iii-1104-2111,1112,State Department for Lands and Physical Planning,1112101200,National Land Value Index - BETA,1112101201,National Land Value Index,2211300,Other Operating Expenses,exp,2000000,3000000,5000000,10000000,407,yes
fy-2026-27-development-book-volume-iii-1104-2111,1112,State Department for Lands and Physical Planning,1112101200,National Land Value Index - BETA,1112101201,National Land Value Index,1420200,Receipts from Administrative Fees and Charges,aia,50000000,30000000,40000000,70000000,407,yes
fy-2026-27-development-book-volume-iii-1104-2111,1112,State Department for Lands and Physical Planning,1112101700,Public Participation Projects,1112101703,Survey and Titling-Kathyaka Settlement Scheme,2210300,"Domestic Travel and Subsistence, and Other Transportation Costs 2010",exp,4000000,0,0,0,407,yes
fy-2026-27-development-book-volume-iii-1104-2111,1112,State Department for Lands and Physical Planning,1112101700,Public Participation Projects,1112101703,Survey and Titling-Kathyaka Settlement Scheme,2210800,Hospitality Supplies and Services,exp,1000000,0,0,0,408,yes
fy-2026-27-development-book-volume-iii-1104-2111,1112,State Department for Lands and Physical Planning,1112101800,"Kenya Housing Finance,Land and Sustainable Investment Project",1112101801,"Kenya Housing Finance,Land and Sustainable Investment Project",2110200,Basic Wages - Temporary Employees,exp,0,50000000,0,0,408,yes
fy-2026-27-development-book-volume-iii-1104-2111,1112,State Department for Lands and Physical Planning,1112101800,"Kenya Housing Finance,Land and Sustainable Investment Project",1112101801,"Kenya Housing Finance,Land and Sustainable Investment Project",2210300,"Domestic Travel and Subsistence, and Other Transportation Costs",exp,0,280000000,0,0,408,yes
fy-2026-27-development-book-volume-iii-1104-2111,1112,State Department for Lands and Physical Planning,1112101800,"Kenya Housing Finance,Land and Sustainable Investment Project",1112101801,"Kenya Housing Finance,Land and Sustainable Investment Project",2210400,"Foreign Travel and Subsistence, and other transportation costs",exp,0,65000000,0,0,408,yes
fy-2026-27-development-book-volume-iii-1104-2111,1112,State Department for Lands and Physical Planning,1112101800,"Kenya Housing Finance,Land and Sustainable Investment Project",1112101801,"Kenya Housing Finance,Land and Sustainable Investment Project",2210500,"Printing , Advertising and Information Supplies and Services",exp,0,10000000,0,0,408,yes
fy-2026-27-development-book-volume-iii-1104-2111,1112,State Department for Lands and Physical Planning,1112101800,"Kenya Housing Finance,Land and Sustainable Investment Project",1112101801,"Kenya Housing Finance,Land and Sustainable Investment Project",2210800,Hospitality Supplies and Services,exp,0,40000000,0,0,408,yes
fy-2026-27-development-book-volume-iii-1104-2111,1112,State Department for Lands and Physical Planning,1112101800,"Kenya Housing Finance,Land and Sustainable Investment Project",1112101801,"Kenya Housing Finance,Land and Sustainable Investment Project",2211100,Office and General Supplies and Services,exp,0,55000000,0,0,408,yes
fy-2026-27-development-book-volume-iii-1104-2111,1112,State Department for Lands and Physical Planning,1112101800,"Kenya Housing Finance,Land and Sustainable Investment Project",1112101801,"Kenya Housing Finance,Land and Sustainable Investment Project",2211200,Fuel Oil and Lubricants,exp,0,32000000,0,0,408,yes
fy-2026-27-development-book-volume-iii-1104-2111,1112,State Department for Lands and Physical Planning,1112101800,"Kenya Housing Finance,Land and Sustainable Investment Project",1112101801,"Kenya Housing Finance,Land and Sustainable Investment Project",2211300,Other Operating Expenses,exp,0,281000000,0,0,408,yes
fy-2026-27-development-book-volume-iii-1104-2111,1112,State Department for Lands and Physical Planning,1112101800,"Kenya Housing Finance,Land and Sustainable Investment Project",1112101801,"Kenya Housing Finance,Land and Sustainable Investment Project",3111000,Purchase of Office Furniture and General Equipment,exp,0,125000000,0,0,408,yes
fy-2026-27-development-book-volume-iii-1104-2111,1112,State Department for Lands and Physical Planning,1112101800,"Kenya Housing Finance,Land and Sustainable Investment Project",1112101801,"Kenya Housing Finance,Land and Sustainable Investment Project",3111100,"Purchase of Specialised Plant, Equipment and Machinery",exp,0,62000000,0,0,408,yes
fy-2026-27-development-book-volume-iii-1104-2111,1122,State Department for Information Communication Technology & Digital Economy,1122100100,Maintenance & Rehabilitation of Last Mile County Connectivity-BETA,1122100102,Implementation of Last Mile County Connectivity Network PhaseIV-,2211300,Other Operating Expenses,exp,32600410,28000000,30000000,34000000,419,yes
fy-2026-27-development-book-volume-iii-1104-2111,1122,State Department for Information Communication Technology & Digital Economy,1122100100,Maintenance & Rehabilitation of Last Mile County Connectivity-BETA,1122100102,Implementation of Last Mile County Connectivity Network PhaseIV-,3111100,"Purchase of Specialised Plant, Equipment and Machinery",exp,50000000,500000000,1000000000,0,419,yes
fy-2026-27-development-book-volume-iii-1104-2111,1122,State Department for Information Communication Technology & Digital Economy,1122100100,Maintenance & Rehabilitation of Last Mile County Connectivity-BETA,1122100102,Implementation of Last Mile County Connectivity Network PhaseIV-,5120200,Foreign Borrowing - Direct Payments,aia,50000000,500000000,1000000000,0,419,yes
fy-2026-27-development-book-volume-iii-1104-2111,1122,State Department for Information Communication Technology & Digital Economy,1122100400,Maintenance & Rehabilitation of NOFBI II Cable-BETA,1122100401,Maintenance & Rehabilitaion of NOFBI II Cable,2211300,Other Operating Expenses,exp,115401640,416900000,0,0,419,yes
fy-2026-27-development-book-volume-iii-1104-2111,1122,State Department for Information Communication Technology & Digital Economy,1122100500,Maintenance & Rehabilitation of NOFBI II Expansion Cable-BETA,1122100501,Maintenance & Rehabilitation of NOFBI II Expansion Cable,2630200,Capital Grants to Government Agencies and other Levels of Government,exp,750000000,900000000,950000000,950000000,419,yes
fy-2026-27-development-book-volume-iii-1104-2111,1122,State Department for Information Communication Technology & Digital Economy,1122100500,Maintenance & Rehabilitation of NOFBI II Expansion Cable-BETA,1122100501,Maintenance & Rehabilitation of NOFBI II Expansion Cable,1420300,Receipts from Administrative Fees and Charges - Collected as AIA,aia,750000000,900000000,950000000,950000000,419,yes
fy-2026-27-development-book-volume-iii-1104-2111,1122,State Department for Information Communication Technology & Digital Economy,1122100600,Government Shared Services,1122100601,Government Shared Services - Headquarters,2630200,Capital Grants to Government Agencies and other Levels of Government,exp,181375883,209295555,217200000,246100000,419,yes
fy-2026-27-development-book-volume-iii-1104-2111,1122,State Department for Information Communication Technology & Digital Economy,1122100600,Government Shared Services,1122100602,E-Government Support and Maintenance - BETA,2211300,Other Operating Expenses,exp,125730165,148210083,153617417,184900000,419,yes
fy-2026-27-development-book-volume-iii-1104-2111,1122,State Department for Information Communication Technology & Digital Economy,1122100600,Government Shared Services,1122100602,E-Government Support and Maintenance - BETA,2220200,Routine Maintenance - Other Assets,exp,18768279,10072500,9782583,11100000,419,yes
fy-2026-27-development-book-volume-iii-1104-2111,1122,State Department for Information Communication Technology & Digital Economy,1122100600,Government Shared Services,1122100602,E-Government Support and Maintenance - BETA,3111000,Purchase of Office Furniture and General Equipment,exp,1104016,2000000,2000000,2000000,419,yes
fy-2026-27-development-book-volume-iii-1104-2111,1122,State Department for Information Communication Technology & Digital Economy,1122100600,Government Shared Services,1122100602,E-Government Support and Maintenance - BETA,3111100,"Purchase of Specialised Plant, Equipment and Machinery",exp,8280123,13600000,13600000,15000000,419,yes
fy-2026-27-development-book-volume-iii-1104-2111,1122,State Department for Information Communication Technology & Digital Economy,1122100700,Construction of Konza Complex Phase I B-BETA,1122100701,Construction of Konza Complex Phase I B,2630200,Capital Grants to Government Agencies and other Levels of Government,exp,110401640,175401640,193000000,225000000,420,yes
fy-2026-27-development-book-volume-iii-1104-2111,1122,State Department for Information Communication Technology & Digital Economy,1122100800,Supervision of Streetscape & Waste Water Reclamation Facilities,1122100801,Supervision of Streetscape & Waste Water Reclamation Facilities,2630200,Capital Grants to Government Agencies and other Levels of Government,exp,45816681,0,0,0,420,yes
fy-2026-27-development-book-volume-iii-1104-2111,1122,State Department for Information Communication Technology & Digital Economy,1122100900,Konza Technopolis Masterplan Consultancy - MDP2,1122100900,Konza Technopolis Masterplan Consultancy - MDP2.,2630200,Capital Grants to Government Agencies and other Levels of Government,exp,2484037,0,0,0,420,yes
fy-2026-27-development-book-volume-iii-1104-2111,1122,State Department for Information Communication Technology & Digital Economy,1122101400,Horizontal Infrastructure Phase I - EPCF-BETA,1122101401,Horizontal Infrastructure Phase I - EPCF,2630200,Capital Grants to Government Agencies and other Levels of Government,exp,27600410,0,0,0,420,yes
fy-2026-27-development-book-volume-iii-1104-2111,1122,State Department for Information Communication Technology & Digital Economy,1122101800,Konza data Center & Smart City Facilities-BETA,1122101801,Konza data Center & Smart City Facilities,2630200,Capital Grants to Government Agencies and other Levels of Government,exp,252401640,210000000,265000000,335000000,420,yes
fy-2026-27-development-book-volume-iii-1104-2111,1122,State Department for Information Communication Technology & Digital Economy,1122101800,Konza data Center & Smart City Facilities-BETA,1122101801,Konza data Center & Smart City Facilities,5120200,Foreign Borrowing - Direct Payments,aia,142000000,0,0,0,420,yes
fy-2026-27-development-book-volume-iii-1104-2111,1122,State Department for Information Communication Technology & Digital Economy,1122101800,Konza data Center & Smart City Facilities-BETA,1122101801,Konza data Center & Smart City Facilities,1420300,Receipts from Administrative Fees and Charges - Collected as AIA 2023,aia,0,100000000,150000000,200000000,420,yes
fy-2026-27-development-book-volume-iii-1104-2111,1122,State Department for Information Communication Technology & Digital Economy,1122102000,Horn of Africa Gateway Development Project-BETA,1122102001,Horn of Africa Gateway Development Project,2630200,Capital Grants to Government Agencies and other Levels of Government,exp,222632336,523000000,519000000,127000000,421,yes
fy-2026-27-development-book-volume-iii-1104-2111,1122,State Department for Information Communication Technology & Digital Economy,1122102000,Horn of Africa Gateway Development Project-BETA,1122102001,Horn of Africa Gateway Development Project,5120200,Foreign Borrowing - Direct Payments,aia,0,100000000,100000000,0,421,yes
fy-2026-27-development-book-volume-iii-1104-2111,1122,State Department for Information Communication Technology & Digital Economy,1122102300,Construction of KAIST at Konza Technopolis-BETA,1122102301,Construction of KAIST at Konza Technopolis,2630200,Capital Grants to Government Agencies and other Levels of Government,exp,2327600410,0,0,0,421,yes
fy-2026-27-development-book-volume-iii-1104-2111,1122,State Department for Information Communication Technology & Digital Economy,1122102300,Construction of KAIST at Konza Technopolis-BETA,1122102301,Construction of KAIST at Konza Technopolis,5120200,Foreign Borrowing - Direct Payments,aia,2300000000,0,0,0,421,yes
fy-2026-27-development-book-volume-iii-1104-2111,1122,State Department for Information Communication Technology & Digital Economy,1122103000,Kenya Digital Economy Acceleration Project,1122103001,Kenya Digital Economy Acceleration Project,2211300,Other Operating Expenses,exp,5520082,10000000,10000000,12000000,421,yes
fy-2026-27-development-book-volume-iii-1104-2111,1122,State Department for Information Communication Technology & Digital Economy,1122103000,Kenya Digital Economy Acceleration Project,1122103001,Kenya Digital Economy Acceleration Project,2630200,Capital Grants to Government Agencies and other Levels of Government,exp,2682481968,4328000000,14899000000,19187000000,421,yes
fy-2026-27-development-book-volume-iii-1104-2111,1122,State Department for Information Communication Technology & Digital Economy,1122103000,Kenya Digital Economy Acceleration Project,1122103001,Kenya Digital Economy Acceleration Project,5120200,Foreign Borrowing - Direct Payments,aia,0,1000000000,1000000000,1000000000,421,yes
fy-2026-27-development-book-volume-iii-1104-2111,1122,State Department for Information Communication Technology & Digital Economy,1122103100,Digital Superhighway,1122103102,Cyber Security Management,2211300,Other Operating Expenses,exp,37260554,42260554,50000000,72000000,421,yes
fy-2026-27-development-book-volume-iii-1104-2111,1122,State Department for Information Communication Technology & Digital Economy,1122103100,Digital Superhighway,1122103102,Cyber Security Management,2220200,Routine Maintenance - Other Assets,exp,0,20000000,28000000,38000000,421,yes
fy-2026-27-development-book-volume-iii-1104-2111,1122,State Department for Information Communication Technology & Digital Economy,1122103100,Digital Superhighway,1122103102,Cyber Security Management,3111000,Purchase of Office Furniture and General Equipment,exp,102673525,82673525,85000000,98000000,421,yes
fy-2026-27-development-book-volume-iii-1104-2111,1122,State Department for Information Communication Technology & Digital Economy,1122103100,Digital Superhighway,1122103102,Cyber Security Management,3111100,"Purchase of Specialised Plant, Equipment and Machinery",exp,242074121,237074121,245000000,260000000,421,yes
fy-2026-27-development-book-volume-iii-1104-2111,1122,State Department for Information Communication Technology & Digital Economy,1122103400,ICT Infrastructure & Connectivity Projects-BETA,1122103401,Maintenance & Rehabilitation of LMCC Network Phases I-III,2211300,Other Operating Expenses,exp,193202870,0,0,0,422,yes
fy-2026-27-development-book-volume-iii-1104-2111,1122,State Department for Information Communication Technology & Digital Economy,1122103400,ICT Infrastructure & Connectivity Projects-BETA,1122103402,Digital Hubs,2211300,Other Operating Expenses,exp,646567421,639500000,639508199,749250000,422,yes
fy-2026-27-development-book-volume-iii-1104-2111,1122,State Department for Information Communication Technology & Digital Economy,1122103400,ICT Infrastructure & Connectivity Projects-BETA,1122103402,Digital Hubs,2220200,Routine Maintenance - Other Assets,exp,20424303,19500000,19500000,29500000,422,yes
fy-2026-27-development-book-volume-iii-1104-2111,1122,State Department for Information Communication Technology & Digital Economy,1122103400,ICT Infrastructure & Connectivity Projects-BETA,1122103402,Digital Hubs,3111000,Purchase of Office Furniture and General Equipment,exp,25944385,24000000,24000000,42250000,422,yes
fy-2026-27-development-book-volume-iii-1104-2111,1122,State Department for Information Communication Technology & Digital Economy,1122103400,ICT Infrastructure & Connectivity Projects-BETA,1122103402,Digital Hubs,3111100,"Purchase of Specialised Plant, Equipment and Machinery",exp,6072090,6000000,6000000,8000000,422,yes
fy-2026-27-development-book-volume-iii-1104-2111,1122,State Department for Information Communication Technology & Digital Economy,1122103400,ICT Infrastructure & Connectivity Projects-BETA,1122103403,Connectivity to Health Facilities,2211300,Other Operating Expenses,exp,50682788,62273209,54000000,62000000,422,yes
fy-2026-27-development-book-volume-iii-1104-2111,1122,State Department for Information Communication Technology & Digital Economy,1122103400,ICT Infrastructure & Connectivity Projects-BETA,1122103404,Connectivity to Leather Industrial Park-Kenanie,2211300,Other Operating Expenses,exp,2760041,0,0,0,422,yes
fy-2026-27-development-book-volume-iii-1104-2111,1122,State Department for Information Communication Technology & Digital Economy,1122103400,ICT Infrastructure & Connectivity Projects-BETA,1122103405,Mombasa-Nairobi Internet Gateway Infrastructure - BETA,2211300,Other Operating Expenses,exp,189338813,89138813,148791801,181900000,422,yes
fy-2026-27-development-book-volume-iii-1104-2111,1122,State Department for Information Communication Technology & Digital Economy,1122103400,ICT Infrastructure & Connectivity Projects-BETA,1122103406,Connectivity to Naivasha Disaster Recovery Centre,2211300,Other Operating Expenses,exp,0,32500000,25000000,28000000,422,yes
fy-2026-27-development-book-volume-iii-1104-2111,1122,State Department for Information Communication Technology & Digital Economy,1122103400,ICT Infrastructure & Connectivity Projects-BETA,1122103406,Connectivity to Naivasha Disaster Recovery Centre,2220200,Routine Maintenance - Other Assets,exp,0,55000000,0,0,422,yes
fy-2026-27-development-book-volume-iii-1104-2111,1122,State Department for Information Communication Technology & Digital Economy,1122103400,ICT Infrastructure & Connectivity Projects-BETA,1122103406,Connectivity to Naivasha Disaster Recovery Centre,3111100,"Purchase of Specialised Plant, Equipment and Machinery",exp,0,92500000,61000000,70000000,422,yes
fy-2026-27-development-book-volume-iii-1104-2111,1122,State Department for Information Communication Technology & Digital Economy,1122103400,ICT Infrastructure & Connectivity Projects-BETA,1122103407,ICT Infrastructure Maintenance - BETA,2211300,Other Operating Expenses,exp,0,455000000,455000000,455000000,422,yes
fy-2026-27-development-book-volume-iii-1104-2111,1122,State Department for Information Communication Technology & Digital Economy,1122103600,Konza Technopolis Dedicated Bulk Water Supply System,1122103601,Konza Technopolis Dedicated Bulk Water Supply System,2630200,Capital Grants to Government Agencies and other Levels of Government,exp,110000000,0,0,0,423,yes
fy-2026-27-development-book-volume-iii-1104-2111,1122,State Department for Information Communication Technology & Digital Economy,1122103600,Konza Technopolis Dedicated Bulk Water Supply System,1122103601,Konza Technopolis Dedicated Bulk Water Supply System,1410500,Other Property Income,aia,110000000,0,0,0,423,yes
fy-2026-27-development-book-volume-iii-1104-2111,1123,State Department for Broadcasting & Telecommunications,1123100200,Modernization of KIMC Film,1123100201,Modernization of KIMC Media Training Facilities - Headquarters,2630200,Capital Grants to Government Agencies and other Levels of Government,exp,33672500,50000000,50000000,50000000,434,yes
fy-2026-27-development-book-volume-iii-1104-2111,1123,State Department for Broadcasting & Telecommunications,1123100300,KBC Analogue to Digital TV Migration-BETA,1123100301,KBC Analogue to Digital TV Migration,2630200,Capital Grants to Government Agencies and other Levels of Government,exp,101569509,0,0,0,434,yes
fy-2026-27-development-book-volume-iii-1104-2111,1123,State Department for Broadcasting & Telecommunications,1123100400,KBC Rollout of Studio Mashinani-BETA,1123100401,KBC Rollout of Studio Mashinani,2630200,Capital Grants to Government Agencies and other Levels of Government,exp,38640574,0,0,0,434,yes
fy-2026-27-development-book-volume-iii-1104-2111,1123,State Department for Broadcasting & Telecommunications,1123100500,Modernization of KNA National Desk and Press Center-BETA,1123100501,Modernization of KNA National Desk and Press Centre - Headquarters,2210700,Training Expenses,exp,27560246,0,0,0,434,yes
fy-2026-27-development-book-volume-iii-1104-2111,1123,State Department for Broadcasting & Telecommunications,1123100500,Modernization of KNA National Desk and Press Center-BETA,1123100501,Modernization of KNA National Desk and Press Centre - Headquarters,2211000,Specialised Materials and Supplies,exp,17120492,26790492,26790492,36790492,434,yes
fy-2026-27-development-book-volume-iii-1104-2111,1123,State Department for Broadcasting & Telecommunications,1123100500,Modernization of KNA National Desk and Press Center-BETA,1123100501,Modernization of KNA National Desk and Press Centre - Headquarters,2211300,Other Operating Expenses,exp,15520082,15520082,15520082,15520082,434,yes
fy-2026-27-development-book-volume-iii-1104-2111,1123,State Department for Broadcasting & Telecommunications,1123100500,Modernization of KNA National Desk and Press Center-BETA,1123100501,Modernization of KNA National Desk and Press Centre - Headquarters,3110300,Refurbishment of Buildings,exp,56761066,92498360,97498360,102498360,434,yes
fy-2026-27-development-book-volume-iii-1104-2111,1123,State Department for Broadcasting & Telecommunications,1123100500,Modernization of KNA National Desk and Press Center-BETA,1123100501,Modernization of KNA National Desk and Press Centre - Headquarters,3111100,"Purchase of Specialised Plant, Equipment and Machinery",exp,34433641,70200820,75200820,80200820,434,yes
fy-2026-27-development-book-volume-iii-1104-2111,1123,State Department for Broadcasting & Telecommunications,1123101100,Medium Wave to FM Broadcast Migration,1123101101,Medium Wave to FM Broadcast Migration,2630200,Capital Grants to Government Agencies and other Levels of Government,exp,0,112430000,132430000,154930000,434,yes
fy-2026-27-development-book-volume-iii-1104-2111,1123,State Department for Broadcasting & Telecommunications,1123101200,Kenya Year Book Editorial Board Offices and Services Automation,1123101201,Kenya Year Book Editorial Board Offices and Services Automation,2630200,Capital Grants to Government Agencies and other Levels of Government,exp,0,30000000,30000000,47500000,435,yes
fy-2026-27-development-book-volume-iii-1104-2111,1132,State Department for Sports,1132100100,Kenya Academy of Sports SASDF - AiA Funded Projects,1132100101,Kenya Academy of Sports,2630200,Capital Grants to Government Agencies and other Levels of Government,exp,80000000,0,0,0,440,yes
fy-2026-27-development-book-volume-iii-1104-2111,1132,State Department for Sports,1132100300,Establish an Automation & Digitalization System for Sports Registrar,1132100301,Establish an Automation & Digitalization System for Sports Registrar,3111100,"Purchase of Specialised Plant, Equipment and Machinery",exp,20000000,34630000,0,0,440,yes
fy-2026-27-development-book-volume-iii-1104-2111,1132,State Department for Sports,1132101100,"Sports,Arts and Social Development Fund",1132101101,"Sports,Arts and Social Development Fund",2630200,Capital Grants to Government Agencies and other Levels of Government,exp,18380000000,24850000000,18900000000,19901700000,440,yes
fy-2026-27-development-book-volume-iii-1104-2111,1132,State Department for Sports,1132101100,"Sports,Arts and Social Development Fund",1132101101,"Sports,Arts and Social Development Fund",1140400,Receipts from Taxes on Specific Services,aia,18380000000,24850000000,18900000000,19901700000,440,yes
fy-2026-27-development-book-volume-iii-1104-2111,1132,State Department for Sports,1132101100,"Sports,Arts and Social Development Fund",1132101102,Book Detection Machine RFID Hybrid-Maktaba Kuu Library Nairobi-,2630200,Capital Grants to Government Agencies and other Levels of Government,exp,5000000,0,0,0,440,yes
fy-2026-27-development-book-volume-iii-1104-2111,1132,State Department for Sports,1132101100,"Sports,Arts and Social Development Fund",1132101102,Book Detection Machine RFID Hybrid-Maktaba Kuu Library Nairobi-,1140400,Receipts from Taxes on Specific Services,aia,5000000,0,0,0,440,yes
fy-2026-27-development-book-volume-iii-1104-2111,1132,State Department for Sports,1132101100,"Sports,Arts and Social Development Fund",1132101103,Book Detection Machine RFID Hybrid - Nakuru Branch -KNLS,2630200,Capital Grants to Government Agencies and other Levels of Government,exp,5000000,0,0,0,440,yes
fy-2026-27-development-book-volume-iii-1104-2111,1132,State Department for Sports,1132101100,"Sports,Arts and Social Development Fund",1132101103,Book Detection Machine RFID Hybrid - Nakuru Branch -KNLS,1140400,Receipts from Taxes on Specific Services,aia,5000000,0,0,0,440,yes
fy-2026-27-development-book-volume-iii-1104-2111,1132,State Department for Sports,1132101100,"Sports,Arts and Social Development Fund",1132101104,Book Detection Machine RFID Hybrid - Buruburu Branch-KNLS,2630200,Capital Grants to Government Agencies and other Levels of Government,exp,5000000,0,0,0,440,yes
fy-2026-27-development-book-volume-iii-1104-2111,1132,State Department for Sports,1132101100,"Sports,Arts and Social Development Fund",1132101104,Book Detection Machine RFID Hybrid - Buruburu Branch-KNLS,1140400,Receipts from Taxes on Specific Services,aia,5000000,0,0,0,440,yes
fy-2026-27-development-book-volume-iii-1104-2111,1132,State Department for Sports,1132101100,"Sports,Arts and Social Development Fund",1132101105,Acquisition and installation of a copyright Erp System - KECOBO,2630200,Capital Grants to Government Agencies and other Levels of Government,exp,50000000,0,0,0,441,yes
fy-2026-27-development-book-volume-iii-1104-2111,1132,State Department for Sports,1132101100,"Sports,Arts and Social Development Fund",1132101105,Acquisition and installation of a copyright Erp System - KECOBO,1140400,Receipts from Taxes on Specific Services,aia,50000000,0,0,0,441,yes
fy-2026-27-development-book-volume-iii-1104-2111,1132,State Department for Sports,1132101100,"Sports,Arts and Social Development Fund",1132101106,Completion-Phase 1B of Kenya Academy of Sports Complex(Hostels)-,2630200,Capital Grants to Government Agencies and other Levels of Government,exp,100000000,0,0,0,441,yes
fy-2026-27-development-book-volume-iii-1104-2111,1132,State Department for Sports,1132101100,"Sports,Arts and Social Development Fund",1132101106,Completion-Phase 1B of Kenya Academy of Sports Complex(Hostels)-,1140400,Receipts from Taxes on Specific Services,aia,100000000,0,0,0,441,yes
fy-2026-27-development-book-volume-iii-1104-2111,1132,State Department for Sports,1132101100,"Sports,Arts and Social Development Fund",1132101107,construction-Sports Academy at Mundika Boys Pri Sch - Busia-Kas,2630200,Capital Grants to Government Agencies and other Levels of Government,exp,25000000,0,0,0,441,yes
fy-2026-27-development-book-volume-iii-1104-2111,1132,State Department for Sports,1132101100,"Sports,Arts and Social Development Fund",1132101107,construction-Sports Academy at Mundika Boys Pri Sch - Busia-Kas,1140400,Receipts from Taxes on Specific Services,aia,25000000,0,0,0,441,yes
fy-2026-27-development-book-volume-iii-1104-2111,1132,State Department for Sports,1132101100,"Sports,Arts and Social Development Fund",1132101108,construction of Mansa Culture and Heritage Centre - Tarbaj - KCC,2630200,Capital Grants to Government Agencies and other Levels of Government,exp,55000000,0,0,0,441,yes
fy-2026-27-development-book-volume-iii-1104-2111,1132,State Department for Sports,1132101100,"Sports,Arts and Social Development Fund",1132101108,construction of Mansa Culture and Heritage Centre - Tarbaj - KCC,1140400,Receipts from Taxes on Specific Services,aia,55000000,0,0,0,441,yes
fy-2026-27-development-book-volume-iii-1104-2111,1132,State Department for Sports,1132101100,"Sports,Arts and Social Development Fund",1132101109,Construction of Nanyuki Cultural Centre - KCC,2630200,Capital Grants to Government Agencies and other Levels of Government,exp,55000000,0,0,0,441,yes
fy-2026-27-development-book-volume-iii-1104-2111,1132,State Department for Sports,1132101100,"Sports,Arts and Social Development Fund",1132101109,Construction of Nanyuki Cultural Centre - KCC,1140400,Receipts from Taxes on Specific Services,aia,55000000,0,0,0,441,yes
fy-2026-27-development-book-volume-iii-1104-2111,1132,State Department for Sports,1132101100,"Sports,Arts and Social Development Fund",1132101110,Construction of Suba Cultural Centre - KCC,2630200,Capital Grants to Government Agencies and other Levels of Government,exp,55000000,0,0,0,441,yes
fy-2026-27-development-book-volume-iii-1104-2111,1132,State Department for Sports,1132101100,"Sports,Arts and Social Development Fund",1132101110,Construction of Suba Cultural Centre - KCC,1140400,Receipts from Taxes on Specific Services,aia,55000000,0,0,0,441,yes
fy-2026-27-development-book-volume-iii-1104-2111,1132,State Department for Sports,1132101100,"Sports,Arts and Social Development Fund",1132101111,Establish-Automation & Digitalization System for Sports Registrar-HQ,2630200,Capital Grants to Government Agencies and other Levels of Government,exp,50000000,0,0,0,441,yes
fy-2026-27-development-book-volume-iii-1104-2111,1132,State Department for Sports,1132101100,"Sports,Arts and Social Development Fund",1132101111,Establish-Automation & Digitalization System for Sports Registrar-HQ,1140400,Receipts from Taxes on Specific Services,aia,50000000,0,0,0,441,yes
fy-2026-27-development-book-volume-iii-1104-2111,1132,State Department for Sports,1132101100,"Sports,Arts and Social Development Fund",1132101112,Establishment of Kenya Film School - Headquarters,2630200,Capital Grants to Government Agencies and other Levels of Government,exp,50000000,0,0,0,442,yes
fy-2026-27-development-book-volume-iii-1104-2111,1132,State Department for Sports,1132101100,"Sports,Arts and Social Development Fund",1132101112,Establishment of Kenya Film School - Headquarters,1140400,Receipts from Taxes on Specific Services,aia,50000000,0,0,0,442,yes
fy-2026-27-development-book-volume-iii-1104-2111,1132,State Department for Sports,1132101100,"Sports,Arts and Social Development Fund",1132101113,Film Location Mapping - KFC,2630200,Capital Grants to Government Agencies and other Levels of Government,exp,50000000,0,0,0,442,yes
fy-2026-27-development-book-volume-iii-1104-2111,1132,State Department for Sports,1132101100,"Sports,Arts and Social Development Fund",1132101113,Film Location Mapping - KFC,1140400,Receipts from Taxes on Specific Services,aia,50000000,0,0,0,442,yes
fy-2026-27-development-book-volume-iii-1104-2111,1132,State Department for Sports,1132101100,"Sports,Arts and Social Development Fund",1132101114,Gedi National Monument - Construction of a perimeter Wall- NMK,2630200,Capital Grants to Government Agencies and other Levels of Government,exp,26000000,0,0,0,442,yes
fy-2026-27-development-book-volume-iii-1104-2111,1132,State Department for Sports,1132101100,"Sports,Arts and Social Development Fund",1132101114,Gedi National Monument - Construction of a perimeter Wall- NMK,1140400,Receipts from Taxes on Specific Services,aia,26000000,0,0,0,442,yes
fy-2026-27-development-book-volume-iii-1104-2111,1132,State Department for Sports,1132101100,"Sports,Arts and Social Development Fund",1132101115,Marachi Cultural Centre,2630200,Capital Grants to Government Agencies and other Levels of Government,exp,50000000,0,0,0,442,yes
fy-2026-27-development-book-volume-iii-1104-2111,1132,State Department for Sports,1132101100,"Sports,Arts and Social Development Fund",1132101115,Marachi Cultural Centre,1140400,Receipts from Taxes on Specific Services,aia,50000000,0,0,0,442,yes
fy-2026-27-development-book-volume-iii-1104-2111,1132,State Department for Sports,1132101100,"Sports,Arts and Social Development Fund",1132101116,National Youth Development Program in Music & Dance - Ppme,2630200,Capital Grants to Government Agencies and other Levels of Government,exp,100000000,0,0,0,442,yes
fy-2026-27-development-book-volume-iii-1104-2111,1132,State Department for Sports,1132101100,"Sports,Arts and Social Development Fund",1132101116,National Youth Development Program in Music & Dance - Ppme,1140400,Receipts from Taxes on Specific Services,aia,100000000,0,0,0,442,yes
fy-2026-27-development-book-volume-iii-1104-2111,1132,State Department for Sports,1132101100,"Sports,Arts and Social Development Fund",1132101117,Refurbishment Of Cinema Theatre - KFCB,2630200,Capital Grants to Government Agencies and other Levels of Government,exp,60000000,0,0,0,442,yes
fy-2026-27-development-book-volume-iii-1104-2111,1132,State Department for Sports,1132101100,"Sports,Arts and Social Development Fund",1132101117,Refurbishment Of Cinema Theatre - KFCB,1140400,Receipts from Taxes on Specific Services,aia,60000000,0,0,0,442,yes
fy-2026-27-development-book-volume-iii-1104-2111,1132,State Department for Sports,1132101100,"Sports,Arts and Social Development Fund",1132101118,Rehabilitation & Refurbishment of Libraries-Buruburu Branch - KNLS,2630200,Capital Grants to Government Agencies and other Levels of Government,exp,40000000,0,0,0,442,yes
fy-2026-27-development-book-volume-iii-1104-2111,1132,State Department for Sports,1132101100,"Sports,Arts and Social Development Fund",1132101118,Rehabilitation & Refurbishment of Libraries-Buruburu Branch - KNLS,1140400,Receipts from Taxes on Specific Services,aia,40000000,0,0,0,442,yes
fy-2026-27-development-book-volume-iii-1104-2111,1132,State Department for Sports,1132101100,"Sports,Arts and Social Development Fund",1132101119,Rehabilitation & Refurb of Libraries-Maktaba Kuu Library NBI-,2630200,Capital Grants to Government Agencies and other Levels of Government,exp,50000000,0,0,0,443,yes
fy-2026-27-development-book-volume-iii-1104-2111,1132,State Department for Sports,1132101100,"Sports,Arts and Social Development Fund",1132101119,Rehabilitation & Refurb of Libraries-Maktaba Kuu Library NBI-,1140400,Receipts from Taxes on Specific Services,aia,50000000,0,0,0,443,yes
fy-2026-27-development-book-volume-iii-1104-2111,1132,State Department for Sports,1132101100,"Sports,Arts and Social Development Fund",1132101120,Rehabilitation & Refurbishment of Libraries - Nakuru Branch-KNLS,2630200,Capital Grants to Government Agencies and other Levels of Government,exp,40000000,0,0,0,443,yes
fy-2026-27-development-book-volume-iii-1104-2111,1132,State Department for Sports,1132101100,"Sports,Arts and Social Development Fund",1132101120,Rehabilitation & Refurbishment of Libraries - Nakuru Branch-KNLS,1140400,Receipts from Taxes on Specific Services,aia,40000000,0,0,0,443,yes
fy-2026-27-development-book-volume-iii-1104-2111,1132,State Department for Sports,1132101100,"Sports,Arts and Social Development Fund",1132101121,Rehab & Refurb of Theatre Halls at the Kenya National Theatre - KCC,2630200,Capital Grants to Government Agencies and other Levels of Government,exp,65000000,0,0,0,443,yes
fy-2026-27-development-book-volume-iii-1104-2111,1132,State Department for Sports,1132101100,"Sports,Arts and Social Development Fund",1132101121,Rehab & Refurb of Theatre Halls at the Kenya National Theatre - KCC,1140400,Receipts from Taxes on Specific Services,aia,65000000,0,0,0,443,yes
fy-2026-27-development-book-volume-iii-1104-2111,1132,State Department for Sports,1132101100,"Sports,Arts and Social Development Fund",1132101122,Rehabilitation And Upgrade of Kapenfuria 6 Facility/Museum - NMK,2630200,Capital Grants to Government Agencies and other Levels of Government,exp,45000000,0,0,0,443,yes
fy-2026-27-development-book-volume-iii-1104-2111,1132,State Department for Sports,1132101100,"Sports,Arts and Social Development Fund",1132101122,Rehabilitation And Upgrade of Kapenfuria 6 Facility/Museum - NMK,1140400,Receipts from Taxes on Specific Services,aia,45000000,0,0,0,443,yes
fy-2026-27-development-book-volume-iii-1104-2111,1132,State Department for Sports,1132101100,"Sports,Arts and Social Development Fund",1132101123,Wundanyi Youth Resource (Culture & Talent) centre - Headquarters,2630200,Capital Grants to Government Agencies and other Levels of Government,exp,50000000,0,0,0,443,yes
fy-2026-27-development-book-volume-iii-1104-2111,1132,State Department for Sports,1132101100,"Sports,Arts and Social Development Fund",1132101123,Wundanyi Youth Resource (Culture & Talent) centre - Headquarters,1140400,Receipts from Taxes on Specific Services,aia,50000000,0,0,0,443,yes
fy-2026-27-development-book-volume-iii-1104-2111,1132,State Department for Sports,1132101100,"Sports,Arts and Social Development Fund",1132101124,Completion of Phase 1B of Kenya Academy of Sports Complex(Hostels),2630200,Capital Grants to Government Agencies and other Levels of Government,exp,0,74250000,0,0,443,yes
fy-2026-27-development-book-volume-iii-1104-2111,1132,State Department for Sports,1132101100,"Sports,Arts and Social Development Fund",1132101124,Completion of Phase 1B of Kenya Academy of Sports Complex(Hostels),1140400,Receipts from Taxes on Specific Services,aia,0,74250000,0,0,443,yes
fy-2026-27-development-book-volume-iii-1104-2111,1132,State Department for Sports,1132102000,General Administration & Support Services,1132102001,Headquarters,2211300,Other Operating Expenses 2046,exp,0,3800000000,0,0,443,yes
fy-2026-27-development-book-volume-iii-1104-2111,1134,"State Department for Culture, The Arts and Heritage",1134100500,Establishment of an Integrated Records Management System (IRMS),1134100501,Establishment of an Integrated Records Management System (IRMS),3111100,"Purchase of Specialised Plant, Equipment and Machinery",exp,0,0,50000000,42000000,455,yes
fy-2026-27-development-book-volume-iii-1104-2111,1134,"State Department for Culture, The Arts and Heritage",1134100600,Refurbishment of Archives offices,1134100601,Refurbishment of Archives offices,3110300,Refurbishment of Buildings,exp,86980000,27000000,0,0,455,yes
fy-2026-27-development-book-volume-iii-1104-2111,1134,"State Department for Culture, The Arts and Heritage",1134100700,Installation of mobile shelves,1134100701,Installation of mobile shelves,3111000,Purchase of Office Furniture and General Equipment,exp,0,38000000,0,0,455,yes
fy-2026-27-development-book-volume-iii-1104-2111,1134,"State Department for Culture, The Arts and Heritage",1134101200,Installation of the Library Information Management System (LIMS),1134101201,Installation of the Library Information Management System (LIMS),3111100,"Purchase of Specialised Plant, Equipment and Machinery",exp,0,0,65000000,0,455,yes
fy-2026-27-development-book-volume-iii-1104-2111,1134,"State Department for Culture, The Arts and Heritage",1134101600,Rehabilitation and Upgrade of Kapenguria 6 Facility/ Museum,1134101601,Rehabilitation and Upgrade of Kapenguria 6 Facility/ Museum,2630200,Capital Grants to Government Agencies and other Levels of Government,exp,0,37690000,0,0,455,yes
fy-2026-27-development-book-volume-iii-1104-2111,1134,"State Department for Culture, The Arts and Heritage",1134103300,Professional & Scientific Training for Devlpmnt of Culture Tourism,1134103301,Professional & Scientific Training for Devlpmnt of Culture Tourism,2630200,Capital Grants to Government Agencies and other Levels of Government,exp,10000000,10000000,10000000,10000000,456,yes
fy-2026-27-development-book-volume-iii-1104-2111,1134,"State Department for Culture, The Arts and Heritage",1134104200,Construction and Rehabilitation of Cultural Centers - KCC,1134104204,Kuria East Cultural Centre - Public Participation,2630200,Capital Grants to Government Agencies and other Levels of Government,exp,10000000,0,0,0,456,yes
fy-2026-27-development-book-volume-iii-1104-2111,1134,"State Department for Culture, The Arts and Heritage",1134104200,Construction and Rehabilitation of Cultural Centers - KCC,1134104206,Establishment of Samburu Music Studio,2630200,Capital Grants to Government Agencies and other Levels of Government,exp,30000000,0,0,0,456,yes
fy-2026-27-development-book-volume-iii-1104-2111,1134,"State Department for Culture, The Arts and Heritage",1134104600,Wundanyi Youth Resource (Culture & Talent) Centre - HQ (SASDF,1134104601,Wundanyi Youth Resource (Culture & Talent) Centre - HQ (SASDF,3110200,Construction of Building,exp,0,7000000,0,0,456,yes
fy-2026-27-development-book-volume-iii-1104-2111,1134,"State Department for Culture, The Arts and Heritage",1134104700,Rehab. & Refurbishment of Theatre Halls-Kenya National Theatre -,1134104701,Rehab. & Refurbishment of Theatre Halls-Kenya National Theatre -,2630200,Capital Grants to Government Agencies and other Levels of Government,exp,0,24350000,0,0,456,yes
fy-2026-27-development-book-volume-iii-1104-2111,1134,"State Department for Culture, The Arts and Heritage",1134104800,Civil works on Jaramogi Oginga Odinga Mausoleum,1134104801,Civil works on Jaramogi Oginga Odinga Mausoleum,2630200,Capital Grants to Government Agencies and other Levels of Government,exp,75000000,0,0,0,456,yes
fy-2026-27-development-book-volume-iii-1104-2111,1135,State Department for Youth Affairs and Creative Economy,1135100800,Youth Empowerment Centres -BETA,1135100801,Youth Empowerment Centres - BETA,2211300,Other Operating Expenses,exp,0,6000000,21915000,20272450,463,yes
fy-2026-27-development-book-volume-iii-1104-2111,1135,State Department for Youth Affairs and Creative Economy,1135100800,Youth Empowerment Centres -BETA,1135100801,Youth Empowerment Centres - BETA,3110200,Construction of Building,exp,12000000,0,0,0,463,yes
fy-2026-27-development-book-volume-iii-1104-2111,1135,State Department for Youth Affairs and Creative Economy,1135100800,Youth Empowerment Centres -BETA,1135100801,Youth Empowerment Centres - BETA,3110300,Refurbishment of Buildings,exp,0,3000000,3090000,3182700,463,yes
fy-2026-27-development-book-volume-iii-1104-2111,1135,State Department for Youth Affairs and Creative Economy,1135100800,Youth Empowerment Centres -BETA,1135100801,Youth Empowerment Centres - BETA,3111000,Purchase of Office Furniture and General Equipment,exp,0,10000000,10635000,10774050,463,yes
fy-2026-27-development-book-volume-iii-1104-2111,1135,State Department for Youth Affairs and Creative Economy,1135100800,Youth Empowerment Centres -BETA,1135100802,Construction and Equipping of Ganze Youth Empowerment Centre,3110200,Construction of Building,exp,1500000,4000000,5000000,5000000,463,yes
fy-2026-27-development-book-volume-iii-1104-2111,1135,State Department for Youth Affairs and Creative Economy,1135100800,Youth Empowerment Centres -BETA,1135100802,Construction and Equipping of Ganze Youth Empowerment Centre,3111000,Purchase of Office Furniture and General Equipment,exp,0,3000000,4090000,4182700,463,yes
fy-2026-27-development-book-volume-iii-1104-2111,1135,State Department for Youth Affairs and Creative Economy,1135100800,Youth Empowerment Centres -BETA,1135100803,Construction and Equipping of Tarbaj Youth Empowerment Centre,3110200,Construction of Building,exp,21000000,4000000,5000000,5000000,463,yes
fy-2026-27-development-book-volume-iii-1104-2111,1135,State Department for Youth Affairs and Creative Economy,1135100800,Youth Empowerment Centres -BETA,1135100803,Construction and Equipping of Tarbaj Youth Empowerment Centre,3111000,Purchase of Office Furniture and General Equipment,exp,0,3000000,4090000,4182700,463,yes
fy-2026-27-development-book-volume-iii-1104-2111,1135,State Department for Youth Affairs and Creative Economy,1135100800,Youth Empowerment Centres -BETA,1135100804,Construction and Equipping of Thika Youth Empowerment Centre,3110200,Construction of Building,exp,2000000,4000000,5000000,5000000,463,yes
fy-2026-27-development-book-volume-iii-1104-2111,1135,State Department for Youth Affairs and Creative Economy,1135100800,Youth Empowerment Centres -BETA,1135100804,Construction and Equipping of Thika Youth Empowerment Centre,3111000,Purchase of Office Furniture and General Equipment,exp,0,3000000,4090000,4182700,463,yes
fy-2026-27-development-book-volume-iii-1104-2111,1135,State Department for Youth Affairs and Creative Economy,1135100800,Youth Empowerment Centres -BETA,1135100805,Renovation and Equipping of Kirinyaga West Youth Empowerment,3110300,Refurbishment of Buildings,exp,500000,1500000,1545000,1622250,463,yes
fy-2026-27-development-book-volume-iii-1104-2111,1135,State Department for Youth Affairs and Creative Economy,1135100800,Youth Empowerment Centres -BETA,1135100805,Renovation and Equipping of Kirinyaga West Youth Empowerment,3111000,Purchase of Office Furniture and General Equipment,exp,0,1000000,4030000,3060900,463,yes
fy-2026-27-development-book-volume-iii-1104-2111,1135,State Department for Youth Affairs and Creative Economy,1135100800,Youth Empowerment Centres -BETA,1135100806,Renovation and Equipping of Ol Kalou Youth Empowerment Center,3110300,Refurbishment of Buildings,exp,500000,1500000,1545000,1591350,463,yes
fy-2026-27-development-book-volume-iii-1104-2111,1135,State Department for Youth Affairs and Creative Economy,1135100800,Youth Empowerment Centres -BETA,1135100806,Renovation and Equipping of Ol Kalou Youth Empowerment Center,3111000,Purchase of Office Furniture and General Equipment,exp,0,1000000,4030000,3060900,463,yes
fy-2026-27-development-book-volume-iii-1104-2111,1135,State Department for Youth Affairs and Creative Economy,1135100800,Youth Empowerment Centres -BETA,1135100807,Renovation and Equipping of Mariakani Youth Empowerment Center,3110300,Refurbishment of Buildings,exp,500000,1500000,1545000,1591350,463,yes
fy-2026-27-development-book-volume-iii-1104-2111,1135,State Department for Youth Affairs and Creative Economy,1135100800,Youth Empowerment Centres -BETA,1135100807,Renovation and Equipping of Mariakani Youth Empowerment Center,3111000,Purchase of Office Furniture and General Equipment,exp,0,1000000,4030000,3060900,463,yes
fy-2026-27-development-book-volume-iii-1104-2111,1135,State Department for Youth Affairs and Creative Economy,1135100800,Youth Empowerment Centres -BETA,1135100808,Renovation and Equipping of Matuga Youth Empowerment Center,3110300,Refurbishment of Buildings,exp,500000,1500000,1545000,1591350,463,yes
fy-2026-27-development-book-volume-iii-1104-2111,1135,State Department for Youth Affairs and Creative Economy,1135100800,Youth Empowerment Centres -BETA,1135100808,Renovation and Equipping of Matuga Youth Empowerment Center,3111000,Purchase of Office Furniture and General Equipment 2066,exp,0,1000000,4030000,3060900,463,yes
fy-2026-27-development-book-volume-iii-1104-2111,1135,State Department for Youth Affairs and Creative Economy,1135100800,Youth Empowerment Centres -BETA,1135100809,Renovation and Equipping of Mutyambua Youth Empowerment Center,3110300,Refurbishment of Buildings,exp,500000,1500000,1545000,1591350,464,yes
fy-2026-27-development-book-volume-iii-1104-2111,1135,State Department for Youth Affairs and Creative Economy,1135100800,Youth Empowerment Centres -BETA,1135100809,Renovation and Equipping of Mutyambua Youth Empowerment Center,3111000,Purchase of Office Furniture and General Equipment,exp,0,1000000,4030000,3060900,464,yes
fy-2026-27-development-book-volume-iii-1104-2111,1135,State Department for Youth Affairs and Creative Economy,1135100800,Youth Empowerment Centres -BETA,1135100811,Renovation and Equipping of North Horr Youth Empowerment Center,3110300,Refurbishment of Buildings,exp,500000,1500000,1545000,1591350,464,yes
fy-2026-27-development-book-volume-iii-1104-2111,1135,State Department for Youth Affairs and Creative Economy,1135100800,Youth Empowerment Centres -BETA,1135100811,Renovation and Equipping of North Horr Youth Empowerment Center,3111000,Purchase of Office Furniture and General Equipment,exp,0,1000000,4030000,3060900,464,yes
fy-2026-27-development-book-volume-iii-1104-2111,1135,State Department for Youth Affairs and Creative Economy,1135100800,Youth Empowerment Centres -BETA,1135100812,Renovation and Equipping of Laisamis Youth Empowerment Center,3110300,Refurbishment of Buildings,exp,500000,1500000,1545000,1591350,464,yes
fy-2026-27-development-book-volume-iii-1104-2111,1135,State Department for Youth Affairs and Creative Economy,1135100800,Youth Empowerment Centres -BETA,1135100812,Renovation and Equipping of Laisamis Youth Empowerment Center,3111000,Purchase of Office Furniture and General Equipment,exp,0,1000000,4030000,1816700,464,yes
fy-2026-27-development-book-volume-iii-1104-2111,1135,State Department for Youth Affairs and Creative Economy,1135100800,Youth Empowerment Centres -BETA,1135100813,Renovation and Equipping of Imenti South Youth Empowermnent,3110300,Refurbishment of Buildings,exp,500000,1500000,1545000,1591350,464,yes
fy-2026-27-development-book-volume-iii-1104-2111,1135,State Department for Youth Affairs and Creative Economy,1135100800,Youth Empowerment Centres -BETA,1135100813,Renovation and Equipping of Imenti South Youth Empowermnent,3111000,Purchase of Office Furniture and General Equipment,exp,0,1000000,4030000,2060900,464,yes
fy-2026-27-development-book-volume-iii-1104-2111,1135,State Department for Youth Affairs and Creative Economy,1135100800,Youth Empowerment Centres -BETA,1135100814,Renovation and Equipping of Athi River Youth Empowerment Center,3110300,Refurbishment of Buildings,exp,500000,1500000,1545000,1591350,464,yes
fy-2026-27-development-book-volume-iii-1104-2111,1135,State Department for Youth Affairs and Creative Economy,1135100800,Youth Empowerment Centres -BETA,1135100814,Renovation and Equipping of Athi River Youth Empowerment Center,3111000,Purchase of Office Furniture and General Equipment,exp,0,1000000,4030000,2060900,464,yes
fy-2026-27-development-book-volume-iii-1104-2111,1135,State Department for Youth Affairs and Creative Economy,1135100800,Youth Empowerment Centres -BETA,1135100815,Renovation and Equipping of Makadara Youth Empowerment Center,3110300,Refurbishment of Buildings,exp,500000,1500000,1545000,1591350,464,yes
fy-2026-27-development-book-volume-iii-1104-2111,1135,State Department for Youth Affairs and Creative Economy,1135100800,Youth Empowerment Centres -BETA,1135100815,Renovation and Equipping of Makadara Youth Empowerment Center,3111000,Purchase of Office Furniture and General Equipment,exp,0,1000000,4030000,2060900,464,yes
fy-2026-27-development-book-volume-iii-1104-2111,1135,State Department for Youth Affairs and Creative Economy,1135100800,Youth Empowerment Centres -BETA,1135100816,Renovation and Equipping of Njiru Youth Empowerment Center,3110300,Refurbishment of Buildings,exp,500000,1500000,1545000,1591350,464,yes
fy-2026-27-development-book-volume-iii-1104-2111,1135,State Department for Youth Affairs and Creative Economy,1135100800,Youth Empowerment Centres -BETA,1135100816,Renovation and Equipping of Njiru Youth Empowerment Center,3111000,Purchase of Office Furniture and General Equipment,exp,0,1000000,3030000,1060900,464,yes
fy-2026-27-development-book-volume-iii-1104-2111,1135,State Department for Youth Affairs and Creative Economy,1135100800,Youth Empowerment Centres -BETA,1135100817,Renovation and Equipping of Nyamarambe Youth Empowerment,3110300,Refurbishment of Buildings,exp,500000,1500000,1545000,1591350,464,yes
fy-2026-27-development-book-volume-iii-1104-2111,1135,State Department for Youth Affairs and Creative Economy,1135100800,Youth Empowerment Centres -BETA,1135100817,Renovation and Equipping of Nyamarambe Youth Empowerment,3111000,Purchase of Office Furniture and General Equipment,exp,0,1000000,3030000,1060900,464,yes
fy-2026-27-development-book-volume-iii-1104-2111,1135,State Department for Youth Affairs and Creative Economy,1135100800,Youth Empowerment Centres -BETA,1135100818,Renovation and Equipping of Kisumu Central Youth Empowerment,3110300,Refurbishment of Buildings,exp,500000,1500000,1545000,1591350,465,yes
fy-2026-27-development-book-volume-iii-1104-2111,1135,State Department for Youth Affairs and Creative Economy,1135100800,Youth Empowerment Centres -BETA,1135100818,Renovation and Equipping of Kisumu Central Youth Empowerment,3111000,Purchase of Office Furniture and General Equipment,exp,0,1000000,3030000,1060900,465,yes
fy-2026-27-development-book-volume-iii-1104-2111,1135,State Department for Youth Affairs and Creative Economy,1135100800,Youth Empowerment Centres -BETA,1135100819,Renovation and Equpping of Lafey Youth Empowerment Center,3110300,Refurbishment of Buildings,exp,500000,0,0,0,465,yes
fy-2026-27-development-book-volume-iii-1104-2111,1135,State Department for Youth Affairs and Creative Economy,1135100800,Youth Empowerment Centres -BETA,1135100820,Renovation and Equipping of Emining Youth Empowerment Center,3110300,Refurbishment of Buildings,exp,500000,1500000,1545000,1591350,465,yes
fy-2026-27-development-book-volume-iii-1104-2111,1135,State Department for Youth Affairs and Creative Economy,1135100800,Youth Empowerment Centres -BETA,1135100820,Renovation and Equipping of Emining Youth Empowerment Center,3111000,Purchase of Office Furniture and General Equipment,exp,0,1000000,3030000,1060900,465,yes
fy-2026-27-development-book-volume-iii-1104-2111,1135,State Department for Youth Affairs and Creative Economy,1135100800,Youth Empowerment Centres -BETA,1135100821,Renovation and Equipping of Saboti Youth Empowerment Center,3110300,Refurbishment of Buildings,exp,500000,1500000,1545000,1591350,465,yes
fy-2026-27-development-book-volume-iii-1104-2111,1135,State Department for Youth Affairs and Creative Economy,1135100800,Youth Empowerment Centres -BETA,1135100821,Renovation and Equipping of Saboti Youth Empowerment Center,3111000,Purchase of Office Furniture and General Equipment,exp,0,1000000,3030000,1060900,465,yes
fy-2026-27-development-book-volume-iii-1104-2111,1135,State Department for Youth Affairs and Creative Economy,1135100800,Youth Empowerment Centres -BETA,1135100822,Renovation and Equipping of Iten Youth Empowerment Center,3110300,Refurbishment of Buildings,exp,500000,1500000,1545000,1591350,465,yes
fy-2026-27-development-book-volume-iii-1104-2111,1135,State Department for Youth Affairs and Creative Economy,1135100800,Youth Empowerment Centres -BETA,1135100822,Renovation and Equipping of Iten Youth Empowerment Center,3111000,Purchase of Office Furniture and General Equipment,exp,0,1000000,1920000,1060900,465,yes
fy-2026-27-development-book-volume-iii-1104-2111,1135,State Department for Youth Affairs and Creative Economy,1135101100,VIVA Youth Programme-BETA,1135101101,VIVA Youth Programme,2210300,"Domestic Travel and Subsistence, and Other Transportation Costs",exp,3500000,0,0,0,465,yes
fy-2026-27-development-book-volume-iii-1104-2111,1135,State Department for Youth Affairs and Creative Economy,1135101100,VIVA Youth Programme-BETA,1135101101,VIVA Youth Programme,2210500,"Printing , Advertising and Information Supplies and Services",exp,3000000,0,0,0,465,yes
fy-2026-27-development-book-volume-iii-1104-2111,1135,State Department for Youth Affairs and Creative Economy,1135101100,VIVA Youth Programme-BETA,1135101101,VIVA Youth Programme,2210600,Rentals of Produced Assets,exp,500000,0,0,0,465,yes
fy-2026-27-development-book-volume-iii-1104-2111,1135,State Department for Youth Affairs and Creative Economy,1135101100,VIVA Youth Programme-BETA,1135101101,VIVA Youth Programme,2210700,Training Expenses,exp,142000000,0,0,0,465,yes
fy-2026-27-development-book-volume-iii-1104-2111,1135,State Department for Youth Affairs and Creative Economy,1135101100,VIVA Youth Programme-BETA,1135101101,VIVA Youth Programme,2210800,Hospitality Supplies and Services,exp,6000000,0,0,0,465,yes
fy-2026-27-development-book-volume-iii-1104-2111,1135,State Department for Youth Affairs and Creative Economy,1135101100,VIVA Youth Programme-BETA,1135101101,VIVA Youth Programme,2211200,Fuel Oil and Lubricants,exp,1000000,0,0,0,465,yes
fy-2026-27-development-book-volume-iii-1104-2111,1135,State Department for Youth Affairs and Creative Economy,1135101100,VIVA Youth Programme-BETA,1135101101,VIVA Youth Programme,2211300,Other Operating Expenses,exp,100000000,95000000,0,0,465,yes
fy-2026-27-development-book-volume-iii-1104-2111,1135,State Department for Youth Affairs and Creative Economy,1135101100,VIVA Youth Programme-BETA,1135101101,VIVA Youth Programme,1310200,Grants from Foreign Governments - Direct Payments,aia,200000000,50000000,0,0,465,yes
fy-2026-27-development-book-volume-iii-1104-2111,1135,State Department for Youth Affairs and Creative Economy,1135101400,GoK/ENFPA 10th Country Programme,1135101401,GoK/ENFPA 10th Country Programme,3111400,"Research, Feasibility Studies, Project Preparation and Design, Project S",exp,10530000,0,0,0,466,yes
fy-2026-27-development-book-volume-iii-1104-2111,1135,State Department for Youth Affairs and Creative Economy,1135101600,Film Location Mapping,1135101601,Film Location Mapping,2630200,Capital Grants to Government Agencies and other Levels of Government,exp,15000000,15000000,0,0,466,yes
fy-2026-27-development-book-volume-iii-1104-2111,1135,State Department for Youth Affairs and Creative Economy,1135101700,Establishment of Kenya Film School,1135101701,Establishment of Kenya Film School,2630200,Capital Grants to Government Agencies and other Levels of Government,exp,19700000,18530000,0,0,466,yes
fy-2026-27-development-book-volume-iii-1104-2111,1135,State Department for Youth Affairs and Creative Economy,1135101900,National Youth Opportunity Towards Advancement (NYOTA),1135101901,National Youth Opportunity Towards Advancement (NYOTA),2210200,"Communication, Supplies and Services",exp,7531867,10795867,11119743,11453334,466,yes
fy-2026-27-development-book-volume-iii-1104-2111,1135,State Department for Youth Affairs and Creative Economy,1135101900,National Youth Opportunity Towards Advancement (NYOTA),1135101901,National Youth Opportunity Towards Advancement (NYOTA),2210300,"Domestic Travel and Subsistence, and Other Transportation Costs",exp,79364847,242757850,335804901,345879046,466,yes
fy-2026-27-development-book-volume-iii-1104-2111,1135,State Department for Youth Affairs and Creative Economy,1135101900,National Youth Opportunity Towards Advancement (NYOTA),1135101901,National Youth Opportunity Towards Advancement (NYOTA),2210500,"Printing , Advertising and Information Supplies and Services",exp,8230800,35540700,68473306,61153508,466,yes
fy-2026-27-development-book-volume-iii-1104-2111,1135,State Department for Youth Affairs and Creative Economy,1135101900,National Youth Opportunity Towards Advancement (NYOTA),1135101901,National Youth Opportunity Towards Advancement (NYOTA),2210600,Rentals of Produced Assets,exp,34562212,19124424,19698156,20289102,466,yes
fy-2026-27-development-book-volume-iii-1104-2111,1135,State Department for Youth Affairs and Creative Economy,1135101900,National Youth Opportunity Towards Advancement (NYOTA),1135101901,National Youth Opportunity Towards Advancement (NYOTA),2210700,Training Expenses,exp,577333280,803837000,908412110,983739321,466,yes
fy-2026-27-development-book-volume-iii-1104-2111,1135,State Department for Youth Affairs and Creative Economy,1135101900,National Youth Opportunity Towards Advancement (NYOTA),1135101901,National Youth Opportunity Towards Advancement (NYOTA),2210800,Hospitality Supplies and Services,exp,63368507,61269800,63107894,65001130,466,yes
fy-2026-27-development-book-volume-iii-1104-2111,1135,State Department for Youth Affairs and Creative Economy,1135101900,National Youth Opportunity Towards Advancement (NYOTA),1135101901,National Youth Opportunity Towards Advancement (NYOTA),2210900,Insurance Costs,exp,3450000,3060000,3151800,3246354,466,yes
fy-2026-27-development-book-volume-iii-1104-2111,1135,State Department for Youth Affairs and Creative Economy,1135101900,National Youth Opportunity Towards Advancement (NYOTA),1135101901,National Youth Opportunity Towards Advancement (NYOTA),2211100,Office and General Supplies and Services,exp,6968800,10547800,11379234,11720611,466,yes
fy-2026-27-development-book-volume-iii-1104-2111,1135,State Department for Youth Affairs and Creative Economy,1135101900,National Youth Opportunity Towards Advancement (NYOTA),1135101901,National Youth Opportunity Towards Advancement (NYOTA),2211200,Fuel Oil and Lubricants,exp,21244520,40221800,41428454,42671308,466,yes
fy-2026-27-development-book-volume-iii-1104-2111,1135,State Department for Youth Affairs and Creative Economy,1135101900,National Youth Opportunity Towards Advancement (NYOTA),1135101901,National Youth Opportunity Towards Advancement (NYOTA),2211300,Other Operating Expenses,exp,42829674,440740759,325462982,363141524,466,yes
fy-2026-27-development-book-volume-iii-1104-2111,1135,State Department for Youth Affairs and Creative Economy,1135101900,National Youth Opportunity Towards Advancement (NYOTA),1135101901,National Youth Opportunity Towards Advancement (NYOTA),2220100,Routine Maintenance - Vehicles and Other Transport Equipment,exp,19661818,9414000,9696420,9987312,466,yes
fy-2026-27-development-book-volume-iii-1104-2111,1135,State Department for Youth Affairs and Creative Economy,1135101900,National Youth Opportunity Towards Advancement (NYOTA),1135101901,National Youth Opportunity Towards Advancement (NYOTA),2220200,Routine Maintenance - Other Assets,exp,500000,500000,515000,530450,466,yes
fy-2026-27-development-book-volume-iii-1104-2111,1135,State Department for Youth Affairs and Creative Economy,1135101900,National Youth Opportunity Towards Advancement (NYOTA),1135101901,National Youth Opportunity Towards Advancement (NYOTA),3110700,Purchase of Vehicles and Other Transport Equipment,exp,25000000,30000000,30900000,31827000,466,yes
fy-2026-27-development-book-volume-iii-1104-2111,1135,State Department for Youth Affairs and Creative Economy,1135101900,National Youth Opportunity Towards Advancement (NYOTA),1135101901,National Youth Opportunity Towards Advancement (NYOTA),3111000,Purchase of Office Furniture and General Equipment,exp,50000000,0,0,0,466,yes
fy-2026-27-development-book-volume-iii-1104-2111,1135,State Department for Youth Affairs and Creative Economy,1135101900,National Youth Opportunity Towards Advancement (NYOTA),1135101902,Youth Employment Support Programme,2640500,Other Capital Grants and Transfers,exp,0,2000000000,0,0,467,yes
fy-2026-27-development-book-volume-iii-1104-2111,1152,State Department for Energy,1152100300,SonduHomabay Ndhiwa Awendo Electrification Project-BETA,1152100301,Headquarters,2630200,Capital Grants to Government Agencies and other Levels of Government,exp,872696723,0,0,0,484,yes
fy-2026-27-development-book-volume-iii-1104-2111,1152,State Department for Energy,1152100300,SonduHomabay Ndhiwa Awendo Electrification Project-BETA,1152100301,Headquarters,1420100,Sales of Market Establishments,aia,741411609,0,0,0,484,yes
fy-2026-27-development-book-volume-iii-1104-2111,1152,State Department for Energy,1152100400,Loiyangalani - Suswa transmission line,1152100401,Headquarters,2630200,Capital Grants to Government Agencies and other Levels of Government,exp,0,0,263000000,0,484,yes
fy-2026-27-development-book-volume-iii-1104-2111,1152,State Department for Energy,1152100500,Bogoria Silali Geothermal Project,1152100501,Headquarters,2630200,Capital Grants to Government Agencies and other Levels of Government,exp,850000000,0,0,0,484,yes
fy-2026-27-development-book-volume-iii-1104-2111,1152,State Department for Energy,1152100500,Bogoria Silali Geothermal Project,1152100501,Headquarters,3110500,Construction and Civil Works,exp,1756000000,0,2224000000,13489000000,484,yes
fy-2026-27-development-book-volume-iii-1104-2111,1152,State Department for Energy,1152100500,Bogoria Silali Geothermal Project,1152100501,Headquarters,5120200,Foreign Borrowing - Direct Payments,aia,150000000,0,0,0,484,yes
fy-2026-27-development-book-volume-iii-1104-2111,1152,State Department for Energy,1152100500,Bogoria Silali Geothermal Project,1152100501,Headquarters,1130300,Receipts from Other Taxes on Property,aia,850000000,0,0,0,484,yes
fy-2026-27-development-book-volume-iii-1104-2111,1152,State Department for Energy,1152100700,Transmission line Mombasa-Nairobi,1152100701,Headquarters,2630200,Capital Grants to Government Agencies and other Levels of Government,exp,200000000,0,367000000,0,484,yes
fy-2026-27-development-book-volume-iii-1104-2111,1152,State Department for Energy,1152100700,Transmission line Mombasa-Nairobi,1152100701,Headquarters,1420100,Sales of Market Establishments,aia,200000000,0,367000000,0,484,yes
fy-2026-27-development-book-volume-iii-1104-2111,1152,State Department for Energy,1152101300,Olkaria Lessos Kisumu Power Lines Construction Project,1152101301,Headquarters,2630200,Capital Grants to Government Agencies and other Levels of Government,exp,806086029,0,0,0,485,yes
fy-2026-27-development-book-volume-iii-1104-2111,1152,State Department for Energy,1152101300,Olkaria Lessos Kisumu Power Lines Construction Project,1152101301,Headquarters,1420100,Sales of Market Establishments,aia,345000000,0,0,0,485,yes
fy-2026-27-development-book-volume-iii-1104-2111,1152,State Department for Energy,1152101400,Turkwell- Ortum- Kitale,1152101401,Headquarters,2630200,Capital Grants to Government Agencies and other Levels of Government,exp,65334901,0,0,0,485,yes
fy-2026-27-development-book-volume-iii-1104-2111,1152,State Department for Energy,1152101800,Eastern Electricity Highway Project (Ethiopia- Kenya Interconnector),1152101801,Headquarters,2630200,Capital Grants to Government Agencies and other Levels of Government,exp,446814522,0,2918000000,0,485,yes
fy-2026-27-development-book-volume-iii-1104-2111,1152,State Department for Energy,1152101800,Eastern Electricity Highway Project (Ethiopia- Kenya Interconnector),1152101801,Headquarters,1420100,Sales of Market Establishments,aia,406000000,0,2918000000,0,485,yes
fy-2026-27-development-book-volume-iii-1104-2111,1152,State Department for Energy,1152101800,Eastern Electricity Highway Project (Ethiopia- Kenya Interconnector),1152101802,Supplementary Financing for Ethiopia Kenya Highway Project,3110500,Construction and Civil Works,exp,1078000000,0,0,0,485,yes
fy-2026-27-development-book-volume-iii-1104-2111,1152,State Department for Energy,1152101800,Eastern Electricity Highway Project (Ethiopia- Kenya Interconnector),1152101802,Supplementary Financing for Ethiopia Kenya Highway Project,5120200,Foreign Borrowing - Direct Payments,aia,1078000000,0,0,0,485,yes
fy-2026-27-development-book-volume-iii-1104-2111,1152,State Department for Energy,1152102200,Menengai Geothermal Development Project,1152102201,Headquarters,2630200,Capital Grants to Government Agencies and other Levels of Government,exp,2150000000,0,2645000000,2899000000,485,yes
fy-2026-27-development-book-volume-iii-1104-2111,1152,State Department for Energy,1152102200,Menengai Geothermal Development Project,1152102201,Headquarters,1130300,Receipts from Other Taxes on Property,aia,2150000000,0,2645000000,2899000000,485,yes
fy-2026-27-development-book-volume-iii-1104-2111,1152,State Department for Energy,1152102400,Interconnection Project of Electric Grids of Nile Equitorial lakes Co,1152102401,Headquarters,2630200,Capital Grants to Government Agencies and other Levels of Government,exp,0,0,1296000000,0,486,yes
fy-2026-27-development-book-volume-iii-1104-2111,1152,State Department for Energy,1152102400,Interconnection Project of Electric Grids of Nile Equitorial lakes Co,1152102401,Headquarters,1420100,Sales of Market Establishments,aia,0,0,1296000000,0,486,yes
fy-2026-27-development-book-volume-iii-1104-2111,1152,State Department for Energy,1152102700,Last Mile Electricity Connectivity-BETA,1152102701,Headquarters,2630200,Capital Grants to Government Agencies and other Levels of Government,exp,941380422,0,0,0,486,yes
fy-2026-27-development-book-volume-iii-1104-2111,1152,State Department for Energy,1152102700,Last Mile Electricity Connectivity-BETA,1152102701,Headquarters,3110500,Construction and Civil Works,exp,6850000000,0,0,0,486,yes
fy-2026-27-development-book-volume-iii-1104-2111,1152,State Department for Energy,1152102700,Last Mile Electricity Connectivity-BETA,1152102701,Headquarters,5120200,Foreign Borrowing - Direct Payments,aia,2750000000,0,0,0,486,yes
fy-2026-27-development-book-volume-iii-1104-2111,1152,State Department for Energy,1152103100,Multi-National Kenya-TZ Power Interconnection Project-BETA,1152103101,Kenya Component - Headquarters,2630200,Capital Grants to Government Agencies and other Levels of Government,exp,45067908,0,0,0,486,yes
fy-2026-27-development-book-volume-iii-1104-2111,1152,State Department for Energy,1152103200,Kenya Electricity Modernization Project,1152103201,Kenya Electricity Modernization Project - HQ,2211300,Other Operating Expenses,exp,0,50000000,0,0,486,yes
fy-2026-27-development-book-volume-iii-1104-2111,1152,State Department for Energy,1152103500,Street-lighting,1152103501,Street-lighting,2630200,Capital Grants to Government Agencies and other Levels of Government,exp,241629044,0,0,0,486,yes
fy-2026-27-development-book-volume-iii-1104-2111,1152,State Department for Energy,1152103700,Mariakani Substation-BETA,1152103701,Mariakani Substation,2630200,Capital Grants to Government Agencies and other Levels of Government,exp,13588391,0,0,0,487,yes
fy-2026-27-development-book-volume-iii-1104-2111,1152,State Department for Energy,1152103700,Mariakani Substation-BETA,1152103701,Mariakani Substation,1420100,Sales of Market Establishments,aia,13588391,0,0,0,487,yes
fy-2026-27-development-book-volume-iii-1104-2111,1152,State Department for Energy,1152103900,Power Transmission System Improvement project,1152103901,Power Transmission System Improvement project,2630200,Capital Grants to Government Agencies and other Levels of Government,exp,642543208,0,0,0,487,yes
fy-2026-27-development-book-volume-iii-1104-2111,1152,State Department for Energy,1152103900,Power Transmission System Improvement project,1152103901,Power Transmission System Improvement project,1420100,Sales of Market Establishments,aia,458000000,0,0,0,487,yes
fy-2026-27-development-book-volume-iii-1104-2111,1152,State Department for Energy,1152104100,Menengai - Soilo,1152104101,Menengai - Soilo,2630200,Capital Grants to Government Agencies and other Levels of Government,exp,116000000,0,0,0,487,yes
fy-2026-27-development-book-volume-iii-1104-2111,1152,State Department for Energy,1152104100,Menengai - Soilo,1152104101,Menengai - Soilo,1420100,Sales of Market Establishments,aia,116000000,0,0,0,487,yes
fy-2026-27-development-book-volume-iii-1104-2111,1152,State Department for Energy,1152104400,Electrification of Public Facilities,1152104401,Electrification of Public Facilities,2630200,Capital Grants to Government Agencies and other Levels of Government,exp,2480000000,4950000000,1147000000,4784000000,487,yes
fy-2026-27-development-book-volume-iii-1104-2111,1152,State Department for Energy,1152104400,Electrification of Public Facilities,1152104401,Electrification of Public Facilities,1140700,Receipts of Taxes on Goods and Services,aia,2480000000,2450000000,1147000000,4141000000,487,yes
fy-2026-27-development-book-volume-iii-1104-2111,1152,State Department for Energy,1152104600,Solar Maintenance Programme,1152104601,Solar Maintenance Programme,2630200,Capital Grants to Government Agencies and other Levels of Government,exp,100000000,200000000,240000000,40000000,488,yes
fy-2026-27-development-book-volume-iii-1104-2111,1152,State Department for Energy,1152104600,Solar Maintenance Programme,1152104601,Solar Maintenance Programme,1140700,Receipts of Taxes on Goods and Services,aia,100000000,100000000,0,0,488,yes
fy-2026-27-development-book-volume-iii-1104-2111,1152,State Department for Energy,1152105100,Nuclear Power Plant Siting,1152105101,Nuclear Power Plant Siting,2630200,Capital Grants to Government Agencies and other Levels of Government,exp,104069250,80000000,493000000,2883000000,488,yes
fy-2026-27-development-book-volume-iii-1104-2111,1152,State Department for Energy,1152105200,Strategic Environmental Assessment,1152105201,Strategic Environmental Assessment,2630200,Capital Grants to Government Agencies and other Levels of Government,exp,34704301,38000000,150000000,50000000,488,yes
fy-2026-27-development-book-volume-iii-1104-2111,1152,State Department for Energy,1152105300,Lake Turkana Wind power Project,1152105301,Lake Turkana Wind power Project,2640500,Other Capital Grants and Transfers,exp,0,655000000,0,0,488,yes
fy-2026-27-development-book-volume-iii-1104-2111,1152,State Department for Energy,1152105400,Hydro dams Water catchment re-afforestation,1152105401,Hydro dams Water catchment re-afforestation,2211300,Other Operating Expenses,exp,25000000,38000000,152000000,38000000,488,yes
fy-2026-27-development-book-volume-iii-1104-2111,1152,State Department for Energy,1152105400,Hydro dams Water catchment re-afforestation,1152105401,Hydro dams Water catchment re-afforestation,3111300,"Purchase of Certified Seeds, Breeding Stock and Live Animals",exp,45000000,32000000,169000000,35000000,488,yes
fy-2026-27-development-book-volume-iii-1104-2111,1152,State Department for Energy,1152105400,Hydro dams Water catchment re-afforestation,1152105401,Hydro dams Water catchment re-afforestation,3111400,"Research, Feasibility Studies, Project Preparation and Design, Project S",exp,32000000,30000000,160000000,34000000,488,yes
fy-2026-27-development-book-volume-iii-1104-2111,1152,State Department for Energy,1152105400,Hydro dams Water catchment re-afforestation,1152105401,Hydro dams Water catchment re-afforestation,1140700,Receipts of Taxes on Goods and Services,aia,102000000,100000000,481000000,107000000,489,yes
fy-2026-27-development-book-volume-iii-1104-2111,1152,State Department for Energy,1152105500,Solar PV installation on Institutions and or community boreholes in,1152105501,Solar PV installation on Institutions and or community boreholes in,3110500,Construction and Civil Works,exp,30000000,95000000,106000000,146000000,489,yes
fy-2026-27-development-book-volume-iii-1104-2111,1152,State Department for Energy,1152105500,Solar PV installation on Institutions and or community boreholes in,1152105501,Solar PV installation on Institutions and or community boreholes in,3111400,"Research, Feasibility Studies, Project Preparation and Design, Project S",exp,15000000,60000000,61000000,101000000,489,yes
fy-2026-27-development-book-volume-iii-1104-2111,1152,State Department for Energy,1152105500,Solar PV installation on Institutions and or community boreholes in,1152105501,Solar PV installation on Institutions and or community boreholes in,1140700,Receipts of Taxes on Goods and Services,aia,45000000,155000000,167000000,247000000,489,yes
fy-2026-27-development-book-volume-iii-1104-2111,1152,State Department for Energy,1152105600,Development of Community Small Hydro Power projects,1152105601,Development of Community Small Hydro Power projects,2211200,Fuel Oil and Lubricants,exp,0,10000000,10000000,10000000,489,yes
fy-2026-27-development-book-volume-iii-1104-2111,1152,State Department for Energy,1152105600,Development of Community Small Hydro Power projects,1152105601,Development of Community Small Hydro Power projects,2211300,Other Operating Expenses,exp,15000000,40000000,42000000,50000000,489,yes
fy-2026-27-development-book-volume-iii-1104-2111,1152,State Department for Energy,1152105600,Development of Community Small Hydro Power projects,1152105601,Development of Community Small Hydro Power projects,2220100,Routine Maintenance - Vehicles and Other Transport Equipment,exp,0,10000000,10000000,10000000,489,yes
fy-2026-27-development-book-volume-iii-1104-2111,1152,State Department for Energy,1152105600,Development of Community Small Hydro Power projects,1152105601,Development of Community Small Hydro Power projects,3111400,"Research, Feasibility Studies, Project Preparation and Design, Project S",exp,5000000,30000000,32000000,40000000,489,yes
fy-2026-27-development-book-volume-iii-1104-2111,1152,State Department for Energy,1152105600,Development of Community Small Hydro Power projects,1152105601,Development of Community Small Hydro Power projects,1140700,Receipts of Taxes on Goods and Services,aia,20000000,90000000,94000000,110000000,489,yes
fy-2026-27-development-book-volume-iii-1104-2111,1152,State Department for Energy,1152105800,Installation of wind masts & data loggers and rehabilitation of pre,1152105801,Installation of wind masts & data loggers and rehabilitation of pre,2211200,Fuel Oil and Lubricants,exp,0,10000000,10000000,10000000,489,yes
fy-2026-27-development-book-volume-iii-1104-2111,1152,State Department for Energy,1152105800,Installation of wind masts & data loggers and rehabilitation of pre,1152105801,Installation of wind masts & data loggers and rehabilitation of pre,2220100,Routine Maintenance - Vehicles and Other Transport Equipment,exp,0,10000000,10000000,10000000,489,yes
fy-2026-27-development-book-volume-iii-1104-2111,1152,State Department for Energy,1152105800,Installation of wind masts & data loggers and rehabilitation of pre,1152105801,Installation of wind masts & data loggers and rehabilitation of pre,3111400,"Research, Feasibility Studies, Project Preparation and Design, Project S",exp,16000000,44000000,58000000,64000000,489,yes
fy-2026-27-development-book-volume-iii-1104-2111,1152,State Department for Energy,1152105800,Installation of wind masts & data loggers and rehabilitation of pre,1152105801,Installation of wind masts & data loggers and rehabilitation of pre,3111500,Rehabilitation of Civil Works,exp,25000000,50000000,50000000,60000000,489,yes
fy-2026-27-development-book-volume-iii-1104-2111,1152,State Department for Energy,1152105800,Installation of wind masts & data loggers and rehabilitation of pre,1152105801,Installation of wind masts & data loggers and rehabilitation of pre,1140700,Receipts of Taxes on Goods and Services,aia,41000000,114000000,128000000,144000000,489,yes
fy-2026-27-development-book-volume-iii-1104-2111,1152,State Department for Energy,1152105900,Energy Efficiency Programme (Investment Grade Audits,1152105901,Energy Efficiency Programme (Investment Grade Audits,2211300,Other Operating Expenses,exp,35000000,35000000,39000000,50000000,490,yes
fy-2026-27-development-book-volume-iii-1104-2111,1152,State Department for Energy,1152105900,Energy Efficiency Programme (Investment Grade Audits,1152105901,Energy Efficiency Programme (Investment Grade Audits,3111400,"Research, Feasibility Studies, Project Preparation and Design, Project S",exp,20000000,35000000,45000000,50000000,490,yes
fy-2026-27-development-book-volume-iii-1104-2111,1152,State Department for Energy,1152105900,Energy Efficiency Programme (Investment Grade Audits,1152105901,Energy Efficiency Programme (Investment Grade Audits,1140600,Receipt from Royalties,aia,15000000,0,0,0,490,yes
fy-2026-27-development-book-volume-iii-1104-2111,1152,State Department for Energy,1152105900,Energy Efficiency Programme (Investment Grade Audits,1152105901,Energy Efficiency Programme (Investment Grade Audits,1140700,Receipts of Taxes on Goods and Services,aia,40000000,70000000,84000000,100000000,490,yes
fy-2026-27-development-book-volume-iii-1104-2111,1152,State Department for Energy,1152106000,Construction of institutional biogas plants,1152106001,Construction of institutional biogas plants,3111400,"Research, Feasibility Studies, Project Preparation and Design, Project S",exp,40000000,90000000,99500000,147500000,490,yes
fy-2026-27-development-book-volume-iii-1104-2111,1152,State Department for Energy,1152106000,Construction of institutional biogas plants,1152106001,Construction of institutional biogas plants,3111500,Rehabilitation of Civil Works,exp,105000000,130000000,139500000,187500000,490,yes
fy-2026-27-development-book-volume-iii-1104-2111,1152,State Department for Energy,1152106000,Construction of institutional biogas plants,1152106001,Construction of institutional biogas plants,1140600,Receipt from Royalties,aia,145000000,185000000,204000000,300000000,490,yes
fy-2026-27-development-book-volume-iii-1104-2111,1152,State Department for Energy,1152106000,Construction of institutional biogas plants,1152106001,Construction of institutional biogas plants,1140700,Receipts of Taxes on Goods and Services,aia,0,35000000,35000000,35000000,490,yes
fy-2026-27-development-book-volume-iii-1104-2111,1152,State Department for Energy,1152106100,Pilot programme on Domestic household biogas digesters (upscalling b,1152106101,Pilot programme on Domestic household biogas digesters (upscalling b,3110500,Construction and Civil Works,exp,70000000,130000000,128500000,130000000,490,yes
fy-2026-27-development-book-volume-iii-1104-2111,1152,State Department for Energy,1152106100,Pilot programme on Domestic household biogas digesters (upscalling b,1152106101,Pilot programme on Domestic household biogas digesters (upscalling b,3111400,"Research, Feasibility Studies, Project Preparation and Design, Project S",exp,20000000,100000000,78500000,70000000,490,yes
fy-2026-27-development-book-volume-iii-1104-2111,1152,State Department for Energy,1152106100,Pilot programme on Domestic household biogas digesters (upscalling b,1152106101,Pilot programme on Domestic household biogas digesters (upscalling b,3111500,Rehabilitation of Civil Works,exp,80000000,100000000,78000000,22000000,490,yes
fy-2026-27-development-book-volume-iii-1104-2111,1152,State Department for Energy,1152106100,Pilot programme on Domestic household biogas digesters (upscalling b,1152106101,Pilot programme on Domestic household biogas digesters (upscalling b,1140600,Receipt from Royalties,aia,170000000,285000000,240000000,177000000,490,yes
fy-2026-27-development-book-volume-iii-1104-2111,1152,State Department for Energy,1152106100,Pilot programme on Domestic household biogas digesters (upscalling b,1152106101,Pilot programme on Domestic household biogas digesters (upscalling b,1140700,Receipts of Taxes on Goods and Services,aia,0,45000000,45000000,45000000,490,yes
fy-2026-27-development-book-volume-iii-1104-2111,1152,State Department for Energy,1152106200,Expansion of Energy centres,1152106201,Expansion of Energy centres,2630200,Capital Grants to Government Agencies and other Levels of Government,exp,300000000,250000000,301000000,500000000,490,yes
fy-2026-27-development-book-volume-iii-1104-2111,1152,State Department for Energy,1152106200,Expansion of Energy centres,1152106201,Expansion of Energy centres,1140700,Receipts of Taxes on Goods and Services,aia,300000000,250000000,301000000,500000000,491,yes
fy-2026-27-development-book-volume-iii-1104-2111,1152,State Department for Energy,1152106300,Biofuel value chain development,1152106301,Biofuel value chain development,2210500,"Printing , Advertising and Information Supplies and Services",exp,3000000,10000000,10000000,10000000,491,yes
fy-2026-27-development-book-volume-iii-1104-2111,1152,State Department for Energy,1152106300,Biofuel value chain development,1152106301,Biofuel value chain development,2211200,Fuel Oil and Lubricants,exp,0,10000000,10000000,10000000,491,yes
fy-2026-27-development-book-volume-iii-1104-2111,1152,State Department for Energy,1152106300,Biofuel value chain development,1152106301,Biofuel value chain development,3110500,Construction and Civil Works,exp,10000000,35000000,29000000,39000000,491,yes
fy-2026-27-development-book-volume-iii-1104-2111,1152,State Department for Energy,1152106300,Biofuel value chain development,1152106301,Biofuel value chain development,3111400,"Research, Feasibility Studies, Project Preparation and Design, Project S",exp,7000000,25000000,19000000,29000000,491,yes
fy-2026-27-development-book-volume-iii-1104-2111,1152,State Department for Energy,1152106300,Biofuel value chain development,1152106301,Biofuel value chain development,1140600,Receipt from Royalties,aia,20000000,72000000,60000000,80000000,491,yes
fy-2026-27-development-book-volume-iii-1104-2111,1152,State Department for Energy,1152106300,Biofuel value chain development,1152106301,Biofuel value chain development,1140700,Receipts of Taxes on Goods and Services,aia,0,8000000,8000000,8000000,491,yes
fy-2026-27-development-book-volume-iii-1104-2111,1152,State Department for Energy,1152106400,Energy Efficient Charcoal Kilns Development,1152106401,Energy Efficient Charcoal Kilns Development,3110500,Construction and Civil Works,exp,10000000,30000000,10000000,15000000,491,yes
fy-2026-27-development-book-volume-iii-1104-2111,1152,State Department for Energy,1152106400,Energy Efficient Charcoal Kilns Development,1152106401,Energy Efficient Charcoal Kilns Development,3111400,"Research, Feasibility Studies, Project Preparation and Design, Project S",exp,5000000,25000000,19000000,16000000,491,yes
fy-2026-27-development-book-volume-iii-1104-2111,1152,State Department for Energy,1152106400,Energy Efficient Charcoal Kilns Development,1152106401,Energy Efficient Charcoal Kilns Development,1140700,Receipts of Taxes on Goods and Services,aia,15000000,55000000,29000000,31000000,491,yes
fy-2026-27-development-book-volume-iii-1104-2111,1152,State Department for Energy,1152106500,Geothermal Projects,1152106501,Geothermal Exploration and Development,2110200,Basic Wages - Temporary Employees,exp,4000000,4000000,4000000,4000000,491,yes
fy-2026-27-development-book-volume-iii-1104-2111,1152,State Department for Energy,1152106500,Geothermal Projects,1152106501,Geothermal Exploration and Development,2210700,Training Expenses,exp,0,20000000,12000000,12000000,491,yes
fy-2026-27-development-book-volume-iii-1104-2111,1152,State Department for Energy,1152106500,Geothermal Projects,1152106501,Geothermal Exploration and Development,2210800,Hospitality Supplies and Services,exp,5000000,7000000,7000000,7000000,491,yes
fy-2026-27-development-book-volume-iii-1104-2111,1152,State Department for Energy,1152106500,Geothermal Projects,1152106501,Geothermal Exploration and Development,2211200,Fuel Oil and Lubricants,exp,0,20000000,10000000,10000000,491,yes
fy-2026-27-development-book-volume-iii-1104-2111,1152,State Department for Energy,1152106500,Geothermal Projects,1152106501,Geothermal Exploration and Development,2211300,Other Operating Expenses,exp,40000000,50000000,50000000,50000000,491,yes
fy-2026-27-development-book-volume-iii-1104-2111,1152,State Department for Energy,1152106500,Geothermal Projects,1152106501,Geothermal Exploration and Development,2220100,Routine Maintenance - Vehicles and Other Transport Equipment,exp,0,20000000,10000000,10000000,491,yes
fy-2026-27-development-book-volume-iii-1104-2111,1152,State Department for Energy,1152106500,Geothermal Projects,1152106501,Geothermal Exploration and Development,2220200,Routine Maintenance - Other Assets,exp,45000000,50000000,50000000,50000000,491,yes
fy-2026-27-development-book-volume-iii-1104-2111,1152,State Department for Energy,1152106500,Geothermal Projects,1152106501,Geothermal Exploration and Development,3111400,"Research, Feasibility Studies, Project Preparation and Design, Project S",exp,96000000,115000000,100000000,100000000,491,yes
fy-2026-27-development-book-volume-iii-1104-2111,1152,State Department for Energy,1152106500,Geothermal Projects,1152106501,Geothermal Exploration and Development,1140700,Receipts of Taxes on Goods and Services,aia,190000000,286000000,243000000,243000000,492,yes
fy-2026-27-development-book-volume-iii-1104-2111,1152,State Department for Energy,1152106500,Geothermal Projects,1152106503,Coal Exploration and Development,2210700,Training Expenses,exp,0,21000000,0,0,492,yes
fy-2026-27-development-book-volume-iii-1104-2111,1152,State Department for Energy,1152106500,Geothermal Projects,1152106503,Coal Exploration and Development,2211200,Fuel Oil and Lubricants,exp,0,19000000,0,0,492,yes
fy-2026-27-development-book-volume-iii-1104-2111,1152,State Department for Energy,1152106500,Geothermal Projects,1152106503,Coal Exploration and Development,2220100,Routine Maintenance - Vehicles and Other Transport Equipment,exp,0,21000000,0,0,492,yes
fy-2026-27-development-book-volume-iii-1104-2111,1152,State Department for Energy,1152106500,Geothermal Projects,1152106503,Coal Exploration and Development,2630200,Capital Grants to Government Agencies and other Levels of Government,exp,205000000,0,0,0,492,yes
fy-2026-27-development-book-volume-iii-1104-2111,1152,State Department for Energy,1152106500,Geothermal Projects,1152106503,Coal Exploration and Development,3111400,"Research, Feasibility Studies, Project Preparation and Design, Project S",exp,100000000,110000000,0,0,492,yes
fy-2026-27-development-book-volume-iii-1104-2111,1152,State Department for Energy,1152106500,Geothermal Projects,1152106503,Coal Exploration and Development,1140700,Receipts of Taxes on Goods and Services,aia,305000000,171000000,0,0,492,yes
fy-2026-27-development-book-volume-iii-1104-2111,1152,State Department for Energy,1152106900,Installation of Transformers in Constituencies,1152106901,Installation of Transformers in Constituencies,2630200,Capital Grants to Government Agencies and other Levels of Government,exp,1800000000,3684000000,0,0,492,yes
fy-2026-27-development-book-volume-iii-1104-2111,1152,State Department for Energy,1152106900,Installation of Transformers in Constituencies,1152106901,Installation of Transformers in Constituencies,1140700,Receipts of Taxes on Goods and Services,aia,1800000000,2200000000,0,0,492,yes
fy-2026-27-development-book-volume-iii-1104-2111,1152,State Department for Energy,1152107200,Retrofitting of Mini Grids,1152107201,Retrofitting of Mini Grids,3110500,Construction and Civil Works,exp,320020000,0,0,0,492,yes
fy-2026-27-development-book-volume-iii-1104-2111,1152,State Department for Energy,1152107200,Retrofitting of Mini Grids,1152107201,Retrofitting of Mini Grids,5120200,Foreign Borrowing - Direct Payments,aia,160020000,0,0,0,492,yes
fy-2026-27-development-book-volume-iii-1104-2111,1152,State Department for Energy,1152107500,Resource Development for Nuclear Programme,1152107501,Resource Development for Nuclear Programme,2630200,Capital Grants to Government Agencies and other Levels of Government,exp,37719463,55000000,130000000,172000000,492,yes
fy-2026-27-development-book-volume-iii-1104-2111,1152,State Department for Energy,1152107600,Nuclear Fuel Resources Exploration & Development,1152107601,Nuclear Fuel Resources Exploration & Development,2211200,Fuel Oil and Lubricants,exp,0,17000000,0,0,493,yes
fy-2026-27-development-book-volume-iii-1104-2111,1152,State Department for Energy,1152107600,Nuclear Fuel Resources Exploration & Development,1152107601,Nuclear Fuel Resources Exploration & Development,2220100,Routine Maintenance - Vehicles and Other Transport Equipment,exp,0,15000000,0,0,493,yes
fy-2026-27-development-book-volume-iii-1104-2111,1152,State Department for Energy,1152107600,Nuclear Fuel Resources Exploration & Development,1152107601,Nuclear Fuel Resources Exploration & Development,3111400,"Research, Feasibility Studies, Project Preparation and Design, Project S",exp,93000000,147000000,0,0,493,yes
fy-2026-27-development-book-volume-iii-1104-2111,1152,State Department for Energy,1152107600,Nuclear Fuel Resources Exploration & Development,1152107601,Nuclear Fuel Resources Exploration & Development,1140600,Receipt from Royalties,aia,93000000,153000000,0,0,493,yes
fy-2026-27-development-book-volume-iii-1104-2111,1152,State Department for Energy,1152107600,Nuclear Fuel Resources Exploration & Development,1152107601,Nuclear Fuel Resources Exploration & Development,1420200,Receipts from Administrative Fees and Charges,aia,0,26000000,0,0,493,yes
fy-2026-27-development-book-volume-iii-1104-2111,1152,State Department for Energy,1152107800,Kenya Power Distribution System Modernization & Strengthening,1152107801,Kenya Power Distribution System Modernization & Strengthening,2630200,Capital Grants to Government Agencies and other Levels of Government,exp,0,0,347000000,5461000000,493,yes
fy-2026-27-development-book-volume-iii-1104-2111,1152,State Department for Energy,1152107800,Kenya Power Distribution System Modernization & Strengthening,1152107801,Kenya Power Distribution System Modernization & Strengthening,5120200,Foreign Borrowing - Direct Payments,aia,0,0,347000000,5253000000,493,yes
fy-2026-27-development-book-volume-iii-1104-2111,1152,State Department for Energy,1152107900,Kenya Power Transmission Expansion Project,1152107901,Kenya Power Transmission Expansion Project,2630200,Capital Grants to Government Agencies and other Levels of Government,exp,130995485,0,0,0,493,yes
fy-2026-27-development-book-volume-iii-1104-2111,1152,State Department for Energy,1152108000,Kenya Off-Grid Solar Access Project for Underserved Counties,1152108001,K-OSAP: State Department of Energy,2210300,"Domestic Travel and Subsistence, and Other Transportation Costs",exp,50000000,50000000,0,0,493,yes
fy-2026-27-development-book-volume-iii-1104-2111,1152,State Department for Energy,1152108000,Kenya Off-Grid Solar Access Project for Underserved Counties,1152108001,K-OSAP: State Department of Energy,2210500,"Printing , Advertising and Information Supplies and Services",exp,50000000,50000000,0,0,493,yes
fy-2026-27-development-book-volume-iii-1104-2111,1152,State Department for Energy,1152108000,Kenya Off-Grid Solar Access Project for Underserved Counties,1152108001,K-OSAP: State Department of Energy,2210600,Rentals of Produced Assets,exp,20000000,20000000,0,0,493,yes
fy-2026-27-development-book-volume-iii-1104-2111,1152,State Department for Energy,1152108000,Kenya Off-Grid Solar Access Project for Underserved Counties,1152108001,K-OSAP: State Department of Energy,2210700,Training Expenses,exp,250000000,180000000,0,0,493,yes
fy-2026-27-development-book-volume-iii-1104-2111,1152,State Department for Energy,1152108000,Kenya Off-Grid Solar Access Project for Underserved Counties,1152108001,K-OSAP: State Department of Energy,2210800,Hospitality Supplies and Services,exp,8000000,8000000,0,0,493,yes
fy-2026-27-development-book-volume-iii-1104-2111,1152,State Department for Energy,1152108000,Kenya Off-Grid Solar Access Project for Underserved Counties,1152108001,K-OSAP: State Department of Energy,2211100,Office and General Supplies and Services,exp,5000000,5000000,0,0,493,yes
fy-2026-27-development-book-volume-iii-1104-2111,1152,State Department for Energy,1152108000,Kenya Off-Grid Solar Access Project for Underserved Counties,1152108001,K-OSAP: State Department of Energy,2211200,Fuel Oil and Lubricants 2096,exp,25000000,25000000,0,0,493,yes
fy-2026-27-development-book-volume-iii-1104-2111,1152,State Department for Energy,1152108000,Kenya Off-Grid Solar Access Project for Underserved Counties,1152108001,K-OSAP: State Department of Energy,2211300,Other Operating Expenses,exp,380138907,380500000,0,0,494,yes
fy-2026-27-development-book-volume-iii-1104-2111,1152,State Department for Energy,1152108000,Kenya Off-Grid Solar Access Project for Underserved Counties,1152108001,K-OSAP: State Department of Energy,2220100,Routine Maintenance - Vehicles and Other Transport Equipment,exp,10000000,10000000,0,0,494,yes
fy-2026-27-development-book-volume-iii-1104-2111,1152,State Department for Energy,1152108000,Kenya Off-Grid Solar Access Project for Underserved Counties,1152108001,K-OSAP: State Department of Energy,2220200,Routine Maintenance - Other Assets,exp,1500000,1500000,0,0,494,yes
fy-2026-27-development-book-volume-iii-1104-2111,1152,State Department for Energy,1152108000,Kenya Off-Grid Solar Access Project for Underserved Counties,1152108001,K-OSAP: State Department of Energy,3110700,Purchase of Vehicles and Other Transport Equipment,exp,60000000,40000000,0,0,494,yes
fy-2026-27-development-book-volume-iii-1104-2111,1152,State Department for Energy,1152108000,Kenya Off-Grid Solar Access Project for Underserved Counties,1152108001,K-OSAP: State Department of Energy,3111400,"Research, Feasibility Studies, Project Preparation and Design, Project S",exp,88660647,45000000,78000000,0,494,yes
fy-2026-27-development-book-volume-iii-1104-2111,1152,State Department for Energy,1152108000,Kenya Off-Grid Solar Access Project for Underserved Counties,1152108001,K-OSAP: State Department of Energy,3130100,Acquisition of Land,exp,156000000,0,0,0,494,yes
fy-2026-27-development-book-volume-iii-1104-2111,1152,State Department for Energy,1152108000,Kenya Off-Grid Solar Access Project for Underserved Counties,1152108001,K-OSAP: State Department of Energy,1410100,Interest Received,aia,276000000,0,0,0,494,yes
fy-2026-27-development-book-volume-iii-1104-2111,1152,State Department for Energy,1152108000,Kenya Off-Grid Solar Access Project for Underserved Counties,1152108001,K-OSAP: State Department of Energy,3110500,Construction and Civil Works,exp,928640000,0,0,0,494,yes
fy-2026-27-development-book-volume-iii-1104-2111,1152,State Department for Energy,1152108000,Kenya Off-Grid Solar Access Project for Underserved Counties,1152108001,K-OSAP: State Department of Energy,5120200,Foreign Borrowing - Direct Payments,aia,928640000,0,0,0,494,yes
fy-2026-27-development-book-volume-iii-1104-2111,1152,State Department for Energy,1152108000,Kenya Off-Grid Solar Access Project for Underserved Counties,1152108003,K-OSAP: Rural Electrification & Renewable Energy Corporation,3110500,Construction and Civil Works,exp,1159721093,973100000,0,0,494,yes
fy-2026-27-development-book-volume-iii-1104-2111,1152,State Department for Energy,1152108000,Kenya Off-Grid Solar Access Project for Underserved Counties,1152108003,K-OSAP: Rural Electrification & Renewable Energy Corporation,5120200,Foreign Borrowing - Direct Payments,aia,857360000,683060000,0,0,494,yes
fy-2026-27-development-book-volume-iii-1104-2111,1152,State Department for Energy,1152108100,220KV Kamburu - Embu - Thika Transmission Line,1152108101,220KV Kamburu - Embu - Thika Transmission Line,2630200,Capital Grants to Government Agencies and other Levels of Government,exp,0,0,1605000000,0,494,yes
fy-2026-27-development-book-volume-iii-1104-2111,1152,State Department for Energy,1152108100,220KV Kamburu - Embu - Thika Transmission Line,1152108101,220KV Kamburu - Embu - Thika Transmission Line,1420100,Sales of Market Establishments,aia,0,0,1605000000,0,494,yes
fy-2026-27-development-book-volume-iii-1104-2111,1152,State Department for Energy,1152108300,Nuclear Policy and Legislation,1152108301,Nuclear Policy and Legislation,2630200,Capital Grants to Government Agencies and other Levels of Government,exp,27781452,42000000,62000000,45000000,494,yes
fy-2026-27-development-book-volume-iii-1104-2111,1152,State Department for Energy,1152108400,Monitoring and Evaluation of Energy Projects,1152108401,Monitoring and Evaluation of Energy Projects,2211200,Fuel Oil and Lubricants,exp,0,18000000,18000000,18000000,495,yes
fy-2026-27-development-book-volume-iii-1104-2111,1152,State Department for Energy,1152108400,Monitoring and Evaluation of Energy Projects,1152108401,Monitoring and Evaluation of Energy Projects,2220100,Routine Maintenance - Vehicles and Other Transport Equipment,exp,0,14000000,14000000,14000000,495,yes
fy-2026-27-development-book-volume-iii-1104-2111,1152,State Department for Energy,1152108400,Monitoring and Evaluation of Energy Projects,1152108401,Monitoring and Evaluation of Energy Projects,3111400,"Research, Feasibility Studies, Project Preparation and Design, Project S",exp,540000000,334000000,146000000,165000000,495,yes
fy-2026-27-development-book-volume-iii-1104-2111,1152,State Department for Energy,1152108400,Monitoring and Evaluation of Energy Projects,1152108401,Monitoring and Evaluation of Energy Projects,1140600,Receipt from Royalties,aia,12000000,0,0,0,495,yes
fy-2026-27-development-book-volume-iii-1104-2111,1152,State Department for Energy,1152108400,Monitoring and Evaluation of Energy Projects,1152108401,Monitoring and Evaluation of Energy Projects,1140700,Receipts of Taxes on Goods and Services,aia,528000000,366000000,178000000,197000000,495,yes
fy-2026-27-development-book-volume-iii-1104-2111,1152,State Department for Energy,1152108500,Refurbishment of Kawi House,1152108501,Refurbishment of Kawi House,3110300,Refurbishment of Buildings,exp,75000000,30000000,99500000,150500000,495,yes
fy-2026-27-development-book-volume-iii-1104-2111,1152,State Department for Energy,1152108500,Refurbishment of Kawi House,1152108501,Refurbishment of Kawi House,3111100,"Purchase of Specialised Plant, Equipment and Machinery",exp,15000000,50000000,69500000,81500000,495,yes
fy-2026-27-development-book-volume-iii-1104-2111,1152,State Department for Energy,1152108500,Refurbishment of Kawi House,1152108501,Refurbishment of Kawi House,1140700,Receipts of Taxes on Goods and Services,aia,90000000,80000000,169000000,232000000,495,yes
fy-2026-27-development-book-volume-iii-1104-2111,1152,State Department for Energy,1152108700,Rabai - Kilifi Transmission Line-BETA,1152108701,Rabai - Kilifi Transmission Line,2630200,Capital Grants to Government Agencies and other Levels of Government,exp,150737584,0,0,0,495,yes
fy-2026-27-development-book-volume-iii-1104-2111,1152,State Department for Energy,1152108700,Rabai - Kilifi Transmission Line-BETA,1152108701,Rabai - Kilifi Transmission Line,3110500,Construction and Civil Works,exp,700000000,0,0,0,495,yes
fy-2026-27-development-book-volume-iii-1104-2111,1152,State Department for Energy,1152108700,Rabai - Kilifi Transmission Line-BETA,1152108701,Rabai - Kilifi Transmission Line,5120200,Foreign Borrowing - Direct Payments,aia,700000000,0,0,0,495,yes
fy-2026-27-development-book-volume-iii-1104-2111,1152,State Department for Energy,1152108700,Rabai - Kilifi Transmission Line-BETA,1152108701,Rabai - Kilifi Transmission Line,1420100,Sales of Market Establishments,aia,50000000,0,0,0,495,yes
fy-2026-27-development-book-volume-iii-1104-2111,1152,State Department for Energy,1152108900,Electrification of Level 4 & Level 3 Hospitals,1152108901,Electrification of Level 4 & Level 3 Hospitals,2630200,Capital Grants to Government Agencies and other Levels of Government,exp,40271507,0,0,0,495,yes
fy-2026-27-development-book-volume-iii-1104-2111,1152,State Department for Energy,1152109000,Electrification of Economic Zones,1152109003,Dongo Kundu SEZ,2630200,Capital Grants to Government Agencies and other Levels of Government,exp,12995485,0,0,0,496,yes
fy-2026-27-development-book-volume-iii-1104-2111,1152,State Department for Energy,1152109000,Electrification of Economic Zones,1152109003,Dongo Kundu SEZ,3110500,Construction and Civil Works,exp,200000000,0,0,0,496,yes
fy-2026-27-development-book-volume-iii-1104-2111,1152,State Department for Energy,1152109000,Electrification of Economic Zones,1152109003,Dongo Kundu SEZ,5120200,Foreign Borrowing - Direct Payments,aia,200000000,0,0,0,496,yes
fy-2026-27-development-book-volume-iii-1104-2111,1152,State Department for Energy,1152109000,Electrification of Economic Zones,1152109003,Dongo Kundu SEZ,1420100,Sales of Market Establishments,aia,6000000,0,0,0,496,yes
fy-2026-27-development-book-volume-iii-1104-2111,1152,State Department for Energy,1152109300,East Africa Skills for Transformation & Regional Integration Project,1152109301,East Africa Skills for Transformation & Regional Integration Project,2630200,Capital Grants to Government Agencies and other Levels of Government,exp,212000000,0,0,0,496,yes
fy-2026-27-development-book-volume-iii-1104-2111,1152,State Department for Energy,1152109500,Loiyangalani-Marsabit 400 KV Transmission Line,1152109501,Loiyangalani-Marsabit 400 KV Transmission Line,2630100,Current Grants to Government Agencies and other Levels of Government,exp,0,0,852000000,0,496,yes
fy-2026-27-development-book-volume-iii-1104-2111,1152,State Department for Energy,1152109500,Loiyangalani-Marsabit 400 KV Transmission Line,1152109501,Loiyangalani-Marsabit 400 KV Transmission Line,1420100,Sales of Market Establishments,aia,0,0,852000000,0,496,yes
fy-2026-27-development-book-volume-iii-1104-2111,1152,State Department for Energy,1152109600,"Ol Karia I Units 1,2,3 Geothermal Power Plant Rehabilitation Project",1152109601,"Ol Karia I Units 1,2,3 Geothermal Power Plant Rehabilitation Project",3110500,Construction and Civil Works,exp,3005000000,0,0,0,496,yes
fy-2026-27-development-book-volume-iii-1104-2111,1152,State Department for Energy,1152109600,"Ol Karia I Units 1,2,3 Geothermal Power Plant Rehabilitation Project",1152109601,"Ol Karia I Units 1,2,3 Geothermal Power Plant Rehabilitation Project",5120200,Foreign Borrowing - Direct Payments,aia,3005000000,0,0,0,496,yes
fy-2026-27-development-book-volume-iii-1104-2111,1152,State Department for Energy,1152109700,Rural Electrification Schemes,1152109701,Rural Electrification Schemes,2630200,Capital Grants to Government Agencies and other Levels of Government,exp,120344117,0,0,0,497,yes
fy-2026-27-development-book-volume-iii-1104-2111,1152,State Department for Energy,1152109700,Rural Electrification Schemes,1152109702,Off-Grid Electrification Scheme,2630200,Capital Grants to Government Agencies and other Levels of Government,exp,261764797,0,0,0,497,yes
fy-2026-27-development-book-volume-iii-1104-2111,1152,State Department for Energy,1152109800,300MW Suswa geothernal project,1152109801,300MW Suswa geothernal project,2630200,Capital Grants to Government Agencies and other Levels of Government,exp,209466077,0,0,0,497,yes
fy-2026-27-development-book-volume-iii-1104-2111,1152,State Department for Energy,1152109800,300MW Suswa geothernal project,1152109801,300MW Suswa geothernal project,1130300,Receipts from Other Taxes on Property,aia,200000000,0,0,0,497,yes
fy-2026-27-development-book-volume-iii-1104-2111,1152,State Department for Energy,1152109900,Olkaria 1AU & IV Turbine Uprating,1152109901,Olkaria 1AU & IV Turbine Uprating,3110500,Construction and Civil Works,exp,30000000,0,0,0,497,yes
fy-2026-27-development-book-volume-iii-1104-2111,1152,State Department for Energy,1152109900,Olkaria 1AU & IV Turbine Uprating,1152109901,Olkaria 1AU & IV Turbine Uprating,5120200,Foreign Borrowing - Direct Payments,aia,30000000,0,0,0,497,yes
fy-2026-27-development-book-volume-iii-1104-2111,1152,State Department for Energy,1152110100,Kenya Nuclear Research Reactor program,1152110101,Kenya Nuclear Research Reactor program,2630200,Capital Grants to Government Agencies and other Levels of Government,exp,3350000,55000000,1084000000,5322000000,497,yes
fy-2026-27-development-book-volume-iii-1104-2111,1152,State Department for Energy,1152110200,Publicity and Advocacy,1152110201,Publicity and Advocacy,2630200,Capital Grants to Government Agencies and other Levels of Government,exp,44800915,30000000,124000000,145000000,498,yes
fy-2026-27-development-book-volume-iii-1104-2111,1152,State Department for Energy,1152110300,220kV Marsabit - Isiolo Transmission Line,1152110301,220kV Marsabit - Isiolo Transmission Line,2630200,Capital Grants to Government Agencies and other Levels of Government,exp,0,0,721000000,0,498,yes
fy-2026-27-development-book-volume-iii-1104-2111,1152,State Department for Energy,1152110300,220kV Marsabit - Isiolo Transmission Line,1152110301,220kV Marsabit - Isiolo Transmission Line,1420100,Sales of Market Establishments,aia,0,0,721000000,0,498,yes
fy-2026-27-development-book-volume-iii-1104-2111,1152,State Department for Energy,1152110400,National System Control Centre & Makindu SS,1152110401,National System Control Centre & Makindu SS,2630200,Capital Grants to Government Agencies and other Levels of Government,exp,5660647,19000000,80000000,0,498,yes
fy-2026-27-development-book-volume-iii-1104-2111,1152,State Department for Energy,1152110400,National System Control Centre & Makindu SS,1152110401,National System Control Centre & Makindu SS,3110500,Construction and Civil Works,exp,92000000,1885000000,2002000000,0,498,yes
fy-2026-27-development-book-volume-iii-1104-2111,1152,State Department for Energy,1152110400,National System Control Centre & Makindu SS,1152110401,National System Control Centre & Makindu SS,5120200,Foreign Borrowing - Direct Payments,aia,92000000,1268000000,1002000000,0,498,yes
fy-2026-27-development-book-volume-iii-1104-2111,1152,State Department for Energy,1152111100,Kenya Green Hydrogen Development,1152111101,Kenya Green Hydrogen Development,3111400,"Research, Feasibility Studies, Project Preparation and Design, Project S",exp,110000000,110000000,120000000,200000000,498,yes
fy-2026-27-development-book-volume-iii-1104-2111,1152,State Department for Energy,1152111100,Kenya Green Hydrogen Development,1152111101,Kenya Green Hydrogen Development,1140700,Receipts of Taxes on Goods and Services,aia,110000000,110000000,120000000,200000000,498,yes
fy-2026-27-development-book-volume-iii-1104-2111,1152,State Department for Energy,1152111700,Sustain Energy Fund for Africa (SEFA) Devpt of Utility Run Super,1152111701,Sustain Energy Fund for Africa (SEFA) Devpt of Utility Run Super,3110500,Construction and Civil Works,exp,100000000,0,0,0,498,yes
fy-2026-27-development-book-volume-iii-1104-2111,1152,State Department for Energy,1152111700,Sustain Energy Fund for Africa (SEFA) Devpt of Utility Run Super,1152111701,Sustain Energy Fund for Africa (SEFA) Devpt of Utility Run Super,1310200,Grants from Foreign Governments - Direct Payments,aia,100000000,0,0,0,499,yes
fy-2026-27-development-book-volume-iii-1104-2111,1152,State Department for Energy,1152112000,Reinforcement of Electricity Transmission Network (RETNET),1152112001,Reinforcement of Electricity Transmission Network (RETNET),2211300,Other Operating Expenses,exp,100000000,0,0,0,499,yes
fy-2026-27-development-book-volume-iii-1104-2111,1152,State Department for Energy,1152112000,Reinforcement of Electricity Transmission Network (RETNET),1152112001,Reinforcement of Electricity Transmission Network (RETNET),5120200,Foreign Borrowing - Direct Payments,aia,100000000,0,0,0,499,yes
fy-2026-27-development-book-volume-iii-1104-2111,1152,State Department for Energy,1152112300,Kenya Transmission Network Improvement Project,1152112301,Kenya Transmission Network Improvement Project,2630200,Capital Grants to Government Agencies and other Levels of Government,exp,50990971,0,0,0,499,yes
fy-2026-27-development-book-volume-iii-1104-2111,1152,State Department for Energy,1152112300,Kenya Transmission Network Improvement Project,1152112301,Kenya Transmission Network Improvement Project,3110500,Construction and Civil Works,exp,1200000000,0,0,0,499,yes
fy-2026-27-development-book-volume-iii-1104-2111,1152,State Department for Energy,1152112300,Kenya Transmission Network Improvement Project,1152112301,Kenya Transmission Network Improvement Project,5120200,Foreign Borrowing - Direct Payments,aia,900000000,0,0,0,499,yes
fy-2026-27-development-book-volume-iii-1104-2111,1152,State Department for Energy,1152112500,REREC Projects,1152112501,Biogas for Promotion of Clean Cooking in Sec Schools,2630200,Capital Grants to Government Agencies and other Levels of Government,exp,50000000,0,0,0,499,yes
fy-2026-27-development-book-volume-iii-1104-2111,1152,State Department for Energy,1152112500,REREC Projects,1152112502,Mathare Rural Electrification,2630200,Capital Grants to Government Agencies and other Levels of Government,exp,100000000,0,0,0,499,yes
fy-2026-27-development-book-volume-iii-1104-2111,1152,State Department for Energy,1152112500,REREC Projects,1152112503,Oyude Nomiya Church Village,2630200,Capital Grants to Government Agencies and other Levels of Government,exp,10000000,0,0,0,499,yes
fy-2026-27-development-book-volume-iii-1104-2111,1152,State Department for Energy,1152112500,REREC Projects,1152112504,Mikiria Village,2630200,Capital Grants to Government Agencies and other Levels of Government 2102,exp,10000000,0,0,0,499,yes
fy-2026-27-development-book-volume-iii-1104-2111,1152,State Department for Energy,1152112500,REREC Projects,1152112505,Remo A Village,2630200,Capital Grants to Government Agencies and other Levels of Government,exp,10000000,0,0,0,500,yes
fy-2026-27-development-book-volume-iii-1104-2111,1152,State Department for Energy,1152112500,REREC Projects,1152112506,Wadh Lwanda/ God Roye Village,2630200,Capital Grants to Government Agencies and other Levels of Government,exp,10000000,0,0,0,500,yes
fy-2026-27-development-book-volume-iii-1104-2111,1152,State Department for Energy,1152112500,REREC Projects,1152112507,Alara Marienga Village,2630200,Capital Grants to Government Agencies and other Levels of Government,exp,10000000,0,0,0,500,yes
fy-2026-27-development-book-volume-iii-1104-2111,1152,State Department for Energy,1152112500,REREC Projects,1152112508,Pap Ndege Village,2630200,Capital Grants to Government Agencies and other Levels of Government,exp,10000000,0,0,0,500,yes
fy-2026-27-development-book-volume-iii-1104-2111,1152,State Department for Energy,1152112500,REREC Projects,1152112509,Kamuga/ Nyaduong Village,2630200,Capital Grants to Government Agencies and other Levels of Government,exp,10000000,0,0,0,500,yes
fy-2026-27-development-book-volume-iii-1104-2111,1152,State Department for Energy,1152112500,REREC Projects,1152112510,Nyamasongo/Kahezron Village,2630200,Capital Grants to Government Agencies and other Levels of Government,exp,10000000,0,0,0,500,yes
fy-2026-27-development-book-volume-iii-1104-2111,1152,State Department for Energy,1152112500,REREC Projects,1152112511,Masagisagi Village,2630200,Capital Grants to Government Agencies and other Levels of Government,exp,10000000,0,0,0,500,yes
fy-2026-27-development-book-volume-iii-1104-2111,1152,State Department for Energy,1152112500,REREC Projects,1152112512,Amino Village,2630200,Capital Grants to Government Agencies and other Levels of Government,exp,10000000,0,0,0,500,yes
fy-2026-27-development-book-volume-iii-1104-2111,1152,State Department for Energy,1152112500,REREC Projects,1152112513,Gingo Catholic Village,2630200,Capital Grants to Government Agencies and other Levels of Government,exp,10000000,0,0,0,500,yes
fy-2026-27-development-book-volume-iii-1104-2111,1152,State Department for Energy,1152112500,REREC Projects,1152112514,Jeshi La Wokovu/ Nyalgos Village,2630200,Capital Grants to Government Agencies and other Levels of Government,exp,10000000,0,0,0,500,yes
fy-2026-27-development-book-volume-iii-1104-2111,1152,State Department for Energy,1152112500,REREC Projects,1152112515,Muhaya Village,2630200,Capital Grants to Government Agencies and other Levels of Government,exp,10000000,0,0,0,501,yes
fy-2026-27-development-book-volume-iii-1104-2111,1152,State Department for Energy,1152112500,REREC Projects,1152112516,Kagembe Village,2630200,Capital Grants to Government Agencies and other Levels of Government,exp,10000000,0,0,0,501,yes
fy-2026-27-development-book-volume-iii-1104-2111,1152,State Department for Energy,1152112500,REREC Projects,1152112517,Shauri Yako Village,2630200,Capital Grants to Government Agencies and other Levels of Government,exp,10000000,0,0,0,501,yes
fy-2026-27-development-book-volume-iii-1104-2111,1152,State Department for Energy,1152112500,REREC Projects,1152112518,Andingo Catholic/ Kakrao,2630200,Capital Grants to Government Agencies and other Levels of Government,exp,10000000,0,0,0,501,yes
fy-2026-27-development-book-volume-iii-1104-2111,1152,State Department for Energy,1152112500,REREC Projects,1152112519,Oboke Village,2630200,Capital Grants to Government Agencies and other Levels of Government,exp,10000000,0,0,0,501,yes
fy-2026-27-development-book-volume-iii-1104-2111,1152,State Department for Energy,1152112500,REREC Projects,1152112520,Udiya Village,2630200,Capital Grants to Government Agencies and other Levels of Government,exp,10000000,0,0,0,501,yes
fy-2026-27-development-book-volume-iii-1104-2111,1152,State Department for Energy,1152112500,REREC Projects,1152112521,Koguta /Anjego Village,2630200,Capital Grants to Government Agencies and other Levels of Government,exp,10000000,0,0,0,501,yes
fy-2026-27-development-book-volume-iii-1104-2111,1152,State Department for Energy,1152112500,REREC Projects,1152112522,Korwa Village,2630200,Capital Grants to Government Agencies and other Levels of Government,exp,10000000,0,0,0,501,yes
fy-2026-27-development-book-volume-iii-1104-2111,1152,State Department for Energy,1152112500,REREC Projects,1152112523,Eshitimba Village,2630200,Capital Grants to Government Agencies and other Levels of Government,exp,10000000,0,0,0,501,yes
fy-2026-27-development-book-volume-iii-1104-2111,1152,State Department for Energy,1152112500,REREC Projects,1152112524,St Peters Maweni Girls Electrification,2630200,Capital Grants to Government Agencies and other Levels of Government,exp,10000000,0,0,0,501,yes
fy-2026-27-development-book-volume-iii-1104-2111,1152,State Department for Energy,1152112500,REREC Projects,1152112525,Mbale Villages Electrification,2630200,Capital Grants to Government Agencies and other Levels of Government 2104,exp,5000000,0,0,0,501,yes
fy-2026-27-development-book-volume-iii-1104-2111,1152,State Department for Energy,1152112500,REREC Projects,1152112526,Kishushe Villages Electrification,2630200,Capital Grants to Government Agencies and other Levels of Government,exp,5000000,0,0,0,502,yes
fy-2026-27-development-book-volume-iii-1104-2111,1152,State Department for Energy,1152112500,REREC Projects,1152112527,Electrification of Ol joro orok Marphil Gituamba Village,2630200,Capital Grants to Government Agencies and other Levels of Government,exp,10000000,0,0,0,502,yes
fy-2026-27-development-book-volume-iii-1104-2111,1152,State Department for Energy,1152112500,REREC Projects,1152112528,Electrification of Ol joro orok Ngano Sila Village,2630200,Capital Grants to Government Agencies and other Levels of Government,exp,10000000,0,0,0,502,yes
fy-2026-27-development-book-volume-iii-1104-2111,1152,State Department for Energy,1152112500,REREC Projects,1152112529,Kaptembwo Chagaiya,2630200,Capital Grants to Government Agencies and other Levels of Government,exp,0,20000000,0,0,502,yes
fy-2026-27-development-book-volume-iii-1104-2111,1152,State Department for Energy,1152112500,REREC Projects,1152112530,Kaptumo Chagaiya,2630200,Capital Grants to Government Agencies and other Levels of Government,exp,0,15000000,0,0,502,yes
fy-2026-27-development-book-volume-iii-1104-2111,1152,State Department for Energy,1152112500,REREC Projects,1152112531,Chepkoiya,2630200,Capital Grants to Government Agencies and other Levels of Government,exp,0,20000000,0,0,502,yes
fy-2026-27-development-book-volume-iii-1104-2111,1152,State Department for Energy,1152112500,REREC Projects,1152112532,Lelmokwo,2630200,Capital Grants to Government Agencies and other Levels of Government,exp,0,15000000,0,0,502,yes
fy-2026-27-development-book-volume-iii-1104-2111,1152,State Department for Energy,1152112700,Energy Center Bumula Project,1152112701,Energy Center Bumula Project,2630200,Capital Grants to Government Agencies and other Levels of Government,exp,50000000,0,0,70000000,502,yes
fy-2026-27-development-book-volume-iii-1104-2111,1152,State Department for Energy,1152112700,Energy Center Bumula Project,1152112701,Energy Center Bumula Project,1140700,Receipts of Taxes on Goods and Services,aia,50000000,0,0,70000000,502,yes
fy-2026-27-development-book-volume-iii-1104-2111,1152,State Department for Energy,1152112900,Electrification of Galana-Kulalu Irrigation Scheme,1152112901,Electrification of Galana-Kulalu Irrigation Scheme,2630200,Capital Grants to Government Agencies and other Levels of Government,exp,194000000,300000000,361000000,0,503,yes
fy-2026-27-development-book-volume-iii-1104-2111,1152,State Department for Energy,1152112900,Electrification of Galana-Kulalu Irrigation Scheme,1152112901,Electrification of Galana-Kulalu Irrigation Scheme,1140700,Receipts of Taxes on Goods and Services,aia,194000000,300000000,361000000,0,503,yes
fy-2026-27-development-book-volume-iii-1104-2111,1152,State Department for Energy,1152113500,Kenya Green Resillient Expansion of Energy,1152113501,Kenya Green Resilient Expansion of Energy (PforR),3110500,Construction and Civil Works,exp,4800000000,0,0,0,503,yes
fy-2026-27-development-book-volume-iii-1104-2111,1152,State Department for Energy,1152113500,Kenya Green Resillient Expansion of Energy,1152113502,Kenya Green Resilient Expansion of Energy (IPF),3110500,Construction and Civil Works,exp,200000000,0,0,0,503,yes
fy-2026-27-development-book-volume-iii-1104-2111,1152,State Department for Energy,1152113700,Public Participation Projects,1152113715,"Transformer - Serengonik, Koross II Mlimani A, Milimani B, Milimani",2630200,Capital Grants to Government Agencies and other Levels of Government,exp,10000000,0,0,0,503,yes
fy-2026-27-development-book-volume-iii-1104-2111,1152,State Department for Energy,1152113700,Public Participation Projects,1152113716,Electrification of Mwanayahi Village,2630200,Capital Grants to Government Agencies and other Levels of Government,exp,5000000,0,0,0,503,yes
fy-2026-27-development-book-volume-iii-1104-2111,1152,State Department for Energy,1152113700,Public Participation Projects,1152113717,Electrification of Mwambara Village,2630200,Capital Grants to Government Agencies and other Levels of Government,exp,5000000,0,0,0,503,yes
fy-2026-27-development-book-volume-iii-1104-2111,1152,State Department for Energy,1152113700,Public Participation Projects,1152113718,Electrification of Bowa-Matopeni Village,2630200,Capital Grants to Government Agencies and other Levels of Government,exp,5000000,0,0,0,503,yes
fy-2026-27-development-book-volume-iii-1104-2111,1152,State Department for Energy,1152113700,Public Participation Projects,1152113719,Electrification of Bangoni Village,2630200,Capital Grants to Government Agencies and other Levels of Government 2106,exp,5000000,0,0,0,503,yes
fy-2026-27-development-book-volume-iii-1104-2111,1152,State Department for Energy,1152113700,Public Participation Projects,1152113720,Electricity Connectivity in Mbuwani Village,2630200,Capital Grants to Government Agencies and other Levels of Government,exp,6500000,0,0,0,504,yes
fy-2026-27-development-book-volume-iii-1104-2111,1152,State Department for Energy,1152113700,Public Participation Projects,1152113721,Electricity Connectivity in Mwagundu Village,2630200,Capital Grants to Government Agencies and other Levels of Government,exp,7000000,0,0,0,504,yes
fy-2026-27-development-book-volume-iii-1104-2111,1152,State Department for Energy,1152113700,Public Participation Projects,1152113722,Electricity Connectivity in Mwamua Village,2630200,Capital Grants to Government Agencies and other Levels of Government,exp,6500000,0,0,0,504,yes
fy-2026-27-development-book-volume-iii-1104-2111,1152,State Department for Energy,1152113700,Public Participation Projects,1152113723,Electrification of Mchonyi/Mraru/Kisa Villages,2630200,Capital Grants to Government Agencies and other Levels of Government,exp,5000000,0,0,0,504,yes
fy-2026-27-development-book-volume-iii-1104-2111,1152,State Department for Energy,1152113700,Public Participation Projects,1152113724,"Transformer for Two Rivers, Kitalale-Saboti Line",2630200,Capital Grants to Government Agencies and other Levels of Government,exp,5000000,0,0,0,504,yes
fy-2026-27-development-book-volume-iii-1104-2111,1152,State Department for Energy,1152113700,Public Participation Projects,1152113725,Streetlights in Kisawai Center,2630200,Capital Grants to Government Agencies and other Levels of Government,exp,5000000,0,0,0,504,yes
fy-2026-27-development-book-volume-iii-1104-2111,1152,State Department for Energy,1152113800,Electrification of Public Facilities - III,1152113852,Alara - Marienga,2630200,Capital Grants to Government Agencies and other Levels of Government,exp,20000000,0,0,0,504,yes
fy-2026-27-development-book-volume-iii-1104-2111,1152,State Department for Energy,1152113800,Electrification of Public Facilities - III,1152113853,Kodila - Sango,2630200,Capital Grants to Government Agencies and other Levels of Government,exp,20000000,0,0,0,504,yes
fy-2026-27-development-book-volume-iii-1104-2111,1152,State Department for Energy,1152113800,Electrification of Public Facilities - III,1152113854,Kojeya Shopping Centre,2630200,Capital Grants to Government Agencies and other Levels of Government,exp,20000000,0,0,0,504,yes
fy-2026-27-development-book-volume-iii-1104-2111,1152,State Department for Energy,1152113800,Electrification of Public Facilities - III,1152113855,Mapera Got Ogengo,2630200,Capital Grants to Government Agencies and other Levels of Government,exp,20000000,0,0,0,505,yes
fy-2026-27-development-book-volume-iii-1104-2111,1152,State Department for Energy,1152113800,Electrification of Public Facilities - III,1152113856,"Wandaka, Gituto and other Villages",2630200,Capital Grants to Government Agencies and other Levels of Government,exp,15000000,0,0,0,505,yes
fy-2026-27-development-book-volume-iii-1104-2111,1152,State Department for Energy,1152113800,Electrification of Public Facilities - III,1152113857,Wangu Ward Electricity distribution Projects,2630200,Capital Grants to Government Agencies and other Levels of Government,exp,15000000,0,0,0,505,yes
fy-2026-27-development-book-volume-iii-1104-2111,1152,State Department for Energy,1152113800,Electrification of Public Facilities - III,1152113858,Kapkerek Katani,2630200,Capital Grants to Government Agencies and other Levels of Government,exp,7000000,0,0,0,505,yes
fy-2026-27-development-book-volume-iii-1104-2111,1152,State Department for Energy,1152113800,Electrification of Public Facilities - III,1152113859,Kapsumbeiywet,2630200,Capital Grants to Government Agencies and other Levels of Government,exp,10000000,0,0,0,505,yes
fy-2026-27-development-book-volume-iii-1104-2111,1152,State Department for Energy,1152113800,Electrification of Public Facilities - III,1152113860,Limyomoi Dispensary in kuinetkapsuswa ward- Soy Constituency,2630200,Capital Grants to Government Agencies and other Levels of Government,exp,25000000,0,0,0,505,yes
fy-2026-27-development-book-volume-iii-1104-2111,1152,State Department for Energy,1152113800,Electrification of Public Facilities - III,1152113867,Kimolwet Secondary/Market Transfomer Maximization,2630200,Capital Grants to Government Agencies and other Levels of Government,exp,10000000,0,0,0,505,yes
fy-2026-27-development-book-volume-iii-1104-2111,1152,State Department for Energy,1152113800,Electrification of Public Facilities - III,1152113868,Kaptilolwo Village Maximization,2630200,Capital Grants to Government Agencies and other Levels of Government,exp,12000000,0,0,0,505,yes
fy-2026-27-development-book-volume-iii-1104-2111,1152,State Department for Energy,1152113800,Electrification of Public Facilities - III,1152113869,Kamuyu/ Baregeiywo Maximization,2630200,Capital Grants to Government Agencies and other Levels of Government,exp,15000000,0,0,0,505,yes
fy-2026-27-development-book-volume-iii-1104-2111,1152,State Department for Energy,1152113800,Electrification of Public Facilities - III,1152113870,Lingwai Kesses Farm Maximization,2630200,Capital Grants to Government Agencies and other Levels of Government,exp,15000000,0,0,0,505,yes
fy-2026-27-development-book-volume-iii-1104-2111,1152,State Department for Energy,1152113800,Electrification of Public Facilities - III,1152113871,Assururiet - Tinet Maximization,2630200,Capital Grants to Government Agencies and other Levels of Government 2108,exp,12000000,0,0,0,505,yes
fy-2026-27-development-book-volume-iii-1104-2111,1152,State Department for Energy,1152113800,Electrification of Public Facilities - III,1152113873,Kaptilo electricity maximization,2630200,Capital Grants to Government Agencies and other Levels of Government,exp,10000000,0,0,0,506,yes
fy-2026-27-development-book-volume-iii-1104-2111,1152,State Department for Energy,1152113800,Electrification of Public Facilities - III,1152113874,Kiptamuk electricity maximization,2630200,Capital Grants to Government Agencies and other Levels of Government,exp,10000000,0,0,0,506,yes
fy-2026-27-development-book-volume-iii-1104-2111,1152,State Department for Energy,1152113800,Electrification of Public Facilities - III,1152113884,"Longewan, Kitobor, Lolmolog, Sirata and Seketet",2630200,Capital Grants to Government Agencies and other Levels of Government,exp,30000000,0,0,0,506,yes
fy-2026-27-development-book-volume-iii-1104-2111,1152,State Department for Energy,1152113800,Electrification of Public Facilities - III,1152113885,"Tamiyoi, Ng'ari and Yare",2630200,Capital Grants to Government Agencies and other Levels of Government,exp,20000000,0,0,0,506,yes
fy-2026-27-development-book-volume-iii-1104-2111,1152,State Department for Energy,1152113800,Electrification of Public Facilities - III,1152113886,Bandi Electricity project,2630200,Capital Grants to Government Agencies and other Levels of Government,exp,10000000,0,0,0,506,yes
fy-2026-27-development-book-volume-iii-1104-2111,1152,State Department for Energy,1152113800,Electrification of Public Facilities - III,1152113887,Dibe Electricity Project,2630200,Capital Grants to Government Agencies and other Levels of Government,exp,10000000,0,0,0,506,yes
fy-2026-27-development-book-volume-iii-1104-2111,1152,State Department for Energy,1152113800,Electrification of Public Facilities - III,1152113888,Electrification projects in Samburu,2630200,Capital Grants to Government Agencies and other Levels of Government,exp,69000000,0,0,0,506,yes
fy-2026-27-development-book-volume-iii-1104-2111,1152,State Department for Energy,1152113900,Connectivity to Leather Industrial Park - Kenanie,1152113901,Connectivity to Leather Industrial Park - Kenanie,2630200,Capital Grants to Government Agencies and other Levels of Government,exp,40814522,0,0,0,506,yes
fy-2026-27-development-book-volume-iii-1104-2111,1152,State Department for Energy,1152114400,Kenya Green & Resilient Expansion of Energy - Phase II,1152114401,Kenya Green & Resilient Expansion of Energy-Phase II - SD for Energy,2210200,"Communication, Supplies and Services",exp,0,323960,0,0,507,yes
fy-2026-27-development-book-volume-iii-1104-2111,1152,State Department for Energy,1152114400,Kenya Green & Resilient Expansion of Energy - Phase II,1152114401,Kenya Green & Resilient Expansion of Energy-Phase II - SD for Energy,2210300,"Domestic Travel and Subsistence, and Other Transportation Costs",exp,0,16800030,0,0,507,yes
fy-2026-27-development-book-volume-iii-1104-2111,1152,State Department for Energy,1152114400,Kenya Green & Resilient Expansion of Energy - Phase II,1152114401,Kenya Green & Resilient Expansion of Energy-Phase II - SD for Energy,2210500,"Printing , Advertising and Information Supplies and Services",exp,0,1321970,0,0,507,yes
fy-2026-27-development-book-volume-iii-1104-2111,1152,State Department for Energy,1152114400,Kenya Green & Resilient Expansion of Energy - Phase II,1152114401,Kenya Green & Resilient Expansion of Energy-Phase II - SD for Energy,2210700,Training Expenses,exp,50000000,65000000,0,0,507,yes
fy-2026-27-development-book-volume-iii-1104-2111,1152,State Department for Energy,1152114400,Kenya Green & Resilient Expansion of Energy - Phase II,1152114401,Kenya Green & Resilient Expansion of Energy-Phase II - SD for Energy,2210800,Hospitality Supplies and Services,exp,10000000,6599970,0,0,507,yes
fy-2026-27-development-book-volume-iii-1104-2111,1152,State Department for Energy,1152114400,Kenya Green & Resilient Expansion of Energy - Phase II,1152114401,Kenya Green & Resilient Expansion of Energy-Phase II - SD for Energy,2211100,Office and General Supplies and Services,exp,0,2649540,0,0,507,yes
fy-2026-27-development-book-volume-iii-1104-2111,1152,State Department for Energy,1152114400,Kenya Green & Resilient Expansion of Energy - Phase II,1152114401,Kenya Green & Resilient Expansion of Energy-Phase II - SD for Energy,2211200,Fuel Oil and Lubricants,exp,0,999960,0,0,507,yes
fy-2026-27-development-book-volume-iii-1104-2111,1152,State Department for Energy,1152114400,Kenya Green & Resilient Expansion of Energy - Phase II,1152114401,Kenya Green & Resilient Expansion of Energy-Phase II - SD for Energy,2211300,Other Operating Expenses,exp,8000000,37921000,0,0,507,yes
fy-2026-27-development-book-volume-iii-1104-2111,1152,State Department for Energy,1152114400,Kenya Green & Resilient Expansion of Energy - Phase II,1152114401,Kenya Green & Resilient Expansion of Energy-Phase II - SD for Energy,2220100,Routine Maintenance - Vehicles and Other Transport Equipment,exp,0,3700060,0,0,507,yes
fy-2026-27-development-book-volume-iii-1104-2111,1152,State Department for Energy,1152114400,Kenya Green & Resilient Expansion of Energy - Phase II,1152114401,Kenya Green & Resilient Expansion of Energy-Phase II - SD for Energy,2220200,Routine Maintenance - Other Assets,exp,0,749970,0,0,507,yes
fy-2026-27-development-book-volume-iii-1104-2111,1152,State Department for Energy,1152114400,Kenya Green & Resilient Expansion of Energy - Phase II,1152114401,Kenya Green & Resilient Expansion of Energy-Phase II - SD for Energy,2630200,Capital Grants to Government Agencies and other Levels of Government,exp,840081455,0,0,0,507,yes
fy-2026-27-development-book-volume-iii-1104-2111,1152,State Department for Energy,1152114400,Kenya Green & Resilient Expansion of Energy - Phase II,1152114401,Kenya Green & Resilient Expansion of Energy-Phase II - SD for Energy,3111000,Purchase of Office Furniture and General Equipment,exp,0,5000060,0,0,507,yes
fy-2026-27-development-book-volume-iii-1104-2111,1152,State Department for Energy,1152114400,Kenya Green & Resilient Expansion of Energy - Phase II,1152114401,Kenya Green & Resilient Expansion of Energy-Phase II - SD for Energy,3111400,"Research, Feasibility Studies, Project Preparation and Design, Project S",exp,32000000,158933480,0,0,507,yes
fy-2026-27-development-book-volume-iii-1104-2111,1152,State Department for Energy,1152114400,Kenya Green & Resilient Expansion of Energy - Phase II,1152114401,Kenya Green & Resilient Expansion of Energy-Phase II - SD for Energy,5120200,Foreign Borrowing - Direct Payments,aia,204000000,0,0,0,507,yes
fy-2026-27-development-book-volume-iii-1104-2111,1152,State Department for Energy,1152114800,Last Mile Electricity Connectivity III,1152114801,Last Mile Electricity Connectivity III,3110500,Construction and Civil Works,exp,300000000,0,0,0,507,yes
fy-2026-27-development-book-volume-iii-1104-2111,1152,State Department for Energy,1152114800,Last Mile Electricity Connectivity III,1152114801,Last Mile Electricity Connectivity III,5120200,Foreign Borrowing - Direct Payments,aia,100000000,0,0,0,507,yes
fy-2026-27-development-book-volume-iii-1104-2111,1152,State Department for Energy,1152114900,Improvement of Power Distribution System-Nakuru & Mombasa Last,1152114901,Improvement of Power Distribution System-Nakuru & Mombasa Last,3110500,Construction and Civil Works,exp,0,0,0,100000000,507,yes
fy-2026-27-development-book-volume-iii-1104-2111,1152,State Department for Energy,1152114900,Improvement of Power Distribution System-Nakuru & Mombasa Last,1152114901,Improvement of Power Distribution System-Nakuru & Mombasa Last,1310200,Grants from Foreign Governments - Direct Payments,aia,0,0,0,100000000,507,yes
fy-2026-27-development-book-volume-iii-1104-2111,1152,State Department for Energy,1152115000,Electrification in Constituencies,1152115001,Electrification in Constituencies,2630200,Capital Grants to Government Agencies and other Levels of Government,exp,4350000000,0,0,0,508,yes
fy-2026-27-development-book-volume-iii-1104-2111,1152,State Department for Energy,1152115000,Electrification in Constituencies,1152115002,Adawa,2630200,Capital Grants to Government Agencies and other Levels of Government,exp,10000000,0,0,0,508,yes
fy-2026-27-development-book-volume-iii-1104-2111,1152,State Department for Energy,1152115000,Electrification in Constituencies,1152115003,Agoro Lieye,2630200,Capital Grants to Government Agencies and other Levels of Government,exp,10000000,0,0,0,508,yes
fy-2026-27-development-book-volume-iii-1104-2111,1152,State Department for Energy,1152115000,Electrification in Constituencies,1152115004,Uyemba A Village,2630200,Capital Grants to Government Agencies and other Levels of Government,exp,10000000,0,0,0,508,yes
fy-2026-27-development-book-volume-iii-1104-2111,1152,State Department for Energy,1152115000,Electrification in Constituencies,1152115005,Anduro Village,2630200,Capital Grants to Government Agencies and other Levels of Government,exp,10000000,0,0,0,508,yes
fy-2026-27-development-book-volume-iii-1104-2111,1152,State Department for Energy,1152115000,Electrification in Constituencies,1152115006,Kademba Village,2630200,Capital Grants to Government Agencies and other Levels of Government,exp,10000000,0,0,0,508,yes
fy-2026-27-development-book-volume-iii-1104-2111,1152,State Department for Energy,1152115000,Electrification in Constituencies,1152115007,Karumo Village,2630200,Capital Grants to Government Agencies and other Levels of Government,exp,10000000,0,0,0,508,yes
fy-2026-27-development-book-volume-iii-1104-2111,1152,State Department for Energy,1152115000,Electrification in Constituencies,1152115008,Ndori Village,2630200,Capital Grants to Government Agencies and other Levels of Government,exp,10000000,0,0,0,508,yes
fy-2026-27-development-book-volume-iii-1104-2111,1152,State Department for Energy,1152115000,Electrification in Constituencies,1152115009,Papkakan Village,2630200,Capital Grants to Government Agencies and other Levels of Government,exp,10000000,0,0,0,508,yes
fy-2026-27-development-book-volume-iii-1104-2111,1152,State Department for Energy,1152115000,Electrification in Constituencies,1152115010,Rabuor Village,2630200,Capital Grants to Government Agencies and other Levels of Government,exp,10000000,0,0,0,508,yes
fy-2026-27-development-book-volume-iii-1104-2111,1152,State Department for Energy,1152115000,Electrification in Constituencies,1152115011,Kula Pesa And Other Villages,2630200,Capital Grants to Government Agencies and other Levels of Government 2111,exp,10000000,0,0,0,508,yes
fy-2026-27-development-book-volume-iii-1104-2111,1152,State Department for Energy,1152115000,Electrification in Constituencies,1152115012,Esamba Village.,2630200,Capital Grants to Government Agencies and other Levels of Government,exp,10000000,0,0,0,509,yes
fy-2026-27-development-book-volume-iii-1104-2111,1152,State Department for Energy,1152115000,Electrification in Constituencies,1152115013,Eshitimba Village,2630200,Capital Grants to Government Agencies and other Levels of Government,exp,10000000,0,0,0,509,yes
fy-2026-27-development-book-volume-iii-1104-2111,1152,State Department for Energy,1152115000,Electrification in Constituencies,1152115014,Ex Mayor PBK And Mung'etho Village,2630200,Capital Grants to Government Agencies and other Levels of Government,exp,20000000,0,0,0,509,yes
fy-2026-27-development-book-volume-iii-1104-2111,1152,State Department for Energy,1152115000,Electrification in Constituencies,1152115015,Kiheo Njoguini Village,2630200,Capital Grants to Government Agencies and other Levels of Government,exp,10000000,0,0,0,509,yes
fy-2026-27-development-book-volume-iii-1104-2111,1152,State Department for Energy,1152115000,Electrification in Constituencies,1152115016,Kimathi Road 4 And Mutitu Village,2630200,Capital Grants to Government Agencies and other Levels of Government,exp,15000000,0,0,0,509,yes
fy-2026-27-development-book-volume-iii-1104-2111,1152,State Department for Energy,1152115000,Electrification in Constituencies,1152115017,Kimooini And Kimboo Villages in Makindu,2630200,Capital Grants to Government Agencies and other Levels of Government,exp,10000000,0,0,0,509,yes
fy-2026-27-development-book-volume-iii-1104-2111,1152,State Department for Energy,1152115000,Electrification in Constituencies,1152115018,Kisumo A- Inungo B,2630200,Capital Grants to Government Agencies and other Levels of Government,exp,7000000,0,0,0,509,yes
fy-2026-27-development-book-volume-iii-1104-2111,1152,State Department for Energy,1152115000,Electrification in Constituencies,1152115019,Kitulani Village & Pri School in Kikumbulyu North,2630200,Capital Grants to Government Agencies and other Levels of Government,exp,10000000,0,0,0,509,yes
fy-2026-27-development-book-volume-iii-1104-2111,1152,State Department for Energy,1152115000,Electrification in Constituencies,1152115020,Marphil And Gituamba Village,2630200,Capital Grants to Government Agencies and other Levels of Government,exp,20000000,0,0,0,509,yes
fy-2026-27-development-book-volume-iii-1104-2111,1152,State Department for Energy,1152115000,Electrification in Constituencies,1152115021,Mlima Kanga Village,2630200,Capital Grants to Government Agencies and other Levels of Government,exp,10000000,0,0,0,509,yes
fy-2026-27-development-book-volume-iii-1104-2111,1152,State Department for Energy,1152115000,Electrification in Constituencies,1152115022,Mwanyakundi Village,2630200,Capital Grants to Government Agencies and other Levels of Government,exp,10000000,0,0,0,510,yes
fy-2026-27-development-book-volume-iii-1104-2111,1152,State Department for Energy,1152115000,Electrification in Constituencies,1152115023,Nyabisibi Village,2630200,Capital Grants to Government Agencies and other Levels of Government,exp,10000000,0,0,0,510,yes
fy-2026-27-development-book-volume-iii-1104-2111,1152,State Department for Energy,1152115000,Electrification in Constituencies,1152115024,Nyamiobo Villange,2630200,Capital Grants to Government Agencies and other Levels of Government,exp,10000000,0,0,0,510,yes
fy-2026-27-development-book-volume-iii-1104-2111,1152,State Department for Energy,1152115000,Electrification in Constituencies,1152115025,Nyasoko Village,2630200,Capital Grants to Government Agencies and other Levels of Government,exp,10000000,0,0,0,510,yes
fy-2026-27-development-book-volume-iii-1104-2111,1152,State Department for Energy,1152115000,Electrification in Constituencies,1152115026,Samayeye-Nduswe,2630200,Capital Grants to Government Agencies and other Levels of Government,exp,7000000,0,0,0,510,yes
fy-2026-27-development-book-volume-iii-1104-2111,1152,State Department for Energy,1152115000,Electrification in Constituencies,1152115027,Sensi Primary,2630200,Capital Grants to Government Agencies and other Levels of Government,exp,10000000,0,0,0,510,yes
fy-2026-27-development-book-volume-iii-1104-2111,1152,State Department for Energy,1152115000,Electrification in Constituencies,1152115028,Unyolo-Kowinga,2630200,Capital Grants to Government Agencies and other Levels of Government,exp,7000000,0,0,0,510,yes
fy-2026-27-development-book-volume-iii-1104-2111,1152,State Department for Energy,1152115000,Electrification in Constituencies,1152115029,Ematundu School for the Deaf,2630200,Capital Grants to Government Agencies and other Levels of Government,exp,5000000,0,0,0,510,yes
fy-2026-27-development-book-volume-iii-1104-2111,1152,State Department for Energy,1152115000,Electrification in Constituencies,1152115030,Emung'abo Primary,2630200,Capital Grants to Government Agencies and other Levels of Government,exp,5000000,0,0,0,510,yes
fy-2026-27-development-book-volume-iii-1104-2111,1152,State Department for Energy,1152115000,Electrification in Constituencies,1152115031,Emutsesa Healthcentre,2630200,Capital Grants to Government Agencies and other Levels of Government,exp,5000000,0,0,0,510,yes
fy-2026-27-development-book-volume-iii-1104-2111,1152,State Department for Energy,1152115000,Electrification in Constituencies,1152115032,Got Oyenga,2630200,Capital Grants to Government Agencies and other Levels of Government 2113,exp,10000000,0,0,0,510,yes
fy-2026-27-development-book-volume-iii-1104-2111,1152,State Department for Energy,1152115000,Electrification in Constituencies,1152115033,Jonyo,2630200,Capital Grants to Government Agencies and other Levels of Government,exp,10000000,0,0,0,511,yes
fy-2026-27-development-book-volume-iii-1104-2111,1152,State Department for Energy,1152115000,Electrification in Constituencies,1152115034,Kadenge,2630200,Capital Grants to Government Agencies and other Levels of Government,exp,10000000,0,0,0,511,yes
fy-2026-27-development-book-volume-iii-1104-2111,1152,State Department for Energy,1152115000,Electrification in Constituencies,1152115035,Kanyaboli,2630200,Capital Grants to Government Agencies and other Levels of Government,exp,10000000,0,0,0,511,yes
fy-2026-27-development-book-volume-iii-1104-2111,1152,State Department for Energy,1152115000,Electrification in Constituencies,1152115036,Kochogo Chiefs Camp,2630200,Capital Grants to Government Agencies and other Levels of Government,exp,10000000,0,0,0,511,yes
fy-2026-27-development-book-volume-iii-1104-2111,1152,State Department for Energy,1152115000,Electrification in Constituencies,1152115037,Kodete Chiefs Camp,2630200,Capital Grants to Government Agencies and other Levels of Government,exp,10000000,0,0,0,511,yes
fy-2026-27-development-book-volume-iii-1104-2111,1152,State Department for Energy,1152115000,Electrification in Constituencies,1152115038,Kogoha Market (High Mast),2630200,Capital Grants to Government Agencies and other Levels of Government,exp,5000000,0,0,0,511,yes
fy-2026-27-development-book-volume-iii-1104-2111,1152,State Department for Energy,1152115000,Electrification in Constituencies,1152115039,Komenya Kalaka,2630200,Capital Grants to Government Agencies and other Levels of Government,exp,10000000,0,0,0,511,yes
fy-2026-27-development-book-volume-iii-1104-2111,1152,State Department for Energy,1152115000,Electrification in Constituencies,1152115040,Kubar B,2630200,Capital Grants to Government Agencies and other Levels of Government,exp,10000000,0,0,0,511,yes
fy-2026-27-development-book-volume-iii-1104-2111,1152,State Department for Energy,1152115000,Electrification in Constituencies,1152115041,Luanda Umaje,2630200,Capital Grants to Government Agencies and other Levels of Government,exp,10000000,0,0,0,511,yes
fy-2026-27-development-book-volume-iii-1104-2111,1152,State Department for Energy,1152115000,Electrification in Constituencies,1152115042,Malanga A&B,2630200,Capital Grants to Government Agencies and other Levels of Government,exp,10000000,0,0,0,511,yes
fy-2026-27-development-book-volume-iii-1104-2111,1152,State Department for Energy,1152115000,Electrification in Constituencies,1152115043,Malele A,2630200,Capital Grants to Government Agencies and other Levels of Government,exp,10000000,0,0,0,512,yes
fy-2026-27-development-book-volume-iii-1104-2111,1152,State Department for Energy,1152115000,Electrification in Constituencies,1152115044,Muguowo,2630200,Capital Grants to Government Agencies and other Levels of Government,exp,10000000,0,0,0,512,yes
fy-2026-27-development-book-volume-iii-1104-2111,1152,State Department for Energy,1152115000,Electrification in Constituencies,1152115045,Munyanza Health Centre,2630200,Capital Grants to Government Agencies and other Levels of Government,exp,5000000,0,0,0,512,yes
fy-2026-27-development-book-volume-iii-1104-2111,1152,State Department for Energy,1152115000,Electrification in Constituencies,1152115046,Mur- Malanga Primary School Junction (High Mast),2630200,Capital Grants to Government Agencies and other Levels of Government,exp,5000000,0,0,0,512,yes
fy-2026-27-development-book-volume-iii-1104-2111,1152,State Department for Energy,1152115000,Electrification in Constituencies,1152115047,Nkurare Kwa Burukiti Transformer Tigania West,2630200,Capital Grants to Government Agencies and other Levels of Government,exp,11000000,0,0,0,512,yes
fy-2026-27-development-book-volume-iii-1104-2111,1152,State Department for Energy,1152115000,Electrification in Constituencies,1152115048,Nyagwela,2630200,Capital Grants to Government Agencies and other Levels of Government,exp,10000000,0,0,0,512,yes
fy-2026-27-development-book-volume-iii-1104-2111,1152,State Department for Energy,1152115000,Electrification in Constituencies,1152115049,Olasi Sisters Centre,2630200,Capital Grants to Government Agencies and other Levels of Government,exp,4000000,0,0,0,512,yes
fy-2026-27-development-book-volume-iii-1104-2111,1152,State Department for Energy,1152115000,Electrification in Constituencies,1152115050,Pap Kamboka,2630200,Capital Grants to Government Agencies and other Levels of Government,exp,10000000,0,0,0,512,yes
fy-2026-27-development-book-volume-iii-1104-2111,1152,State Department for Energy,1152115000,Electrification in Constituencies,1152115051,Pap Nyachiel,2630200,Capital Grants to Government Agencies and other Levels of Government,exp,10000000,0,0,0,512,yes
fy-2026-27-development-book-volume-iii-1104-2111,1152,State Department for Energy,1152115000,Electrification in Constituencies,1152115052,Sega Market (High Mast),2630200,Capital Grants to Government Agencies and other Levels of Government,exp,5000000,0,0,0,512,yes
fy-2026-27-development-book-volume-iii-1104-2111,1152,State Department for Energy,1152115000,Electrification in Constituencies,1152115053,Ugenya KMTC Trade Center (High Mast),2630200,Capital Grants to Government Agencies and other Levels of Government 2115,exp,5000000,0,0,0,512,yes
fy-2026-27-development-book-volume-iii-1104-2111,1152,State Department for Energy,1152115000,Electrification in Constituencies,1152115054,Urim,2630200,Capital Grants to Government Agencies and other Levels of Government,exp,10000000,0,0,0,513,yes
fy-2026-27-development-book-volume-iii-1104-2111,1152,State Department for Energy,1152115000,Electrification in Constituencies,1152115055,Kisima,2630200,Capital Grants to Government Agencies and other Levels of Government,exp,7000000,0,0,0,513,yes
fy-2026-27-development-book-volume-iii-1104-2111,1152,State Department for Energy,1152115000,Electrification in Constituencies,1152115056,"Lchingei,Lolkunono and Lesidai",2630200,Capital Grants to Government Agencies and other Levels of Government,exp,15000000,0,0,0,513,yes
fy-2026-27-development-book-volume-iii-1104-2111,1152,State Department for Energy,1152115000,Electrification in Constituencies,1152115057,Lorosoit,2630200,Capital Grants to Government Agencies and other Levels of Government,exp,7000000,0,0,0,513,yes
fy-2026-27-development-book-volume-iii-1104-2111,1152,State Department for Energy,1152115000,Electrification in Constituencies,1152115058,Lpartuk,2630200,Capital Grants to Government Agencies and other Levels of Government,exp,6000000,0,0,0,513,yes
fy-2026-27-development-book-volume-iii-1104-2111,1152,State Department for Energy,1152115000,Electrification in Constituencies,1152115059,Malaso,2630200,Capital Grants to Government Agencies and other Levels of Government,exp,10000000,0,0,0,513,yes
fy-2026-27-development-book-volume-iii-1104-2111,1152,State Department for Energy,1152115000,Electrification in Constituencies,1152115060,Migaa - Treasure - Gathigi - Ndimu,2630200,Capital Grants to Government Agencies and other Levels of Government,exp,100000000,0,0,0,513,yes
fy-2026-27-development-book-volume-iii-1104-2111,1152,State Department for Energy,1152115000,Electrification in Constituencies,1152115061,Mutaro,2630200,Capital Grants to Government Agencies and other Levels of Government,exp,5000000,0,0,0,513,yes
fy-2026-27-development-book-volume-iii-1104-2111,1152,State Department for Energy,1152115000,Electrification in Constituencies,1152115062,NkejuEmuny,2630200,Capital Grants to Government Agencies and other Levels of Government,exp,12000000,0,0,0,513,yes
fy-2026-27-development-book-volume-iii-1104-2111,1152,State Department for Energy,1152115000,Electrification in Constituencies,1152115063,Suguta Upper Hill,2630200,Capital Grants to Government Agencies and other Levels of Government,exp,7000000,0,0,0,513,yes
fy-2026-27-development-book-volume-iii-1104-2111,1152,State Department for Energy,1152115100,New REREC Regional Stores,1152115101,REREC Regional Stores,2630200,Capital Grants to Government Agencies and other Levels of Government,exp,40000000,0,0,110000000,514,yes
fy-2026-27-development-book-volume-iii-1104-2111,1152,State Department for Energy,1152115100,New REREC Regional Stores,1152115101,REREC Regional Stores,1140700,Receipts of Taxes on Goods and Services,aia,0,0,0,110000000,514,yes
fy-2026-27-development-book-volume-iii-1104-2111,1152,State Department for Energy,1152115200,Electrification in Slum Areas,1152115201,Electrification in Slum Areas,2630200,Capital Grants to Government Agencies and other Levels of Government,exp,500000000,1088000000,309000000,0,514,yes
fy-2026-27-development-book-volume-iii-1104-2111,1152,State Department for Energy,1152115300,Electrification of Public Facilities - IV,1152115303,Kijiji Mzee - High Mast,2630200,Capital Grants to Government Agencies and other Levels of Government,exp,5000000,0,0,0,514,yes
fy-2026-27-development-book-volume-iii-1104-2111,1152,State Department for Energy,1152115300,Electrification of Public Facilities - IV,1152115314,Dumi Electricity Project,2630200,Capital Grants to Government Agencies and other Levels of Government,exp,5000000,0,0,0,514,yes
fy-2026-27-development-book-volume-iii-1104-2111,1152,State Department for Energy,1152115300,Electrification of Public Facilities - IV,1152115315,Installation Of 18 High Masts in Machakos County,2630200,Capital Grants to Government Agencies and other Levels of Government,exp,85000000,0,0,0,514,yes
fy-2026-27-development-book-volume-iii-1104-2111,1152,State Department for Energy,1152115300,Electrification of Public Facilities - IV,1152115316,Isulu Market (High Mast),2630200,Capital Grants to Government Agencies and other Levels of Government,exp,5000000,0,0,0,514,yes
fy-2026-27-development-book-volume-iii-1104-2111,1152,State Department for Energy,1152115300,Electrification of Public Facilities - IV,1152115317,Kimenye Village Electrification,2630200,Capital Grants to Government Agencies and other Levels of Government,exp,5000000,0,0,0,514,yes
fy-2026-27-development-book-volume-iii-1104-2111,1152,State Department for Energy,1152115300,Electrification of Public Facilities - IV,1152115318,Malinya Market (High Mast),2630200,Capital Grants to Government Agencies and other Levels of Government,exp,5000000,0,0,0,515,yes
fy-2026-27-development-book-volume-iii-1104-2111,1152,State Department for Energy,1152115300,Electrification of Public Facilities - IV,1152115319,Manyala Village Electrification,2630200,Capital Grants to Government Agencies and other Levels of Government,exp,10000000,0,0,0,515,yes
fy-2026-27-development-book-volume-iii-1104-2111,1152,State Department for Energy,1152115300,Electrification of Public Facilities - IV,1152115320,Matharu scheme rural Electrification,2630200,Capital Grants to Government Agencies and other Levels of Government,exp,5000000,0,0,0,515,yes
fy-2026-27-development-book-volume-iii-1104-2111,1152,State Department for Energy,1152115300,Electrification of Public Facilities - IV,1152115321,Musoli Market (High Mast),2630200,Capital Grants to Government Agencies and other Levels of Government,exp,5000000,0,0,0,515,yes
fy-2026-27-development-book-volume-iii-1104-2111,1152,State Department for Energy,1152115300,Electrification of Public Facilities - IV,1152115322,Sinedet Village Electrification,2630200,Capital Grants to Government Agencies and other Levels of Government,exp,5000000,0,0,0,515,yes
fy-2026-27-development-book-volume-iii-1104-2111,1152,State Department for Energy,1152115300,Electrification of Public Facilities - IV,1152115323,Uhanya Village Electrification,2630200,Capital Grants to Government Agencies and other Levels of Government,exp,10000000,0,0,0,515,yes
fy-2026-27-development-book-volume-iii-1104-2111,1152,State Department for Energy,1152115300,Electrification of Public Facilities - IV,1152115324,Ulaani Electrification,2630200,Capital Grants to Government Agencies and other Levels of Government,exp,10000000,0,0,0,515,yes
fy-2026-27-development-book-volume-iii-1104-2111,1152,State Department for Energy,1152115300,Electrification of Public Facilities - IV,1152115325,Umala Village Electrification,2630200,Capital Grants to Government Agencies and other Levels of Government,exp,10000000,0,0,0,515,yes
fy-2026-27-development-book-volume-iii-1104-2111,1152,State Department for Energy,1152115300,Electrification of Public Facilities - IV,1152115326,Usingo Village Electrification,2630200,Capital Grants to Government Agencies and other Levels of Government,exp,10000000,0,0,0,515,yes
fy-2026-27-development-book-volume-iii-1104-2111,1152,State Department for Energy,1152115300,Electrification of Public Facilities - IV,1152115327,Alara Dago - High Mast,2630200,Capital Grants to Government Agencies and other Levels of Government,exp,5000000,0,0,0,515,yes
fy-2026-27-development-book-volume-iii-1104-2111,1152,State Department for Energy,1152115300,Electrification of Public Facilities - IV,1152115328,Sunrise Shopping Centre - High Mast,2630200,Capital Grants to Government Agencies and other Levels of Government 2118,exp,5000000,0,0,0,515,yes
fy-2026-27-development-book-volume-iii-1104-2111,1152,State Department for Energy,1152115300,Electrification of Public Facilities - IV,1152115329,Tilangok- Last Mile,2630200,Capital Grants to Government Agencies and other Levels of Government,exp,5000000,0,0,0,516,yes
fy-2026-27-development-book-volume-iii-1104-2111,1152,State Department for Energy,1152115300,Electrification of Public Facilities - IV,1152115330,Ulamba Centre - High Mast,2630200,Capital Grants to Government Agencies and other Levels of Government,exp,5000000,0,0,0,516,yes
fy-2026-27-development-book-volume-iii-1104-2111,1152,State Department for Energy,1152115300,Electrification of Public Facilities - IV,1152115331,Warable In Fafi Constituency - High Mast,2630200,Capital Grants to Government Agencies and other Levels of Government,exp,5000000,0,0,0,516,yes
fy-2026-27-development-book-volume-iii-1104-2111,1152,State Department for Energy,1152115400,Electrification of Public Facilities - (V),1152115401,Apilo Trading Centre - High Mast,2630200,Capital Grants to Government Agencies and other Levels of Government,exp,5000000,0,0,0,516,yes
fy-2026-27-development-book-volume-iii-1104-2111,1152,State Department for Energy,1152115400,Electrification of Public Facilities - (V),1152115402,Balambala Town - High Mast,2630200,Capital Grants to Government Agencies and other Levels of Government,exp,5000000,0,0,0,516,yes
fy-2026-27-development-book-volume-iii-1104-2111,1152,State Department for Energy,1152115400,Electrification of Public Facilities - (V),1152115403,Bananey - Langera Constituency High Mast,2630200,Capital Grants to Government Agencies and other Levels of Government,exp,5000000,0,0,0,516,yes
fy-2026-27-development-book-volume-iii-1104-2111,1152,State Department for Energy,1152115400,Electrification of Public Facilities - (V),1152115404,Bar Kalare Centre - High Mast,2630200,Capital Grants to Government Agencies and other Levels of Government,exp,5000000,0,0,0,516,yes
fy-2026-27-development-book-volume-iii-1104-2111,1152,State Department for Energy,1152115400,Electrification of Public Facilities - (V),1152115405,Bomani Township and Primary School - Last Mile,2630200,Capital Grants to Government Agencies and other Levels of Government,exp,5000000,0,0,0,516,yes
fy-2026-27-development-book-volume-iii-1104-2111,1152,State Department for Energy,1152115400,Electrification of Public Facilities - (V),1152115406,Bongu Beach - High Mast,2630200,Capital Grants to Government Agencies and other Levels of Government,exp,5000000,0,0,0,516,yes
fy-2026-27-development-book-volume-iii-1104-2111,1152,State Department for Energy,1152115400,Electrification of Public Facilities - (V),1152115407,Boreiywek And Koitagel - Last Mile,2630200,Capital Grants to Government Agencies and other Levels of Government,exp,5000000,0,0,0,517,yes
fy-2026-27-development-book-volume-iii-1104-2111,1152,State Department for Energy,1152115400,Electrification of Public Facilities - (V),1152115408,Btl Police Post-Gitothua Ward - High Mast,2630200,Capital Grants to Government Agencies and other Levels of Government,exp,5000000,0,0,0,517,yes
fy-2026-27-development-book-volume-iii-1104-2111,1152,State Department for Energy,1152115400,Electrification of Public Facilities - (V),1152115409,Busidibu Zion Church Market-High Mast,2630200,Capital Grants to Government Agencies and other Levels of Government,exp,5000000,0,0,0,517,yes
fy-2026-27-development-book-volume-iii-1104-2111,1152,State Department for Energy,1152115400,Electrification of Public Facilities - (V),1152115410,Chebungei Ecd And Tilyot Primary - Last Mile,2630200,Capital Grants to Government Agencies and other Levels of Government,exp,5000000,0,0,0,517,yes
fy-2026-27-development-book-volume-iii-1104-2111,1152,State Department for Energy,1152115400,Electrification of Public Facilities - (V),1152115411,Cheptech Market-High Mast,2630200,Capital Grants to Government Agencies and other Levels of Government,exp,5000000,0,0,0,517,yes
fy-2026-27-development-book-volume-iii-1104-2111,1152,State Department for Energy,1152115400,Electrification of Public Facilities - (V),1152115412,Chilumani A And B - Last Mile,2630200,Capital Grants to Government Agencies and other Levels of Government,exp,5000000,0,0,0,517,yes
fy-2026-27-development-book-volume-iii-1104-2111,1152,State Department for Energy,1152115400,Electrification of Public Facilities - (V),1152115413,Diiso Fafi Constituency-High Mast,2630200,Capital Grants to Government Agencies and other Levels of Government,exp,5000000,0,0,0,517,yes
fy-2026-27-development-book-volume-iii-1104-2111,1152,State Department for Energy,1152115400,Electrification of Public Facilities - (V),1152115414,Dkt. Nkura Area - Last Mile,2630200,Capital Grants to Government Agencies and other Levels of Government,exp,6000000,0,0,0,517,yes
fy-2026-27-development-book-volume-iii-1104-2111,1152,State Department for Energy,1152115400,Electrification of Public Facilities - (V),1152115415,Dulienge Market - Lupida Sublocation - High Mast,2630200,Capital Grants to Government Agencies and other Levels of Government,exp,5000000,0,0,0,517,yes
fy-2026-27-development-book-volume-iii-1104-2111,1152,State Department for Energy,1152115400,Electrification of Public Facilities - (V),1152115416,Eberege Town - High Mast,2630200,Capital Grants to Government Agencies and other Levels of Government,exp,5000000,0,0,0,517,yes
fy-2026-27-development-book-volume-iii-1104-2111,1152,State Department for Energy,1152115400,Electrification of Public Facilities - (V),1152115417,Galmagala-High Mast,2630200,Capital Grants to Government Agencies and other Levels of Government 2120,exp,5000000,0,0,0,517,yes
fy-2026-27-development-book-volume-iii-1104-2111,1152,State Department for Energy,1152115400,Electrification of Public Facilities - (V),1152115418,Gandini Village and Primary School Households,2630200,Capital Grants to Government Agencies and other Levels of Government,exp,5000000,0,0,0,518,yes
fy-2026-27-development-book-volume-iii-1104-2111,1152,State Department for Energy,1152115400,Electrification of Public Facilities - (V),1152115419,Gikumari Chiefs Office-Gatongora Ward - High Mast,2630200,Capital Grants to Government Agencies and other Levels of Government,exp,5000000,0,0,0,518,yes
fy-2026-27-development-book-volume-iii-1104-2111,1152,State Department for Energy,1152115400,Electrification of Public Facilities - (V),1152115420,Gitothua Police Post-Gitothua - High Mast,2630200,Capital Grants to Government Agencies and other Levels of Government,exp,5000000,0,0,0,518,yes
fy-2026-27-development-book-volume-iii-1104-2111,1152,State Department for Energy,1152115400,Electrification of Public Facilities - (V),1152115421,Hududumow-High Mast,2630200,Capital Grants to Government Agencies and other Levels of Government,exp,5000000,0,0,0,518,yes
fy-2026-27-development-book-volume-iii-1104-2111,1152,State Department for Energy,1152115400,Electrification of Public Facilities - (V),1152115422,Imara Daima Estate - High Mast,2630200,Capital Grants to Government Agencies and other Levels of Government,exp,5000000,0,0,0,518,yes
fy-2026-27-development-book-volume-iii-1104-2111,1152,State Department for Energy,1152115400,Electrification of Public Facilities - (V),1152115423,Jepkoyai Market-High Mast,2630200,Capital Grants to Government Agencies and other Levels of Government,exp,5000000,0,0,0,518,yes
fy-2026-27-development-book-volume-iii-1104-2111,1152,State Department for Energy,1152115400,Electrification of Public Facilities - (V),1152115424,Kaapedo - High Mast,2630200,Capital Grants to Government Agencies and other Levels of Government,exp,5000000,0,0,0,518,yes
fy-2026-27-development-book-volume-iii-1104-2111,1152,State Department for Energy,1152115400,Electrification of Public Facilities - (V),1152115425,Kachoda Centre - High Mast,2630200,Capital Grants to Government Agencies and other Levels of Government,exp,5000000,0,0,0,518,yes
fy-2026-27-development-book-volume-iii-1104-2111,1152,State Department for Energy,1152115400,Electrification of Public Facilities - (V),1152115426,Kamenwo Sagenya And Transformer Village - Last Mile,2630200,Capital Grants to Government Agencies and other Levels of Government,exp,5000000,0,0,0,518,yes
fy-2026-27-development-book-volume-iii-1104-2111,1152,State Department for Energy,1152115400,Electrification of Public Facilities - (V),1152115427,Kamiu Market - High Mast,2630200,Capital Grants to Government Agencies and other Levels of Government,exp,5000000,0,0,0,518,yes
fy-2026-27-development-book-volume-iii-1104-2111,1152,State Department for Energy,1152115400,Electrification of Public Facilities - (V),1152115428,Kamusanga- Kiptenden - Last Mile,2630200,Capital Grants to Government Agencies and other Levels of Government,exp,5000000,0,0,0,519,yes
fy-2026-27-development-book-volume-iii-1104-2111,1152,State Department for Energy,1152115400,Electrification of Public Facilities - (V),1152115429,Kapua - High Mast,2630200,Capital Grants to Government Agencies and other Levels of Government,exp,5000000,0,0,0,519,yes
fy-2026-27-development-book-volume-iii-1104-2111,1152,State Department for Energy,1152115400,Electrification of Public Facilities - (V),1152115430,Kaputir Centre - High Mast,2630200,Capital Grants to Government Agencies and other Levels of Government,exp,5000000,0,0,0,519,yes
fy-2026-27-development-book-volume-iii-1104-2111,1152,State Department for Energy,1152115400,Electrification of Public Facilities - (V),1152115431,Kataboi Centre-High Mast,2630200,Capital Grants to Government Agencies and other Levels of Government,exp,5000000,0,0,0,519,yes
fy-2026-27-development-book-volume-iii-1104-2111,1152,State Department for Energy,1152115400,Electrification of Public Facilities - (V),1152115432,Kavalyani Centre- High Mast,2630200,Capital Grants to Government Agencies and other Levels of Government,exp,5000000,0,0,0,519,yes
fy-2026-27-development-book-volume-iii-1104-2111,1152,State Department for Energy,1152115400,Electrification of Public Facilities - (V),1152115433,Keberesi Village Last Mile,2630200,Capital Grants to Government Agencies and other Levels of Government,exp,5000000,0,0,0,519,yes
fy-2026-27-development-book-volume-iii-1104-2111,1152,State Department for Energy,1152115400,Electrification of Public Facilities - (V),1152115434,Kenyenya Town - High Mast,2630200,Capital Grants to Government Agencies and other Levels of Government,exp,5000000,0,0,0,519,yes
fy-2026-27-development-book-volume-iii-1104-2111,1152,State Department for Energy,1152115400,Electrification of Public Facilities - (V),1152115435,Khwirale B Market- Nambale Township - High Mast,2630200,Capital Grants to Government Agencies and other Levels of Government,exp,5000000,0,0,0,519,yes
fy-2026-27-development-book-volume-iii-1104-2111,1152,State Department for Energy,1152115400,Electrification of Public Facilities - (V),1152115437,Kimutyi - Cheborian - Last Mile,2630200,Capital Grants to Government Agencies and other Levels of Government,exp,5000000,0,0,0,519,yes
fy-2026-27-development-book-volume-iii-1104-2111,1152,State Department for Energy,1152115400,Electrification of Public Facilities - (V),1152115438,Kisiet Katet - Last Mile,2630200,Capital Grants to Government Agencies and other Levels of Government,exp,5000000,0,0,0,519,yes
fy-2026-27-development-book-volume-iii-1104-2111,1152,State Department for Energy,1152115400,Electrification of Public Facilities - (V),1152115439,Kiuu Chiefs Office-Kiu Ward - High Mast,2630200,Capital Grants to Government Agencies and other Levels of Government 2122,exp,5000000,0,0,0,519,yes
fy-2026-27-development-book-volume-iii-1104-2111,1152,State Department for Energy,1152115400,Electrification of Public Facilities - (V),1152115440,Kogema - High Mast,2630200,Capital Grants to Government Agencies and other Levels of Government,exp,5000000,0,0,0,520,yes
fy-2026-27-development-book-volume-iii-1104-2111,1152,State Department for Energy,1152115400,Electrification of Public Facilities - (V),1152115441,Kokore - High Mast,2630200,Capital Grants to Government Agencies and other Levels of Government,exp,5000000,0,0,0,520,yes
fy-2026-27-development-book-volume-iii-1104-2111,1152,State Department for Energy,1152115400,Electrification of Public Facilities - (V),1152115442,Kosele Market-High Mast,2630200,Capital Grants to Government Agencies and other Levels of Government,exp,5000000,0,0,0,520,yes
fy-2026-27-development-book-volume-iii-1104-2111,1152,State Department for Energy,1152115400,Electrification of Public Facilities - (V),1152115443,Koyier - High Mast,2630200,Capital Grants to Government Agencies and other Levels of Government,exp,5000000,0,0,0,520,yes
fy-2026-27-development-book-volume-iii-1104-2111,1152,State Department for Energy,1152115400,Electrification of Public Facilities - (V),1152115444,Kware Stadium - High Mast,2630200,Capital Grants to Government Agencies and other Levels of Government,exp,5000000,0,0,0,520,yes
fy-2026-27-development-book-volume-iii-1104-2111,1152,State Department for Energy,1152115400,Electrification of Public Facilities - (V),1152115445,Lopur In Katilu - High Mast,2630200,Capital Grants to Government Agencies and other Levels of Government,exp,5000000,0,0,0,520,yes
fy-2026-27-development-book-volume-iii-1104-2111,1152,State Department for Energy,1152115400,Electrification of Public Facilities - (V),1152115446,Lopur In Lopur Ward - High Mast,2630200,Capital Grants to Government Agencies and other Levels of Government,exp,5000000,0,0,0,520,yes
fy-2026-27-development-book-volume-iii-1104-2111,1152,State Department for Energy,1152115400,Electrification of Public Facilities - (V),1152115447,Lugiri Market - Musokoto Sublocation - High Mast,2630200,Capital Grants to Government Agencies and other Levels of Government,exp,5000000,0,0,0,520,yes
fy-2026-27-development-book-volume-iii-1104-2111,1152,State Department for Energy,1152115400,Electrification of Public Facilities - (V),1152115448,Lugumek East and Chemolul - Last Mile,2630200,Capital Grants to Government Agencies and other Levels of Government,exp,5000000,0,0,0,520,yes
fy-2026-27-development-book-volume-iii-1104-2111,1152,State Department for Energy,1152115400,Electrification of Public Facilities - (V),1152115449,Lwanikha Market-High Mast,2630200,Capital Grants to Government Agencies and other Levels of Government,exp,5000000,0,0,0,520,yes
fy-2026-27-development-book-volume-iii-1104-2111,1152,State Department for Energy,1152115400,Electrification of Public Facilities - (V),1152115450,Magena Iii-High Mast,2630200,Capital Grants to Government Agencies and other Levels of Government,exp,5000000,0,0,0,521,yes
fy-2026-27-development-book-volume-iii-1104-2111,1152,State Department for Energy,1152115400,Electrification of Public Facilities - (V),1152115451,Majimbo Shopping Centre - High Mast,2630200,Capital Grants to Government Agencies and other Levels of Government,exp,5000000,0,0,0,521,yes
fy-2026-27-development-book-volume-iii-1104-2111,1152,State Department for Energy,1152115400,Electrification of Public Facilities - (V),1152115452,Makadara Constituency - High Mast,2630200,Capital Grants to Government Agencies and other Levels of Government,exp,30000000,0,0,0,521,yes
fy-2026-27-development-book-volume-iii-1104-2111,1152,State Department for Energy,1152115400,Electrification of Public Facilities - (V),1152115453,Malambisia Market- Madibo Sublocation - High Mast,2630200,Capital Grants to Government Agencies and other Levels of Government,exp,5000000,0,0,0,521,yes
fy-2026-27-development-book-volume-iii-1104-2111,1152,State Department for Energy,1152115400,Electrification of Public Facilities - (V),1152115454,Malanga Dispensary - High Mast,2630200,Capital Grants to Government Agencies and other Levels of Government,exp,5000000,0,0,0,521,yes
fy-2026-27-development-book-volume-iii-1104-2111,1152,State Department for Energy,1152115400,Electrification of Public Facilities - (V),1152115455,Mautini Centre- High Mast,2630200,Capital Grants to Government Agencies and other Levels of Government,exp,5000000,0,0,0,521,yes
fy-2026-27-development-book-volume-iii-1104-2111,1152,State Department for Energy,1152115400,Electrification of Public Facilities - (V),1152115456,Mbuluni Township and Primary School - Last Mile,2630200,Capital Grants to Government Agencies and other Levels of Government,exp,5000000,0,0,0,521,yes
fy-2026-27-development-book-volume-iii-1104-2111,1152,State Department for Energy,1152115400,Electrification of Public Facilities - (V),1152115457,Mca Sonko Area - Last Mile,2630200,Capital Grants to Government Agencies and other Levels of Government,exp,6000000,0,0,0,521,yes
fy-2026-27-development-book-volume-iii-1104-2111,1152,State Department for Energy,1152115400,Electrification of Public Facilities - (V),1152115458,Metembe Village Last Mile,2630200,Capital Grants to Government Agencies and other Levels of Government,exp,5000000,0,0,0,521,yes
fy-2026-27-development-book-volume-iii-1104-2111,1152,State Department for Energy,1152115400,Electrification of Public Facilities - (V),1152115459,Mkangombe Village - Last Mile,2630200,Capital Grants to Government Agencies and other Levels of Government,exp,5000000,0,0,0,521,yes
fy-2026-27-development-book-volume-iii-1104-2111,1152,State Department for Energy,1152115400,Electrification of Public Facilities - (V),1152115460,Mogonga Town - High Mast,2630200,Capital Grants to Government Agencies and other Levels of Government 2124,exp,5000000,0,0,0,521,yes
fy-2026-27-development-book-volume-iii-1104-2111,1152,State Department for Energy,1152115400,Electrification of Public Facilities - (V),1152115461,Muhuru Border Point - High Mast,2630200,Capital Grants to Government Agencies and other Levels of Government,exp,5000000,0,0,0,522,yes
fy-2026-27-development-book-volume-iii-1104-2111,1152,State Department for Energy,1152115400,Electrification of Public Facilities - (V),1152115462,Muimara Estate - High Mast,2630200,Capital Grants to Government Agencies and other Levels of Government,exp,5000000,0,0,0,522,yes
fy-2026-27-development-book-volume-iii-1104-2111,1152,State Department for Energy,1152115400,Electrification of Public Facilities - (V),1152115463,Munzasi Market-High Mast,2630200,Capital Grants to Government Agencies and other Levels of Government,exp,5000000,0,0,0,522,yes
fy-2026-27-development-book-volume-iii-1104-2111,1152,State Department for Energy,1152115400,Electrification of Public Facilities - (V),1152115464,Musunji Market-High Mast,2630200,Capital Grants to Government Agencies and other Levels of Government,exp,5000000,0,0,0,522,yes
fy-2026-27-development-book-volume-iii-1104-2111,1152,State Department for Energy,1152115400,Electrification of Public Facilities - (V),1152115465,Muthi Market- High Mast,2630200,Capital Grants to Government Agencies and other Levels of Government,exp,5000000,0,0,0,522,yes
fy-2026-27-development-book-volume-iii-1104-2111,1152,State Department for Energy,1152115400,Electrification of Public Facilities - (V),1152115466,Mutiso Zone - High Mast,2630200,Capital Grants to Government Agencies and other Levels of Government,exp,5000000,0,0,0,522,yes
fy-2026-27-development-book-volume-iii-1104-2111,1152,State Department for Energy,1152115400,Electrification of Public Facilities - (V),1152115467,Mwembe Market - High Mast,2630200,Capital Grants to Government Agencies and other Levels of Government,exp,5000000,0,0,0,522,yes
fy-2026-27-development-book-volume-iii-1104-2111,1152,State Department for Energy,1152115400,Electrification of Public Facilities - (V),1152115468,Mwiki Chief Office-Mwiki Ward - High Mast,2630200,Capital Grants to Government Agencies and other Levels of Government,exp,5000000,0,0,0,522,yes
fy-2026-27-development-book-volume-iii-1104-2111,1152,State Department for Energy,1152115400,Electrification of Public Facilities - (V),1152115469,Namisi Market- Sidende Sublocation - High Mast,2630200,Capital Grants to Government Agencies and other Levels of Government,exp,5000000,0,0,0,522,yes
fy-2026-27-development-book-volume-iii-1104-2111,1152,State Department for Energy,1152115400,Electrification of Public Facilities - (V),1152115470,Namukuse - High Mast,2630200,Capital Grants to Government Agencies and other Levels of Government,exp,5000000,0,0,0,522,yes
fy-2026-27-development-book-volume-iii-1104-2111,1152,State Department for Energy,1152115400,Electrification of Public Facilities - (V),1152115471,Nango Gonda Donde - High Mast,2630200,Capital Grants to Government Agencies and other Levels of Government,exp,5000000,0,0,0,523,yes
fy-2026-27-development-book-volume-iii-1104-2111,1152,State Department for Energy,1152115400,Electrification of Public Facilities - (V),1152115472,Ndavaya Village - Last Mile,2630200,Capital Grants to Government Agencies and other Levels of Government,exp,5000000,0,0,0,523,yes
fy-2026-27-development-book-volume-iii-1104-2111,1152,State Department for Energy,1152115400,Electrification of Public Facilities - (V),1152115473,Ndere Health Centre - High Mast,2630200,Capital Grants to Government Agencies and other Levels of Government,exp,5000000,0,0,0,523,yes
fy-2026-27-development-book-volume-iii-1104-2111,1152,State Department for Energy,1152115400,Electrification of Public Facilities - (V),1152115474,Ndiwa Trading Centre - High Mast,2630200,Capital Grants to Government Agencies and other Levels of Government,exp,5000000,0,0,0,523,yes
fy-2026-27-development-book-volume-iii-1104-2111,1152,State Department for Energy,1152115400,Electrification of Public Facilities - (V),1152115475,Nkonop Ecd And Chepngaina - Last Mile,2630200,Capital Grants to Government Agencies and other Levels of Government,exp,5000000,0,0,0,523,yes
fy-2026-27-development-book-volume-iii-1104-2111,1152,State Department for Energy,1152115400,Electrification of Public Facilities - (V),1152115476,Nyabeda Centre - High Mast,2630200,Capital Grants to Government Agencies and other Levels of Government,exp,5000000,0,0,0,523,yes
fy-2026-27-development-book-volume-iii-1104-2111,1152,State Department for Energy,1152115400,Electrification of Public Facilities - (V),1152115477,Nyabitunwa Market-High Mast,2630200,Capital Grants to Government Agencies and other Levels of Government,exp,5000000,0,0,0,523,yes
fy-2026-27-development-book-volume-iii-1104-2111,1152,State Department for Energy,1152115400,Electrification of Public Facilities - (V),1152115478,Nyagancha Town - High Mast,2630200,Capital Grants to Government Agencies and other Levels of Government,exp,5000000,0,0,0,523,yes
fy-2026-27-development-book-volume-iii-1104-2111,1152,State Department for Energy,1152115400,Electrification of Public Facilities - (V),1152115479,Nyamiobo Village Last Mile,2630200,Capital Grants to Government Agencies and other Levels of Government,exp,6000000,0,0,0,523,yes
fy-2026-27-development-book-volume-iii-1104-2111,1152,State Department for Energy,1152115400,Electrification of Public Facilities - (V),1152115480,Okenge Trading Centre-High Mast,2630200,Capital Grants to Government Agencies and other Levels of Government,exp,5000000,0,0,0,523,yes
fy-2026-27-development-book-volume-iii-1104-2111,1152,State Department for Energy,1152115400,Electrification of Public Facilities - (V),1152115481,Ole Sayaya Area - Last Mile,2630200,Capital Grants to Government Agencies and other Levels of Government 2126,exp,6000000,0,0,0,523,yes
fy-2026-27-development-book-volume-iii-1104-2111,1152,State Department for Energy,1152115400,Electrification of Public Facilities - (V),1152115482,Olendo Market - High Mast,2630200,Capital Grants to Government Agencies and other Levels of Government,exp,5000000,0,0,0,524,yes
fy-2026-27-development-book-volume-iii-1104-2111,1152,State Department for Energy,1152115400,Electrification of Public Facilities - (V),1152115483,Oletukat Ntari Area - Last Mile,2630200,Capital Grants to Government Agencies and other Levels of Government,exp,6000000,0,0,0,524,yes
fy-2026-27-development-book-volume-iii-1104-2111,1152,State Department for Energy,1152115400,Electrification of Public Facilities - (V),1152115484,Ombasa - High Mast,2630200,Capital Grants to Government Agencies and other Levels of Government,exp,5000000,0,0,0,524,yes
fy-2026-27-development-book-volume-iii-1104-2111,1152,State Department for Energy,1152115400,Electrification of Public Facilities - (V),1152115485,Osiri Junction - High Mast,2630200,Capital Grants to Government Agencies and other Levels of Government,exp,5000000,0,0,0,524,yes
fy-2026-27-development-book-volume-iii-1104-2111,1152,State Department for Energy,1152115400,Electrification of Public Facilities - (V),1152115486,"Pipeline Estate, Corner-High Mast",2630200,Capital Grants to Government Agencies and other Levels of Government,exp,5000000,0,0,0,524,yes
fy-2026-27-development-book-volume-iii-1104-2111,1152,State Department for Energy,1152115400,Electrification of Public Facilities - (V),1152115487,Pipeline Primary School - High Mast,2630200,Capital Grants to Government Agencies and other Levels of Government,exp,5000000,0,0,0,524,yes
fy-2026-27-development-book-volume-iii-1104-2111,1152,State Department for Energy,1152115400,Electrification of Public Facilities - (V),1152115488,Riat Market Homabay-High Mast,2630200,Capital Grants to Government Agencies and other Levels of Government,exp,5000000,0,0,0,524,yes
fy-2026-27-development-book-volume-iii-1104-2111,1152,State Department for Energy,1152115400,Electrification of Public Facilities - (V),1152115489,Riat Trading Centre - High Mast,2630200,Capital Grants to Government Agencies and other Levels of Government,exp,5000000,0,0,0,524,yes
fy-2026-27-development-book-volume-iii-1104-2111,1152,State Department for Energy,1152115400,Electrification of Public Facilities - (V),1152115490,Riokindo Town - High Mast,2630200,Capital Grants to Government Agencies and other Levels of Government,exp,5000000,0,0,0,524,yes
fy-2026-27-development-book-volume-iii-1104-2111,1152,State Department for Energy,1152115400,Electrification of Public Facilities - (V),1152115491,Ruiru Juakali-Biashara - High Mast,2630200,Capital Grants to Government Agencies and other Levels of Government,exp,5000000,0,0,0,524,yes
fy-2026-27-development-book-volume-iii-1104-2111,1152,State Department for Energy,1152115400,Electrification of Public Facilities - (V),1152115492,Ruiru Level 4 Hospital-High Mast,2630200,Capital Grants to Government Agencies and other Levels of Government,exp,5000000,0,0,0,525,yes
fy-2026-27-development-book-volume-iii-1104-2111,1152,State Department for Energy,1152115400,Electrification of Public Facilities - (V),1152115493,Shamalago Market -High Mast,2630200,Capital Grants to Government Agencies and other Levels of Government,exp,5000000,0,0,0,525,yes
fy-2026-27-development-book-volume-iii-1104-2111,1152,State Department for Energy,1152115400,Electrification of Public Facilities - (V),1152115494,Sibale Centre- High Mast,2630200,Capital Grants to Government Agencies and other Levels of Government,exp,5000000,0,0,0,525,yes
fy-2026-27-development-book-volume-iii-1104-2111,1152,State Department for Energy,1152115400,Electrification of Public Facilities - (V),1152115495,Sigor Surrounding - Last Mile,2630200,Capital Grants to Government Agencies and other Levels of Government,exp,5000000,0,0,0,525,yes
fy-2026-27-development-book-volume-iii-1104-2111,1152,State Department for Energy,1152115400,Electrification of Public Facilities - (V),1152115496,Sirembe Market-High Mast,2630200,Capital Grants to Government Agencies and other Levels of Government,exp,5000000,0,0,0,525,yes
fy-2026-27-development-book-volume-iii-1104-2111,1152,State Department for Energy,1152115400,Electrification of Public Facilities - (V),1152115497,Siroriondo Primary and Lalwat - Last Mile,2630200,Capital Grants to Government Agencies and other Levels of Government,exp,5000000,0,0,0,525,yes
fy-2026-27-development-book-volume-iii-1104-2111,1152,State Department for Energy,1152115400,Electrification of Public Facilities - (V),1152115498,Sudi Chief's Camp - High Mast,2630200,Capital Grants to Government Agencies and other Levels of Government,exp,5000000,0,0,0,525,yes
fy-2026-27-development-book-volume-iii-1104-2111,1152,State Department for Energy,1152115400,Electrification of Public Facilities - (V),1152115499,Sunrise Estate Imara-High Mast,2630200,Capital Grants to Government Agencies and other Levels of Government,exp,5000000,0,0,0,525,yes
fy-2026-27-development-book-volume-iii-1104-2111,1152,State Department for Energy,1152115500,Installation of Transformers in Constituencies II,1152115505,Magui Village,2630200,Capital Grants to Government Agencies and other Levels of Government,exp,5000000,0,0,0,525,yes
fy-2026-27-development-book-volume-iii-1104-2111,1152,State Department for Energy,1152115500,Installation of Transformers in Constituencies II,1152115506,Chelesil Village,2630200,Capital Grants to Government Agencies and other Levels of Government 2128,exp,5000000,0,0,0,525,yes
fy-2026-27-development-book-volume-iii-1104-2111,1152,State Department for Energy,1152115500,Installation of Transformers in Constituencies II,1152115507,Nkumbo Market,2630200,Capital Grants to Government Agencies and other Levels of Government,exp,5000000,0,0,0,526,yes
fy-2026-27-development-book-volume-iii-1104-2111,1152,State Department for Energy,1152115500,Installation of Transformers in Constituencies II,1152115508,Nkitari Market,2630200,Capital Grants to Government Agencies and other Levels of Government,exp,5000000,0,0,0,526,yes
fy-2026-27-development-book-volume-iii-1104-2111,1152,State Department for Energy,1152115500,Installation of Transformers in Constituencies II,1152115509,Ogwedhi Alara,2630200,Capital Grants to Government Agencies and other Levels of Government,exp,5000000,0,0,0,526,yes
fy-2026-27-development-book-volume-iii-1104-2111,1152,State Department for Energy,1152115500,Installation of Transformers in Constituencies II,1152115510,Mapera Got Ogengo,2630200,Capital Grants to Government Agencies and other Levels of Government,exp,5000000,0,0,0,526,yes
fy-2026-27-development-book-volume-iii-1104-2111,1152,State Department for Energy,1152115500,Installation of Transformers in Constituencies II,1152115511,Oluti Village,2630200,Capital Grants to Government Agencies and other Levels of Government,exp,5000000,0,0,0,526,yes
fy-2026-27-development-book-volume-iii-1104-2111,1152,State Department for Energy,1152115500,Installation of Transformers in Constituencies II,1152115512,Onyalo Ka Aketch,2630200,Capital Grants to Government Agencies and other Levels of Government,exp,5000000,0,0,0,526,yes
fy-2026-27-development-book-volume-iii-1104-2111,1152,State Department for Energy,1152115500,Installation of Transformers in Constituencies II,1152115513,Bigege,2630200,Capital Grants to Government Agencies and other Levels of Government,exp,5000000,0,0,0,526,yes
fy-2026-27-development-book-volume-iii-1104-2111,1152,State Department for Energy,1152115500,Installation of Transformers in Constituencies II,1152115514,Nyankaanda,2630200,Capital Grants to Government Agencies and other Levels of Government,exp,5000000,0,0,0,526,yes
fy-2026-27-development-book-volume-iii-1104-2111,1152,State Department for Energy,1152115500,Installation of Transformers in Constituencies II,1152115515,Ntumburi Tm,2630200,Capital Grants to Government Agencies and other Levels of Government,exp,5000000,0,0,0,526,yes
fy-2026-27-development-book-volume-iii-1104-2111,1152,State Department for Energy,1152115500,Installation of Transformers in Constituencies II,1152115516,Maturu Tea Factory,2630200,Capital Grants to Government Agencies and other Levels of Government,exp,5000000,0,0,0,526,yes
fy-2026-27-development-book-volume-iii-1104-2111,1152,State Department for Energy,1152115500,Installation of Transformers in Constituencies II,1152115517,Morobi Pri,2630200,Capital Grants to Government Agencies and other Levels of Government,exp,5000000,0,0,0,527,yes
fy-2026-27-development-book-volume-iii-1104-2111,1152,State Department for Energy,1152115500,Installation of Transformers in Constituencies II,1152115518,Chemalul Pri,2630200,Capital Grants to Government Agencies and other Levels of Government,exp,5000000,0,0,0,527,yes
fy-2026-27-development-book-volume-iii-1104-2111,1152,State Department for Energy,1152115500,Installation of Transformers in Constituencies II,1152115519,Sach Oran,2630200,Capital Grants to Government Agencies and other Levels of Government,exp,3000000,0,0,0,527,yes
fy-2026-27-development-book-volume-iii-1104-2111,1152,State Department for Energy,1152115500,Installation of Transformers in Constituencies II,1152115520,Kamara Trading Ctr,2630200,Capital Grants to Government Agencies and other Levels of Government,exp,3000000,0,0,0,527,yes
fy-2026-27-development-book-volume-iii-1104-2111,1152,State Department for Energy,1152115500,Installation of Transformers in Constituencies II,1152115521,Mengit Village,2630200,Capital Grants to Government Agencies and other Levels of Government,exp,5000000,0,0,0,527,yes
fy-2026-27-development-book-volume-iii-1104-2111,1152,State Department for Energy,1152115500,Installation of Transformers in Constituencies II,1152115522,Bumula,2630200,Capital Grants to Government Agencies and other Levels of Government,exp,3000000,0,0,0,527,yes
fy-2026-27-development-book-volume-iii-1104-2111,1152,State Department for Energy,1152115500,Installation of Transformers in Constituencies II,1152115523,Kiboi Centre,2630200,Capital Grants to Government Agencies and other Levels of Government,exp,3000000,0,0,0,527,yes
fy-2026-27-development-book-volume-iii-1104-2111,1152,State Department for Energy,1152115500,Installation of Transformers in Constituencies II,1152115524,Chestila Centre,2630200,Capital Grants to Government Agencies and other Levels of Government,exp,3000000,0,0,0,527,yes
fy-2026-27-development-book-volume-iii-1104-2111,1152,State Department for Energy,1152115500,Installation of Transformers in Constituencies II,1152115525,Leaky Primary,2630200,Capital Grants to Government Agencies and other Levels of Government,exp,5000000,0,0,0,527,yes
fy-2026-27-development-book-volume-iii-1104-2111,1152,State Department for Energy,1152115500,Installation of Transformers in Constituencies II,1152115526,Mamba Secondary,2630200,Capital Grants to Government Agencies and other Levels of Government,exp,5000000,0,0,0,527,yes
fy-2026-27-development-book-volume-iii-1104-2111,1152,State Department for Energy,1152115500,Installation of Transformers in Constituencies II,1152115527,Muisinga,2630200,Capital Grants to Government Agencies and other Levels of Government 2130,exp,5000000,0,0,0,527,yes
fy-2026-27-development-book-volume-iii-1104-2111,1152,State Department for Energy,1152115500,Installation of Transformers in Constituencies II,1152115528,Esilulo,2630200,Capital Grants to Government Agencies and other Levels of Government,exp,5000000,0,0,0,528,yes
fy-2026-27-development-book-volume-iii-1104-2111,1152,State Department for Energy,1152115500,Installation of Transformers in Constituencies II,1152115529,Kagogo Road,2630200,Capital Grants to Government Agencies and other Levels of Government,exp,5000000,0,0,0,528,yes
fy-2026-27-development-book-volume-iii-1104-2111,1152,State Department for Energy,1152115500,Installation of Transformers in Constituencies II,1152115530,Muthoro Road,2630200,Capital Grants to Government Agencies and other Levels of Government,exp,5000000,0,0,0,528,yes
fy-2026-27-development-book-volume-iii-1104-2111,1152,State Department for Energy,1152115500,Installation of Transformers in Constituencies II,1152115531,Gachie Shopping Centre,2630200,Capital Grants to Government Agencies and other Levels of Government,exp,5000000,0,0,0,528,yes
fy-2026-27-development-book-volume-iii-1104-2111,1152,State Department for Energy,1152115500,Installation of Transformers in Constituencies II,1152115532,Gatuitara Shopping Centre,2630200,Capital Grants to Government Agencies and other Levels of Government,exp,5000000,0,0,0,528,yes
fy-2026-27-development-book-volume-iii-1104-2111,1152,State Department for Energy,1152115500,Installation of Transformers in Constituencies II,1152115533,Turbo - Rec2714424-25022,2630200,Capital Grants to Government Agencies and other Levels of Government,exp,5000000,0,0,0,528,yes
fy-2026-27-development-book-volume-iii-1104-2111,1152,State Department for Energy,1152115500,Installation of Transformers in Constituencies II,1152115534,Kalnanin - 2714424-25017,2630200,Capital Grants to Government Agencies and other Levels of Government,exp,5000000,0,0,0,528,yes
fy-2026-27-development-book-volume-iii-1104-2111,1152,State Department for Energy,1152115500,Installation of Transformers in Constituencies II,1152115535,Kapno Primary,2630200,Capital Grants to Government Agencies and other Levels of Government,exp,5000000,0,0,0,528,yes
fy-2026-27-development-book-volume-iii-1104-2111,1152,State Department for Energy,1152115500,Installation of Transformers in Constituencies II,1152115536,Kapkures Tea Buying Centre,2630200,Capital Grants to Government Agencies and other Levels of Government,exp,5000000,0,0,0,528,yes
fy-2026-27-development-book-volume-iii-1104-2111,1152,State Department for Energy,1152115500,Installation of Transformers in Constituencies II,1152115537,Kingeero,2630200,Capital Grants to Government Agencies and other Levels of Government,exp,5000000,0,0,0,528,yes
fy-2026-27-development-book-volume-iii-1104-2111,1152,State Department for Energy,1152115500,Installation of Transformers in Constituencies II,1152115538,Kanyariri Rukubi,2630200,Capital Grants to Government Agencies and other Levels of Government,exp,5000000,0,0,0,529,yes
fy-2026-27-development-book-volume-iii-1104-2111,1152,State Department for Energy,1152115500,Installation of Transformers in Constituencies II,1152115539,Muguga Kahuho,2630200,Capital Grants to Government Agencies and other Levels of Government,exp,5000000,0,0,0,529,yes
fy-2026-27-development-book-volume-iii-1104-2111,1152,State Department for Energy,1152115500,Installation of Transformers in Constituencies II,1152115540,Chemoibon,2630200,Capital Grants to Government Agencies and other Levels of Government,exp,5000000,0,0,0,529,yes
fy-2026-27-development-book-volume-iii-1104-2111,1152,State Department for Energy,1152115500,Installation of Transformers in Constituencies II,1152115541,Kamuram,2630200,Capital Grants to Government Agencies and other Levels of Government,exp,5000000,0,0,0,529,yes
fy-2026-27-development-book-volume-iii-1104-2111,1152,State Department for Energy,1152115500,Installation of Transformers in Constituencies II,1152115542,Kamuram Mogobich,2630200,Capital Grants to Government Agencies and other Levels of Government,exp,5000000,0,0,0,529,yes
fy-2026-27-development-book-volume-iii-1104-2111,1152,State Department for Energy,1152115500,Installation of Transformers in Constituencies II,1152115543,Chelber-Talakwa Ward,2630200,Capital Grants to Government Agencies and other Levels of Government,exp,5000000,0,0,0,529,yes
fy-2026-27-development-book-volume-iii-1104-2111,1152,State Department for Energy,1152115500,Installation of Transformers in Constituencies II,1152115544,Soweto Mohoto Zone,2630200,Capital Grants to Government Agencies and other Levels of Government,exp,5000000,0,0,0,529,yes
fy-2026-27-development-book-volume-iii-1104-2111,1152,State Department for Energy,1152115500,Installation of Transformers in Constituencies II,1152115545,Soweto Gitau Zone,2630200,Capital Grants to Government Agencies and other Levels of Government,exp,5000000,0,0,0,529,yes
fy-2026-27-development-book-volume-iii-1104-2111,1152,State Department for Energy,1152115500,Installation of Transformers in Constituencies II,1152115546,Soweto Central Zone,2630200,Capital Grants to Government Agencies and other Levels of Government,exp,5000000,0,0,0,529,yes
fy-2026-27-development-book-volume-iii-1104-2111,1152,State Department for Energy,1152115500,Installation of Transformers in Constituencies II,1152115547,Tasia Mabatini,2630200,Capital Grants to Government Agencies and other Levels of Government,exp,5000000,0,0,0,529,yes
fy-2026-27-development-book-volume-iii-1104-2111,1152,State Department for Energy,1152115500,Installation of Transformers in Constituencies II,1152115548,Talei,2630200,Capital Grants to Government Agencies and other Levels of Government 2132,exp,5000000,0,0,0,529,yes
fy-2026-27-development-book-volume-iii-1104-2111,1152,State Department for Energy,1152115500,Installation of Transformers in Constituencies II,1152115549,Nasimoti,2630200,Capital Grants to Government Agencies and other Levels of Government,exp,5000000,0,0,0,530,yes
fy-2026-27-development-book-volume-iii-1104-2111,1152,State Department for Energy,1152115500,Installation of Transformers in Constituencies II,1152115550,Ebuchalala Village,2630200,Capital Grants to Government Agencies and other Levels of Government,exp,5000000,0,0,0,530,yes
fy-2026-27-development-book-volume-iii-1104-2111,1152,State Department for Energy,1152115500,Installation of Transformers in Constituencies II,1152115551,Shikuku-Esiamayai,2630200,Capital Grants to Government Agencies and other Levels of Government,exp,5000000,0,0,0,530,yes
fy-2026-27-development-book-volume-iii-1104-2111,1152,State Department for Energy,1152115500,Installation of Transformers in Constituencies II,1152115552,Kilitili Village,2630200,Capital Grants to Government Agencies and other Levels of Government,exp,5000000,0,0,0,530,yes
fy-2026-27-development-book-volume-iii-1104-2111,1152,State Department for Energy,1152115500,Installation of Transformers in Constituencies II,1152115553,Malimali Village,2630200,Capital Grants to Government Agencies and other Levels of Government,exp,5000000,0,0,0,530,yes
fy-2026-27-development-book-volume-iii-1104-2111,1152,State Department for Energy,1152115500,Installation of Transformers in Constituencies II,1152115554,Nakuru County Constituencies Electrification,2630200,Capital Grants to Government Agencies and other Levels of Government,exp,40000000,0,0,0,530,yes
fy-2026-27-development-book-volume-iii-1104-2111,1152,State Department for Energy,1152115500,Installation of Transformers in Constituencies II,1152115555,Electrification of Friends Ingavi Primary School,2630200,Capital Grants to Government Agencies and other Levels of Government,exp,5000000,0,0,0,530,yes
fy-2026-27-development-book-volume-iii-1104-2111,1152,State Department for Energy,1152115500,Installation of Transformers in Constituencies II,1152115556,Bahanon and Environs Transformer and Maximization,2630200,Capital Grants to Government Agencies and other Levels of Government,exp,45000000,0,0,0,530,yes
fy-2026-27-development-book-volume-iii-1104-2111,1152,State Department for Energy,1152115500,Installation of Transformers in Constituencies II,1152115557,Toror Village,2630200,Capital Grants to Government Agencies and other Levels of Government,exp,10000000,0,0,0,530,yes
fy-2026-27-development-book-volume-iii-1104-2111,1152,State Department for Energy,1152115500,Installation of Transformers in Constituencies II,1152115558,Flouspar,2630200,Capital Grants to Government Agencies and other Levels of Government,exp,10000000,0,0,0,530,yes
fy-2026-27-development-book-volume-iii-1104-2111,1152,State Department for Energy,1152115500,Installation of Transformers in Constituencies II,1152115559,Chepsigot,2630200,Capital Grants to Government Agencies and other Levels of Government,exp,10000000,0,0,0,531,yes
fy-2026-27-development-book-volume-iii-1104-2111,1152,State Department for Energy,1152115500,Installation of Transformers in Constituencies II,1152115560,Kapsegut,2630200,Capital Grants to Government Agencies and other Levels of Government,exp,10000000,0,0,0,531,yes
fy-2026-27-development-book-volume-iii-1104-2111,1152,State Department for Energy,1152115500,Installation of Transformers in Constituencies II,1152115561,Tebeswet Village,2630200,Capital Grants to Government Agencies and other Levels of Government,exp,10000000,0,0,0,531,yes
fy-2026-27-development-book-volume-iii-1104-2111,1152,State Department for Energy,1152115500,Installation of Transformers in Constituencies II,1152115562,Stendikisa Village,2630200,Capital Grants to Government Agencies and other Levels of Government,exp,10000000,0,0,0,531,yes
fy-2026-27-development-book-volume-iii-1104-2111,1152,State Department for Energy,1152115500,Installation of Transformers in Constituencies II,1152115563,Chebonge Village,2630200,Capital Grants to Government Agencies and other Levels of Government,exp,10000000,0,0,0,531,yes
fy-2026-27-development-book-volume-iii-1104-2111,1152,State Department for Energy,1152115500,Installation of Transformers in Constituencies II,1152115564,Bura Town Electrification,2630200,Capital Grants to Government Agencies and other Levels of Government,exp,15000000,0,0,0,531,yes
fy-2026-27-development-book-volume-iii-1104-2111,1152,State Department for Energy,1152115500,Installation of Transformers in Constituencies II,1152115565,Chemalal Last Mile Electrification,2630200,Capital Grants to Government Agencies and other Levels of Government,exp,6000000,0,0,0,531,yes
fy-2026-27-development-book-volume-iii-1104-2111,1152,State Department for Energy,1152115500,Installation of Transformers in Constituencies II,1152115566,Electrification of Villages in Bumula Constituency,2630200,Capital Grants to Government Agencies and other Levels of Government,exp,15000000,0,0,0,531,yes
fy-2026-27-development-book-volume-iii-1104-2111,1152,State Department for Energy,1152115500,Installation of Transformers in Constituencies II,1152115567,Kamogiboi Kapcheruse Last Mile Electrification,2630200,Capital Grants to Government Agencies and other Levels of Government,exp,6000000,0,0,0,531,yes
fy-2026-27-development-book-volume-iii-1104-2111,1152,State Department for Energy,1152115500,Installation of Transformers in Constituencies II,1152115568,Kapalwat Village Electrification,2630200,Capital Grants to Government Agencies and other Levels of Government,exp,10000000,0,0,0,531,yes
fy-2026-27-development-book-volume-iii-1104-2111,1152,State Department for Energy,1152115500,Installation of Transformers in Constituencies II,1152115569,Kapkessem Village Electrification,2630200,Capital Grants to Government Agencies and other Levels of Government 2134,exp,10000000,0,0,0,531,yes
fy-2026-27-development-book-volume-iii-1104-2111,1152,State Department for Energy,1152115500,Installation of Transformers in Constituencies II,1152115570,Kipsuter Miti Mingi Last Mile Electrification,2630200,Capital Grants to Government Agencies and other Levels of Government,exp,6000000,0,0,0,532,yes
fy-2026-27-development-book-volume-iii-1104-2111,1152,State Department for Energy,1152115500,Installation of Transformers in Constituencies II,1152115571,Kiptamuk Electrification Project,2630200,Capital Grants to Government Agencies and other Levels of Government,exp,5000000,0,0,0,532,yes
fy-2026-27-development-book-volume-iii-1104-2111,1152,State Department for Energy,1152115500,Installation of Transformers in Constituencies II,1152115572,Legetio Village (Visoi Ward) Electrification Project,2630200,Capital Grants to Government Agencies and other Levels of Government,exp,5000000,0,0,0,532,yes
fy-2026-27-development-book-volume-iii-1104-2111,1152,State Department for Energy,1152115500,Installation of Transformers in Constituencies II,1152115573,?Kiunju/Giitune Village Transformer and Last Mile Electrification,2630200,Capital Grants to Government Agencies and other Levels of Government,exp,10000000,0,0,0,532,yes
fy-2026-27-development-book-volume-iii-1104-2111,1152,State Department for Energy,1152115500,Installation of Transformers in Constituencies II,1152115574,Mogoget Miti Mingi Last Mile Electrification,2630200,Capital Grants to Government Agencies and other Levels of Government,exp,6000000,0,0,0,532,yes
fy-2026-27-development-book-volume-iii-1104-2111,1152,State Department for Energy,1152115500,Installation of Transformers in Constituencies II,1152115575,Olanka Primary (Enoosupukia) and Surrounding Villages,2630200,Capital Grants to Government Agencies and other Levels of Government,exp,12500000,0,0,0,532,yes
fy-2026-27-development-book-volume-iii-1104-2111,1152,State Department for Energy,1152115500,Installation of Transformers in Constituencies II,1152115576,Oloshaiki (Maranya Kimamandi Area) and Surrounding Villages,2630200,Capital Grants to Government Agencies and other Levels of Government,exp,12500000,0,0,0,532,yes
fy-2026-27-development-book-volume-iii-1104-2111,1152,State Department for Energy,1152115500,Installation of Transformers in Constituencies II,1152115577,Rorok Village Electrification,2630200,Capital Grants to Government Agencies and other Levels of Government,exp,10000000,0,0,0,532,yes
fy-2026-27-development-book-volume-iii-1104-2111,1152,State Department for Energy,1152115500,Installation of Transformers in Constituencies II,1152115578,Ruguchune/Kianjogu(Ukuu) Village Transformer and Last Mile,2630200,Capital Grants to Government Agencies and other Levels of Government,exp,10000000,0,0,0,532,yes
fy-2026-27-development-book-volume-iii-1104-2111,1152,State Department for Energy,1152115500,Installation of Transformers in Constituencies II,1152115579,Segut Trading Centre Electrification,2630200,Capital Grants to Government Agencies and other Levels of Government,exp,9000000,0,0,0,532,yes
fy-2026-27-development-book-volume-iii-1104-2111,1152,State Department for Energy,1152115500,Installation of Transformers in Constituencies II,1152115580,Sugutek Kamogiboi Last Mile Electrification,2630200,Capital Grants to Government Agencies and other Levels of Government,exp,6000000,0,0,0,533,yes
fy-2026-27-development-book-volume-iii-1104-2111,1152,State Department for Energy,1152115600,Street-lighting II,1152115601,Bande,2630200,Capital Grants to Government Agencies and other Levels of Government,exp,3000000,0,0,0,533,yes
fy-2026-27-development-book-volume-iii-1104-2111,1152,State Department for Energy,1152115600,Street-lighting II,1152115602,Banja Market to Stanley Godia Sec School,2630200,Capital Grants to Government Agencies and other Levels of Government,exp,3000000,0,0,0,533,yes
fy-2026-27-development-book-volume-iii-1104-2111,1152,State Department for Energy,1152115600,Street-lighting II,1152115603,Bismarck Area In Menengai Nakuru East,2630200,Capital Grants to Government Agencies and other Levels of Government,exp,2000000,0,0,0,533,yes
fy-2026-27-development-book-volume-iii-1104-2111,1152,State Department for Energy,1152115600,Street-lighting II,1152115604,Bonde Centre,2630200,Capital Grants to Government Agencies and other Levels of Government,exp,3000000,0,0,0,533,yes
fy-2026-27-development-book-volume-iii-1104-2111,1152,State Department for Energy,1152115600,Street-lighting II,1152115605,Booster Road-Gatongora,2630200,Capital Grants to Government Agencies and other Levels of Government,exp,3000000,0,0,0,533,yes
fy-2026-27-development-book-volume-iii-1104-2111,1152,State Department for Energy,1152115600,Street-lighting II,1152115606,Buyofu Market,2630200,Capital Grants to Government Agencies and other Levels of Government,exp,3000000,0,0,0,533,yes
fy-2026-27-development-book-volume-iii-1104-2111,1152,State Department for Energy,1152115600,Street-lighting II,1152115607,California- Nrb Road in Nakuru East,2630200,Capital Grants to Government Agencies and other Levels of Government,exp,3000000,0,0,0,533,yes
fy-2026-27-development-book-volume-iii-1104-2111,1152,State Department for Energy,1152115600,Street-lighting II,1152115608,Catholic Zone,2630200,Capital Grants to Government Agencies and other Levels of Government,exp,3300000,0,0,0,533,yes
fy-2026-27-development-book-volume-iii-1104-2111,1152,State Department for Energy,1152115600,Street-lighting II,1152115609,Eliye Springs Centre,2630200,Capital Grants to Government Agencies and other Levels of Government 2136,exp,1500000,0,0,0,533,yes
fy-2026-27-development-book-volume-iii-1104-2111,1152,State Department for Energy,1152115600,Street-lighting II,1152115610,Ero Ekule Shopping Center,2630200,Capital Grants to Government Agencies and other Levels of Government,exp,3000000,0,0,0,534,yes
fy-2026-27-development-book-volume-iii-1104-2111,1152,State Department for Energy,1152115600,Street-lighting II,1152115611,Etono,2630200,Capital Grants to Government Agencies and other Levels of Government,exp,3000000,0,0,0,534,yes
fy-2026-27-development-book-volume-iii-1104-2111,1152,State Department for Energy,1152115600,Street-lighting II,1152115612,Freehold Estate in Nakuru Town,2630200,Capital Grants to Government Agencies and other Levels of Government,exp,5000000,0,0,0,534,yes
fy-2026-27-development-book-volume-iii-1104-2111,1152,State Department for Energy,1152115600,Street-lighting II,1152115613,Gamba,2630200,Capital Grants to Government Agencies and other Levels of Government,exp,2000000,0,0,0,534,yes
fy-2026-27-development-book-volume-iii-1104-2111,1152,State Department for Energy,1152115600,Street-lighting II,1152115614,Gambugi Centre to Police Station,2630200,Capital Grants to Government Agencies and other Levels of Government,exp,3000000,0,0,0,534,yes
fy-2026-27-development-book-volume-iii-1104-2111,1152,State Department for Energy,1152115600,Street-lighting II,1152115615,Hekima Church In Kivumbi,2630200,Capital Grants to Government Agencies and other Levels of Government,exp,3000000,0,0,0,534,yes
fy-2026-27-development-book-volume-iii-1104-2111,1152,State Department for Energy,1152115600,Street-lighting II,1152115616,Installation of Streetlights Within Makadara Constituency,2630200,Capital Grants to Government Agencies and other Levels of Government,exp,10000000,0,0,0,534,yes
fy-2026-27-development-book-volume-iii-1104-2111,1152,State Department for Energy,1152115600,Street-lighting II,1152115617,Installation of Streetlights Within Nakuru Town East,2630200,Capital Grants to Government Agencies and other Levels of Government,exp,10000000,0,0,0,534,yes
fy-2026-27-development-book-volume-iii-1104-2111,1152,State Department for Energy,1152115600,Street-lighting II,1152115618,Jabrok Mkt. (Israel Nineve to Asena),2630200,Capital Grants to Government Agencies and other Levels of Government,exp,3000000,0,0,0,534,yes
fy-2026-27-development-book-volume-iii-1104-2111,1152,State Department for Energy,1152115600,Street-lighting II,1152115619,Jodongo Liyo,2630200,Capital Grants to Government Agencies and other Levels of Government,exp,3000000,0,0,0,534,yes
fy-2026-27-development-book-volume-iii-1104-2111,1152,State Department for Energy,1152115600,Street-lighting II,1152115620,Kamosiro,2630200,Capital Grants to Government Agencies and other Levels of Government,exp,5000000,0,0,0,535,yes
fy-2026-27-development-book-volume-iii-1104-2111,1152,State Department for Energy,1152115600,Street-lighting II,1152115621,Kap Sammy,2630200,Capital Grants to Government Agencies and other Levels of Government,exp,5000000,0,0,0,535,yes
fy-2026-27-development-book-volume-iii-1104-2111,1152,State Department for Energy,1152115600,Street-lighting II,1152115622,Kaptebengwet Market,2630200,Capital Grants to Government Agencies and other Levels of Government,exp,5000000,0,0,0,535,yes
fy-2026-27-development-book-volume-iii-1104-2111,1152,State Department for Energy,1152115600,Street-lighting II,1152115623,Kenyenya Iii,2630200,Capital Grants to Government Agencies and other Levels of Government,exp,3000000,0,0,0,535,yes
fy-2026-27-development-book-volume-iii-1104-2111,1152,State Department for Energy,1152115600,Street-lighting II,1152115624,Kinango Town,2630200,Capital Grants to Government Agencies and other Levels of Government,exp,3000000,0,0,0,535,yes
fy-2026-27-development-book-volume-iii-1104-2111,1152,State Department for Energy,1152115600,Street-lighting II,1152115625,Kisoko Market,2630200,Capital Grants to Government Agencies and other Levels of Government,exp,3000000,0,0,0,535,yes
fy-2026-27-development-book-volume-iii-1104-2111,1152,State Department for Energy,1152115600,Street-lighting II,1152115626,Komolorume - Awendo Town,2630200,Capital Grants to Government Agencies and other Levels of Government,exp,3000000,0,0,0,535,yes
fy-2026-27-development-book-volume-iii-1104-2111,1152,State Department for Energy,1152115600,Street-lighting II,1152115627,Kona Ngware,2630200,Capital Grants to Government Agencies and other Levels of Government,exp,3000000,0,0,0,535,yes
fy-2026-27-development-book-volume-iii-1104-2111,1152,State Department for Energy,1152115600,Street-lighting II,1152115628,Kwandap Cherotich,2630200,Capital Grants to Government Agencies and other Levels of Government,exp,5000000,0,0,0,535,yes
fy-2026-27-development-book-volume-iii-1104-2111,1152,State Department for Energy,1152115600,Street-lighting II,1152115629,Lidha Dispensary,2630200,Capital Grants to Government Agencies and other Levels of Government,exp,2000000,0,0,0,535,yes
fy-2026-27-development-book-volume-iii-1104-2111,1152,State Department for Energy,1152115600,Street-lighting II,1152115630,Lokichar Town,2630200,Capital Grants to Government Agencies and other Levels of Government 2138,exp,2000000,0,0,0,535,yes
fy-2026-27-development-book-volume-iii-1104-2111,1152,State Department for Energy,1152115600,Street-lighting II,1152115631,Magena Li,2630200,Capital Grants to Government Agencies and other Levels of Government,exp,3000000,0,0,0,536,yes
fy-2026-27-development-book-volume-iii-1104-2111,1152,State Department for Energy,1152115600,Street-lighting II,1152115632,Membely-Blt Road-Gitothua Ward,2630200,Capital Grants to Government Agencies and other Levels of Government,exp,3000000,0,0,0,536,yes
fy-2026-27-development-book-volume-iii-1104-2111,1152,State Department for Energy,1152115600,Street-lighting II,1152115633,Mukinyi Road-Kiu Ward,2630200,Capital Grants to Government Agencies and other Levels of Government,exp,3000000,0,0,0,536,yes
fy-2026-27-development-book-volume-iii-1104-2111,1152,State Department for Energy,1152115600,Street-lighting II,1152115634,Mukuru Police Area,2630200,Capital Grants to Government Agencies and other Levels of Government,exp,3300000,0,0,0,536,yes
fy-2026-27-development-book-volume-iii-1104-2111,1152,State Department for Energy,1152115600,Street-lighting II,1152115635,N-Enkare,2630200,Capital Grants to Government Agencies and other Levels of Government,exp,3000000,0,0,0,536,yes
fy-2026-27-development-book-volume-iii-1104-2111,1152,State Department for Energy,1152115600,Street-lighting II,1152115636,Nadapal In Kakuma Town,2630200,Capital Grants to Government Agencies and other Levels of Government,exp,1500000,0,0,0,536,yes
fy-2026-27-development-book-volume-iii-1104-2111,1152,State Department for Energy,1152115600,Street-lighting II,1152115637,Nakooitorong in Lodwar Town,2630200,Capital Grants to Government Agencies and other Levels of Government,exp,2000000,0,0,0,536,yes
fy-2026-27-development-book-volume-iii-1104-2111,1152,State Department for Energy,1152115600,Street-lighting II,1152115638,Nakwamekwi in Lodwar Town,2630200,Capital Grants to Government Agencies and other Levels of Government,exp,2000000,0,0,0,536,yes
fy-2026-27-development-book-volume-iii-1104-2111,1152,State Department for Energy,1152115600,Street-lighting II,1152115639,Nayanae Emeyan In Kakuma Town,2630200,Capital Grants to Government Agencies and other Levels of Government,exp,1500000,0,0,0,536,yes
fy-2026-27-development-book-volume-iii-1104-2111,1152,State Department for Energy,1152115600,Street-lighting II,1152115640,Nyasidhi,2630200,Capital Grants to Government Agencies and other Levels of Government,exp,2000000,0,0,0,536,yes
fy-2026-27-development-book-volume-iii-1104-2111,1152,State Department for Energy,1152115600,Street-lighting II,1152115641,Nysa Town,2630200,Capital Grants to Government Agencies and other Levels of Government,exp,3000000,0,0,0,537,yes
fy-2026-27-development-book-volume-iii-1104-2111,1152,State Department for Energy,1152115600,Street-lighting II,1152115642,Olbutyo,2630200,Capital Grants to Government Agencies and other Levels of Government,exp,5000000,0,0,0,537,yes
fy-2026-27-development-book-volume-iii-1104-2111,1152,State Department for Energy,1152115600,Street-lighting II,1152115643,Pangani Victonell In Nakuru Town,2630200,Capital Grants to Government Agencies and other Levels of Government,exp,3000000,0,0,0,537,yes
fy-2026-27-development-book-volume-iii-1104-2111,1152,State Department for Energy,1152115600,Street-lighting II,1152115644,Pefa-Hilton Road-Biashara Ward,2630200,Capital Grants to Government Agencies and other Levels of Government,exp,3000000,0,0,0,537,yes
fy-2026-27-development-book-volume-iii-1104-2111,1152,State Department for Energy,1152115600,Street-lighting II,1152115645,Pith Kaloo,2630200,Capital Grants to Government Agencies and other Levels of Government,exp,3000000,0,0,0,537,yes
fy-2026-27-development-book-volume-iii-1104-2111,1152,State Department for Energy,1152115600,Street-lighting II,1152115646,Pyramid Wanyama in Nakuru East,2630200,Capital Grants to Government Agencies and other Levels of Government,exp,3000000,0,0,0,537,yes
fy-2026-27-development-book-volume-iii-1104-2111,1152,State Department for Energy,1152115600,Street-lighting II,1152115647,Sirandu,2630200,Capital Grants to Government Agencies and other Levels of Government,exp,2000000,0,0,0,537,yes
fy-2026-27-development-book-volume-iii-1104-2111,1152,State Department for Energy,1152115600,Street-lighting II,1152115648,St. Camillus Centre,2630200,Capital Grants to Government Agencies and other Levels of Government,exp,3000000,0,0,0,537,yes
fy-2026-27-development-book-volume-iii-1104-2111,1152,State Department for Energy,1152115600,Street-lighting II,1152115649,Tagache,2630200,Capital Grants to Government Agencies and other Levels of Government,exp,3000000,0,0,0,537,yes
fy-2026-27-development-book-volume-iii-1104-2111,1152,State Department for Energy,1152115600,Street-lighting II,1152115650,Taj Mall Pipeline Street,2630200,Capital Grants to Government Agencies and other Levels of Government,exp,3400000,0,0,0,537,yes
fy-2026-27-development-book-volume-iii-1104-2111,1152,State Department for Energy,1152115600,Street-lighting II,1152115651,Tangakona Market,2630200,Capital Grants to Government Agencies and other Levels of Government 2140,exp,3000000,0,0,0,537,yes
fy-2026-27-development-book-volume-iii-1104-2111,1152,State Department for Energy,1152115600,Street-lighting II,1152115652,Towokayeni Kakuma Town,2630200,Capital Grants to Government Agencies and other Levels of Government,exp,1500000,0,0,0,538,yes
fy-2026-27-development-book-volume-iii-1104-2111,1152,State Department for Energy,1152115600,Street-lighting II,1152115653,Umina,2630200,Capital Grants to Government Agencies and other Levels of Government,exp,2000000,0,0,0,538,yes
fy-2026-27-development-book-volume-iii-1104-2111,1152,State Department for Energy,1152115600,Street-lighting II,1152115654,Vigurungani Town,2630200,Capital Grants to Government Agencies and other Levels of Government,exp,3000000,0,0,0,538,yes
fy-2026-27-development-book-volume-iii-1104-2111,1152,State Department for Energy,1152115600,Street-lighting II,1152115655,Wath Onger Centre,2630200,Capital Grants to Government Agencies and other Levels of Government,exp,3000000,0,0,0,538,yes
fy-2026-27-development-book-volume-iii-1104-2111,1152,State Department for Energy,1152115600,Street-lighting II,1152115656,YMCA- Kivumbini in Nakuru Town,2630200,Capital Grants to Government Agencies and other Levels of Government,exp,3000000,0,0,0,538,yes
fy-2026-27-development-book-volume-iii-1104-2111,1152,State Department for Energy,1152115700,Floating Solar Project,1152115701,Floating Solar Project,2630200,Capital Grants to Government Agencies and other Levels of Government,exp,80000000,0,0,0,538,yes
fy-2026-27-development-book-volume-iii-1104-2111,1152,State Department for Energy,1152115700,Floating Solar Project,1152115701,Floating Solar Project,1310100,Grants from Foreign Governments - Cash Through Exchequer,aia,80000000,0,0,0,538,yes
fy-2026-27-development-book-volume-iii-1104-2111,1152,State Department for Energy,1152115800,8.6 MW GOGO Hydro Power Plant Redevelopment-(REEF),1152115801,8.6 MW GOGO Hydro Power Plant Redevelopment-(REEF),2630200,Capital Grants to Government Agencies and other Levels of Government,exp,105000000,0,0,0,538,yes
fy-2026-27-development-book-volume-iii-1104-2111,1152,State Department for Energy,1152115800,8.6 MW GOGO Hydro Power Plant Redevelopment-(REEF),1152115801,8.6 MW GOGO Hydro Power Plant Redevelopment-(REEF),1310100,Grants from Foreign Governments - Cash Through Exchequer,aia,75000000,0,0,0,538,yes
fy-2026-27-development-book-volume-iii-1104-2111,1152,State Department for Energy,1152115900,Diiso/Abdilucey Last Mile Connection,1152115901,Diiso/Abdilucey Last Mile Connection,2630200,Capital Grants to Government Agencies and other Levels of Government,exp,15000000,7715454,0,0,539,yes
fy-2026-27-development-book-volume-iii-1104-2111,1152,State Department for Energy,1152116000,500kw X 2 Power Genset,1152116001,500kw X 2 Power Genset,2630200,Capital Grants to Government Agencies and other Levels of Government,exp,0,7715454,0,0,539,yes
fy-2026-27-development-book-volume-iii-1104-2111,1152,State Department for Energy,1152116100,Electrification of Public Facilities - (VI),1152116101,Apostolic Church Reuben High Mast,2630200,Capital Grants to Government Agencies and other Levels of Government,exp,5000000,0,0,0,539,yes
fy-2026-27-development-book-volume-iii-1104-2111,1152,State Department for Energy,1152116100,Electrification of Public Facilities - (VI),1152116102,Arahuku Centre Scheme,2630200,Capital Grants to Government Agencies and other Levels of Government,exp,640000,0,0,0,539,yes
fy-2026-27-development-book-volume-iii-1104-2111,1152,State Department for Energy,1152116100,Electrification of Public Facilities - (VI),1152116103,Bachu/Railway B High Mast,2630200,Capital Grants to Government Agencies and other Levels of Government,exp,5000000,0,0,0,539,yes
fy-2026-27-development-book-volume-iii-1104-2111,1152,State Department for Energy,1152116100,Electrification of Public Facilities - (VI),1152116104,Baraka Estate (Menengai West) Solar Street Lights,2630200,Capital Grants to Government Agencies and other Levels of Government,exp,5000000,0,0,0,539,yes
fy-2026-27-development-book-volume-iii-1104-2111,1152,State Department for Energy,1152116100,Electrification of Public Facilities - (VI),1152116105,Bura-Dagega Last Mile Electrification,2630200,Capital Grants to Government Agencies and other Levels of Government,exp,10000000,0,0,0,539,yes
fy-2026-27-development-book-volume-iii-1104-2111,1152,State Department for Energy,1152116100,Electrification of Public Facilities - (VI),1152116106,Chebara Market High Mast,2630200,Capital Grants to Government Agencies and other Levels of Government 2142,exp,5000000,0,0,0,539,yes
fy-2026-27-development-book-volume-iii-1104-2111,1152,State Department for Energy,1152116100,Electrification of Public Facilities - (VI),1152116107,Imara Estate Gate High Mast,2630200,Capital Grants to Government Agencies and other Levels of Government,exp,5000000,0,0,0,540,yes
fy-2026-27-development-book-volume-iii-1104-2111,1152,State Department for Energy,1152116100,Electrification of Public Facilities - (VI),1152116108,Jiwdendi estate High Mast,2630200,Capital Grants to Government Agencies and other Levels of Government,exp,5000000,0,0,0,540,yes
fy-2026-27-development-book-volume-iii-1104-2111,1152,State Department for Energy,1152116100,Electrification of Public Facilities - (VI),1152116109,Junction Old Mombasa/ICD Road High Mast,2630200,Capital Grants to Government Agencies and other Levels of Government,exp,5000000,0,0,0,540,yes
fy-2026-27-development-book-volume-iii-1104-2111,1152,State Department for Energy,1152116100,Electrification of Public Facilities - (VI),1152116110,Kaludeka Market High Mast,2630200,Capital Grants to Government Agencies and other Levels of Government,exp,5000000,0,0,0,540,yes
fy-2026-27-development-book-volume-iii-1104-2111,1152,State Department for Energy,1152116100,Electrification of Public Facilities - (VI),1152116111,Kapchebar Village Last Mile Electrification,2630200,Capital Grants to Government Agencies and other Levels of Government,exp,10000000,0,0,0,540,yes
fy-2026-27-development-book-volume-iii-1104-2111,1152,State Department for Energy,1152116100,Electrification of Public Facilities - (VI),1152116112,Kapkeet Market High Mast,2630200,Capital Grants to Government Agencies and other Levels of Government,exp,5000000,0,0,0,540,yes
fy-2026-27-development-book-volume-iii-1104-2111,1152,State Department for Energy,1152116100,Electrification of Public Facilities - (VI),1152116113,Kapsinedet Market Kimulot High Mast,2630200,Capital Grants to Government Agencies and other Levels of Government,exp,5000000,0,0,0,540,yes
fy-2026-27-development-book-volume-iii-1104-2111,1152,State Department for Energy,1152116100,Electrification of Public Facilities - (VI),1152116114,Karani Market High Mast,2630200,Capital Grants to Government Agencies and other Levels of Government,exp,5000000,0,0,0,540,yes
fy-2026-27-development-book-volume-iii-1104-2111,1152,State Department for Energy,1152116100,Electrification of Public Facilities - (VI),1152116115,Kawainda Road Solar Street Lights,2630200,Capital Grants to Government Agencies and other Levels of Government,exp,5000000,0,0,0,540,yes
fy-2026-27-development-book-volume-iii-1104-2111,1152,State Department for Energy,1152116100,Electrification of Public Facilities - (VI),1152116116,Kenyenya 4 High Mast,2630200,Capital Grants to Government Agencies and other Levels of Government,exp,5000000,0,0,0,540,yes
fy-2026-27-development-book-volume-iii-1104-2111,1152,State Department for Energy,1152116100,Electrification of Public Facilities - (VI),1152116117,Kereti Estate solar streetlights,2630200,Capital Grants to Government Agencies and other Levels of Government,exp,5000000,0,0,0,541,yes
fy-2026-27-development-book-volume-iii-1104-2111,1152,State Department for Energy,1152116100,Electrification of Public Facilities - (VI),1152116118,Kiango High Mast,2630200,Capital Grants to Government Agencies and other Levels of Government,exp,5000000,0,0,0,541,yes
fy-2026-27-development-book-volume-iii-1104-2111,1152,State Department for Energy,1152116100,Electrification of Public Facilities - (VI),1152116119,Kiang'ombe Turn-off High Mast,2630200,Capital Grants to Government Agencies and other Levels of Government,exp,5000000,0,0,0,541,yes
fy-2026-27-development-book-volume-iii-1104-2111,1152,State Department for Energy,1152116100,Electrification of Public Facilities - (VI),1152116120,Kimochochi Centre Scheme,2630200,Capital Grants to Government Agencies and other Levels of Government,exp,635000,0,0,0,541,yes
fy-2026-27-development-book-volume-iii-1104-2111,1152,State Department for Energy,1152116100,Electrification of Public Facilities - (VI),1152116121,Kinyana Village Last Mile Electrification,2630200,Capital Grants to Government Agencies and other Levels of Government,exp,10000000,0,0,0,541,yes
fy-2026-27-development-book-volume-iii-1104-2111,1152,State Department for Energy,1152116100,Electrification of Public Facilities - (VI),1152116122,Kiptagich Market High Mast,2630200,Capital Grants to Government Agencies and other Levels of Government,exp,5000000,0,0,0,541,yes
fy-2026-27-development-book-volume-iii-1104-2111,1152,State Department for Energy,1152116100,Electrification of Public Facilities - (VI),1152116123,Kirima Top Shopping Centre High Mast,2630200,Capital Grants to Government Agencies and other Levels of Government,exp,5000000,0,0,0,541,yes
fy-2026-27-development-book-volume-iii-1104-2111,1152,State Department for Energy,1152116100,Electrification of Public Facilities - (VI),1152116124,Kitur Centre Scheme,2630200,Capital Grants to Government Agencies and other Levels of Government,exp,640000,0,0,0,541,yes
fy-2026-27-development-book-volume-iii-1104-2111,1152,State Department for Energy,1152116100,Electrification of Public Facilities - (VI),1152116125,Koiser Primary Centre Last Mile Electrification,2630200,Capital Grants to Government Agencies and other Levels of Government,exp,10000000,0,0,0,541,yes
fy-2026-27-development-book-volume-iii-1104-2111,1152,State Department for Energy,1152116100,Electrification of Public Facilities - (VI),1152116126,Kolenya Trading Centre High Mast,2630200,Capital Grants to Government Agencies and other Levels of Government,exp,5000000,0,0,0,541,yes
fy-2026-27-development-book-volume-iii-1104-2111,1152,State Department for Energy,1152116100,Electrification of Public Facilities - (VI),1152116127,Kuresoi High Mast,2630200,Capital Grants to Government Agencies and other Levels of Government 2144,exp,5000000,0,0,0,541,yes
fy-2026-27-development-book-volume-iii-1104-2111,1152,State Department for Energy,1152116100,Electrification of Public Facilities - (VI),1152116128,Madaraka Kivido Dam Last Mile Electrification,2630200,Capital Grants to Government Agencies and other Levels of Government,exp,7000000,0,0,0,542,yes
fy-2026-27-development-book-volume-iii-1104-2111,1152,State Department for Energy,1152116100,Electrification of Public Facilities - (VI),1152116129,Maili Saba Shopping Centre High Mast,2630200,Capital Grants to Government Agencies and other Levels of Government,exp,5000000,0,0,0,542,yes
fy-2026-27-development-book-volume-iii-1104-2111,1152,State Department for Energy,1152116100,Electrification of Public Facilities - (VI),1152116130,Malukiloriti B Village Last Mile Electrification,2630200,Capital Grants to Government Agencies and other Levels of Government,exp,10000000,0,0,0,542,yes
fy-2026-27-development-book-volume-iii-1104-2111,1152,State Department for Energy,1152116100,Electrification of Public Facilities - (VI),1152116131,Mamuru/Ruaka Village Last Mile Electrification,2630200,Capital Grants to Government Agencies and other Levels of Government,exp,10000000,0,0,0,542,yes
fy-2026-27-development-book-volume-iii-1104-2111,1152,State Department for Energy,1152116100,Electrification of Public Facilities - (VI),1152116132,Mogonga 2 High Mast,2630200,Capital Grants to Government Agencies and other Levels of Government,exp,5000000,0,0,0,542,yes
fy-2026-27-development-book-volume-iii-1104-2111,1152,State Department for Energy,1152116100,Electrification of Public Facilities - (VI),1152116133,Mogonga 3 High Mast,2630200,Capital Grants to Government Agencies and other Levels of Government,exp,5000000,0,0,0,542,yes
fy-2026-27-development-book-volume-iii-1104-2111,1152,State Department for Energy,1152116100,Electrification of Public Facilities - (VI),1152116134,Motomoto Junction High Mast,2630200,Capital Grants to Government Agencies and other Levels of Government,exp,5000000,0,0,0,542,yes
fy-2026-27-development-book-volume-iii-1104-2111,1152,State Department for Energy,1152116100,Electrification of Public Facilities - (VI),1152116135,Mzee wa Nyama Solar Street Lights,2630200,Capital Grants to Government Agencies and other Levels of Government,exp,10000000,0,0,0,542,yes
fy-2026-27-development-book-volume-iii-1104-2111,1152,State Department for Energy,1152116100,Electrification of Public Facilities - (VI),1152116136,Namba Kodero Trading centre High Mast,2630200,Capital Grants to Government Agencies and other Levels of Government,exp,5000000,0,0,0,542,yes
fy-2026-27-development-book-volume-iii-1104-2111,1152,State Department for Energy,1152116100,Electrification of Public Facilities - (VI),1152116137,Nguni Market High Mast,2630200,Capital Grants to Government Agencies and other Levels of Government,exp,5000000,0,0,0,542,yes
fy-2026-27-development-book-volume-iii-1104-2111,1152,State Department for Energy,1152116100,Electrification of Public Facilities - (VI),1152116138,Njoro Village Last Mile Electrification,2630200,Capital Grants to Government Agencies and other Levels of Government,exp,10000000,0,0,0,543,yes
fy-2026-27-development-book-volume-iii-1104-2111,1152,State Department for Energy,1152116100,Electrification of Public Facilities - (VI),1152116139,Nyaani Market High Mast,2630200,Capital Grants to Government Agencies and other Levels of Government,exp,5000000,0,0,0,543,yes
fy-2026-27-development-book-volume-iii-1104-2111,1152,State Department for Energy,1152116100,Electrification of Public Facilities - (VI),1152116140,Nyakuru Trading Centre High Mast,2630200,Capital Grants to Government Agencies and other Levels of Government,exp,5000000,0,0,0,543,yes
fy-2026-27-development-book-volume-iii-1104-2111,1152,State Department for Energy,1152116100,Electrification of Public Facilities - (VI),1152116141,Nyamesocho Shopping Center High Mast,2630200,Capital Grants to Government Agencies and other Levels of Government,exp,5000000,0,0,0,543,yes
fy-2026-27-development-book-volume-iii-1104-2111,1152,State Department for Energy,1152116100,Electrification of Public Facilities - (VI),1152116142,Nyarombo Goldmine centre High Mast,2630200,Capital Grants to Government Agencies and other Levels of Government,exp,5000000,0,0,0,543,yes
fy-2026-27-development-book-volume-iii-1104-2111,1152,State Department for Energy,1152116100,Electrification of Public Facilities - (VI),1152116143,Ochuna Trading Centre High Mast,2630200,Capital Grants to Government Agencies and other Levels of Government,exp,5000000,0,0,0,543,yes
fy-2026-27-development-book-volume-iii-1104-2111,1152,State Department for Energy,1152116100,Electrification of Public Facilities - (VI),1152116144,Olbanita Centre Scheme,2630200,Capital Grants to Government Agencies and other Levels of Government,exp,640000,0,0,0,543,yes
fy-2026-27-development-book-volume-iii-1104-2111,1152,State Department for Energy,1152116100,Electrification of Public Facilities - (VI),1152116145,Olenguruone Market High Mast,2630200,Capital Grants to Government Agencies and other Levels of Government,exp,5000000,0,0,0,543,yes
fy-2026-27-development-book-volume-iii-1104-2111,1152,State Department for Energy,1152116100,Electrification of Public Facilities - (VI),1152116146,Olive Inn Estate Solar Street Lights,2630200,Capital Grants to Government Agencies and other Levels of Government,exp,5000000,0,0,0,543,yes
fy-2026-27-development-book-volume-iii-1104-2111,1152,State Department for Energy,1152116100,Electrification of Public Facilities - (VI),1152116147,Ombasa ODM Centre High Mast,2630200,Capital Grants to Government Agencies and other Levels of Government,exp,5000000,0,0,0,543,yes
fy-2026-27-development-book-volume-iii-1104-2111,1152,State Department for Energy,1152116100,Electrification of Public Facilities - (VI),1152116148,Pith Kaloo Trading Centre High Mast,2630200,Capital Grants to Government Agencies and other Levels of Government 2146,exp,5000000,0,0,0,543,yes
fy-2026-27-development-book-volume-iii-1104-2111,1152,State Department for Energy,1152116100,Electrification of Public Facilities - (VI),1152116149,Rangala Market High Mast,2630200,Capital Grants to Government Agencies and other Levels of Government,exp,5000000,0,0,0,544,yes
fy-2026-27-development-book-volume-iii-1104-2111,1152,State Department for Energy,1152116100,Electrification of Public Facilities - (VI),1152116150,Rigogo Centre Scheme,2630200,Capital Grants to Government Agencies and other Levels of Government,exp,2405000,0,0,0,544,yes
fy-2026-27-development-book-volume-iii-1104-2111,1152,State Department for Energy,1152116100,Electrification of Public Facilities - (VI),1152116151,Ritembu High Mast,2630200,Capital Grants to Government Agencies and other Levels of Government,exp,5000000,0,0,0,544,yes
fy-2026-27-development-book-volume-iii-1104-2111,1152,State Department for Energy,1152116100,Electrification of Public Facilities - (VI),1152116152,Ruiru Centre Scheme,2630200,Capital Grants to Government Agencies and other Levels of Government,exp,640000,0,0,0,544,yes
fy-2026-27-development-book-volume-iii-1104-2111,1152,State Department for Energy,1152116100,Electrification of Public Facilities - (VI),1152116153,Sach Oran High Mast,2630200,Capital Grants to Government Agencies and other Levels of Government,exp,5000000,0,0,0,544,yes
fy-2026-27-development-book-volume-iii-1104-2111,1152,State Department for Energy,1152116100,Electrification of Public Facilities - (VI),1152116153,Sach Oran High Mast,1140700,Receipts of Taxes on Goods and Services,aia,5000000,0,0,0,544,yes
fy-2026-27-development-book-volume-iii-1104-2111,1152,State Department for Energy,1152116100,Electrification of Public Facilities - (VI),1152116154,Sikri Centre High Mast,2630200,Capital Grants to Government Agencies and other Levels of Government,exp,5000000,0,0,0,544,yes
fy-2026-27-development-book-volume-iii-1104-2111,1152,State Department for Energy,1152116100,Electrification of Public Facilities - (VI),1152116154,Sikri Centre High Mast,1140700,Receipts of Taxes on Goods and Services,aia,5000000,0,0,0,544,yes
fy-2026-27-development-book-volume-iii-1104-2111,1152,State Department for Energy,1152116100,Electrification of Public Facilities - (VI),1152116155,Solai Centre Scheme,2630200,Capital Grants to Government Agencies and other Levels of Government,exp,2400000,0,0,0,544,yes
fy-2026-27-development-book-volume-iii-1104-2111,1152,State Department for Energy,1152116100,Electrification of Public Facilities - (VI),1152116156,Urenga Market High Mast,2630200,Capital Grants to Government Agencies and other Levels of Government,exp,5000000,0,0,0,544,yes
fy-2026-27-development-book-volume-iii-1104-2111,1152,State Department for Energy,1152116100,Electrification of Public Facilities - (VI),1152116156,Urenga Market High Mast,1140700,Receipts of Taxes on Goods and Services,aia,5000000,0,0,0,544,yes
fy-2026-27-development-book-volume-iii-1104-2111,1152,State Department for Energy,1152116100,Electrification of Public Facilities - (VI),1152116157,Wikililye Market High Mast,2630200,Capital Grants to Government Agencies and other Levels of Government 2147,exp,5000000,0,0,0,544,yes
fy-2026-27-development-book-volume-iii-1104-2111,1152,State Department for Energy,1152116100,Electrification of Public Facilities - (VI),1152116157,Wikililye Market High Mast,1140700,Receipts of Taxes on Goods and Services,aia,5000000,0,0,0,545,yes
fy-2026-27-development-book-volume-iii-1104-2111,1152,State Department for Energy,1152116100,Electrification of Public Facilities - (VI),1152116158,Ulkaya,2630200,Capital Grants to Government Agencies and other Levels of Government,exp,0,10000000,0,0,545,yes
fy-2026-27-development-book-volume-iii-1104-2111,1152,State Department for Energy,1152116100,Electrification of Public Facilities - (VI),1152116159,Mkeno Primary,2630200,Capital Grants to Government Agencies and other Levels of Government,exp,0,10000000,0,0,545,yes
fy-2026-27-development-book-volume-iii-1104-2111,1152,State Department for Energy,1152116100,Electrification of Public Facilities - (VI),1152116160,Kapchebau Trading Centre,2630200,Capital Grants to Government Agencies and other Levels of Government,exp,0,10000000,0,0,545,yes
fy-2026-27-development-book-volume-iii-1104-2111,1152,State Department for Energy,1152116100,Electrification of Public Facilities - (VI),1152116161,Moror Primary,2630200,Capital Grants to Government Agencies and other Levels of Government,exp,0,10000000,0,0,545,yes
fy-2026-27-development-book-volume-iii-1104-2111,1152,State Department for Energy,1152116100,Electrification of Public Facilities - (VI),1152116162,Maron Primary,2630200,Capital Grants to Government Agencies and other Levels of Government,exp,0,10000000,0,0,545,yes
fy-2026-27-development-book-volume-iii-1104-2111,1152,State Department for Energy,1152116100,Electrification of Public Facilities - (VI),1152116163,Toroko Primary,2630200,Capital Grants to Government Agencies and other Levels of Government,exp,0,10000000,0,0,545,yes
fy-2026-27-development-book-volume-iii-1104-2111,1152,State Department for Energy,1152116100,Electrification of Public Facilities - (VI),1152116164,Liter Primary,2630200,Capital Grants to Government Agencies and other Levels of Government,exp,0,10000000,0,0,545,yes
fy-2026-27-development-book-volume-iii-1104-2111,1152,State Department for Energy,1152116100,Electrification of Public Facilities - (VI),1152116165,Embomir Primary,2630200,Capital Grants to Government Agencies and other Levels of Government,exp,0,10000000,0,0,545,yes
fy-2026-27-development-book-volume-iii-1104-2111,1152,State Department for Energy,1152116100,Electrification of Public Facilities - (VI),1152116166,Kamogo Meruon ECD,2630200,Capital Grants to Government Agencies and other Levels of Government,exp,0,10000000,0,0,545,yes
fy-2026-27-development-book-volume-iii-1104-2111,1152,State Department for Energy,1152116100,Electrification of Public Facilities - (VI),1152116167,Tot Subcounty Hospital,2630200,Capital Grants to Government Agencies and other Levels of Government 2148,exp,0,10000000,0,0,545,yes
fy-2026-27-development-book-volume-iii-1104-2111,1152,State Department for Energy,1152116100,Electrification of Public Facilities - (VI),1152116168,Kapero Primary,2630200,Capital Grants to Government Agencies and other Levels of Government,exp,0,10000000,0,0,546,yes
fy-2026-27-development-book-volume-iii-1104-2111,1152,State Department for Energy,1152116100,Electrification of Public Facilities - (VI),1152116169,Kapsanayan Primary,2630200,Capital Grants to Government Agencies and other Levels of Government,exp,0,10000000,0,0,546,yes
fy-2026-27-development-book-volume-iii-1104-2111,1152,State Department for Energy,1152116100,Electrification of Public Facilities - (VI),1152116170,Kapchoge Primary,2630200,Capital Grants to Government Agencies and other Levels of Government,exp,0,10000000,0,0,546,yes
fy-2026-27-development-book-volume-iii-1104-2111,1152,State Department for Energy,1152116100,Electrification of Public Facilities - (VI),1152116171,Koromtiony Village,2630200,Capital Grants to Government Agencies and other Levels of Government,exp,0,10000000,0,0,546,yes
fy-2026-27-development-book-volume-iii-1104-2111,1152,State Department for Energy,1152116100,Electrification of Public Facilities - (VI),1152116172,Kimowo Junction,2630200,Capital Grants to Government Agencies and other Levels of Government,exp,0,10000000,0,0,546,yes
fy-2026-27-development-book-volume-iii-1104-2111,1152,State Department for Energy,1152116100,Electrification of Public Facilities - (VI),1152116173,Keituren,2630200,Capital Grants to Government Agencies and other Levels of Government,exp,0,10000000,0,0,546,yes
fy-2026-27-development-book-volume-iii-1104-2111,1152,State Department for Energy,1152116100,Electrification of Public Facilities - (VI),1152116174,?Muswon Primary,2630200,Capital Grants to Government Agencies and other Levels of Government,exp,0,10000000,0,0,546,yes
fy-2026-27-development-book-volume-iii-1104-2111,1152,State Department for Energy,1152116100,Electrification of Public Facilities - (VI),1152116175,?Kaptulmatum,2630200,Capital Grants to Government Agencies and other Levels of Government,exp,0,10000000,0,0,546,yes
fy-2026-27-development-book-volume-iii-1104-2111,1152,State Department for Energy,1152116100,Electrification of Public Facilities - (VI),1152116176,Mureto Primary,2630200,Capital Grants to Government Agencies and other Levels of Government,exp,0,10000000,0,0,546,yes
fy-2026-27-development-book-volume-iii-1104-2111,1152,State Department for Energy,1152116100,Electrification of Public Facilities - (VI),1152116177,Maina Holy Spirit,2630200,Capital Grants to Government Agencies and other Levels of Government,exp,0,10000000,0,0,546,yes
fy-2026-27-development-book-volume-iii-1104-2111,1152,State Department for Energy,1152116200,Electrification of Off-grid areas,1152116201,Ambalo,2630200,Capital Grants to Government Agencies and other Levels of Government,exp,19099060,0,0,0,547,yes
fy-2026-27-development-book-volume-iii-1104-2111,1152,State Department for Energy,1152116200,Electrification of Off-grid areas,1152116201,Ambalo,1140700,Receipts of Taxes on Goods and Services,aia,19099060,0,0,0,547,yes
fy-2026-27-development-book-volume-iii-1104-2111,1152,State Department for Energy,1152116200,Electrification of Off-grid areas,1152116202,Baladweni town (New),2630200,Capital Grants to Government Agencies and other Levels of Government,exp,160449187,0,0,0,547,yes
fy-2026-27-development-book-volume-iii-1104-2111,1152,State Department for Energy,1152116200,Electrification of Off-grid areas,1152116202,Baladweni town (New),1140700,Receipts of Taxes on Goods and Services,aia,160449187,0,0,0,547,yes
fy-2026-27-development-book-volume-iii-1104-2111,1152,State Department for Energy,1152116200,Electrification of Off-grid areas,1152116203,Balesa,2630200,Capital Grants to Government Agencies and other Levels of Government,exp,19099060,0,0,0,547,yes
fy-2026-27-development-book-volume-iii-1104-2111,1152,State Department for Energy,1152116200,Electrification of Off-grid areas,1152116203,Balesa,1140700,Receipts of Taxes on Goods and Services,aia,19099060,0,0,0,547,yes
fy-2026-27-development-book-volume-iii-1104-2111,1152,State Department for Energy,1152116200,Electrification of Off-grid areas,1152116204,Basir,2630200,Capital Grants to Government Agencies and other Levels of Government,exp,19491720,0,0,0,547,yes
fy-2026-27-development-book-volume-iii-1104-2111,1152,State Department for Energy,1152116200,Electrification of Off-grid areas,1152116204,Basir,1140700,Receipts of Taxes on Goods and Services,aia,19491720,0,0,0,547,yes
fy-2026-27-development-book-volume-iii-1104-2111,1152,State Department for Energy,1152116200,Electrification of Off-grid areas,1152116205,Biamadhow,2630200,Capital Grants to Government Agencies and other Levels of Government,exp,72020050,0,0,0,547,yes
fy-2026-27-development-book-volume-iii-1104-2111,1152,State Department for Energy,1152116200,Electrification of Off-grid areas,1152116205,Biamadhow,1140700,Receipts of Taxes on Goods and Services,aia,72020050,0,0,0,547,yes
fy-2026-27-development-book-volume-iii-1104-2111,1152,State Department for Energy,1152116200,Electrification of Off-grid areas,1152116206,Burduras,2630200,Capital Grants to Government Agencies and other Levels of Government,exp,74876260,0,0,0,547,yes
fy-2026-27-development-book-volume-iii-1104-2111,1152,State Department for Energy,1152116200,Electrification of Off-grid areas,1152116206,Burduras,1140700,Receipts of Taxes on Goods and Services,aia,74876260,0,0,0,547,yes
fy-2026-27-development-book-volume-iii-1104-2111,1152,State Department for Energy,1152116200,Electrification of Off-grid areas,1152116207,Dadra Village,2630200,Capital Grants to Government Agencies and other Levels of Government 2150,exp,10000000,0,0,0,547,yes
fy-2026-27-development-book-volume-iii-1104-2111,1152,State Department for Energy,1152116200,Electrification of Off-grid areas,1152116207,Dadra Village,1140700,Receipts of Taxes on Goods and Services,aia,10000000,0,0,0,548,yes
fy-2026-27-development-book-volume-iii-1104-2111,1152,State Department for Energy,1152116200,Electrification of Off-grid areas,1152116208,Dam Village/ Hianyu-Murungaru Ward Elec. Project in Kinangop,2630200,Capital Grants to Government Agencies and other Levels of Government,exp,10000000,0,0,0,548,yes
fy-2026-27-development-book-volume-iii-1104-2111,1152,State Department for Energy,1152116200,Electrification of Off-grid areas,1152116208,Dam Village/ Hianyu-Murungaru Ward Elec. Project in Kinangop,1140700,Receipts of Taxes on Goods and Services,aia,10000000,0,0,0,548,yes
fy-2026-27-development-book-volume-iii-1104-2111,1152,State Department for Energy,1152116200,Electrification of Off-grid areas,1152116209,Ebumbuya - REREC,2630200,Capital Grants to Government Agencies and other Levels of Government,exp,10000000,0,0,0,548,yes
fy-2026-27-development-book-volume-iii-1104-2111,1152,State Department for Energy,1152116200,Electrification of Off-grid areas,1152116209,Ebumbuya - REREC,1140700,Receipts of Taxes on Goods and Services,aia,10000000,0,0,0,548,yes
fy-2026-27-development-book-volume-iii-1104-2111,1152,State Department for Energy,1152116200,Electrification of Off-grid areas,1152116210,Eldera,2630200,Capital Grants to Government Agencies and other Levels of Government,exp,19099060,0,0,0,548,yes
fy-2026-27-development-book-volume-iii-1104-2111,1152,State Department for Energy,1152116200,Electrification of Off-grid areas,1152116210,Eldera,1140700,Receipts of Taxes on Goods and Services,aia,19099060,0,0,0,548,yes
fy-2026-27-development-book-volume-iii-1104-2111,1152,State Department for Energy,1152116200,Electrification of Off-grid areas,1152116211,Eliye (Ille) Springs,2630200,Capital Grants to Government Agencies and other Levels of Government,exp,63391140,0,0,0,548,yes
fy-2026-27-development-book-volume-iii-1104-2111,1152,State Department for Energy,1152116200,Electrification of Off-grid areas,1152116211,Eliye (Ille) Springs,1140700,Receipts of Taxes on Goods and Services,aia,63391140,0,0,0,548,yes
fy-2026-27-development-book-volume-iii-1104-2111,1152,State Department for Energy,1152116200,Electrification of Off-grid areas,1152116212,Emesa/Riangubo,2630200,Capital Grants to Government Agencies and other Levels of Government,exp,10000000,0,0,0,548,yes
fy-2026-27-development-book-volume-iii-1104-2111,1152,State Department for Energy,1152116200,Electrification of Off-grid areas,1152116212,Emesa/Riangubo,1140700,Receipts of Taxes on Goods and Services,aia,10000000,0,0,0,548,yes
fy-2026-27-development-book-volume-iii-1104-2111,1152,State Department for Energy,1152116200,Electrification of Off-grid areas,1152116213,Esinaka -REREC,2630200,Capital Grants to Government Agencies and other Levels of Government,exp,10000000,0,0,0,548,yes
fy-2026-27-development-book-volume-iii-1104-2111,1152,State Department for Energy,1152116200,Electrification of Off-grid areas,1152116213,Esinaka -REREC,1140700,Receipts of Taxes on Goods and Services,aia,10000000,0,0,0,548,yes
fy-2026-27-development-book-volume-iii-1104-2111,1152,State Department for Energy,1152116200,Electrification of Off-grid areas,1152116214,Gari,2630200,Capital Grants to Government Agencies and other Levels of Government 2151,exp,19099060,0,0,0,548,yes
fy-2026-27-development-book-volume-iii-1104-2111,1152,State Department for Energy,1152116200,Electrification of Off-grid areas,1152116214,Gari,1140700,Receipts of Taxes on Goods and Services,aia,19099060,0,0,0,549,yes
fy-2026-27-development-book-volume-iii-1104-2111,1152,State Department for Energy,1152116200,Electrification of Off-grid areas,1152116215,Garsweino,2630200,Capital Grants to Government Agencies and other Levels of Government,exp,19099060,0,0,0,549,yes
fy-2026-27-development-book-volume-iii-1104-2111,1152,State Department for Energy,1152116200,Electrification of Off-grid areas,1152116215,Garsweino,1140700,Receipts of Taxes on Goods and Services,aia,19099060,0,0,0,549,yes
fy-2026-27-development-book-volume-iii-1104-2111,1152,State Department for Energy,1152116200,Electrification of Off-grid areas,1152116216,Gesonso,2630200,Capital Grants to Government Agencies and other Levels of Government,exp,10000000,0,0,0,549,yes
fy-2026-27-development-book-volume-iii-1104-2111,1152,State Department for Energy,1152116200,Electrification of Off-grid areas,1152116216,Gesonso,1140700,Receipts of Taxes on Goods and Services,aia,10000000,0,0,0,549,yes
fy-2026-27-development-book-volume-iii-1104-2111,1152,State Department for Energy,1152116200,Electrification of Off-grid areas,1152116217,Getiongo1,2630200,Capital Grants to Government Agencies and other Levels of Government,exp,5000000,0,0,0,549,yes
fy-2026-27-development-book-volume-iii-1104-2111,1152,State Department for Energy,1152116200,Electrification of Off-grid areas,1152116217,Getiongo1,1140700,Receipts of Taxes on Goods and Services,aia,5000000,0,0,0,549,yes
fy-2026-27-development-book-volume-iii-1104-2111,1152,State Department for Energy,1152116200,Electrification of Off-grid areas,1152116218,Got-Aloo A Village,2630200,Capital Grants to Government Agencies and other Levels of Government,exp,10000000,0,0,0,549,yes
fy-2026-27-development-book-volume-iii-1104-2111,1152,State Department for Energy,1152116200,Electrification of Off-grid areas,1152116218,Got-Aloo A Village,1140700,Receipts of Taxes on Goods and Services,aia,10000000,0,0,0,549,yes
fy-2026-27-development-book-volume-iii-1104-2111,1152,State Department for Energy,1152116200,Electrification of Off-grid areas,1152116219,Greensted High Mast,2630200,Capital Grants to Government Agencies and other Levels of Government,exp,5000000,0,0,0,549,yes
fy-2026-27-development-book-volume-iii-1104-2111,1152,State Department for Energy,1152116200,Electrification of Off-grid areas,1152116219,Greensted High Mast,1140700,Receipts of Taxes on Goods and Services,aia,5000000,0,0,0,549,yes
fy-2026-27-development-book-volume-iii-1104-2111,1152,State Department for Energy,1152116200,Electrification of Off-grid areas,1152116220,Gurar,2630200,Capital Grants to Government Agencies and other Levels of Government,exp,19099060,0,0,0,549,yes
fy-2026-27-development-book-volume-iii-1104-2111,1152,State Department for Energy,1152116200,Electrification of Off-grid areas,1152116220,Gurar,1140700,Receipts of Taxes on Goods and Services,aia,19099060,0,0,0,549,yes
fy-2026-27-development-book-volume-iii-1104-2111,1152,State Department for Energy,1152116200,Electrification of Off-grid areas,1152116221,Hadado,2630200,Capital Grants to Government Agencies and other Levels of Government 2152,exp,19099060,0,0,0,549,yes
fy-2026-27-development-book-volume-iii-1104-2111,1152,State Department for Energy,1152116200,Electrification of Off-grid areas,1152116221,Hadado,1140700,Receipts of Taxes on Goods and Services,aia,19099060,0,0,0,550,yes
fy-2026-27-development-book-volume-iii-1104-2111,1152,State Department for Energy,1152116200,Electrification of Off-grid areas,1152116222,Ikutha High Mast,2630200,Capital Grants to Government Agencies and other Levels of Government,exp,5000000,0,0,0,550,yes
fy-2026-27-development-book-volume-iii-1104-2111,1152,State Department for Energy,1152116200,Electrification of Off-grid areas,1152116222,Ikutha High Mast,1140700,Receipts of Taxes on Goods and Services,aia,5000000,0,0,0,550,yes
fy-2026-27-development-book-volume-iii-1104-2111,1152,State Department for Energy,1152116200,Electrification of Off-grid areas,1152116223,Illaut,2630200,Capital Grants to Government Agencies and other Levels of Government,exp,19099060,0,0,0,550,yes
fy-2026-27-development-book-volume-iii-1104-2111,1152,State Department for Energy,1152116200,Electrification of Off-grid areas,1152116223,Illaut,1140700,Receipts of Taxes on Goods and Services,aia,19099060,0,0,0,550,yes
fy-2026-27-development-book-volume-iii-1104-2111,1152,State Department for Energy,1152116200,Electrification of Off-grid areas,1152116224,Itare,2630200,Capital Grants to Government Agencies and other Levels of Government,exp,5000000,0,0,0,550,yes
fy-2026-27-development-book-volume-iii-1104-2111,1152,State Department for Energy,1152116200,Electrification of Off-grid areas,1152116224,Itare,1140700,Receipts of Taxes on Goods and Services,aia,5000000,0,0,0,550,yes
fy-2026-27-development-book-volume-iii-1104-2111,1152,State Department for Energy,1152116200,Electrification of Off-grid areas,1152116225,Kamutei High Mast,2630200,Capital Grants to Government Agencies and other Levels of Government,exp,5000000,0,0,0,550,yes
fy-2026-27-development-book-volume-iii-1104-2111,1152,State Department for Energy,1152116200,Electrification of Off-grid areas,1152116225,Kamutei High Mast,1140700,Receipts of Taxes on Goods and Services,aia,5000000,0,0,0,550,yes
fy-2026-27-development-book-volume-iii-1104-2111,1152,State Department for Energy,1152116200,Electrification of Off-grid areas,1152116226,Kangangipur,2630200,Capital Grants to Government Agencies and other Levels of Government,exp,19099060,0,0,0,550,yes
fy-2026-27-development-book-volume-iii-1104-2111,1152,State Department for Energy,1152116200,Electrification of Off-grid areas,1152116226,Kangangipur,1140700,Receipts of Taxes on Goods and Services,aia,19099060,0,0,0,550,yes
fy-2026-27-development-book-volume-iii-1104-2111,1152,State Department for Energy,1152116200,Electrification of Off-grid areas,1152116227,Kasiwa Village (Pap Oriang),2630200,Capital Grants to Government Agencies and other Levels of Government,exp,10000000,0,0,0,550,yes
fy-2026-27-development-book-volume-iii-1104-2111,1152,State Department for Energy,1152116200,Electrification of Off-grid areas,1152116227,Kasiwa Village (Pap Oriang),1140700,Receipts of Taxes on Goods and Services,aia,10000000,0,0,0,550,yes
fy-2026-27-development-book-volume-iii-1104-2111,1152,State Department for Energy,1152116200,Electrification of Off-grid areas,1152116228,Kiliwehiri,2630200,Capital Grants to Government Agencies and other Levels of Government 2153,exp,75498060,0,0,0,550,yes
fy-2026-27-development-book-volume-iii-1104-2111,1152,State Department for Energy,1152116200,Electrification of Off-grid areas,1152116228,Kiliwehiri,1140700,Receipts of Taxes on Goods and Services,aia,75498060,0,0,0,551,yes
fy-2026-27-development-book-volume-iii-1104-2111,1152,State Department for Energy,1152116200,Electrification of Off-grid areas,1152116229,Komenya Uhor Village,2630200,Capital Grants to Government Agencies and other Levels of Government,exp,10000000,0,0,0,551,yes
fy-2026-27-development-book-volume-iii-1104-2111,1152,State Department for Energy,1152116200,Electrification of Off-grid areas,1152116229,Komenya Uhor Village,1140700,Receipts of Taxes on Goods and Services,aia,10000000,0,0,0,551,yes
fy-2026-27-development-book-volume-iii-1104-2111,1152,State Department for Energy,1152116200,Electrification of Off-grid areas,1152116230,Letea,2630200,Capital Grants to Government Agencies and other Levels of Government,exp,19099060,0,0,0,551,yes
fy-2026-27-development-book-volume-iii-1104-2111,1152,State Department for Energy,1152116200,Electrification of Off-grid areas,1152116230,Letea,1140700,Receipts of Taxes on Goods and Services,aia,19099060,0,0,0,551,yes
fy-2026-27-development-book-volume-iii-1104-2111,1152,State Department for Energy,1152116200,Electrification of Off-grid areas,1152116231,Lopeduru,2630200,Capital Grants to Government Agencies and other Levels of Government,exp,19099060,0,0,0,551,yes
fy-2026-27-development-book-volume-iii-1104-2111,1152,State Department for Energy,1152116200,Electrification of Off-grid areas,1152116231,Lopeduru,1140700,Receipts of Taxes on Goods and Services,aia,19099060,0,0,0,551,yes
fy-2026-27-development-book-volume-iii-1104-2111,1152,State Department for Energy,1152116200,Electrification of Off-grid areas,1152116232,Lowareng,2630200,Capital Grants to Government Agencies and other Levels of Government,exp,75412180,0,0,0,551,yes
fy-2026-27-development-book-volume-iii-1104-2111,1152,State Department for Energy,1152116200,Electrification of Off-grid areas,1152116232,Lowareng,1140700,Receipts of Taxes on Goods and Services,aia,75412180,0,0,0,551,yes
fy-2026-27-development-book-volume-iii-1104-2111,1152,State Department for Energy,1152116200,Electrification of Off-grid areas,1152116233,Malunga Village,2630200,Capital Grants to Government Agencies and other Levels of Government,exp,10000000,0,0,0,551,yes
fy-2026-27-development-book-volume-iii-1104-2111,1152,State Department for Energy,1152116200,Electrification of Off-grid areas,1152116233,Malunga Village,1140700,Receipts of Taxes on Goods and Services,aia,10000000,0,0,0,551,yes
fy-2026-27-development-book-volume-iii-1104-2111,1152,State Department for Energy,1152116200,Electrification of Off-grid areas,1152116234,Marambach - Kokwa Village,2630200,Capital Grants to Government Agencies and other Levels of Government,exp,10000000,0,0,0,551,yes
fy-2026-27-development-book-volume-iii-1104-2111,1152,State Department for Energy,1152116200,Electrification of Off-grid areas,1152116234,Marambach - Kokwa Village,1140700,Receipts of Taxes on Goods and Services,aia,10000000,0,0,0,551,yes
fy-2026-27-development-book-volume-iii-1104-2111,1152,State Department for Energy,1152116200,Electrification of Off-grid areas,1152116235,Matera Village,2630200,Capital Grants to Government Agencies and other Levels of Government 2154,exp,10000000,0,0,0,551,yes
fy-2026-27-development-book-volume-iii-1104-2111,1152,State Department for Energy,1152116200,Electrification of Off-grid areas,1152116235,Matera Village,1140700,Receipts of Taxes on Goods and Services,aia,10000000,0,0,0,552,yes
fy-2026-27-development-book-volume-iii-1104-2111,1152,State Department for Energy,1152116200,Electrification of Off-grid areas,1152116236,Mosocho,2630200,Capital Grants to Government Agencies and other Levels of Government,exp,10000000,0,0,0,552,yes
fy-2026-27-development-book-volume-iii-1104-2111,1152,State Department for Energy,1152116200,Electrification of Off-grid areas,1152116236,Mosocho,1140700,Receipts of Taxes on Goods and Services,aia,10000000,0,0,0,552,yes
fy-2026-27-development-book-volume-iii-1104-2111,1152,State Department for Energy,1152116200,Electrification of Off-grid areas,1152116237,Muangeni High Mast,2630200,Capital Grants to Government Agencies and other Levels of Government,exp,5000000,0,0,0,552,yes
fy-2026-27-development-book-volume-iii-1104-2111,1152,State Department for Energy,1152116200,Electrification of Off-grid areas,1152116237,Muangeni High Mast,1140700,Receipts of Taxes on Goods and Services,aia,5000000,0,0,0,552,yes
fy-2026-27-development-book-volume-iii-1104-2111,1152,State Department for Energy,1152116200,Electrification of Off-grid areas,1152116238,Mutha town High Mast,2630200,Capital Grants to Government Agencies and other Levels of Government,exp,5000000,0,0,0,552,yes
fy-2026-27-development-book-volume-iii-1104-2111,1152,State Department for Energy,1152116200,Electrification of Off-grid areas,1152116238,Mutha town High Mast,1140700,Receipts of Taxes on Goods and Services,aia,5000000,0,0,0,552,yes
fy-2026-27-development-book-volume-iii-1104-2111,1152,State Department for Energy,1152116200,Electrification of Off-grid areas,1152116239,Napelilim,2630200,Capital Grants to Government Agencies and other Levels of Government,exp,19099060,0,0,0,552,yes
fy-2026-27-development-book-volume-iii-1104-2111,1152,State Department for Energy,1152116200,Electrification of Off-grid areas,1152116239,Napelilim,1140700,Receipts of Taxes on Goods and Services,aia,19099060,0,0,0,552,yes
fy-2026-27-development-book-volume-iii-1104-2111,1152,State Department for Energy,1152116200,Electrification of Off-grid areas,1152116240,Ndiuni High Mast,2630200,Capital Grants to Government Agencies and other Levels of Government,exp,5000000,0,0,0,552,yes
fy-2026-27-development-book-volume-iii-1104-2111,1152,State Department for Energy,1152116200,Electrification of Off-grid areas,1152116240,Ndiuni High Mast,1140700,Receipts of Taxes on Goods and Services,aia,5000000,0,0,0,552,yes
fy-2026-27-development-book-volume-iii-1104-2111,1152,State Department for Energy,1152116200,Electrification of Off-grid areas,1152116241,Nyabera,2630200,Capital Grants to Government Agencies and other Levels of Government,exp,10000000,0,0,0,552,yes
fy-2026-27-development-book-volume-iii-1104-2111,1152,State Department for Energy,1152116200,Electrification of Off-grid areas,1152116241,Nyabera,1140700,Receipts of Taxes on Goods and Services,aia,10000000,0,0,0,552,yes
fy-2026-27-development-book-volume-iii-1104-2111,1152,State Department for Energy,1152116200,Electrification of Off-grid areas,1152116242,Nyabisase,2630200,Capital Grants to Government Agencies and other Levels of Government 2155,exp,10000000,0,0,0,552,yes
fy-2026-27-development-book-volume-iii-1104-2111,1152,State Department for Energy,1152116200,Electrification of Off-grid areas,1152116242,Nyabisase,1140700,Receipts of Taxes on Goods and Services,aia,10000000,0,0,0,553,yes
fy-2026-27-development-book-volume-iii-1104-2111,1152,State Department for Energy,1152116200,Electrification of Off-grid areas,1152116243,Nyabonge/Kionganyo,2630200,Capital Grants to Government Agencies and other Levels of Government,exp,10000000,0,0,0,553,yes
fy-2026-27-development-book-volume-iii-1104-2111,1152,State Department for Energy,1152116200,Electrification of Off-grid areas,1152116243,Nyabonge/Kionganyo,1140700,Receipts of Taxes on Goods and Services,aia,10000000,0,0,0,553,yes
fy-2026-27-development-book-volume-iii-1104-2111,1152,State Department for Energy,1152116200,Electrification of Off-grid areas,1152116244,Nyaigwa,2630200,Capital Grants to Government Agencies and other Levels of Government,exp,10000000,0,0,0,553,yes
fy-2026-27-development-book-volume-iii-1104-2111,1152,State Department for Energy,1152116200,Electrification of Off-grid areas,1152116244,Nyaigwa,1140700,Receipts of Taxes on Goods and Services,aia,10000000,0,0,0,553,yes
fy-2026-27-development-book-volume-iii-1104-2111,1152,State Department for Energy,1152116200,Electrification of Off-grid areas,1152116245,Nyakome,2630200,Capital Grants to Government Agencies and other Levels of Government,exp,10000000,0,0,0,553,yes
fy-2026-27-development-book-volume-iii-1104-2111,1152,State Department for Energy,1152116200,Electrification of Off-grid areas,1152116245,Nyakome,1140700,Receipts of Taxes on Goods and Services,aia,10000000,0,0,0,553,yes
fy-2026-27-development-book-volume-iii-1104-2111,1152,State Department for Energy,1152116200,Electrification of Off-grid areas,1152116246,Nyamondo,2630200,Capital Grants to Government Agencies and other Levels of Government,exp,10000000,0,0,0,553,yes
fy-2026-27-development-book-volume-iii-1104-2111,1152,State Department for Energy,1152116200,Electrification of Off-grid areas,1152116246,Nyamondo,1140700,Receipts of Taxes on Goods and Services,aia,10000000,0,0,0,553,yes
fy-2026-27-development-book-volume-iii-1104-2111,1152,State Department for Energy,1152116200,Electrification of Off-grid areas,1152116247,Nyankaanda,2630200,Capital Grants to Government Agencies and other Levels of Government,exp,10000000,0,0,0,553,yes
fy-2026-27-development-book-volume-iii-1104-2111,1152,State Department for Energy,1152116200,Electrification of Off-grid areas,1152116247,Nyankaanda,1140700,Receipts of Taxes on Goods and Services,aia,10000000,0,0,0,553,yes
fy-2026-27-development-book-volume-iii-1104-2111,1152,State Department for Energy,1152116200,Electrification of Off-grid areas,1152116248,Oboch Village,2630200,Capital Grants to Government Agencies and other Levels of Government,exp,10000000,0,0,0,553,yes
fy-2026-27-development-book-volume-iii-1104-2111,1152,State Department for Energy,1152116200,Electrification of Off-grid areas,1152116248,Oboch Village,1140700,Receipts of Taxes on Goods and Services,aia,10000000,0,0,0,553,yes
fy-2026-27-development-book-volume-iii-1104-2111,1152,State Department for Energy,1152116200,Electrification of Off-grid areas,1152116249,Ojalo Village,2630200,Capital Grants to Government Agencies and other Levels of Government 2156,exp,10000000,0,0,0,553,yes
fy-2026-27-development-book-volume-iii-1104-2111,1152,State Department for Energy,1152116200,Electrification of Off-grid areas,1152116249,Ojalo Village,1140700,Receipts of Taxes on Goods and Services,aia,10000000,0,0,0,554,yes
fy-2026-27-development-book-volume-iii-1104-2111,1152,State Department for Energy,1152116200,Electrification of Off-grid areas,1152116250,Palpal,2630200,Capital Grants to Government Agencies and other Levels of Government,exp,10000000,0,0,0,554,yes
fy-2026-27-development-book-volume-iii-1104-2111,1152,State Department for Energy,1152116200,Electrification of Off-grid areas,1152116250,Palpal,1140700,Receipts of Taxes on Goods and Services,aia,10000000,0,0,0,554,yes
fy-2026-27-development-book-volume-iii-1104-2111,1152,State Department for Energy,1152116200,Electrification of Off-grid areas,1152116251,Rajoro (Bondo Constituency),2630200,Capital Grants to Government Agencies and other Levels of Government,exp,10000000,0,0,0,554,yes
fy-2026-27-development-book-volume-iii-1104-2111,1152,State Department for Energy,1152116200,Electrification of Off-grid areas,1152116251,Rajoro (Bondo Constituency),1140700,Receipts of Taxes on Goods and Services,aia,10000000,0,0,0,554,yes
fy-2026-27-development-book-volume-iii-1104-2111,1152,State Department for Energy,1152116200,Electrification of Off-grid areas,1152116252,Riba,2630200,Capital Grants to Government Agencies and other Levels of Government,exp,19099060,0,0,0,554,yes
fy-2026-27-development-book-volume-iii-1104-2111,1152,State Department for Energy,1152116200,Electrification of Off-grid areas,1152116252,Riba,1140700,Receipts of Taxes on Goods and Services,aia,19099060,0,0,0,554,yes
fy-2026-27-development-book-volume-iii-1104-2111,1152,State Department for Energy,1152116200,Electrification of Off-grid areas,1152116253,Sangailu,2630200,Capital Grants to Government Agencies and other Levels of Government,exp,93839043,0,0,0,554,yes
fy-2026-27-development-book-volume-iii-1104-2111,1152,State Department for Energy,1152116200,Electrification of Off-grid areas,1152116253,Sangailu,1140700,Receipts of Taxes on Goods and Services,aia,93839043,0,0,0,554,yes
fy-2026-27-development-book-volume-iii-1104-2111,1152,State Department for Energy,1152116200,Electrification of Off-grid areas,1152116254,Sarif,2630200,Capital Grants to Government Agencies and other Levels of Government,exp,19099060,0,0,0,554,yes
fy-2026-27-development-book-volume-iii-1104-2111,1152,State Department for Energy,1152116200,Electrification of Off-grid areas,1152116254,Sarif,1140700,Receipts of Taxes on Goods and Services,aia,19099060,0,0,0,554,yes
fy-2026-27-development-book-volume-iii-1104-2111,1152,State Department for Energy,1152116200,Electrification of Off-grid areas,1152116255,Sarman,2630200,Capital Grants to Government Agencies and other Levels of Government,exp,19099060,0,0,0,554,yes
fy-2026-27-development-book-volume-iii-1104-2111,1152,State Department for Energy,1152116200,Electrification of Off-grid areas,1152116255,Sarman,1140700,Receipts of Taxes on Goods and Services,aia,19099060,0,0,0,554,yes
fy-2026-27-development-book-volume-iii-1104-2111,1152,State Department for Energy,1152116200,Electrification of Off-grid areas,1152116256,Shimbir Fatuma,2630200,Capital Grants to Government Agencies and other Levels of Government 2157,exp,78536460,0,0,0,554,yes
fy-2026-27-development-book-volume-iii-1104-2111,1152,State Department for Energy,1152116200,Electrification of Off-grid areas,1152116256,Shimbir Fatuma,1140700,Receipts of Taxes on Goods and Services,aia,78536460,0,0,0,555,yes
fy-2026-27-development-book-volume-iii-1104-2111,1152,State Department for Energy,1152116200,Electrification of Off-grid areas,1152116257,Site High Mast,2630200,Capital Grants to Government Agencies and other Levels of Government,exp,5000000,0,0,0,555,yes
fy-2026-27-development-book-volume-iii-1104-2111,1152,State Department for Energy,1152116200,Electrification of Off-grid areas,1152116257,Site High Mast,1140700,Receipts of Taxes on Goods and Services,aia,5000000,0,0,0,555,yes
fy-2026-27-development-book-volume-iii-1104-2111,1152,State Department for Energy,1152116200,Electrification of Off-grid areas,1152116258,Teachers B High Mast,2630200,Capital Grants to Government Agencies and other Levels of Government,exp,5000000,0,0,0,555,yes
fy-2026-27-development-book-volume-iii-1104-2111,1152,State Department for Energy,1152116200,Electrification of Off-grid areas,1152116258,Teachers B High Mast,1140700,Receipts of Taxes on Goods and Services,aia,5000000,0,0,0,555,yes
fy-2026-27-development-book-volume-iii-1104-2111,1152,State Department for Energy,1152116200,Electrification of Off-grid areas,1152116259,Thim Ralak Village,2630200,Capital Grants to Government Agencies and other Levels of Government,exp,10000000,0,0,0,555,yes
fy-2026-27-development-book-volume-iii-1104-2111,1152,State Department for Energy,1152116200,Electrification of Off-grid areas,1152116259,Thim Ralak Village,1140700,Receipts of Taxes on Goods and Services,aia,10000000,0,0,0,555,yes
fy-2026-27-development-book-volume-iii-1104-2111,1152,State Department for Energy,1152116200,Electrification of Off-grid areas,1152116260,Tingwangi A,2630200,Capital Grants to Government Agencies and other Levels of Government,exp,10000000,0,0,0,555,yes
fy-2026-27-development-book-volume-iii-1104-2111,1152,State Department for Energy,1152116200,Electrification of Off-grid areas,1152116260,Tingwangi A,1140700,Receipts of Taxes on Goods and Services,aia,10000000,0,0,0,555,yes
fy-2026-27-development-book-volume-iii-1104-2111,1152,State Department for Energy,1152116200,Electrification of Off-grid areas,1152116261,Udindi B Village,2630200,Capital Grants to Government Agencies and other Levels of Government,exp,10000000,0,0,0,555,yes
fy-2026-27-development-book-volume-iii-1104-2111,1152,State Department for Energy,1152116200,Electrification of Off-grid areas,1152116261,Udindi B Village,1140700,Receipts of Taxes on Goods and Services,aia,10000000,0,0,0,555,yes
fy-2026-27-development-book-volume-iii-1104-2111,1152,State Department for Energy,1152116200,Electrification of Off-grid areas,1152116262,Uhuyi Village,2630200,Capital Grants to Government Agencies and other Levels of Government,exp,10000000,0,0,0,555,yes
fy-2026-27-development-book-volume-iii-1104-2111,1152,State Department for Energy,1152116200,Electrification of Off-grid areas,1152116262,Uhuyi Village,1140700,Receipts of Taxes on Goods and Services,aia,10000000,0,0,0,555,yes
fy-2026-27-development-book-volume-iii-1104-2111,1152,State Department for Energy,1152116200,Electrification of Off-grid areas,1152116263,Ulanda Village,2630200,Capital Grants to Government Agencies and other Levels of Government 2158,exp,10000000,0,0,0,555,yes
fy-2026-27-development-book-volume-iii-1104-2111,1152,State Department for Energy,1152116200,Electrification of Off-grid areas,1152116263,Ulanda Village,1140700,Receipts of Taxes on Goods and Services,aia,10000000,0,0,0,556,yes
fy-2026-27-development-book-volume-iii-1104-2111,1152,State Department for Energy,1152116200,Electrification of Off-grid areas,1152116264,Uradi Nyambasra Village,2630200,Capital Grants to Government Agencies and other Levels of Government,exp,10000000,0,0,0,556,yes
fy-2026-27-development-book-volume-iii-1104-2111,1152,State Department for Energy,1152116200,Electrification of Off-grid areas,1152116264,Uradi Nyambasra Village,1140700,Receipts of Taxes on Goods and Services,aia,10000000,0,0,0,556,yes
fy-2026-27-development-book-volume-iii-1104-2111,1152,State Department for Energy,1152116200,Electrification of Off-grid areas,1152116265,Urudi Village (Mur Ngiya),2630200,Capital Grants to Government Agencies and other Levels of Government,exp,10000000,0,0,0,556,yes
fy-2026-27-development-book-volume-iii-1104-2111,1152,State Department for Energy,1152116200,Electrification of Off-grid areas,1152116265,Urudi Village (Mur Ngiya),1140700,Receipts of Taxes on Goods and Services,aia,10000000,0,0,0,556,yes
fy-2026-27-development-book-volume-iii-1104-2111,1152,State Department for Energy,1152116200,Electrification of Off-grid areas,1152116266,Uyemba A,2630200,Capital Grants to Government Agencies and other Levels of Government,exp,10000000,0,0,0,556,yes
fy-2026-27-development-book-volume-iii-1104-2111,1152,State Department for Energy,1152116200,Electrification of Off-grid areas,1152116266,Uyemba A,1140700,Receipts of Taxes on Goods and Services,aia,10000000,0,0,0,556,yes
fy-2026-27-development-book-volume-iii-1104-2111,1152,State Department for Energy,1152116200,Electrification of Off-grid areas,1152116267,Uyemba A Village,2630200,Capital Grants to Government Agencies and other Levels of Government,exp,10000000,0,0,0,556,yes
fy-2026-27-development-book-volume-iii-1104-2111,1152,State Department for Energy,1152116200,Electrification of Off-grid areas,1152116267,Uyemba A Village,1140700,Receipts of Taxes on Goods and Services,aia,10000000,0,0,0,556,yes
fy-2026-27-development-book-volume-iii-1104-2111,1152,State Department for Energy,1152116200,Electrification of Off-grid areas,1152116268,Wangchieng A,2630200,Capital Grants to Government Agencies and other Levels of Government,exp,10000000,0,0,0,556,yes
fy-2026-27-development-book-volume-iii-1104-2111,1152,State Department for Energy,1152116200,Electrification of Off-grid areas,1152116268,Wangchieng A,1140700,Receipts of Taxes on Goods and Services,aia,10000000,0,0,0,556,yes
fy-2026-27-development-book-volume-iii-1104-2111,1152,State Department for Energy,1152116200,Electrification of Off-grid areas,1152116269,Yogo Village (Hono),2630200,Capital Grants to Government Agencies and other Levels of Government,exp,10000000,0,0,0,556,yes
fy-2026-27-development-book-volume-iii-1104-2111,1152,State Department for Energy,1152116200,Electrification of Off-grid areas,1152116269,Yogo Village (Hono),1140700,Receipts of Taxes on Goods and Services,aia,10000000,0,0,0,556,yes
fy-2026-27-development-book-volume-iii-1104-2111,1152,State Department for Energy,1152116300,"Electrification & LMC (10 No ) in Uasin Gishu, Homa Bay & Bungoma",1152116301,"Electrification & LMC (10 No ) in Uasin Gishu, Homa Bay & Bungoma",2630200,Capital Grants to Government Agencies and other Levels of Government,exp,0,70000000,0,0,557,yes
fy-2026-27-development-book-volume-iii-1104-2111,1162,State Department for Livestock Development,1162100500,Livestock Value Chain Support Project-BETA,1162100501,Livestock Value Chain Support Project,2210300,"Domestic Travel and Subsistence, and Other Transportation Costs",exp,25000000,30000000,30000000,30000000,713,yes
fy-2026-27-development-book-volume-iii-1104-2111,1162,State Department for Livestock Development,1162100500,Livestock Value Chain Support Project-BETA,1162100501,Livestock Value Chain Support Project,2210500,"Printing , Advertising and Information Supplies and Services",exp,5000000,5000000,5000000,5000000,713,yes
fy-2026-27-development-book-volume-iii-1104-2111,1162,State Department for Livestock Development,1162100500,Livestock Value Chain Support Project-BETA,1162100501,Livestock Value Chain Support Project,2210600,Rentals of Produced Assets,exp,2000000,0,0,0,713,yes
fy-2026-27-development-book-volume-iii-1104-2111,1162,State Department for Livestock Development,1162100500,Livestock Value Chain Support Project-BETA,1162100501,Livestock Value Chain Support Project,2210700,Training Expenses,exp,11000000,27000000,20000000,30000000,713,yes
fy-2026-27-development-book-volume-iii-1104-2111,1162,State Department for Livestock Development,1162100500,Livestock Value Chain Support Project-BETA,1162100501,Livestock Value Chain Support Project,2211100,Office and General Supplies and Services,exp,2000000,0,0,0,713,yes
fy-2026-27-development-book-volume-iii-1104-2111,1162,State Department for Livestock Development,1162100500,Livestock Value Chain Support Project-BETA,1162100501,Livestock Value Chain Support Project,2211200,Fuel Oil and Lubricants,exp,6000000,7000000,7000000,7000000,713,yes
fy-2026-27-development-book-volume-iii-1104-2111,1162,State Department for Livestock Development,1162100500,Livestock Value Chain Support Project-BETA,1162100501,Livestock Value Chain Support Project,2211300,Other Operating Expenses,exp,35000000,20000000,26000000,26000000,713,yes
fy-2026-27-development-book-volume-iii-1104-2111,1162,State Department for Livestock Development,1162100500,Livestock Value Chain Support Project-BETA,1162100501,Livestock Value Chain Support Project,2220100,Routine Maintenance - Vehicles and Other Transport Equipment,exp,2000000,3000000,3000000,3000000,713,yes
fy-2026-27-development-book-volume-iii-1104-2111,1162,State Department for Livestock Development,1162100500,Livestock Value Chain Support Project-BETA,1162100501,Livestock Value Chain Support Project,3110700,Purchase of Vehicles and Other Transport Equipment,exp,0,24000000,15000000,15000000,713,yes
fy-2026-27-development-book-volume-iii-1104-2111,1162,State Department for Livestock Development,1162100500,Livestock Value Chain Support Project-BETA,1162100501,Livestock Value Chain Support Project,3111000,Purchase of Office Furniture and General Equipment,exp,0,4000000,4000000,4000000,713,yes
fy-2026-27-development-book-volume-iii-1104-2111,1162,State Department for Livestock Development,1162100500,Livestock Value Chain Support Project-BETA,1162100501,Livestock Value Chain Support Project,3111100,"Purchase of Specialised Plant, Equipment and Machinery",exp,1313500000,380000000,3770000000,3980000000,713,yes
fy-2026-27-development-book-volume-iii-1104-2111,1162,State Department for Livestock Development,1162100500,Livestock Value Chain Support Project-BETA,1162100501,Livestock Value Chain Support Project,5120200,Foreign Borrowing - Direct Payments,aia,0,0,3300000000,3000000000,713,yes
fy-2026-27-development-book-volume-iii-1104-2111,1162,State Department for Livestock Development,1162100700,Disease Free Zones Program-BETA,1162100701,Disease Free Zones Program,3110500,Construction and Civil Works,exp,0,37000000,0,0,713,yes
fy-2026-27-development-book-volume-iii-1104-2111,1162,State Department for Livestock Development,1162100900,Establishment of Liquid Nitrogen Plants- KAGRC-BETA,1162100901,Establishment of Liquid Nitrogen Plants- KAGRC,2630200,Capital Grants to Government Agencies and other Levels of Government,exp,69300000,0,0,0,713,yes
fy-2026-27-development-book-volume-iii-1104-2111,1162,State Department for Livestock Development,1162101100,Sustainable TseTse and Trypanosomiasis free areas in Kenya -,1162101101,Sustainable TseTse and Trypanosomiasis free areas in Kenya -,2630200,Capital Grants to Government Agencies and other Levels of Government,exp,50000000,15000000,200000000,150000000,713,yes
fy-2026-27-development-book-volume-iii-1104-2111,1162,State Department for Livestock Development,1162101200,Modernize Foot & Mouth Disease Laboratory for GMP standards-,1162101201,Modernize Foot & Mouth Disease Laboratory for GMP standards-,2630200,Capital Grants to Government Agencies and other Levels of Government,exp,0,112000000,164000000,312000000,714,yes
fy-2026-27-development-book-volume-iii-1104-2111,1162,State Department for Livestock Development,1162101200,Modernize Foot & Mouth Disease Laboratory for GMP standards-,1162101201,Modernize Foot & Mouth Disease Laboratory for GMP standards-,3520200,"Receipts from the Sale of Other Inventories, Stocks, and Commodities",aia,0,112000000,112000000,112000000,714,yes
fy-2026-27-development-book-volume-iii-1104-2111,1162,State Department for Livestock Development,1162101400,Modernization of Kiboko Zoological and Efficacy Trial Centre,1162101401,Modernization of Kiboko Zoological and Efficacy Trial Centre,3111500,Rehabilitation of Civil Works,exp,0,0,25000000,44000000,714,yes
fy-2026-27-development-book-volume-iii-1104-2111,1162,State Department for Livestock Development,1162101600,Construction & equipping the Bio-safety Level 3 Laboratory at Kabete,1162101601,Construction & equipping the Bio-safety Level 3 Laboratory at Kabete,3110500,Construction and Civil Works,exp,0,27100000,80000000,173000000,714,yes
fy-2026-27-development-book-volume-iii-1104-2111,1162,State Department for Livestock Development,1162101700,Construction of learning facilities at AHITI Nyahururu,1162101701,Construction of learning facilities at AHITI Nyahururu,3111500,Rehabilitation of Civil Works,exp,0,14000000,12000000,0,714,yes
fy-2026-27-development-book-volume-iii-1104-2111,1162,State Department for Livestock Development,1162101800,Construction and refurbishment of Infrastructure at AHITI Kabete,1162101801,Construction and refurbishment of Infrastructure at AHITI Kabete,3110500,Construction and Civil Works,exp,0,10000000,60000000,120000000,714,yes
fy-2026-27-development-book-volume-iii-1104-2111,1162,State Department for Livestock Development,1162101900,Construction and refurbishment of Infrastructure -AHITI Ndomba,1162101901,Construction and refurbishment of Infrastructure -AHITI Ndomba,3111500,Rehabilitation of Civil Works,exp,0,13000000,71000000,0,715,yes
fy-2026-27-development-book-volume-iii-1104-2111,1162,State Department for Livestock Development,1162102000,Construct & refurbish facilities -Meat Training Institute Athi River,1162102001,Construct & refurbish facilities -Meat Training Institute Athi River,3110200,Construction of Building,exp,25000000,0,0,0,715,yes
fy-2026-27-development-book-volume-iii-1104-2111,1162,State Department for Livestock Development,1162102000,Construct & refurbish facilities -Meat Training Institute Athi River,1162102001,Construct & refurbish facilities -Meat Training Institute Athi River,3110500,Construction and Civil Works,exp,0,5000000,60000000,100000000,715,yes
fy-2026-27-development-book-volume-iii-1104-2111,1162,State Department for Livestock Development,1162102200,Construction and refurbishment at Dairy Training Institute- Naivasha,1162102201,Construction and refurbishment at Dairy Training Institute- Naivasha,3110500,Construction and Civil Works,exp,0,10000000,70000000,83000000,715,yes
fy-2026-27-development-book-volume-iii-1104-2111,1162,State Department for Livestock Development,1162102300,Construct & Refurbish- Regional Pastoral Training Centre- Narok,1162102301,Construct & Refurbish- Regional Pastoral Training Centre- Narok,3110500,Construction and Civil Works,exp,0,0,23000000,17000000,715,yes
fy-2026-27-development-book-volume-iii-1104-2111,1162,State Department for Livestock Development,1162102400,Farm Development - Sheep and Goats Breeding Farms,1162102401,Farm Development - Sheep and Goats Breeding Farms,3110500,Construction and Civil Works,exp,0,23000000,23000000,0,715,yes
fy-2026-27-development-book-volume-iii-1104-2111,1162,State Department for Livestock Development,1162102500,Farm Development - Livestock Breeding research farms,1162102501,Farm Development - Livestock Breeding research farms,3110500,Construction and Civil Works,exp,0,20000000,13000000,0,716,yes
fy-2026-27-development-book-volume-iii-1104-2111,1162,State Department for Livestock Development,1162102700,Bee health Project - Vector Regulatory and Zoological Services,1162102701,Bee health Project - Vector Regulatory and Zoological Services,3111500,Rehabilitation of Civil Works,exp,0,0,33000000,0,716,yes
fy-2026-27-development-book-volume-iii-1104-2111,1162,State Department for Livestock Development,1162102800,Construct & Refurbish-Foot & Mouth Disease National Reference Lab,1162102801,Construct & Refurbish-Foot & Mouth Disease National Reference Lab,3111500,Rehabilitation of Civil Works,exp,0,0,38000000,0,716,yes
fy-2026-27-development-book-volume-iii-1104-2111,1162,State Department for Livestock Development,1162102900,Construct & Refurbish-Regional Veterinary Investigation Labs,1162102901,Construct & Refurbish-Regional Veterinary Investigation Labs,3110500,Construction and Civil Works,exp,0,12000000,50000000,145700000,716,yes
fy-2026-27-development-book-volume-iii-1104-2111,1162,State Department for Livestock Development,1162103000,Farm development - Veterinary Diagnostic and Efficacy Trial Centres,1162103001,Farm development - Veterinary Diagnostic and Efficacy Trial Centres,3111500,Rehabilitation of Civil Works,exp,0,0,46000000,0,716,yes
fy-2026-27-development-book-volume-iii-1104-2111,1162,State Department for Livestock Development,1162103100,Construction and refurbishment - Leather Science Institute,1162103101,Construction and refurbishment - Leather Science Institute,3110500,Construction and Civil Works,exp,0,0,65000000,217000000,717,yes
fy-2026-27-development-book-volume-iii-1104-2111,1162,State Department for Livestock Development,1162103200,Bee Bulking Project- Apiculture and emerging Livestock Services,1162103201,Bee Bulking Project- Apiculture and emerging Livestock Services,3110500,Construction and Civil Works,exp,0,0,20000000,50000000,717,yes
fy-2026-27-development-book-volume-iii-1104-2111,1162,State Department for Livestock Development,1162103200,Bee Bulking Project- Apiculture and emerging Livestock Services,1162103201,Bee Bulking Project- Apiculture and emerging Livestock Services,3111100,"Purchase of Specialised Plant, Equipment and Machinery",exp,0,0,0,20000000,717,yes
fy-2026-27-development-book-volume-iii-1104-2111,1162,State Department for Livestock Development,1162103300,Construction of National Dairy Laboratory Complex,1162103301,Construction of National Dairy Laboratory Complex,2630200,Capital Grants to Government Agencies and other Levels of Government,exp,0,0,100000000,267000000,717,yes
fy-2026-27-development-book-volume-iii-1104-2111,1162,State Department for Livestock Development,1162103400,National Bee keeping Institute,1162103401,National Bee keeping Institute,2211000,Specialised Materials and Supplies,exp,2000000,0,0,0,717,yes
fy-2026-27-development-book-volume-iii-1104-2111,1162,State Department for Livestock Development,1162103400,National Bee keeping Institute,1162103401,National Bee keeping Institute,3110500,Construction and Civil Works,exp,6000000,5000000,60000000,120000000,717,yes
fy-2026-27-development-book-volume-iii-1104-2111,1162,State Department for Livestock Development,1162104400,Construction & Refurbishment of Facilities - Livestock Inst. Wajir,1162104401,Construction & Refurbishment of Facilities - Livestock Inst. Wajir,3110500,Construction and Civil Works,exp,0,5000000,40000000,110000000,717,yes
fy-2026-27-development-book-volume-iii-1104-2111,1162,State Department for Livestock Development,1162104500,Livestock Production Interventions,1162104501,"Feedlots, Fodder & Pasture Development",3110500,Construction and Civil Works,exp,0,0,93000000,245000000,718,yes
fy-2026-27-development-book-volume-iii-1104-2111,1162,State Department for Livestock Development,1162104500,Livestock Production Interventions,1162104502,Commercialization of Indigenous Poultry,3110500,Construction and Civil Works,exp,0,0,20000000,160000000,718,yes
fy-2026-27-development-book-volume-iii-1104-2111,1162,State Department for Livestock Development,1162104500,Livestock Production Interventions,1162104503,Pig Enterprises Development,3110500,Construction and Civil Works,exp,0,0,20000000,50000000,718,yes
fy-2026-27-development-book-volume-iii-1104-2111,1162,State Department for Livestock Development,1162104500,Livestock Production Interventions,1162104504,Rabbit Enterprises Development,3110500,Construction and Civil Works,exp,0,0,20000000,62000000,718,yes
fy-2026-27-development-book-volume-iii-1104-2111,1162,State Department for Livestock Development,1162104500,Livestock Production Interventions,1162104505,Feedlot Pasture and Water Development- Waregader Water Pan Wajir,2210300,"Domestic Travel and Subsistence, and Other Transportation Costs",exp,6000000,0,0,0,718,yes
fy-2026-27-development-book-volume-iii-1104-2111,1162,State Department for Livestock Development,1162104500,Livestock Production Interventions,1162104505,Feedlot Pasture and Water Development- Waregader Water Pan Wajir,2211200,Fuel Oil and Lubricants,exp,1200000,0,0,0,718,yes
fy-2026-27-development-book-volume-iii-1104-2111,1162,State Department for Livestock Development,1162104500,Livestock Production Interventions,1162104505,Feedlot Pasture and Water Development- Waregader Water Pan Wajir,2220100,Routine Maintenance - Vehicles and Other Transport Equipment,exp,800000,0,0,0,718,yes
fy-2026-27-development-book-volume-iii-1104-2111,1162,State Department for Livestock Development,1162104500,Livestock Production Interventions,1162104505,Feedlot Pasture and Water Development- Waregader Water Pan Wajir,3110500,Construction and Civil Works,exp,80000000,0,0,0,718,yes
fy-2026-27-development-book-volume-iii-1104-2111,1162,State Department for Livestock Development,1162104500,Livestock Production Interventions,1162104506,Feedlot Pasture and Water Development- Ahmed Magan Water Pan,2210300,"Domestic Travel and Subsistence, and Other Transportation Costs",exp,6000000,0,0,0,718,yes
fy-2026-27-development-book-volume-iii-1104-2111,1162,State Department for Livestock Development,1162104500,Livestock Production Interventions,1162104506,Feedlot Pasture and Water Development- Ahmed Magan Water Pan,2211200,Fuel Oil and Lubricants,exp,1200000,0,0,0,718,yes
fy-2026-27-development-book-volume-iii-1104-2111,1162,State Department for Livestock Development,1162104500,Livestock Production Interventions,1162104506,Feedlot Pasture and Water Development- Ahmed Magan Water Pan,2220100,Routine Maintenance - Vehicles and Other Transport Equipment,exp,800000,0,0,0,718,yes
fy-2026-27-development-book-volume-iii-1104-2111,1162,State Department for Livestock Development,1162104500,Livestock Production Interventions,1162104506,Feedlot Pasture and Water Development- Ahmed Magan Water Pan,3110500,Construction and Civil Works,exp,80000000,0,0,0,718,yes
fy-2026-27-development-book-volume-iii-1104-2111,1162,State Department for Livestock Development,1162104500,Livestock Production Interventions,1162104507,Feedlot Pasture and Water Development- Nunow Water Pan- Garissa,2210300,"Domestic Travel and Subsistence, and Other Transportation Costs",exp,7000000,0,0,0,718,yes
fy-2026-27-development-book-volume-iii-1104-2111,1162,State Department for Livestock Development,1162104500,Livestock Production Interventions,1162104507,Feedlot Pasture and Water Development- Nunow Water Pan- Garissa,2211200,Fuel Oil and Lubricants,exp,1200000,0,0,0,718,yes
fy-2026-27-development-book-volume-iii-1104-2111,1162,State Department for Livestock Development,1162104500,Livestock Production Interventions,1162104507,Feedlot Pasture and Water Development- Nunow Water Pan- Garissa,2220100,Routine Maintenance - Vehicles and Other Transport Equipment,exp,800000,0,0,0,718,yes
fy-2026-27-development-book-volume-iii-1104-2111,1162,State Department for Livestock Development,1162104500,Livestock Production Interventions,1162104507,Feedlot Pasture and Water Development- Nunow Water Pan- Garissa,3110500,Construction and Civil Works,exp,80000000,0,0,0,718,yes
fy-2026-27-development-book-volume-iii-1104-2111,1162,State Department for Livestock Development,1162104500,Livestock Production Interventions,1162104508,Feedlot Pasture and Water Development- Abdisamat Water Pan-,2210300,"Domestic Travel and Subsistence, and Other Transportation Costs",exp,7000000,0,0,0,718,yes
fy-2026-27-development-book-volume-iii-1104-2111,1162,State Department for Livestock Development,1162104500,Livestock Production Interventions,1162104508,Feedlot Pasture and Water Development- Abdisamat Water Pan-,2211200,Fuel Oil and Lubricants,exp,1200000,0,0,0,718,yes
fy-2026-27-development-book-volume-iii-1104-2111,1162,State Department for Livestock Development,1162104500,Livestock Production Interventions,1162104508,Feedlot Pasture and Water Development- Abdisamat Water Pan-,2220100,Routine Maintenance - Vehicles and Other Transport Equipment 2321,exp,800000,0,0,0,718,yes
fy-2026-27-development-book-volume-iii-1104-2111,1162,State Department for Livestock Development,1162104500,Livestock Production Interventions,1162104508,Feedlot Pasture and Water Development- Abdisamat Water Pan-,3110500,Construction and Civil Works,exp,80000000,0,0,0,719,yes
fy-2026-27-development-book-volume-iii-1104-2111,1162,State Department for Livestock Development,1162104500,Livestock Production Interventions,1162104509,Feedlot Pasture & Water Development- Nthorungu Water Pan-Tigania,2210300,"Domestic Travel and Subsistence, and Other Transportation Costs",exp,6000000,0,0,0,719,yes
fy-2026-27-development-book-volume-iii-1104-2111,1162,State Department for Livestock Development,1162104500,Livestock Production Interventions,1162104509,Feedlot Pasture & Water Development- Nthorungu Water Pan-Tigania,2211200,Fuel Oil and Lubricants,exp,1800000,0,0,0,719,yes
fy-2026-27-development-book-volume-iii-1104-2111,1162,State Department for Livestock Development,1162104500,Livestock Production Interventions,1162104509,Feedlot Pasture & Water Development- Nthorungu Water Pan-Tigania,2220100,Routine Maintenance - Vehicles and Other Transport Equipment,exp,1200000,0,0,0,719,yes
fy-2026-27-development-book-volume-iii-1104-2111,1162,State Department for Livestock Development,1162104500,Livestock Production Interventions,1162104509,Feedlot Pasture & Water Development- Nthorungu Water Pan-Tigania,3110500,Construction and Civil Works,exp,80000000,0,0,0,719,yes
fy-2026-27-development-book-volume-iii-1104-2111,1162,State Department for Livestock Development,1162104500,Livestock Production Interventions,1162104510,Fafi Farmers Animal Feeds,2211000,Specialised Materials and Supplies,exp,65000000,15400000,0,0,719,yes
fy-2026-27-development-book-volume-iii-1104-2111,1162,State Department for Livestock Development,1162104500,Livestock Production Interventions,1162104511,Garissa Farmers Cooperative,2640500,Other Capital Grants and Transfers,exp,0,23100000,0,0,719,yes
fy-2026-27-development-book-volume-iii-1104-2111,1162,State Department for Livestock Development,1162104500,Livestock Production Interventions,1162104512,Construction of Feedlot Yatta,3110500,Construction and Civil Works,exp,45000000,0,0,0,719,yes
fy-2026-27-development-book-volume-iii-1104-2111,1162,State Department for Livestock Development,1162104500,Livestock Production Interventions,1162104513,Construction of Feedlot-Kibiru,3110200,Construction of Building,exp,45000000,0,0,0,719,yes
fy-2026-27-development-book-volume-iii-1104-2111,1162,State Department for Livestock Development,1162104500,Livestock Production Interventions,1162104514,Breeding Bulls and Bucks - Baringo West and North,3111300,"Purchase of Certified Seeds, Breeding Stock and Live Animals",exp,100000000,0,0,0,719,yes
fy-2026-27-development-book-volume-iii-1104-2111,1162,State Department for Livestock Development,1162104500,Livestock Production Interventions,1162104515,Giriftu Feedlot and Waterpan,3110500,Construction and Civil Works,exp,100000000,0,0,0,719,yes
fy-2026-27-development-book-volume-iii-1104-2111,1162,State Department for Livestock Development,1162104500,Livestock Production Interventions,1162104516,Kilkiley Feedlot,2211000,Specialised Materials and Supplies,exp,0,30900000,0,0,719,yes
fy-2026-27-development-book-volume-iii-1104-2111,1162,State Department for Livestock Development,1162104700,Kenya Livestock Commercialization Programme (KeLCoP)-BETA,1162104701,Kenya Livestock Commercialization Programme (KeLCoP),2630200,Capital Grants to Government Agencies and other Levels of Government,exp,378730000,478730000,0,0,720,yes
fy-2026-27-development-book-volume-iii-1104-2111,1162,State Department for Livestock Development,1162104700,Kenya Livestock Commercialization Programme (KeLCoP)-BETA,1162104701,Kenya Livestock Commercialization Programme (KeLCoP),2640500,Other Capital Grants and Transfers,exp,1312270000,844270000,248000000,0,720,yes
fy-2026-27-development-book-volume-iii-1104-2111,1162,State Department for Livestock Development,1162104800,Towards Ending Drought Emergencies in Kenya (TWENDE)-BETA,1162104801,Towards Ending Drought Emergencies in Kenya (TWENDE),2110200,Basic Wages - Temporary Employees,exp,12400000,0,0,0,720,yes
fy-2026-27-development-book-volume-iii-1104-2111,1162,State Department for Livestock Development,1162104800,Towards Ending Drought Emergencies in Kenya (TWENDE)-BETA,1162104801,Towards Ending Drought Emergencies in Kenya (TWENDE),2210100,Utilities Supplies and Services,exp,50000,0,0,0,720,yes
fy-2026-27-development-book-volume-iii-1104-2111,1162,State Department for Livestock Development,1162104800,Towards Ending Drought Emergencies in Kenya (TWENDE)-BETA,1162104801,Towards Ending Drought Emergencies in Kenya (TWENDE),2210200,"Communication, Supplies and Services",exp,1800000,0,0,0,720,yes
fy-2026-27-development-book-volume-iii-1104-2111,1162,State Department for Livestock Development,1162104800,Towards Ending Drought Emergencies in Kenya (TWENDE)-BETA,1162104801,Towards Ending Drought Emergencies in Kenya (TWENDE),2210300,"Domestic Travel and Subsistence, and Other Transportation Costs",exp,55328000,0,0,0,720,yes
fy-2026-27-development-book-volume-iii-1104-2111,1162,State Department for Livestock Development,1162104800,Towards Ending Drought Emergencies in Kenya (TWENDE)-BETA,1162104801,Towards Ending Drought Emergencies in Kenya (TWENDE),2210400,"Foreign Travel and Subsistence, and other transportation costs",exp,7398000,0,0,0,720,yes
fy-2026-27-development-book-volume-iii-1104-2111,1162,State Department for Livestock Development,1162104800,Towards Ending Drought Emergencies in Kenya (TWENDE)-BETA,1162104801,Towards Ending Drought Emergencies in Kenya (TWENDE),2210500,"Printing , Advertising and Information Supplies and Services",exp,1500000,0,0,0,720,yes
fy-2026-27-development-book-volume-iii-1104-2111,1162,State Department for Livestock Development,1162104800,Towards Ending Drought Emergencies in Kenya (TWENDE)-BETA,1162104801,Towards Ending Drought Emergencies in Kenya (TWENDE),2210800,Hospitality Supplies and Services,exp,13300000,0,0,0,720,yes
fy-2026-27-development-book-volume-iii-1104-2111,1162,State Department for Livestock Development,1162104800,Towards Ending Drought Emergencies in Kenya (TWENDE)-BETA,1162104801,Towards Ending Drought Emergencies in Kenya (TWENDE),2211000,Specialised Materials and Supplies,exp,10800000,0,0,0,720,yes
fy-2026-27-development-book-volume-iii-1104-2111,1162,State Department for Livestock Development,1162104800,Towards Ending Drought Emergencies in Kenya (TWENDE)-BETA,1162104801,Towards Ending Drought Emergencies in Kenya (TWENDE),2211100,Office and General Supplies and Services,exp,2160000,0,0,0,720,yes
fy-2026-27-development-book-volume-iii-1104-2111,1162,State Department for Livestock Development,1162104800,Towards Ending Drought Emergencies in Kenya (TWENDE)-BETA,1162104801,Towards Ending Drought Emergencies in Kenya (TWENDE),2211200,Fuel Oil and Lubricants,exp,7380000,0,0,0,720,yes
fy-2026-27-development-book-volume-iii-1104-2111,1162,State Department for Livestock Development,1162104800,Towards Ending Drought Emergencies in Kenya (TWENDE)-BETA,1162104801,Towards Ending Drought Emergencies in Kenya (TWENDE),2211300,Other Operating Expenses,exp,21540800,0,0,0,720,yes
fy-2026-27-development-book-volume-iii-1104-2111,1162,State Department for Livestock Development,1162104800,Towards Ending Drought Emergencies in Kenya (TWENDE)-BETA,1162104801,Towards Ending Drought Emergencies in Kenya (TWENDE),2220100,Routine Maintenance - Vehicles and Other Transport Equipment,exp,2500000,0,0,0,720,yes
fy-2026-27-development-book-volume-iii-1104-2111,1162,State Department for Livestock Development,1162104800,Towards Ending Drought Emergencies in Kenya (TWENDE)-BETA,1162104801,Towards Ending Drought Emergencies in Kenya (TWENDE),2220200,Routine Maintenance - Other Assets,exp,100000,0,0,0,720,yes
fy-2026-27-development-book-volume-iii-1104-2111,1162,State Department for Livestock Development,1162104800,Towards Ending Drought Emergencies in Kenya (TWENDE)-BETA,1162104801,Towards Ending Drought Emergencies in Kenya (TWENDE),2630200,Capital Grants to Government Agencies and other Levels of Government,exp,130000000,65843600,115000000,0,720,yes
fy-2026-27-development-book-volume-iii-1104-2111,1162,State Department for Livestock Development,1162104800,Towards Ending Drought Emergencies in Kenya (TWENDE)-BETA,1162104801,Towards Ending Drought Emergencies in Kenya (TWENDE),2640500,Other Capital Grants and Transfers,exp,0,112156400,142000000,0,720,yes
fy-2026-27-development-book-volume-iii-1104-2111,1162,State Department for Livestock Development,1162104800,Towards Ending Drought Emergencies in Kenya (TWENDE)-BETA,1162104801,Towards Ending Drought Emergencies in Kenya (TWENDE),3110500,Construction and Civil Works,exp,6000000,0,0,0,720,yes
fy-2026-27-development-book-volume-iii-1104-2111,1162,State Department for Livestock Development,1162104800,Towards Ending Drought Emergencies in Kenya (TWENDE)-BETA,1162104801,Towards Ending Drought Emergencies in Kenya (TWENDE),3111300,"Purchase of Certified Seeds, Breeding Stock and Live Animals",exp,45743200,0,0,0,720,yes
fy-2026-27-development-book-volume-iii-1104-2111,1162,State Department for Livestock Development,1162105300,"De-Risking, Inclusion & Value Enhancement of Pastoral Economies-",1162105301,"De-Risking, Inclusion and Value Enhancement of Pastoral Economies",2210200,"Communication, Supplies and Services",exp,3000000,0,0,0,720,yes
fy-2026-27-development-book-volume-iii-1104-2111,1162,State Department for Livestock Development,1162105300,"De-Risking, Inclusion & Value Enhancement of Pastoral Economies-",1162105301,"De-Risking, Inclusion and Value Enhancement of Pastoral Economies",2210300,"Domestic Travel and Subsistence, and Other Transportation Costs",exp,216646900,0,0,0,720,yes
fy-2026-27-development-book-volume-iii-1104-2111,1162,State Department for Livestock Development,1162105300,"De-Risking, Inclusion & Value Enhancement of Pastoral Economies-",1162105301,"De-Risking, Inclusion and Value Enhancement of Pastoral Economies",2210400,"Foreign Travel and Subsistence, and other transportation costs",exp,38660000,0,0,0,720,yes
fy-2026-27-development-book-volume-iii-1104-2111,1162,State Department for Livestock Development,1162105300,"De-Risking, Inclusion & Value Enhancement of Pastoral Economies-",1162105301,"De-Risking, Inclusion and Value Enhancement of Pastoral Economies",2210500,"Printing , Advertising and Information Supplies and Services",exp,14775000,0,0,0,720,yes
fy-2026-27-development-book-volume-iii-1104-2111,1162,State Department for Livestock Development,1162105300,"De-Risking, Inclusion & Value Enhancement of Pastoral Economies-",1162105301,"De-Risking, Inclusion and Value Enhancement of Pastoral Economies",2210700,Training Expenses,exp,210904700,0,0,0,720,yes
fy-2026-27-development-book-volume-iii-1104-2111,1162,State Department for Livestock Development,1162105300,"De-Risking, Inclusion & Value Enhancement of Pastoral Economies-",1162105301,"De-Risking, Inclusion and Value Enhancement of Pastoral Economies",2210800,Hospitality Supplies and Services,exp,40016700,0,0,0,720,yes
fy-2026-27-development-book-volume-iii-1104-2111,1162,State Department for Livestock Development,1162105300,"De-Risking, Inclusion & Value Enhancement of Pastoral Economies-",1162105301,"De-Risking, Inclusion and Value Enhancement of Pastoral Economies",2210900,Insurance Costs,exp,1000000000,1500000000,500000000,0,720,yes
fy-2026-27-development-book-volume-iii-1104-2111,1162,State Department for Livestock Development,1162105300,"De-Risking, Inclusion & Value Enhancement of Pastoral Economies-",1162105301,"De-Risking, Inclusion and Value Enhancement of Pastoral Economies",2211000,Specialised Materials and Supplies 2323,exp,64740055,0,0,0,720,yes
fy-2026-27-development-book-volume-iii-1104-2111,1162,State Department for Livestock Development,1162105300,"De-Risking, Inclusion & Value Enhancement of Pastoral Economies-",1162105301,"De-Risking, Inclusion and Value Enhancement of Pastoral Economies",2211100,Office and General Supplies and Services,exp,7076800,0,0,0,721,yes
fy-2026-27-development-book-volume-iii-1104-2111,1162,State Department for Livestock Development,1162105300,"De-Risking, Inclusion & Value Enhancement of Pastoral Economies-",1162105301,"De-Risking, Inclusion and Value Enhancement of Pastoral Economies",2211200,Fuel Oil and Lubricants,exp,9971220,0,0,0,721,yes
fy-2026-27-development-book-volume-iii-1104-2111,1162,State Department for Livestock Development,1162105300,"De-Risking, Inclusion & Value Enhancement of Pastoral Economies-",1162105301,"De-Risking, Inclusion and Value Enhancement of Pastoral Economies",2211300,Other Operating Expenses,exp,59000000,0,0,0,721,yes
fy-2026-27-development-book-volume-iii-1104-2111,1162,State Department for Livestock Development,1162105300,"De-Risking, Inclusion & Value Enhancement of Pastoral Economies-",1162105301,"De-Risking, Inclusion and Value Enhancement of Pastoral Economies",2220100,Routine Maintenance - Vehicles and Other Transport Equipment,exp,11378345,0,0,0,721,yes
fy-2026-27-development-book-volume-iii-1104-2111,1162,State Department for Livestock Development,1162105300,"De-Risking, Inclusion & Value Enhancement of Pastoral Economies-",1162105301,"De-Risking, Inclusion and Value Enhancement of Pastoral Economies",2220200,Routine Maintenance - Other Assets,exp,12025280,0,0,0,721,yes
fy-2026-27-development-book-volume-iii-1104-2111,1162,State Department for Livestock Development,1162105300,"De-Risking, Inclusion & Value Enhancement of Pastoral Economies-",1162105301,"De-Risking, Inclusion and Value Enhancement of Pastoral Economies",2630200,Capital Grants to Government Agencies and other Levels of Government,exp,600000000,900000000,500000000,0,721,yes
fy-2026-27-development-book-volume-iii-1104-2111,1162,State Department for Livestock Development,1162105300,"De-Risking, Inclusion & Value Enhancement of Pastoral Economies-",1162105301,"De-Risking, Inclusion and Value Enhancement of Pastoral Economies",2640500,Other Capital Grants and Transfers,exp,0,900000000,1826000000,1500000000,721,yes
fy-2026-27-development-book-volume-iii-1104-2111,1162,State Department for Livestock Development,1162105300,"De-Risking, Inclusion & Value Enhancement of Pastoral Economies-",1162105301,"De-Risking, Inclusion and Value Enhancement of Pastoral Economies",3111000,Purchase of Office Furniture and General Equipment,exp,11805000,0,0,0,721,yes
fy-2026-27-development-book-volume-iii-1104-2111,1162,State Department for Livestock Development,1162105300,"De-Risking, Inclusion & Value Enhancement of Pastoral Economies-",1162105301,"De-Risking, Inclusion and Value Enhancement of Pastoral Economies",5120200,Foreign Borrowing - Direct Payments,aia,1000000000,1500000000,500000000,0,721,yes
fy-2026-27-development-book-volume-iii-1104-2111,1162,State Department for Livestock Development,1162105400,Embryo Transfer Project-BETA,1162105401,Embryo Transfer Project,2630200,Capital Grants to Government Agencies and other Levels of Government,exp,74758633,100000000,138000000,50300000,721,yes
fy-2026-27-development-book-volume-iii-1104-2111,1162,State Department for Livestock Development,1162105500,Leather Value Chain Promotion Programme-BETA,1162105501,Leather Value Chain Promotion Programme,2211000,Specialised Materials and Supplies,exp,0,0,35000000,200000000,721,yes
fy-2026-27-development-book-volume-iii-1104-2111,1162,State Department for Livestock Development,1162105600,Establishment of the Kenya Veterinary Board Regional Offices,1162105601,Establishment of the Kenya Veterinary Board Regional Offices,2630200,Capital Grants to Government Agencies and other Levels of Government,exp,200000000,48067722,63000000,0,721,yes
fy-2026-27-development-book-volume-iii-1104-2111,1162,State Department for Livestock Development,1162105900,"Establishment of Feedlots, Fodder and Pasture",1162105901,"Hadado, Wajir",2211000,Specialised Materials and Supplies 2324,exp,50000000,19300000,0,0,721,yes
fy-2026-27-development-book-volume-iii-1104-2111,1162,State Department for Livestock Development,1162105900,"Establishment of Feedlots, Fodder and Pasture",1162105901,"Hadado, Wajir",3110500,Construction and Civil Works,exp,70000000,0,0,0,722,yes
fy-2026-27-development-book-volume-iii-1104-2111,1162,State Department for Livestock Development,1162105900,"Establishment of Feedlots, Fodder and Pasture",1162105901,"Hadado, Wajir",3111500,Rehabilitation of Civil Works,exp,0,0,30000000,35000000,722,yes
fy-2026-27-development-book-volume-iii-1104-2111,1162,State Department for Livestock Development,1162105900,"Establishment of Feedlots, Fodder and Pasture",1162105902,"Kibiru, Meru",3111500,Rehabilitation of Civil Works,exp,0,0,30000000,35000000,722,yes
fy-2026-27-development-book-volume-iii-1104-2111,1162,State Department for Livestock Development,1162105900,"Establishment of Feedlots, Fodder and Pasture",1162105903,Yatta Ranch,3110500,Construction and Civil Works,exp,0,23000000,50000000,70000000,722,yes
fy-2026-27-development-book-volume-iii-1104-2111,1162,State Department for Livestock Development,1162106000,Livestock Training Institute Mogotio,1162106001,Livestock Training Institute Mogotio,2210300,"Domestic Travel and Subsistence, and Other Transportation Costs",exp,2000000,0,0,0,722,yes
fy-2026-27-development-book-volume-iii-1104-2111,1162,State Department for Livestock Development,1162106000,Livestock Training Institute Mogotio,1162106001,Livestock Training Institute Mogotio,2211200,Fuel Oil and Lubricants,exp,1000000,0,0,0,722,yes
fy-2026-27-development-book-volume-iii-1104-2111,1162,State Department for Livestock Development,1162106000,Livestock Training Institute Mogotio,1162106001,Livestock Training Institute Mogotio,3110200,Construction of Building,exp,0,0,30000000,150000000,722,yes
fy-2026-27-development-book-volume-iii-1104-2111,1162,State Department for Livestock Development,1162106000,Livestock Training Institute Mogotio,1162106001,Livestock Training Institute Mogotio,3110500,Construction and Civil Works,exp,27000000,0,0,0,722,yes
fy-2026-27-development-book-volume-iii-1104-2111,1162,State Department for Livestock Development,1162106300,"Hides, Skins and Leather Fund",1162106301,"Hides, Skins and Leather Fund",2630200,Capital Grants to Government Agencies and other Levels of Government,exp,0,200000000,150000000,400000000,722,yes
fy-2026-27-development-book-volume-iii-1104-2111,1162,State Department for Livestock Development,1162106400,Livestock Training Institute Kitui,1162106401,Livestock Training Institute Kitui,3110500,Construction and Civil Works,exp,45000000,41000000,51000000,190000000,722,yes
fy-2026-27-development-book-volume-iii-1104-2111,1162,State Department for Livestock Development,1162106500,Construction of Awendo Animal Health College,1162106501,Construction of Awendo Animal Health College,2210300,"Domestic Travel and Subsistence, and Other Transportation Costs",exp,4000000,0,0,0,723,yes
fy-2026-27-development-book-volume-iii-1104-2111,1162,State Department for Livestock Development,1162106500,Construction of Awendo Animal Health College,1162106501,Construction of Awendo Animal Health College,2211200,Fuel Oil and Lubricants,exp,2000000,0,0,0,723,yes
fy-2026-27-development-book-volume-iii-1104-2111,1162,State Department for Livestock Development,1162106500,Construction of Awendo Animal Health College,1162106501,Construction of Awendo Animal Health College,3110500,Construction and Civil Works,exp,144000000,20000000,50000000,180000000,723,yes
fy-2026-27-development-book-volume-iii-1104-2111,1162,State Department for Livestock Development,1162106600,National Veterinary Medicines Quality Control Lab,1162106601,National Veterinary Medicines Quality Control Lab,2630200,Capital Grants to Government Agencies and other Levels of Government,exp,50000000,50000000,130000000,330000000,723,yes
fy-2026-27-development-book-volume-iii-1104-2111,1162,State Department for Livestock Development,1162106600,National Veterinary Medicines Quality Control Lab,1162106601,National Veterinary Medicines Quality Control Lab,1140500,Receipts from Permission to Use the Goods or to Perform Services and Act,aia,50000000,50000000,50000000,50000000,723,yes
fy-2026-27-development-book-volume-iii-1104-2111,1166,State Department for the Blue Economy and Fisheries,1166100100,Development Of Fish Quality Laboratories,1166100102,Fish Quality Laboratory in Mombasa,2211000,Specialised Materials and Supplies,exp,0,3000000,0,0,743,yes
fy-2026-27-development-book-volume-iii-1104-2111,1166,State Department for the Blue Economy and Fisheries,1166100100,Development Of Fish Quality Laboratories,1166100104,Fish Quality Laboratory in Kisumu,2211000,Specialised Materials and Supplies,exp,0,6000000,0,0,743,yes
fy-2026-27-development-book-volume-iii-1104-2111,1166,State Department for the Blue Economy and Fisheries,1166100400,Aquaculture Technology development and innovation transfers,1166100401,Aquaculture Technology development and innovation transfers,3110400,Construction of Roads,exp,49000000,0,0,0,743,yes
fy-2026-27-development-book-volume-iii-1104-2111,1166,State Department for the Blue Economy and Fisheries,1166100400,Aquaculture Technology development and innovation transfers,1166100401,Aquaculture Technology development and innovation transfers,3110500,Construction and Civil Works,exp,29000000,0,0,0,743,yes
fy-2026-27-development-book-volume-iii-1104-2111,1166,State Department for the Blue Economy and Fisheries,1166100400,Aquaculture Technology development and innovation transfers,1166100401,Aquaculture Technology development and innovation transfers,3111100,"Purchase of Specialised Plant, Equipment and Machinery",exp,11000000,0,0,0,743,yes
fy-2026-27-development-book-volume-iii-1104-2111,1166,State Department for the Blue Economy and Fisheries,1166100400,Aquaculture Technology development and innovation transfers,1166100402,Aquaponics Technology Transfers,2211000,Specialised Materials and Supplies,exp,0,0,50000000,106000000,743,yes
fy-2026-27-development-book-volume-iii-1104-2111,1166,State Department for the Blue Economy and Fisheries,1166100800,Construction of Fisheries Monitoring Control and Surveillance Centre,1166100801,Construction of Fisheries Monitoring Control and Surveillance Centre,3110500,Construction and Civil Works,exp,30000000,0,0,0,743,yes
fy-2026-27-development-book-volume-iii-1104-2111,1166,State Department for the Blue Economy and Fisheries,1166101300,Aquaculture Business Development Project (ABDP) - BETA,1166101301,Aquaculture Business Development Project (ABDP),2640500,Other Capital Grants and Transfers,exp,3381727099,1938720000,0,0,743,yes
fy-2026-27-development-book-volume-iii-1104-2111,1166,State Department for the Blue Economy and Fisheries,1166101400,Kenya Marine Fisheries & Socio-Economic Development Project -,1166101401,Kenya Marine Fisheries & Socio-Economic Development Project,2640500,Other Capital Grants and Transfers,exp,3540000000,1922000000,0,0,744,yes
fy-2026-27-development-book-volume-iii-1104-2111,1166,State Department for the Blue Economy and Fisheries,1166101400,Kenya Marine Fisheries & Socio-Economic Development Project -,1166101401,Kenya Marine Fisheries & Socio-Economic Development Project,5120200,Foreign Borrowing - Direct Payments,aia,765000000,525000000,0,0,744,yes
fy-2026-27-development-book-volume-iii-1104-2111,1166,State Department for the Blue Economy and Fisheries,1166101500,Coastal Fisheries Infrastructure Development,1166101502,Construction of Shimoni Mariculture Center,3110200,Construction of Building,exp,0,44300000,0,0,744,yes
fy-2026-27-development-book-volume-iii-1104-2111,1166,State Department for the Blue Economy and Fisheries,1166101500,Coastal Fisheries Infrastructure Development,1166101503,Construction of Fish Market in Mombasa,3110200,Construction of Building,exp,68000000,33000000,0,0,744,yes
fy-2026-27-development-book-volume-iii-1104-2111,1166,State Department for the Blue Economy and Fisheries,1166101500,Coastal Fisheries Infrastructure Development,1166101504,Construction of Fish Market in Malindi,3110200,Construction of Building,exp,55000000,0,0,0,744,yes
fy-2026-27-development-book-volume-iii-1104-2111,1166,State Department for the Blue Economy and Fisheries,1166101600,Rehabilitation of Fish Landing Sites - BETA,1166101604,Fish Landing Sites in Mulukhoba,3110500,Construction and Civil Works,exp,0,4000000,0,0,744,yes
fy-2026-27-development-book-volume-iii-1104-2111,1166,State Department for the Blue Economy and Fisheries,1166101600,Rehabilitation of Fish Landing Sites - BETA,1166101612,Fish Landing Sites in Lake Baringo,3110500,Construction and Civil Works,exp,0,0,200000000,0,744,yes
fy-2026-27-development-book-volume-iii-1104-2111,1166,State Department for the Blue Economy and Fisheries,1166101600,Rehabilitation of Fish Landing Sites - BETA,1166101613,Fish Landing Sites in Lake Naivasha,3110500,Construction and Civil Works,exp,0,0,200000000,0,744,yes
fy-2026-27-development-book-volume-iii-1104-2111,1166,State Department for the Blue Economy and Fisheries,1166101600,Rehabilitation of Fish Landing Sites - BETA,1166101614,"Fish Landing Sites in Muhurubay, Migori",3110500,Construction and Civil Works 2347,exp,0,0,200000000,0,744,yes
fy-2026-27-development-book-volume-iii-1104-2111,1166,State Department for the Blue Economy and Fisheries,1166101600,Rehabilitation of Fish Landing Sites - BETA,1166101615,Fish Landing Sites in Usenge Beach,3110500,Construction and Civil Works,exp,0,0,200000000,0,745,yes
fy-2026-27-development-book-volume-iii-1104-2111,1166,State Department for the Blue Economy and Fisheries,1166101700,Development of Blue Economy Initiatives - BETA,1166101701,"Fish Landing Site, Vanga",3110500,Construction and Civil Works,exp,0,8000000,0,0,745,yes
fy-2026-27-development-book-volume-iii-1104-2111,1166,State Department for the Blue Economy and Fisheries,1166101700,Development of Blue Economy Initiatives - BETA,1166101702,"Fish Landing Site, Kibuyuni",3110500,Construction and Civil Works,exp,0,71000000,0,0,745,yes
fy-2026-27-development-book-volume-iii-1104-2111,1166,State Department for the Blue Economy and Fisheries,1166101700,Development of Blue Economy Initiatives - BETA,1166101703,"Fish Landing Site, Gazi",3110500,Construction and Civil Works,exp,0,62000000,0,0,745,yes
fy-2026-27-development-book-volume-iii-1104-2111,1166,State Department for the Blue Economy and Fisheries,1166101700,Development of Blue Economy Initiatives - BETA,1166101704,"Fish Landing Site, Ngomeni",3110500,Construction and Civil Works,exp,0,30000000,0,0,745,yes
fy-2026-27-development-book-volume-iii-1104-2111,1166,State Department for the Blue Economy and Fisheries,1166101700,Development of Blue Economy Initiatives - BETA,1166101706,"Construction of Fish Port at Mokowe, Lamu",3110500,Construction and Civil Works,exp,0,0,430000000,1570000000,745,yes
fy-2026-27-development-book-volume-iii-1104-2111,1166,State Department for the Blue Economy and Fisheries,1166101700,Development of Blue Economy Initiatives - BETA,1166101707,Construction of Fish Port at Malindi,3110500,Construction and Civil Works,exp,0,0,0,2000000000,745,yes
fy-2026-27-development-book-volume-iii-1104-2111,1166,State Department for the Blue Economy and Fisheries,1166101700,Development of Blue Economy Initiatives - BETA,1166101712,Fish Landing Sites in Kizingitini,3111500,Rehabilitation of Civil Works,exp,0,0,200000000,0,745,yes
fy-2026-27-development-book-volume-iii-1104-2111,1166,State Department for the Blue Economy and Fisheries,1166101800,Exploitation of Living Resources under the Blue Economy - BETA,1166101801,Construction of Fish Port (Liwatoni),3110500,Construction and Civil Works,exp,0,48000000,0,0,746,yes
fy-2026-27-development-book-volume-iii-1104-2111,1166,State Department for the Blue Economy and Fisheries,1166101800,Exploitation of Living Resources under the Blue Economy - BETA,1166101805,"Fish Processing Plant at Kalokol, Turkana",3110500,Construction and Civil Works,exp,0,0,200000000,300000000,746,yes
fy-2026-27-development-book-volume-iii-1104-2111,1166,State Department for the Blue Economy and Fisheries,1166102700,Kabonyo Fisheries & Aquaculture Training Center,1166102701,Kabonyo Fisheries & Aquaculture Training Center,2211300,Other Operating Expenses,exp,0,34600000,65000000,0,746,yes
fy-2026-27-development-book-volume-iii-1104-2111,1166,State Department for the Blue Economy and Fisheries,1166102700,Kabonyo Fisheries & Aquaculture Training Center,1166102701,Kabonyo Fisheries & Aquaculture Training Center,3110200,Construction of Building,exp,400000000,543000000,0,0,746,yes
fy-2026-27-development-book-volume-iii-1104-2111,1166,State Department for the Blue Economy and Fisheries,1166102700,Kabonyo Fisheries & Aquaculture Training Center,1166102701,Kabonyo Fisheries & Aquaculture Training Center,5120200,Foreign Borrowing - Direct Payments,aia,400000000,543000000,0,0,746,yes
fy-2026-27-development-book-volume-iii-1104-2111,1169,State Department for Agriculture,1169102100,Sugar Reforms Support Project,1169102101,Headquarters,2630200,Capital Grants to Government Agencies and other Levels of Government,exp,3470000000,2470000000,2000000000,2000000000,757,yes
fy-2026-27-development-book-volume-iii-1104-2111,1169,State Department for Agriculture,1169102100,Sugar Reforms Support Project,1169102101,Headquarters,3520300,"Receipts from the Sale of Inventories, Stocks and Commodities",aia,470000000,470000000,0,0,757,yes
fy-2026-27-development-book-volume-iii-1104-2111,1169,State Department for Agriculture,1169102900,Kenya Cereal Enhancement Programme (KCEP),1169102901,Headquarters,2110200,Basic Wages - Temporary Employees,exp,66300300,73000000,0,0,757,yes
fy-2026-27-development-book-volume-iii-1104-2111,1169,State Department for Agriculture,1169102900,Kenya Cereal Enhancement Programme (KCEP),1169102901,Headquarters,2210100,Utilities Supplies and Services,exp,2512100,650000,0,0,757,yes
fy-2026-27-development-book-volume-iii-1104-2111,1169,State Department for Agriculture,1169102900,Kenya Cereal Enhancement Programme (KCEP),1169102901,Headquarters,2210200,"Communication, Supplies and Services",exp,5320000,4800000,0,0,757,yes
fy-2026-27-development-book-volume-iii-1104-2111,1169,State Department for Agriculture,1169102900,Kenya Cereal Enhancement Programme (KCEP),1169102901,Headquarters,2210300,"Domestic Travel and Subsistence, and Other Transportation Costs",exp,15321400,39720000,0,0,757,yes
fy-2026-27-development-book-volume-iii-1104-2111,1169,State Department for Agriculture,1169102900,Kenya Cereal Enhancement Programme (KCEP),1169102901,Headquarters,2210400,"Foreign Travel and Subsistence, and other transportation costs",exp,3500000,5500000,0,0,757,yes
fy-2026-27-development-book-volume-iii-1104-2111,1169,State Department for Agriculture,1169102900,Kenya Cereal Enhancement Programme (KCEP),1169102901,Headquarters,2210500,"Printing , Advertising and Information Supplies and Services",exp,11650000,10000000,0,0,757,yes
fy-2026-27-development-book-volume-iii-1104-2111,1169,State Department for Agriculture,1169102900,Kenya Cereal Enhancement Programme (KCEP),1169102901,Headquarters,2210700,Training Expenses,exp,120736700,95000000,0,0,757,yes
fy-2026-27-development-book-volume-iii-1104-2111,1169,State Department for Agriculture,1169102900,Kenya Cereal Enhancement Programme (KCEP),1169102901,Headquarters,2210800,Hospitality Supplies and Services,exp,3500000,850000,0,0,757,yes
fy-2026-27-development-book-volume-iii-1104-2111,1169,State Department for Agriculture,1169102900,Kenya Cereal Enhancement Programme (KCEP),1169102901,Headquarters,2210900,Insurance Costs,exp,23180000,15000000,0,0,757,yes
fy-2026-27-development-book-volume-iii-1104-2111,1169,State Department for Agriculture,1169102900,Kenya Cereal Enhancement Programme (KCEP),1169102901,Headquarters,2211000,Specialised Materials and Supplies,exp,25000000,15000000,0,0,757,yes
fy-2026-27-development-book-volume-iii-1104-2111,1169,State Department for Agriculture,1169102900,Kenya Cereal Enhancement Programme (KCEP),1169102901,Headquarters,2211100,Office and General Supplies and Services,exp,8279500,6200000,0,0,757,yes
fy-2026-27-development-book-volume-iii-1104-2111,1169,State Department for Agriculture,1169102900,Kenya Cereal Enhancement Programme (KCEP),1169102901,Headquarters,2211200,Fuel Oil and Lubricants,exp,1500000,5000000,0,0,757,yes
fy-2026-27-development-book-volume-iii-1104-2111,1169,State Department for Agriculture,1169102900,Kenya Cereal Enhancement Programme (KCEP),1169102901,Headquarters,2211300,Other Operating Expenses,exp,15350000,19280000,0,0,757,yes
fy-2026-27-development-book-volume-iii-1104-2111,1169,State Department for Agriculture,1169102900,Kenya Cereal Enhancement Programme (KCEP),1169102901,Headquarters,2220100,Routine Maintenance - Vehicles and Other Transport Equipment,exp,3850000,3500000,0,0,757,yes
fy-2026-27-development-book-volume-iii-1104-2111,1169,State Department for Agriculture,1169102900,Kenya Cereal Enhancement Programme (KCEP),1169102901,Headquarters,2520200,Subsidies to Financial Private Enterprises,exp,250000000,162000000,0,0,757,yes
fy-2026-27-development-book-volume-iii-1104-2111,1169,State Department for Agriculture,1169102900,Kenya Cereal Enhancement Programme (KCEP),1169102901,Headquarters,3111000,Purchase of Office Furniture and General Equipment,exp,0,4500000,0,0,757,yes
fy-2026-27-development-book-volume-iii-1104-2111,1169,State Department for Agriculture,1169103200,Development of Mau Buffer Tea Zone,1169103201,Development of Mau Buffer Tea Zone,2630200,Capital Grants to Government Agencies and other Levels of Government,exp,100000000,0,0,0,757,yes
fy-2026-27-development-book-volume-iii-1104-2111,1169,State Department for Agriculture,1169103300,Fertilizer subsidy programme,1169103301,Fertilizer subsidy programme,2630200,Capital Grants to Government Agencies and other Levels of Government,exp,18000000000,18000000000,6012100000,11031600000,758,yes
fy-2026-27-development-book-volume-iii-1104-2111,1169,State Department for Agriculture,1169103500,Pyrethrum Industry Recovery,1169103501,Pyrethrum Industry Recovery,2630200,Capital Grants to Government Agencies and other Levels of Government,exp,35000000,100000000,600000000,3000000000,758,yes
fy-2026-27-development-book-volume-iii-1104-2111,1169,State Department for Agriculture,1169103600,Development of Agriculture Technology Innovation centres,1169103601,Development of Agriculture Technology Innovation centres,2210300,"Domestic Travel and Subsistence, and Other Transportation Costs",exp,15000000,0,0,0,758,yes
fy-2026-27-development-book-volume-iii-1104-2111,1169,State Department for Agriculture,1169103600,Development of Agriculture Technology Innovation centres,1169103601,Development of Agriculture Technology Innovation centres,2211200,Fuel Oil and Lubricants,exp,15000000,0,0,0,758,yes
fy-2026-27-development-book-volume-iii-1104-2111,1169,State Department for Agriculture,1169103600,Development of Agriculture Technology Innovation centres,1169103601,Development of Agriculture Technology Innovation centres,2211300,Other Operating Expenses,exp,10000000,0,0,0,758,yes
fy-2026-27-development-book-volume-iii-1104-2111,1169,State Department for Agriculture,1169103600,Development of Agriculture Technology Innovation centres,1169103601,Development of Agriculture Technology Innovation centres,3110500,Construction and Civil Works,exp,116000000,0,0,0,758,yes
fy-2026-27-development-book-volume-iii-1104-2111,1169,State Department for Agriculture,1169103600,Development of Agriculture Technology Innovation centres,1169103601,Development of Agriculture Technology Innovation centres,3111100,"Purchase of Specialised Plant, Equipment and Machinery",exp,10000000,0,0,0,758,yes
fy-2026-27-development-book-volume-iii-1104-2111,1169,State Department for Agriculture,1169103600,Development of Agriculture Technology Innovation centres,1169103602,Angoro - Nyando Constituency,2211000,Specialised Materials and Supplies,exp,3000000,0,0,0,758,yes
fy-2026-27-development-book-volume-iii-1104-2111,1169,State Department for Agriculture,1169103600,Development of Agriculture Technology Innovation centres,1169103602,Angoro - Nyando Constituency,3110200,Construction of Building,exp,10000000,0,0,0,758,yes
fy-2026-27-development-book-volume-iii-1104-2111,1169,State Department for Agriculture,1169103600,Development of Agriculture Technology Innovation centres,1169103603,Kiambura Mtepe in Lamu West,2211000,Specialised Materials and Supplies,exp,3000000,0,0,0,758,yes
fy-2026-27-development-book-volume-iii-1104-2111,1169,State Department for Agriculture,1169103600,Development of Agriculture Technology Innovation centres,1169103603,Kiambura Mtepe in Lamu West,3110200,Construction of Building,exp,10000000,0,0,0,758,yes
fy-2026-27-development-book-volume-iii-1104-2111,1169,State Department for Agriculture,1169103600,Development of Agriculture Technology Innovation centres,1169103604,Mukwani Shopping center- Tigania East,2211000,Specialised Materials and Supplies,exp,3000000,0,0,0,758,yes
fy-2026-27-development-book-volume-iii-1104-2111,1169,State Department for Agriculture,1169103600,Development of Agriculture Technology Innovation centres,1169103604,Mukwani Shopping center- Tigania East,3110200,Construction of Building,exp,10000000,0,0,0,758,yes
fy-2026-27-development-book-volume-iii-1104-2111,1169,State Department for Agriculture,1169103600,Development of Agriculture Technology Innovation centres,1169103605,Nairiri- Kilemi- Tigania West,2211000,Specialised Materials and Supplies 2361,exp,2000000,0,0,0,758,yes
fy-2026-27-development-book-volume-iii-1104-2111,1169,State Department for Agriculture,1169103600,Development of Agriculture Technology Innovation centres,1169103605,Nairiri- Kilemi- Tigania West,3110200,Construction of Building,exp,10000000,0,0,0,759,yes
fy-2026-27-development-book-volume-iii-1104-2111,1169,State Department for Agriculture,1169103600,Development of Agriculture Technology Innovation centres,1169103606,Nyarombe Community- Kisumu,2211000,Specialised Materials and Supplies,exp,3000000,0,0,0,759,yes
fy-2026-27-development-book-volume-iii-1104-2111,1169,State Department for Agriculture,1169103600,Development of Agriculture Technology Innovation centres,1169103606,Nyarombe Community- Kisumu,3110200,Construction of Building,exp,10000000,0,0,0,759,yes
fy-2026-27-development-book-volume-iii-1104-2111,1169,State Department for Agriculture,1169103600,Development of Agriculture Technology Innovation centres,1169103607,Rionderi in Makenene Ward- Borabu Constituency,2211000,Specialised Materials and Supplies,exp,3000000,0,0,0,759,yes
fy-2026-27-development-book-volume-iii-1104-2111,1169,State Department for Agriculture,1169103600,Development of Agriculture Technology Innovation centres,1169103607,Rionderi in Makenene Ward- Borabu Constituency,3110200,Construction of Building,exp,10000000,0,0,0,759,yes
fy-2026-27-development-book-volume-iii-1104-2111,1169,State Department for Agriculture,1169103600,Development of Agriculture Technology Innovation centres,1169103608,Tabaita Sublocation community borehole,2211000,Specialised Materials and Supplies,exp,3000000,0,0,0,759,yes
fy-2026-27-development-book-volume-iii-1104-2111,1169,State Department for Agriculture,1169103600,Development of Agriculture Technology Innovation centres,1169103608,Tabaita Sublocation community borehole,3110200,Construction of Building,exp,10000000,0,0,0,759,yes
fy-2026-27-development-book-volume-iii-1104-2111,1169,State Department for Agriculture,1169103600,Development of Agriculture Technology Innovation centres,1169103609,Enterprises Support- Innovation Centres,2210300,"Domestic Travel and Subsistence, and Other Transportation Costs",exp,0,20000000,58000000,38000000,759,yes
fy-2026-27-development-book-volume-iii-1104-2111,1169,State Department for Agriculture,1169103600,Development of Agriculture Technology Innovation centres,1169103609,Enterprises Support- Innovation Centres,2211000,Specialised Materials and Supplies,exp,0,10000000,10000000,8000000,759,yes
fy-2026-27-development-book-volume-iii-1104-2111,1169,State Department for Agriculture,1169103600,Development of Agriculture Technology Innovation centres,1169103609,Enterprises Support- Innovation Centres,2211200,Fuel Oil and Lubricants,exp,0,30000000,5000000,5000000,759,yes
fy-2026-27-development-book-volume-iii-1104-2111,1169,State Department for Agriculture,1169103600,Development of Agriculture Technology Innovation centres,1169103609,Enterprises Support- Innovation Centres,2211300,Other Operating Expenses,exp,0,20000000,78000000,52000000,759,yes
fy-2026-27-development-book-volume-iii-1104-2111,1169,State Department for Agriculture,1169103600,Development of Agriculture Technology Innovation centres,1169103609,Enterprises Support- Innovation Centres,2220100,Routine Maintenance - Vehicles and Other Transport Equipment,exp,0,9952087,4000000,4000000,759,yes
fy-2026-27-development-book-volume-iii-1104-2111,1169,State Department for Agriculture,1169103600,Development of Agriculture Technology Innovation centres,1169103609,Enterprises Support- Innovation Centres,3111100,"Purchase of Specialised Plant, Equipment and Machinery",exp,0,10000000,40000000,38000000,759,yes
fy-2026-27-development-book-volume-iii-1104-2111,1169,State Department for Agriculture,1169103600,Development of Agriculture Technology Innovation centres,1169103609,Enterprises Support- Innovation Centres,3111500,Rehabilitation of Civil Works,exp,0,150000000,305000000,195000000,759,yes
fy-2026-27-development-book-volume-iii-1104-2111,1169,State Department for Agriculture,1169103800,Youth and Women Empowerment in Modern Agriculture Project,1169103801,Youth and Women Empowerment in Modern Agriculture Project,2210300,"Domestic Travel and Subsistence, and Other Transportation Costs",exp,20000000,15000000,0,0,759,yes
fy-2026-27-development-book-volume-iii-1104-2111,1169,State Department for Agriculture,1169103800,Youth and Women Empowerment in Modern Agriculture Project,1169103801,Youth and Women Empowerment in Modern Agriculture Project,2210800,Hospitality Supplies and Services,exp,10000000,3000000,0,0,759,yes
fy-2026-27-development-book-volume-iii-1104-2111,1169,State Department for Agriculture,1169103800,Youth and Women Empowerment in Modern Agriculture Project,1169103801,Youth and Women Empowerment in Modern Agriculture Project,2211000,Specialised Materials and Supplies,exp,80000000,10000000,0,0,759,yes
fy-2026-27-development-book-volume-iii-1104-2111,1169,State Department for Agriculture,1169103800,Youth and Women Empowerment in Modern Agriculture Project,1169103801,Youth and Women Empowerment in Modern Agriculture Project,2211200,Fuel Oil and Lubricants,exp,20000000,0,0,0,759,yes
fy-2026-27-development-book-volume-iii-1104-2111,1169,State Department for Agriculture,1169103800,Youth and Women Empowerment in Modern Agriculture Project,1169103801,Youth and Women Empowerment in Modern Agriculture Project,2211300,Other Operating Expenses,exp,20000000,8000000,0,0,759,yes
fy-2026-27-development-book-volume-iii-1104-2111,1169,State Department for Agriculture,1169103800,Youth and Women Empowerment in Modern Agriculture Project,1169103801,Youth and Women Empowerment in Modern Agriculture Project,3111300,"Purchase of Certified Seeds, Breeding Stock and Live Animals",exp,50000000,0,0,0,759,yes
fy-2026-27-development-book-volume-iii-1104-2111,1169,State Department for Agriculture,1169103900,Food Security and Crop Diversification Project-BETA,1169103901,Food Security and Crop Diversification Project,2210300,"Domestic Travel and Subsistence, and Other Transportation Costs",exp,80000000,30000000,69425000,43900000,760,yes
fy-2026-27-development-book-volume-iii-1104-2111,1169,State Department for Agriculture,1169103900,Food Security and Crop Diversification Project-BETA,1169103901,Food Security and Crop Diversification Project,2210600,Rentals of Produced Assets,exp,50000000,20000000,39100000,21600000,760,yes
fy-2026-27-development-book-volume-iii-1104-2111,1169,State Department for Agriculture,1169103900,Food Security and Crop Diversification Project-BETA,1169103901,Food Security and Crop Diversification Project,2210700,Training Expenses,exp,110000000,20000000,50400000,24100000,760,yes
fy-2026-27-development-book-volume-iii-1104-2111,1169,State Department for Agriculture,1169103900,Food Security and Crop Diversification Project-BETA,1169103901,Food Security and Crop Diversification Project,2211000,Specialised Materials and Supplies,exp,613000000,120000000,673700000,416050000,760,yes
fy-2026-27-development-book-volume-iii-1104-2111,1169,State Department for Agriculture,1169103900,Food Security and Crop Diversification Project-BETA,1169103901,Food Security and Crop Diversification Project,2211100,Office and General Supplies and Services,exp,65467240,6750000,21490000,13250000,760,yes
fy-2026-27-development-book-volume-iii-1104-2111,1169,State Department for Agriculture,1169103900,Food Security and Crop Diversification Project-BETA,1169103901,Food Security and Crop Diversification Project,2211300,Other Operating Expenses,exp,235700000,40000000,97285000,60000000,760,yes
fy-2026-27-development-book-volume-iii-1104-2111,1169,State Department for Agriculture,1169103900,Food Security and Crop Diversification Project-BETA,1169103901,Food Security and Crop Diversification Project,3111300,"Purchase of Certified Seeds, Breeding Stock and Live Animals",exp,544000000,0,0,0,760,yes
fy-2026-27-development-book-volume-iii-1104-2111,1169,State Department for Agriculture,1169103900,Food Security and Crop Diversification Project-BETA,1169103901,Food Security and Crop Diversification Project,3111400,"Research, Feasibility Studies, Project Preparation and Design, Project S",exp,15000000,0,0,0,760,yes
fy-2026-27-development-book-volume-iii-1104-2111,1169,State Department for Agriculture,1169103900,Food Security and Crop Diversification Project-BETA,1169103902,Miraa Industry Revitalization Project,2210700,Training Expenses,exp,0,4500000,5000000,5800000,760,yes
fy-2026-27-development-book-volume-iii-1104-2111,1169,State Department for Agriculture,1169103900,Food Security and Crop Diversification Project-BETA,1169103902,Miraa Industry Revitalization Project,2220100,Routine Maintenance - Vehicles and Other Transport Equipment,exp,0,2400000,5000000,8000000,760,yes
fy-2026-27-development-book-volume-iii-1104-2111,1169,State Department for Agriculture,1169103900,Food Security and Crop Diversification Project-BETA,1169103902,Miraa Industry Revitalization Project,3111500,Rehabilitation of Civil Works,exp,0,45400000,70000000,76200000,760,yes
fy-2026-27-development-book-volume-iii-1104-2111,1169,State Department for Agriculture,1169103900,Food Security and Crop Diversification Project-BETA,1169103903,Mt. Kenya Region,2210300,"Domestic Travel and Subsistence, and Other Transportation Costs",exp,5000000,5000000,0,0,760,yes
fy-2026-27-development-book-volume-iii-1104-2111,1169,State Department for Agriculture,1169103900,Food Security and Crop Diversification Project-BETA,1169103903,Mt. Kenya Region,2211000,Specialised Materials and Supplies,exp,150000000,30000000,0,0,760,yes
fy-2026-27-development-book-volume-iii-1104-2111,1169,State Department for Agriculture,1169103900,Food Security and Crop Diversification Project-BETA,1169103903,Mt. Kenya Region,2211300,Other Operating Expenses,exp,10000000,10000000,0,0,760,yes
fy-2026-27-development-book-volume-iii-1104-2111,1169,State Department for Agriculture,1169103900,Food Security and Crop Diversification Project-BETA,1169103904,North Rift Region,2210300,"Domestic Travel and Subsistence, and Other Transportation Costs",exp,5000000,5000000,0,0,760,yes
fy-2026-27-development-book-volume-iii-1104-2111,1169,State Department for Agriculture,1169103900,Food Security and Crop Diversification Project-BETA,1169103904,North Rift Region,2210600,Rentals of Produced Assets,exp,3000000,0,0,0,760,yes
fy-2026-27-development-book-volume-iii-1104-2111,1169,State Department for Agriculture,1169103900,Food Security and Crop Diversification Project-BETA,1169103904,North Rift Region,2211000,Specialised Materials and Supplies,exp,115000000,30000000,0,0,760,yes
fy-2026-27-development-book-volume-iii-1104-2111,1169,State Department for Agriculture,1169103900,Food Security and Crop Diversification Project-BETA,1169103904,North Rift Region,2211300,Other Operating Expenses,exp,10000000,10000000,0,0,760,yes
fy-2026-27-development-book-volume-iii-1104-2111,1169,State Department for Agriculture,1169103900,Food Security and Crop Diversification Project-BETA,1169103905,Nyanza Region,2211000,Specialised Materials and Supplies,exp,85000000,0,0,0,760,yes
fy-2026-27-development-book-volume-iii-1104-2111,1169,State Department for Agriculture,1169103900,Food Security and Crop Diversification Project-BETA,1169103905,Nyanza Region,2211300,Other Operating Expenses,exp,5000000,0,0,0,760,yes
fy-2026-27-development-book-volume-iii-1104-2111,1169,State Department for Agriculture,1169103900,Food Security and Crop Diversification Project-BETA,1169103906,South Rift Region,2210300,"Domestic Travel and Subsistence, and Other Transportation Costs",exp,10000000,5000000,0,0,760,yes
fy-2026-27-development-book-volume-iii-1104-2111,1169,State Department for Agriculture,1169103900,Food Security and Crop Diversification Project-BETA,1169103906,South Rift Region,2210600,Rentals of Produced Assets,exp,3000000,0,0,0,760,yes
fy-2026-27-development-book-volume-iii-1104-2111,1169,State Department for Agriculture,1169103900,Food Security and Crop Diversification Project-BETA,1169103906,South Rift Region,2210700,Training Expenses 2363,exp,7000000,0,0,0,760,yes
fy-2026-27-development-book-volume-iii-1104-2111,1169,State Department for Agriculture,1169103900,Food Security and Crop Diversification Project-BETA,1169103906,South Rift Region,2211000,Specialised Materials and Supplies,exp,135000000,30000000,0,0,761,yes
fy-2026-27-development-book-volume-iii-1104-2111,1169,State Department for Agriculture,1169103900,Food Security and Crop Diversification Project-BETA,1169103906,South Rift Region,2211300,Other Operating Expenses,exp,15000000,10000000,0,0,761,yes
fy-2026-27-development-book-volume-iii-1104-2111,1169,State Department for Agriculture,1169103900,Food Security and Crop Diversification Project-BETA,1169103907,Western Region,2210300,"Domestic Travel and Subsistence, and Other Transportation Costs",exp,10000000,5000000,0,0,761,yes
fy-2026-27-development-book-volume-iii-1104-2111,1169,State Department for Agriculture,1169103900,Food Security and Crop Diversification Project-BETA,1169103907,Western Region,2210700,Training Expenses,exp,5000000,0,0,0,761,yes
fy-2026-27-development-book-volume-iii-1104-2111,1169,State Department for Agriculture,1169103900,Food Security and Crop Diversification Project-BETA,1169103907,Western Region,2211000,Specialised Materials and Supplies,exp,85000000,30000000,0,0,761,yes
fy-2026-27-development-book-volume-iii-1104-2111,1169,State Department for Agriculture,1169103900,Food Security and Crop Diversification Project-BETA,1169103907,Western Region,2211300,Other Operating Expenses,exp,15000000,15500000,0,0,761,yes
fy-2026-27-development-book-volume-iii-1104-2111,1169,State Department for Agriculture,1169103900,Food Security and Crop Diversification Project-BETA,1169103908,Other Regions,2210300,"Domestic Travel and Subsistence, and Other Transportation Costs",exp,14000000,0,0,0,761,yes
fy-2026-27-development-book-volume-iii-1104-2111,1169,State Department for Agriculture,1169103900,Food Security and Crop Diversification Project-BETA,1169103908,Other Regions,2210700,Training Expenses,exp,7000000,0,0,0,761,yes
fy-2026-27-development-book-volume-iii-1104-2111,1169,State Department for Agriculture,1169103900,Food Security and Crop Diversification Project-BETA,1169103908,Other Regions,2211000,Specialised Materials and Supplies,exp,175000000,0,0,0,761,yes
fy-2026-27-development-book-volume-iii-1104-2111,1169,State Department for Agriculture,1169103900,Food Security and Crop Diversification Project-BETA,1169103908,Other Regions,2211100,Office and General Supplies and Services,exp,8000000,0,0,0,761,yes
fy-2026-27-development-book-volume-iii-1104-2111,1169,State Department for Agriculture,1169103900,Food Security and Crop Diversification Project-BETA,1169103908,Other Regions,2211300,Other Operating Expenses,exp,18000000,0,0,0,761,yes
fy-2026-27-development-book-volume-iii-1104-2111,1169,State Department for Agriculture,1169103900,Food Security and Crop Diversification Project-BETA,1169103909,Wajir,2210300,"Domestic Travel and Subsistence, and Other Transportation Costs",exp,5000000,0,0,0,761,yes
fy-2026-27-development-book-volume-iii-1104-2111,1169,State Department for Agriculture,1169103900,Food Security and Crop Diversification Project-BETA,1169103909,Wajir,2211000,Specialised Materials and Supplies,exp,65000000,32400000,0,0,761,yes
fy-2026-27-development-book-volume-iii-1104-2111,1169,State Department for Agriculture,1169103900,Food Security and Crop Diversification Project-BETA,1169103909,Wajir,2211300,Other Operating Expenses,exp,10000000,0,0,0,761,yes
fy-2026-27-development-book-volume-iii-1104-2111,1169,State Department for Agriculture,1169103900,Food Security and Crop Diversification Project-BETA,1169103910,Garissa,2210300,"Domestic Travel and Subsistence, and Other Transportation Costs",exp,5000000,0,0,0,761,yes
fy-2026-27-development-book-volume-iii-1104-2111,1169,State Department for Agriculture,1169103900,Food Security and Crop Diversification Project-BETA,1169103910,Garissa,2211000,Specialised Materials and Supplies,exp,40000000,20100000,0,0,761,yes
fy-2026-27-development-book-volume-iii-1104-2111,1169,State Department for Agriculture,1169103900,Food Security and Crop Diversification Project-BETA,1169103910,Garissa,2211300,Other Operating Expenses,exp,5000000,0,0,0,761,yes
fy-2026-27-development-book-volume-iii-1104-2111,1169,State Department for Agriculture,1169104000,Construction of Headquarters and Satellite Campuses for KSA,1169104001,Construction of Headquarters and Satellite Campuses for KSA,3110200,Construction of Building,exp,60000000,5000000,50000000,34142857,761,yes
fy-2026-27-development-book-volume-iii-1104-2111,1169,State Department for Agriculture,1169104000,Construction of Headquarters and Satellite Campuses for KSA,1169104001,Construction of Headquarters and Satellite Campuses for KSA,3111500,Rehabilitation of Civil Works,exp,35000000,15000000,157200000,100000000,761,yes
fy-2026-27-development-book-volume-iii-1104-2111,1169,State Department for Agriculture,1169104000,Construction of Headquarters and Satellite Campuses for KSA,1169104002,Ugenya campus,3111500,Rehabilitation of Civil Works 2364,exp,37000000,20000000,207200000,134142857,761,yes
fy-2026-27-development-book-volume-iii-1104-2111,1169,State Department for Agriculture,1169104000,Construction of Headquarters and Satellite Campuses for KSA,1169104003,Kamutune Campus,3111500,Rehabilitation of Civil Works,exp,50000000,10000000,103600000,70000000,762,yes
fy-2026-27-development-book-volume-iii-1104-2111,1169,State Department for Agriculture,1169104000,Construction of Headquarters and Satellite Campuses for KSA,1169104004,Ainabkoi Campus,3111500,Rehabilitation of Civil Works,exp,20000000,20000000,207200000,134142857,762,yes
fy-2026-27-development-book-volume-iii-1104-2111,1169,State Department for Agriculture,1169104000,Construction of Headquarters and Satellite Campuses for KSA,1169104005,Thika Campus,3111500,Rehabilitation of Civil Works,exp,20000000,20000000,207200000,134142858,762,yes
fy-2026-27-development-book-volume-iii-1104-2111,1169,State Department for Agriculture,1169104000,Construction of Headquarters and Satellite Campuses for KSA,1169104006,Kericho Campus,3111500,Rehabilitation of Civil Works,exp,0,20000000,207200000,134142857,762,yes
fy-2026-27-development-book-volume-iii-1104-2111,1169,State Department for Agriculture,1169104000,Construction of Headquarters and Satellite Campuses for KSA,1169104007,Makueni Campus,3111500,Rehabilitation of Civil Works,exp,0,20000000,207200000,134142857,762,yes
fy-2026-27-development-book-volume-iii-1104-2111,1169,State Department for Agriculture,1169104100,Construction of Educational Complex at Bukura Agricultural College,1169104101,Construction of Educational Complex at Bukura Agricultural College,2630200,Capital Grants to Government Agencies and other Levels of Government,exp,0,50000000,120000000,79000000,762,yes
fy-2026-27-development-book-volume-iii-1104-2111,1169,State Department for Agriculture,1169104700,Capacity Building for Enhancement of Rice Production (CADREP)-,1169104701,Capacity Building Project for Enhancement of Rice Production,2210100,Utilities Supplies and Services,exp,100000,100000,100000,100000,762,yes
fy-2026-27-development-book-volume-iii-1104-2111,1169,State Department for Agriculture,1169104700,Capacity Building for Enhancement of Rice Production (CADREP)-,1169104701,Capacity Building Project for Enhancement of Rice Production,2210200,"Communication, Supplies and Services",exp,300000,5925000,5925000,5925000,762,yes
fy-2026-27-development-book-volume-iii-1104-2111,1169,State Department for Agriculture,1169104700,Capacity Building for Enhancement of Rice Production (CADREP)-,1169104701,Capacity Building Project for Enhancement of Rice Production,2210300,"Domestic Travel and Subsistence, and Other Transportation Costs",exp,2700000,10230000,10230000,10230000,762,yes
fy-2026-27-development-book-volume-iii-1104-2111,1169,State Department for Agriculture,1169104700,Capacity Building for Enhancement of Rice Production (CADREP)-,1169104701,Capacity Building Project for Enhancement of Rice Production,2210700,Training Expenses,exp,1880000,8117500,8117500,8117500,762,yes
fy-2026-27-development-book-volume-iii-1104-2111,1169,State Department for Agriculture,1169104700,Capacity Building for Enhancement of Rice Production (CADREP)-,1169104701,Capacity Building Project for Enhancement of Rice Production,2210800,Hospitality Supplies and Services,exp,200000,2075000,2075000,2075000,762,yes
fy-2026-27-development-book-volume-iii-1104-2111,1169,State Department for Agriculture,1169104700,Capacity Building for Enhancement of Rice Production (CADREP)-,1169104701,Capacity Building Project for Enhancement of Rice Production,2211000,Specialised Materials and Supplies,exp,200000,7607500,8607500,7607500,762,yes
fy-2026-27-development-book-volume-iii-1104-2111,1169,State Department for Agriculture,1169104700,Capacity Building for Enhancement of Rice Production (CADREP)-,1169104701,Capacity Building Project for Enhancement of Rice Production,2211100,Office and General Supplies and Services 2365,exp,500000,3500000,3500000,3500000,762,yes
fy-2026-27-development-book-volume-iii-1104-2111,1169,State Department for Agriculture,1169104700,Capacity Building for Enhancement of Rice Production (CADREP)-,1169104701,Capacity Building Project for Enhancement of Rice Production,2211200,Fuel Oil and Lubricants,exp,2170000,5032500,5032500,5032500,763,yes
fy-2026-27-development-book-volume-iii-1104-2111,1169,State Department for Agriculture,1169104700,Capacity Building for Enhancement of Rice Production (CADREP)-,1169104701,Capacity Building Project for Enhancement of Rice Production,2211300,Other Operating Expenses,exp,1070000,6720000,6720000,6720000,763,yes
fy-2026-27-development-book-volume-iii-1104-2111,1169,State Department for Agriculture,1169104700,Capacity Building for Enhancement of Rice Production (CADREP)-,1169104701,Capacity Building Project for Enhancement of Rice Production,2220100,Routine Maintenance - Vehicles and Other Transport Equipment,exp,400000,3025000,3025000,3025000,763,yes
fy-2026-27-development-book-volume-iii-1104-2111,1169,State Department for Agriculture,1169104700,Capacity Building for Enhancement of Rice Production (CADREP)-,1169104701,Capacity Building Project for Enhancement of Rice Production,2220200,Routine Maintenance - Other Assets,exp,300000,1050000,1050000,1050000,763,yes
fy-2026-27-development-book-volume-iii-1104-2111,1169,State Department for Agriculture,1169104700,Capacity Building for Enhancement of Rice Production (CADREP)-,1169104701,Capacity Building Project for Enhancement of Rice Production,3110500,Construction and Civil Works,exp,30000,217500,217500,217500,763,yes
fy-2026-27-development-book-volume-iii-1104-2111,1169,State Department for Agriculture,1169104700,Capacity Building for Enhancement of Rice Production (CADREP)-,1169104701,Capacity Building Project for Enhancement of Rice Production,3111000,Purchase of Office Furniture and General Equipment,exp,50000,2300000,2300000,2300000,763,yes
fy-2026-27-development-book-volume-iii-1104-2111,1169,State Department for Agriculture,1169104700,Capacity Building for Enhancement of Rice Production (CADREP)-,1169104701,Capacity Building Project for Enhancement of Rice Production,3111100,"Purchase of Specialised Plant, Equipment and Machinery",exp,100000,100000,100000,100000,763,yes
fy-2026-27-development-book-volume-iii-1104-2111,1169,State Department for Agriculture,1169104700,Capacity Building for Enhancement of Rice Production (CADREP)-,1169104701,Capacity Building Project for Enhancement of Rice Production,1310200,Grants from Foreign Governments - Direct Payments,aia,0,46000000,47000000,46000000,763,yes
fy-2026-27-development-book-volume-iii-1104-2111,1169,State Department for Agriculture,1169105000,Smallholder Horticulture Empowerment Project (SHEP Biz),1169105001,Smallholder Horticulture Empowerment Project (SHEP Biz),2110200,Basic Wages - Temporary Employees,exp,0,7500000,7500000,7500000,763,yes
fy-2026-27-development-book-volume-iii-1104-2111,1169,State Department for Agriculture,1169105000,Smallholder Horticulture Empowerment Project (SHEP Biz),1169105001,Smallholder Horticulture Empowerment Project (SHEP Biz),2210200,"Communication, Supplies and Services",exp,500000,1750000,2000000,2450000,763,yes
fy-2026-27-development-book-volume-iii-1104-2111,1169,State Department for Agriculture,1169105000,Smallholder Horticulture Empowerment Project (SHEP Biz),1169105001,Smallholder Horticulture Empowerment Project (SHEP Biz),2210300,"Domestic Travel and Subsistence, and Other Transportation Costs",exp,1000000,10600000,18800000,19300000,763,yes
fy-2026-27-development-book-volume-iii-1104-2111,1169,State Department for Agriculture,1169105000,Smallholder Horticulture Empowerment Project (SHEP Biz),1169105001,Smallholder Horticulture Empowerment Project (SHEP Biz),2210500,"Printing , Advertising and Information Supplies and Services",exp,1000000,4400000,6000000,6250000,763,yes
fy-2026-27-development-book-volume-iii-1104-2111,1169,State Department for Agriculture,1169105000,Smallholder Horticulture Empowerment Project (SHEP Biz),1169105001,Smallholder Horticulture Empowerment Project (SHEP Biz),2210600,Rentals of Produced Assets,exp,1500000,3650000,4500000,4800000,763,yes
fy-2026-27-development-book-volume-iii-1104-2111,1169,State Department for Agriculture,1169105000,Smallholder Horticulture Empowerment Project (SHEP Biz),1169105001,Smallholder Horticulture Empowerment Project (SHEP Biz),2210700,Training Expenses,exp,3000000,25300000,31900000,34300000,763,yes
fy-2026-27-development-book-volume-iii-1104-2111,1169,State Department for Agriculture,1169105000,Smallholder Horticulture Empowerment Project (SHEP Biz),1169105001,Smallholder Horticulture Empowerment Project (SHEP Biz),2210800,Hospitality Supplies and Services,exp,500000,8000000,12500000,14700000,763,yes
fy-2026-27-development-book-volume-iii-1104-2111,1169,State Department for Agriculture,1169105000,Smallholder Horticulture Empowerment Project (SHEP Biz),1169105001,Smallholder Horticulture Empowerment Project (SHEP Biz),2210900,Insurance Costs,exp,0,200000,300000,500000,763,yes
fy-2026-27-development-book-volume-iii-1104-2111,1169,State Department for Agriculture,1169105000,Smallholder Horticulture Empowerment Project (SHEP Biz),1169105001,Smallholder Horticulture Empowerment Project (SHEP Biz),2211000,Specialised Materials and Supplies,exp,0,1400000,5400000,7600000,763,yes
fy-2026-27-development-book-volume-iii-1104-2111,1169,State Department for Agriculture,1169105000,Smallholder Horticulture Empowerment Project (SHEP Biz),1169105001,Smallholder Horticulture Empowerment Project (SHEP Biz),2211100,Office and General Supplies and Services,exp,600000,3200000,6500000,7700000,763,yes
fy-2026-27-development-book-volume-iii-1104-2111,1169,State Department for Agriculture,1169105000,Smallholder Horticulture Empowerment Project (SHEP Biz),1169105001,Smallholder Horticulture Empowerment Project (SHEP Biz),2211200,Fuel Oil and Lubricants,exp,500000,5500000,9500000,9600000,763,yes
fy-2026-27-development-book-volume-iii-1104-2111,1169,State Department for Agriculture,1169105000,Smallholder Horticulture Empowerment Project (SHEP Biz),1169105001,Smallholder Horticulture Empowerment Project (SHEP Biz),2220100,Routine Maintenance - Vehicles and Other Transport Equipment,exp,600000,4000000,7600000,7700000,763,yes
fy-2026-27-development-book-volume-iii-1104-2111,1169,State Department for Agriculture,1169105000,Smallholder Horticulture Empowerment Project (SHEP Biz),1169105001,Smallholder Horticulture Empowerment Project (SHEP Biz),2220200,Routine Maintenance - Other Assets,exp,800000,1500000,2500000,2600000,763,yes
fy-2026-27-development-book-volume-iii-1104-2111,1169,State Department for Agriculture,1169105000,Smallholder Horticulture Empowerment Project (SHEP Biz),1169105001,Smallholder Horticulture Empowerment Project (SHEP Biz),3111000,Purchase of Office Furniture and General Equipment,exp,0,8000000,0,0,763,yes
fy-2026-27-development-book-volume-iii-1104-2111,1169,State Department for Agriculture,1169105000,Smallholder Horticulture Empowerment Project (SHEP Biz),1169105001,Smallholder Horticulture Empowerment Project (SHEP Biz),1310200,Grants from Foreign Governments - Direct Payments,aia,0,65000000,70000000,75000000,763,yes
fy-2026-27-development-book-volume-iii-1104-2111,1169,State Department for Agriculture,1169105100,Small Scale Irrigation and Value Addition Project,1169105101,Small Scale Irrigation and Value Addition Project,2211000,Specialised Materials and Supplies,exp,100000000,0,0,0,763,yes
fy-2026-27-development-book-volume-iii-1104-2111,1169,State Department for Agriculture,1169105100,Small Scale Irrigation and Value Addition Project,1169105101,Small Scale Irrigation and Value Addition Project,3110500,Construction and Civil Works,exp,371000000,0,0,0,763,yes
fy-2026-27-development-book-volume-iii-1104-2111,1169,State Department for Agriculture,1169105100,Small Scale Irrigation and Value Addition Project,1169105101,Small Scale Irrigation and Value Addition Project,5120200,Foreign Borrowing - Direct Payments,aia,471000000,0,0,0,764,yes
fy-2026-27-development-book-volume-iii-1104-2111,1169,State Department for Agriculture,1169105400,Construction of Residual Laboratory at PCPB,1169105401,Construction of Residual Laboratory at PCPB,2630200,Capital Grants to Government Agencies and other Levels of Government,exp,0,50000000,0,0,764,yes
fy-2026-27-development-book-volume-iii-1104-2111,1169,State Department for Agriculture,1169106600,Cotton Industry Revitalization Project-BETA,1169106601,Cotton Industry Revitalization Project,2630200,Capital Grants to Government Agencies and other Levels of Government,exp,120000000,150000000,180000000,0,764,yes
fy-2026-27-development-book-volume-iii-1104-2111,1169,State Department for Agriculture,1169106600,Cotton Industry Revitalization Project-BETA,1169106601,Cotton Industry Revitalization Project,3520300,"Receipts from the Sale of Inventories, Stocks and Commodities",aia,120000000,150000000,180000000,0,764,yes
fy-2026-27-development-book-volume-iii-1104-2111,1169,State Department for Agriculture,1169106900,Enable Youth Kenya Programme,1169106901,Enable Youth Kenya Programme - HQ,2210200,"Communication, Supplies and Services",exp,0,2700000,0,0,764,yes
fy-2026-27-development-book-volume-iii-1104-2111,1169,State Department for Agriculture,1169106900,Enable Youth Kenya Programme,1169106901,Enable Youth Kenya Programme - HQ,2210300,"Domestic Travel and Subsistence, and Other Transportation Costs",exp,8500000,150000000,0,0,764,yes
fy-2026-27-development-book-volume-iii-1104-2111,1169,State Department for Agriculture,1169106900,Enable Youth Kenya Programme,1169106901,Enable Youth Kenya Programme - HQ,2210500,"Printing , Advertising and Information Supplies and Services",exp,0,15300000,0,0,764,yes
fy-2026-27-development-book-volume-iii-1104-2111,1169,State Department for Agriculture,1169106900,Enable Youth Kenya Programme,1169106901,Enable Youth Kenya Programme - HQ,2210600,Rentals of Produced Assets,exp,0,4500000,0,0,764,yes
fy-2026-27-development-book-volume-iii-1104-2111,1169,State Department for Agriculture,1169106900,Enable Youth Kenya Programme,1169106901,Enable Youth Kenya Programme - HQ,2210700,Training Expenses,exp,21000000,222000000,0,0,764,yes
fy-2026-27-development-book-volume-iii-1104-2111,1169,State Department for Agriculture,1169106900,Enable Youth Kenya Programme,1169106901,Enable Youth Kenya Programme - HQ,2210800,Hospitality Supplies and Services,exp,200000,8000000,0,0,764,yes
fy-2026-27-development-book-volume-iii-1104-2111,1169,State Department for Agriculture,1169106900,Enable Youth Kenya Programme,1169106901,Enable Youth Kenya Programme - HQ,2211000,Specialised Materials and Supplies,exp,4000000,82500000,0,0,764,yes
fy-2026-27-development-book-volume-iii-1104-2111,1169,State Department for Agriculture,1169106900,Enable Youth Kenya Programme,1169106901,Enable Youth Kenya Programme - HQ,2211100,Office and General Supplies and Services,exp,110000,14500000,0,0,764,yes
fy-2026-27-development-book-volume-iii-1104-2111,1169,State Department for Agriculture,1169106900,Enable Youth Kenya Programme,1169106901,Enable Youth Kenya Programme - HQ,2211200,Fuel Oil and Lubricants,exp,950000,21500000,0,0,764,yes
fy-2026-27-development-book-volume-iii-1104-2111,1169,State Department for Agriculture,1169106900,Enable Youth Kenya Programme,1169106901,Enable Youth Kenya Programme - HQ,2211300,Other Operating Expenses,exp,33000000,100000000,0,0,764,yes
fy-2026-27-development-book-volume-iii-1104-2111,1169,State Department for Agriculture,1169106900,Enable Youth Kenya Programme,1169106901,Enable Youth Kenya Programme - HQ,2220100,Routine Maintenance - Vehicles and Other Transport Equipment,exp,0,5500000,0,0,764,yes
fy-2026-27-development-book-volume-iii-1104-2111,1169,State Department for Agriculture,1169106900,Enable Youth Kenya Programme,1169106901,Enable Youth Kenya Programme - HQ,2220200,Routine Maintenance - Other Assets,exp,0,5000000,0,0,764,yes
fy-2026-27-development-book-volume-iii-1104-2111,1169,State Department for Agriculture,1169106900,Enable Youth Kenya Programme,1169106901,Enable Youth Kenya Programme - HQ,2630200,Capital Grants to Government Agencies and other Levels of Government,exp,278240000,500000000,0,0,764,yes
fy-2026-27-development-book-volume-iii-1104-2111,1169,State Department for Agriculture,1169106900,Enable Youth Kenya Programme,1169106901,Enable Youth Kenya Programme - HQ,3110300,Refurbishment of Buildings,exp,3000000,60000000,0,0,764,yes
fy-2026-27-development-book-volume-iii-1104-2111,1169,State Department for Agriculture,1169106900,Enable Youth Kenya Programme,1169106901,Enable Youth Kenya Programme - HQ,3111000,Purchase of Office Furniture and General Equipment,exp,10000000,88000000,0,0,764,yes
fy-2026-27-development-book-volume-iii-1104-2111,1169,State Department for Agriculture,1169106900,Enable Youth Kenya Programme,1169106901,Enable Youth Kenya Programme - HQ,3111100,"Purchase of Specialised Plant, Equipment and Machinery 2367",exp,0,500000,0,0,764,yes
fy-2026-27-development-book-volume-iii-1104-2111,1169,State Department for Agriculture,1169106900,Enable Youth Kenya Programme,1169106901,Enable Youth Kenya Programme - HQ,3111400,"Research, Feasibility Studies, Project Preparation and Design, Project S",exp,0,40000000,0,0,765,yes
fy-2026-27-development-book-volume-iii-1104-2111,1169,State Department for Agriculture,1169106900,Enable Youth Kenya Programme,1169106901,Enable Youth Kenya Programme - HQ,5120200,Foreign Borrowing - Direct Payments,aia,20000000,273000000,0,0,765,yes
fy-2026-27-development-book-volume-iii-1104-2111,1169,State Department for Agriculture,1169107000,National Value Chain Support Programme-BETA,1169107001,National Value Chain Support Programme,2210300,"Domestic Travel and Subsistence, and Other Transportation Costs",exp,0,5000000,25000000,28000000,765,yes
fy-2026-27-development-book-volume-iii-1104-2111,1169,State Department for Agriculture,1169107000,National Value Chain Support Programme-BETA,1169107001,National Value Chain Support Programme,2210400,"Foreign Travel and Subsistence, and other transportation costs",exp,0,10000000,3800000,3300000,765,yes
fy-2026-27-development-book-volume-iii-1104-2111,1169,State Department for Agriculture,1169107000,National Value Chain Support Programme-BETA,1169107001,National Value Chain Support Programme,2210700,Training Expenses,exp,30400000,4500000,38000000,45000000,765,yes
fy-2026-27-development-book-volume-iii-1104-2111,1169,State Department for Agriculture,1169107000,National Value Chain Support Programme-BETA,1169107001,National Value Chain Support Programme,2210800,Hospitality Supplies and Services,exp,1500000,1500000,10000000,15000000,765,yes
fy-2026-27-development-book-volume-iii-1104-2111,1169,State Department for Agriculture,1169107000,National Value Chain Support Programme-BETA,1169107001,National Value Chain Support Programme,2211100,Office and General Supplies and Services,exp,900000,2000000,20000000,24000000,765,yes
fy-2026-27-development-book-volume-iii-1104-2111,1169,State Department for Agriculture,1169107000,National Value Chain Support Programme-BETA,1169107001,National Value Chain Support Programme,2211200,Fuel Oil and Lubricants,exp,1500000,3000000,15000000,22000000,765,yes
fy-2026-27-development-book-volume-iii-1104-2111,1169,State Department for Agriculture,1169107000,National Value Chain Support Programme-BETA,1169107001,National Value Chain Support Programme,2211300,Other Operating Expenses,exp,64000000,57500000,1457000000,1468000000,765,yes
fy-2026-27-development-book-volume-iii-1104-2111,1169,State Department for Agriculture,1169107000,National Value Chain Support Programme-BETA,1169107001,National Value Chain Support Programme,2220100,Routine Maintenance - Vehicles and Other Transport Equipment,exp,1000000,1500000,15000000,18000000,765,yes
fy-2026-27-development-book-volume-iii-1104-2111,1169,State Department for Agriculture,1169109100,Resilience for Food & Nutrition Security Program in Horn of Africa,1169109101,Resilience for Food & Nutrition Security Program in Horn of Africa,2210200,"Communication, Supplies and Services",exp,7060000,7560000,7060000,4060000,765,yes
fy-2026-27-development-book-volume-iii-1104-2111,1169,State Department for Agriculture,1169109100,Resilience for Food & Nutrition Security Program in Horn of Africa,1169109101,Resilience for Food & Nutrition Security Program in Horn of Africa,2210300,"Domestic Travel and Subsistence, and Other Transportation Costs",exp,7500000,22500000,17750000,16750000,765,yes
fy-2026-27-development-book-volume-iii-1104-2111,1169,State Department for Agriculture,1169109100,Resilience for Food & Nutrition Security Program in Horn of Africa,1169109101,Resilience for Food & Nutrition Security Program in Horn of Africa,2210500,"Printing , Advertising and Information Supplies and Services",exp,4000000,4000000,3865000,2000000,765,yes
fy-2026-27-development-book-volume-iii-1104-2111,1169,State Department for Agriculture,1169109100,Resilience for Food & Nutrition Security Program in Horn of Africa,1169109101,Resilience for Food & Nutrition Security Program in Horn of Africa,2210600,Rentals of Produced Assets,exp,1300000,1000000,1500000,1500000,765,yes
fy-2026-27-development-book-volume-iii-1104-2111,1169,State Department for Agriculture,1169109100,Resilience for Food & Nutrition Security Program in Horn of Africa,1169109101,Resilience for Food & Nutrition Security Program in Horn of Africa,2210700,Training Expenses,exp,31142000,53000000,35550000,32415000,765,yes
fy-2026-27-development-book-volume-iii-1104-2111,1169,State Department for Agriculture,1169109100,Resilience for Food & Nutrition Security Program in Horn of Africa,1169109101,Resilience for Food & Nutrition Security Program in Horn of Africa,2210800,Hospitality Supplies and Services,exp,0,5000000,7400000,7400000,765,yes
fy-2026-27-development-book-volume-iii-1104-2111,1169,State Department for Agriculture,1169109100,Resilience for Food & Nutrition Security Program in Horn of Africa,1169109101,Resilience for Food & Nutrition Security Program in Horn of Africa,2211000,Specialised Materials and Supplies,exp,108123000,33500000,8000000,4000000,765,yes
fy-2026-27-development-book-volume-iii-1104-2111,1169,State Department for Agriculture,1169109100,Resilience for Food & Nutrition Security Program in Horn of Africa,1169109101,Resilience for Food & Nutrition Security Program in Horn of Africa,2211100,Office and General Supplies and Services,exp,6000000,7115000,9000000,3500000,765,yes
fy-2026-27-development-book-volume-iii-1104-2111,1169,State Department for Agriculture,1169109100,Resilience for Food & Nutrition Security Program in Horn of Africa,1169109101,Resilience for Food & Nutrition Security Program in Horn of Africa,2211200,Fuel Oil and Lubricants,exp,25500000,22500000,25000000,20000000,765,yes
fy-2026-27-development-book-volume-iii-1104-2111,1169,State Department for Agriculture,1169109100,Resilience for Food & Nutrition Security Program in Horn of Africa,1169109101,Resilience for Food & Nutrition Security Program in Horn of Africa,2211300,Other Operating Expenses,exp,75000,20075000,19075000,19075000,765,yes
fy-2026-27-development-book-volume-iii-1104-2111,1169,State Department for Agriculture,1169109100,Resilience for Food & Nutrition Security Program in Horn of Africa,1169109101,Resilience for Food & Nutrition Security Program in Horn of Africa,2220100,Routine Maintenance - Vehicles and Other Transport Equipment,exp,16500000,27000000,27000000,25500000,765,yes
fy-2026-27-development-book-volume-iii-1104-2111,1169,State Department for Agriculture,1169109100,Resilience for Food & Nutrition Security Program in Horn of Africa,1169109101,Resilience for Food & Nutrition Security Program in Horn of Africa,2220200,Routine Maintenance - Other Assets,exp,2500000,8000000,2500000,2500000,765,yes
fy-2026-27-development-book-volume-iii-1104-2111,1169,State Department for Agriculture,1169109100,Resilience for Food & Nutrition Security Program in Horn of Africa,1169109101,Resilience for Food & Nutrition Security Program in Horn of Africa,3110300,Refurbishment of Buildings,exp,50000000,0,0,0,765,yes
fy-2026-27-development-book-volume-iii-1104-2111,1169,State Department for Agriculture,1169109100,Resilience for Food & Nutrition Security Program in Horn of Africa,1169109101,Resilience for Food & Nutrition Security Program in Horn of Africa,3110500,Construction and Civil Works,exp,0,580000000,400000000,150000000,765,yes
fy-2026-27-development-book-volume-iii-1104-2111,1169,State Department for Agriculture,1169109100,Resilience for Food & Nutrition Security Program in Horn of Africa,1169109101,Resilience for Food & Nutrition Security Program in Horn of Africa,3110700,Purchase of Vehicles and Other Transport Equipment,exp,25000000,45000000,0,0,765,yes
fy-2026-27-development-book-volume-iii-1104-2111,1169,State Department for Agriculture,1169109100,Resilience for Food & Nutrition Security Program in Horn of Africa,1169109101,Resilience for Food & Nutrition Security Program in Horn of Africa,3111000,Purchase of Office Furniture and General Equipment,exp,30000000,5000000,6500000,0,765,yes
fy-2026-27-development-book-volume-iii-1104-2111,1169,State Department for Agriculture,1169109100,Resilience for Food & Nutrition Security Program in Horn of Africa,1169109101,Resilience for Food & Nutrition Security Program in Horn of Africa,3111300,"Purchase of Certified Seeds, Breeding Stock and Live Animals 2368",exp,6000000,6500000,6000000,4500000,765,yes
fy-2026-27-development-book-volume-iii-1104-2111,1169,State Department for Agriculture,1169109100,Resilience for Food & Nutrition Security Program in Horn of Africa,1169109101,Resilience for Food & Nutrition Security Program in Horn of Africa,3111400,"Research, Feasibility Studies, Project Preparation and Design, Project S",exp,54900000,77250000,60500000,57500000,766,yes
fy-2026-27-development-book-volume-iii-1104-2111,1169,State Department for Agriculture,1169109100,Resilience for Food & Nutrition Security Program in Horn of Africa,1169109101,Resilience for Food & Nutrition Security Program in Horn of Africa,3111500,Rehabilitation of Civil Works,exp,405000000,665000000,188000000,95500000,766,yes
fy-2026-27-development-book-volume-iii-1104-2111,1169,State Department for Agriculture,1169109100,Resilience for Food & Nutrition Security Program in Horn of Africa,1169109101,Resilience for Food & Nutrition Security Program in Horn of Africa,5120200,Foreign Borrowing - Direct Payments,aia,500000000,1290000000,588000000,245500000,766,yes
fy-2026-27-development-book-volume-iii-1104-2111,1169,State Department for Agriculture,1169109400,National Agricultural Value Chain Development Project (NAVCDP)-,1169109401,National Agricultural Value Chain Development Project (NAVCDP),2210100,Utilities Supplies and Services,exp,1060000,900000,900000,0,766,yes
fy-2026-27-development-book-volume-iii-1104-2111,1169,State Department for Agriculture,1169109400,National Agricultural Value Chain Development Project (NAVCDP)-,1169109401,National Agricultural Value Chain Development Project (NAVCDP),2210200,"Communication, Supplies and Services",exp,10760000,7300000,7300000,0,766,yes
fy-2026-27-development-book-volume-iii-1104-2111,1169,State Department for Agriculture,1169109400,National Agricultural Value Chain Development Project (NAVCDP)-,1169109401,National Agricultural Value Chain Development Project (NAVCDP),2210300,"Domestic Travel and Subsistence, and Other Transportation Costs",exp,109700000,121000000,41000000,0,766,yes
fy-2026-27-development-book-volume-iii-1104-2111,1169,State Department for Agriculture,1169109400,National Agricultural Value Chain Development Project (NAVCDP)-,1169109401,National Agricultural Value Chain Development Project (NAVCDP),2210400,"Foreign Travel and Subsistence, and other transportation costs",exp,107200000,54000000,24000000,0,766,yes
fy-2026-27-development-book-volume-iii-1104-2111,1169,State Department for Agriculture,1169109400,National Agricultural Value Chain Development Project (NAVCDP)-,1169109401,National Agricultural Value Chain Development Project (NAVCDP),2210500,"Printing , Advertising and Information Supplies and Services",exp,70910000,28800000,19800000,0,766,yes
fy-2026-27-development-book-volume-iii-1104-2111,1169,State Department for Agriculture,1169109400,National Agricultural Value Chain Development Project (NAVCDP)-,1169109401,National Agricultural Value Chain Development Project (NAVCDP),2210600,Rentals of Produced Assets,exp,39000000,8000000,8000000,0,766,yes
fy-2026-27-development-book-volume-iii-1104-2111,1169,State Department for Agriculture,1169109400,National Agricultural Value Chain Development Project (NAVCDP)-,1169109401,National Agricultural Value Chain Development Project (NAVCDP),2210700,Training Expenses,exp,287580000,325700000,70700000,0,766,yes
fy-2026-27-development-book-volume-iii-1104-2111,1169,State Department for Agriculture,1169109400,National Agricultural Value Chain Development Project (NAVCDP)-,1169109401,National Agricultural Value Chain Development Project (NAVCDP),2210800,Hospitality Supplies and Services,exp,68200000,94400000,19400000,0,766,yes
fy-2026-27-development-book-volume-iii-1104-2111,1169,State Department for Agriculture,1169109400,National Agricultural Value Chain Development Project (NAVCDP)-,1169109401,National Agricultural Value Chain Development Project (NAVCDP),2211100,Office and General Supplies and Services,exp,34400000,18000000,13000000,0,766,yes
fy-2026-27-development-book-volume-iii-1104-2111,1169,State Department for Agriculture,1169109400,National Agricultural Value Chain Development Project (NAVCDP)-,1169109401,National Agricultural Value Chain Development Project (NAVCDP),2211200,Fuel Oil and Lubricants,exp,24000000,10000000,10000000,0,766,yes
fy-2026-27-development-book-volume-iii-1104-2111,1169,State Department for Agriculture,1169109400,National Agricultural Value Chain Development Project (NAVCDP)-,1169109401,National Agricultural Value Chain Development Project (NAVCDP),2211300,Other Operating Expenses,exp,223800000,356900000,143900000,0,766,yes
fy-2026-27-development-book-volume-iii-1104-2111,1169,State Department for Agriculture,1169109400,National Agricultural Value Chain Development Project (NAVCDP)-,1169109401,National Agricultural Value Chain Development Project (NAVCDP),2220100,Routine Maintenance - Vehicles and Other Transport Equipment,exp,20200000,20000000,20000000,0,766,yes
fy-2026-27-development-book-volume-iii-1104-2111,1169,State Department for Agriculture,1169109400,National Agricultural Value Chain Development Project (NAVCDP)-,1169109401,National Agricultural Value Chain Development Project (NAVCDP),2630200,Capital Grants to Government Agencies and other Levels of Government,exp,8399090000,3500000000,200000000,0,766,yes
fy-2026-27-development-book-volume-iii-1104-2111,1169,State Department for Agriculture,1169109400,National Agricultural Value Chain Development Project (NAVCDP)-,1169109401,National Agricultural Value Chain Development Project (NAVCDP),2640500,Other Capital Grants and Transfers,exp,50000000,0,0,0,766,yes
fy-2026-27-development-book-volume-iii-1104-2111,1169,State Department for Agriculture,1169109400,National Agricultural Value Chain Development Project (NAVCDP)-,1169109401,National Agricultural Value Chain Development Project (NAVCDP),3110700,Purchase of Vehicles and Other Transport Equipment,exp,90000000,0,0,0,766,yes
fy-2026-27-development-book-volume-iii-1104-2111,1169,State Department for Agriculture,1169109400,National Agricultural Value Chain Development Project (NAVCDP)-,1169109401,National Agricultural Value Chain Development Project (NAVCDP),3111000,Purchase of Office Furniture and General Equipment,exp,155000000,25000000,0,0,766,yes
fy-2026-27-development-book-volume-iii-1104-2111,1169,State Department for Agriculture,1169109400,National Agricultural Value Chain Development Project (NAVCDP)-,1169109401,National Agricultural Value Chain Development Project (NAVCDP),3111100,"Purchase of Specialised Plant, Equipment and Machinery",exp,50100000,70000000,70000000,0,766,yes
fy-2026-27-development-book-volume-iii-1104-2111,1169,State Department for Agriculture,1169109400,National Agricultural Value Chain Development Project (NAVCDP)-,1169109401,National Agricultural Value Chain Development Project (NAVCDP),3111400,"Research, Feasibility Studies, Project Preparation and Design, Project S",exp,0,35000000,30000000,0,766,yes
fy-2026-27-development-book-volume-iii-1104-2111,1169,State Department for Agriculture,1169109700,National Edible Oil Crops Promotion Project-BETA,1169109701,National Edible Oil Crops Promotion Project,2630200,Capital Grants to Government Agencies and other Levels of Government,exp,300000000,320000000,197000000,0,766,yes
fy-2026-27-development-book-volume-iii-1104-2111,1169,State Department for Agriculture,1169109700,National Edible Oil Crops Promotion Project-BETA,1169109701,National Edible Oil Crops Promotion Project,3520300,"Receipts from the Sale of Inventories, Stocks and Commodities",aia,300000000,320000000,197000000,0,766,yes
fy-2026-27-development-book-volume-iii-1104-2111,1169,State Department for Agriculture,1169109800,Horticultural Produce Compliance Enhancement Project,1169109801,Horticultural Produce Compliance Enhancement Project,2630200,Capital Grants to Government Agencies and other Levels of Government,exp,245000000,300000000,292000000,0,767,yes
fy-2026-27-development-book-volume-iii-1104-2111,1169,State Department for Agriculture,1169109800,Horticultural Produce Compliance Enhancement Project,1169109801,Horticultural Produce Compliance Enhancement Project,3520300,"Receipts from the Sale of Inventories, Stocks and Commodities",aia,245000000,300000000,292000000,0,767,yes
fy-2026-27-development-book-volume-iii-1104-2111,1169,State Department for Agriculture,1169110100,Crop Post-Harvest Management,1169110101,Crop Post-Harvest Management,2211300,Other Operating Expenses,exp,40000000,0,0,0,767,yes
fy-2026-27-development-book-volume-iii-1104-2111,1169,State Department for Agriculture,1169110100,Crop Post-Harvest Management,1169110101,Crop Post-Harvest Management,3111100,"Purchase of Specialised Plant, Equipment and Machinery",exp,110000000,0,0,0,767,yes
fy-2026-27-development-book-volume-iii-1104-2111,1169,State Department for Agriculture,1169110200,Establishment of NCPB Warehouse - Siaya,1169110202,Establishment of NCPB Store - Ugenya,2630200,Capital Grants to Government Agencies and other Levels of Government,exp,15000000,0,0,0,767,yes
fy-2026-27-development-book-volume-iii-1104-2111,1169,State Department for Agriculture,1169110300,Construction of Omoloi Agricultural Training College - Busia,1169110301,Construction of Omoloi Agricultural Training College - Busia,3111500,Rehabilitation of Civil Works,exp,0,20000000,207200000,134142857,767,yes
fy-2026-27-development-book-volume-iii-1104-2111,1169,State Department for Agriculture,1169110400,Development of Aggregation Centres,1169110406,Aggregation Center in Ngudune,2211200,Fuel Oil and Lubricants,exp,5000000,0,0,0,767,yes
fy-2026-27-development-book-volume-iii-1104-2111,1169,State Department for Agriculture,1169110400,Development of Aggregation Centres,1169110406,Aggregation Center in Ngudune,2211300,Other Operating Expenses,exp,5000000,0,0,0,767,yes
fy-2026-27-development-book-volume-iii-1104-2111,1169,State Department for Agriculture,1169110400,Development of Aggregation Centres,1169110406,Aggregation Center in Ngudune,3110500,Construction and Civil Works 2370,exp,20000000,0,0,0,767,yes
fy-2026-27-development-book-volume-iii-1104-2111,1169,State Department for Agriculture,1169110400,Development of Aggregation Centres,1169110413,Enterprises Support- Aggregation Centers,2210300,"Domestic Travel and Subsistence, and Other Transportation Costs",exp,0,17000000,7000000,6000000,768,yes
fy-2026-27-development-book-volume-iii-1104-2111,1169,State Department for Agriculture,1169110400,Development of Aggregation Centres,1169110413,Enterprises Support- Aggregation Centers,2210700,Training Expenses,exp,0,43000000,15800000,13800000,768,yes
fy-2026-27-development-book-volume-iii-1104-2111,1169,State Department for Agriculture,1169110400,Development of Aggregation Centres,1169110413,Enterprises Support- Aggregation Centers,2211200,Fuel Oil and Lubricants,exp,0,25000000,10000000,15000000,768,yes
fy-2026-27-development-book-volume-iii-1104-2111,1169,State Department for Agriculture,1169110400,Development of Aggregation Centres,1169110413,Enterprises Support- Aggregation Centers,2211300,Other Operating Expenses,exp,0,32000000,17300000,25000000,768,yes
fy-2026-27-development-book-volume-iii-1104-2111,1169,State Department for Agriculture,1169110400,Development of Aggregation Centres,1169110413,Enterprises Support- Aggregation Centers,2220100,Routine Maintenance - Vehicles and Other Transport Equipment,exp,0,20000000,5200000,9000000,768,yes
fy-2026-27-development-book-volume-iii-1104-2111,1169,State Department for Agriculture,1169110400,Development of Aggregation Centres,1169110413,Enterprises Support- Aggregation Centers,3110500,Construction and Civil Works,exp,103000000,116000000,292000000,341000000,768,yes
fy-2026-27-development-book-volume-iii-1104-2111,1169,State Department for Agriculture,1169110400,Development of Aggregation Centres,1169110413,Enterprises Support- Aggregation Centers,3111100,"Purchase of Specialised Plant, Equipment and Machinery",exp,0,9000000,20000000,20000000,768,yes
fy-2026-27-development-book-volume-iii-1104-2111,1169,State Department for Agriculture,1169110400,Development of Aggregation Centres,1169110414,Makanduni Aggregation Center,3110500,Construction and Civil Works,exp,20000000,0,0,0,768,yes
fy-2026-27-development-book-volume-iii-1104-2111,1169,State Department for Agriculture,1169110400,Development of Aggregation Centres,1169110415,Mbeu Aggregation Center,3110500,Construction and Civil Works,exp,15000000,0,0,0,768,yes
fy-2026-27-development-book-volume-iii-1104-2111,1169,State Department for Agriculture,1169110400,Development of Aggregation Centres,1169110416,Mulika Aggregation Center - Meru,3110500,Construction and Civil Works,exp,20000000,0,0,0,768,yes
fy-2026-27-development-book-volume-iii-1104-2111,1169,State Department for Agriculture,1169110500,Kenya Agricultural Business Development Programme (KABDP),1169110501,Kenya Agricultural Business Development Programme (KABDP),3111400,"Research, Feasibility Studies, Project Preparation and Design, Project S",exp,8100000,0,0,0,768,yes
fy-2026-27-development-book-volume-iii-1104-2111,1169,State Department for Agriculture,1169110600,Food Systems Resilience Project,1169110601,Food Systems Resilience Project,2110200,Basic Wages - Temporary Employees,exp,0,3300000,2836000,1436000,768,yes
fy-2026-27-development-book-volume-iii-1104-2111,1169,State Department for Agriculture,1169110600,Food Systems Resilience Project,1169110601,Food Systems Resilience Project,2110300,Personal Allowance - Paid as Part of Salary,exp,2436000,0,0,0,768,yes
fy-2026-27-development-book-volume-iii-1104-2111,1169,State Department for Agriculture,1169110600,Food Systems Resilience Project,1169110601,Food Systems Resilience Project,2210100,Utilities Supplies and Services,exp,1760000,1760000,1760000,1740000,768,yes
fy-2026-27-development-book-volume-iii-1104-2111,1169,State Department for Agriculture,1169110600,Food Systems Resilience Project,1169110601,Food Systems Resilience Project,2210200,"Communication, Supplies and Services",exp,26200000,1500000,2680000,2580000,768,yes
fy-2026-27-development-book-volume-iii-1104-2111,1169,State Department for Agriculture,1169110600,Food Systems Resilience Project,1169110601,Food Systems Resilience Project,2210300,"Domestic Travel and Subsistence, and Other Transportation Costs 2371",exp,500897000,183838354,175718754,173878354,768,yes
fy-2026-27-development-book-volume-iii-1104-2111,1169,State Department for Agriculture,1169110600,Food Systems Resilience Project,1169110601,Food Systems Resilience Project,2210400,"Foreign Travel and Subsistence, and other transportation costs",exp,59507013,65640240,65640240,65640240,769,yes
fy-2026-27-development-book-volume-iii-1104-2111,1169,State Department for Agriculture,1169110600,Food Systems Resilience Project,1169110601,Food Systems Resilience Project,2210500,"Printing , Advertising and Information Supplies and Services",exp,12000000,12000000,10000000,10000000,769,yes
fy-2026-27-development-book-volume-iii-1104-2111,1169,State Department for Agriculture,1169110600,Food Systems Resilience Project,1169110601,Food Systems Resilience Project,2210600,Rentals of Produced Assets,exp,29675000,22000000,13500000,11000000,769,yes
fy-2026-27-development-book-volume-iii-1104-2111,1169,State Department for Agriculture,1169110600,Food Systems Resilience Project,1169110601,Food Systems Resilience Project,2210700,Training Expenses,exp,62826687,598610106,475616106,452616106,769,yes
fy-2026-27-development-book-volume-iii-1104-2111,1169,State Department for Agriculture,1169110600,Food Systems Resilience Project,1169110601,Food Systems Resilience Project,2210800,Hospitality Supplies and Services,exp,0,10000000,2000000,1700000,769,yes
fy-2026-27-development-book-volume-iii-1104-2111,1169,State Department for Agriculture,1169110600,Food Systems Resilience Project,1169110601,Food Systems Resilience Project,2211000,Specialised Materials and Supplies,exp,467991758,112240822,31240822,31240822,769,yes
fy-2026-27-development-book-volume-iii-1104-2111,1169,State Department for Agriculture,1169110600,Food Systems Resilience Project,1169110601,Food Systems Resilience Project,2211100,Office and General Supplies and Services,exp,12424983,12424983,11424983,11424983,769,yes
fy-2026-27-development-book-volume-iii-1104-2111,1169,State Department for Agriculture,1169110600,Food Systems Resilience Project,1169110601,Food Systems Resilience Project,2211200,Fuel Oil and Lubricants,exp,5399500,7298000,6782760,6082760,769,yes
fy-2026-27-development-book-volume-iii-1104-2111,1169,State Department for Agriculture,1169110600,Food Systems Resilience Project,1169110601,Food Systems Resilience Project,2211300,Other Operating Expenses,exp,265918526,423240000,201240000,179240000,769,yes
fy-2026-27-development-book-volume-iii-1104-2111,1169,State Department for Agriculture,1169110600,Food Systems Resilience Project,1169110601,Food Systems Resilience Project,2220100,Routine Maintenance - Vehicles and Other Transport Equipment,exp,8351000,15000000,2348000,928840,769,yes
fy-2026-27-development-book-volume-iii-1104-2111,1169,State Department for Agriculture,1169110600,Food Systems Resilience Project,1169110601,Food Systems Resilience Project,2220200,Routine Maintenance - Other Assets,exp,37150400,8940000,5010840,3290400,769,yes
fy-2026-27-development-book-volume-iii-1104-2111,1169,State Department for Agriculture,1169110600,Food Systems Resilience Project,1169110601,Food Systems Resilience Project,2630200,Capital Grants to Government Agencies and other Levels of Government,exp,3527206304,3641990479,3434784479,2034784479,769,yes
fy-2026-27-development-book-volume-iii-1104-2111,1169,State Department for Agriculture,1169110600,Food Systems Resilience Project,1169110601,Food Systems Resilience Project,3110700,Purchase of Vehicles and Other Transport Equipment,exp,301000000,140000000,40000000,0,769,yes
fy-2026-27-development-book-volume-iii-1104-2111,1169,State Department for Agriculture,1169110600,Food Systems Resilience Project,1169110601,Food Systems Resilience Project,3111000,Purchase of Office Furniture and General Equipment,exp,239000000,10000000,1200000,1200000,769,yes
fy-2026-27-development-book-volume-iii-1104-2111,1169,State Department for Agriculture,1169110600,Food Systems Resilience Project,1169110601,Food Systems Resilience Project,3111400,"Research, Feasibility Studies, Project Preparation and Design, Project S",exp,0,143217016,103217016,103217016,769,yes
fy-2026-27-development-book-volume-iii-1104-2111,1169,State Department for Agriculture,1169110800,KEPHIS Embu Office,1169110801,KEPHIS Embu Office,2630200,Capital Grants to Government Agencies and other Levels of Government,exp,0,100000000,100000000,0,769,yes
fy-2026-27-development-book-volume-iii-1104-2111,1169,State Department for Agriculture,1169110800,KEPHIS Embu Office,1169110801,KEPHIS Embu Office,3520300,"Receipts from the Sale of Inventories, Stocks and Commodities",aia,0,100000000,100000000,0,769,yes
fy-2026-27-development-book-volume-iii-1104-2111,1169,State Department for Agriculture,1169111100,MSMEs Agricultural Credit - AFC,1169111101,MSMEs Agricultural Credit - AFC,2630200,Capital Grants to Government Agencies and other Levels of Government,exp,1150000000,1000000000,350000000,0,769,yes
fy-2026-27-development-book-volume-iii-1104-2111,1169,State Department for Agriculture,1169111200,Public Participation Projects,1169111202,Distribution of Seedlings-Emgwen,2211000,Specialised Materials and Supplies,exp,13000000,0,0,0,769,yes
fy-2026-27-development-book-volume-iii-1104-2111,1169,State Department for Agriculture,1169111200,Public Participation Projects,1169111202,Distribution of Seedlings-Emgwen,2211300,Other Operating Expenses 2372,exp,3000000,0,0,0,769,yes
fy-2026-27-development-book-volume-iii-1104-2111,1169,State Department for Agriculture,1169111200,Public Participation Projects,1169111203,Distribution of Seedlings-Nandi Hills,2211000,Specialised Materials and Supplies,exp,13000000,0,0,0,770,yes
fy-2026-27-development-book-volume-iii-1104-2111,1169,State Department for Agriculture,1169111200,Public Participation Projects,1169111203,Distribution of Seedlings-Nandi Hills,2211300,Other Operating Expenses,exp,3000000,0,0,0,770,yes
fy-2026-27-development-book-volume-iii-1104-2111,1169,State Department for Agriculture,1169111200,Public Participation Projects,1169111204,Distribution of Seedlings-Chesumei,2211000,Specialised Materials and Supplies,exp,13000000,0,0,0,770,yes
fy-2026-27-development-book-volume-iii-1104-2111,1169,State Department for Agriculture,1169111200,Public Participation Projects,1169111204,Distribution of Seedlings-Chesumei,2211300,Other Operating Expenses,exp,3000000,0,0,0,770,yes
fy-2026-27-development-book-volume-iii-1104-2111,1169,State Department for Agriculture,1169111200,Public Participation Projects,1169111205,Distribution of Seedlings-Coffee,2210700,Training Expenses,exp,10000000,0,0,0,770,yes
fy-2026-27-development-book-volume-iii-1104-2111,1169,State Department for Agriculture,1169111200,Public Participation Projects,1169111205,Distribution of Seedlings-Coffee,2211000,Specialised Materials and Supplies,exp,80000000,0,0,0,770,yes
fy-2026-27-development-book-volume-iii-1104-2111,1169,State Department for Agriculture,1169111200,Public Participation Projects,1169111205,Distribution of Seedlings-Coffee,2211300,Other Operating Expenses,exp,10000000,0,0,0,770,yes
fy-2026-27-development-book-volume-iii-1104-2111,1169,State Department for Agriculture,1169111500,Integrated Natural Resources Management Programme (NReMP),1169111501,Integrated Natural Resources Management Programme (NReMP),2110200,Basic Wages - Temporary Employees,exp,0,161263700,169024985,177174334,770,yes
fy-2026-27-development-book-volume-iii-1104-2111,1169,State Department for Agriculture,1169111500,Integrated Natural Resources Management Programme (NReMP),1169111501,Integrated Natural Resources Management Programme (NReMP),2210100,Utilities Supplies and Services,exp,0,3850000,3892500,3926500,770,yes
fy-2026-27-development-book-volume-iii-1104-2111,1169,State Department for Agriculture,1169111500,Integrated Natural Resources Management Programme (NReMP),1169111501,Integrated Natural Resources Management Programme (NReMP),2210200,"Communication, Supplies and Services",exp,4200000,1200000,1260000,1308000,770,yes
fy-2026-27-development-book-volume-iii-1104-2111,1169,State Department for Agriculture,1169111500,Integrated Natural Resources Management Programme (NReMP),1169111501,Integrated Natural Resources Management Programme (NReMP),2210300,"Domestic Travel and Subsistence, and Other Transportation Costs",exp,26640000,179720000,203906000,213054800,770,yes
fy-2026-27-development-book-volume-iii-1104-2111,1169,State Department for Agriculture,1169111500,Integrated Natural Resources Management Programme (NReMP),1169111501,Integrated Natural Resources Management Programme (NReMP),2210400,"Foreign Travel and Subsistence, and other transportation costs",exp,0,31000000,43800000,46040000,770,yes
fy-2026-27-development-book-volume-iii-1104-2111,1169,State Department for Agriculture,1169111500,Integrated Natural Resources Management Programme (NReMP),1169111501,Integrated Natural Resources Management Programme (NReMP),2210500,"Printing , Advertising and Information Supplies and Services",exp,6500000,9000000,9150000,9270000,770,yes
fy-2026-27-development-book-volume-iii-1104-2111,1169,State Department for Agriculture,1169111500,Integrated Natural Resources Management Programme (NReMP),1169111501,Integrated Natural Resources Management Programme (NReMP),2210600,Rentals of Produced Assets,exp,0,5537280,5814144,6035635,770,yes
fy-2026-27-development-book-volume-iii-1104-2111,1169,State Department for Agriculture,1169111500,Integrated Natural Resources Management Programme (NReMP),1169111501,Integrated Natural Resources Management Programme (NReMP),2210700,Training Expenses,exp,0,83150000,95550000,98270000,770,yes
fy-2026-27-development-book-volume-iii-1104-2111,1169,State Department for Agriculture,1169111500,Integrated Natural Resources Management Programme (NReMP),1169111501,Integrated Natural Resources Management Programme (NReMP),2210800,Hospitality Supplies and Services,exp,14600000,131000000,144200000,149160000,770,yes
fy-2026-27-development-book-volume-iii-1104-2111,1169,State Department for Agriculture,1169111500,Integrated Natural Resources Management Programme (NReMP),1169111501,Integrated Natural Resources Management Programme (NReMP),2210900,Insurance Costs,exp,0,19500000,20250000,20850000,770,yes
fy-2026-27-development-book-volume-iii-1104-2111,1169,State Department for Agriculture,1169111500,Integrated Natural Resources Management Programme (NReMP),1169111501,Integrated Natural Resources Management Programme (NReMP),2211000,Specialised Materials and Supplies,exp,0,315300000,2313588678,3407854306,770,yes
fy-2026-27-development-book-volume-iii-1104-2111,1169,State Department for Agriculture,1169111500,Integrated Natural Resources Management Programme (NReMP),1169111501,Integrated Natural Resources Management Programme (NReMP),2211100,Office and General Supplies and Services,exp,5560000,15212000,15347000,15455000,770,yes
fy-2026-27-development-book-volume-iii-1104-2111,1169,State Department for Agriculture,1169111500,Integrated Natural Resources Management Programme (NReMP),1169111501,Integrated Natural Resources Management Programme (NReMP),2211200,Fuel Oil and Lubricants,exp,0,39500000,41150000,58900000,770,yes
fy-2026-27-development-book-volume-iii-1104-2111,1169,State Department for Agriculture,1169111500,Integrated Natural Resources Management Programme (NReMP),1169111501,Integrated Natural Resources Management Programme (NReMP),2211300,Other Operating Expenses,exp,0,70800000,94575000,92595000,770,yes
fy-2026-27-development-book-volume-iii-1104-2111,1169,State Department for Agriculture,1169111500,Integrated Natural Resources Management Programme (NReMP),1169111501,Integrated Natural Resources Management Programme (NReMP),2220100,Routine Maintenance - Vehicles and Other Transport Equipment,exp,0,5500000,5575000,5635000,770,yes
fy-2026-27-development-book-volume-iii-1104-2111,1169,State Department for Agriculture,1169111500,Integrated Natural Resources Management Programme (NReMP),1169111501,Integrated Natural Resources Management Programme (NReMP),2220200,Routine Maintenance - Other Assets,exp,0,25800000,237090000,480624600,770,yes
fy-2026-27-development-book-volume-iii-1104-2111,1169,State Department for Agriculture,1169111500,Integrated Natural Resources Management Programme (NReMP),1169111501,Integrated Natural Resources Management Programme (NReMP),2520200,Subsidies to Financial Private Enterprises,exp,0,98438468,103360391,107297930,770,yes
fy-2026-27-development-book-volume-iii-1104-2111,1169,State Department for Agriculture,1169111500,Integrated Natural Resources Management Programme (NReMP),1169111501,Integrated Natural Resources Management Programme (NReMP),2630200,Capital Grants to Government Agencies and other Levels of Government,exp,0,858849752,1163756041,1197470907,770,yes
fy-2026-27-development-book-volume-iii-1104-2111,1169,State Department for Agriculture,1169111500,Integrated Natural Resources Management Programme (NReMP),1169111501,Integrated Natural Resources Management Programme (NReMP),2640500,Other Capital Grants and Transfers 2373,exp,235000000,0,0,0,770,yes
fy-2026-27-development-book-volume-iii-1104-2111,1169,State Department for Agriculture,1169111500,Integrated Natural Resources Management Programme (NReMP),1169111501,Integrated Natural Resources Management Programme (NReMP),3110200,Construction of Building,exp,0,103200000,108465000,112597000,771,yes
fy-2026-27-development-book-volume-iii-1104-2111,1169,State Department for Agriculture,1169111500,Integrated Natural Resources Management Programme (NReMP),1169111501,Integrated Natural Resources Management Programme (NReMP),3110500,Construction and Civil Works,exp,0,102000000,107100000,111180000,771,yes
fy-2026-27-development-book-volume-iii-1104-2111,1169,State Department for Agriculture,1169111500,Integrated Natural Resources Management Programme (NReMP),1169111501,Integrated Natural Resources Management Programme (NReMP),3110700,Purchase of Vehicles and Other Transport Equipment,exp,0,196950000,0,0,771,yes
fy-2026-27-development-book-volume-iii-1104-2111,1169,State Department for Agriculture,1169111500,Integrated Natural Resources Management Programme (NReMP),1169111501,Integrated Natural Resources Management Programme (NReMP),3111000,Purchase of Office Furniture and General Equipment,exp,0,19328800,20245240,20978392,771,yes
fy-2026-27-development-book-volume-iii-1104-2111,1169,State Department for Agriculture,1169111500,Integrated Natural Resources Management Programme (NReMP),1169111501,Integrated Natural Resources Management Programme (NReMP),3111100,"Purchase of Specialised Plant, Equipment and Machinery",exp,7500000,0,0,0,771,yes
fy-2026-27-development-book-volume-iii-1104-2111,1169,State Department for Agriculture,1169111500,Integrated Natural Resources Management Programme (NReMP),1169111501,Integrated Natural Resources Management Programme (NReMP),3111400,"Research, Feasibility Studies, Project Preparation and Design, Project S",exp,0,15000000,15000000,15000000,771,yes
fy-2026-27-development-book-volume-iii-1104-2111,1169,State Department for Agriculture,1169111600,Seeds and Seedlings Production Project,1169111601,Seeds and Seedlings Production Project,2210300,"Domestic Travel and Subsistence, and Other Transportation Costs",exp,5000000,0,0,0,771,yes
fy-2026-27-development-book-volume-iii-1104-2111,1169,State Department for Agriculture,1169111600,Seeds and Seedlings Production Project,1169111601,Seeds and Seedlings Production Project,2211000,Specialised Materials and Supplies,exp,60000000,0,0,0,771,yes
fy-2026-27-development-book-volume-iii-1104-2111,1169,State Department for Agriculture,1169111600,Seeds and Seedlings Production Project,1169111601,Seeds and Seedlings Production Project,2211300,Other Operating Expenses,exp,15000000,0,0,0,771,yes
fy-2026-27-development-book-volume-iii-1104-2111,1169,State Department for Agriculture,1169111600,Seeds and Seedlings Production Project,1169111601,Seeds and Seedlings Production Project,3111300,"Purchase of Certified Seeds, Breeding Stock and Live Animals",exp,20000000,0,0,0,771,yes
fy-2026-27-development-book-volume-iii-1104-2111,1169,State Department for Agriculture,1169111600,Seeds and Seedlings Production Project,1169111602,Kenya Seed Company - Subsidy,2630200,Capital Grants to Government Agencies and other Levels of Government,exp,1693000000,0,0,0,771,yes
fy-2026-27-development-book-volume-iii-1104-2111,1169,State Department for Agriculture,1169111600,Seeds and Seedlings Production Project,1169111603,Bura East Farmers,3111300,"Purchase of Certified Seeds, Breeding Stock and Live Animals",exp,0,8500000,0,0,771,yes
fy-2026-27-development-book-volume-iii-1104-2111,1169,State Department for Agriculture,1169111800,Tea Reforms Programme,1169111801,Tea Value Addition Project-Common User Facility,2630200,Capital Grants to Government Agencies and other Levels of Government,exp,100000000,0,0,0,771,yes
fy-2026-27-development-book-volume-iii-1104-2111,1169,State Department for Agriculture,1169111800,Tea Reforms Programme,1169111802,Tea Research Factory Development - Tea Research Institute,2630200,Capital Grants to Government Agencies and other Levels of Government,exp,50000000,300000000,150000000,150000000,771,yes
fy-2026-27-development-book-volume-iii-1104-2111,1169,State Department for Agriculture,1169111800,Tea Reforms Programme,1169111803,Modernization of the 19 Old KTDA Tea Factories Project,2630200,Capital Grants to Government Agencies and other Levels of Government,exp,850000000,0,0,0,771,yes
fy-2026-27-development-book-volume-iii-1104-2111,1169,State Department for Agriculture,1169111900,Strengthening Public Support - Business Development in Agro-Industry,1169111901,Strengthening Public Support - Business Development in Agro-Industry,2210300,"Domestic Travel and Subsistence, and Other Transportation Costs",exp,0,4000000,0,0,772,yes
fy-2026-27-development-book-volume-iii-1104-2111,1169,State Department for Agriculture,1169111900,Strengthening Public Support - Business Development in Agro-Industry,1169111901,Strengthening Public Support - Business Development in Agro-Industry,2210400,"Foreign Travel and Subsistence, and other transportation costs",exp,0,4900000,0,0,772,yes
fy-2026-27-development-book-volume-iii-1104-2111,1169,State Department for Agriculture,1169111900,Strengthening Public Support - Business Development in Agro-Industry,1169111901,Strengthening Public Support - Business Development in Agro-Industry,2210500,"Printing , Advertising and Information Supplies and Services",exp,0,800000,0,0,772,yes
fy-2026-27-development-book-volume-iii-1104-2111,1169,State Department for Agriculture,1169111900,Strengthening Public Support - Business Development in Agro-Industry,1169111901,Strengthening Public Support - Business Development in Agro-Industry,2210700,Training Expenses,exp,0,3400000,0,0,772,yes
fy-2026-27-development-book-volume-iii-1104-2111,1169,State Department for Agriculture,1169111900,Strengthening Public Support - Business Development in Agro-Industry,1169111901,Strengthening Public Support - Business Development in Agro-Industry,2210800,Hospitality Supplies and Services,exp,0,1200000,0,0,772,yes
fy-2026-27-development-book-volume-iii-1104-2111,1169,State Department for Agriculture,1169111900,Strengthening Public Support - Business Development in Agro-Industry,1169111901,Strengthening Public Support - Business Development in Agro-Industry,2211300,Other Operating Expenses,exp,0,800000,0,0,772,yes
fy-2026-27-development-book-volume-iii-1104-2111,1169,State Department for Agriculture,1169111900,Strengthening Public Support - Business Development in Agro-Industry,1169111901,Strengthening Public Support - Business Development in Agro-Industry,3111100,"Purchase of Specialised Plant, Equipment and Machinery",exp,0,4900000,0,0,772,yes
fy-2026-27-development-book-volume-iii-1104-2111,1169,State Department for Agriculture,1169111900,Strengthening Public Support - Business Development in Agro-Industry,1169111901,Strengthening Public Support - Business Development in Agro-Industry,1310200,Grants from Foreign Governments - Direct Payments,aia,0,20000000,0,0,772,yes
fy-2026-27-development-book-volume-iii-1104-2111,1169,State Department for Agriculture,1169112000,Construction of Embu and Mtwapa Offices PCPB,1169112001,Construction of Embu and Mtwapa Offices PCPB,2630200,Capital Grants to Government Agencies and other Levels of Government,exp,0,200000000,0,0,772,yes
fy-2026-27-development-book-volume-iii-1104-2111,1169,State Department for Agriculture,1169112000,Construction of Embu and Mtwapa Offices PCPB,1169112001,Construction of Embu and Mtwapa Offices PCPB,3520300,"Receipts from the Sale of Inventories, Stocks and Commodities",aia,0,200000000,0,0,772,yes
fy-2026-27-development-book-volume-iii-1104-2111,1169,State Department for Agriculture,1169112100,Revamping GMO Safety Measures in Kenya,1169112101,Revamping GMO Safety Measures in Kenya,2630200,Capital Grants to Government Agencies and other Levels of Government,exp,20000000,200000000,169500000,101200000,772,yes
fy-2026-27-development-book-volume-iii-1104-2111,1169,State Department for Agriculture,1169112100,Revamping GMO Safety Measures in Kenya,1169112101,Revamping GMO Safety Measures in Kenya,3520300,"Receipts from the Sale of Inventories, Stocks and Commodities",aia,20000000,200000000,169500000,101200000,772,yes
fy-2026-27-development-book-volume-iii-1104-2111,1169,State Department for Agriculture,1169112200,Seed cane Multiplication and Popularization,1169112201,Seed cane Multiplication and Popularization,2630200,Capital Grants to Government Agencies and other Levels of Government,exp,0,300000000,200000000,231400000,773,yes
fy-2026-27-development-book-volume-iii-1104-2111,1169,State Department for Agriculture,1169112200,Seed cane Multiplication and Popularization,1169112201,Seed cane Multiplication and Popularization,3511000,Receipts from Sale of Certified Seeds and Breeding Stock,aia,0,300000000,200000000,231400000,773,yes
fy-2026-27-development-book-volume-iii-1104-2111,1169,State Department for Agriculture,1169112300,Seed Subsidy Programme,1169112301,Seed Subsidy Programme,2630200,Capital Grants to Government Agencies and other Levels of Government,exp,0,2000000000,2700000000,2700000000,773,yes
fy-2026-27-development-book-volume-iii-1104-2111,1169,State Department for Agriculture,1169112400,Capacity building Support on Crop Development for Devolution,1169112401,Capacity building Support on Crop Development for Devolution,2630200,Capital Grants to Government Agencies and other Levels of Government,exp,200000000,0,0,0,773,yes
fy-2026-27-development-book-volume-iii-1104-2111,1169,State Department for Agriculture,1169112400,Capacity building Support on Crop Development for Devolution,1169112401,Capacity building Support on Crop Development for Devolution,3520300,"Receipts from the Sale of Inventories, Stocks and Commodities",aia,200000000,0,0,0,773,yes
fy-2026-27-development-book-volume-iii-1104-2111,1169,State Department for Agriculture,1169112500,Crop Development and Assorted Seedlings,1169112501,Crop Development and Assorted Seedlings,2630200,Capital Grants to Government Agencies and other Levels of Government,exp,620000000,0,0,0,773,yes
fy-2026-27-development-book-volume-iii-1104-2111,1169,State Department for Agriculture,1169112500,Crop Development and Assorted Seedlings,1169112501,Crop Development and Assorted Seedlings,3520300,"Receipts from the Sale of Inventories, Stocks and Commodities",aia,620000000,0,0,0,773,yes
fy-2026-27-development-book-volume-iii-1104-2111,1173,State Department for Cooperatives,1173100400,Cooperative Management Information System,1173100401,Cooperative Management Information System,2211300,Other Operating Expenses,exp,100000000,50000000,50000000,0,811,yes
fy-2026-27-development-book-volume-iii-1104-2111,1173,State Department for Cooperatives,1173100400,Cooperative Management Information System,1173100401,Cooperative Management Information System,3111100,"Purchase of Specialised Plant, Equipment and Machinery",exp,27000000,0,0,0,811,yes
fy-2026-27-development-book-volume-iii-1104-2111,1173,State Department for Cooperatives,1173100500,Modernization of Cooperative Cotton Ginneries,1173100503,Homa Bay Ginnery,3110200,Construction of Building,exp,0,78000000,142000000,100000000,811,yes
fy-2026-27-development-book-volume-iii-1104-2111,1173,State Department for Cooperatives,1173100500,Modernization of Cooperative Cotton Ginneries,1173100504,Meru Ginnery,3110200,Construction of Building,exp,0,100000000,100000000,20000000,811,yes
fy-2026-27-development-book-volume-iii-1104-2111,1173,State Department for Cooperatives,1173100700,Dairy Processing (Powdered Milk),1173100701,Dairy Processing (Powdered Milk),2630200,Capital Grants to Government Agencies and other Levels of Government,exp,2400000000,500000000,1000000000,1000000000,811,yes
fy-2026-27-development-book-volume-iii-1104-2111,1173,State Department for Cooperatives,1173100800,Modernization of Cooperative Cotton Gineries - BETA,1173100802,PAVI Cotton Farmers Cooperative Society,3110200,Construction of Building,exp,35000000,0,0,318000000,811,yes
fy-2026-27-development-book-volume-iii-1104-2111,1173,State Department for Cooperatives,1173100800,Modernization of Cooperative Cotton Gineries - BETA,1173100802,PAVI Cotton Farmers Cooperative Society,3111100,"Purchase of Specialised Plant, Equipment and Machinery",exp,65000000,0,0,0,811,yes
fy-2026-27-development-book-volume-iii-1104-2111,1173,State Department for Cooperatives,1173100800,Modernization of Cooperative Cotton Gineries - BETA,1173100804,Malavas- Malakisi Cotton Cooperative Union,3110200,Construction of Building,exp,0,0,258000000,62000000,811,yes
fy-2026-27-development-book-volume-iii-1104-2111,1173,State Department for Cooperatives,1173100800,Modernization of Cooperative Cotton Gineries - BETA,1173100805,Luanda Cotton Cooperative Society,3110200,Construction of Building 2414,exp,20000000,20000000,0,0,811,yes
fy-2026-27-development-book-volume-iii-1104-2111,1173,State Department for Cooperatives,1173100900,Coffee Industry Revitalization - BETA,1173100901,Coffee Industry Revitalization,2211300,Other Operating Expenses,exp,18500000,100000000,250000000,250000000,812,yes
fy-2026-27-development-book-volume-iii-1104-2111,1173,State Department for Cooperatives,1173100900,Coffee Industry Revitalization - BETA,1173100901,Coffee Industry Revitalization,2630200,Capital Grants to Government Agencies and other Levels of Government,exp,255877900,0,0,0,812,yes
fy-2026-27-development-book-volume-iii-1104-2111,1173,State Department for Cooperatives,1173100900,Coffee Industry Revitalization - BETA,1173100901,Coffee Industry Revitalization,3110200,Construction of Building,exp,0,50000000,150000000,150000000,812,yes
fy-2026-27-development-book-volume-iii-1104-2111,1173,State Department for Cooperatives,1173100900,Coffee Industry Revitalization - BETA,1173100901,Coffee Industry Revitalization,3111100,"Purchase of Specialised Plant, Equipment and Machinery",exp,0,100000000,100000000,100000000,812,yes
fy-2026-27-development-book-volume-iii-1104-2111,1173,State Department for Cooperatives,1173101600,Modernization of New KPCU Warehouses,1173101602,Nairobi Warehouse,2630200,Capital Grants to Government Agencies and other Levels of Government,exp,200000000,532760000,86770000,250020000,812,yes
fy-2026-27-development-book-volume-iii-1104-2111,1173,State Department for Cooperatives,1173101600,Modernization of New KPCU Warehouses,1173101603,Sagana Warehouse,2630200,Capital Grants to Government Agencies and other Levels of Government,exp,100000000,0,0,0,812,yes
fy-2026-27-development-book-volume-iii-1104-2111,1173,State Department for Cooperatives,1173101600,Modernization of New KPCU Warehouses,1173101604,Kakamega Warehouse,2630200,Capital Grants to Government Agencies and other Levels of Government,exp,50000000,0,0,0,812,yes
fy-2026-27-development-book-volume-iii-1104-2111,1173,State Department for Cooperatives,1173101900,Upgrading of Runyenjes Milk Factory,1173101901,Upgrading of Runyenjes Milk Factory,2630200,Capital Grants to Government Agencies and other Levels of Government,exp,100000000,0,0,0,812,yes
fy-2026-27-development-book-volume-iii-1104-2111,1174,State Department for Trade,1174100500,Modernization of standards Laboratory,11741005001,Modernization of standards Laboratory,2220200,Routine Maintenance - Other Assets,exp,0,0,7500000,7500000,818,yes
fy-2026-27-development-book-volume-iii-1104-2111,1174,State Department for Trade,1174100500,Modernization of standards Laboratory,11741005001,Modernization of standards Laboratory,3110200,Construction of Building,exp,0,0,40000000,20000000,818,yes
fy-2026-27-development-book-volume-iii-1104-2111,1174,State Department for Trade,1174100500,Modernization of standards Laboratory,11741005001,Modernization of standards Laboratory,3111100,"Purchase of Specialised Plant, Equipment and Machinery",exp,0,67508293,257662809,215295879,818,yes
fy-2026-27-development-book-volume-iii-1104-2111,1174,State Department for Trade,1174100500,Modernization of standards Laboratory,11741005001,Modernization of standards Laboratory,3111400,"Research, Feasibility Studies, Project Preparation and Design, Project S",exp,0,0,5000000,5000000,818,yes
fy-2026-27-development-book-volume-iii-1104-2111,1174,State Department for Trade,1174100600,Establishment of Commodities Exchange Platform,11741006001,Establishment of Commodities Exchange Platform,2630200,Capital Grants to Government Agencies and other Levels of Government,exp,135000000,149767307,152971978,111200000,818,yes
fy-2026-27-development-book-volume-iii-1104-2111,1174,State Department for Trade,1174101100,Warehouse Refurbishment (KNTC),11741011001,Warehouse Refurbishment (KNTC),2630200,Capital Grants to Government Agencies and other Levels of Government,exp,30000000,35000000,50000000,147800000,818,yes
fy-2026-27-development-book-volume-iii-1104-2111,1174,State Department for Trade,1174103100,Warehouse Receipt System Council,1174103101,Warehouse Receipt System Council,2630200,Capital Grants to Government Agencies and other Levels of Government,exp,134845500,149000000,92355213,130784121,818,yes
fy-2026-27-development-book-volume-iii-1104-2111,1175,State Department for Industry,1175100500,Development of Leather Industrial Park - Kenanie,1175100501,Development of Leather Industrial Park - Kenanie,2630200,Capital Grants to Government Agencies and other Levels of Government,exp,235000000,200000000,1546500000,1413800000,822,yes
fy-2026-27-development-book-volume-iii-1104-2111,1175,State Department for Industry,1175101000,Construction of Industrial Research Laboratories -KIRDI South B-,1175101001,Develop & Transfer Modern Agro processing Technologies KIRDI,2630200,Capital Grants to Government Agencies and other Levels of Government,exp,500000000,500000000,1472300000,2233250000,822,yes
fy-2026-27-development-book-volume-iii-1104-2111,1175,State Department for Industry,1175101500,Infrastructure and civil works Development - KITI-BETA,1175101501,Infrastructure and civil works Development - KITI,3110500,Construction and Civil Works,exp,57254000,177550000,298290000,150000000,822,yes
fy-2026-27-development-book-volume-iii-1104-2111,1175,State Department for Industry,1175102900,Kenya Industry and Entreprenuership Project-BETA,1175102901,Kenya Industry and Entreprenuership Project,3111400,"Research, Feasibility Studies, Project Preparation and Design, Project S",exp,92429310,0,0,0,822,yes
fy-2026-27-development-book-volume-iii-1104-2111,1175,State Department for Industry,1175103700,Enhancement of the Accreditation Programme in Kenya - KENAS-,1175103701,Enhancement of the Accreditation Programme in Kenya - KENAS,2630200,Capital Grants to Government Agencies and other Levels of Government,exp,100000000,150000000,63610000,0,822,yes
fy-2026-27-development-book-volume-iii-1104-2111,1175,State Department for Industry,1175103800,County Aggregation Industrial Parks,1175103801,County Aggregation Industrial Parks,2211300,Other Operating Expenses,exp,100000000,100000000,100000000,100000000,823,yes
fy-2026-27-development-book-volume-iii-1104-2111,1175,State Department for Industry,1175103800,County Aggregation Industrial Parks,1175103801,County Aggregation Industrial Parks,2630200,Capital Grants to Government Agencies and other Levels of Government,exp,4448000000,3750000000,4374760000,4374760000,823,yes
fy-2026-27-development-book-volume-iii-1104-2111,1175,State Department for Industry,1175103800,County Aggregation Industrial Parks,1175103802,Elgeyo Marakwet CAIP,2630200,Capital Grants to Government Agencies and other Levels of Government,exp,157400000,0,0,0,823,yes
fy-2026-27-development-book-volume-iii-1104-2111,1176,"State Department for Micro, Small and Medium Enterprises Development",1176100100,Construction of Constituency Industrial Dev. Centres (CIDCs)-BETA,1176100101,CIDCs - MSEA,2630200,Capital Grants to Government Agencies and other Levels of Government,exp,108779500,141000000,200000000,200000000,828,yes
fy-2026-27-development-book-volume-iii-1104-2111,1176,"State Department for Micro, Small and Medium Enterprises Development",1176100400,Financial Inclusion Fund (Hustler Fund)-BETA,1176100401,Hustler Fund,2630200,Capital Grants to Government Agencies and other Levels of Government,exp,300000000,0,0,0,828,yes
fy-2026-27-development-book-volume-iii-1104-2111,1176,"State Department for Micro, Small and Medium Enterprises Development",1176100600,Youth Employment and Enterprise Initiative-BETA,1176100601,Uwezo Fund,2630200,Capital Grants to Government Agencies and other Levels of Government,exp,50000000,100000000,175000000,183080000,828,yes
fy-2026-27-development-book-volume-iii-1104-2111,1176,"State Department for Micro, Small and Medium Enterprises Development",1176100700,Centre for Entreprenuership Project-BETA,1176100701,Centre for Entreprenuership Project,3111400,"Research, Feasibility Studies, Project Preparation and Design, Project S",exp,50000000,550000000,550000000,550000000,828,yes
fy-2026-27-development-book-volume-iii-1104-2111,1176,"State Department for Micro, Small and Medium Enterprises Development",1176100700,Centre for Entreprenuership Project-BETA,1176100701,Centre for Entreprenuership Project,5120200,Foreign Borrowing - Direct Payments,aia,0,200000000,300000000,300000000,828,yes
fy-2026-27-development-book-volume-iii-1104-2111,1176,"State Department for Micro, Small and Medium Enterprises Development",1176100900,National Youth Opportunities Towards Advancement (NYOTA),1176100901,National Youth Opportunities Towards Advancement (NYOTA),2630200,Capital Grants to Government Agencies and other Levels of Government,exp,4577800000,1404785000,2447850000,2447850000,828,yes
fy-2026-27-development-book-volume-iii-1104-2111,1176,"State Department for Micro, Small and Medium Enterprises Development",1176100900,National Youth Opportunities Towards Advancement (NYOTA),1176100901,National Youth Opportunities Towards Advancement (NYOTA),3111400,"Research, Feasibility Studies, Project Preparation and Design, Project S",exp,200000000,200000000,200000000,200000000,828,yes
fy-2026-27-development-book-volume-iii-1104-2111,1176,"State Department for Micro, Small and Medium Enterprises Development",1176101000,Kenya Jobs Economic Transformation (KJET),1176101001,Kenya Jobs Economic Transformation (KJET),2630200,Capital Grants to Government Agencies and other Levels of Government,exp,348000000,600000000,800000000,800000000,829,yes
fy-2026-27-development-book-volume-iii-1104-2111,1176,"State Department for Micro, Small and Medium Enterprises Development",1176101000,Kenya Jobs Economic Transformation (KJET),1176101001,Kenya Jobs Economic Transformation (KJET),3111400,"Research, Feasibility Studies, Project Preparation and Design, Project S",exp,200000000,200000000,200000000,200000000,829,yes
fy-2026-27-development-book-volume-iii-1104-2111,1176,"State Department for Micro, Small and Medium Enterprises Development",1176101100,Centre for Excellence,1176101101,Centre for Excellence,2630200,Capital Grants to Government Agencies and other Levels of Government,exp,25000000,25030000,71580000,90000000,829,yes
fy-2026-27-development-book-volume-iii-1104-2111,1176,"State Department for Micro, Small and Medium Enterprises Development",1176101200,Construction of Cold Storage Facilities,1176101201,Construction of Cold Storage Facilities,2630200,Capital Grants to Government Agencies and other Levels of Government,exp,40000000,40000000,100000000,100000000,829,yes
fy-2026-27-development-book-volume-iii-1104-2111,1176,"State Department for Micro, Small and Medium Enterprises Development",1176101300,Refurbishment of KIBT Parklands Building,1176101301,KIBT Parklands Building Partitioning,3110300,Refurbishment of Buildings,exp,40000000,40000000,0,0,829,yes
fy-2026-27-development-book-volume-iii-1104-2111,1176,"State Department for Micro, Small and Medium Enterprises Development",1176101400,Nairobi Industrial Park - KIE,1176101401,Nairobi Industrial Park - KIE,2630200,Capital Grants to Government Agencies and other Levels of Government,exp,55000000,0,0,0,829,yes
fy-2026-27-development-book-volume-iii-1104-2111,1177,State Department for Investment Promotion,1177100100,Development of Special Economic Zones-BETA,1177100102,Development of SEZ Textile Park Naivasha,2211300,Other Operating Expenses,exp,4000000,7000000,8505500,9000000,837,yes
fy-2026-27-development-book-volume-iii-1104-2111,1177,State Department for Investment Promotion,1177100100,Development of Special Economic Zones-BETA,1177100102,Development of SEZ Textile Park Naivasha,2630200,Capital Grants to Government Agencies and other Levels of Government,exp,500000000,497000000,842044500,891000000,837,yes
fy-2026-27-development-book-volume-iii-1104-2111,1177,State Department for Investment Promotion,1177100200,Development of Athi River Textile Hub - EPZA-BETA,1177100201,Development of Athi River Textile Hub - EPZA,2211300,Other Operating Expenses,exp,0,2700000,22700000,28770000,837,yes
fy-2026-27-development-book-volume-iii-1104-2111,1177,State Department for Investment Promotion,1177100200,Development of Athi River Textile Hub - EPZA-BETA,1177100201,Development of Athi River Textile Hub - EPZA,2630200,Capital Grants to Government Agencies and other Levels of Government,exp,0,24300000,204300000,258940000,837,yes
fy-2026-27-development-book-volume-iii-1104-2111,1177,State Department for Investment Promotion,1177100200,Development of Athi River Textile Hub - EPZA-BETA,1177100203,Construction of Investor Sheds,2211300,Other Operating Expenses,exp,2000000,2000000,2000000,2000000,837,yes
fy-2026-27-development-book-volume-iii-1104-2111,1177,State Department for Investment Promotion,1177100200,Development of Athi River Textile Hub - EPZA-BETA,1177100203,Construction of Investor Sheds,2630200,Capital Grants to Government Agencies and other Levels of Government,exp,600000000,502000000,600000000,600000000,837,yes
fy-2026-27-development-book-volume-iii-1104-2111,1177,State Department for Investment Promotion,1177100200,Development of Athi River Textile Hub - EPZA-BETA,1177100204,Construction of an Effluent Treatment Plant- Kenanie,2211300,Other Operating Expenses,exp,0,7100000,7100000,7100000,837,yes
fy-2026-27-development-book-volume-iii-1104-2111,1177,State Department for Investment Promotion,1177100200,Development of Athi River Textile Hub - EPZA-BETA,1177100204,Construction of an Effluent Treatment Plant- Kenanie,2630200,Capital Grants to Government Agencies and other Levels of Government,exp,0,63900000,63900000,63900000,837,yes
fy-2026-27-development-book-volume-iii-1104-2111,1177,State Department for Investment Promotion,1177100300,Establishment of One Stop Centre (OSC) for Investment& Office p-,1177100301,Establishment of One Stop Centre (OSC) for Investment and Office,2630200,Capital Grants to Government Agencies and other Levels of Government,exp,0,30000000,0,0,837,yes
fy-2026-27-development-book-volume-iii-1104-2111,1177,State Department for Investment Promotion,1177100300,Establishment of One Stop Centre (OSC) for Investment& Office p-,1177100302,Central Repository & Complaint Handling Single Window,2630200,Capital Grants to Government Agencies and other Levels of Government,exp,0,10000000,0,0,837,yes
fy-2026-27-development-book-volume-iii-1104-2111,1177,State Department for Investment Promotion,1177100600,Flagship Export Processing Zone Hubs (EPZA)-BETA,1177100601,Sagana EPZ Hub,2211300,Other Operating Expenses,exp,1276000,1276000,3650000,3800000,838,yes
fy-2026-27-development-book-volume-iii-1104-2111,1177,State Department for Investment Promotion,1177100600,Flagship Export Processing Zone Hubs (EPZA)-BETA,1177100601,Sagana EPZ Hub,2630200,Capital Grants to Government Agencies and other Levels of Government,exp,175000000,175000000,361350000,376200000,838,yes
fy-2026-27-development-book-volume-iii-1104-2111,1177,State Department for Investment Promotion,1177100600,Flagship Export Processing Zone Hubs (EPZA)-BETA,1177100602,Del Monte EPZ Hub,2211300,Other Operating Expenses,exp,1250000,1250000,3650000,3800000,838,yes
fy-2026-27-development-book-volume-iii-1104-2111,1177,State Department for Investment Promotion,1177100600,Flagship Export Processing Zone Hubs (EPZA)-BETA,1177100602,Del Monte EPZ Hub,2630200,Capital Grants to Government Agencies and other Levels of Government,exp,175000000,175000000,361350000,376200000,838,yes
fy-2026-27-development-book-volume-iii-1104-2111,1177,State Department for Investment Promotion,1177100600,Flagship Export Processing Zone Hubs (EPZA)-BETA,1177100604,Nasewa EPZ Hub,2211300,Other Operating Expenses,exp,1250000,1250000,3650000,3800000,838,yes
fy-2026-27-development-book-volume-iii-1104-2111,1177,State Department for Investment Promotion,1177100600,Flagship Export Processing Zone Hubs (EPZA)-BETA,1177100604,Nasewa EPZ Hub,2630200,Capital Grants to Government Agencies and other Levels of Government,exp,175000000,175000000,361350000,376200000,838,yes
fy-2026-27-development-book-volume-iii-1104-2111,1177,State Department for Investment Promotion,1177100600,Flagship Export Processing Zone Hubs (EPZA)-BETA,1177100605,Eldoret ICDC Industrial Park EPZ Hub,2211300,Other Operating Expenses,exp,1250000,1250000,3650000,3800000,838,yes
fy-2026-27-development-book-volume-iii-1104-2111,1177,State Department for Investment Promotion,1177100600,Flagship Export Processing Zone Hubs (EPZA)-BETA,1177100605,Eldoret ICDC Industrial Park EPZ Hub,2630200,Capital Grants to Government Agencies and other Levels of Government,exp,175000000,175000000,361350000,376200000,838,yes
fy-2026-27-development-book-volume-iii-1104-2111,1177,State Department for Investment Promotion,1177100700,Kenya Job and Economic Transformation (KJET) Project,1177100701,Kenya Job and Economic Transformation (KJET) Project,2110200,Basic Wages - Temporary Employees,exp,50000000,50000000,50000000,50000000,838,yes
fy-2026-27-development-book-volume-iii-1104-2111,1177,State Department for Investment Promotion,1177100700,Kenya Job and Economic Transformation (KJET) Project,1177100701,Kenya Job and Economic Transformation (KJET) Project,2630200,Capital Grants to Government Agencies and other Levels of Government,exp,700000000,1150000000,450000000,450000000,838,yes
fy-2026-27-development-book-volume-iii-1104-2111,1177,State Department for Investment Promotion,1177100700,Kenya Job and Economic Transformation (KJET) Project,1177100701,Kenya Job and Economic Transformation (KJET) Project,3111400,"Research, Feasibility Studies, Project Preparation and Design, Project S",exp,350000000,400000000,400000000,400000000,838,yes
fy-2026-27-development-book-volume-iii-1104-2111,1177,State Department for Investment Promotion,1177100800,Kenya Development Corporation,1177100801,Kenya Development Corporation,2630200,Capital Grants to Government Agencies and other Levels of Government,exp,350000000,0,0,0,838,yes
fy-2026-27-development-book-volume-iii-1104-2111,1177,State Department for Investment Promotion,1177100800,Kenya Development Corporation,1177100801,Kenya Development Corporation,1420300,Receipts from Administrative Fees and Charges - Collected as AIA,aia,350000000,0,0,0,838,yes
fy-2026-27-development-book-volume-iii-1104-2111,1184,State Department for Labour and Skills Development,1184100100,Construction of Meru County Labour offices,1184100101,Construction of Meru County Labour offices,3110200,Construction of Building,exp,6440000,0,0,0,846,yes
fy-2026-27-development-book-volume-iii-1104-2111,1184,State Department for Labour and Skills Development,1184100300,Construction of Occupational Safety & Health-OSH-Institute-Phase I,1184100301,Construction of Occupational Safety & Health-OSH-Institute-Phase I,3110200,Construction of Building,exp,51021830,111280000,58480000,0,846,yes
fy-2026-27-development-book-volume-iii-1104-2111,1184,State Department for Labour and Skills Development,1184100600,Construction of National Employment Promotion centre Kabete,1184100601,Construction of National Employment Promotion centre Kabete,2630200,Capital Grants to Government Agencies and other Levels of Government,exp,150000000,150000000,150000000,103790000,846,yes
fy-2026-27-development-book-volume-iii-1104-2111,1184,State Department for Labour and Skills Development,1184100800,Upgrading of Kisumu Industrial Training Centre (KITC),1184100801,Upgrading of Kisumu Industrial Training Centre (KITC),2630200,Capital Grants to Government Agencies and other Levels of Government,exp,0,0,65000000,50000000,846,yes
fy-2026-27-development-book-volume-iii-1104-2111,1184,State Department for Labour and Skills Development,1184102100,Establishment of Occupational Safety & Health (OSH) Institute-Phase2,1184102101,Establishment of Occupational Safety & Health (OSH) Institute-Phase2,3111100,"Purchase of Specialised Plant, Equipment and Machinery",exp,5140000,0,50000000,200000000,846,yes
fy-2026-27-development-book-volume-iii-1104-2111,1184,State Department for Labour and Skills Development,1184103000,National Youth Opportunites Towards Advancement (NYOTA) Project,1184103001,Operationalization of Labour Market Information & Observatory,2210200,"Communication, Supplies and Services",exp,1500000,3000000,1000000,1000000,847,yes
fy-2026-27-development-book-volume-iii-1104-2111,1184,State Department for Labour and Skills Development,1184103000,National Youth Opportunites Towards Advancement (NYOTA) Project,1184103001,Operationalization of Labour Market Information & Observatory,2210300,"Domestic Travel and Subsistence, and Other Transportation Costs",exp,64410000,74100000,60100000,60100000,847,yes
fy-2026-27-development-book-volume-iii-1104-2111,1184,State Department for Labour and Skills Development,1184103000,National Youth Opportunites Towards Advancement (NYOTA) Project,1184103001,Operationalization of Labour Market Information & Observatory,2210400,"Foreign Travel and Subsistence, and other transportation costs",exp,18100000,32200000,19900000,19900000,847,yes
fy-2026-27-development-book-volume-iii-1104-2111,1184,State Department for Labour and Skills Development,1184103000,National Youth Opportunites Towards Advancement (NYOTA) Project,1184103001,Operationalization of Labour Market Information & Observatory,2210500,"Printing , Advertising and Information Supplies and Services",exp,7250000,20200000,6200000,6200000,847,yes
fy-2026-27-development-book-volume-iii-1104-2111,1184,State Department for Labour and Skills Development,1184103000,National Youth Opportunites Towards Advancement (NYOTA) Project,1184103001,Operationalization of Labour Market Information & Observatory,2210700,Training Expenses,exp,30910000,54070000,30400000,30400000,847,yes
fy-2026-27-development-book-volume-iii-1104-2111,1184,State Department for Labour and Skills Development,1184103000,National Youth Opportunites Towards Advancement (NYOTA) Project,1184103001,Operationalization of Labour Market Information & Observatory,2210800,Hospitality Supplies and Services,exp,15800000,17100000,15100000,15100000,847,yes
fy-2026-27-development-book-volume-iii-1104-2111,1184,State Department for Labour and Skills Development,1184103000,National Youth Opportunites Towards Advancement (NYOTA) Project,1184103001,Operationalization of Labour Market Information & Observatory,2211100,Office and General Supplies and Services,exp,7250000,10800000,4800000,4800000,847,yes
fy-2026-27-development-book-volume-iii-1104-2111,1184,State Department for Labour and Skills Development,1184103000,National Youth Opportunites Towards Advancement (NYOTA) Project,1184103001,Operationalization of Labour Market Information & Observatory,2211200,Fuel Oil and Lubricants,exp,3200000,7400000,4400000,4400000,847,yes
fy-2026-27-development-book-volume-iii-1104-2111,1184,State Department for Labour and Skills Development,1184103000,National Youth Opportunites Towards Advancement (NYOTA) Project,1184103001,Operationalization of Labour Market Information & Observatory,2211300,Other Operating Expenses,exp,106000000,46030000,36000000,36000000,847,yes
fy-2026-27-development-book-volume-iii-1104-2111,1184,State Department for Labour and Skills Development,1184103000,National Youth Opportunites Towards Advancement (NYOTA) Project,1184103001,Operationalization of Labour Market Information & Observatory,2220100,Routine Maintenance - Vehicles and Other Transport Equipment,exp,2500000,5100000,2100000,2100000,847,yes
fy-2026-27-development-book-volume-iii-1104-2111,1184,State Department for Labour and Skills Development,1184103000,National Youth Opportunites Towards Advancement (NYOTA) Project,1184103001,Operationalization of Labour Market Information & Observatory,2220200,Routine Maintenance - Other Assets,exp,4880000,8000000,4500000,4500000,847,yes
fy-2026-27-development-book-volume-iii-1104-2111,1184,State Department for Labour and Skills Development,1184103000,National Youth Opportunites Towards Advancement (NYOTA) Project,1184103001,Operationalization of Labour Market Information & Observatory,3111000,Purchase of Office Furniture and General Equipment,exp,14500000,8000000,3700000,3700000,847,yes
fy-2026-27-development-book-volume-iii-1104-2111,1184,State Department for Labour and Skills Development,1184103000,National Youth Opportunites Towards Advancement (NYOTA) Project,1184103001,Operationalization of Labour Market Information & Observatory,3111100,"Purchase of Specialised Plant, Equipment and Machinery",exp,3700000,10000000,6500000,6500000,847,yes
fy-2026-27-development-book-volume-iii-1104-2111,1184,State Department for Labour and Skills Development,1184103000,National Youth Opportunites Towards Advancement (NYOTA) Project,1184103002,Improving Youth Employablity (NYOTA) - NITA,2630200,Capital Grants to Government Agencies and other Levels of Government,exp,60000000,455000000,155000000,155000000,847,yes
fy-2026-27-development-book-volume-iii-1104-2111,1184,State Department for Labour and Skills Development,1184103000,National Youth Opportunites Towards Advancement (NYOTA) Project,1184103003,Supporting Youth Savings (NYOTA) - NSSF,2630200,Capital Grants to Government Agencies and other Levels of Government,exp,300000000,664000000,464030000,464030000,847,yes
fy-2026-27-development-book-volume-iii-1104-2111,1184,State Department for Labour and Skills Development,1184103100,ERP System Upgrade and Human Capital Transformation,1184103101,ERP System Upgrade and Human Capital Transformation,2630200,Capital Grants to Government Agencies and other Levels of Government,exp,0,0,150000000,270000000,847,yes
fy-2026-27-development-book-volume-iii-1104-2111,1185,State Department for Social Protection and Senior Citizens Affairs,1185100500,Renovation of Vocation Rehabilitation Centres (VRCs),1185100501,Renovation of Vocation Rehabilitation Centres (VRCs),3110300,Refurbishment of Buildings,exp,15000000,0,0,0,853,yes
fy-2026-27-development-book-volume-iii-1104-2111,1185,State Department for Social Protection and Senior Citizens Affairs,1185100500,Renovation of Vocation Rehabilitation Centres (VRCs),1185100502,Renovation of Embu Vocational Rehabilitation Center,3110300,Refurbishment of Buildings,exp,0,0,0,20000000,853,yes
fy-2026-27-development-book-volume-iii-1104-2111,1185,State Department for Social Protection and Senior Citizens Affairs,1185100500,Renovation of Vocation Rehabilitation Centres (VRCs),1185100503,Renovation of Kakamega Vocational Rehabilitation Center,3110300,Refurbishment of Buildings,exp,0,0,15000000,25000000,853,yes
fy-2026-27-development-book-volume-iii-1104-2111,1185,State Department for Social Protection and Senior Citizens Affairs,1185100500,Renovation of Vocation Rehabilitation Centres (VRCs),1185100504,Renovation of Industrial Rehabilitation & Vocational Center,3110300,Refurbishment of Buildings,exp,0,0,0,10000000,853,yes
fy-2026-27-development-book-volume-iii-1104-2111,1185,State Department for Social Protection and Senior Citizens Affairs,1185100500,Renovation of Vocation Rehabilitation Centres (VRCs),1185100505,Renovation of Bura Vocational Rehabilitation Center,3110300,Refurbishment of Buildings,exp,0,0,5000000,10000000,853,yes
fy-2026-27-development-book-volume-iii-1104-2111,1185,State Department for Social Protection and Senior Citizens Affairs,1185100500,Renovation of Vocation Rehabilitation Centres (VRCs),1185100506,Renovation of Machakos Vocational Rehabilitation Center,3110300,Refurbishment of Buildings,exp,0,0,5000000,10000000,853,yes
fy-2026-27-development-book-volume-iii-1104-2111,1185,State Department for Social Protection and Senior Citizens Affairs,1185100500,Renovation of Vocation Rehabilitation Centres (VRCs),1185100507,Renovation of Muriranjas Vocational Rehabilitation Center,3110300,Refurbishment of Buildings,exp,0,12000000,5000000,0,853,yes
fy-2026-27-development-book-volume-iii-1104-2111,1185,State Department for Social Protection and Senior Citizens Affairs,1185100500,Renovation of Vocation Rehabilitation Centres (VRCs),1185100508,Renovation of Itando Vocational Rehabilitation Center,3110300,Refurbishment of Buildings,exp,0,10000000,5000000,0,853,yes
fy-2026-27-development-book-volume-iii-1104-2111,1185,State Department for Social Protection and Senior Citizens Affairs,1185100500,Renovation of Vocation Rehabilitation Centres (VRCs),1185100509,Renovation of Nyandarua Vocational Rehabilitation Center,3110300,Refurbishment of Buildings,exp,0,10000000,5000000,0,853,yes
fy-2026-27-development-book-volume-iii-1104-2111,1185,State Department for Social Protection and Senior Citizens Affairs,1185100500,Renovation of Vocation Rehabilitation Centres (VRCs),1185100510,Renovation of Odiado Vocational Rehabilitation Center,3110300,Refurbishment of Buildings,exp,0,8000000,10000000,0,853,yes
fy-2026-27-development-book-volume-iii-1104-2111,1185,State Department for Social Protection and Senior Citizens Affairs,1185100500,Renovation of Vocation Rehabilitation Centres (VRCs),1185100512,Renovation of Kabarnet Vocational Rehabilitation Center,3110300,Refurbishment of Buildings,exp,0,0,10000000,7000000,854,yes
fy-2026-27-development-book-volume-iii-1104-2111,1185,State Department for Social Protection and Senior Citizens Affairs,1185100500,Renovation of Vocation Rehabilitation Centres (VRCs),1185100513,Renovation of Kericho Vocational Rehabilitation Center,3110300,Refurbishment of Buildings,exp,0,0,10000000,7000000,854,yes
fy-2026-27-development-book-volume-iii-1104-2111,1185,State Department for Social Protection and Senior Citizens Affairs,1185100600,Educational Equipment for Vocational Rehabilitation Centres,1185100601,Educational Equipment for Vocational Rehabilitation Centres,3111100,"Purchase of Specialised Plant, Equipment and Machinery",exp,14000000,0,0,0,854,yes
fy-2026-27-development-book-volume-iii-1104-2111,1185,State Department for Social Protection and Senior Citizens Affairs,1185100600,Educational Equipment for Vocational Rehabilitation Centres,1185100602,Educational Equipment for Embu Vocational Rehabilitation Center,3111100,"Purchase of Specialised Plant, Equipment and Machinery",exp,0,0,10000000,10000000,854,yes
fy-2026-27-development-book-volume-iii-1104-2111,1185,State Department for Social Protection and Senior Citizens Affairs,1185100600,Educational Equipment for Vocational Rehabilitation Centres,1185100603,Educational Equipment for Kakamega Vocational Rehabilitation,3111100,"Purchase of Specialised Plant, Equipment and Machinery",exp,0,0,20000000,0,854,yes
fy-2026-27-development-book-volume-iii-1104-2111,1185,State Department for Social Protection and Senior Citizens Affairs,1185100600,Educational Equipment for Vocational Rehabilitation Centres,1185100604,Educational Equipment - Industrial Rehabilitation & Vocational Cent,3111100,"Purchase of Specialised Plant, Equipment and Machinery",exp,0,10000000,0,0,854,yes
fy-2026-27-development-book-volume-iii-1104-2111,1185,State Department for Social Protection and Senior Citizens Affairs,1185100600,Educational Equipment for Vocational Rehabilitation Centres,1185100605,Educational Equipment for Bura Vocational Rehabilitation Center,3111100,"Purchase of Specialised Plant, Equipment and Machinery",exp,0,0,0,20000000,854,yes
fy-2026-27-development-book-volume-iii-1104-2111,1185,State Department for Social Protection and Senior Citizens Affairs,1185100600,Educational Equipment for Vocational Rehabilitation Centres,1185100606,Educational Equipment for Machakos Vocational Rehabilitation Center,3111100,"Purchase of Specialised Plant, Equipment and Machinery",exp,0,0,20000000,8000000,854,yes
fy-2026-27-development-book-volume-iii-1104-2111,1185,State Department for Social Protection and Senior Citizens Affairs,1185100600,Educational Equipment for Vocational Rehabilitation Centres,1185100607,Educational Equipment - Muriranjas Vocational Rehabilitation Center,3111100,"Purchase of Specialised Plant, Equipment and Machinery",exp,0,0,0,20000000,854,yes
fy-2026-27-development-book-volume-iii-1104-2111,1185,State Department for Social Protection and Senior Citizens Affairs,1185100600,Educational Equipment for Vocational Rehabilitation Centres,1185100608,Educational Equipment for Itando Vocational Rehabilitation Center,3111100,"Purchase of Specialised Plant, Equipment and Machinery 2457",exp,0,0,10000000,7000000,854,yes
fy-2026-27-development-book-volume-iii-1104-2111,1185,State Department for Social Protection and Senior Citizens Affairs,1185100600,Educational Equipment for Vocational Rehabilitation Centres,1185100609,Educational Equipment for Nyandarua Vocational Rehabilitation,3111100,"Purchase of Specialised Plant, Equipment and Machinery",exp,0,10000000,0,5000000,855,yes
fy-2026-27-development-book-volume-iii-1104-2111,1185,State Department for Social Protection and Senior Citizens Affairs,1185100600,Educational Equipment for Vocational Rehabilitation Centres,1185100610,Educational Equipment for Odiado Vocational Rehabilitation Center,3111100,"Purchase of Specialised Plant, Equipment and Machinery",exp,0,0,20000000,10000000,855,yes
fy-2026-27-development-book-volume-iii-1104-2111,1185,State Department for Social Protection and Senior Citizens Affairs,1185100600,Educational Equipment for Vocational Rehabilitation Centres,1185100611,Educational Equipment for Kisii Vocational Rehabilitation Center,3111100,"Purchase of Specialised Plant, Equipment and Machinery",exp,0,0,10000000,10000000,855,yes
fy-2026-27-development-book-volume-iii-1104-2111,1185,State Department for Social Protection and Senior Citizens Affairs,1185100600,Educational Equipment for Vocational Rehabilitation Centres,1185100612,Educational Equipment for Kabarnet Vocational Rehabilitation Center,3111100,"Purchase of Specialised Plant, Equipment and Machinery",exp,0,0,10000000,8000000,855,yes
fy-2026-27-development-book-volume-iii-1104-2111,1185,State Department for Social Protection and Senior Citizens Affairs,1185100600,Educational Equipment for Vocational Rehabilitation Centres,1185100613,Educational Equipment for Kericho Vocational Rehabilitation Center,3111100,"Purchase of Specialised Plant, Equipment and Machinery",exp,0,10000000,0,9000000,855,yes
fy-2026-27-development-book-volume-iii-1104-2111,1185,State Department for Social Protection and Senior Citizens Affairs,1185100900,Upgrading of Community Capacity Support Centres in Kirinyaga &,1185100901,Upgrading of Community Capacity Support Centres in Kirinyaga &,3110300,Refurbishment of Buildings,exp,10000000,0,0,0,855,yes
fy-2026-27-development-book-volume-iii-1104-2111,1185,State Department for Social Protection and Senior Citizens Affairs,1185100900,Upgrading of Community Capacity Support Centres in Kirinyaga &,1185100903,Upgrading of Kilifi Community Capacity Support Centre,3110300,Refurbishment of Buildings,exp,0,0,20000000,40000000,855,yes
fy-2026-27-development-book-volume-iii-1104-2111,1185,State Department for Social Protection and Senior Citizens Affairs,1185104000,Kenya Social and Economic Inclusion Project,1185104001,Kenya Social and Economic Inclusion Project,2210200,"Communication, Supplies and Services",exp,1300000,0,0,0,855,yes
fy-2026-27-development-book-volume-iii-1104-2111,1185,State Department for Social Protection and Senior Citizens Affairs,1185104000,Kenya Social and Economic Inclusion Project,1185104001,Kenya Social and Economic Inclusion Project,2210300,"Domestic Travel and Subsistence, and Other Transportation Costs",exp,32800000,0,0,0,855,yes
fy-2026-27-development-book-volume-iii-1104-2111,1185,State Department for Social Protection and Senior Citizens Affairs,1185104000,Kenya Social and Economic Inclusion Project,1185104001,Kenya Social and Economic Inclusion Project,2210400,"Foreign Travel and Subsistence, and other transportation costs 2458",exp,10700000,0,0,0,855,yes
fy-2026-27-development-book-volume-iii-1104-2111,1185,State Department for Social Protection and Senior Citizens Affairs,1185104000,Kenya Social and Economic Inclusion Project,1185104001,Kenya Social and Economic Inclusion Project,2210500,"Printing , Advertising and Information Supplies and Services",exp,5200000,0,0,0,856,yes
fy-2026-27-development-book-volume-iii-1104-2111,1185,State Department for Social Protection and Senior Citizens Affairs,1185104000,Kenya Social and Economic Inclusion Project,1185104001,Kenya Social and Economic Inclusion Project,2210700,Training Expenses,exp,18500000,0,0,0,856,yes
fy-2026-27-development-book-volume-iii-1104-2111,1185,State Department for Social Protection and Senior Citizens Affairs,1185104000,Kenya Social and Economic Inclusion Project,1185104001,Kenya Social and Economic Inclusion Project,2210800,Hospitality Supplies and Services,exp,18000000,0,0,0,856,yes
fy-2026-27-development-book-volume-iii-1104-2111,1185,State Department for Social Protection and Senior Citizens Affairs,1185104000,Kenya Social and Economic Inclusion Project,1185104001,Kenya Social and Economic Inclusion Project,2211100,Office and General Supplies and Services,exp,2500000,0,0,0,856,yes
fy-2026-27-development-book-volume-iii-1104-2111,1185,State Department for Social Protection and Senior Citizens Affairs,1185104000,Kenya Social and Economic Inclusion Project,1185104001,Kenya Social and Economic Inclusion Project,2211200,Fuel Oil and Lubricants,exp,12000000,0,0,0,856,yes
fy-2026-27-development-book-volume-iii-1104-2111,1185,State Department for Social Protection and Senior Citizens Affairs,1185104000,Kenya Social and Economic Inclusion Project,1185104001,Kenya Social and Economic Inclusion Project,2211300,Other Operating Expenses,exp,54130780,0,0,0,856,yes
fy-2026-27-development-book-volume-iii-1104-2111,1185,State Department for Social Protection and Senior Citizens Affairs,1185104000,Kenya Social and Economic Inclusion Project,1185104001,Kenya Social and Economic Inclusion Project,2220100,Routine Maintenance - Vehicles and Other Transport Equipment,exp,3000000,0,0,0,856,yes
fy-2026-27-development-book-volume-iii-1104-2111,1185,State Department for Social Protection and Senior Citizens Affairs,1185104000,Kenya Social and Economic Inclusion Project,1185104002,The 2nd Kenya Social and Economic Inclusion Project (KSEIP II),2110200,Basic Wages - Temporary Employees,exp,0,150000000,150000000,150000000,856,yes
fy-2026-27-development-book-volume-iii-1104-2111,1185,State Department for Social Protection and Senior Citizens Affairs,1185104000,Kenya Social and Economic Inclusion Project,1185104002,The 2nd Kenya Social and Economic Inclusion Project (KSEIP II),2210200,"Communication, Supplies and Services",exp,0,32300000,8650000,8650000,856,yes
fy-2026-27-development-book-volume-iii-1104-2111,1185,State Department for Social Protection and Senior Citizens Affairs,1185104000,Kenya Social and Economic Inclusion Project,1185104002,The 2nd Kenya Social and Economic Inclusion Project (KSEIP II),2210300,"Domestic Travel and Subsistence, and Other Transportation Costs",exp,0,240700000,109500000,111000000,856,yes
fy-2026-27-development-book-volume-iii-1104-2111,1185,State Department for Social Protection and Senior Citizens Affairs,1185104000,Kenya Social and Economic Inclusion Project,1185104002,The 2nd Kenya Social and Economic Inclusion Project (KSEIP II),2210400,"Foreign Travel and Subsistence, and other transportation costs",exp,0,70000000,25000000,25000000,856,yes
fy-2026-27-development-book-volume-iii-1104-2111,1185,State Department for Social Protection and Senior Citizens Affairs,1185104000,Kenya Social and Economic Inclusion Project,1185104002,The 2nd Kenya Social and Economic Inclusion Project (KSEIP II),2210500,"Printing , Advertising and Information Supplies and Services",exp,0,60000000,10000000,10000000,856,yes
fy-2026-27-development-book-volume-iii-1104-2111,1185,State Department for Social Protection and Senior Citizens Affairs,1185104000,Kenya Social and Economic Inclusion Project,1185104002,The 2nd Kenya Social and Economic Inclusion Project (KSEIP II),2210700,Training Expenses,exp,0,179500000,70800000,70500000,856,yes
fy-2026-27-development-book-volume-iii-1104-2111,1185,State Department for Social Protection and Senior Citizens Affairs,1185104000,Kenya Social and Economic Inclusion Project,1185104002,The 2nd Kenya Social and Economic Inclusion Project (KSEIP II),2210800,Hospitality Supplies and Services,exp,0,151500000,65000000,63000000,856,yes
fy-2026-27-development-book-volume-iii-1104-2111,1185,State Department for Social Protection and Senior Citizens Affairs,1185104000,Kenya Social and Economic Inclusion Project,1185104002,The 2nd Kenya Social and Economic Inclusion Project (KSEIP II),2211100,Office and General Supplies and Services,exp,0,34000000,19500000,19300000,856,yes
fy-2026-27-development-book-volume-iii-1104-2111,1185,State Department for Social Protection and Senior Citizens Affairs,1185104000,Kenya Social and Economic Inclusion Project,1185104002,The 2nd Kenya Social and Economic Inclusion Project (KSEIP II),2211200,Fuel Oil and Lubricants,exp,0,35000000,26300000,25750000,856,yes
fy-2026-27-development-book-volume-iii-1104-2111,1185,State Department for Social Protection and Senior Citizens Affairs,1185104000,Kenya Social and Economic Inclusion Project,1185104002,The 2nd Kenya Social and Economic Inclusion Project (KSEIP II),2211300,Other Operating Expenses,exp,0,35000000,27000000,27000000,856,yes
fy-2026-27-development-book-volume-iii-1104-2111,1185,State Department for Social Protection and Senior Citizens Affairs,1185104000,Kenya Social and Economic Inclusion Project,1185104002,The 2nd Kenya Social and Economic Inclusion Project (KSEIP II),2220100,Routine Maintenance - Vehicles and Other Transport Equipment,exp,0,15000000,6200000,7500000,856,yes
fy-2026-27-development-book-volume-iii-1104-2111,1185,State Department for Social Protection and Senior Citizens Affairs,1185104000,Kenya Social and Economic Inclusion Project,1185104002,The 2nd Kenya Social and Economic Inclusion Project (KSEIP II),2220200,Routine Maintenance - Other Assets,exp,0,2500000,3350000,3600000,856,yes
fy-2026-27-development-book-volume-iii-1104-2111,1185,State Department for Social Protection and Senior Citizens Affairs,1185104000,Kenya Social and Economic Inclusion Project,1185104002,The 2nd Kenya Social and Economic Inclusion Project (KSEIP II),2640400,"Other Current Transfers, Grants and Subsidies",exp,0,756000000,100000000,100000000,856,yes
fy-2026-27-development-book-volume-iii-1104-2111,1185,State Department for Social Protection and Senior Citizens Affairs,1185104000,Kenya Social and Economic Inclusion Project,1185104002,The 2nd Kenya Social and Economic Inclusion Project (KSEIP II),3110700,Purchase of Vehicles and Other Transport Equipment,exp,0,54500000,0,0,856,yes
fy-2026-27-development-book-volume-iii-1104-2111,1185,State Department for Social Protection and Senior Citizens Affairs,1185104000,Kenya Social and Economic Inclusion Project,1185104002,The 2nd Kenya Social and Economic Inclusion Project (KSEIP II),3111000,Purchase of Office Furniture and General Equipment,exp,0,78000000,16000000,16000000,856,yes
fy-2026-27-development-book-volume-iii-1104-2111,1185,State Department for Social Protection and Senior Citizens Affairs,1185104000,Kenya Social and Economic Inclusion Project,1185104002,The 2nd Kenya Social and Economic Inclusion Project (KSEIP II),3111100,"Purchase of Specialised Plant, Equipment and Machinery",exp,0,6000000,3000000,3000000,856,yes
fy-2026-27-development-book-volume-iii-1104-2111,1185,State Department for Social Protection and Senior Citizens Affairs,1185106500,Renovations of Muranga Social Development Offices,1185106501,Renovations of Muranga Social Development Offices,3110300,Refurbishment of Buildings,exp,10230000,30000000,0,0,856,yes
fy-2026-27-development-book-volume-iii-1104-2111,1185,State Department for Social Protection and Senior Citizens Affairs,1185106700,"Refurb-Kitui,Embu,Kajiado,Kwale offices (Adult Learning Education)",1185106701,"Refurb-Kitui,Embu,Kajiado,Kwale offices (Adult Learning Education)",3110300,Refurbishment of Buildings 2459,exp,0,8000000,0,0,856,yes
fy-2026-27-development-book-volume-iii-1104-2111,1186,State Department for Children Services,1186100100,Construction of Meru Children's Remand Home,1186100101,Construction of Meru Children's Remand Home,3110300,Refurbishment of Buildings,exp,1960000,0,0,0,866,yes
fy-2026-27-development-book-volume-iii-1104-2111,1186,State Department for Children Services,1186100200,Construct Kitchen & Dormitory at Dagoretti Children's Rehab. School,1186100201,Construct Kitchen & Dormitory at Dagoretti Children's Rehab. School,3110300,Refurbishment of Buildings,exp,15000000,30000000,0,0,866,yes
fy-2026-27-development-book-volume-iii-1104-2111,1186,State Department for Children Services,1186100300,Rehabilitation of Machakos Children Rescue Centre,1186100301,Rehabilitation of Machakos Children Rescue Centre,3110300,Refurbishment of Buildings,exp,6000000,42000000,21010000,50000000,866,yes
fy-2026-27-development-book-volume-iii-1104-2111,1186,State Department for Children Services,1186100400,"Fencing of Vocational, Rehabilitation and Remand Homes",1186100401,"Fencing of Vocational, Rehabilitation and Remand Homes",3110300,Refurbishment of Buildings,exp,25000000,0,0,0,866,yes
fy-2026-27-development-book-volume-iii-1104-2111,1186,State Department for Children Services,1186100400,"Fencing of Vocational, Rehabilitation and Remand Homes",1186100401,"Fencing of Vocational, Rehabilitation and Remand Homes",3110500,Construction and Civil Works,exp,0,20090000,10000000,100000000,866,yes
fy-2026-27-development-book-volume-iii-1104-2111,1186,State Department for Children Services,1186100800,Fencing of Getathuru National Reception and Classification Center,1186100801,Fencing of Getathuru National Reception and Classification Center,3110500,Construction and Civil Works,exp,4420000,0,0,0,866,yes
fy-2026-27-development-book-volume-iii-1104-2111,1186,State Department for Children Services,1186101000,Renovation of Murang'a Children's Remand Home,1186101001,Renovation of Murang'a Children's Remand Home,3110300,Refurbishment of Buildings,exp,3680000,0,0,0,867,yes
fy-2026-27-development-book-volume-iii-1104-2111,1186,State Department for Children Services,1186101300,Kericho Children's Rehabilitation School and Remand Home,1186101301,Kericho Children's Rehabilitation School and Remand Home,3110300,Refurbishment of Buildings,exp,6440000,0,0,0,867,yes
fy-2026-27-development-book-volume-iii-1104-2111,1186,State Department for Children Services,1186101400,Fencing at The Othaya Children's Rehabilitation School - Nyeri,1186101401,Fencing at The Othaya Children's Rehabilitation School - Nyeri,3110500,Construction and Civil Works,exp,6630000,0,0,0,867,yes
fy-2026-27-development-book-volume-iii-1104-2111,1186,State Department for Children Services,1186101500,Fencing of Kakamega Children's Remand Home,1186101501,Fencing of Kakamega Children's Remand Home,3110500,Construction and Civil Works,exp,4710000,0,0,0,867,yes
fy-2026-27-development-book-volume-iii-1104-2111,1186,State Department for Children Services,1186101600,Kakamega Children's Rehabilitation School,1186101601,Kakamega Children's Rehabilitation School,3110300,Refurbishment of Buildings,exp,9600000,16900000,0,0,867,yes
fy-2026-27-development-book-volume-iii-1104-2111,1186,State Department for Children Services,1186101700,Renovation of Mt Elgon sub-county Children's Office,1186101701,Renovation of Mt Elgon sub-county Children's Office,3110300,Refurbishment of Buildings,exp,1590000,0,0,0,868,yes
fy-2026-27-development-book-volume-iii-1104-2111,1186,State Department for Children Services,1186101800,Construction of Ijaara sub-county Children's Office,1186101801,Construction of Ijaara sub-county Children's Office,3110300,Refurbishment of Buildings,exp,2600000,0,0,0,868,yes
fy-2026-27-development-book-volume-iii-1104-2111,1186,State Department for Children Services,1186102000,Street Families Model Rehabilitation Center,1186102001,Street Families Model Rehabilitation Center,3110500,Construction and Civil Works,exp,46000000,0,0,0,868,yes
fy-2026-27-development-book-volume-iii-1104-2111,1186,State Department for Children Services,1186102100,Replacement of Asbestos Roofing & Renovation of Statutory Children I,1186102101,Replacement of Asbestos Roofing & Renovation of Statutory Children I,3110300,Refurbishment of Buildings,exp,50000000,31010000,68990000,0,868,yes
fy-2026-27-development-book-volume-iii-1104-2111,1186,State Department for Children Services,1186102400,Kenya Social and Economic Inclusion Project (KSEIP II),1186102401,Adolecence Programme,2110200,Basic Wages - Temporary Employees,exp,0,500000,0,0,868,yes
fy-2026-27-development-book-volume-iii-1104-2111,1186,State Department for Children Services,1186102400,Kenya Social and Economic Inclusion Project (KSEIP II),1186102401,Adolecence Programme,2210200,"Communication, Supplies and Services",exp,0,1600000,0,0,868,yes
fy-2026-27-development-book-volume-iii-1104-2111,1186,State Department for Children Services,1186102400,Kenya Social and Economic Inclusion Project (KSEIP II),1186102401,Adolecence Programme,2210300,"Domestic Travel and Subsistence, and Other Transportation Costs",exp,0,24340000,0,0,868,yes
fy-2026-27-development-book-volume-iii-1104-2111,1186,State Department for Children Services,1186102400,Kenya Social and Economic Inclusion Project (KSEIP II),1186102401,Adolecence Programme,2210400,"Foreign Travel and Subsistence, and other transportation costs",exp,0,5700000,0,0,868,yes
fy-2026-27-development-book-volume-iii-1104-2111,1186,State Department for Children Services,1186102400,Kenya Social and Economic Inclusion Project (KSEIP II),1186102401,Adolecence Programme,2210500,"Printing , Advertising and Information Supplies and Services",exp,0,1500000,0,0,868,yes
fy-2026-27-development-book-volume-iii-1104-2111,1186,State Department for Children Services,1186102400,Kenya Social and Economic Inclusion Project (KSEIP II),1186102401,Adolecence Programme,2210700,Training Expenses,exp,0,8400000,0,0,868,yes
fy-2026-27-development-book-volume-iii-1104-2111,1186,State Department for Children Services,1186102400,Kenya Social and Economic Inclusion Project (KSEIP II),1186102401,Adolecence Programme,2210800,Hospitality Supplies and Services,exp,0,3350000,0,0,868,yes
fy-2026-27-development-book-volume-iii-1104-2111,1186,State Department for Children Services,1186102400,Kenya Social and Economic Inclusion Project (KSEIP II),1186102401,Adolecence Programme,2211100,Office and General Supplies and Services,exp,0,600000,0,0,868,yes
fy-2026-27-development-book-volume-iii-1104-2111,1186,State Department for Children Services,1186102400,Kenya Social and Economic Inclusion Project (KSEIP II),1186102401,Adolecence Programme,2211200,Fuel Oil and Lubricants,exp,0,2200000,0,0,868,yes
fy-2026-27-development-book-volume-iii-1104-2111,1186,State Department for Children Services,1186102400,Kenya Social and Economic Inclusion Project (KSEIP II),1186102401,Adolecence Programme,2220100,Routine Maintenance - Vehicles and Other Transport Equipment 2471,exp,0,2190000,0,0,868,yes
fy-2026-27-development-book-volume-iii-1104-2111,1186,State Department for Children Services,1186102400,Kenya Social and Economic Inclusion Project (KSEIP II),1186102401,Adolecence Programme,2220200,Routine Maintenance - Other Assets,exp,0,200000,0,0,869,yes
fy-2026-27-development-book-volume-iii-1104-2111,1186,State Department for Children Services,1186102400,Kenya Social and Economic Inclusion Project (KSEIP II),1186102401,Adolecence Programme,2640400,"Other Current Transfers, Grants and Subsidies",exp,0,120400000,0,0,869,yes
fy-2026-27-development-book-volume-iii-1104-2111,1186,State Department for Children Services,1186102400,Kenya Social and Economic Inclusion Project (KSEIP II),1186102401,Adolecence Programme,3111000,Purchase of Office Furniture and General Equipment,exp,0,1020000,0,0,869,yes
fy-2026-27-development-book-volume-iii-1104-2111,1186,State Department for Children Services,1186102400,Kenya Social and Economic Inclusion Project (KSEIP II),1186102402,NICHE Programme,2110200,Basic Wages - Temporary Employees,exp,0,6000000,0,0,869,yes
fy-2026-27-development-book-volume-iii-1104-2111,1186,State Department for Children Services,1186102400,Kenya Social and Economic Inclusion Project (KSEIP II),1186102402,NICHE Programme,2210200,"Communication, Supplies and Services",exp,0,3880000,0,0,869,yes
fy-2026-27-development-book-volume-iii-1104-2111,1186,State Department for Children Services,1186102400,Kenya Social and Economic Inclusion Project (KSEIP II),1186102402,NICHE Programme,2210300,"Domestic Travel and Subsistence, and Other Transportation Costs",exp,0,65600000,0,0,869,yes
fy-2026-27-development-book-volume-iii-1104-2111,1186,State Department for Children Services,1186102400,Kenya Social and Economic Inclusion Project (KSEIP II),1186102402,NICHE Programme,2210400,"Foreign Travel and Subsistence, and other transportation costs",exp,0,30000000,0,0,869,yes
fy-2026-27-development-book-volume-iii-1104-2111,1186,State Department for Children Services,1186102400,Kenya Social and Economic Inclusion Project (KSEIP II),1186102402,NICHE Programme,2210500,"Printing , Advertising and Information Supplies and Services",exp,0,2080000,0,0,869,yes
fy-2026-27-development-book-volume-iii-1104-2111,1186,State Department for Children Services,1186102400,Kenya Social and Economic Inclusion Project (KSEIP II),1186102402,NICHE Programme,2210700,Training Expenses,exp,0,21900000,0,0,869,yes
fy-2026-27-development-book-volume-iii-1104-2111,1186,State Department for Children Services,1186102400,Kenya Social and Economic Inclusion Project (KSEIP II),1186102402,NICHE Programme,2210800,Hospitality Supplies and Services,exp,0,5000000,0,0,869,yes
fy-2026-27-development-book-volume-iii-1104-2111,1186,State Department for Children Services,1186102400,Kenya Social and Economic Inclusion Project (KSEIP II),1186102402,NICHE Programme,2211100,Office and General Supplies and Services,exp,0,4900000,0,0,869,yes
fy-2026-27-development-book-volume-iii-1104-2111,1186,State Department for Children Services,1186102400,Kenya Social and Economic Inclusion Project (KSEIP II),1186102402,NICHE Programme,2211200,Fuel Oil and Lubricants,exp,0,3500000,0,0,869,yes
fy-2026-27-development-book-volume-iii-1104-2111,1186,State Department for Children Services,1186102400,Kenya Social and Economic Inclusion Project (KSEIP II),1186102402,NICHE Programme,2211300,Other Operating Expenses,exp,0,53500000,0,0,869,yes
fy-2026-27-development-book-volume-iii-1104-2111,1186,State Department for Children Services,1186102400,Kenya Social and Economic Inclusion Project (KSEIP II),1186102402,NICHE Programme,2220100,Routine Maintenance - Vehicles and Other Transport Equipment,exp,0,2190000,0,0,869,yes
fy-2026-27-development-book-volume-iii-1104-2111,1186,State Department for Children Services,1186102400,Kenya Social and Economic Inclusion Project (KSEIP II),1186102402,NICHE Programme,2220200,Routine Maintenance - Other Assets,exp,0,200000,0,0,869,yes
fy-2026-27-development-book-volume-iii-1104-2111,1186,State Department for Children Services,1186102400,Kenya Social and Economic Inclusion Project (KSEIP II),1186102402,NICHE Programme,2640400,"Other Current Transfers, Grants and Subsidies",exp,0,223000000,0,0,869,yes
fy-2026-27-development-book-volume-iii-1104-2111,1186,State Department for Children Services,1186102400,Kenya Social and Economic Inclusion Project (KSEIP II),1186102402,NICHE Programme,3111000,Purchase of Office Furniture and General Equipment,exp,0,5050000,0,0,869,yes
fy-2026-27-development-book-volume-iii-1104-2111,1186,State Department for Children Services,1186102400,Kenya Social and Economic Inclusion Project (KSEIP II),1186102402,NICHE Programme,3111100,"Purchase of Specialised Plant, Equipment and Machinery",exp,0,1200000,0,0,869,yes
fy-2026-27-development-book-volume-iii-1104-2111,1192,State Department for Mining,1192100200,Geological Data Bank Project-BETA,1192100201,Geological Data Bank Project - Headquarters,3111100,"Purchase of Specialised Plant, Equipment and Machinery",exp,27171968,75000000,95540000,95540000,879,yes
fy-2026-27-development-book-volume-iii-1104-2111,1192,State Department for Mining,1192100200,Geological Data Bank Project-BETA,1192100201,Geological Data Bank Project - Headquarters,1420300,Receipts from Administrative Fees and Charges - Collected as AIA,aia,27171968,75000000,0,0,879,yes
fy-2026-27-development-book-volume-iii-1104-2111,1192,State Department for Mining,1192100300,Online Transactional Mining Cadastre Portal-BETA,1192100301,Online Transactional Mining Cadastre Portal - Headquarters,2211300,Other Operating Expenses,exp,10000000,50000000,66020000,0,879,yes
fy-2026-27-development-book-volume-iii-1104-2111,1192,State Department for Mining,1192100300,Online Transactional Mining Cadastre Portal-BETA,1192100301,Online Transactional Mining Cadastre Portal - Headquarters,3111100,"Purchase of Specialised Plant, Equipment and Machinery",exp,25000000,33000000,36500000,0,879,yes
fy-2026-27-development-book-volume-iii-1104-2111,1192,State Department for Mining,1192100300,Online Transactional Mining Cadastre Portal-BETA,1192100301,Online Transactional Mining Cadastre Portal - Headquarters,1420300,Receipts from Administrative Fees and Charges - Collected as AIA,aia,30000000,83000000,102520000,0,879,yes
fy-2026-27-development-book-volume-iii-1104-2111,1192,State Department for Mining,1192100400,Mineral Audit Support-BETA,1192100401,Mineral Audit Support - Headquarters,2211300,Other Operating Expenses,exp,16938032,0,0,0,879,yes
fy-2026-27-development-book-volume-iii-1104-2111,1192,State Department for Mining,1192100400,Mineral Audit Support-BETA,1192100401,Mineral Audit Support - Headquarters,3111100,"Purchase of Specialised Plant, Equipment and Machinery",exp,13061968,75000000,77800000,115190000,879,yes
fy-2026-27-development-book-volume-iii-1104-2111,1192,State Department for Mining,1192100400,Mineral Audit Support-BETA,1192100401,Mineral Audit Support - Headquarters,1420300,Receipts from Administrative Fees and Charges - Collected as AIA,aia,16938032,75000000,77800000,115190000,879,yes
fy-2026-27-development-book-volume-iii-1104-2111,1192,State Department for Mining,1192100500,Mineral Certification Laboratory,1192100501,Mineral Certification Laboratory - Headquarters,3110300,Refurbishment of Buildings,exp,12000000,5000000,50000000,45000000,879,yes
fy-2026-27-development-book-volume-iii-1104-2111,1192,State Department for Mining,1192100500,Mineral Certification Laboratory,1192100501,Mineral Certification Laboratory - Headquarters,3111100,"Purchase of Specialised Plant, Equipment and Machinery",exp,53000000,75000000,108880000,160000000,879,yes
fy-2026-27-development-book-volume-iii-1104-2111,1192,State Department for Mining,1192100500,Mineral Certification Laboratory,1192100501,Mineral Certification Laboratory - Headquarters,1420300,Receipts from Administrative Fees and Charges - Collected as AIA,aia,12000000,47700000,0,0,879,yes
fy-2026-27-development-book-volume-iii-1104-2111,1192,State Department for Mining,1192100600,Geological Mapping and Mineral Exploration,1192100601,Geological Mapping and Mineral Exploration - Headquarters,3111100,"Purchase of Specialised Plant, Equipment and Machinery",exp,73000000,120000000,150000000,165000000,880,yes
fy-2026-27-development-book-volume-iii-1104-2111,1192,State Department for Mining,1192100700,Gemstone Value Addition Centre- Taita Taveta,1192100701,Gemstone Value Addition Centre- Taita Taveta - Headquarters,3111100,"Purchase of Specialised Plant, Equipment and Machinery",exp,10810000,0,0,0,880,yes
fy-2026-27-development-book-volume-iii-1104-2111,1192,State Department for Mining,1192101600,Rehabilitation of Madini House,1192101601,Rehabilitation of Madini House - HQ,3110300,Refurbishment of Buildings,exp,6190000,45000000,49000000,97810000,880,yes
fy-2026-27-development-book-volume-iii-1104-2111,1192,State Department for Mining,1192101600,Rehabilitation of Madini House,1192101601,Rehabilitation of Madini House - HQ,1420300,Receipts from Administrative Fees and Charges - Collected as AIA,aia,6190000,45000000,49000000,97810000,880,yes
fy-2026-27-development-book-volume-iii-1104-2111,1192,State Department for Mining,1192102100,Geo Technical Site Investigations,1192102101,Geo Technical Site Investigations,2211300,Other Operating Expenses,exp,10000000,0,0,126460000,880,yes
fy-2026-27-development-book-volume-iii-1104-2111,1192,State Department for Mining,1192102100,Geo Technical Site Investigations,1192102101,Geo Technical Site Investigations,3111100,"Purchase of Specialised Plant, Equipment and Machinery",exp,10000000,0,0,27000000,880,yes
fy-2026-27-development-book-volume-iii-1104-2111,1193,State Department for Petroleum,1193100200,Petroleum Exploration in Block T11,1193100201,Petroleum Exploration in Block T11,2630200,Capital Grants to Government Agencies and other Levels of Government,exp,325000000,0,0,0,887,yes
fy-2026-27-development-book-volume-iii-1104-2111,1193,State Department for Petroleum,1193100200,Petroleum Exploration in Block T11,1193100201,Petroleum Exploration in Block T11,1140600,Receipt from Royalties,aia,30000000,0,0,0,887,yes
fy-2026-27-development-book-volume-iii-1104-2111,1193,State Department for Petroleum,1193100200,Petroleum Exploration in Block T11,1193100201,Petroleum Exploration in Block T11,1140700,Receipts of Taxes on Goods and Services,aia,250000000,0,0,0,887,yes
fy-2026-27-development-book-volume-iii-1104-2111,1193,State Department for Petroleum,1193100300,Midstream and Downstream Petroleum Distribution,1193100301,Midstream and Downstream Petroleum Distribution,2211300,Other Operating Expenses,exp,255000000,0,0,0,887,yes
fy-2026-27-development-book-volume-iii-1104-2111,1193,State Department for Petroleum,1193100300,Midstream and Downstream Petroleum Distribution,1193100301,Midstream and Downstream Petroleum Distribution,1140700,Receipts of Taxes on Goods and Services,aia,255000000,0,0,0,887,yes
fy-2026-27-development-book-volume-iii-1104-2111,1193,State Department for Petroleum,1193100400,Exploration and Distribution of Oil and Gas,1193100401,Lokichar - Lamu Crude Oil Pipeline (LLCOP),2211300,Other Operating Expenses,exp,440000000,0,0,0,887,yes
fy-2026-27-development-book-volume-iii-1104-2111,1193,State Department for Petroleum,1193100400,Exploration and Distribution of Oil and Gas,1193100401,Lokichar - Lamu Crude Oil Pipeline (LLCOP),3111400,"Research, Feasibility Studies, Project Preparation and Design, Project S",exp,405000000,0,0,0,887,yes
fy-2026-27-development-book-volume-iii-1104-2111,1193,State Department for Petroleum,1193100400,Exploration and Distribution of Oil and Gas,1193100401,Lokichar - Lamu Crude Oil Pipeline (LLCOP),1140700,Receipts of Taxes on Goods and Services,aia,840000000,0,0,0,887,yes
fy-2026-27-development-book-volume-iii-1104-2111,1193,State Department for Petroleum,1193100400,Exploration and Distribution of Oil and Gas,1193100404,South-Lokichar Oil Field Development,2211300,Other Operating Expenses,exp,455000000,0,0,0,887,yes
fy-2026-27-development-book-volume-iii-1104-2111,1193,State Department for Petroleum,1193100400,Exploration and Distribution of Oil and Gas,1193100404,South-Lokichar Oil Field Development,2630200,Capital Grants to Government Agencies and other Levels of Government,exp,350000000,0,0,0,887,yes
fy-2026-27-development-book-volume-iii-1104-2111,1193,State Department for Petroleum,1193100400,Exploration and Distribution of Oil and Gas,1193100404,South-Lokichar Oil Field Development,3111400,"Research, Feasibility Studies, Project Preparation and Design, Project S",exp,325000000,0,0,0,887,yes
fy-2026-27-development-book-volume-iii-1104-2111,1193,State Department for Petroleum,1193100400,Exploration and Distribution of Oil and Gas,1193100404,South-Lokichar Oil Field Development,1140700,Receipts of Taxes on Goods and Services,aia,1130000000,0,0,0,887,yes
fy-2026-27-development-book-volume-iii-1104-2111,1193,State Department for Petroleum,1193100400,Exploration and Distribution of Oil and Gas,1193100405,LPG Distribution and Infrastructure-BETA,2210500,"Printing , Advertising and Information Supplies and Services",exp,50000000,0,0,0,887,yes
fy-2026-27-development-book-volume-iii-1104-2111,1193,State Department for Petroleum,1193100400,Exploration and Distribution of Oil and Gas,1193100405,LPG Distribution and Infrastructure-BETA,2210800,Hospitality Supplies and Services,exp,110000000,0,0,0,887,yes
fy-2026-27-development-book-volume-iii-1104-2111,1193,State Department for Petroleum,1193100400,Exploration and Distribution of Oil and Gas,1193100405,LPG Distribution and Infrastructure-BETA,2211300,Other Operating Expenses 2490,exp,270000000,0,0,0,887,yes
fy-2026-27-development-book-volume-iii-1104-2111,1193,State Department for Petroleum,1193100400,Exploration and Distribution of Oil and Gas,1193100405,LPG Distribution and Infrastructure-BETA,2630200,Capital Grants to Government Agencies and other Levels of Government,exp,387500000,0,0,0,888,yes
fy-2026-27-development-book-volume-iii-1104-2111,1193,State Department for Petroleum,1193100400,Exploration and Distribution of Oil and Gas,1193100405,LPG Distribution and Infrastructure-BETA,3110500,Construction and Civil Works,exp,28000000,0,0,0,888,yes
fy-2026-27-development-book-volume-iii-1104-2111,1193,State Department for Petroleum,1193100400,Exploration and Distribution of Oil and Gas,1193100405,LPG Distribution and Infrastructure-BETA,3111100,"Purchase of Specialised Plant, Equipment and Machinery",exp,72500000,0,0,0,888,yes
fy-2026-27-development-book-volume-iii-1104-2111,1193,State Department for Petroleum,1193100400,Exploration and Distribution of Oil and Gas,1193100405,LPG Distribution and Infrastructure-BETA,1140700,Receipts of Taxes on Goods and Services,aia,918000000,0,0,0,888,yes
fy-2026-27-development-book-volume-iii-1104-2111,1193,State Department for Petroleum,1193100400,Exploration and Distribution of Oil and Gas,1193100407,Upstream Oil and Gas Exploration,2210700,Training Expenses,exp,185000000,0,0,0,888,yes
fy-2026-27-development-book-volume-iii-1104-2111,1193,State Department for Petroleum,1193100400,Exploration and Distribution of Oil and Gas,1193100407,Upstream Oil and Gas Exploration,2210800,Hospitality Supplies and Services,exp,150000000,0,0,0,888,yes
fy-2026-27-development-book-volume-iii-1104-2111,1193,State Department for Petroleum,1193100400,Exploration and Distribution of Oil and Gas,1193100407,Upstream Oil and Gas Exploration,2211300,Other Operating Expenses,exp,175000000,0,0,0,888,yes
fy-2026-27-development-book-volume-iii-1104-2111,1193,State Department for Petroleum,1193100400,Exploration and Distribution of Oil and Gas,1193100407,Upstream Oil and Gas Exploration,3111100,"Purchase of Specialised Plant, Equipment and Machinery",exp,332000000,0,0,0,888,yes
fy-2026-27-development-book-volume-iii-1104-2111,1193,State Department for Petroleum,1193100400,Exploration and Distribution of Oil and Gas,1193100407,Upstream Oil and Gas Exploration,3111300,"Purchase of Certified Seeds, Breeding Stock and Live Animals",exp,15000000,0,0,0,888,yes
fy-2026-27-development-book-volume-iii-1104-2111,1193,State Department for Petroleum,1193100400,Exploration and Distribution of Oil and Gas,1193100407,Upstream Oil and Gas Exploration,3111400,"Research, Feasibility Studies, Project Preparation and Design, Project S",exp,490000000,0,0,0,888,yes
fy-2026-27-development-book-volume-iii-1104-2111,1193,State Department for Petroleum,1193100400,Exploration and Distribution of Oil and Gas,1193100407,Upstream Oil and Gas Exploration,1140600,Receipt from Royalties,aia,165000000,0,0,0,888,yes
fy-2026-27-development-book-volume-iii-1104-2111,1193,State Department for Petroleum,1193100400,Exploration and Distribution of Oil and Gas,1193100407,Upstream Oil and Gas Exploration,1140700,Receipts of Taxes on Goods and Services,aia,1182000000,0,0,0,888,yes
fy-2026-27-development-book-volume-iii-1104-2111,1193,State Department for Petroleum,1193100400,Exploration and Distribution of Oil and Gas,1193100408,Clean Cooking Gas (CCG) for Public Learning Institutions,2211300,Other Operating Expenses,exp,150000000,0,0,0,888,yes
fy-2026-27-development-book-volume-iii-1104-2111,1193,State Department for Petroleum,1193100400,Exploration and Distribution of Oil and Gas,1193100408,Clean Cooking Gas (CCG) for Public Learning Institutions,3110500,Construction and Civil Works,exp,50000000,0,0,0,888,yes
fy-2026-27-development-book-volume-iii-1104-2111,1193,State Department for Petroleum,1193100400,Exploration and Distribution of Oil and Gas,1193100408,Clean Cooking Gas (CCG) for Public Learning Institutions,3110700,Purchase of Vehicles and Other Transport Equipment,exp,50000000,0,0,0,888,yes
fy-2026-27-development-book-volume-iii-1104-2111,1193,State Department for Petroleum,1193100400,Exploration and Distribution of Oil and Gas,1193100408,Clean Cooking Gas (CCG) for Public Learning Institutions,3111100,"Purchase of Specialised Plant, Equipment and Machinery",exp,221000000,0,0,0,888,yes
fy-2026-27-development-book-volume-iii-1104-2111,1193,State Department for Petroleum,1193100400,Exploration and Distribution of Oil and Gas,1193100408,Clean Cooking Gas (CCG) for Public Learning Institutions,1140700,Receipts of Taxes on Goods and Services,aia,421000000,0,0,0,888,yes
fy-2026-27-development-book-volume-iii-1104-2111,1202,State Department for Tourism,1202104000,Tourism Fund (TF),1202104001,Headquarters,2630200,Capital Grants to Government Agencies and other Levels of Government,exp,2741000000,6018000000,6290500000,6088200000,894,yes
fy-2026-27-development-book-volume-iii-1104-2111,1202,State Department for Tourism,1202104000,Tourism Fund (TF),1202104001,Headquarters,1140500,Receipts from Permission to Use the Goods or to Perform Services and Act,aia,2741000000,5941000000,6183000000,5975000000,894,yes
fy-2026-27-development-book-volume-iii-1104-2111,1202,State Department for Tourism,1202104000,Tourism Fund (TF),1202104002,Coastal Beach Management Programme,2210300,"Domestic Travel and Subsistence, and Other Transportation Costs",exp,10000000,0,0,0,894,yes
fy-2026-27-development-book-volume-iii-1104-2111,1202,State Department for Tourism,1202104000,Tourism Fund (TF),1202104002,Coastal Beach Management Programme,2211200,Fuel Oil and Lubricants,exp,10000000,0,0,0,894,yes
fy-2026-27-development-book-volume-iii-1104-2111,1202,State Department for Tourism,1202104000,Tourism Fund (TF),1202104002,Coastal Beach Management Programme,2211300,Other Operating Expenses,exp,34000000,0,0,0,894,yes
fy-2026-27-development-book-volume-iii-1104-2111,1202,State Department for Tourism,1202104000,Tourism Fund (TF),1202104002,Coastal Beach Management Programme,3110500,Construction and Civil Works,exp,80000000,0,0,0,894,yes
fy-2026-27-development-book-volume-iii-1104-2111,1202,State Department for Tourism,1202104000,Tourism Fund (TF),1202104002,Coastal Beach Management Programme,1140500,Receipts from Permission to Use the Goods or to Perform Services and Act,aia,134000000,0,0,0,894,yes
fy-2026-27-development-book-volume-iii-1104-2111,1202,State Department for Tourism,1202104000,Tourism Fund (TF),1202104003,National Tourism Service Digital Platform,2211300,Other Operating Expenses,exp,35000000,0,0,0,894,yes
fy-2026-27-development-book-volume-iii-1104-2111,1202,State Department for Tourism,1202104000,Tourism Fund (TF),1202104003,National Tourism Service Digital Platform,3111100,"Purchase of Specialised Plant, Equipment and Machinery",exp,10000000,0,0,0,894,yes
fy-2026-27-development-book-volume-iii-1104-2111,1202,State Department for Tourism,1202104000,Tourism Fund (TF),1202104003,National Tourism Service Digital Platform,1140500,Receipts from Permission to Use the Goods or to Perform Services and Act,aia,45000000,0,0,0,894,yes
fy-2026-27-development-book-volume-iii-1104-2111,1202,State Department for Tourism,1202104000,Tourism Fund (TF),1202104004,Tourism Policy and Legislative Reforms,2210300,"Domestic Travel and Subsistence, and Other Transportation Costs",exp,20000000,0,0,0,894,yes
fy-2026-27-development-book-volume-iii-1104-2111,1202,State Department for Tourism,1202104000,Tourism Fund (TF),1202104004,Tourism Policy and Legislative Reforms,2210500,"Printing , Advertising and Information Supplies and Services",exp,20000000,0,0,0,894,yes
fy-2026-27-development-book-volume-iii-1104-2111,1202,State Department for Tourism,1202104000,Tourism Fund (TF),1202104004,Tourism Policy and Legislative Reforms,2211200,Fuel Oil and Lubricants,exp,6000000,0,0,0,894,yes
fy-2026-27-development-book-volume-iii-1104-2111,1202,State Department for Tourism,1202104000,Tourism Fund (TF),1202104004,Tourism Policy and Legislative Reforms,2211300,Other Operating Expenses,exp,30000000,0,0,0,894,yes
fy-2026-27-development-book-volume-iii-1104-2111,1202,State Department for Tourism,1202104000,Tourism Fund (TF),1202104004,Tourism Policy and Legislative Reforms,2220100,Routine Maintenance - Vehicles and Other Transport Equipment,exp,4000000,0,0,0,894,yes
fy-2026-27-development-book-volume-iii-1104-2111,1202,State Department for Tourism,1202104000,Tourism Fund (TF),1202104004,Tourism Policy and Legislative Reforms,1140500,Receipts from Permission to Use the Goods or to Perform Services and Act,aia,80000000,0,0,0,894,yes
fy-2026-27-development-book-volume-iii-1104-2111,1202,State Department for Tourism,1202104000,Tourism Fund (TF),1202104005,National Development of Mapped Tourism Niche Products,2210300,"Domestic Travel and Subsistence, and Other Transportation Costs",exp,20000000,0,0,0,894,yes
fy-2026-27-development-book-volume-iii-1104-2111,1202,State Department for Tourism,1202104000,Tourism Fund (TF),1202104005,National Development of Mapped Tourism Niche Products,2211200,Fuel Oil and Lubricants,exp,25000000,0,0,0,894,yes
fy-2026-27-development-book-volume-iii-1104-2111,1202,State Department for Tourism,1202104000,Tourism Fund (TF),1202104005,National Development of Mapped Tourism Niche Products,2211300,Other Operating Expenses,exp,155000000,0,0,0,894,yes
fy-2026-27-development-book-volume-iii-1104-2111,1202,State Department for Tourism,1202104000,Tourism Fund (TF),1202104005,National Development of Mapped Tourism Niche Products,1140500,Receipts from Permission to Use the Goods or to Perform Services and Act,aia,200000000,0,0,0,894,yes
fy-2026-27-development-book-volume-iii-1104-2111,1202,State Department for Tourism,1202104000,Tourism Fund (TF),1202104006,National Tourism Amenities,2210300,"Domestic Travel and Subsistence, and Other Transportation Costs",exp,15000000,0,0,0,895,yes
fy-2026-27-development-book-volume-iii-1104-2111,1202,State Department for Tourism,1202104000,Tourism Fund (TF),1202104006,National Tourism Amenities,2211200,Fuel Oil and Lubricants,exp,7000000,0,0,0,895,yes
fy-2026-27-development-book-volume-iii-1104-2111,1202,State Department for Tourism,1202104000,Tourism Fund (TF),1202104006,National Tourism Amenities,2211300,Other Operating Expenses,exp,25000000,0,0,0,895,yes
fy-2026-27-development-book-volume-iii-1104-2111,1202,State Department for Tourism,1202104000,Tourism Fund (TF),1202104006,National Tourism Amenities,2220100,Routine Maintenance - Vehicles and Other Transport Equipment,exp,3000000,0,0,0,895,yes
fy-2026-27-development-book-volume-iii-1104-2111,1202,State Department for Tourism,1202104000,Tourism Fund (TF),1202104006,National Tourism Amenities,3110500,Construction and Civil Works,exp,150000000,0,0,0,895,yes
fy-2026-27-development-book-volume-iii-1104-2111,1202,State Department for Tourism,1202104000,Tourism Fund (TF),1202104006,National Tourism Amenities,1140500,Receipts from Permission to Use the Goods or to Perform Services and Act,aia,200000000,0,0,0,895,yes
fy-2026-27-development-book-volume-iii-1104-2111,1202,State Department for Tourism,1202104000,Tourism Fund (TF),1202104007,Tourism Sector Capacity Development,2210700,Training Expenses,exp,13000000,0,0,0,895,yes
fy-2026-27-development-book-volume-iii-1104-2111,1202,State Department for Tourism,1202104000,Tourism Fund (TF),1202104007,Tourism Sector Capacity Development,2211200,Fuel Oil and Lubricants,exp,4000000,0,0,0,895,yes
fy-2026-27-development-book-volume-iii-1104-2111,1202,State Department for Tourism,1202104000,Tourism Fund (TF),1202104007,Tourism Sector Capacity Development,2211300,Other Operating Expenses,exp,80000000,0,0,0,895,yes
fy-2026-27-development-book-volume-iii-1104-2111,1202,State Department for Tourism,1202104000,Tourism Fund (TF),1202104007,Tourism Sector Capacity Development,2220100,Routine Maintenance - Vehicles and Other Transport Equipment,exp,3000000,0,0,0,895,yes
fy-2026-27-development-book-volume-iii-1104-2111,1202,State Department for Tourism,1202104000,Tourism Fund (TF),1202104007,Tourism Sector Capacity Development,1140500,Receipts from Permission to Use the Goods or to Perform Services and Act,aia,100000000,0,0,0,895,yes
fy-2026-27-development-book-volume-iii-1104-2111,1202,State Department for Tourism,1202104000,Tourism Fund (TF),1202104008,Tourism Data Integration,2210300,"Domestic Travel and Subsistence, and Other Transportation Costs",exp,12000000,0,0,0,895,yes
fy-2026-27-development-book-volume-iii-1104-2111,1202,State Department for Tourism,1202104000,Tourism Fund (TF),1202104008,Tourism Data Integration,2210700,Training Expenses,exp,10000000,0,0,0,895,yes
fy-2026-27-development-book-volume-iii-1104-2111,1202,State Department for Tourism,1202104000,Tourism Fund (TF),1202104008,Tourism Data Integration,2211300,Other Operating Expenses,exp,8000000,0,0,0,895,yes
fy-2026-27-development-book-volume-iii-1104-2111,1202,State Department for Tourism,1202104000,Tourism Fund (TF),1202104008,Tourism Data Integration,3111100,"Purchase of Specialised Plant, Equipment and Machinery",exp,20000000,0,0,0,895,yes
fy-2026-27-development-book-volume-iii-1104-2111,1202,State Department for Tourism,1202104000,Tourism Fund (TF),1202104008,Tourism Data Integration,1140500,Receipts from Permission to Use the Goods or to Perform Services and Act,aia,50000000,0,0,0,895,yes
fy-2026-27-development-book-volume-iii-1104-2111,1202,State Department for Tourism,1202104000,Tourism Fund (TF),1202104009,Promotion of Kenya Home of Human Origin,2210300,"Domestic Travel and Subsistence, and Other Transportation Costs",exp,100000000,0,0,0,895,yes
fy-2026-27-development-book-volume-iii-1104-2111,1202,State Department for Tourism,1202104000,Tourism Fund (TF),1202104009,Promotion of Kenya Home of Human Origin,2211200,Fuel Oil and Lubricants,exp,20000000,0,0,0,895,yes
fy-2026-27-development-book-volume-iii-1104-2111,1202,State Department for Tourism,1202104000,Tourism Fund (TF),1202104009,Promotion of Kenya Home of Human Origin,2211300,Other Operating Expenses,exp,150000000,0,0,0,895,yes
fy-2026-27-development-book-volume-iii-1104-2111,1202,State Department for Tourism,1202104000,Tourism Fund (TF),1202104009,Promotion of Kenya Home of Human Origin,2220100,Routine Maintenance - Vehicles and Other Transport Equipment,exp,4000000,0,0,0,895,yes
fy-2026-27-development-book-volume-iii-1104-2111,1202,State Department for Tourism,1202104000,Tourism Fund (TF),1202104009,Promotion of Kenya Home of Human Origin,3110700,Purchase of Vehicles and Other Transport Equipment,exp,26000000,0,0,0,895,yes
fy-2026-27-development-book-volume-iii-1104-2111,1202,State Department for Tourism,1202104000,Tourism Fund (TF),1202104009,Promotion of Kenya Home of Human Origin,1140500,Receipts from Permission to Use the Goods or to Perform Services and Act,aia,300000000,0,0,0,895,yes
fy-2026-27-development-book-volume-iii-1104-2111,1202,State Department for Tourism,1202104000,Tourism Fund (TF),1202104010,Ecotourism and Resilience,2210800,Hospitality Supplies and Services,exp,20000000,0,0,0,895,yes
fy-2026-27-development-book-volume-iii-1104-2111,1202,State Department for Tourism,1202104000,Tourism Fund (TF),1202104010,Ecotourism and Resilience,2211200,Fuel Oil and Lubricants,exp,4000000,0,0,0,895,yes
fy-2026-27-development-book-volume-iii-1104-2111,1202,State Department for Tourism,1202104000,Tourism Fund (TF),1202104010,Ecotourism and Resilience,2211300,Other Operating Expenses 2498,exp,43000000,0,0,0,895,yes
fy-2026-27-development-book-volume-iii-1104-2111,1202,State Department for Tourism,1202104000,Tourism Fund (TF),1202104010,Ecotourism and Resilience,2220100,Routine Maintenance - Vehicles and Other Transport Equipment,exp,3000000,0,0,0,896,yes
fy-2026-27-development-book-volume-iii-1104-2111,1202,State Department for Tourism,1202104000,Tourism Fund (TF),1202104010,Ecotourism and Resilience,3111300,"Purchase of Certified Seeds, Breeding Stock and Live Animals",exp,50000000,0,0,0,896,yes
fy-2026-27-development-book-volume-iii-1104-2111,1202,State Department for Tourism,1202104000,Tourism Fund (TF),1202104010,Ecotourism and Resilience,1140500,Receipts from Permission to Use the Goods or to Perform Services and Act,aia,120000000,0,0,0,896,yes
fy-2026-27-development-book-volume-iii-1104-2111,1202,State Department for Tourism,1202104000,Tourism Fund (TF),1202104011,Community Based Tourism Initiatives,2210700,Training Expenses,exp,40000000,0,0,0,896,yes
fy-2026-27-development-book-volume-iii-1104-2111,1202,State Department for Tourism,1202104000,Tourism Fund (TF),1202104011,Community Based Tourism Initiatives,2211200,Fuel Oil and Lubricants,exp,3000000,0,0,0,896,yes
fy-2026-27-development-book-volume-iii-1104-2111,1202,State Department for Tourism,1202104000,Tourism Fund (TF),1202104011,Community Based Tourism Initiatives,2211300,Other Operating Expenses,exp,62000000,0,0,0,896,yes
fy-2026-27-development-book-volume-iii-1104-2111,1202,State Department for Tourism,1202104000,Tourism Fund (TF),1202104011,Community Based Tourism Initiatives,1140500,Receipts from Permission to Use the Goods or to Perform Services and Act,aia,105000000,0,0,0,896,yes
fy-2026-27-development-book-volume-iii-1104-2111,1202,State Department for Tourism,1202104000,Tourism Fund (TF),1202104012,Tourism Innovation and Sustainability,2210500,"Printing , Advertising and Information Supplies and Services",exp,79000000,0,0,0,896,yes
fy-2026-27-development-book-volume-iii-1104-2111,1202,State Department for Tourism,1202104000,Tourism Fund (TF),1202104012,Tourism Innovation and Sustainability,2211300,Other Operating Expenses,exp,31000000,0,0,0,896,yes
fy-2026-27-development-book-volume-iii-1104-2111,1202,State Department for Tourism,1202104000,Tourism Fund (TF),1202104012,Tourism Innovation and Sustainability,1140500,Receipts from Permission to Use the Goods or to Perform Services and Act,aia,110000000,0,0,0,896,yes
fy-2026-27-development-book-volume-iii-1104-2111,1202,State Department for Tourism,1202104000,Tourism Fund (TF),1202104013,Office Modelling and Security System,3110300,Refurbishment of Buildings,exp,40000000,0,0,0,896,yes
fy-2026-27-development-book-volume-iii-1104-2111,1202,State Department for Tourism,1202104000,Tourism Fund (TF),1202104013,Office Modelling and Security System,1140500,Receipts from Permission to Use the Goods or to Perform Services and Act,aia,40000000,0,0,0,896,yes
fy-2026-27-development-book-volume-iii-1104-2111,1202,State Department for Tourism,1202104000,Tourism Fund (TF),1202104014,Tourism Promotion and Marketing,2210500,"Printing , Advertising and Information Supplies and Services",exp,3000000,0,0,0,896,yes
fy-2026-27-development-book-volume-iii-1104-2111,1202,State Department for Tourism,1202104000,Tourism Fund (TF),1202104014,Tourism Promotion and Marketing,2211200,Fuel Oil and Lubricants,exp,12000000,0,0,0,896,yes
fy-2026-27-development-book-volume-iii-1104-2111,1202,State Department for Tourism,1202104000,Tourism Fund (TF),1202104014,Tourism Promotion and Marketing,2211300,Other Operating Expenses,exp,67000000,0,0,0,896,yes
fy-2026-27-development-book-volume-iii-1104-2111,1202,State Department for Tourism,1202104000,Tourism Fund (TF),1202104014,Tourism Promotion and Marketing,2220100,Routine Maintenance - Vehicles and Other Transport Equipment,exp,15000000,0,0,0,896,yes
fy-2026-27-development-book-volume-iii-1104-2111,1202,State Department for Tourism,1202104000,Tourism Fund (TF),1202104014,Tourism Promotion and Marketing,2220200,Routine Maintenance - Other Assets,exp,3000000,0,0,0,896,yes
fy-2026-27-development-book-volume-iii-1104-2111,1202,State Department for Tourism,1202104000,Tourism Fund (TF),1202104014,Tourism Promotion and Marketing,1140500,Receipts from Permission to Use the Goods or to Perform Services and Act,aia,100000000,0,0,0,896,yes
fy-2026-27-development-book-volume-iii-1104-2111,1202,State Department for Tourism,1202104000,Tourism Fund (TF),1202104015,Hirola Ishakbini Eco-Tourism Project,2630200,Capital Grants to Government Agencies and other Levels of Government,exp,200000000,0,0,0,896,yes
fy-2026-27-development-book-volume-iii-1104-2111,1202,State Department for Tourism,1202104000,Tourism Fund (TF),1202104015,Hirola Ishakbini Eco-Tourism Project,1140500,Receipts from Permission to Use the Goods or to Perform Services and Act 2499,aia,200000000,0,0,0,896,yes
fy-2026-27-development-book-volume-iii-1104-2111,1202,State Department for Tourism,1202104000,Tourism Fund (TF),1202104016,Kamuthe Grevy's Zebra Eco-Tourism Project,2630200,Capital Grants to Government Agencies and other Levels of Government,exp,100000000,0,0,0,897,yes
fy-2026-27-development-book-volume-iii-1104-2111,1202,State Department for Tourism,1202104000,Tourism Fund (TF),1202104016,Kamuthe Grevy's Zebra Eco-Tourism Project,1140500,Receipts from Permission to Use the Goods or to Perform Services and Act,aia,100000000,0,0,0,897,yes
fy-2026-27-development-book-volume-iii-1104-2111,1202,State Department for Tourism,1202104000,Tourism Fund (TF),1202104017,Likuyani Kakamega Eco-Tourism Project,2630200,Capital Grants to Government Agencies and other Levels of Government,exp,50000000,0,0,0,897,yes
fy-2026-27-development-book-volume-iii-1104-2111,1202,State Department for Tourism,1202104000,Tourism Fund (TF),1202104017,Likuyani Kakamega Eco-Tourism Project,1140500,Receipts from Permission to Use the Goods or to Perform Services and Act,aia,50000000,0,0,0,897,yes
fy-2026-27-development-book-volume-iii-1104-2111,1202,State Department for Tourism,1202104000,Tourism Fund (TF),1202104018,Mt. Kenya Routes Eco-Tourism Project,2211300,Other Operating Expenses,exp,50000000,0,0,0,897,yes
fy-2026-27-development-book-volume-iii-1104-2111,1202,State Department for Tourism,1202104000,Tourism Fund (TF),1202104018,Mt. Kenya Routes Eco-Tourism Project,3111400,"Research, Feasibility Studies, Project Preparation and Design, Project S",exp,100000000,0,0,0,897,yes
fy-2026-27-development-book-volume-iii-1104-2111,1202,State Department for Tourism,1202104000,Tourism Fund (TF),1202104018,Mt. Kenya Routes Eco-Tourism Project,3111500,Rehabilitation of Civil Works,exp,150000000,0,0,0,897,yes
fy-2026-27-development-book-volume-iii-1104-2111,1202,State Department for Tourism,1202104000,Tourism Fund (TF),1202104018,Mt. Kenya Routes Eco-Tourism Project,1140500,Receipts from Permission to Use the Goods or to Perform Services and Act,aia,300000000,0,0,0,897,yes
fy-2026-27-development-book-volume-iii-1104-2111,1202,State Department for Tourism,1202104000,Tourism Fund (TF),1202104019,KICC Premises Commercialization,2630200,Capital Grants to Government Agencies and other Levels of Government,exp,85000000,0,0,0,897,yes
fy-2026-27-development-book-volume-iii-1104-2111,1202,State Department for Tourism,1202104000,Tourism Fund (TF),1202104019,KICC Premises Commercialization,1140500,Receipts from Permission to Use the Goods or to Perform Services and Act,aia,85000000,0,0,0,897,yes
fy-2026-27-development-book-volume-iii-1104-2111,1202,State Department for Tourism,1202104000,Tourism Fund (TF),1202104020,Mawe Tatu Heritage Site - Kakamega,2630200,Capital Grants to Government Agencies and other Levels of Government,exp,100000000,0,0,0,897,yes
fy-2026-27-development-book-volume-iii-1104-2111,1202,State Department for Tourism,1202104000,Tourism Fund (TF),1202104020,Mawe Tatu Heritage Site - Kakamega,1140500,Receipts from Permission to Use the Goods or to Perform Services and Act,aia,100000000,0,0,0,897,yes
fy-2026-27-development-book-volume-iii-1104-2111,1202,State Department for Tourism,1202104000,Tourism Fund (TF),1202104021,Eco-Tourism Project - Chorlim - Mt Elgon National Park Road,2630200,Capital Grants to Government Agencies and other Levels of Government,exp,25000000,0,0,0,897,yes
fy-2026-27-development-book-volume-iii-1104-2111,1202,State Department for Tourism,1202104000,Tourism Fund (TF),1202104021,Eco-Tourism Project - Chorlim - Mt Elgon National Park Road,1140500,Receipts from Permission to Use the Goods or to Perform Services and Act,aia,25000000,0,0,0,897,yes
fy-2026-27-development-book-volume-iii-1104-2111,1202,State Department for Tourism,1202104000,Tourism Fund (TF),1202104022,Eco-Tourism Project - Lake Kanyaboli,2630200,Capital Grants to Government Agencies and other Levels of Government,exp,25000000,0,0,0,897,yes
fy-2026-27-development-book-volume-iii-1104-2111,1202,State Department for Tourism,1202104000,Tourism Fund (TF),1202104022,Eco-Tourism Project - Lake Kanyaboli,1140500,Receipts from Permission to Use the Goods or to Perform Services and Act,aia,25000000,0,0,0,898,yes
fy-2026-27-development-book-volume-iii-1104-2111,1203,State Department for Wildlife,1203100100,Modernisation of the antipoaching Technology,1203100101,Modernisation of the antipoaching Technology - HQ,2630200,Capital Grants to Government Agencies and other Levels of Government,exp,30000000,45000000,100000000,180000000,910,yes
fy-2026-27-development-book-volume-iii-1104-2111,1203,State Department for Wildlife,1203100200,Human wildlife mitigation programme-BETA,1203100201,Human wildlife mitigation programme - HQ,2630200,Capital Grants to Government Agencies and other Levels of Government,exp,150000000,300000000,400000000,555000000,910,yes
fy-2026-27-development-book-volume-iii-1104-2111,1203,State Department for Wildlife,1203100300,Ranger Housing Programme,1203100301,Ranger Housing Programme - HQ,2630200,Capital Grants to Government Agencies and other Levels of Government,exp,100000000,100000000,455000000,320000000,910,yes
fy-2026-27-development-book-volume-iii-1104-2111,1203,State Department for Wildlife,1203100500,Wildlife resource centres,1203100501,Wildlife resource centres - HQ,2630200,Capital Grants to Government Agencies and other Levels of Government,exp,19000000,38000000,0,0,910,yes
fy-2026-27-development-book-volume-iii-1104-2111,1203,State Department for Wildlife,1203100600,Refurbishment of NSSF Building,1203100601,Refurbishment of NSSF Building - HQ,3110300,Refurbishment of Buildings,exp,0,19000000,0,0,910,yes
fy-2026-27-development-book-volume-iii-1104-2111,1203,State Department for Wildlife,1203100800,Maintenance of Access Roads and Airstrips in Parks & Conservancies,1203100801,Maintenance of Access Roads and Airstrips in Parks,2630200,Capital Grants to Government Agencies and other Levels of Government,exp,150000000,270000000,270000000,450000000,911,yes
fy-2026-27-development-book-volume-iii-1104-2111,1203,State Department for Wildlife,1203100800,Maintenance of Access Roads and Airstrips in Parks & Conservancies,1203100802,Maintenance of Access Roads and Airstrips in Conservancies,2211300,Other Operating Expenses,exp,0,10000000,15000000,30000000,911,yes
fy-2026-27-development-book-volume-iii-1104-2111,1203,State Department for Wildlife,1203100800,Maintenance of Access Roads and Airstrips in Parks & Conservancies,1203100802,Maintenance of Access Roads and Airstrips in Conservancies,2220200,Routine Maintenance - Other Assets,exp,136993700,151000000,190000000,400000000,911,yes
fy-2026-27-development-book-volume-iii-1104-2111,1203,State Department for Wildlife,1203100800,Maintenance of Access Roads and Airstrips in Parks & Conservancies,1203100803,Kora National Park,2630200,Capital Grants to Government Agencies and other Levels of Government,exp,130000000,0,0,0,911,yes
fy-2026-27-development-book-volume-iii-1104-2111,1203,State Department for Wildlife,1203100800,Maintenance of Access Roads and Airstrips in Parks & Conservancies,1203100804,Empaash-Olorienito Conservancy,2630200,Capital Grants to Government Agencies and other Levels of Government,exp,30000000,0,0,0,911,yes
fy-2026-27-development-book-volume-iii-1104-2111,1203,State Department for Wildlife,1203100800,Maintenance of Access Roads and Airstrips in Parks & Conservancies,1203100805,lloodariak-Kilonito Elangata Ewuas Conservancy,2630200,Capital Grants to Government Agencies and other Levels of Government,exp,30000000,0,0,0,911,yes
fy-2026-27-development-book-volume-iii-1104-2111,1203,State Department for Wildlife,1203100800,Maintenance of Access Roads and Airstrips in Parks & Conservancies,1203100806,Meru National Park,2630200,Capital Grants to Government Agencies and other Levels of Government,exp,100000000,0,0,0,911,yes
fy-2026-27-development-book-volume-iii-1104-2111,1203,State Department for Wildlife,1203100800,Maintenance of Access Roads and Airstrips in Parks & Conservancies,1203100807,Bisanadi National Reserve,2630200,Capital Grants to Government Agencies and other Levels of Government,exp,100000000,0,0,0,911,yes
fy-2026-27-development-book-volume-iii-1104-2111,1203,State Department for Wildlife,1203101200,Combating Wildlife Crime in Kenya Program (CWCKP) Project -,1203101201,Combating Wildlife Crime in Kenya Program (CWCKP) Project -,2630200,Capital Grants to Government Agencies and other Levels of Government,exp,5000000,0,0,0,911,yes
fy-2026-27-development-book-volume-iii-1104-2111,1203,State Department for Wildlife,1203101200,Combating Wildlife Crime in Kenya Program (CWCKP) Project -,1203101201,Combating Wildlife Crime in Kenya Program (CWCKP) Project -,1310200,Grants from Foreign Governments - Direct Payments,aia,5000000,0,0,0,911,yes
fy-2026-27-development-book-volume-iii-1104-2111,1203,State Department for Wildlife,1203101300,Combating Poaching & Illegal Wildlife Trafficking Int. Approach(IWT),1203101301,Combating Poaching & Illegal Wildlife Trafficking Int. Approach(IWT),2110200,Basic Wages - Temporary Employees,exp,6600000,0,0,0,912,yes
fy-2026-27-development-book-volume-iii-1104-2111,1203,State Department for Wildlife,1203101300,Combating Poaching & Illegal Wildlife Trafficking Int. Approach(IWT),1203101301,Combating Poaching & Illegal Wildlife Trafficking Int. Approach(IWT),2210300,"Domestic Travel and Subsistence, and Other Transportation Costs",exp,10000000,0,0,0,912,yes
fy-2026-27-development-book-volume-iii-1104-2111,1203,State Department for Wildlife,1203101300,Combating Poaching & Illegal Wildlife Trafficking Int. Approach(IWT),1203101301,Combating Poaching & Illegal Wildlife Trafficking Int. Approach(IWT),2210800,Hospitality Supplies and Services,exp,5000000,0,0,0,912,yes
fy-2026-27-development-book-volume-iii-1104-2111,1203,State Department for Wildlife,1203101300,Combating Poaching & Illegal Wildlife Trafficking Int. Approach(IWT),1203101301,Combating Poaching & Illegal Wildlife Trafficking Int. Approach(IWT),2210900,Insurance Costs,exp,2000000,0,0,0,912,yes
fy-2026-27-development-book-volume-iii-1104-2111,1203,State Department for Wildlife,1203101300,Combating Poaching & Illegal Wildlife Trafficking Int. Approach(IWT),1203101301,Combating Poaching & Illegal Wildlife Trafficking Int. Approach(IWT),2211100,Office and General Supplies and Services,exp,1500000,0,0,0,912,yes
fy-2026-27-development-book-volume-iii-1104-2111,1203,State Department for Wildlife,1203101300,Combating Poaching & Illegal Wildlife Trafficking Int. Approach(IWT),1203101301,Combating Poaching & Illegal Wildlife Trafficking Int. Approach(IWT),2211200,Fuel Oil and Lubricants,exp,2706142,0,0,0,912,yes
fy-2026-27-development-book-volume-iii-1104-2111,1203,State Department for Wildlife,1203101300,Combating Poaching & Illegal Wildlife Trafficking Int. Approach(IWT),1203101301,Combating Poaching & Illegal Wildlife Trafficking Int. Approach(IWT),2211300,Other Operating Expenses,exp,11000000,0,0,0,912,yes
fy-2026-27-development-book-volume-iii-1104-2111,1203,State Department for Wildlife,1203101300,Combating Poaching & Illegal Wildlife Trafficking Int. Approach(IWT),1203101301,Combating Poaching & Illegal Wildlife Trafficking Int. Approach(IWT),2640500,Other Capital Grants and Transfers,exp,3000000,0,0,0,912,yes
fy-2026-27-development-book-volume-iii-1104-2111,1203,State Department for Wildlife,1203101300,Combating Poaching & Illegal Wildlife Trafficking Int. Approach(IWT),1203101301,Combating Poaching & Illegal Wildlife Trafficking Int. Approach(IWT),2710100,Government Pension and Retirement Benefits,exp,3280826,0,0,0,912,yes
fy-2026-27-development-book-volume-iii-1104-2111,1203,State Department for Wildlife,1203101300,Combating Poaching & Illegal Wildlife Trafficking Int. Approach(IWT),1203101301,Combating Poaching & Illegal Wildlife Trafficking Int. Approach(IWT),1320200,Grants from International Organizations,aia,3000000,0,0,0,912,yes
fy-2026-27-development-book-volume-iii-1104-2111,1203,State Department for Wildlife,1203101600,Rehabilitation of Research & Training Facilities at Naivasha HQ,1203101601,Rehabilitation of Research & Training Facilities at Naivasha HQ,2630200,Capital Grants to Government Agencies and other Levels of Government,exp,89000000,99000000,170000000,300000000,912,yes
fy-2026-27-development-book-volume-iii-1104-2111,1203,State Department for Wildlife,1203101700,Construction & Equipping of Four Research and Training Centers-,1203101701,Construction and Equipping of Four Research and Training Centers,2630200,Capital Grants to Government Agencies and other Levels of Government,exp,100000000,226000000,300000000,430000000,912,yes
fy-2026-27-development-book-volume-iii-1104-2111,1203,State Department for Wildlife,1203101800,National Integrated Wildlife Data Portal,1203101801,National Integrated Wildlife Data Portal,2630200,Capital Grants to Government Agencies and other Levels of Government,exp,62000000,0,0,0,912,yes
fy-2026-27-development-book-volume-iii-1104-2111,1203,State Department for Wildlife,1203102100,Habitat Restoration Programme,1203102101,Habitat Restoration Programme Headquarters,2211300,Other Operating Expenses,exp,10000000,10000000,30000000,50000000,913,yes
fy-2026-27-development-book-volume-iii-1104-2111,1203,State Department for Wildlife,1203102100,Habitat Restoration Programme,1203102101,Habitat Restoration Programme Headquarters,2640500,Other Capital Grants and Transfers,exp,25000000,56000000,86000000,157000000,913,yes
fy-2026-27-development-book-volume-iii-1104-2111,1203,State Department for Wildlife,1203102100,Habitat Restoration Programme,1203102101,Habitat Restoration Programme Headquarters,3111300,"Purchase of Certified Seeds, Breeding Stock and Live Animals",exp,25000000,36000000,36000000,150000000,913,yes
fy-2026-27-development-book-volume-iii-1104-2111,1203,State Department for Wildlife,1203102100,Habitat Restoration Programme,1203102102,Habitat Restoration Programme - KWS,2630200,Capital Grants to Government Agencies and other Levels of Government,exp,150000000,160000000,160000000,240000000,913,yes
fy-2026-27-development-book-volume-iii-1104-2111,1203,State Department for Wildlife,1203102100,Habitat Restoration Programme,1203102103,Habitat Restoration Programme - WRTI,2630200,Capital Grants to Government Agencies and other Levels of Government,exp,100000000,110000000,110000000,200000000,913,yes
fy-2026-27-development-book-volume-iii-1104-2111,1203,State Department for Wildlife,1203102400,Water for Wildlife in Conservancies,1203102401,Water for Wildlife in Conservancies,2211300,Other Operating Expenses,exp,2000000,5000000,10000000,15000000,913,yes
fy-2026-27-development-book-volume-iii-1104-2111,1203,State Department for Wildlife,1203102400,Water for Wildlife in Conservancies,1203102401,Water for Wildlife in Conservancies,3111500,Rehabilitation of Civil Works,exp,35000000,95000000,190000000,335000000,913,yes
fy-2026-27-development-book-volume-iii-1104-2111,1203,State Department for Wildlife,1203102400,Water for Wildlife in Conservancies,1203102402,Kiunga Marine Conservancy Water Pan,3111500,Rehabilitation of Civil Works,exp,100000000,0,0,0,913,yes
fy-2026-27-development-book-volume-iii-1104-2111,1203,State Department for Wildlife,1203102400,Water for Wildlife in Conservancies,1203102402,Kiunga Marine Conservancy Water Pan,1140500,Receipts from Permission to Use the Goods or to Perform Services and Act,aia,100000000,0,0,0,913,yes
fy-2026-27-development-book-volume-iii-1104-2111,1203,State Department for Wildlife,1203102400,Water for Wildlife in Conservancies,1203102403,Kamuthe Conservancy Water Pan,3111500,Rehabilitation of Civil Works,exp,100000000,0,0,0,913,yes
fy-2026-27-development-book-volume-iii-1104-2111,1203,State Department for Wildlife,1203102400,Water for Wildlife in Conservancies,1203102403,Kamuthe Conservancy Water Pan,1140500,Receipts from Permission to Use the Goods or to Perform Services and Act,aia,100000000,0,0,0,913,yes
fy-2026-27-development-book-volume-iii-1104-2111,1203,State Department for Wildlife,1203102400,Water for Wildlife in Conservancies,1203102404,Ishakbini Community Conservancy Water Pan,3111500,Rehabilitation of Civil Works,exp,100000000,0,0,0,913,yes
fy-2026-27-development-book-volume-iii-1104-2111,1203,State Department for Wildlife,1203102400,Water for Wildlife in Conservancies,1203102404,Ishakbini Community Conservancy Water Pan,1140500,Receipts from Permission to Use the Goods or to Perform Services and Act,aia,100000000,0,0,0,913,yes
fy-2026-27-development-book-volume-iii-1104-2111,1203,State Department for Wildlife,1203102400,Water for Wildlife in Conservancies,1203102405,Bura Ranch Community Conservancy Water Pan,3111500,Rehabilitation of Civil Works,exp,60000000,0,0,0,914,yes
fy-2026-27-development-book-volume-iii-1104-2111,1203,State Department for Wildlife,1203102400,Water for Wildlife in Conservancies,1203102405,Bura Ranch Community Conservancy Water Pan,1140500,Receipts from Permission to Use the Goods or to Perform Services and Act,aia,60000000,0,0,0,914,yes
fy-2026-27-development-book-volume-iii-1104-2111,1203,State Department for Wildlife,1203102400,Water for Wildlife in Conservancies,1203102406,Mbale Community Conservancy Water Pan,3111500,Rehabilitation of Civil Works,exp,60000000,0,0,0,914,yes
fy-2026-27-development-book-volume-iii-1104-2111,1203,State Department for Wildlife,1203102400,Water for Wildlife in Conservancies,1203102406,Mbale Community Conservancy Water Pan,1140500,Receipts from Permission to Use the Goods or to Perform Services and Act,aia,60000000,0,0,0,914,yes
fy-2026-27-development-book-volume-iii-1104-2111,1203,State Department for Wildlife,1203102400,Water for Wildlife in Conservancies,1203102407,Iwalenyi Community Conservancy Water Pan,3111500,Rehabilitation of Civil Works,exp,60000000,0,0,0,914,yes
fy-2026-27-development-book-volume-iii-1104-2111,1203,State Department for Wildlife,1203102400,Water for Wildlife in Conservancies,1203102407,Iwalenyi Community Conservancy Water Pan,1140500,Receipts from Permission to Use the Goods or to Perform Services and Act,aia,60000000,0,0,0,914,yes
fy-2026-27-development-book-volume-iii-1104-2111,1203,State Department for Wildlife,1203102400,Water for Wildlife in Conservancies,1203102408,Elang'ata Emuny Community Conservancy Water Pan,3111500,Rehabilitation of Civil Works,exp,100000000,0,0,0,914,yes
fy-2026-27-development-book-volume-iii-1104-2111,1203,State Department for Wildlife,1203102400,Water for Wildlife in Conservancies,1203102408,Elang'ata Emuny Community Conservancy Water Pan,1140500,Receipts from Permission to Use the Goods or to Perform Services and Act,aia,100000000,0,0,0,914,yes
fy-2026-27-development-book-volume-iii-1104-2111,1203,State Department for Wildlife,1203102400,Water for Wildlife in Conservancies,1203102409,Dodori National Reserve,2630200,Capital Grants to Government Agencies and other Levels of Government,exp,100000000,0,0,0,914,yes
fy-2026-27-development-book-volume-iii-1104-2111,1203,State Department for Wildlife,1203102400,Water for Wildlife in Conservancies,1203102409,Dodori National Reserve,1140500,Receipts from Permission to Use the Goods or to Perform Services and Act,aia,100000000,0,0,0,914,yes
fy-2026-27-development-book-volume-iii-1104-2111,1203,State Department for Wildlife,1203102900,Meru Mulika Airstrip,1203102901,Meru Mulika Airstrip,2630200,Capital Grants to Government Agencies and other Levels of Government,exp,300000000,0,0,0,914,yes
fy-2026-27-development-book-volume-iii-1104-2111,1203,State Department for Wildlife,1203102900,Meru Mulika Airstrip,1203102901,Meru Mulika Airstrip,1140500,Receipts from Permission to Use the Goods or to Perform Services and Act,aia,300000000,0,0,0,914,yes
fy-2026-27-development-book-volume-iii-1104-2111,1203,State Department for Wildlife,1203103000,Installation Of Solar Power Backup CCTV Cameras for KWS Gates,1203103001,Installation Of Solar Power Backup CCTV Cameras for KWS Gates,2630200,Capital Grants to Government Agencies and other Levels of Government,exp,100000000,0,0,0,915,yes
fy-2026-27-development-book-volume-iii-1104-2111,1203,State Department for Wildlife,1203103000,Installation Of Solar Power Backup CCTV Cameras for KWS Gates,1203103001,Installation Of Solar Power Backup CCTV Cameras for KWS Gates,1140500,Receipts from Permission to Use the Goods or to Perform Services and Act,aia,100000000,0,0,0,915,yes
fy-2026-27-development-book-volume-iii-1104-2111,1203,State Department for Wildlife,1203103100,Acquisition Of Enterprise Planning Software - KWS,1203103101,Acquisition Of Enterprise Planning Software - KWS,2630200,Capital Grants to Government Agencies and other Levels of Government,exp,100000000,0,0,0,915,yes
fy-2026-27-development-book-volume-iii-1104-2111,1203,State Department for Wildlife,1203103100,Acquisition Of Enterprise Planning Software - KWS,1203103101,Acquisition Of Enterprise Planning Software - KWS,1140500,Receipts from Permission to Use the Goods or to Perform Services and Act,aia,100000000,0,0,0,915,yes
fy-2026-27-development-book-volume-iii-1104-2111,1203,State Department for Wildlife,1203103200,Jomo Kenyatta Beach Rejuvenation - KWS Mombasa,1203103201,Jomo Kenyatta Beach Rejuvenation - KWS Mombasa,2630200,Capital Grants to Government Agencies and other Levels of Government,exp,100000000,0,0,0,915,yes
fy-2026-27-development-book-volume-iii-1104-2111,1203,State Department for Wildlife,1203103200,Jomo Kenyatta Beach Rejuvenation - KWS Mombasa,1203103201,Jomo Kenyatta Beach Rejuvenation - KWS Mombasa,1140500,Receipts from Permission to Use the Goods or to Perform Services and Act,aia,100000000,0,0,0,915,yes
fy-2026-27-development-book-volume-iii-1104-2111,1203,State Department for Wildlife,1203103300,Park Roads - Tsavo West,1203103301,Park Roads - Tsavo West,2630200,Capital Grants to Government Agencies and other Levels of Government,exp,150000000,0,0,0,915,yes
fy-2026-27-development-book-volume-iii-1104-2111,1203,State Department for Wildlife,1203103400,Lake Kamnorok Access Road,1203103401,Lake Kamnorok Access Road,2211300,Other Operating Expenses 2518,exp,10000000,0,0,0,915,yes
fy-2026-27-development-book-volume-iii-1104-2111,1203,State Department for Wildlife,1203103400,Lake Kamnorok Access Road,1203103401,Lake Kamnorok Access Road,3111500,Rehabilitation of Civil Works,exp,50000000,0,0,0,916,yes
fy-2026-27-development-book-volume-iii-1104-2111,1203,State Department for Wildlife,1203103500,Wildlife Drought Intervention,1203103501,Headquarters,2640200,Emergency Relief and Refugee Assistance,exp,60000000,0,0,0,916,yes
fy-2026-27-development-book-volume-iii-1104-2111,1203,State Department for Wildlife,1203103500,Wildlife Drought Intervention,1203103502,Kenya Wildlife Service - KWS,2640200,Emergency Relief and Refugee Assistance,exp,150000000,0,0,0,916,yes
fy-2026-27-development-book-volume-iii-1104-2111,1203,State Department for Wildlife,1203103600,Fencing of Rimoi National Reserve,1203103601,Fencing of Rimoi National Reserve,2630200,Capital Grants to Government Agencies and other Levels of Government,exp,205000000,0,0,0,916,yes
fy-2026-27-development-book-volume-iii-1104-2111,1212,State Department for Gender and Affirmative Action,1212100300,Affirmative Action Social Development Fund,1212100301,Affirmative Action Social Development Fund,2630200,Capital Grants to Government Agencies and other Levels of Government,exp,4484406145,4000000000,4000000000,4000000000,932,yes
fy-2026-27-development-book-volume-iii-1104-2111,1212,State Department for Gender and Affirmative Action,1212100900,Strengthening Prevention & Response to GBV in Kenya - BETA,1212100901,Strengthening Prevention & Response to GBV in Kenya - BETA,2210200,"Communication, Supplies and Services",exp,500900,0,0,0,932,yes
fy-2026-27-development-book-volume-iii-1104-2111,1212,State Department for Gender and Affirmative Action,1212100900,Strengthening Prevention & Response to GBV in Kenya - BETA,1212100901,Strengthening Prevention & Response to GBV in Kenya - BETA,2210300,"Domestic Travel and Subsistence, and Other Transportation Costs",exp,19517000,0,0,0,932,yes
fy-2026-27-development-book-volume-iii-1104-2111,1212,State Department for Gender and Affirmative Action,1212100900,Strengthening Prevention & Response to GBV in Kenya - BETA,1212100901,Strengthening Prevention & Response to GBV in Kenya - BETA,2210500,"Printing , Advertising and Information Supplies and Services",exp,1708200,0,0,0,932,yes
fy-2026-27-development-book-volume-iii-1104-2111,1212,State Department for Gender and Affirmative Action,1212100900,Strengthening Prevention & Response to GBV in Kenya - BETA,1212100901,Strengthening Prevention & Response to GBV in Kenya - BETA,2210700,Training Expenses,exp,28216000,0,0,0,932,yes
fy-2026-27-development-book-volume-iii-1104-2111,1212,State Department for Gender and Affirmative Action,1212100900,Strengthening Prevention & Response to GBV in Kenya - BETA,1212100901,Strengthening Prevention & Response to GBV in Kenya - BETA,2210800,Hospitality Supplies and Services,exp,17000800,0,0,0,932,yes
fy-2026-27-development-book-volume-iii-1104-2111,1212,State Department for Gender and Affirmative Action,1212100900,Strengthening Prevention & Response to GBV in Kenya - BETA,1212100901,Strengthening Prevention & Response to GBV in Kenya - BETA,2211000,Specialised Materials and Supplies,exp,150500,0,0,0,932,yes
fy-2026-27-development-book-volume-iii-1104-2111,1212,State Department for Gender and Affirmative Action,1212100900,Strengthening Prevention & Response to GBV in Kenya - BETA,1212100901,Strengthening Prevention & Response to GBV in Kenya - BETA,2211100,Office and General Supplies and Services,exp,1402400,0,0,0,932,yes
fy-2026-27-development-book-volume-iii-1104-2111,1212,State Department for Gender and Affirmative Action,1212100900,Strengthening Prevention & Response to GBV in Kenya - BETA,1212100901,Strengthening Prevention & Response to GBV in Kenya - BETA,2211200,Fuel Oil and Lubricants,exp,1000000,0,0,0,932,yes
fy-2026-27-development-book-volume-iii-1104-2111,1212,State Department for Gender and Affirmative Action,1212100900,Strengthening Prevention & Response to GBV in Kenya - BETA,1212100901,Strengthening Prevention & Response to GBV in Kenya - BETA,2211300,Other Operating Expenses,exp,3001400,0,0,0,932,yes
fy-2026-27-development-book-volume-iii-1104-2111,1212,State Department for Gender and Affirmative Action,1212100900,Strengthening Prevention & Response to GBV in Kenya - BETA,1212100901,Strengthening Prevention & Response to GBV in Kenya - BETA,2220100,Routine Maintenance - Vehicles and Other Transport Equipment,exp,500200,0,0,0,932,yes
fy-2026-27-development-book-volume-iii-1104-2111,1212,State Department for Gender and Affirmative Action,1212100900,Strengthening Prevention & Response to GBV in Kenya - BETA,1212100901,Strengthening Prevention & Response to GBV in Kenya - BETA,3111000,Purchase of Office Furniture and General Equipment,exp,1002600,0,0,0,932,yes
fy-2026-27-development-book-volume-iii-1104-2111,1212,State Department for Gender and Affirmative Action,1212100900,Strengthening Prevention & Response to GBV in Kenya - BETA,1212100901,Strengthening Prevention & Response to GBV in Kenya - BETA,1310100,Grants from Foreign Governments - Cash Through Exchequer,aia,20000000,0,0,0,932,yes
fy-2026-27-development-book-volume-iii-1104-2111,1212,State Department for Gender and Affirmative Action,1212101100,GoK/ UNFPA 10th Country Programme,1212101101,GoK/ UNFPA 10th Country Programme,2210200,"Communication, Supplies and Services",exp,58800,58800,58800,0,932,yes
fy-2026-27-development-book-volume-iii-1104-2111,1212,State Department for Gender and Affirmative Action,1212101100,GoK/ UNFPA 10th Country Programme,1212101101,GoK/ UNFPA 10th Country Programme,2210300,"Domestic Travel and Subsistence, and Other Transportation Costs",exp,11855000,9000000,0,0,932,yes
fy-2026-27-development-book-volume-iii-1104-2111,1212,State Department for Gender and Affirmative Action,1212101100,GoK/ UNFPA 10th Country Programme,1212101101,GoK/ UNFPA 10th Country Programme,2210500,"Printing , Advertising and Information Supplies and Services",exp,1000000,1000000,0,0,932,yes
fy-2026-27-development-book-volume-iii-1104-2111,1212,State Department for Gender and Affirmative Action,1212101100,GoK/ UNFPA 10th Country Programme,1212101101,GoK/ UNFPA 10th Country Programme,2210800,Hospitality Supplies and Services,exp,6400000,5250596,0,0,932,yes
fy-2026-27-development-book-volume-iii-1104-2111,1212,State Department for Gender and Affirmative Action,1212101100,GoK/ UNFPA 10th Country Programme,1212101101,GoK/ UNFPA 10th Country Programme,2211200,Fuel Oil and Lubricants,exp,300000,300000,0,0,932,yes
fy-2026-27-development-book-volume-iii-1104-2111,1212,State Department for Gender and Affirmative Action,1212101100,GoK/ UNFPA 10th Country Programme,1212101101,GoK/ UNFPA 10th Country Programme,2211300,Other Operating Expenses,exp,1000000,1000000,0,0,932,yes
fy-2026-27-development-book-volume-iii-1104-2111,1212,State Department for Gender and Affirmative Action,1212101100,GoK/ UNFPA 10th Country Programme,1212101101,GoK/ UNFPA 10th Country Programme,2630200,Capital Grants to Government Agencies and other Levels of Government,exp,9335604,1390604,0,0,932,yes
fy-2026-27-development-book-volume-iii-1104-2111,1212,State Department for Gender and Affirmative Action,1212101300,Public Participation Projects,1212101301,Construction-Safe Home for victims of Defilement/Rape in Kajulu,3110500,Construction and Civil Works,exp,10000000,36000000,0,0,933,yes
fy-2026-27-development-book-volume-iii-1104-2111,1212,State Department for Gender and Affirmative Action,1212101300,Public Participation Projects,1212101301,Construction-Safe Home for victims of Defilement/Rape in Kajulu,3111400,"Research, Feasibility Studies, Project Preparation and Design, Project S",exp,0,4000000,0,0,933,yes
fy-2026-27-development-book-volume-iii-1104-2111,1212,State Department for Gender and Affirmative Action,1212101300,Public Participation Projects,1212101302,Taita Rescue Centre in Bura,3110900,Purchase of Household Furniture and Institutional Equipment,exp,10000000,15000000,0,0,933,yes
fy-2026-27-development-book-volume-iii-1104-2111,1212,State Department for Gender and Affirmative Action,1212101300,Public Participation Projects,1212101303,"Land Acquisition, Construction & Fencing-Kwale County Rescue",3110500,Construction and Civil Works,exp,25000000,36000000,0,0,933,yes
fy-2026-27-development-book-volume-iii-1104-2111,1212,State Department for Gender and Affirmative Action,1212101300,Public Participation Projects,1212101303,"Land Acquisition, Construction & Fencing-Kwale County Rescue",3111400,"Research, Feasibility Studies, Project Preparation and Design, Project S",exp,0,4000000,0,0,933,yes
fy-2026-27-development-book-volume-iii-1104-2111,1212,State Department for Gender and Affirmative Action,1212101400,Psychological Empowerment & Career Enhancement,1212101401,Psychological Empowerment & Career Enhancement,2630200,Capital Grants to Government Agencies and other Levels of Government,exp,0,100000000,0,0,933,yes
fy-2026-27-development-book-volume-iii-1104-2111,1213,State Department for Public Service and Human Capital Development,1213100100,Implementation of Huduma Service Delivery Channels,1213100101,Implementation of Huduma Service Delivery Channels,3111100,"Purchase of Specialised Plant, Equipment and Machinery",exp,121000000,121000000,122500000,295000000,940,yes
fy-2026-27-development-book-volume-iii-1104-2111,1213,State Department for Public Service and Human Capital Development,1213100100,Implementation of Huduma Service Delivery Channels,1213100101,Implementation of Huduma Service Delivery Channels,3111400,"Research, Feasibility Studies, Project Preparation and Design, Project S",exp,2000000,2000000,2000000,5000000,940,yes
fy-2026-27-development-book-volume-iii-1104-2111,1213,State Department for Public Service and Human Capital Development,1213100100,Implementation of Huduma Service Delivery Channels,1213100104,Turbo Huduma Center,3110200,Construction of Building,exp,0,30000000,0,0,940,yes
fy-2026-27-development-book-volume-iii-1104-2111,1213,State Department for Public Service and Human Capital Development,1213100100,Implementation of Huduma Service Delivery Channels,1213100105,Taity West- Chemolingot Huduma Center,3110200,Construction of Building,exp,0,20000000,0,0,940,yes
fy-2026-27-development-book-volume-iii-1104-2111,1213,State Department for Public Service and Human Capital Development,1213100100,Implementation of Huduma Service Delivery Channels,1213100106,Naivasha Town Huduma Center,3110200,Construction of Building,exp,0,30000000,0,0,940,yes
fy-2026-27-development-book-volume-iii-1104-2111,1213,State Department for Public Service and Human Capital Development,1213100100,Implementation of Huduma Service Delivery Channels,1213100107,Tongaren Huduma Center,3110200,Construction of Building,exp,0,15000000,0,0,940,yes
fy-2026-27-development-book-volume-iii-1104-2111,1213,State Department for Public Service and Human Capital Development,1213100100,Implementation of Huduma Service Delivery Channels,1213100108,Muhoroni Huduma Center,3110200,Construction of Building,exp,0,0,60000000,0,940,yes
fy-2026-27-development-book-volume-iii-1104-2111,1213,State Department for Public Service and Human Capital Development,1213100100,Implementation of Huduma Service Delivery Channels,1213100109,Kibwezi Huduma Center,3110200,Construction of Building,exp,0,0,70000000,0,940,yes
fy-2026-27-development-book-volume-iii-1104-2111,1213,State Department for Public Service and Human Capital Development,1213100100,Implementation of Huduma Service Delivery Channels,1213100110,Rachuonyo Huduma,3110200,Construction of Building,exp,0,0,70000000,0,940,yes
fy-2026-27-development-book-volume-iii-1104-2111,1213,State Department for Public Service and Human Capital Development,1213100100,Implementation of Huduma Service Delivery Channels,1213100111,Likoni Huduma Center,3110200,Construction of Building,exp,0,0,80000000,0,940,yes
fy-2026-27-development-book-volume-iii-1104-2111,1213,State Department for Public Service and Human Capital Development,1213100100,Implementation of Huduma Service Delivery Channels,1213100112,Huduma Centre in Rhamu,3110200,Construction of Building,exp,0,4629272,0,0,940,yes
fy-2026-27-development-book-volume-iii-1104-2111,1213,State Department for Public Service and Human Capital Development,1213100100,Implementation of Huduma Service Delivery Channels,1213100113,Hamisi Huduma Centre,3110200,Construction of Building,exp,10000000,0,0,0,941,yes
fy-2026-27-development-book-volume-iii-1104-2111,1213,State Department for Public Service and Human Capital Development,1213100100,Implementation of Huduma Service Delivery Channels,1213100114,Mtwapa Huduma Centre,3110200,Construction of Building,exp,25000000,0,0,0,941,yes
fy-2026-27-development-book-volume-iii-1104-2111,1213,State Department for Public Service and Human Capital Development,1213100200,Construction of Tuition Complex at KSG Matuga,1213100201,Construction of Tuition Complex at KSG Matuga,2630200,Capital Grants to Government Agencies and other Levels of Government,exp,0,126500000,361700000,0,941,yes
fy-2026-27-development-book-volume-iii-1104-2111,1213,State Department for Public Service and Human Capital Development,1213100300,Construction of Tuition Complex at KSG Baringo,1213100301,Construction of Tuition Complex at KSG Baringo,2630200,Capital Grants to Government Agencies and other Levels of Government,exp,234405740,151600000,0,0,941,yes
fy-2026-27-development-book-volume-iii-1104-2111,1213,State Department for Public Service and Human Capital Development,1213100400,Construction of Hostels at KSG Embu,1213100401,Construction of Hostels at KSG Embu,2630200,Capital Grants to Government Agencies and other Levels of Government,exp,0,0,0,537000000,941,yes
fy-2026-27-development-book-volume-iii-1104-2111,1213,State Department for Public Service and Human Capital Development,1213100500,Completion of Ultra-Modern Complex at KSG-Mombasa,1213100501,Completion of Ultra-Modern Complex at KSG-Mombasa,3110200,Construction of Building,exp,150000000,0,0,0,941,yes
fy-2026-27-development-book-volume-iii-1104-2111,1213,State Department for Public Service and Human Capital Development,1213100700,Upgrade of Government Human Resource Information System-GHRIS,1213100701,Upgrade of Government Human Resource Information System-GHRIS,3111100,"Purchase of Specialised Plant, Equipment and Machinery",exp,0,200000000,200000000,300000000,942,yes
fy-2026-27-development-book-volume-iii-1104-2111,1213,State Department for Public Service and Human Capital Development,1213100900,Construction of Buildings and Other Infrastructure in NYS,1213100901,Construction of Buildings and Other Infrastructure in NYS,2630200,Capital Grants to Government Agencies and other Levels of Government,exp,115000000,121500000,211300000,0,942,yes
fy-2026-27-development-book-volume-iii-1104-2111,1213,State Department for Public Service and Human Capital Development,1213100900,Construction of Buildings and Other Infrastructure in NYS,1213100902,Phasing Out Asbestos at NYS,2630100,Current Grants to Government Agencies and other Levels of Government,exp,0,20000000,20000000,0,942,yes
fy-2026-27-development-book-volume-iii-1104-2111,1213,State Department for Public Service and Human Capital Development,1213101100,JDS Human Resource Development Scholarship 1,1213101101,JDS Human Resource Development Scholarship 1,2210400,"Foreign Travel and Subsistence, and other transportation costs",exp,10000000,12500000,17000000,22500000,942,yes
fy-2026-27-development-book-volume-iii-1104-2111,1213,State Department for Public Service and Human Capital Development,1213101100,JDS Human Resource Development Scholarship 1,1213101101,JDS Human Resource Development Scholarship 1,2210700,Training Expenses,exp,250000000,405500000,6000000,8000000,942,yes
fy-2026-27-development-book-volume-iii-1104-2111,1213,State Department for Public Service and Human Capital Development,1213101100,JDS Human Resource Development Scholarship 1,1213101101,JDS Human Resource Development Scholarship 1,2211300,Other Operating Expenses,exp,5000000,5700000,7000000,9500000,942,yes
fy-2026-27-development-book-volume-iii-1104-2111,1213,State Department for Public Service and Human Capital Development,1213101100,JDS Human Resource Development Scholarship 1,1213101101,JDS Human Resource Development Scholarship 1,1310200,Grants from Foreign Governments - Direct Payments,aia,245000000,400000000,0,0,942,yes
fy-2026-27-development-book-volume-iii-1104-2111,1213,State Department for Public Service and Human Capital Development,1213101300,Public Participation Projects,1213101302,Construction of Huduma Centre in Kaloleni Constituency,3110200,Construction of Building,exp,0,20000000,0,0,942,yes
fy-2026-27-development-book-volume-iii-1104-2111,1213,State Department for Public Service and Human Capital Development,1213101300,Public Participation Projects,1213101303,Construction of Huduma Centre in Ganze Constituency,3110200,Construction of Building,exp,15000000,8000000,0,0,942,yes
fy-2026-27-development-book-volume-iii-1104-2111,1213,State Department for Public Service and Human Capital Development,1213101300,Public Participation Projects,1213101304,Maua Town Huduma Centre,3110200,Construction of Building,exp,8776371,0,0,0,943,yes
fy-2026-27-development-book-volume-iii-1104-2111,1213,State Department for Public Service and Human Capital Development,1213101300,Public Participation Projects,1213101306,Construction of Huduma Center in Runyenjes,3110200,Construction of Building,exp,0,20000000,0,0,943,yes
fy-2026-27-development-book-volume-iii-1104-2111,1213,State Department for Public Service and Human Capital Development,1213101300,Public Participation Projects,1213101308,Molo Huduma Center,3110200,Construction of Building,exp,52000000,0,0,0,943,yes
fy-2026-27-development-book-volume-iii-1104-2111,1213,State Department for Public Service and Human Capital Development,1213101300,Public Participation Projects,1213101309,Nkubu Huduma Center,3110200,Construction of Building,exp,20000000,10000000,0,0,943,yes
fy-2026-27-development-book-volume-iii-1104-2111,1213,State Department for Public Service and Human Capital Development,1213101300,Public Participation Projects,1213101311,Malindi Huduma Center,3110200,Construction of Building,exp,14000000,9000000,0,0,943,yes
fy-2026-27-development-book-volume-iii-1104-2111,1213,State Department for Public Service and Human Capital Development,1213101300,Public Participation Projects,1213101312,Kilifi South Huduma center,3110200,Construction of Building,exp,30000000,0,0,0,943,yes
fy-2026-27-development-book-volume-iii-1104-2111,1213,State Department for Public Service and Human Capital Development,1213101300,Public Participation Projects,1213101313,Ikolomani Huduma center,3110200,Construction of Building,exp,12000000,18000000,0,0,943,yes
fy-2026-27-development-book-volume-iii-1104-2111,1213,State Department for Public Service and Human Capital Development,1213101300,Public Participation Projects,1213101316,Ugenya Huduma center,3110200,Construction of Building,exp,30000000,0,0,0,943,yes
fy-2026-27-development-book-volume-iii-1104-2111,1213,State Department for Public Service and Human Capital Development,1213101300,Public Participation Projects,1213101317,Mabera Huduma Center,3110200,Construction of Building,exp,20000000,10000000,0,0,943,yes
fy-2026-27-development-book-volume-iii-1104-2111,1213,State Department for Public Service and Human Capital Development,1213101400,Human Resource Examination System,1213101401,Human Resource Examination System,2630200,Capital Grants to Government Agencies and other Levels of Government,exp,0,40000000,50500000,0,944,yes
fy-2026-27-development-book-volume-iii-1104-2111,1213,State Department for Public Service and Human Capital Development,1213101500,KSG Hostel Rehabilitation - Lower Kabete,1213101501,KSG Hostel Rehabilitation - Lower Kabete,2630200,Capital Grants to Government Agencies and other Levels of Government,exp,700000000,0,0,0,944,yes
fy-2026-27-development-book-volume-iii-1104-2111,1213,State Department for Public Service and Human Capital Development,1213101600,KSG Vihiga project,1213101601,KSG Vihiga project,2630200,Capital Grants to Government Agencies and other Levels of Government,exp,100000000,100000000,100000000,310000000,944,yes
fy-2026-27-development-book-volume-iii-1104-2111,1213,State Department for Public Service and Human Capital Development,1213101700,Robert Ouko Leadership Academy Kisumu - KSG,1213101701,Robert Ouko Leadership Academy Kisumu - KSG,2630200,Capital Grants to Government Agencies and other Levels of Government,exp,100000000,0,0,0,944,yes
fy-2026-27-development-book-volume-iii-1104-2111,1213,State Department for Public Service and Human Capital Development,1213101900,Modernization of the Public Service Club,1213101901,Modernization of the Public Service Club,2630200,Capital Grants to Government Agencies and other Levels of Government,exp,0,10000000,35000000,0,944,yes
fy-2026-27-development-book-volume-iii-1104-2111,1213,State Department for Public Service and Human Capital Development,1213102000,Kitui Rural Huduma Centre,1213102001,Kitui Rural Huduma Centre,3110200,Construction of Building,exp,0,17000000,0,0,944,yes
fy-2026-27-development-book-volume-iii-1104-2111,1252,State Law Office,1252100300,Ultra-Modern Library & Moot Court-Kenya School of Law-Karen,1252100301,Ultra-Modern Library & Moot Court-Kenya School of Law-Karen,2630200,Capital Grants to Government Agencies and other Levels of Government,exp,50000000,20000000,100000000,120000000,957,yes
fy-2026-27-development-book-volume-iii-1104-2111,1252,State Law Office,1252100500,Refurbishment sheria House and company's Registry-Nairobi,1252100501,Refurbishment sheria House and company's Registry-Nairobi,3110300,Refurbishment of Buildings,exp,140000000,50000000,56000000,0,957,yes
fy-2026-27-development-book-volume-iii-1104-2111,1252,State Law Office,1252102500,Construction of Office Buildings - Field Offices,1252102501,Construction of Office Buildings - Field Offices,3110200,Construction of Building,exp,0,0,0,100000000,957,yes
fy-2026-27-development-book-volume-iii-1104-2111,1252,State Law Office,1252102600,Automation of the State Law Office Services,1252102601,Automation of the State Law Office Services,2211300,Other Operating Expenses,exp,0,15000000,10000000,10000000,957,yes
fy-2026-27-development-book-volume-iii-1104-2111,1252,State Law Office,1252102600,Automation of the State Law Office Services,1252102601,Automation of the State Law Office Services,3111100,"Purchase of Specialised Plant, Equipment and Machinery",exp,110000000,215000000,191770000,259330000,957,yes
fy-2026-27-development-book-volume-iii-1104-2111,1271,Ethics and Anti-Corruption Commission,1271100300,Refurbishment of EACC Headquarters,1271100302,Refurbishment of EACC - Phase 2,3110300,Refurbishment of Buildings,exp,180000000,123000000,205550000,153870000,961,yes
fy-2026-27-development-book-volume-iii-1104-2111,1271,Ethics and Anti-Corruption Commission,1271100400,Automation of EACC Business Processes,1271100401,Automation of EACC Business Processes,3111100,"Purchase of Specialised Plant, Equipment and Machinery",exp,0,0,0,127270000,961,yes
fy-2026-27-development-book-volume-iii-1104-2111,1291,Office of the Director of Public Prosecutions,1291100400,Wajir ODPP Office,1291100401,Wajir ODPP Office - HQ,3110200,Construction of Building,exp,0,0,0,18000000,964,yes
fy-2026-27-development-book-volume-iii-1104-2111,1291,Office of the Director of Public Prosecutions,1291100600,Turkana ODPP Office,1291100601,Turkana ODPP Office - HQ,3110200,Construction of Building,exp,0,0,18000000,20000000,964,yes
fy-2026-27-development-book-volume-iii-1104-2111,1291,Office of the Director of Public Prosecutions,1291100700,Containerized Offices,1291100702,Containerized Offices - Kenol,3110200,Construction of Building,exp,12500000,0,0,0,964,yes
fy-2026-27-development-book-volume-iii-1104-2111,1291,Office of the Director of Public Prosecutions,1291100700,Containerized Offices,1291100703,Containerized Offices - Msambweni,3110200,Construction of Building,exp,12500000,0,0,0,964,yes
fy-2026-27-development-book-volume-iii-1104-2111,1291,Office of the Director of Public Prosecutions,1291100700,Containerized Offices,1291100704,Containerized Offices - Kithimani,3110200,Construction of Building,exp,0,12500000,0,0,964,yes
fy-2026-27-development-book-volume-iii-1104-2111,1291,Office of the Director of Public Prosecutions,1291100700,Containerized Offices,1291100709,Containerized Offices - Maua,3110200,Construction of Building,exp,0,12500000,0,0,964,yes
fy-2026-27-development-book-volume-iii-1104-2111,1291,Office of the Director of Public Prosecutions,1291100700,Containerized Offices,1291100716,Containerized Offices -Kibera,3110200,Construction of Building,exp,0,0,12490000,0,964,yes
fy-2026-27-development-book-volume-iii-1104-2111,1291,Office of the Director of Public Prosecutions,1291100700,Containerized Offices,1291100722,Containerized Offices - Mwala,3110200,Construction of Building,exp,0,0,0,12500000,964,yes
fy-2026-27-development-book-volume-iii-1104-2111,1291,Office of the Director of Public Prosecutions,1291100800,Refurbishment of ODPP County Office,1291100803,Refurbishment of ODPP County Office - Kericho,3110200,Construction of Building,exp,7000000,0,0,0,965,yes
fy-2026-27-development-book-volume-iii-1104-2111,1291,Office of the Director of Public Prosecutions,1291100800,Refurbishment of ODPP County Office,1291100806,Refurbishment of ODPP County Office - Nyeri,3110200,Construction of Building,exp,3000000,0,0,0,965,yes
fy-2026-27-development-book-volume-iii-1104-2111,1291,Office of the Director of Public Prosecutions,1291101000,UNFPA 8th Country Programme on FGM,1291101001,UNFPA 8th Country Programme on FGM,2210700,Training Expenses,exp,6000000,6000000,6000000,6000000,965,yes
fy-2026-27-development-book-volume-iii-1104-2111,1291,Office of the Director of Public Prosecutions,1291101500,Construction of Prosecution Training Institute (PTI),1291101501,Construction of Prosecution Training Institute,3110200,Construction of Building,exp,20650965,0,0,0,965,yes
fy-2026-27-development-book-volume-iii-1104-2111,1291,Office of the Director of Public Prosecutions,1291101700,Uadilifu Case Management System,1291101701,Uadilifu Case Management System,3111100,"Purchase of Specialised Plant, Equipment and Machinery",exp,24349035,10000000,10000000,9500000,965,yes
fy-2026-27-development-book-volume-iii-1104-2111,1291,Office of the Director of Public Prosecutions,1291101800,Construction of ODPP Offices,1291101806,Lamu,3110200,Construction of Building 2568,exp,0,0,18000000,20000000,965,yes
fy-2026-27-development-book-volume-iii-1104-2111,1291,Office of the Director of Public Prosecutions,1291101900,Acquisition of ODPP headquarters - Union House,1291101901,Acquisition of ODPP headquarters - Union House,3110100,Purchase of Buildings,exp,200000000,450000000,0,0,966,yes
fy-2026-27-development-book-volume-iii-1104-2111,1331,State Department for Environment & Climate Change,1331100200,Phasing out Ozone Depleting Substances Project Operationalized,1331100201,Headquarters,2640500,Other Capital Grants and Transfers,exp,20000000,20000000,40000000,35000000,974,yes
fy-2026-27-development-book-volume-iii-1104-2111,1331,State Department for Environment & Climate Change,1331100400,Green Innovation Award Project-NetFund,1331100401,Green Innovation Award - Headquarters,2630200,Capital Grants to Government Agencies and other Levels of Government,exp,8500000,18500000,40000000,80000000,974,yes
fy-2026-27-development-book-volume-iii-1104-2111,1331,State Department for Environment & Climate Change,1331100500,Purchase of digital instrument,1331100501,Purchase of digital instrument - Headquarters,3111100,"Purchase of Specialised Plant, Equipment and Machinery",exp,30000000,152000000,0,0,974,yes
fy-2026-27-development-book-volume-iii-1104-2111,1331,State Department for Environment & Climate Change,1331100600,High Performance Computing Platform,1331100601,High Performance Computing Platform - Headquarters,3111100,"Purchase of Specialised Plant, Equipment and Machinery",exp,20000000,0,0,0,974,yes
fy-2026-27-development-book-volume-iii-1104-2111,1331,State Department for Environment & Climate Change,1331100700,Acquisition of CAT 3 Airport Weather Observing System-AWOS-,1331100701,Acquisition & Installation of CAT 3 AWOS - Phase III - Headquarters,3110500,Construction and Civil Works,exp,20000000,0,0,0,974,yes
fy-2026-27-development-book-volume-iii-1104-2111,1331,State Department for Environment & Climate Change,1331100700,Acquisition of CAT 3 Airport Weather Observing System-AWOS-,1331100701,Acquisition & Installation of CAT 3 AWOS - Phase III - Headquarters,3111100,"Purchase of Specialised Plant, Equipment and Machinery",exp,50000000,0,0,0,974,yes
fy-2026-27-development-book-volume-iii-1104-2111,1331,State Department for Environment & Climate Change,1331100800,Acquisition of CAT 3 Automatic Weather Stations (AWS) - Phase IV,1331100801,Acquisition of CAT 3 AWS - Phase IV - Headquarters,3111100,"Purchase of Specialised Plant, Equipment and Machinery",exp,15000000,20000000,0,0,975,yes
fy-2026-27-development-book-volume-iii-1104-2111,1331,State Department for Environment & Climate Change,1331100900,Weather Radar Surveillance Network,1331100901,Weather Radar Surveillance Network - Headquarters,2220200,Routine Maintenance - Other Assets,exp,44000000,62000000,0,0,975,yes
fy-2026-27-development-book-volume-iii-1104-2111,1331,State Department for Environment & Climate Change,1331100900,Weather Radar Surveillance Network,1331100901,Weather Radar Surveillance Network - Headquarters,3111100,"Purchase of Specialised Plant, Equipment and Machinery",exp,50000000,50000000,0,0,975,yes
fy-2026-27-development-book-volume-iii-1104-2111,1331,State Department for Environment & Climate Change,1331101000,Construction of Centres of excellence and innovation on environment,1331101001,Centres for excellence and Innovation on environment - Headquarters,2630200,Capital Grants to Government Agencies and other Levels of Government,exp,8500000,8500000,50000000,122000000,975,yes
fy-2026-27-development-book-volume-iii-1104-2111,1331,State Department for Environment & Climate Change,1331101300,National Solid Waste Management,1331101301,National Solid Waste Management,2640500,Other Capital Grants and Transfers,exp,20000000,2470000000,120000000,190000000,975,yes
fy-2026-27-development-book-volume-iii-1104-2111,1331,State Department for Environment & Climate Change,1331101600,Community Livelihood Improvement Programme (CLIP),1331101601,Community Livelihood Improvement Programme (CLIP),2640500,Other Capital Grants and Transfers,exp,10000000,30000000,100000000,120000000,975,yes
fy-2026-27-development-book-volume-iii-1104-2111,1331,State Department for Environment & Climate Change,1331101700,Plastic Waste Management and Pollution Control,1331101701,Plastic Waste Management and Pollution Control,2630200,Capital Grants to Government Agencies and other Levels of Government,exp,15000000,70000000,100000000,200000000,976,yes
fy-2026-27-development-book-volume-iii-1104-2111,1331,State Department for Environment & Climate Change,1331102000,Sound Chemicals and Waste Management Kenya,1331102001,Sound Chemicals and Waste Management Kenya,2640500,Other Capital Grants and Transfers,exp,12000000,10000000,0,0,976,yes
fy-2026-27-development-book-volume-iii-1104-2111,1331,State Department for Environment & Climate Change,1331102200,Implementation of National Climate Change Action Plan,1331102201,Implementation of National Climate Change Action Plan,2640500,Other Capital Grants and Transfers,exp,35000000,150000000,200000000,350000000,976,yes
fy-2026-27-development-book-volume-iii-1104-2111,1331,State Department for Environment & Climate Change,1331102600,Africa Environmental Health and Pollution Management Project,1331102601,Africa Environmental Health and Pollution Management Project,2640500,Other Capital Grants and Transfers,exp,173000000,0,0,0,976,yes
fy-2026-27-development-book-volume-iii-1104-2111,1331,State Department for Environment & Climate Change,1331102700,Strengthening Drought Resilience for Farmers & Pastoralists In IGAD,1331102701,Strengthening Drought Resilience for Farmers & Pastoralists In IGAD,2640500,Other Capital Grants and Transfers,exp,132000000,59000000,59000000,0,976,yes
fy-2026-27-development-book-volume-iii-1104-2111,1331,State Department for Environment & Climate Change,1331102800,Strategic Sector Support Phase II,1331102801,Strategic Sector Support Phase II,2640500,Other Capital Grants and Transfers 2579,exp,10000000,0,0,0,976,yes
fy-2026-27-development-book-volume-iii-1104-2111,1331,State Department for Environment & Climate Change,1331102900,L Victoria Climate Resilience & Environmental Mngmt,1331102901,L Victoria Climate Resilience & Environmental Mngmt,2640500,Other Capital Grants and Transfers,exp,10000000,85000000,280000000,450000000,977,yes
fy-2026-27-development-book-volume-iii-1104-2111,1331,State Department for Environment & Climate Change,1331103300,Kenya Gold Mercury-Free ASGM Project,1331103301,Kenya Gold Mercury-Free ASGM Project,2640500,Other Capital Grants and Transfers,exp,80000000,20000000,0,0,977,yes
fy-2026-27-development-book-volume-iii-1104-2111,1331,State Department for Environment & Climate Change,1331103300,Kenya Gold Mercury-Free ASGM Project,1331103301,Kenya Gold Mercury-Free ASGM Project,1320200,Grants from International Organizations,aia,20000000,0,0,0,977,yes
fy-2026-27-development-book-volume-iii-1104-2111,1331,State Department for Environment & Climate Change,1331103500,Kenya ETF Reporting Programme to UNFCCC Project,1331103501,Kenya ETF Reporting Programme to UNFCCC Project,2640500,Other Capital Grants and Transfers,exp,100000000,100000000,100000000,82000000,977,yes
fy-2026-27-development-book-volume-iii-1104-2111,1331,State Department for Environment & Climate Change,1331103600,Global Development Review of NIPs,1331103601,Global Development Review of NIPs,2640500,Other Capital Grants and Transfers,exp,23000000,15000000,0,0,977,yes
fy-2026-27-development-book-volume-iii-1104-2111,1331,State Department for Environment & Climate Change,1331103700,Forest Management for Improved Biodiversity Conservation & Climate,1331103701,Forest Management for Improved Biodiversity Conservation & Climate,2630200,Capital Grants to Government Agencies and other Levels of Government 2580,exp,129796186,195000000,465000000,465000000,977,yes
fy-2026-27-development-book-volume-iii-1104-2111,1331,State Department for Environment & Climate Change,1331103700,Forest Management for Improved Biodiversity Conservation & Climate,1331103701,Forest Management for Improved Biodiversity Conservation & Climate,2640500,Other Capital Grants and Transfers,exp,0,0,100000000,0,978,yes
fy-2026-27-development-book-volume-iii-1104-2111,1331,State Department for Environment & Climate Change,1331104000,UNEP - Early action Support (EAS) Project,1331104001,UNEP - Early action Support (EAS) Project,2640500,Other Capital Grants and Transfers,exp,13000000,14000000,0,0,978,yes
fy-2026-27-development-book-volume-iii-1104-2111,1331,State Department for Environment & Climate Change,1331104100,Agroforestry and Commercial Forestry,1331104101,Restoration & Management of Ecosystems for Climate Change,2640500,Other Capital Grants and Transfers,exp,10000000,230000000,225000000,235000000,978,yes
fy-2026-27-development-book-volume-iii-1104-2111,1331,State Department for Environment & Climate Change,1331104200,Increasing Global Implementation of GHS,1331104201,Increasing Global Implementation of GHS,2640500,Other Capital Grants and Transfers,exp,10000000,20000000,0,0,978,yes
fy-2026-27-development-book-volume-iii-1104-2111,1331,State Department for Environment & Climate Change,1331104300,Lake Naivasha Basin Ecosystem Based Management,1331104301,Lake Naivasha Basin Ecosystem Based Management,2640500,Other Capital Grants and Transfers,exp,70000000,122000000,112000000,102000000,978,yes
fy-2026-27-development-book-volume-iii-1104-2111,1331,State Department for Environment & Climate Change,1331104400,Enhancing Community Resilience & Water Security,1331104401,Upper Athi Catchment Area,2640500,Other Capital Grants and Transfers,exp,300000000,613000000,136000000,0,978,yes
fy-2026-27-development-book-volume-iii-1104-2111,1331,State Department for Environment & Climate Change,1331104500,Restoration of Wetlands and Degraded Ecosystems,1331104501,Restoration of Wetlands and Degraded Ecosystems,2640500,Other Capital Grants and Transfers,exp,74906253,45000000,64468085,79290780,979,yes
fy-2026-27-development-book-volume-iii-1104-2111,1331,State Department for Environment & Climate Change,1331104500,Restoration of Wetlands and Degraded Ecosystems,1331104502,Aite Spring Wetland Restoration,2640500,Other Capital Grants and Transfers,exp,34000000,0,0,0,979,yes
fy-2026-27-development-book-volume-iii-1104-2111,1331,State Department for Environment & Climate Change,1331104500,Restoration of Wetlands and Degraded Ecosystems,1331104503,Endau Dam Wetland Restoration,2640500,Other Capital Grants and Transfers,exp,33000000,0,0,0,979,yes
fy-2026-27-development-book-volume-iii-1104-2111,1331,State Department for Environment & Climate Change,1331104500,Restoration of Wetlands and Degraded Ecosystems,1331104504,Kwetinga Dam Wetland Restoration,2640500,Other Capital Grants and Transfers,exp,33000000,0,0,0,979,yes
fy-2026-27-development-book-volume-iii-1104-2111,1331,State Department for Environment & Climate Change,1331104500,Restoration of Wetlands and Degraded Ecosystems,1331104505,Mosonik Swamp Wetland Restoration,2640500,Other Capital Grants and Transfers,exp,33000000,0,0,0,979,yes
fy-2026-27-development-book-volume-iii-1104-2111,1331,State Department for Environment & Climate Change,1331104500,Restoration of Wetlands and Degraded Ecosystems,1331104506,Muthetheni Dam Wetland Restoration,2640500,Other Capital Grants and Transfers,exp,34000000,0,0,0,979,yes
fy-2026-27-development-book-volume-iii-1104-2111,1331,State Department for Environment & Climate Change,1331104500,Restoration of Wetlands and Degraded Ecosystems,1331104507,Ruiru Cianda Dam Wetland Restoration,2640500,Other Capital Grants and Transfers,exp,33000000,0,0,0,979,yes
fy-2026-27-development-book-volume-iii-1104-2111,1331,State Department for Environment & Climate Change,1331104500,Restoration of Wetlands and Degraded Ecosystems,1331104508,Kiambuthi Wetland Restoration,2640500,Other Capital Grants and Transfers,exp,0,6000000,8936170,11914894,979,yes
fy-2026-27-development-book-volume-iii-1104-2111,1331,State Department for Environment & Climate Change,1331104500,Restoration of Wetlands and Degraded Ecosystems,1331104509,Kabenwa Wetland Restoration,2640500,Other Capital Grants and Transfers,exp,0,15200000,22638298,30184397,979,yes
fy-2026-27-development-book-volume-iii-1104-2111,1331,State Department for Environment & Climate Change,1331104500,Restoration of Wetlands and Degraded Ecosystems,1331104510,Kwa Kadzongo Wetland Restoration,2640500,Other Capital Grants and Transfers,exp,0,10800000,16085106,21446809,980,yes
fy-2026-27-development-book-volume-iii-1104-2111,1331,State Department for Environment & Climate Change,1331104500,Restoration of Wetlands and Degraded Ecosystems,1331104511,Ondango Wetland Restoration,2640500,Other Capital Grants and Transfers,exp,0,18000000,27234043,39645390,980,yes
fy-2026-27-development-book-volume-iii-1104-2111,1331,State Department for Environment & Climate Change,1331104500,Restoration of Wetlands and Degraded Ecosystems,1331104512,Mutwot Wetland Restoration,2640500,Other Capital Grants and Transfers,exp,0,26000000,40638298,57517730,980,yes
fy-2026-27-development-book-volume-iii-1104-2111,1331,State Department for Environment & Climate Change,1331104700,Environment Complaints Management System,1331104701,Environment Complaints Management System,2640500,Other Capital Grants and Transfers,exp,10000000,10000000,15000000,25000000,980,yes
fy-2026-27-development-book-volume-iii-1104-2111,1331,State Department for Environment & Climate Change,1331104900,Monitoring and Evaluation,1331104901,Monitoring and Evaluation,2211300,Other Operating Expenses,exp,0,50000000,70000000,100000000,980,yes
fy-2026-27-development-book-volume-iii-1104-2111,1331,State Department for Environment & Climate Change,1331105000,Track & Report on Kenya's NDC Progress & Achievements,1331105001,Headquarters,2640500,Other Capital Grants and Transfers,exp,0,200000000,0,0,980,yes
fy-2026-27-development-book-volume-iii-1104-2111,1331,State Department for Environment & Climate Change,1331105100,Circular Persistent Organic Pollutants(POPs)-Free Plastics Africa,1331105101,Headquarters,2640500,Other Capital Grants and Transfers,exp,0,100000000,0,0,980,yes
fy-2026-27-development-book-volume-iii-1104-2111,1332,State Department for Forestry,1332100100,Suswa Lake Magadi - Migori Environment Restoration Project,1332100101,Suswa Lake Magadi - Migori Environment Restoration Project,2640500,Other Capital Grants and Transfers,exp,50000000,65000000,94700000,151600000,999,yes
fy-2026-27-development-book-volume-iii-1104-2111,1332,State Department for Forestry,1332100500,Construction of Farmers Resource Centre- Migori,1332100501,Construction of Farmers Resource Centre- Migori - HQ,2630200,Capital Grants to Government Agencies and other Levels of Government,exp,5000000,0,5000000,10000000,999,yes
fy-2026-27-development-book-volume-iii-1104-2111,1332,State Department for Forestry,1332100600,Construction of Farmers Resource Centre- Taita Taveta,1332100601,Construction of Farmers Resource Centre- Taita Taveta - HQ,2630200,Capital Grants to Government Agencies and other Levels of Government,exp,5000000,0,5000000,10000000,999,yes
fy-2026-27-development-book-volume-iii-1104-2111,1332,State Department for Forestry,1332100700,Installation of water hydrants in Muguga and Kitui Centres,1332100701,Installation of water hydrants in Muguga and Kitui Centres - HQ,2630200,Capital Grants to Government Agencies and other Levels of Government,exp,2000000,0,2000000,2000000,999,yes
fy-2026-27-development-book-volume-iii-1104-2111,1332,State Department for Forestry,1332100800,Development of TIVA forest as a centre of excellence for dryland,1332100801,Development of TIVA forest as a centre of excellence for dryland - HQ,2630200,Capital Grants to Government Agencies and other Levels of Government,exp,10000000,0,10000000,20000000,999,yes
fy-2026-27-development-book-volume-iii-1104-2111,1332,State Department for Forestry,1332100900,Development of forest research technologies,1332100901,Development of forest research technologies,2630200,Capital Grants to Government Agencies and other Levels of Government,exp,0,0,20000000,40000000,1000,yes
fy-2026-27-development-book-volume-iii-1104-2111,1332,State Department for Forestry,1332101100,Forest Plantations,1332101101,Forest Plantations,2630200,Capital Grants to Government Agencies and other Levels of Government,exp,65000000,65000000,96000000,145000000,1000,yes
fy-2026-27-development-book-volume-iii-1104-2111,1332,State Department for Forestry,1332101200,Farm and Dryland Forest Development,1332101201,Farm and Dryland Forest Development - HQ,2630200,Capital Grants to Government Agencies and other Levels of Government,exp,30000000,30000000,76000000,128100000,1000,yes
fy-2026-27-development-book-volume-iii-1104-2111,1332,State Department for Forestry,1332101300,Forest rangers Camps Rehabilitation,1332101301,Forest rangers Camps Rehabilitation - HQ,2630200,Capital Grants to Government Agencies and other Levels of Government,exp,61000000,81000000,80000000,110000000,1000,yes
fy-2026-27-development-book-volume-iii-1104-2111,1332,State Department for Forestry,1332101400,Forest roads,1332101401,Forest roads - HQ,2630200,Capital Grants to Government Agencies and other Levels of Government,exp,0,360000000,70000000,85000000,1000,yes
fy-2026-27-development-book-volume-iii-1104-2111,1332,State Department for Forestry,1332101400,Forest roads,1332101402,Arabuko Sokoke Forest Road,2630200,Capital Grants to Government Agencies and other Levels of Government,exp,10000000,0,0,0,1000,yes
fy-2026-27-development-book-volume-iii-1104-2111,1332,State Department for Forestry,1332101400,Forest roads,1332101403,Bangal Forest Road Grading,2630200,Capital Grants to Government Agencies and other Levels of Government 2603,exp,10000000,0,0,0,1000,yes
fy-2026-27-development-book-volume-iii-1104-2111,1332,State Department for Forestry,1332101400,Forest roads,1332101404,Chepsir Forest Road Grading,2630200,Capital Grants to Government Agencies and other Levels of Government,exp,10000000,0,0,0,1001,yes
fy-2026-27-development-book-volume-iii-1104-2111,1332,State Department for Forestry,1332101400,Forest roads,1332101405,Gogoni Forest Road,2630200,Capital Grants to Government Agencies and other Levels of Government,exp,10000000,0,0,0,1001,yes
fy-2026-27-development-book-volume-iii-1104-2111,1332,State Department for Forestry,1332101400,Forest roads,1332101406,Iveti Forest Road,2630200,Capital Grants to Government Agencies and other Levels of Government,exp,10000000,0,0,0,1001,yes
fy-2026-27-development-book-volume-iii-1104-2111,1332,State Department for Forestry,1332101400,Forest roads,1332101407,Kalimani Forest Road,2630200,Capital Grants to Government Agencies and other Levels of Government,exp,10000000,0,0,0,1001,yes
fy-2026-27-development-book-volume-iii-1104-2111,1332,State Department for Forestry,1332101400,Forest roads,1332101408,Kibwezi Forest Road,2630200,Capital Grants to Government Agencies and other Levels of Government,exp,10000000,0,0,0,1001,yes
fy-2026-27-development-book-volume-iii-1104-2111,1332,State Department for Forestry,1332101400,Forest roads,1332101409,Kilala Forest Road,2630200,Capital Grants to Government Agencies and other Levels of Government,exp,10000000,0,0,0,1001,yes
fy-2026-27-development-book-volume-iii-1104-2111,1332,State Department for Forestry,1332101400,Forest roads,1332101410,Kipkurere Forest Road Grading,2630200,Capital Grants to Government Agencies and other Levels of Government,exp,10000000,0,0,0,1001,yes
fy-2026-27-development-book-volume-iii-1104-2111,1332,State Department for Forestry,1332101400,Forest roads,1332101411,Kitondu Forest Road,2630200,Capital Grants to Government Agencies and other Levels of Government,exp,10000000,0,0,0,1001,yes
fy-2026-27-development-book-volume-iii-1104-2111,1332,State Department for Forestry,1332101400,Forest roads,1332101412,Kivumoni Gate Forest Road,2630200,Capital Grants to Government Agencies and other Levels of Government,exp,10000000,0,0,0,1001,yes
fy-2026-27-development-book-volume-iii-1104-2111,1332,State Department for Forestry,1332101400,Forest roads,1332101413,Loima Forest Road Grading (Loima Hill Gazetted Forest),2630200,Capital Grants to Government Agencies and other Levels of Government,exp,10000000,0,0,0,1001,yes
fy-2026-27-development-book-volume-iii-1104-2111,1332,State Department for Forestry,1332101400,Forest roads,1332101414,Masii - Uuni Forest Grading,2630200,Capital Grants to Government Agencies and other Levels of Government,exp,10000000,0,0,0,1002,yes
fy-2026-27-development-book-volume-iii-1104-2111,1332,State Department for Forestry,1332101400,Forest roads,1332101415,Mchelelo Forest Road,2630200,Capital Grants to Government Agencies and other Levels of Government,exp,10000000,0,0,0,1002,yes
fy-2026-27-development-book-volume-iii-1104-2111,1332,State Department for Forestry,1332101400,Forest roads,1332101416,Moruso - Mukutani Road Grading,2630200,Capital Grants to Government Agencies and other Levels of Government,exp,10000000,0,0,0,1002,yes
fy-2026-27-development-book-volume-iii-1104-2111,1332,State Department for Forestry,1332101400,Forest roads,1332101417,Rurenge Forest Road Grading,2630200,Capital Grants to Government Agencies and other Levels of Government,exp,10000000,0,0,0,1002,yes
fy-2026-27-development-book-volume-iii-1104-2111,1332,State Department for Forestry,1332101400,Forest roads,1332101418,Sake Via Dobu Road Grading (Dandu Hill Gazetted Forest),2630200,Capital Grants to Government Agencies and other Levels of Government,exp,10000000,0,0,0,1002,yes
fy-2026-27-development-book-volume-iii-1104-2111,1332,State Department for Forestry,1332101400,Forest roads,1332101419,Taranganya-Kugitimo-Getambwega Rd Grading (Getambwega Hill,2630200,Capital Grants to Government Agencies and other Levels of Government,exp,10000000,0,0,0,1002,yes
fy-2026-27-development-book-volume-iii-1104-2111,1332,State Department for Forestry,1332101400,Forest roads,1332101420,Tritagoi Forest Road,2630200,Capital Grants to Government Agencies and other Levels of Government,exp,10000000,0,0,0,1002,yes
fy-2026-27-development-book-volume-iii-1104-2111,1332,State Department for Forestry,1332101400,Forest roads,1332101421,Vyulya Uuni Forest Grading,2630200,Capital Grants to Government Agencies and other Levels of Government,exp,10000000,0,0,0,1002,yes
fy-2026-27-development-book-volume-iii-1104-2111,1332,State Department for Forestry,1332101700,Construction of Tree Seed Processing Units,1332101701,Construction of Tree Seed Processing Units,2630200,Capital Grants to Government Agencies and other Levels of Government,exp,0,155000000,58300000,70300000,1002,yes
fy-2026-27-development-book-volume-iii-1104-2111,1332,State Department for Forestry,1332101800,Green Zones Development Support Project Phase II,1332101801,Green Zones Development Support Project Phase II,2630200,Capital Grants to Government Agencies and other Levels of Government,exp,1276000000,250000000,0,0,1003,yes
fy-2026-27-development-book-volume-iii-1104-2111,1332,State Department for Forestry,1332101800,Green Zones Development Support Project Phase II,1332101801,Green Zones Development Support Project Phase II,5120200,Foreign Borrowing - Direct Payments,aia,476000000,200000000,0,0,1003,yes
fy-2026-27-development-book-volume-iii-1104-2111,1332,State Department for Forestry,1332101900,Tree Growing Campaign and Rangeland Restoration,1332101901,National Tree Growing Campaign and Rangeland Restoration Project,2211300,Other Operating Expenses,exp,205000000,230000000,180000000,235000000,1003,yes
fy-2026-27-development-book-volume-iii-1104-2111,1332,State Department for Forestry,1332101900,Tree Growing Campaign and Rangeland Restoration,1332101901,National Tree Growing Campaign and Rangeland Restoration Project,2640500,Other Capital Grants and Transfers,exp,245000000,305000000,275000000,293700000,1003,yes
fy-2026-27-development-book-volume-iii-1104-2111,1332,State Department for Forestry,1332101900,Tree Growing Campaign and Rangeland Restoration,1332101901,National Tree Growing Campaign and Rangeland Restoration Project,3111300,"Purchase of Certified Seeds, Breeding Stock and Live Animals",exp,140000000,925000000,75000000,180000000,1003,yes
fy-2026-27-development-book-volume-iii-1104-2111,1332,State Department for Forestry,1332101900,Tree Growing Campaign and Rangeland Restoration,1332101902,National Tree Growing Campaign & Rangeland Restoration - KFS,2630200,Capital Grants to Government Agencies and other Levels of Government,exp,2323041057,2000000000,700000000,952900000,1003,yes
fy-2026-27-development-book-volume-iii-1104-2111,1332,State Department for Forestry,1332101900,Tree Growing Campaign and Rangeland Restoration,1332101903,National Tree Growing Campaign & Rangeland Restoration - KEFRI,2630200,Capital Grants to Government Agencies and other Levels of Government,exp,100000000,150000000,300000000,408400000,1003,yes
fy-2026-27-development-book-volume-iii-1104-2111,1332,State Department for Forestry,1332101900,Tree Growing Campaign and Rangeland Restoration,1332101907,Tree Growing in ASAL Areas,3111300,"Purchase of Certified Seeds, Breeding Stock and Live Animals",exp,70000000,110000000,200000000,265000000,1003,yes
fy-2026-27-development-book-volume-iii-1104-2111,1332,State Department for Forestry,1332102000,Construction of Glass Houses - Regional,1332102001,Construction of Glass Houses - Regional,2630200,Capital Grants to Government Agencies and other Levels of Government,exp,0,0,5000000,10000000,1003,yes
fy-2026-27-development-book-volume-iii-1104-2111,1332,State Department for Forestry,1332102200,Capacity Devlpmt for Modern Technology in Forest Fire Management,1332102201,Capacity Development for Modern Technology in Forest Fire,2630200,Capital Grants to Government Agencies and other Levels of Government,exp,1050000000,910000000,0,0,1004,yes
fy-2026-27-development-book-volume-iii-1104-2111,1332,State Department for Forestry,1332102200,Capacity Devlpmt for Modern Technology in Forest Fire Management,1332102201,Capacity Development for Modern Technology in Forest Fire,5120200,Foreign Borrowing - Direct Payments,aia,1050000000,710000000,0,0,1004,yes
fy-2026-27-development-book-volume-iii-1104-2111,1332,State Department for Forestry,1332102400,"Construction of Boreholes, Nursery, Water Supply & Desalination Sys",1332102401,"Construction of Boreholes, Nursery, Water Supply & Desalination Sys",2630200,Capital Grants to Government Agencies and other Levels of Government,exp,0,0,25000000,32000000,1004,yes
fy-2026-27-development-book-volume-iii-1104-2111,1332,State Department for Forestry,1332102600,Kenya Watershed Services Improvement Project (KEWASIP),1332102601,Kenya Watershed Services Improvement Project (KEWASIP),2630200,Capital Grants to Government Agencies and other Levels of Government,exp,600000000,2400000000,7811402900,10931402900,1004,yes
fy-2026-27-development-book-volume-iii-1104-2111,1332,State Department for Forestry,1332102600,Kenya Watershed Services Improvement Project (KEWASIP),1332102601,Kenya Watershed Services Improvement Project (KEWASIP),2640500,Other Capital Grants and Transfers,exp,0,1250000000,0,0,1004,yes
fy-2026-27-development-book-volume-iii-1104-2111,1332,State Department for Forestry,1332103200,Completion of Ugenya Forestry College Workshops,1332103201,Completion of Ugenya Forestry College Workshops,2640500,Other Capital Grants and Transfers,exp,25000000,0,0,0,1004,yes
fy-2026-27-development-book-volume-iii-1104-2111,2021,National Land Commission,2021100200,ICT Networking & Infrastructure,2021100201,ICT Networking & Infrastructure - Headquarters,3111000,Purchase of Office Furniture and General Equipment,exp,22020000,0,0,0,1018,yes
fy-2026-27-development-book-volume-iii-1104-2111,2021,National Land Commission,2021100200,ICT Networking & Infrastructure,2021100201,ICT Networking & Infrastructure - Headquarters,3111100,"Purchase of Specialised Plant, Equipment and Machinery",exp,0,79000000,80000000,36800000,1018,yes
fy-2026-27-development-book-volume-iii-1104-2111,2021,National Land Commission,2021100500,Development of Inventory for Public Land,2021100501,Development of Inventory for Public Land,2211300,Other Operating Expenses,exp,34084101,76490000,310000000,607000000,1018,yes
fy-2026-27-development-book-volume-iii-1104-2111,2021,National Land Commission,2021100600,Final Survey and Vesting of Compulsory Acquired Public Land,2021100601,Final Survey and Vesting of Compulsory Acquired Public Land,3130100,Acquisition of Land,exp,200000000,150000000,100000000,0,1018,yes
fy-2026-27-development-book-volume-iii-1104-2111,2021,National Land Commission,2021100800,Compulsory Land Acquisition,2021100803,Nairobi Eastern By-Pass,2640500,Other Capital Grants and Transfers,exp,0,300000000,0,0,1018,yes
fy-2026-27-development-book-volume-iii-1104-2111,2021,National Land Commission,2021100800,Compulsory Land Acquisition,2021100804,Dongo Kundu By-Pass,2640500,Other Capital Grants and Transfers,exp,300000000,0,0,0,1018,yes
fy-2026-27-development-book-volume-iii-1104-2111,2021,National Land Commission,2021100800,Compulsory Land Acquisition,2021100805,Nairobi Southern Bypass,2640500,Other Capital Grants and Transfers,exp,0,135000000,0,0,1018,yes
fy-2026-27-development-book-volume-iii-1104-2111,2021,National Land Commission,2021100900,Construction of County Offices,2021100901,Construction of County Offices,3110200,Construction of Building,exp,0,0,85000000,90000000,1019,yes
fy-2026-27-development-book-volume-iii-1104-2111,2021,National Land Commission,2021100900,Construction of County Offices,2021100902,Construction of county offices - Bomet County,3110200,Construction of Building,exp,0,10000000,0,0,1019,yes
fy-2026-27-development-book-volume-iii-1104-2111,2021,National Land Commission,2021100900,Construction of County Offices,2021100903,Construction of county offices - Kajiado County,3110200,Construction of Building,exp,0,10000000,0,0,1019,yes
fy-2026-27-development-book-volume-iii-1104-2111,2021,National Land Commission,2021100900,Construction of County Offices,2021100904,Construction of county offices - Narok County,3110200,Construction of Building,exp,0,10000000,0,0,1019,yes
fy-2026-27-development-book-volume-iii-1104-2111,2021,National Land Commission,2021100900,Construction of County Offices,2021100905,Construction of county offices - Kitui County,3110200,Construction of Building,exp,0,10000000,0,0,1019,yes
fy-2026-27-development-book-volume-iii-1104-2111,2021,National Land Commission,2021100900,Construction of County Offices,2021100906,Construction of county offices - Makueni County,3110200,Construction of Building,exp,0,10000000,0,0,1019,yes
fy-2026-27-development-book-volume-iii-1104-2111,2021,National Land Commission,2021100900,Construction of County Offices,2021100907,Construction of county offices - Busia County,3110200,Construction of Building,exp,0,10000000,0,0,1019,yes
fy-2026-27-development-book-volume-iii-1104-2111,2021,National Land Commission,2021100900,Construction of County Offices,2021100908,Construction of county offices - Kisumu County,3110200,Construction of Building,exp,0,10000000,0,0,1019,yes
fy-2026-27-development-book-volume-iii-1104-2111,2021,National Land Commission,2021100900,Construction of County Offices,2021100909,Construction of county offices - Nyandarua County,3110200,Construction of Building,exp,0,10000000,0,0,1019,yes
fy-2026-27-development-book-volume-iii-1104-2111,2021,National Land Commission,2021100900,Construction of County Offices,2021100910,Construction of county offices - Nyeri County,3110200,Construction of Building,exp,0,10000000,0,0,1019,yes
fy-2026-27-development-book-volume-iii-1104-2111,2021,National Land Commission,2021100900,Construction of County Offices,2021100911,Construction of county offices - Turkana County,3110200,Construction of Building,exp,0,10000000,0,0,1020,yes
fy-2026-27-development-book-volume-iii-1104-2111,2031,Independent Electoral and Boundaries Commission,2031101600,Construction of Uchaguzi Centre,2031101601,Construction of Uchaguzi Centre,3110200,Construction of Building,exp,0,0,96140000,137970000,1027,yes
fy-2026-27-development-book-volume-iii-1104-2111,2031,Independent Electoral and Boundaries Commission,2031101700,Construction of Office Block & Ware House - Nyandarua County,2031101701,Construction of Office Block & Ware House - Nyandarua County,3110200,Construction of Building,exp,30000000,19000000,0,0,1027,yes
fy-2026-27-development-book-volume-iii-1104-2111,2031,Independent Electoral and Boundaries Commission,2031101900,Construction of Office Block & Ware House - Turkana County,2031101901,Construction of Office Block & Ware House - Turkana County,3110200,Construction of Building,exp,0,42700000,6200000,3100000,1027,yes
fy-2026-27-development-book-volume-iii-1104-2111,2061,Commission on Revenue Allocation,2061100100,Strengthening Kenya's Devolution Action Programme,2061100101,Strengthening Kenya's Devolution Action Programme,2210300,"Domestic Travel and Subsistence, and Other Transportation Costs",exp,0,59578700,62847766,11464296,1030,yes
fy-2026-27-development-book-volume-iii-1104-2111,2061,Commission on Revenue Allocation,2061100100,Strengthening Kenya's Devolution Action Programme,2061100101,Strengthening Kenya's Devolution Action Programme,2210500,"Printing , Advertising and Information Supplies and Services",exp,0,8320000,9125058,2309437,1030,yes
fy-2026-27-development-book-volume-iii-1104-2111,2061,Commission on Revenue Allocation,2061100100,Strengthening Kenya's Devolution Action Programme,2061100101,Strengthening Kenya's Devolution Action Programme,2210800,Hospitality Supplies and Services,exp,0,16878130,18495147,6138669,1030,yes
fy-2026-27-development-book-volume-iii-1104-2111,2061,Commission on Revenue Allocation,2061100100,Strengthening Kenya's Devolution Action Programme,2061100101,Strengthening Kenya's Devolution Action Programme,2211100,Office and General Supplies and Services,exp,0,6643846,7095186,1498863,1030,yes
fy-2026-27-development-book-volume-iii-1104-2111,2061,Commission on Revenue Allocation,2061100100,Strengthening Kenya's Devolution Action Programme,2061100101,Strengthening Kenya's Devolution Action Programme,2211200,Fuel Oil and Lubricants,exp,0,6568320,6947847,1088735,1030,yes
fy-2026-27-development-book-volume-iii-1104-2111,2071,Public Service Commission,2071100100,Refurbishment of Old Commission House WP Item No. D207 NB-NB,2071100101,Refurbishment of Old Commission House Job No 100027A,3110500,Construction and Civil Works,exp,0,50000000,55000000,0,1033,yes
fy-2026-27-development-book-volume-iii-1104-2111,2091,Teachers Service Commission,2091100100,Construction of County Office Accommodation,2091100105,Construction of County Office Accommodation - Kwale County,3110200,Construction of Building,exp,14000000,30000000,0,0,1036,yes
fy-2026-27-development-book-volume-iii-1104-2111,2091,Teachers Service Commission,2091100100,Construction of County Office Accommodation,2091100106,Construction of County Office Accommodation - Kitui County,3110200,Construction of Building,exp,14000000,32000000,0,0,1036,yes
fy-2026-27-development-book-volume-iii-1104-2111,2091,Teachers Service Commission,2091100100,Construction of County Office Accommodation,2091100107,Construction of County Office Accommodation - Murang'a County,3110200,Construction of Building,exp,14000000,0,35000000,21000000,1036,yes
fy-2026-27-development-book-volume-iii-1104-2111,2091,Teachers Service Commission,2091100100,Construction of County Office Accommodation,2091100108,Construction of County Office Accommodation - Migori County,3110200,Construction of Building,exp,0,0,31000000,51000000,1036,yes
fy-2026-27-development-book-volume-iii-1104-2111,2091,Teachers Service Commission,2091100100,Construction of County Office Accommodation,2091100109,Construction of County Office Accommodation - Nyandarua County,3110200,Construction of Building,exp,0,0,32000000,50000000,1036,yes
fy-2026-27-development-book-volume-iii-1104-2111,2091,Teachers Service Commission,2091100100,Construction of County Office Accommodation,2091100110,Construction of County Office Accommodation - Embu County,3110200,Construction of Building,exp,0,0,0,50000000,1036,yes
fy-2026-27-development-book-volume-iii-1104-2111,2091,Teachers Service Commission,2091100300,Kenya Primary Education Equity in Learning Program,2091100301,Kenya Primary Education Equity in Learning Program,2630200,Capital Grants to Government Agencies and other Levels of Government,exp,423000000,330000000,352000000,477000000,1036,yes
fy-2026-27-development-book-volume-iii-1104-2111,2091,Teachers Service Commission,2091100500,Kenya Secondary Education Equity Improvement Program,2091100501,Kenya Secondary Education Equity Improvement Program,2630200,Capital Grants to Government Agencies and other Levels of Government,exp,206000000,350000000,350000000,380000000,1036,yes
fy-2026-27-development-book-volume-iii-1104-2111,2111,Auditor General,2111101400,Construction of OAG Mombasa Office Block,2111101401,Construction of OAG Mombasa Office Block - HQ,3110200,Construction of Building,exp,300000000,300000000,300000000,300000000,1041,yes
fy-2026-27-development-book-volume-iii-1104-2111,2111,Auditor General,2111101500,Institutional Support to Office of the Auditor General,2111101501,Institutional Support to Office of the Auditor General - HQ,2210300,"Domestic Travel and Subsistence, and Other Transportation Costs",exp,30000000,3100000,0,0,1041,yes
