book,vote,vote_title,row_type,head_code,head_title,approved_estimates_2025_2026,gross_expenditure_2026_2027,appropriations_in_aid_2026_2027,net_expenditure_2026_2027,projected_estimates_2027_2028,projected_estimates_2028_2029,page,verified
fy-2026-27-development-book-volume-iii-1104-2111,1104,State Department for Irrigation,head,1104100200,Small Holder Irrigation Programme,17000000,108000000,95000000,13000000,0,0,21,yes
fy-2026-27-development-book-volume-iii-1104-2111,1104,State Department for Irrigation,head,1104100400,Bura Irrigation Scheme,100000000,450000000,150000000,300000000,0,0,21,yes
fy-2026-27-development-book-volume-iii-1104-2111,1104,State Department for Irrigation,head,1104100500,Land Reclamation (Land Degradation Assessment Program),0,20000000,0,20000000,100000000,200000000,21,yes
fy-2026-27-development-book-volume-iii-1104-2111,1104,State Department for Irrigation,head,1104100600,Community Based Irrigation Projects,1752108452,1074400395,0,1074400395,1627175121,202349754,21,yes
fy-2026-27-development-book-volume-iii-1104-2111,1104,State Department for Irrigation,head,1104100700,Galana Kulalu Irrigation development project,123636952,0,0,0,0,0,21,yes
fy-2026-27-development-book-volume-iii-1104-2111,1104,State Department for Irrigation,head,1104100800,National expanded irrigation Programme,205384577,238389483,0,238389483,575397026,278000000,21,yes
fy-2026-27-development-book-volume-iii-1104-2111,1104,State Department for Irrigation,head,1104100900,Mwea Irrigation Development project (Thiba Dam and Irrigation Area),150000000,400000000,0,400000000,456000000,216000000,21,yes
fy-2026-27-development-book-volume-iii-1104-2111,1104,State Department for Irrigation,head,1104101000,Rwabura Irrigation Development Project,0,33000000,0,33000000,0,0,21,yes
fy-2026-27-development-book-volume-iii-1104-2111,1104,State Department for Irrigation,head,1104101300,Turkana Irrigation Development Project,80000000,80000000,0,80000000,125000000,182000000,21,yes
fy-2026-27-development-book-volume-iii-1104-2111,1104,State Department for Irrigation,head,1104101500,Lower Kuja Irrigation Scheme,80000000,120000000,0,120000000,187000000,273000000,21,yes
fy-2026-27-development-book-volume-iii-1104-2111,1104,State Department for Irrigation,head,1104101900,Micro Irrigation Programme for Schools 1624,409943676,135000000,0,135000000,0,0,21,yes
fy-2026-27-development-book-volume-iii-1104-2111,1104,State Department for Irrigation,head,1104102000,Drought Resilience Program in Northern Kenya,1380098785,1243000000,130030000,1112970000,1027000000,0,22,yes
fy-2026-27-development-book-volume-iii-1104-2111,1104,State Department for Irrigation,head,1104102500,"Spate Irrigation for Climate Resilience Samburu, Marsabit & Isiolo",0,0,0,0,150000000,180000000,22,yes
fy-2026-27-development-book-volume-iii-1104-2111,1104,State Department for Irrigation,head,1104102600,Household Irrigation Water Harvesting Project,323597000,15000000,0,15000000,25000000,19000000,22,yes
fy-2026-27-development-book-volume-iii-1104-2111,1104,State Department for Irrigation,head,1104102700,Water Security and Climate Adaptation in Mandera and Wajir Clusters,0,0,0,0,150000000,180000000,22,yes
fy-2026-27-development-book-volume-iii-1104-2111,1104,State Department for Irrigation,head,1104102800,Rehabilitation of strategic water Facilities,280000000,71000000,0,71000000,58695598,37000000,22,yes
fy-2026-27-development-book-volume-iii-1104-2111,1104,State Department for Irrigation,head,1104103000,Development of Large Scale Multi-Purpose Dams,190000000,170000000,0,170000000,180000000,193000000,22,yes
fy-2026-27-development-book-volume-iii-1104-2111,1104,State Department for Irrigation,head,1104103400,Monitoring and Evaluation of Projects,80000000,100000000,0,100000000,125000000,182000000,22,yes
fy-2026-27-development-book-volume-iii-1104-2111,1104,State Department for Irrigation,head,1104103600,NIA Drought Mitigation Projects,156976035,0,0,0,0,0,22,yes
fy-2026-27-development-book-volume-iii-1104-2111,1104,State Department for Irrigation,head,1104103700,Irrigation Sector Reform Programme,30000000,0,0,0,0,0,22,yes
fy-2026-27-development-book-volume-iii-1104-2111,1104,State Department for Irrigation,head,1104103900,Hola Irrigation Development Project - Phase,0,0,0,0,200000000,250000000,22,yes
fy-2026-27-development-book-volume-iii-1104-2111,1104,State Department for Irrigation,head,1104104000,Suba cluster Irrigation Development,350000000,235000000,0,235000000,361000000,426000000,22,yes
fy-2026-27-development-book-volume-iii-1104-2111,1104,State Department for Irrigation,head,1104104100,Lining of Canal - Mwea Irrigation Scheme Projects 1625,0,0,0,0,250000000,300000000,22,yes
fy-2026-27-development-book-volume-iii-1104-2111,1104,State Department for Irrigation,head,1104104200,Upgrading of Ahero Irrigation Development Project,0,192000000,117000000,75000000,0,0,23,yes
fy-2026-27-development-book-volume-iii-1104-2111,1104,State Department for Irrigation,head,1104104300,National Irrigation Authority Irrigation Projects,1377167534,175000000,0,175000000,487679389,270742434,23,yes
fy-2026-27-development-book-volume-iii-1104-2111,1104,State Department for Irrigation,head,1104104500,Balich - Abdisamet Irrigation Project,100000000,70000000,0,70000000,141000000,0,23,yes
fy-2026-27-development-book-volume-iii-1104-2111,1104,State Department for Irrigation,head,1104104600,Land Reclamation for Climate Resilience & Livelihood Enhancement,90000000,90000000,0,90000000,80000000,70000000,23,yes
fy-2026-27-development-book-volume-iii-1104-2111,1104,State Department for Irrigation,head,1104104700,Enhanced Water Productivity & Sustainable Irrigation Schemes,40000000,50000000,0,50000000,78000000,114000000,23,yes
fy-2026-27-development-book-volume-iii-1104-2111,1104,State Department for Irrigation,head,1104118000,National Expanded Irrigation Programme II,1093424155,207559046,0,207559046,527723729,366000000,23,yes
fy-2026-27-development-book-volume-iii-1104-2111,1104,State Department for Irrigation,head,1104118100,National Expanded Irrigation Programme III,110294385,83051076,0,83051076,208329137,129000000,23,yes
fy-2026-27-development-book-volume-iii-1104-2111,1104,State Department for Irrigation,head,1104118200,Various Water Pans and Dams,50000000,270000000,0,270000000,0,0,23,yes
fy-2026-27-development-book-volume-iii-1104-2111,1104,State Department for Irrigation,head,1104118300,Githiru Irrigation Water Project,35000000,0,0,0,0,0,23,yes
fy-2026-27-development-book-volume-iii-1104-2111,1104,State Department for Irrigation,head,1104118400,Irrigation For Food Security-Rice Intensification Project,500000000,1000000000,0,1000000000,500000000,0,23,yes
fy-2026-27-development-book-volume-iii-1104-2111,1104,State Department for Irrigation,head,1104118500,Community Based Irrigation Boreholes,64989120,134961083,0,134961083,0,0,23,yes
fy-2026-27-development-book-volume-iii-1104-2111,1104,State Department for Irrigation,head,1104118800,Kenya Resilient sustainable Economy Irrigation Project (K-RISE) 1626,0,30000000,0,30000000,0,5265907812,23,yes
fy-2026-27-development-book-volume-iii-1104-2111,1104,State Department for Irrigation,head,1104118900,Galana Dam Irrigation Project,0,1000000000,0,1000000000,1000000000,1000000000,24,yes
fy-2026-27-development-book-volume-iii-1104-2111,1104,State Department for Irrigation,head,1104119100,Radat Dam Irrigation Project,0,70000000,0,70000000,100000000,100000000,24,yes
fy-2026-27-development-book-volume-iii-1104-2111,1104,State Department for Irrigation,head,1104120700,Community Based Irrigation Projects II,0,100000000,0,100000000,0,0,24,yes
fy-2026-27-development-book-volume-iii-1104-2111,1104,State Department for Irrigation,head,1104120800,Kyangwithya East -Kabaa Irrigation Project,0,15000000,0,15000000,0,0,24,yes
fy-2026-27-development-book-volume-iii-1104-2111,1104,State Department for Irrigation,head,1104120900,Rehabilitation and Maintenance of Public Schemes,0,258000000,258000000,0,258000000,258000000,24,yes
fy-2026-27-development-book-volume-iii-1104-2111,1104,State Department for Irrigation,head,1104121000,Tunyo Chemoror Irrigation Project,10000000,0,0,0,0,0,24,yes
fy-2026-27-development-book-volume-iii-1104-2111,1104,State Department for Irrigation,head,1104121100,Tharaka Nithi/Meru Irrigation Project,200000000,0,0,0,0,0,24,yes
fy-2026-27-development-book-volume-iii-1104-2111,1104,State Department for Irrigation,head,1104121200,Rehabilitation of Strategic Water Facilities,100950930,0,0,0,0,0,24,yes
fy-2026-27-development-book-volume-iii-1104-2111,1104,State Department for Irrigation,head,1104121300,Mobel Dam,30000000,50000000,0,50000000,0,0,24,yes
fy-2026-27-development-book-volume-iii-1104-2111,1104,State Department for Irrigation,head,1104121400,Tendwo Dam,50000000,0,0,0,0,0,24,yes
fy-2026-27-development-book-volume-iii-1104-2111,1104,State Department for Irrigation,head,1104121500,Wanifor Dam,70000000,0,0,0,0,0,24,yes
fy-2026-27-development-book-volume-iii-1104-2111,1104,State Department for Irrigation,head,1104121600,Kapsinende Dam 1627,30000000,0,0,0,0,0,24,yes
fy-2026-27-development-book-volume-iii-1104-2111,1104,State Department for Irrigation,head,1104121700,Chiracha Water Pan,30000000,0,0,0,0,0,25,yes
fy-2026-27-development-book-volume-iii-1104-2111,1104,State Department for Irrigation,head,1104121900,Wamoro Irrigation Project,65000000,0,0,0,0,0,25,yes
fy-2026-27-development-book-volume-iii-1104-2111,1104,State Department for Irrigation,vote_total,,TOTAL FOR VOTE,9755571601,8288361083,750030000,7538331083,8978000000,10692000000,25,yes
fy-2026-27-development-book-volume-iii-1104-2111,1109,State Department for Water & Sanitation,head,1109100200,Water & Sanitation Programme,0,0,0,0,50000000,275000000,136,yes
fy-2026-27-development-book-volume-iii-1104-2111,1109,State Department for Water & Sanitation,head,1109100600,Rehabilitation of Water and Sanitation - Kirandich,5000000,505000000,500000000,5000000,520000000,444000000,136,yes
fy-2026-27-development-book-volume-iii-1104-2111,1109,State Department for Water & Sanitation,head,1109100800,Water Sector Development (Lake Victoria South),20000000,146000000,124000000,22000000,0,0,136,yes
fy-2026-27-development-book-volume-iii-1104-2111,1109,State Department for Water & Sanitation,head,1109100900,Water Sector Development (Support WSTF),295000000,668000000,30000000,638000000,440000000,0,136,yes
fy-2026-27-development-book-volume-iii-1104-2111,1109,State Department for Water & Sanitation,head,1109101100,Nairobi Satellite Towns Water and Sanitation Program,15000000,280000000,280000000,0,50000000,0,136,yes
fy-2026-27-development-book-volume-iii-1104-2111,1109,State Department for Water & Sanitation,head,1109101300,Extension Of Nairobi Water Supply (Northern Collector),16000000,350000000,0,350000000,0,0,136,yes
fy-2026-27-development-book-volume-iii-1104-2111,1109,State Department for Water & Sanitation,head,1109101400,The Project For Management Of Non-Revenue Water In Kenya - BETA,70000000,80000000,0,80000000,100000000,203000000,136,yes
fy-2026-27-development-book-volume-iii-1104-2111,1109,State Department for Water & Sanitation,head,1109101700,Water Security and Climate Resilience - Lower Nzoia,600202000,0,0,0,0,0,136,yes
fy-2026-27-development-book-volume-iii-1104-2111,1109,State Department for Water & Sanitation,head,1109102000,Lake Victoria Water Supply & Sanitation Programme Phase II,0,82000000,0,82000000,0,0,136,yes
fy-2026-27-development-book-volume-iii-1104-2111,1109,State Department for Water & Sanitation,head,1109102100,Nairobi Rivers Basin Restoration Programme: Sewerage improvement pro,150000000,1050000000,1000000000,50000000,450000000,0,136,yes
fy-2026-27-development-book-volume-iii-1104-2111,1109,State Department for Water & Sanitation,head,1109102300,Garissa Sewerage Project 1739,35000000,65000000,0,65000000,0,0,136,yes
fy-2026-27-development-book-volume-iii-1104-2111,1109,State Department for Water & Sanitation,head,1109102400,Rehabilitation Of Water Supply And Sewerage For Oloitokitok Town,0,0,0,0,800000000,2162000000,137,yes
fy-2026-27-development-book-volume-iii-1104-2111,1109,State Department for Water & Sanitation,head,1109102700,Itare Dam Water Project,40000000,50000000,0,50000000,50000000,102000000,137,yes
fy-2026-27-development-book-volume-iii-1104-2111,1109,State Department for Water & Sanitation,head,1109103300,Migori- Homa bay Wastewater (Trilateral Program),15000000,0,0,0,0,0,137,yes
fy-2026-27-development-book-volume-iii-1104-2111,1109,State Department for Water & Sanitation,head,1109103400,Kisumu water supply LVWATSAN,1107817366,2000000000,0,2000000000,2342900000,2696000000,137,yes
fy-2026-27-development-book-volume-iii-1104-2111,1109,State Department for Water & Sanitation,head,1109103500,Water Harvesting Program (LVSWSB),40000000,50000000,0,50000000,103000000,0,137,yes
fy-2026-27-development-book-volume-iii-1104-2111,1109,State Department for Water & Sanitation,head,1109103600,Athi River Restoration Programme,35000000,35000000,0,35000000,100000000,500000000,137,yes
fy-2026-27-development-book-volume-iii-1104-2111,1109,State Department for Water & Sanitation,head,1109103700,Drilling of Exploratory Boreholes,0,0,0,0,295000000,0,137,yes
fy-2026-27-development-book-volume-iii-1104-2111,1109,State Department for Water & Sanitation,head,1109103800,Development & Implementation of Sub Catchment Management Plans,0,0,0,0,50000000,300000000,137,yes
fy-2026-27-development-book-volume-iii-1104-2111,1109,State Department for Water & Sanitation,head,1109103900,Construction and Rehabilitation of Water Resource Monitoring Station,0,0,0,0,100000000,400000000,137,yes
fy-2026-27-development-book-volume-iii-1104-2111,1109,State Department for Water & Sanitation,head,1109104000,Water Abstraction and Pollution Control Surveys,0,0,0,0,93000000,100000000,137,yes
fy-2026-27-development-book-volume-iii-1104-2111,1109,State Department for Water & Sanitation,head,1109104100,Kikuyu Springs Groundwater Conservation,0,0,0,0,166000000,0,137,yes
fy-2026-27-development-book-volume-iii-1104-2111,1109,State Department for Water & Sanitation,head,1109104200,Lamu Groundwater Conservation 1740,0,0,0,0,150000000,0,137,yes
fy-2026-27-development-book-volume-iii-1104-2111,1109,State Department for Water & Sanitation,head,1109104400,Kiambere -Mwingi Water Supply and sanitation project,14000000,350000000,300000000,50000000,916600000,0,138,yes
fy-2026-27-development-book-volume-iii-1104-2111,1109,State Department for Water & Sanitation,head,1109104700,Masinga-Ikalakala-Ikaatine Water Supply Project,5000000,0,0,0,0,0,138,yes
fy-2026-27-development-book-volume-iii-1104-2111,1109,State Department for Water & Sanitation,head,1109104800,Drilling and equipping of Boreholes,45000000,130000000,0,130000000,0,0,138,yes
fy-2026-27-development-book-volume-iii-1104-2111,1109,State Department for Water & Sanitation,head,1109105000,Water Supply and Sanitation for the Urban Poor,28000000,130000000,0,130000000,337000000,0,138,yes
fy-2026-27-development-book-volume-iii-1104-2111,1109,State Department for Water & Sanitation,head,1109105300,Vihiga Cluster Project,56000000,0,0,0,0,0,138,yes
fy-2026-27-development-book-volume-iii-1104-2111,1109,State Department for Water & Sanitation,head,1109105400,Sirisia-Chwele (Koica),6000000,0,0,0,0,0,138,yes
fy-2026-27-development-book-volume-iii-1104-2111,1109,State Department for Water & Sanitation,head,1109105500,Moi's Bridge-Matunda Water and Sewerage Project,109000000,400000000,0,400000000,499000000,0,138,yes
fy-2026-27-development-book-volume-iii-1104-2111,1109,State Department for Water & Sanitation,head,1109105600,Malava Gravity Scheme,100000000,400000000,0,400000000,500000000,655000000,138,yes
fy-2026-27-development-book-volume-iii-1104-2111,1109,State Department for Water & Sanitation,head,1109105800,Kenya Groundwater mapping Program,35000000,50000000,0,50000000,100000000,280000000,138,yes
fy-2026-27-development-book-volume-iii-1104-2111,1109,State Department for Water & Sanitation,head,1109106000,Installation of National Water quality monitoring network stations,0,12000000,0,12000000,0,0,138,yes
fy-2026-27-development-book-volume-iii-1104-2111,1109,State Department for Water & Sanitation,head,1109106100,Installation of Hydrometeorological network under IGAD-HYCOS Hydr,0,0,0,0,100000000,100000000,138,yes
fy-2026-27-development-book-volume-iii-1104-2111,1109,State Department for Water & Sanitation,head,1109106300,Maua water and drainage project 1741,25000000,153000000,0,153000000,0,0,138,yes
fy-2026-27-development-book-volume-iii-1104-2111,1109,State Department for Water & Sanitation,head,1109106900,Kocholia Trans-boundary Multipurpose Project,20000000,40000000,0,40000000,46000000,200000000,139,yes
fy-2026-27-development-book-volume-iii-1104-2111,1109,State Department for Water & Sanitation,head,1109107400,Mavoko Water Supply,0,300000000,0,300000000,300000000,252000000,139,yes
fy-2026-27-development-book-volume-iii-1104-2111,1109,State Department for Water & Sanitation,head,1109107800,Kenya Towns Sustainable Water Supply and Sanitation Programme- Rift,200000000,1568000000,1368000000,200000000,200000000,434800000,139,yes
fy-2026-27-development-book-volume-iii-1104-2111,1109,State Department for Water & Sanitation,head,1109107900,Kenya Towns Sustainable Water Supply and Sanitation Programme- Tana,350000000,1177000000,777000000,400000000,300000000,300000000,139,yes
fy-2026-27-development-book-volume-iii-1104-2111,1109,State Department for Water & Sanitation,head,1109108100,Thika & Githunguri Water and Sanitation Project,0,40000000,0,40000000,713000000,4500000000,139,yes
fy-2026-27-development-book-volume-iii-1104-2111,1109,State Department for Water & Sanitation,head,1109108200,Wote Water Supply & Sanitation Project,35000000,242000000,0,242000000,0,0,139,yes
fy-2026-27-development-book-volume-iii-1104-2111,1109,State Department for Water & Sanitation,head,1109108400,Soin - Koru Dam,0,0,0,0,360000000,2408000000,139,yes
fy-2026-27-development-book-volume-iii-1104-2111,1109,State Department for Water & Sanitation,head,1109108500,Bosto dam,0,0,0,0,631500000,1000000000,139,yes
fy-2026-27-development-book-volume-iii-1104-2111,1109,State Department for Water & Sanitation,head,1109108700,Flood Control Works,160000000,100000000,0,100000000,400000000,1155000000,139,yes
fy-2026-27-development-book-volume-iii-1104-2111,1109,State Department for Water & Sanitation,head,1109109000,Chemususu Dam Water Supply Project,160000000,300000000,0,300000000,400000000,500000000,139,yes
fy-2026-27-development-book-volume-iii-1104-2111,1109,State Department for Water & Sanitation,head,1109109500,Soy-Kosachei Water Project,50000000,0,0,0,0,0,139,yes
fy-2026-27-development-book-volume-iii-1104-2111,1109,State Department for Water & Sanitation,head,1109109700,Siyoi-Muruny Water Project 1742,1100000000,1266000000,0,1266000000,200000000,0,139,yes
fy-2026-27-development-book-volume-iii-1104-2111,1109,State Department for Water & Sanitation,head,1109109800,National Water Storage and Harvesting Authority Projects,400000000,0,0,0,0,0,140,yes
fy-2026-27-development-book-volume-iii-1104-2111,1109,State Department for Water & Sanitation,head,1109109900,Ithanga Water Supply,137000000,0,0,0,0,0,140,yes
fy-2026-27-development-book-volume-iii-1104-2111,1109,State Department for Water & Sanitation,head,1109110000,West Karachuonyo Water Supply,230000000,35000000,0,35000000,0,0,140,yes
fy-2026-27-development-book-volume-iii-1104-2111,1109,State Department for Water & Sanitation,head,1109110400,Public Participation Water Supply Projects,320000000,0,0,0,0,0,140,yes
fy-2026-27-development-book-volume-iii-1104-2111,1109,State Department for Water & Sanitation,head,1109110700,Rehabilitation of Nolturesh Water Supply,0,0,0,0,88000000,80000000,140,yes
fy-2026-27-development-book-volume-iii-1104-2111,1109,State Department for Water & Sanitation,head,1109111100,Water Sector Trust Fund (Phase III),0,70000000,0,70000000,0,0,140,yes
fy-2026-27-development-book-volume-iii-1104-2111,1109,State Department for Water & Sanitation,head,1109111400,Kenya Towns Sustainable Water Supply & Sanitation Program- Athi BETA,175000000,445000000,95000000,350000000,114000000,0,140,yes
fy-2026-27-development-book-volume-iii-1104-2111,1109,State Department for Water & Sanitation,head,1109111500,Umaa Dam,300000000,140000000,0,140000000,929000000,680000000,140,yes
fy-2026-27-development-book-volume-iii-1104-2111,1109,State Department for Water & Sanitation,head,1109111600,Badasa Dam,0,0,0,0,1000000000,1766500000,140,yes
fy-2026-27-development-book-volume-iii-1104-2111,1109,State Department for Water & Sanitation,head,1109111700,Karimenu II Dam Water Supply Project,50000000,0,0,0,100000000,200000000,140,yes
fy-2026-27-development-book-volume-iii-1104-2111,1109,State Department for Water & Sanitation,head,1109111800,Lake Nakuru Biodiversity Conservation Project,0,1750000000,1700000000,50000000,2638000000,1444000000,140,yes
fy-2026-27-development-book-volume-iii-1104-2111,1109,State Department for Water & Sanitation,head,1109112300,Ending Drought Emergencies: Support To Drought Risk Management 1743,60000000,0,0,0,84000000,0,140,yes
fy-2026-27-development-book-volume-iii-1104-2111,1109,State Department for Water & Sanitation,head,1109112700,Water and Sanitation Development Project (WSDP),3500000000,520000000,0,520000000,10000000,10000000,141,yes
fy-2026-27-development-book-volume-iii-1104-2111,1109,State Department for Water & Sanitation,head,1109113100,Mathira Water Supply Project,130000000,120000000,0,120000000,0,0,141,yes
fy-2026-27-development-book-volume-iii-1104-2111,1109,State Department for Water & Sanitation,head,1109113500,Homa Bay Water Supply Improvement Project,20000000,45000000,0,45000000,0,0,141,yes
fy-2026-27-development-book-volume-iii-1104-2111,1109,State Department for Water & Sanitation,head,1109113800,Naivasha Industrial Park Water Supply Project,0,0,0,0,135000000,185000000,141,yes
fy-2026-27-development-book-volume-iii-1104-2111,1109,State Department for Water & Sanitation,head,1109114100,Dongo Kundu Water Supply Project - BETA,30000000,55000000,0,55000000,0,0,141,yes
fy-2026-27-development-book-volume-iii-1104-2111,1109,State Department for Water & Sanitation,head,1109114200,Saudi Water Fund for Development,0,0,0,0,0,48000000,141,yes
fy-2026-27-development-book-volume-iii-1104-2111,1109,State Department for Water & Sanitation,head,1109114600,Yamo Dam,80000000,574000000,0,574000000,0,0,141,yes
fy-2026-27-development-book-volume-iii-1104-2111,1109,State Department for Water & Sanitation,head,1109114700,Water Harvesting Projects - NWWWDA,70000000,70000000,0,70000000,0,0,141,yes
fy-2026-27-development-book-volume-iii-1104-2111,1109,State Department for Water & Sanitation,head,1109114800,Rehabilitation of Water Supplies - Tana Water Services Board (WSB),0,0,0,0,100000000,426000000,141,yes
fy-2026-27-development-book-volume-iii-1104-2111,1109,State Department for Water & Sanitation,head,1109114900,Rehabilitation of Water Supplies - CRVWWDA,40000000,90000000,0,90000000,161000000,0,141,yes
fy-2026-27-development-book-volume-iii-1104-2111,1109,State Department for Water & Sanitation,head,1109115200,Thwake MultiPurpose Water Development Program Phase I - BETA,103720000,2350000000,2215300000,134700000,2470400000,4102900000,141,yes
fy-2026-27-development-book-volume-iii-1104-2111,1109,State Department for Water & Sanitation,head,1109115400,National Water Harvesting and Ground Water Exploitation - BETA 1744,0,0,0,0,100000000,500000000,141,yes
fy-2026-27-development-book-volume-iii-1104-2111,1109,State Department for Water & Sanitation,head,1109115500,Water for Schools - BETA,253000000,450000000,0,450000000,500000000,500000000,142,yes
fy-2026-27-development-book-volume-iii-1104-2111,1109,State Department for Water & Sanitation,head,1109115600,Improvement of Drinking Water & Sanitation Systems in Mombasa,120000000,4300000000,3700000000,600000000,2150000000,8304000000,142,yes
fy-2026-27-development-book-volume-iii-1104-2111,1109,State Department for Water & Sanitation,head,1109115700,Angololo Multipurpose Water Resources Development Project,20000000,50000000,0,50000000,234000000,300000000,142,yes
fy-2026-27-development-book-volume-iii-1104-2111,1109,State Department for Water & Sanitation,head,1109115800,Cross-County Bulk Water & Sanitation Services Improvement Prog,0,0,0,0,200000000,1598000000,142,yes
fy-2026-27-development-book-volume-iii-1104-2111,1109,State Department for Water & Sanitation,head,1109115900,Igembe North Water Supply Project,0,0,0,0,100000000,1000000000,142,yes
fy-2026-27-development-book-volume-iii-1104-2111,1109,State Department for Water & Sanitation,head,1109116000,Evaluation of Surface & Groundwater Interaction using Isotope Tech,40000000,75000000,0,75000000,100000000,110000000,142,yes
fy-2026-27-development-book-volume-iii-1104-2111,1109,State Department for Water & Sanitation,head,1109116200,Establish the Aluminum Residues in Drinking Water,10000000,20000000,0,20000000,100000000,128000000,142,yes
fy-2026-27-development-book-volume-iii-1104-2111,1109,State Department for Water & Sanitation,head,1109116400,Rehabilitation of Water Supplies - Ijara Water Works,50000000,25000000,0,25000000,100000000,136000000,142,yes
fy-2026-27-development-book-volume-iii-1104-2111,1109,State Department for Water & Sanitation,head,1109117000,Affordable Housing Water Supply - BETA,40000000,60000000,0,60000000,100000000,100000000,142,yes
fy-2026-27-development-book-volume-iii-1104-2111,1109,State Department for Water & Sanitation,head,1109117200,Water Supply for Manufacturing,85000000,20000000,0,20000000,0,0,142,yes
fy-2026-27-development-book-volume-iii-1104-2111,1109,State Department for Water & Sanitation,head,1109119000,National Water Harvesting and Ground Water Exploitation,862000000,180200000,0,180200000,300000000,500000000,142,yes
fy-2026-27-development-book-volume-iii-1104-2111,1109,State Department for Water & Sanitation,head,1109119600,Monitoring and Evaluation of Projects 1745,30000000,80000000,0,80000000,0,0,142,yes
fy-2026-27-development-book-volume-iii-1104-2111,1109,State Department for Water & Sanitation,head,1109120500,Rehabilitation of Strategic Water Facilities - ESP,100000000,0,0,0,0,0,143,yes
fy-2026-27-development-book-volume-iii-1104-2111,1109,State Department for Water & Sanitation,head,1109121300,Expansion Works for Dandora Estate Sewerage Treatment,220098785,300000000,0,300000000,300000000,513800000,143,yes
fy-2026-27-development-book-volume-iii-1104-2111,1109,State Department for Water & Sanitation,head,1109121700,Infrastructure Development at Kenya Water Institute (KEWI),100000000,150000000,0,150000000,500000000,500000000,143,yes
fy-2026-27-development-book-volume-iii-1104-2111,1109,State Department for Water & Sanitation,head,1109121900,Refurbishment of Maji House,15000000,0,0,0,0,0,143,yes
fy-2026-27-development-book-volume-iii-1104-2111,1109,State Department for Water & Sanitation,head,1109122000,Nairobi Water and Sanitation Project - Athi,715000000,1515000000,1200000000,315000000,3700000000,3876000000,143,yes
fy-2026-27-development-book-volume-iii-1104-2111,1109,State Department for Water & Sanitation,head,1109122600,Sustainable Mgt. & Access to Water & Sanitation in the ASAL Project,115000000,35000000,0,35000000,0,0,143,yes
fy-2026-27-development-book-volume-iii-1104-2111,1109,State Department for Water & Sanitation,head,1109122900,Improving Public Health & Tech. Skills of Youth Thru Sanitation Tech,26000000,0,0,0,0,0,143,yes
fy-2026-27-development-book-volume-iii-1104-2111,1109,State Department for Water & Sanitation,head,1109124100,Construction of Water Pans & Small Dams - NWWDA,0,63000000,0,63000000,0,0,143,yes
fy-2026-27-development-book-volume-iii-1104-2111,1109,State Department for Water & Sanitation,head,1109124400,Ngariama Njukiini Water Project,20000000,70000000,0,70000000,0,0,143,yes
fy-2026-27-development-book-volume-iii-1104-2111,1109,State Department for Water & Sanitation,head,1109124500,Northern Water Works Development Agency - NWWA,1228000000,62845997,0,62845997,0,0,143,yes
fy-2026-27-development-book-volume-iii-1104-2111,1109,State Department for Water & Sanitation,head,1109124800,Tana WWDA Water and Borehole Projects,79000000,20000000,0,20000000,0,0,143,yes
fy-2026-27-development-book-volume-iii-1104-2111,1109,State Department for Water & Sanitation,head,1109125300,Development of Large Scale Multi-Purpose Dams - BETA 1746,155000000,175000000,0,175000000,250000000,400000000,143,yes
fy-2026-27-development-book-volume-iii-1104-2111,1109,State Department for Water & Sanitation,head,1109125500,Liter Community Water Project NRVWWDA,41000000,30000000,0,30000000,0,0,144,yes
fy-2026-27-development-book-volume-iii-1104-2111,1109,State Department for Water & Sanitation,head,1109125600,Lake Victoria South WWDA Projects,538000000,70000000,0,70000000,150000000,0,144,yes
fy-2026-27-development-book-volume-iii-1104-2111,1109,State Department for Water & Sanitation,head,1109125700,Athi WWDA Projects,141000000,257160000,0,257160000,0,0,144,yes
fy-2026-27-development-book-volume-iii-1104-2111,1109,State Department for Water & Sanitation,head,1109125800,Lake Victoria North WWDA Projects,1343000000,70000000,0,70000000,0,0,144,yes
fy-2026-27-development-book-volume-iii-1104-2111,1109,State Department for Water & Sanitation,head,1109125900,Ground Water Resources Assessment for Managed Aquifer Recharge (MAR),50000000,90000000,0,90000000,100000000,140000000,144,yes
fy-2026-27-development-book-volume-iii-1104-2111,1109,State Department for Water & Sanitation,head,1109126000,Horn of Africa Groundwater for Resilience Project,2800000000,2350000000,0,2350000000,4724300000,4600000000,144,yes
fy-2026-27-development-book-volume-iii-1104-2111,1109,State Department for Water & Sanitation,head,1109126200,Masinga Dam (Intake Works),5000000,50000000,0,50000000,100000000,100000000,144,yes
fy-2026-27-development-book-volume-iii-1104-2111,1109,State Department for Water & Sanitation,head,1109126400,Aberdare Dam (Intake Works),40000000,0,0,0,50000000,50000000,144,yes
fy-2026-27-development-book-volume-iii-1104-2111,1109,State Department for Water & Sanitation,head,1109126500,Mzima II Water Supply Project,13000000,0,0,0,50000000,50000000,144,yes
fy-2026-27-development-book-volume-iii-1104-2111,1109,State Department for Water & Sanitation,head,1109126600,Maragua IV Dam Water Supply,17000000,10000000,0,10000000,200000000,200000000,144,yes
fy-2026-27-development-book-volume-iii-1104-2111,1109,State Department for Water & Sanitation,head,1109126700,Kericho Water Project - LVSWWDA,50000000,0,0,0,0,0,144,yes
fy-2026-27-development-book-volume-iii-1104-2111,1109,State Department for Water & Sanitation,head,1109126800,Water harvesting Projects - CWWDA 1747,275000000,0,0,0,0,0,144,yes
fy-2026-27-development-book-volume-iii-1104-2111,1109,State Department for Water & Sanitation,head,1109126900,Water harvesting Projects - LVNWWDA,95000000,100000000,0,100000000,100000000,261000000,145,yes
fy-2026-27-development-book-volume-iii-1104-2111,1109,State Department for Water & Sanitation,head,1109127000,Water Harvesting Projects - Central Rift Valley WWDA,0,27000000,0,27000000,0,0,145,yes
fy-2026-27-development-book-volume-iii-1104-2111,1109,State Department for Water & Sanitation,head,1109127100,Water Harvesting Projects -Tanathi WWDA,160000000,64000000,0,64000000,0,0,145,yes
fy-2026-27-development-book-volume-iii-1104-2111,1109,State Department for Water & Sanitation,head,1109127300,Water Harvesting Projects - North Rift Valley WWDA,415000000,0,0,0,0,0,145,yes
fy-2026-27-development-book-volume-iii-1104-2111,1109,State Department for Water & Sanitation,head,1109127400,Tana Water Works Development Agency,310000000,841340000,0,841340000,171000000,300000000,145,yes
fy-2026-27-development-book-volume-iii-1104-2111,1109,State Department for Water & Sanitation,head,1109127500,Coast WWDA Projects,455000000,50000000,0,50000000,0,0,145,yes
fy-2026-27-development-book-volume-iii-1104-2111,1109,State Department for Water & Sanitation,head,1109127600,Lake Victoria North WWDA Projects II,127000000,100000000,0,100000000,0,0,145,yes
fy-2026-27-development-book-volume-iii-1104-2111,1109,State Department for Water & Sanitation,head,1109127700,Lake Victoria South WWDA Projects II,540000000,406000000,0,406000000,683100000,592000000,145,yes
fy-2026-27-development-book-volume-iii-1104-2111,1109,State Department for Water & Sanitation,head,1109127800,Central Rift Valley WWDA Projects.,200000000,107000000,0,107000000,0,0,145,yes
fy-2026-27-development-book-volume-iii-1104-2111,1109,State Department for Water & Sanitation,head,1109128000,Northern WWDA Projects,770000000,458900000,0,458900000,0,0,145,yes
fy-2026-27-development-book-volume-iii-1104-2111,1109,State Department for Water & Sanitation,head,1109128100,North Rift Valley WWDA Projects.,1199000000,172600000,0,172600000,0,0,145,yes
fy-2026-27-development-book-volume-iii-1104-2111,1109,State Department for Water & Sanitation,head,1109128300,Mbeere South Water Supply (TWWDA) 1748,281757651,102000000,0,102000000,780000000,827500000,145,yes
fy-2026-27-development-book-volume-iii-1104-2111,1109,State Department for Water & Sanitation,head,1109128500,Kenya Water Sanitation and Hygiene,5140000000,6127000000,0,6127000000,9062000000,8734000000,146,yes
fy-2026-27-development-book-volume-iii-1104-2111,1109,State Department for Water & Sanitation,head,1109128600,Kibusta and Tirat Water Projects HQs,50000000,50000000,0,50000000,0,0,146,yes
fy-2026-27-development-book-volume-iii-1104-2111,1109,State Department for Water & Sanitation,head,1109128700,Restoration and Conservation of Water Catchment Areas,50000000,170000000,0,170000000,130000000,120000000,146,yes
fy-2026-27-development-book-volume-iii-1104-2111,1109,State Department for Water & Sanitation,head,1109129000,Resettlement Action Plan (RAP) Coast WWDA,0,315000000,0,315000000,1000000000,104000000,146,yes
fy-2026-27-development-book-volume-iii-1104-2111,1109,State Department for Water & Sanitation,head,1109129400,Public Participation Projects,0,41000000,0,41000000,41000000,0,146,yes
fy-2026-27-development-book-volume-iii-1104-2111,1109,State Department for Water & Sanitation,head,1109129600,Kobujoi Water Project,200000000,17000000,0,17000000,0,0,146,yes
fy-2026-27-development-book-volume-iii-1104-2111,1109,State Department for Water & Sanitation,head,1109129700,Hurri Hills Water and Sanitation Project,0,0,0,0,50000000,90500000,146,yes
fy-2026-27-development-book-volume-iii-1104-2111,1109,State Department for Water & Sanitation,head,1109129800,Mua Hills Water Project,0,0,0,0,80000000,110000000,146,yes
fy-2026-27-development-book-volume-iii-1104-2111,1109,State Department for Water & Sanitation,head,1109129900,Ewaso Water and Climate Resilience Programme (EWFCP),0,0,0,0,50000000,100000000,146,yes
fy-2026-27-development-book-volume-iii-1104-2111,1109,State Department for Water & Sanitation,head,1109130200,Drilling and Equipping of Goriale Shantabaq,233901215,0,0,0,0,0,146,yes
fy-2026-27-development-book-volume-iii-1104-2111,1109,State Department for Water & Sanitation,head,1109130300,Water Supply Projects,1825000000,681000000,0,681000000,700000000,1030000000,146,yes
fy-2026-27-development-book-volume-iii-1104-2111,1109,State Department for Water & Sanitation,head,1109130400,Boreholes 1749,305000000,0,0,0,0,0,146,yes
fy-2026-27-development-book-volume-iii-1104-2111,1109,State Department for Water & Sanitation,head,1109130500,Muumoni Community (Masii Location) Borehole,10000000,0,0,0,0,0,147,yes
fy-2026-27-development-book-volume-iii-1104-2111,1109,State Department for Water & Sanitation,head,1109130600,Kanana Water Pan - Lakathi Sub Location,19000000,71000000,0,71000000,0,0,147,yes
fy-2026-27-development-book-volume-iii-1104-2111,1109,State Department for Water & Sanitation,head,1109130800,Kelonget Water Dam,50000000,100000000,0,100000000,0,0,147,yes
fy-2026-27-development-book-volume-iii-1104-2111,1109,State Department for Water & Sanitation,head,1109130900,Water Security & Climate Resilience - Mwache Dam,2779901215,5822500000,3400000000,2422500000,7100000000,7230000000,147,yes
fy-2026-27-development-book-volume-iii-1104-2111,1109,State Department for Water & Sanitation,head,1109131000,Water Projects - NWHSA,790000000,90100000,0,90100000,0,0,147,yes
fy-2026-27-development-book-volume-iii-1104-2111,1109,State Department for Water & Sanitation,head,1109131100,Development of Kenya Hydrology Atlas,0,0,0,0,18000000,18000000,147,yes
fy-2026-27-development-book-volume-iii-1104-2111,1109,State Department for Water & Sanitation,head,1109131200,Hydrological Capacity Development and Knowledge Dissemination,0,0,0,0,18000000,25000000,147,yes
fy-2026-27-development-book-volume-iii-1104-2111,1109,State Department for Water & Sanitation,head,1109131300,Hydrological Research Climate-Resilient Water Resources & Infra,0,0,0,0,20000000,20000000,147,yes
fy-2026-27-development-book-volume-iii-1104-2111,1109,State Department for Water & Sanitation,head,1109131400,National Urban Water Supply and Sanitation Project,0,0,0,0,500000000,868000000,147,yes
fy-2026-27-development-book-volume-iii-1104-2111,1109,State Department for Water & Sanitation,head,1109131500,Sagana River Restoration,100000000,50000000,0,50000000,0,0,147,yes
fy-2026-27-development-book-volume-iii-1104-2111,1109,State Department for Water & Sanitation,head,1109131600,Support to Waste Water Management to Lake Victoria South,0,220000000,200000000,20000000,195000000,1527000000,147,yes
fy-2026-27-development-book-volume-iii-1104-2111,1109,State Department for Water & Sanitation,head,1109131700,National Urban Water Supply and Sanitation Programme (WSSP) 1750,0,1144000000,1029000000,115000000,4618200000,14799000000,147,yes
fy-2026-27-development-book-volume-iii-1104-2111,1109,State Department for Water & Sanitation,head,1109132000,Water Supply Projects,490000000,537000000,0,537000000,0,0,148,yes
fy-2026-27-development-book-volume-iii-1104-2111,1109,State Department for Water & Sanitation,head,1109132100,Rehabilitation and Maintenance of Water & Sanitation Facilities,235000000,0,0,0,0,0,148,yes
fy-2026-27-development-book-volume-iii-1104-2111,1109,State Department for Water & Sanitation,head,1109132400,Informal Settlement Sanitation Project,0,650000000,650000000,0,0,0,148,yes
fy-2026-27-development-book-volume-iii-1104-2111,1109,State Department for Water & Sanitation,head,1109132500,Water Pans and Dams,0,580000000,0,580000000,0,0,148,yes
fy-2026-27-development-book-volume-iii-1104-2111,1109,State Department for Water & Sanitation,vote_total,,TOTAL FOR VOTE,37014398232,47955645997,18568300000,29387345997,59117000000,88271000000,148,yes
fy-2026-27-development-book-volume-iii-1104-2111,1112,State Department for Lands and Physical Planning,head,1112100400,Construction of Land registries,0,291000000,291000000,0,326409086,121141465,404,yes
fy-2026-27-development-book-volume-iii-1104-2111,1112,State Department for Lands and Physical Planning,head,1112100500,Renovation of Land Offices,0,90000000,90000000,0,120000000,129000000,404,yes
fy-2026-27-development-book-volume-iii-1104-2111,1112,State Department for Lands and Physical Planning,head,1112100600,Digitization of Land Registries - BETA,0,387500000,87500000,300000000,417500000,420500000,404,yes
fy-2026-27-development-book-volume-iii-1104-2111,1112,State Department for Lands and Physical Planning,head,1112100900,Infrastructure Improvement in Kenya Institute of Survey and Mapping,0,120000000,120000000,0,138000000,147000000,404,yes
fy-2026-27-development-book-volume-iii-1104-2111,1112,State Department for Lands and Physical Planning,head,1112101100,Settlement of the Landless - BETA,6500390000,8221500000,21500000,8200000000,3242000000,3245000000,404,yes
fy-2026-27-development-book-volume-iii-1104-2111,1112,State Department for Lands and Physical Planning,head,1112101200,National Land Value Index - BETA,0,30000000,30000000,0,40000000,70000000,404,yes
fy-2026-27-development-book-volume-iii-1104-2111,1112,State Department for Lands and Physical Planning,head,1112101700,Public Participation Projects,5000000,0,0,0,0,0,404,yes
fy-2026-27-development-book-volume-iii-1104-2111,1112,State Department for Lands and Physical Planning,head,1112101800,"Kenya Housing Finance,Land and Sustainable Investment Project",0,1000000000,0,1000000000,0,0,404,yes
fy-2026-27-development-book-volume-iii-1104-2111,1112,State Department for Lands and Physical Planning,vote_total,,TOTAL FOR VOTE,6505390000,10140000000,640000000,9500000000,4283909086,4132641465,404,yes
fy-2026-27-development-book-volume-iii-1104-2111,1122,State Department for Information Communication Technology & Digital Economy,head,1122100100,Maintenance & Rehabilitation of Last Mile County Connectivity-BETA,32600410,528000000,500000000,28000000,1030000000,34000000,417,yes
fy-2026-27-development-book-volume-iii-1104-2111,1122,State Department for Information Communication Technology & Digital Economy,head,1122100400,Maintenance & Rehabilitation of NOFBI II Cable-BETA,115401640,416900000,0,416900000,0,0,417,yes
fy-2026-27-development-book-volume-iii-1104-2111,1122,State Department for Information Communication Technology & Digital Economy,head,1122100500,Maintenance & Rehabilitation of NOFBI II Expansion Cable-BETA,0,900000000,900000000,0,950000000,950000000,417,yes
fy-2026-27-development-book-volume-iii-1104-2111,1122,State Department for Information Communication Technology & Digital Economy,head,1122100600,Government Shared Services,335258466,383178138,0,383178138,396200000,459100000,417,yes
fy-2026-27-development-book-volume-iii-1104-2111,1122,State Department for Information Communication Technology & Digital Economy,head,1122100700,Construction of Konza Complex Phase I B-BETA,110401640,175401640,0,175401640,193000000,225000000,417,yes
fy-2026-27-development-book-volume-iii-1104-2111,1122,State Department for Information Communication Technology & Digital Economy,head,1122100800,Supervision of Streetscape & Waste Water Reclamation Facilities,45816681,0,0,0,0,0,417,yes
fy-2026-27-development-book-volume-iii-1104-2111,1122,State Department for Information Communication Technology & Digital Economy,head,1122100900,Konza Technopolis Masterplan Consultancy - MDP2,2484037,0,0,0,0,0,417,yes
fy-2026-27-development-book-volume-iii-1104-2111,1122,State Department for Information Communication Technology & Digital Economy,head,1122101400,Horizontal Infrastructure Phase I - EPCF-BETA,27600410,0,0,0,0,0,417,yes
fy-2026-27-development-book-volume-iii-1104-2111,1122,State Department for Information Communication Technology & Digital Economy,head,1122101800,Konza data Center & Smart City Facilities-BETA,110401640,210000000,100000000,110000000,265000000,335000000,417,yes
fy-2026-27-development-book-volume-iii-1104-2111,1122,State Department for Information Communication Technology & Digital Economy,head,1122102000,Horn of Africa Gateway Development Project-BETA,222632336,523000000,100000000,423000000,519000000,127000000,417,yes
fy-2026-27-development-book-volume-iii-1104-2111,1122,State Department for Information Communication Technology & Digital Economy,head,1122102300,Construction of KAIST at Konza Technopolis-BETA 2020,27600410,0,0,0,0,0,417,yes
fy-2026-27-development-book-volume-iii-1104-2111,1122,State Department for Information Communication Technology & Digital Economy,head,1122103000,Kenya Digital Economy Acceleration Project,2688002050,4338000000,1000000000,3338000000,14909000000,19199000000,418,yes
fy-2026-27-development-book-volume-iii-1104-2111,1122,State Department for Information Communication Technology & Digital Economy,head,1122103100,Digital Superhighway,382008200,382008200,0,382008200,408000000,468000000,418,yes
fy-2026-27-development-book-volume-iii-1104-2111,1122,State Department for Information Communication Technology & Digital Economy,head,1122103400,ICT Infrastructure & Connectivity Projects-BETA,1134992711,1475412022,0,1475412022,1432800000,1625900000,418,yes
fy-2026-27-development-book-volume-iii-1104-2111,1122,State Department for Information Communication Technology & Digital Economy,vote_total,,TOTAL FOR VOTE,5235200631,9331900000,2600000000,6731900000,20103000000,23423000000,418,yes
fy-2026-27-development-book-volume-iii-1104-2111,1123,State Department for Broadcasting & Telecommunications,head,1123100200,Modernization of KIMC Film,33672500,50000000,0,50000000,50000000,50000000,433,yes
fy-2026-27-development-book-volume-iii-1104-2111,1123,State Department for Broadcasting & Telecommunications,head,1123100300,KBC Analogue to Digital TV Migration-BETA,101569509,0,0,0,0,0,433,yes
fy-2026-27-development-book-volume-iii-1104-2111,1123,State Department for Broadcasting & Telecommunications,head,1123100400,KBC Rollout of Studio Mashinani-BETA,38640574,0,0,0,0,0,433,yes
fy-2026-27-development-book-volume-iii-1104-2111,1123,State Department for Broadcasting & Telecommunications,head,1123100500,Modernization of KNA National Desk and Press Center-BETA,151395527,205009754,0,205009754,215009754,235009754,433,yes
fy-2026-27-development-book-volume-iii-1104-2111,1123,State Department for Broadcasting & Telecommunications,head,1123101100,Medium Wave to FM Broadcast Migration,0,112430000,0,112430000,132430000,154930000,433,yes
fy-2026-27-development-book-volume-iii-1104-2111,1123,State Department for Broadcasting & Telecommunications,head,1123101200,Kenya Year Book Editorial Board Offices and Services Automation,0,30000000,0,30000000,30000000,47500000,433,yes
fy-2026-27-development-book-volume-iii-1104-2111,1123,State Department for Broadcasting & Telecommunications,vote_total,,TOTAL FOR VOTE,325278110,397439754,0,397439754,427439754,487439754,433,yes
fy-2026-27-development-book-volume-iii-1104-2111,1132,State Department for Sports,head,1132100100,Kenya Academy of Sports SASDF - AiA Funded Projects,80000000,0,0,0,0,0,439,yes
fy-2026-27-development-book-volume-iii-1104-2111,1132,State Department for Sports,head,1132100300,Establish an Automation & Digitalization System for Sports Registrar,20000000,34630000,0,34630000,0,0,439,yes
fy-2026-27-development-book-volume-iii-1104-2111,1132,State Department for Sports,head,1132101100,"Sports,Arts and Social Development Fund",0,24924250000,24924250000,0,18900000000,19901700000,439,yes
fy-2026-27-development-book-volume-iii-1104-2111,1132,State Department for Sports,head,1132102000,General Administration & Support Services,0,3800000000,0,3800000000,0,0,439,yes
fy-2026-27-development-book-volume-iii-1104-2111,1132,State Department for Sports,vote_total,,TOTAL FOR VOTE,100000000,28758880000,24924250000,3834630000,18900000000,19901700000,439,yes
fy-2026-27-development-book-volume-iii-1104-2111,1134,"State Department for Culture, The Arts and Heritage",head,1134100500,Establishment of an Integrated Records Management System (IRMS),0,0,0,0,50000000,42000000,454,yes
fy-2026-27-development-book-volume-iii-1104-2111,1134,"State Department for Culture, The Arts and Heritage",head,1134100600,Refurbishment of Archives offices,86980000,27000000,0,27000000,0,0,454,yes
fy-2026-27-development-book-volume-iii-1104-2111,1134,"State Department for Culture, The Arts and Heritage",head,1134100700,Installation of mobile shelves,0,38000000,0,38000000,0,0,454,yes
fy-2026-27-development-book-volume-iii-1104-2111,1134,"State Department for Culture, The Arts and Heritage",head,1134101200,Installation of the Library Information Management System (LIMS),0,0,0,0,65000000,0,454,yes
fy-2026-27-development-book-volume-iii-1104-2111,1134,"State Department for Culture, The Arts and Heritage",head,1134101600,Rehabilitation and Upgrade of Kapenguria 6 Facility/ Museum,0,37690000,0,37690000,0,0,454,yes
fy-2026-27-development-book-volume-iii-1104-2111,1134,"State Department for Culture, The Arts and Heritage",head,1134103300,Professional & Scientific Training for Devlpmnt of Culture Tourism,10000000,10000000,0,10000000,10000000,10000000,454,yes
fy-2026-27-development-book-volume-iii-1104-2111,1134,"State Department for Culture, The Arts and Heritage",head,1134104200,Construction and Rehabilitation of Cultural Centers - KCC,40000000,0,0,0,0,0,454,yes
fy-2026-27-development-book-volume-iii-1104-2111,1134,"State Department for Culture, The Arts and Heritage",head,1134104600,Wundanyi Youth Resource (Culture & Talent) Centre - HQ (SASDF AiA),0,7000000,0,7000000,0,0,454,yes
fy-2026-27-development-book-volume-iii-1104-2111,1134,"State Department for Culture, The Arts and Heritage",head,1134104700,Rehab. & Refurbishment of Theatre Halls-Kenya National Theatre KCC,0,24350000,0,24350000,0,0,454,yes
fy-2026-27-development-book-volume-iii-1104-2111,1134,"State Department for Culture, The Arts and Heritage",head,1134104800,Civil works on Jaramogi Oginga Odinga Mausoleum,75000000,0,0,0,0,0,454,yes
fy-2026-27-development-book-volume-iii-1104-2111,1134,"State Department for Culture, The Arts and Heritage",vote_total,,TOTAL FOR VOTE,211980000,144040000,0,144040000,125000000,52000000,454,yes
fy-2026-27-development-book-volume-iii-1104-2111,1135,State Department for Youth Affairs and Creative Economy,head,1135100800,Youth Empowerment Centres -BETA,45000000,80000000,0,80000000,145000000,120000000,462,yes
fy-2026-27-development-book-volume-iii-1104-2111,1135,State Department for Youth Affairs and Creative Economy,head,1135101100,VIVA Youth Programme-BETA,56000000,95000000,50000000,45000000,0,0,462,yes
fy-2026-27-development-book-volume-iii-1104-2111,1135,State Department for Youth Affairs and Creative Economy,head,1135101400,GoK/ENFPA 10th Country Programme,10530000,0,0,0,0,0,462,yes
fy-2026-27-development-book-volume-iii-1104-2111,1135,State Department for Youth Affairs and Creative Economy,head,1135101600,Film Location Mapping,15000000,15000000,0,15000000,0,0,462,yes
fy-2026-27-development-book-volume-iii-1104-2111,1135,State Department for Youth Affairs and Creative Economy,head,1135101700,Establishment of Kenya Film School,19700000,18530000,0,18530000,0,0,462,yes
fy-2026-27-development-book-volume-iii-1104-2111,1135,State Department for Youth Affairs and Creative Economy,head,1135101900,National Youth Opportunity Towards Advancement (NYOTA),940046325,3707810000,0,3707810000,1829150000,1950640000,462,yes
fy-2026-27-development-book-volume-iii-1104-2111,1135,State Department for Youth Affairs and Creative Economy,vote_total,,TOTAL FOR VOTE,1086276325,3916340000,50000000,3866340000,1974150000,2070640000,462,yes
fy-2026-27-development-book-volume-iii-1104-2111,1152,State Department for Energy,head,1152100300,SonduHomabay Ndhiwa Awendo Electrification Project-BETA,131285114,0,0,0,0,0,477,yes
fy-2026-27-development-book-volume-iii-1104-2111,1152,State Department for Energy,head,1152100400,Loiyangalani - Suswa transmission line,0,0,0,0,263000000,0,477,yes
fy-2026-27-development-book-volume-iii-1104-2111,1152,State Department for Energy,head,1152100500,Bogoria Silali Geothermal Project,1606000000,0,0,0,2224000000,13489000000,477,yes
fy-2026-27-development-book-volume-iii-1104-2111,1152,State Department for Energy,head,1152100700,Transmission line Mombasa-Nairobi,0,0,0,0,367000000,0,477,yes
fy-2026-27-development-book-volume-iii-1104-2111,1152,State Department for Energy,head,1152101300,Olkaria Lessos Kisumu Power Lines Construction Project,461086029,0,0,0,0,0,477,yes
fy-2026-27-development-book-volume-iii-1104-2111,1152,State Department for Energy,head,1152101400,Turkwell- Ortum- Kitale,65334901,0,0,0,0,0,477,yes
fy-2026-27-development-book-volume-iii-1104-2111,1152,State Department for Energy,head,1152101800,Eastern Electricity Highway Project (Ethiopia- Kenya Interconnector),40814522,0,0,0,2918000000,0,477,yes
fy-2026-27-development-book-volume-iii-1104-2111,1152,State Department for Energy,head,1152102200,Menengai Geothermal Development Project,0,0,0,0,2645000000,2899000000,477,yes
fy-2026-27-development-book-volume-iii-1104-2111,1152,State Department for Energy,head,1152102400,Interconnection Project of Electric Grids of Nile Equitorial lakes Co,0,0,0,0,1296000000,0,477,yes
fy-2026-27-development-book-volume-iii-1104-2111,1152,State Department for Energy,head,1152102700,Last Mile Electricity Connectivity-BETA,5041380422,0,0,0,0,0,477,yes
fy-2026-27-development-book-volume-iii-1104-2111,1152,State Department for Energy,head,1152103100,Multi-National Kenya-TZ Power Interconnection Project-BETA 2080,45067908,0,0,0,0,0,477,yes
fy-2026-27-development-book-volume-iii-1104-2111,1152,State Department for Energy,head,1152103200,Kenya Electricity Modernization Project,0,50000000,0,50000000,0,0,478,yes
fy-2026-27-development-book-volume-iii-1104-2111,1152,State Department for Energy,head,1152103500,Street-lighting,241629044,0,0,0,0,0,478,yes
fy-2026-27-development-book-volume-iii-1104-2111,1152,State Department for Energy,head,1152103900,Power Transmission System Improvement project,184543208,0,0,0,0,0,478,yes
fy-2026-27-development-book-volume-iii-1104-2111,1152,State Department for Energy,head,1152104400,Electrification of Public Facilities,0,4950000000,2450000000,2500000000,1147000000,4784000000,478,yes
fy-2026-27-development-book-volume-iii-1104-2111,1152,State Department for Energy,head,1152104600,Solar Maintenance Programme,0,200000000,100000000,100000000,240000000,40000000,478,yes
fy-2026-27-development-book-volume-iii-1104-2111,1152,State Department for Energy,head,1152105100,Nuclear Power Plant Siting,104069250,80000000,0,80000000,493000000,2883000000,478,yes
fy-2026-27-development-book-volume-iii-1104-2111,1152,State Department for Energy,head,1152105200,Strategic Environmental Assessment,34704301,38000000,0,38000000,150000000,50000000,478,yes
fy-2026-27-development-book-volume-iii-1104-2111,1152,State Department for Energy,head,1152105300,Lake Turkana Wind power Project,0,655000000,0,655000000,0,0,478,yes
fy-2026-27-development-book-volume-iii-1104-2111,1152,State Department for Energy,head,1152105400,Hydro dams Water catchment re-afforestation,0,100000000,100000000,0,481000000,107000000,478,yes
fy-2026-27-development-book-volume-iii-1104-2111,1152,State Department for Energy,head,1152105500,Solar PV installation on Institutions and or community boreholes in,0,155000000,155000000,0,167000000,247000000,478,yes
fy-2026-27-development-book-volume-iii-1104-2111,1152,State Department for Energy,head,1152105600,Development of Community Small Hydro Power projects,0,90000000,90000000,0,94000000,110000000,478,yes
fy-2026-27-development-book-volume-iii-1104-2111,1152,State Department for Energy,head,1152105800,Installation of wind masts & data loggers and rehabilitation of pre 2081,0,114000000,114000000,0,128000000,144000000,478,yes
fy-2026-27-development-book-volume-iii-1104-2111,1152,State Department for Energy,head,1152105900,Energy Efficiency Programme (Investment Grade Audits,0,70000000,70000000,0,84000000,100000000,479,yes
fy-2026-27-development-book-volume-iii-1104-2111,1152,State Department for Energy,head,1152106000,Construction of institutional biogas plants,0,220000000,220000000,0,239000000,335000000,479,yes
fy-2026-27-development-book-volume-iii-1104-2111,1152,State Department for Energy,head,1152106100,Pilot programme on Domestic household biogas digesters (upscalling b,0,330000000,330000000,0,285000000,222000000,479,yes
fy-2026-27-development-book-volume-iii-1104-2111,1152,State Department for Energy,head,1152106200,Expansion of Energy centres,0,250000000,250000000,0,301000000,500000000,479,yes
fy-2026-27-development-book-volume-iii-1104-2111,1152,State Department for Energy,head,1152106300,Biofuel value chain development,0,80000000,80000000,0,68000000,88000000,479,yes
fy-2026-27-development-book-volume-iii-1104-2111,1152,State Department for Energy,head,1152106400,Energy Efficient Charcoal Kilns Development,0,55000000,55000000,0,29000000,31000000,479,yes
fy-2026-27-development-book-volume-iii-1104-2111,1152,State Department for Energy,head,1152106500,Geothermal Projects,0,457000000,457000000,0,243000000,243000000,479,yes
fy-2026-27-development-book-volume-iii-1104-2111,1152,State Department for Energy,head,1152106900,Installation of Transformers in Constituencies,0,3684000000,2200000000,1484000000,0,0,479,yes
fy-2026-27-development-book-volume-iii-1104-2111,1152,State Department for Energy,head,1152107200,Retrofitting of Mini Grids,160000000,0,0,0,0,0,479,yes
fy-2026-27-development-book-volume-iii-1104-2111,1152,State Department for Energy,head,1152107500,Resource Development for Nuclear Programme,37719463,55000000,0,55000000,130000000,172000000,479,yes
fy-2026-27-development-book-volume-iii-1104-2111,1152,State Department for Energy,head,1152107600,Nuclear Fuel Resources Exploration & Development,0,179000000,179000000,0,0,0,479,yes
fy-2026-27-development-book-volume-iii-1104-2111,1152,State Department for Energy,head,1152107800,Kenya Power Distribution System Modernization & Strengthening Projec 2082,0,0,0,0,347000000,5461000000,479,yes
fy-2026-27-development-book-volume-iii-1104-2111,1152,State Department for Energy,head,1152107900,Kenya Power Transmission Expansion Project,130995485,0,0,0,0,0,480,yes
fy-2026-27-development-book-volume-iii-1104-2111,1152,State Department for Energy,head,1152108000,Kenya Off-Grid Solar Access Project for Underserved Counties (KOSAP),1130660647,1788100000,683060000,1105040000,78000000,0,480,yes
fy-2026-27-development-book-volume-iii-1104-2111,1152,State Department for Energy,head,1152108100,220KV Kamburu - Embu - Thika Transmission Line,0,0,0,0,1605000000,0,480,yes
fy-2026-27-development-book-volume-iii-1104-2111,1152,State Department for Energy,head,1152108300,Nuclear Policy and Legislation,27781452,42000000,0,42000000,62000000,45000000,480,yes
fy-2026-27-development-book-volume-iii-1104-2111,1152,State Department for Energy,head,1152108400,Monitoring and Evaluation of Energy Projects,0,366000000,366000000,0,178000000,197000000,480,yes
fy-2026-27-development-book-volume-iii-1104-2111,1152,State Department for Energy,head,1152108500,Refurbishment of Kawi House,0,80000000,80000000,0,169000000,232000000,480,yes
fy-2026-27-development-book-volume-iii-1104-2111,1152,State Department for Energy,head,1152108700,Rabai - Kilifi Transmission Line-BETA,100737584,0,0,0,0,0,480,yes
fy-2026-27-development-book-volume-iii-1104-2111,1152,State Department for Energy,head,1152108900,Electrification of Level 4 & Level 3 Hospitals,40271507,0,0,0,0,0,480,yes
fy-2026-27-development-book-volume-iii-1104-2111,1152,State Department for Energy,head,1152109000,Electrification of Economic Zones,6995485,0,0,0,0,0,480,yes
fy-2026-27-development-book-volume-iii-1104-2111,1152,State Department for Energy,head,1152109300,East Africa Skills for Transformation & Regional Integration Project,212000000,0,0,0,0,0,480,yes
fy-2026-27-development-book-volume-iii-1104-2111,1152,State Department for Energy,head,1152109500,Loiyangalani-Marsabit 400 KV Transmission Line,0,0,0,0,852000000,0,480,yes
fy-2026-27-development-book-volume-iii-1104-2111,1152,State Department for Energy,head,1152109700,Rural Electrification Schemes 2083,382108914,0,0,0,0,0,480,yes
fy-2026-27-development-book-volume-iii-1104-2111,1152,State Department for Energy,head,1152109800,300MW Suswa geothernal project,9466077,0,0,0,0,0,481,yes
fy-2026-27-development-book-volume-iii-1104-2111,1152,State Department for Energy,head,1152110100,Kenya Nuclear Research Reactor program,3350000,55000000,0,55000000,1084000000,5322000000,481,yes
fy-2026-27-development-book-volume-iii-1104-2111,1152,State Department for Energy,head,1152110200,Publicity and Advocacy,44800915,30000000,0,30000000,124000000,145000000,481,yes
fy-2026-27-development-book-volume-iii-1104-2111,1152,State Department for Energy,head,1152110300,220kV Marsabit - Isiolo Transmission Line,0,0,0,0,721000000,0,481,yes
fy-2026-27-development-book-volume-iii-1104-2111,1152,State Department for Energy,head,1152110400,National System Control Centre & Makindu SS,5660647,1904000000,1268000000,636000000,2082000000,0,481,yes
fy-2026-27-development-book-volume-iii-1104-2111,1152,State Department for Energy,head,1152111100,Kenya Green Hydrogen Development,0,110000000,110000000,0,120000000,200000000,481,yes
fy-2026-27-development-book-volume-iii-1104-2111,1152,State Department for Energy,head,1152112300,Kenya Transmission Network Improvement Project,350990971,0,0,0,0,0,481,yes
fy-2026-27-development-book-volume-iii-1104-2111,1152,State Department for Energy,head,1152112500,REREC Projects,400000000,70000000,0,70000000,0,0,481,yes
fy-2026-27-development-book-volume-iii-1104-2111,1152,State Department for Energy,head,1152112700,Energy Center Bumula Project,0,0,0,0,0,70000000,481,yes
fy-2026-27-development-book-volume-iii-1104-2111,1152,State Department for Energy,head,1152112900,Electrification of Galana-Kulalu Irrigation Scheme,0,300000000,300000000,0,361000000,0,481,yes
fy-2026-27-development-book-volume-iii-1104-2111,1152,State Department for Energy,head,1152113500,Kenya Green Resillient Expansion of Energy,5000000000,0,0,0,0,0,481,yes
fy-2026-27-development-book-volume-iii-1104-2111,1152,State Department for Energy,head,1152113700,Public Participation Projects 2084,65000000,0,0,0,0,0,481,yes
fy-2026-27-development-book-volume-iii-1104-2111,1152,State Department for Energy,head,1152113800,Electrification of Public Facilities - III,375000000,0,0,0,0,0,482,yes
fy-2026-27-development-book-volume-iii-1104-2111,1152,State Department for Energy,head,1152113900,Connectivity to Leather Industrial Park - Kenanie,40814522,0,0,0,0,0,482,yes
fy-2026-27-development-book-volume-iii-1104-2111,1152,State Department for Energy,head,1152114400,Kenya Green & Resilient Expansion of Energy - Phase II,736081455,300000000,0,300000000,0,0,482,yes
fy-2026-27-development-book-volume-iii-1104-2111,1152,State Department for Energy,head,1152114800,Last Mile Electricity Connectivity III,200000000,0,0,0,0,0,482,yes
fy-2026-27-development-book-volume-iii-1104-2111,1152,State Department for Energy,head,1152114900,Improvement of Power Distribution System-Nakuru & Mombasa Last Mile,0,0,0,0,0,100000000,482,yes
fy-2026-27-development-book-volume-iii-1104-2111,1152,State Department for Energy,head,1152115000,Electrification in Constituencies,5020000000,0,0,0,0,0,482,yes
fy-2026-27-development-book-volume-iii-1104-2111,1152,State Department for Energy,head,1152115100,New REREC Regional Stores,40000000,0,0,0,0,110000000,482,yes
fy-2026-27-development-book-volume-iii-1104-2111,1152,State Department for Energy,head,1152115200,Electrification in Slum Areas,500000000,1088000000,0,1088000000,309000000,0,482,yes
fy-2026-27-development-book-volume-iii-1104-2111,1152,State Department for Energy,head,1152115300,Electrification of Public Facilities - IV,200000000,0,0,0,0,0,482,yes
fy-2026-27-development-book-volume-iii-1104-2111,1152,State Department for Energy,head,1152115400,Electrification of Public Facilities - (V),520000000,0,0,0,0,0,482,yes
fy-2026-27-development-book-volume-iii-1104-2111,1152,State Department for Energy,head,1152115500,Installation of Transformers in Constituencies II,549000000,0,0,0,0,0,482,yes
fy-2026-27-development-book-volume-iii-1104-2111,1152,State Department for Energy,head,1152115600,Street-lighting II 2085,180000000,0,0,0,0,0,482,yes
fy-2026-27-development-book-volume-iii-1104-2111,1152,State Department for Energy,head,1152115800,8.6 MW GOGO Hydro Power Plant Redevelopment-(REEF),30000000,0,0,0,0,0,483,yes
fy-2026-27-development-book-volume-iii-1104-2111,1152,State Department for Energy,head,1152115900,Diiso/Abdilucey Last Mile Connection,15000000,7715454,0,7715454,0,0,483,yes
fy-2026-27-development-book-volume-iii-1104-2111,1152,State Department for Energy,head,1152116000,500kw X 2 Power Genset,0,7715454,0,7715454,0,0,483,yes
fy-2026-27-development-book-volume-iii-1104-2111,1152,State Department for Energy,head,1152116100,Electrification of Public Facilities - (VI),280000000,200000000,0,200000000,0,0,483,yes
fy-2026-27-development-book-volume-iii-1104-2111,1152,State Department for Energy,head,1152116300,"Electrification & LMC (10 No ) in Uasin Gishu, Homa Bay & Bungoma",0,70000000,0,70000000,0,0,483,yes
fy-2026-27-development-book-volume-iii-1104-2111,1152,State Department for Energy,vote_total,,TOTAL FOR VOTE,24750349823,18230530908,9657060000,8573470908,22084000000,38326000000,483,yes
fy-2026-27-development-book-volume-iii-1104-2111,1162,State Department for Livestock Development,head,1162100500,Livestock Value Chain Support Project-BETA,1401500000,500000000,0,500000000,3880000000,4100000000,709,yes
fy-2026-27-development-book-volume-iii-1104-2111,1162,State Department for Livestock Development,head,1162100700,Disease Free Zones Program-BETA,0,37000000,0,37000000,0,0,709,yes
fy-2026-27-development-book-volume-iii-1104-2111,1162,State Department for Livestock Development,head,1162100900,Establishment of Liquid Nitrogen Plants- KAGRC-BETA,69300000,0,0,0,0,0,709,yes
fy-2026-27-development-book-volume-iii-1104-2111,1162,State Department for Livestock Development,head,1162101100,Sustainable TseTse and Trypanosomiasis free areas in Kenya KENTTEC,50000000,15000000,0,15000000,200000000,150000000,709,yes
fy-2026-27-development-book-volume-iii-1104-2111,1162,State Department for Livestock Development,head,1162101200,Modernize Foot & Mouth Disease Laboratory for GMP standards- KEVEVAPI,0,112000000,112000000,0,164000000,312000000,709,yes
fy-2026-27-development-book-volume-iii-1104-2111,1162,State Department for Livestock Development,head,1162101400,Modernization of Kiboko Zoological and Efficacy Trial Centre,0,0,0,0,25000000,44000000,709,yes
fy-2026-27-development-book-volume-iii-1104-2111,1162,State Department for Livestock Development,head,1162101600,Construction & equipping the Bio-safety Level 3 Laboratory at Kabete,0,27100000,0,27100000,80000000,173000000,709,yes
fy-2026-27-development-book-volume-iii-1104-2111,1162,State Department for Livestock Development,head,1162101700,Construction of learning facilities at AHITI Nyahururu,0,14000000,0,14000000,12000000,0,709,yes
fy-2026-27-development-book-volume-iii-1104-2111,1162,State Department for Livestock Development,head,1162101800,Construction and refurbishment of Infrastructure at AHITI Kabete,0,10000000,0,10000000,60000000,120000000,709,yes
fy-2026-27-development-book-volume-iii-1104-2111,1162,State Department for Livestock Development,head,1162101900,Construction and refurbishment of Infrastructure -AHITI Ndomba,0,13000000,0,13000000,71000000,0,709,yes
fy-2026-27-development-book-volume-iii-1104-2111,1162,State Department for Livestock Development,head,1162102000,Construct & refurbish facilities -Meat Training Institute Athi River 2312,25000000,5000000,0,5000000,60000000,100000000,709,yes
fy-2026-27-development-book-volume-iii-1104-2111,1162,State Department for Livestock Development,head,1162102200,Construction and refurbishment at Dairy Training Institute- Naivasha,0,10000000,0,10000000,70000000,83000000,710,yes
fy-2026-27-development-book-volume-iii-1104-2111,1162,State Department for Livestock Development,head,1162102300,Construct & Refurbish- Regional Pastoral Training Centre- Narok,0,0,0,0,23000000,17000000,710,yes
fy-2026-27-development-book-volume-iii-1104-2111,1162,State Department for Livestock Development,head,1162102400,Farm Development - Sheep and Goats Breeding Farms,0,23000000,0,23000000,23000000,0,710,yes
fy-2026-27-development-book-volume-iii-1104-2111,1162,State Department for Livestock Development,head,1162102500,Farm Development - Livestock Breeding research farms,0,20000000,0,20000000,13000000,0,710,yes
fy-2026-27-development-book-volume-iii-1104-2111,1162,State Department for Livestock Development,head,1162102700,Bee health Project - Vector Regulatory and Zoological Services,0,0,0,0,33000000,0,710,yes
fy-2026-27-development-book-volume-iii-1104-2111,1162,State Department for Livestock Development,head,1162102800,Construct & Refurbish-Foot & Mouth Disease National Reference Lab,0,0,0,0,38000000,0,710,yes
fy-2026-27-development-book-volume-iii-1104-2111,1162,State Department for Livestock Development,head,1162102900,Construct & Refurbish-Regional Veterinary Investigation Labs (RVILs),0,12000000,0,12000000,50000000,145700000,710,yes
fy-2026-27-development-book-volume-iii-1104-2111,1162,State Department for Livestock Development,head,1162103000,Farm development - Veterinary Diagnostic and Efficacy Trial Centres,0,0,0,0,46000000,0,710,yes
fy-2026-27-development-book-volume-iii-1104-2111,1162,State Department for Livestock Development,head,1162103100,Construction and refurbishment - Leather Science Institute,0,0,0,0,65000000,217000000,710,yes
fy-2026-27-development-book-volume-iii-1104-2111,1162,State Department for Livestock Development,head,1162103200,Bee Bulking Project- Apiculture and emerging Livestock Services,0,0,0,0,20000000,70000000,710,yes
fy-2026-27-development-book-volume-iii-1104-2111,1162,State Department for Livestock Development,head,1162103300,Construction of National Dairy Laboratory Complex,0,0,0,0,100000000,267000000,710,yes
fy-2026-27-development-book-volume-iii-1104-2111,1162,State Department for Livestock Development,head,1162103400,National Bee keeping Institute 2313,8000000,5000000,0,5000000,60000000,120000000,710,yes
fy-2026-27-development-book-volume-iii-1104-2111,1162,State Department for Livestock Development,head,1162104400,Construction & Refurbishment of Facilities - Livestock Inst. Wajir,0,5000000,0,5000000,40000000,110000000,711,yes
fy-2026-27-development-book-volume-iii-1104-2111,1162,State Department for Livestock Development,head,1162104500,Livestock Production Interventions,798000000,69400000,0,69400000,153000000,517000000,711,yes
fy-2026-27-development-book-volume-iii-1104-2111,1162,State Department for Livestock Development,head,1162104700,Kenya Livestock Commercialization Programme (KeLCoP)-BETA,1691000000,1323000000,0,1323000000,248000000,0,711,yes
fy-2026-27-development-book-volume-iii-1104-2111,1162,State Department for Livestock Development,head,1162104800,Towards Ending Drought Emergencies in Kenya (TWENDE)-BETA,318000000,178000000,0,178000000,257000000,0,711,yes
fy-2026-27-development-book-volume-iii-1104-2111,1162,State Department for Livestock Development,head,1162105300,"De-Risking, Inclusion & Value Enhancement of Pastoral Economies- BETA",1300000000,3300000000,1500000000,1800000000,2826000000,1500000000,711,yes
fy-2026-27-development-book-volume-iii-1104-2111,1162,State Department for Livestock Development,head,1162105400,Embryo Transfer Project-BETA,74758633,100000000,0,100000000,138000000,50300000,711,yes
fy-2026-27-development-book-volume-iii-1104-2111,1162,State Department for Livestock Development,head,1162105500,Leather Value Chain Promotion Programme-BETA,0,0,0,0,35000000,200000000,711,yes
fy-2026-27-development-book-volume-iii-1104-2111,1162,State Department for Livestock Development,head,1162105600,Establishment of the Kenya Veterinary Board Regional Offices,200000000,48067722,0,48067722,63000000,0,711,yes
fy-2026-27-development-book-volume-iii-1104-2111,1162,State Department for Livestock Development,head,1162105900,"Establishment of Feedlots, Fodder and Pasture",120000000,42300000,0,42300000,110000000,140000000,711,yes
fy-2026-27-development-book-volume-iii-1104-2111,1162,State Department for Livestock Development,head,1162106000,Livestock Training Institute Mogotio,30000000,0,0,0,30000000,150000000,711,yes
fy-2026-27-development-book-volume-iii-1104-2111,1162,State Department for Livestock Development,head,1162106300,"Hides, Skins and Leather Fund",0,200000000,0,200000000,150000000,400000000,711,yes
fy-2026-27-development-book-volume-iii-1104-2111,1162,State Department for Livestock Development,head,1162106400,Livestock Training Institute Kitui 2314,45000000,41000000,0,41000000,51000000,190000000,711,yes
fy-2026-27-development-book-volume-iii-1104-2111,1162,State Department for Livestock Development,head,1162106500,Construction of Awendo Animal Health College,150000000,20000000,0,20000000,50000000,180000000,712,yes
fy-2026-27-development-book-volume-iii-1104-2111,1162,State Department for Livestock Development,head,1162106600,National Veterinary Medicines Quality Control Lab,0,50000000,50000000,0,130000000,330000000,712,yes
fy-2026-27-development-book-volume-iii-1104-2111,1162,State Department for Livestock Development,vote_total,,TOTAL FOR VOTE,6280558633,6179867722,1662000000,4517867722,9374000000,9686000000,712,yes
fy-2026-27-development-book-volume-iii-1104-2111,1166,State Department for the Blue Economy and Fisheries,head,1166100100,Development Of Fish Quality Laboratories,0,9000000,0,9000000,0,0,742,yes
fy-2026-27-development-book-volume-iii-1104-2111,1166,State Department for the Blue Economy and Fisheries,head,1166100400,Aquaculture Technology development and innovation transfers,89000000,0,0,0,50000000,106000000,742,yes
fy-2026-27-development-book-volume-iii-1104-2111,1166,State Department for the Blue Economy and Fisheries,head,1166100800,Construction of Fisheries Monitoring Control and Surveillance Centre,30000000,0,0,0,0,0,742,yes
fy-2026-27-development-book-volume-iii-1104-2111,1166,State Department for the Blue Economy and Fisheries,head,1166101300,Aquaculture Business Development Project (ABDP) - BETA,3381727099,1938720000,0,1938720000,0,0,742,yes
fy-2026-27-development-book-volume-iii-1104-2111,1166,State Department for the Blue Economy and Fisheries,head,1166101400,Kenya Marine Fisheries & Socio-Economic Development Project BETA,2775000000,1922000000,525000000,1397000000,0,0,742,yes
fy-2026-27-development-book-volume-iii-1104-2111,1166,State Department for the Blue Economy and Fisheries,head,1166101500,Coastal Fisheries Infrastructure Development,123000000,77300000,0,77300000,0,0,742,yes
fy-2026-27-development-book-volume-iii-1104-2111,1166,State Department for the Blue Economy and Fisheries,head,1166101600,Rehabilitation of Fish Landing Sites - BETA,0,4000000,0,4000000,800000000,0,742,yes
fy-2026-27-development-book-volume-iii-1104-2111,1166,State Department for the Blue Economy and Fisheries,head,1166101700,Development of Blue Economy Initiatives - BETA,0,171000000,0,171000000,630000000,3570000000,742,yes
fy-2026-27-development-book-volume-iii-1104-2111,1166,State Department for the Blue Economy and Fisheries,head,1166101800,Exploitation of Living Resources under the Blue Economy - BETA,0,48000000,0,48000000,200000000,300000000,742,yes
fy-2026-27-development-book-volume-iii-1104-2111,1166,State Department for the Blue Economy and Fisheries,head,1166102700,Kabonyo Fisheries & Aquaculture Training Center,0,577600000,543000000,34600000,65000000,0,742,yes
fy-2026-27-development-book-volume-iii-1104-2111,1166,State Department for the Blue Economy and Fisheries,vote_total,,TOTAL FOR VOTE,6398727099,4747620000,1068000000,3679620000,1745000000,3976000000,742,yes
fy-2026-27-development-book-volume-iii-1104-2111,1169,State Department for Agriculture,head,1169102100,Sugar Reforms Support Project,3000000000,2470000000,470000000,2000000000,2000000000,2000000000,753,yes
fy-2026-27-development-book-volume-iii-1104-2111,1169,State Department for Agriculture,head,1169102900,Kenya Cereal Enhancement Programme (KCEP),556000000,460000000,0,460000000,0,0,753,yes
fy-2026-27-development-book-volume-iii-1104-2111,1169,State Department for Agriculture,head,1169103200,Development of Mau Buffer Tea Zone,100000000,0,0,0,0,0,753,yes
fy-2026-27-development-book-volume-iii-1104-2111,1169,State Department for Agriculture,head,1169103300,Fertilizer subsidy programme,18000000000,18000000000,0,18000000000,6012100000,11031600000,753,yes
fy-2026-27-development-book-volume-iii-1104-2111,1169,State Department for Agriculture,head,1169103500,Pyrethrum Industry Recovery,35000000,100000000,0,100000000,600000000,3000000000,753,yes
fy-2026-27-development-book-volume-iii-1104-2111,1169,State Department for Agriculture,head,1169103600,Development of Agriculture Technology Innovation centres,256000000,249952087,0,249952087,500000000,340000000,753,yes
fy-2026-27-development-book-volume-iii-1104-2111,1169,State Department for Agriculture,head,1169103800,Youth and Women Empowerment in Modern Agriculture Project,200000000,36000000,0,36000000,0,0,753,yes
fy-2026-27-development-book-volume-iii-1104-2111,1169,State Department for Agriculture,head,1169103900,Food Security and Crop Diversification Project-BETA,2738167240,527050000,0,527050000,1031400000,668900000,753,yes
fy-2026-27-development-book-volume-iii-1104-2111,1169,State Department for Agriculture,head,1169104000,Construction of Headquarters and Satellite Campuses for KSA,222000000,130000000,0,130000000,1346800000,874857143,753,yes
fy-2026-27-development-book-volume-iii-1104-2111,1169,State Department for Agriculture,head,1169104100,Construction of Educational Complex at Bukura Agricultural College,0,50000000,0,50000000,120000000,79000000,753,yes
fy-2026-27-development-book-volume-iii-1104-2111,1169,State Department for Agriculture,head,1169104700,Capacity Building for Enhancement of Rice Production (CADREP)- BETA 2356,10000000,56000000,46000000,10000000,57000000,56000000,753,yes
fy-2026-27-development-book-volume-iii-1104-2111,1169,State Department for Agriculture,head,1169105000,Smallholder Horticulture Empowerment Project (SHEP Biz),10000000,85000000,65000000,20000000,115000000,125000000,754,yes
fy-2026-27-development-book-volume-iii-1104-2111,1169,State Department for Agriculture,head,1169105400,Construction of Residual Laboratory at PCPB,0,50000000,0,50000000,0,0,754,yes
fy-2026-27-development-book-volume-iii-1104-2111,1169,State Department for Agriculture,head,1169106600,Cotton Industry Revitalization Project-BETA,0,150000000,150000000,0,180000000,0,754,yes
fy-2026-27-development-book-volume-iii-1104-2111,1169,State Department for Agriculture,head,1169106900,Enable Youth Kenya Programme,339000000,1320000000,273000000,1047000000,0,0,754,yes
fy-2026-27-development-book-volume-iii-1104-2111,1169,State Department for Agriculture,head,1169107000,National Value Chain Support Programme-BETA,99300000,85000000,0,85000000,1583800000,1623300000,754,yes
fy-2026-27-development-book-volume-iii-1104-2111,1169,State Department for Agriculture,head,1169109100,Resilience for Food & Nutrition Security Program in Horn of Africa,280600000,1590000000,1290000000,300000000,824700000,446200000,754,yes
fy-2026-27-development-book-volume-iii-1104-2111,1169,State Department for Agriculture,head,1169109400,National Agricultural Value Chain Development Project (NAVCDP)- BETA,9741000000,4675000000,0,4675000000,678000000,0,754,yes
fy-2026-27-development-book-volume-iii-1104-2111,1169,State Department for Agriculture,head,1169109700,National Edible Oil Crops Promotion Project-BETA,0,320000000,320000000,0,197000000,0,754,yes
fy-2026-27-development-book-volume-iii-1104-2111,1169,State Department for Agriculture,head,1169109800,Horticultural Produce Compliance Enhancement Project,0,300000000,300000000,0,292000000,0,754,yes
fy-2026-27-development-book-volume-iii-1104-2111,1169,State Department for Agriculture,head,1169110100,Crop Post-Harvest Management,150000000,0,0,0,0,0,754,yes
fy-2026-27-development-book-volume-iii-1104-2111,1169,State Department for Agriculture,head,1169110200,Establishment of NCPB Warehouse - Siaya,15000000,0,0,0,0,0,754,yes
fy-2026-27-development-book-volume-iii-1104-2111,1169,State Department for Agriculture,head,1169110300,Construction of Omoloi Agricultural Training College - Busia 2357,0,20000000,0,20000000,207200000,134142857,754,yes
fy-2026-27-development-book-volume-iii-1104-2111,1169,State Department for Agriculture,head,1169110400,Development of Aggregation Centres,188000000,262000000,0,262000000,367300000,429800000,755,yes
fy-2026-27-development-book-volume-iii-1104-2111,1169,State Department for Agriculture,head,1169110500,Kenya Agricultural Business Development Programme (KABDP),8100000,0,0,0,0,0,755,yes
fy-2026-27-development-book-volume-iii-1104-2111,1169,State Department for Agriculture,head,1169110600,Food Systems Resilience Project,5559744171,5413000000,0,5413000000,4587000000,3092000000,755,yes
fy-2026-27-development-book-volume-iii-1104-2111,1169,State Department for Agriculture,head,1169110800,KEPHIS Embu Office,0,100000000,100000000,0,100000000,0,755,yes
fy-2026-27-development-book-volume-iii-1104-2111,1169,State Department for Agriculture,head,1169111100,MSMEs Agricultural Credit - AFC,1150000000,1000000000,0,1000000000,350000000,0,755,yes
fy-2026-27-development-book-volume-iii-1104-2111,1169,State Department for Agriculture,head,1169111200,Public Participation Projects,148000000,0,0,0,0,0,755,yes
fy-2026-27-development-book-volume-iii-1104-2111,1169,State Department for Agriculture,head,1169111500,Integrated Natural Resources Management Programme (NReMP),300000000,2491100000,0,2491100000,4922099979,6350677404,755,yes
fy-2026-27-development-book-volume-iii-1104-2111,1169,State Department for Agriculture,head,1169111600,Seeds and Seedlings Production Project,1793000000,8500000,0,8500000,0,0,755,yes
fy-2026-27-development-book-volume-iii-1104-2111,1169,State Department for Agriculture,head,1169111800,Tea Reforms Programme,1000000000,300000000,0,300000000,150000000,150000000,755,yes
fy-2026-27-development-book-volume-iii-1104-2111,1169,State Department for Agriculture,head,1169111900,Strengthening Public Support - Business Development in Agro-Industry,0,20000000,20000000,0,0,0,755,yes
fy-2026-27-development-book-volume-iii-1104-2111,1169,State Department for Agriculture,head,1169112000,Construction of Embu and Mtwapa Offices PCPB,0,200000000,200000000,0,0,0,755,yes
fy-2026-27-development-book-volume-iii-1104-2111,1169,State Department for Agriculture,head,1169112100,Revamping GMO Safety Measures in Kenya 2358,0,200000000,200000000,0,169500000,101200000,755,yes
fy-2026-27-development-book-volume-iii-1104-2111,1169,State Department for Agriculture,head,1169112200,Seed cane Multiplication and Popularization,0,300000000,300000000,0,200000000,231400000,756,yes
fy-2026-27-development-book-volume-iii-1104-2111,1169,State Department for Agriculture,head,1169112300,Seed Subsidy Programme,0,2000000000,0,2000000000,2700000000,2700000000,756,yes
fy-2026-27-development-book-volume-iii-1104-2111,1169,State Department for Agriculture,vote_total,,TOTAL FOR VOTE,45898911411,42968602087,3734000000,39234602087,29290899979,33434077404,756,yes
fy-2026-27-development-book-volume-iii-1104-2111,1173,State Department for Cooperatives,head,1173100400,Cooperative Management Information System,127000000,50000000,0,50000000,50000000,0,810,yes
fy-2026-27-development-book-volume-iii-1104-2111,1173,State Department for Cooperatives,head,1173100500,Modernization of Cooperative Cotton Ginneries,0,178000000,0,178000000,242000000,120000000,810,yes
fy-2026-27-development-book-volume-iii-1104-2111,1173,State Department for Cooperatives,head,1173100700,Dairy Processing (Powdered Milk),2400000000,500000000,0,500000000,1000000000,1000000000,810,yes
fy-2026-27-development-book-volume-iii-1104-2111,1173,State Department for Cooperatives,head,1173100800,Modernization of Cooperative Cotton Gineries - BETA,120000000,20000000,0,20000000,258000000,380000000,810,yes
fy-2026-27-development-book-volume-iii-1104-2111,1173,State Department for Cooperatives,head,1173100900,Coffee Industry Revitalization - BETA,274377900,250000000,0,250000000,500000000,500000000,810,yes
fy-2026-27-development-book-volume-iii-1104-2111,1173,State Department for Cooperatives,head,1173101600,Modernization of New KPCU Warehouses,350000000,532760000,0,532760000,86770000,250020000,810,yes
fy-2026-27-development-book-volume-iii-1104-2111,1173,State Department for Cooperatives,head,1173101900,Upgrading of Runyenjes Milk Factory,100000000,0,0,0,0,0,810,yes
fy-2026-27-development-book-volume-iii-1104-2111,1173,State Department for Cooperatives,vote_total,,TOTAL FOR VOTE,3371377900,1530760000,0,1530760000,2136770000,2250020000,810,yes
fy-2026-27-development-book-volume-iii-1104-2111,1174,State Department for Trade,head,1174100500,Modernization of standards Laboratory,0,67508293,0,67508293,310162809,247795879,817,yes
fy-2026-27-development-book-volume-iii-1104-2111,1174,State Department for Trade,head,1174100600,Establishment of Commodities Exchange Platform,135000000,149767307,0,149767307,152971978,111200000,817,yes
fy-2026-27-development-book-volume-iii-1104-2111,1174,State Department for Trade,head,1174101100,Warehouse Refurbishment (KNTC),30000000,35000000,0,35000000,50000000,147800000,817,yes
fy-2026-27-development-book-volume-iii-1104-2111,1174,State Department for Trade,head,1174103100,Warehouse Receipt System Council,134845500,149000000,0,149000000,92355213,130784121,817,yes
fy-2026-27-development-book-volume-iii-1104-2111,1174,State Department for Trade,vote_total,,TOTAL FOR VOTE,299845500,401275600,0,401275600,605490000,637580000,817,yes
fy-2026-27-development-book-volume-iii-1104-2111,1175,State Department for Industry,head,1175100500,Development of Leather Industrial Park - Kenanie,235000000,200000000,0,200000000,1546500000,1413800000,821,yes
fy-2026-27-development-book-volume-iii-1104-2111,1175,State Department for Industry,head,1175101000,Construction of Industrial Research Laboratories -KIRDI South B- BETA,500000000,500000000,0,500000000,1472300000,2233250000,821,yes
fy-2026-27-development-book-volume-iii-1104-2111,1175,State Department for Industry,head,1175101500,Infrastructure and civil works Development - KITI-BETA,57254000,177550000,0,177550000,298290000,150000000,821,yes
fy-2026-27-development-book-volume-iii-1104-2111,1175,State Department for Industry,head,1175102900,Kenya Industry and Entreprenuership Project-BETA,92429310,0,0,0,0,0,821,yes
fy-2026-27-development-book-volume-iii-1104-2111,1175,State Department for Industry,head,1175103700,Enhancement of the Accreditation Programme in Kenya - KENAS- BETA,100000000,150000000,0,150000000,63610000,0,821,yes
fy-2026-27-development-book-volume-iii-1104-2111,1175,State Department for Industry,head,1175103800,County Aggregation Industrial Parks,4705400000,3850000000,0,3850000000,4474760000,4474760000,821,yes
fy-2026-27-development-book-volume-iii-1104-2111,1175,State Department for Industry,vote_total,,TOTAL FOR VOTE,5690083310,4877550000,0,4877550000,7855460000,8271810000,821,yes
fy-2026-27-development-book-volume-iii-1104-2111,1176,"State Department for Micro, Small and Medium Enterprises Development",head,1176100100,Construction of Constituency Industrial Dev. Centres (CIDCs)-BETA,108779500,141000000,0,141000000,200000000,200000000,827,yes
fy-2026-27-development-book-volume-iii-1104-2111,1176,"State Department for Micro, Small and Medium Enterprises Development",head,1176100400,Financial Inclusion Fund (Hustler Fund)-BETA,300000000,0,0,0,0,0,827,yes
fy-2026-27-development-book-volume-iii-1104-2111,1176,"State Department for Micro, Small and Medium Enterprises Development",head,1176100600,Youth Employment and Enterprise Initiative-BETA,50000000,100000000,0,100000000,175000000,183080000,827,yes
fy-2026-27-development-book-volume-iii-1104-2111,1176,"State Department for Micro, Small and Medium Enterprises Development",head,1176100700,Centre for Entreprenuership Project-BETA,50000000,550000000,200000000,350000000,550000000,550000000,827,yes
fy-2026-27-development-book-volume-iii-1104-2111,1176,"State Department for Micro, Small and Medium Enterprises Development",head,1176100900,National Youth Opportunities Towards Advancement (NYOTA),4777800000,1604785000,0,1604785000,2647850000,2647850000,827,yes
fy-2026-27-development-book-volume-iii-1104-2111,1176,"State Department for Micro, Small and Medium Enterprises Development",head,1176101000,Kenya Jobs Economic Transformation (KJET),548000000,800000000,0,800000000,1000000000,1000000000,827,yes
fy-2026-27-development-book-volume-iii-1104-2111,1176,"State Department for Micro, Small and Medium Enterprises Development",head,1176101100,Centre for Excellence,25000000,25030000,0,25030000,71580000,90000000,827,yes
fy-2026-27-development-book-volume-iii-1104-2111,1176,"State Department for Micro, Small and Medium Enterprises Development",head,1176101200,Construction of Cold Storage Facilities,40000000,40000000,0,40000000,100000000,100000000,827,yes
fy-2026-27-development-book-volume-iii-1104-2111,1176,"State Department for Micro, Small and Medium Enterprises Development",head,1176101300,Refurbishment of KIBT Parklands Building,40000000,40000000,0,40000000,0,0,827,yes
fy-2026-27-development-book-volume-iii-1104-2111,1176,"State Department for Micro, Small and Medium Enterprises Development",head,1176101400,Nairobi Industrial Park - KIE,55000000,0,0,0,0,0,827,yes
fy-2026-27-development-book-volume-iii-1104-2111,1176,"State Department for Micro, Small and Medium Enterprises Development",vote_total,,TOTAL FOR VOTE,5994579500,3300815000,200000000,3100815000,4744430000,4770930000,827,yes
fy-2026-27-development-book-volume-iii-1104-2111,1177,State Department for Investment Promotion,head,1177100100,Development of Special Economic Zones-BETA,504000000,504000000,0,504000000,850550000,900000000,836,yes
fy-2026-27-development-book-volume-iii-1104-2111,1177,State Department for Investment Promotion,head,1177100200,Development of Athi River Textile Hub - EPZA-BETA,602000000,602000000,0,602000000,900000000,960710000,836,yes
fy-2026-27-development-book-volume-iii-1104-2111,1177,State Department for Investment Promotion,head,1177100300,Establishment of One Stop Centre (OSC) for Investment& Office p- BETA,0,40000000,0,40000000,0,0,836,yes
fy-2026-27-development-book-volume-iii-1104-2111,1177,State Department for Investment Promotion,head,1177100600,Flagship Export Processing Zone Hubs (EPZA)-BETA,705026000,705026000,0,705026000,1460000000,1520000000,836,yes
fy-2026-27-development-book-volume-iii-1104-2111,1177,State Department for Investment Promotion,head,1177100700,Kenya Job and Economic Transformation (KJET) Project,1100000000,1600000000,0,1600000000,900000000,900000000,836,yes
fy-2026-27-development-book-volume-iii-1104-2111,1177,State Department for Investment Promotion,vote_total,,TOTAL FOR VOTE,2911026000,3451026000,0,3451026000,4110550000,4280710000,836,yes
fy-2026-27-development-book-volume-iii-1104-2111,1184,State Department for Labour and Skills Development,head,1184100100,Construction of Meru County Labour offices,6440000,0,0,0,0,0,845,yes
fy-2026-27-development-book-volume-iii-1104-2111,1184,State Department for Labour and Skills Development,head,1184100300,Construction of Occupational Safety & Health-OSH-Institute-Phase I,51021830,111280000,0,111280000,58480000,0,845,yes
fy-2026-27-development-book-volume-iii-1104-2111,1184,State Department for Labour and Skills Development,head,1184100600,Construction of National Employment Promotion centre Kabete,150000000,150000000,0,150000000,150000000,103790000,845,yes
fy-2026-27-development-book-volume-iii-1104-2111,1184,State Department for Labour and Skills Development,head,1184100800,Upgrading of Kisumu Industrial Training Centre (KITC),0,0,0,0,65000000,50000000,845,yes
fy-2026-27-development-book-volume-iii-1104-2111,1184,State Department for Labour and Skills Development,head,1184102100,Establishment of Occupational Safety & Health (OSH) Institute-Phase2,5140000,0,0,0,50000000,200000000,845,yes
fy-2026-27-development-book-volume-iii-1104-2111,1184,State Department for Labour and Skills Development,head,1184103000,National Youth Opportunites Towards Advancement (NYOTA) Project,640000000,1415000000,0,1415000000,813730000,813730000,845,yes
fy-2026-27-development-book-volume-iii-1104-2111,1184,State Department for Labour and Skills Development,head,1184103100,ERP System Upgrade and Human Capital Transformation,0,0,0,0,150000000,270000000,845,yes
fy-2026-27-development-book-volume-iii-1104-2111,1184,State Department for Labour and Skills Development,vote_total,,TOTAL FOR VOTE,852601830,1676280000,0,1676280000,1287210000,1437520000,845,yes
fy-2026-27-development-book-volume-iii-1104-2111,1185,State Department for Social Protection and Senior Citizens Affairs,head,1185100500,Renovation of Vocation Rehabilitation Centres (VRCs),15000000,40000000,0,40000000,70000000,89000000,852,yes
fy-2026-27-development-book-volume-iii-1104-2111,1185,State Department for Social Protection and Senior Citizens Affairs,head,1185100600,Educational Equipment for Vocational Rehabilitation Centres,14000000,30000000,0,30000000,100000000,107000000,852,yes
fy-2026-27-development-book-volume-iii-1104-2111,1185,State Department for Social Protection and Senior Citizens Affairs,head,1185100900,Upgrading of Community Capacity Support Centres in Kirinyaga & Kilif,10000000,0,0,0,20000000,40000000,852,yes
fy-2026-27-development-book-volume-iii-1104-2111,1185,State Department for Social Protection and Senior Citizens Affairs,head,1185104000,Kenya Social and Economic Inclusion Project,158130780,1900000000,0,1900000000,640300000,640300000,852,yes
fy-2026-27-development-book-volume-iii-1104-2111,1185,State Department for Social Protection and Senior Citizens Affairs,head,1185106500,Renovations of Muranga Social Development Offices,10230000,30000000,0,30000000,0,0,852,yes
fy-2026-27-development-book-volume-iii-1104-2111,1185,State Department for Social Protection and Senior Citizens Affairs,head,1185106700,"Refurb-Kitui,Embu,Kajiado,Kwale offices (Adult Learning Education)",0,8000000,0,8000000,0,0,852,yes
fy-2026-27-development-book-volume-iii-1104-2111,1185,State Department for Social Protection and Senior Citizens Affairs,vote_total,,TOTAL FOR VOTE,207360780,2008000000,0,2008000000,830300000,876300000,852,yes
fy-2026-27-development-book-volume-iii-1104-2111,1186,State Department for Children Services,head,1186100100,Construction of Meru Children's Remand Home,1960000,0,0,0,0,0,864,yes
fy-2026-27-development-book-volume-iii-1104-2111,1186,State Department for Children Services,head,1186100200,Construct Kitchen & Dormitory at Dagoretti Children's Rehab. School,15000000,30000000,0,30000000,0,0,864,yes
fy-2026-27-development-book-volume-iii-1104-2111,1186,State Department for Children Services,head,1186100300,Rehabilitation of Machakos Children Rescue Centre,6000000,42000000,0,42000000,21010000,50000000,864,yes
fy-2026-27-development-book-volume-iii-1104-2111,1186,State Department for Children Services,head,1186100400,"Fencing of Vocational, Rehabilitation and Remand Homes",25000000,20090000,0,20090000,10000000,100000000,864,yes
fy-2026-27-development-book-volume-iii-1104-2111,1186,State Department for Children Services,head,1186100800,Fencing of Getathuru National Reception and Classification Center,4420000,0,0,0,0,0,864,yes
fy-2026-27-development-book-volume-iii-1104-2111,1186,State Department for Children Services,head,1186101000,Renovation of Murang'a Children's Remand Home,3680000,0,0,0,0,0,864,yes
fy-2026-27-development-book-volume-iii-1104-2111,1186,State Department for Children Services,head,1186101300,Kericho Children's Rehabilitation School and Remand Home,6440000,0,0,0,0,0,864,yes
fy-2026-27-development-book-volume-iii-1104-2111,1186,State Department for Children Services,head,1186101400,Fencing at The Othaya Children's Rehabilitation School - Nyeri,6630000,0,0,0,0,0,864,yes
fy-2026-27-development-book-volume-iii-1104-2111,1186,State Department for Children Services,head,1186101500,Fencing of Kakamega Children's Remand Home,4710000,0,0,0,0,0,864,yes
fy-2026-27-development-book-volume-iii-1104-2111,1186,State Department for Children Services,head,1186101600,Kakamega Children's Rehabilitation School,9600000,16900000,0,16900000,0,0,864,yes
fy-2026-27-development-book-volume-iii-1104-2111,1186,State Department for Children Services,head,1186101700,Renovation of Mt Elgon sub-county Children's Office 2467,1590000,0,0,0,0,0,864,yes
fy-2026-27-development-book-volume-iii-1104-2111,1186,State Department for Children Services,head,1186101800,Construction of Ijaara sub-county Children's Office,2600000,0,0,0,0,0,865,yes
fy-2026-27-development-book-volume-iii-1104-2111,1186,State Department for Children Services,head,1186102000,Street Families Model Rehabilitation Center,46000000,0,0,0,0,0,865,yes
fy-2026-27-development-book-volume-iii-1104-2111,1186,State Department for Children Services,head,1186102100,Replacement of Asbestos Roofing & Renovation of Statutory Children I,50000000,31010000,0,31010000,68990000,0,865,yes
fy-2026-27-development-book-volume-iii-1104-2111,1186,State Department for Children Services,head,1186102400,Kenya Social and Economic Inclusion Project (KSEIP II),0,600000000,0,600000000,0,0,865,yes
fy-2026-27-development-book-volume-iii-1104-2111,1186,State Department for Children Services,vote_total,,TOTAL FOR VOTE,183630000,740000000,0,740000000,100000000,150000000,865,yes
fy-2026-27-development-book-volume-iii-1104-2111,1192,State Department for Mining,head,1192100200,Geological Data Bank Project-BETA,0,75000000,75000000,0,95540000,95540000,878,yes
fy-2026-27-development-book-volume-iii-1104-2111,1192,State Department for Mining,head,1192100300,Online Transactional Mining Cadastre Portal-BETA,5000000,83000000,83000000,0,102520000,0,878,yes
fy-2026-27-development-book-volume-iii-1104-2111,1192,State Department for Mining,head,1192100400,Mineral Audit Support-BETA,13061968,75000000,75000000,0,77800000,115190000,878,yes
fy-2026-27-development-book-volume-iii-1104-2111,1192,State Department for Mining,head,1192100500,Mineral Certification Laboratory,53000000,80000000,47700000,32300000,158880000,205000000,878,yes
fy-2026-27-development-book-volume-iii-1104-2111,1192,State Department for Mining,head,1192100600,Geological Mapping and Mineral Exploration,73000000,120000000,0,120000000,150000000,165000000,878,yes
fy-2026-27-development-book-volume-iii-1104-2111,1192,State Department for Mining,head,1192100700,Gemstone Value Addition Centre- Taita Taveta,10810000,0,0,0,0,0,878,yes
fy-2026-27-development-book-volume-iii-1104-2111,1192,State Department for Mining,head,1192101600,Rehabilitation of Madini House,0,45000000,45000000,0,49000000,97810000,878,yes
fy-2026-27-development-book-volume-iii-1104-2111,1192,State Department for Mining,head,1192102100,Geo Technical Site Investigations,20000000,0,0,0,0,153460000,878,yes
fy-2026-27-development-book-volume-iii-1104-2111,1192,State Department for Mining,vote_total,,TOTAL FOR VOTE,174871968,478000000,325700000,152300000,633740000,832000000,878,yes
fy-2026-27-development-book-volume-iii-1104-2111,1193,State Department for Petroleum,head,1193100200,Petroleum Exploration in Block T11,45000000,0,0,0,0,0,886,yes
fy-2026-27-development-book-volume-iii-1104-2111,1193,State Department for Petroleum,head,1193100400,Exploration and Distribution of Oil and Gas,55000000,0,0,0,0,0,886,yes
fy-2026-27-development-book-volume-iii-1104-2111,1193,State Department for Petroleum,vote_total,,TOTAL FOR VOTE,100000000,0,0,0,0,0,886,yes
fy-2026-27-development-book-volume-iii-1104-2111,1202,State Department for Tourism,head,1202104000,Tourism Fund (TF),0,6018000000,5941000000,77000000,6290500000,6088200000,893,yes
fy-2026-27-development-book-volume-iii-1104-2111,1202,State Department for Tourism,vote_total,,TOTAL FOR VOTE,0,6018000000,5941000000,77000000,6290500000,6088200000,893,yes
fy-2026-27-development-book-volume-iii-1104-2111,1203,State Department for Wildlife,head,1203100100,Modernisation of the antipoaching Technology,30000000,45000000,0,45000000,100000000,180000000,908,yes
fy-2026-27-development-book-volume-iii-1104-2111,1203,State Department for Wildlife,head,1203100200,Human wildlife mitigation programme-BETA,150000000,300000000,0,300000000,400000000,555000000,908,yes
fy-2026-27-development-book-volume-iii-1104-2111,1203,State Department for Wildlife,head,1203100300,Ranger Housing Programme,100000000,100000000,0,100000000,455000000,320000000,908,yes
fy-2026-27-development-book-volume-iii-1104-2111,1203,State Department for Wildlife,head,1203100500,Wildlife resource centres,19000000,38000000,0,38000000,0,0,908,yes
fy-2026-27-development-book-volume-iii-1104-2111,1203,State Department for Wildlife,head,1203100600,Refurbishment of NSSF Building,0,19000000,0,19000000,0,0,908,yes
fy-2026-27-development-book-volume-iii-1104-2111,1203,State Department for Wildlife,head,1203100800,Maintenance of Access Roads and Airstrips in Parks & Conservancies,676993700,431000000,0,431000000,475000000,880000000,908,yes
fy-2026-27-development-book-volume-iii-1104-2111,1203,State Department for Wildlife,head,1203101300,Combating Poaching & Illegal Wildlife Trafficking Int. Approach(IWT),42086968,0,0,0,0,0,908,yes
fy-2026-27-development-book-volume-iii-1104-2111,1203,State Department for Wildlife,head,1203101600,Rehabilitation of Research & Training Facilities at Naivasha HQ,89000000,99000000,0,99000000,170000000,300000000,908,yes
fy-2026-27-development-book-volume-iii-1104-2111,1203,State Department for Wildlife,head,1203101700,Construction & Equipping of Four Research and Training Centers- BETA,100000000,226000000,0,226000000,300000000,430000000,908,yes
fy-2026-27-development-book-volume-iii-1104-2111,1203,State Department for Wildlife,head,1203101800,National Integrated Wildlife Data Portal,62000000,0,0,0,0,0,908,yes
fy-2026-27-development-book-volume-iii-1104-2111,1203,State Department for Wildlife,head,1203102100,Habitat Restoration Programme 2511,310000000,372000000,0,372000000,422000000,797000000,908,yes
fy-2026-27-development-book-volume-iii-1104-2111,1203,State Department for Wildlife,head,1203102400,Water for Wildlife in Conservancies,37000000,100000000,0,100000000,200000000,350000000,909,yes
fy-2026-27-development-book-volume-iii-1104-2111,1203,State Department for Wildlife,head,1203103300,Park Roads - Tsavo West,150000000,0,0,0,0,0,909,yes
fy-2026-27-development-book-volume-iii-1104-2111,1203,State Department for Wildlife,head,1203103400,Lake Kamnorok Access Road,60000000,0,0,0,0,0,909,yes
fy-2026-27-development-book-volume-iii-1104-2111,1203,State Department for Wildlife,head,1203103500,Wildlife Drought Intervention,210000000,0,0,0,0,0,909,yes
fy-2026-27-development-book-volume-iii-1104-2111,1203,State Department for Wildlife,head,1203103600,Fencing of Rimoi National Reserve,205000000,0,0,0,0,0,909,yes
fy-2026-27-development-book-volume-iii-1104-2111,1203,State Department for Wildlife,vote_total,,TOTAL FOR VOTE,2241080668,1730000000,0,1730000000,2522000000,3812000000,909,yes
fy-2026-27-development-book-volume-iii-1104-2111,1212,State Department for Gender and Affirmative Action,head,1212100300,Affirmative Action Social Development Fund,4484406145,4000000000,0,4000000000,4000000000,4000000000,931,yes
fy-2026-27-development-book-volume-iii-1104-2111,1212,State Department for Gender and Affirmative Action,head,1212100900,Strengthening Prevention & Response to GBV in Kenya - BETA,54000000,0,0,0,0,0,931,yes
fy-2026-27-development-book-volume-iii-1104-2111,1212,State Department for Gender and Affirmative Action,head,1212101100,GoK/ UNFPA 10th Country Programme,29949404,18000000,0,18000000,58800,0,931,yes
fy-2026-27-development-book-volume-iii-1104-2111,1212,State Department for Gender and Affirmative Action,head,1212101300,Public Participation Projects,45000000,95000000,0,95000000,0,0,931,yes
fy-2026-27-development-book-volume-iii-1104-2111,1212,State Department for Gender and Affirmative Action,head,1212101400,Psychological Empowerment & Career Enhancement Initiative(PEACE),0,100000000,0,100000000,0,0,931,yes
fy-2026-27-development-book-volume-iii-1104-2111,1212,State Department for Gender and Affirmative Action,vote_total,,TOTAL FOR VOTE,4613355549,4213000000,0,4213000000,4000058800,4000000000,931,yes
fy-2026-27-development-book-volume-iii-1104-2111,1213,State Department for Public Service and Human Capital Development,head,1213100100,Implementation of Huduma Service Delivery Channels,158000000,222629272,0,222629272,404500000,300000000,938,yes
fy-2026-27-development-book-volume-iii-1104-2111,1213,State Department for Public Service and Human Capital Development,head,1213100200,Construction of Tuition Complex at KSG Matuga,0,126500000,0,126500000,361700000,0,938,yes
fy-2026-27-development-book-volume-iii-1104-2111,1213,State Department for Public Service and Human Capital Development,head,1213100300,Construction of Tuition Complex at KSG Baringo,234405740,151600000,0,151600000,0,0,938,yes
fy-2026-27-development-book-volume-iii-1104-2111,1213,State Department for Public Service and Human Capital Development,head,1213100400,Construction of Hostels at KSG Embu,0,0,0,0,0,537000000,938,yes
fy-2026-27-development-book-volume-iii-1104-2111,1213,State Department for Public Service and Human Capital Development,head,1213100500,Completion of Ultra-Modern Complex at KSG-Mombasa,150000000,0,0,0,0,0,938,yes
fy-2026-27-development-book-volume-iii-1104-2111,1213,State Department for Public Service and Human Capital Development,head,1213100700,Upgrade of Government Human Resource Information System-GHRIS & IPPD,0,200000000,0,200000000,200000000,300000000,938,yes
fy-2026-27-development-book-volume-iii-1104-2111,1213,State Department for Public Service and Human Capital Development,head,1213100900,Construction of Buildings and Other Infrastructure in NYS,115000000,141500000,0,141500000,231300000,0,938,yes
fy-2026-27-development-book-volume-iii-1104-2111,1213,State Department for Public Service and Human Capital Development,head,1213101100,JDS Human Resource Development Scholarship,20000000,423700000,400000000,23700000,30000000,40000000,938,yes
fy-2026-27-development-book-volume-iii-1104-2111,1213,State Department for Public Service and Human Capital Development,head,1213101300,Public Participation Projects,201776371,95000000,0,95000000,0,0,938,yes
fy-2026-27-development-book-volume-iii-1104-2111,1213,State Department for Public Service and Human Capital Development,head,1213101400,Human Resource Examination System,0,40000000,0,40000000,50500000,0,938,yes
fy-2026-27-development-book-volume-iii-1104-2111,1213,State Department for Public Service and Human Capital Development,head,1213101500,KSG Hostel Rehabilitation - Lower Kabete 2541,700000000,0,0,0,0,0,938,yes
fy-2026-27-development-book-volume-iii-1104-2111,1213,State Department for Public Service and Human Capital Development,head,1213101600,KSG Vihiga project,100000000,100000000,0,100000000,100000000,310000000,939,yes
fy-2026-27-development-book-volume-iii-1104-2111,1213,State Department for Public Service and Human Capital Development,head,1213101700,Robert Ouko Leadership Academy Kisumu - KSG,100000000,0,0,0,0,0,939,yes
fy-2026-27-development-book-volume-iii-1104-2111,1213,State Department for Public Service and Human Capital Development,head,1213101900,Modernization of the Public Service Club,0,10000000,0,10000000,35000000,0,939,yes
fy-2026-27-development-book-volume-iii-1104-2111,1213,State Department for Public Service and Human Capital Development,head,1213102000,Kitui Rural Huduma Centre,0,17000000,0,17000000,0,0,939,yes
fy-2026-27-development-book-volume-iii-1104-2111,1213,State Department for Public Service and Human Capital Development,vote_total,,TOTAL FOR VOTE,1779182111,1527929272,400000000,1127929272,1413000000,1487000000,939,yes
fy-2026-27-development-book-volume-iii-1104-2111,1252,State Law Office,head,1252100300,Ultra-Modern Library & Moot Court-Kenya School of Law-Karen,50000000,20000000,0,20000000,100000000,120000000,956,yes
fy-2026-27-development-book-volume-iii-1104-2111,1252,State Law Office,head,1252100500,Refurbishment sheria House and company's Registry-Nairobi,140000000,50000000,0,50000000,56000000,0,956,yes
fy-2026-27-development-book-volume-iii-1104-2111,1252,State Law Office,head,1252102500,Construction of Office Buildings - Field Offices,0,0,0,0,0,100000000,956,yes
fy-2026-27-development-book-volume-iii-1104-2111,1252,State Law Office,head,1252102600,Automation of the State Law Office Services,110000000,230000000,0,230000000,201770000,269330000,956,yes
fy-2026-27-development-book-volume-iii-1104-2111,1252,State Law Office,vote_total,,TOTAL FOR VOTE,300000000,300000000,0,300000000,357770000,489330000,956,yes
fy-2026-27-development-book-volume-iii-1104-2111,1271,Ethics and Anti-Corruption Commission,head,1271100300,Refurbishment of EACC Headquarters,180000000,123000000,0,123000000,205550000,153870000,960,yes
fy-2026-27-development-book-volume-iii-1104-2111,1271,Ethics and Anti-Corruption Commission,head,1271100400,Automation of EACC Business Processes,0,0,0,0,0,127270000,960,yes
fy-2026-27-development-book-volume-iii-1104-2111,1271,Ethics and Anti-Corruption Commission,vote_total,,TOTAL FOR VOTE,180000000,123000000,0,123000000,205550000,281140000,960,yes
fy-2026-27-development-book-volume-iii-1104-2111,1291,Office of the Director of Public Prosecutions,head,1291100400,Wajir ODPP Office,0,0,0,0,0,18000000,963,yes
fy-2026-27-development-book-volume-iii-1104-2111,1291,Office of the Director of Public Prosecutions,head,1291100600,Turkana ODPP Office,0,0,0,0,18000000,20000000,963,yes
fy-2026-27-development-book-volume-iii-1104-2111,1291,Office of the Director of Public Prosecutions,head,1291100700,Containerized Offices,25000000,25000000,0,25000000,12490000,12500000,963,yes
fy-2026-27-development-book-volume-iii-1104-2111,1291,Office of the Director of Public Prosecutions,head,1291100800,Refurbishment of ODPP County Office,10000000,0,0,0,0,0,963,yes
fy-2026-27-development-book-volume-iii-1104-2111,1291,Office of the Director of Public Prosecutions,head,1291101000,UNFPA 8th Country Programme on FGM,6000000,6000000,0,6000000,6000000,6000000,963,yes
fy-2026-27-development-book-volume-iii-1104-2111,1291,Office of the Director of Public Prosecutions,head,1291101500,Construction of Prosecution Training Institute (PTI),20650965,0,0,0,0,0,963,yes
fy-2026-27-development-book-volume-iii-1104-2111,1291,Office of the Director of Public Prosecutions,head,1291101700,Uadilifu Case Management System,24349035,10000000,0,10000000,10000000,9500000,963,yes
fy-2026-27-development-book-volume-iii-1104-2111,1291,Office of the Director of Public Prosecutions,head,1291101800,Construction of ODPP Offices,0,0,0,0,18000000,20000000,963,yes
fy-2026-27-development-book-volume-iii-1104-2111,1291,Office of the Director of Public Prosecutions,head,1291101900,Acquisition of ODPP headquarters - Union House,200000000,450000000,0,450000000,0,0,963,yes
fy-2026-27-development-book-volume-iii-1104-2111,1291,Office of the Director of Public Prosecutions,vote_total,,TOTAL FOR VOTE,286000000,491000000,0,491000000,64490000,86000000,963,yes
fy-2026-27-development-book-volume-iii-1104-2111,1331,State Department for Environment & Climate Change,head,1331100200,Phasing out Ozone Depleting Substances Project Operationalized,20000000,20000000,0,20000000,40000000,35000000,971,yes
fy-2026-27-development-book-volume-iii-1104-2111,1331,State Department for Environment & Climate Change,head,1331100400,Green Innovation Award Project-NetFund,8500000,18500000,0,18500000,40000000,80000000,971,yes
fy-2026-27-development-book-volume-iii-1104-2111,1331,State Department for Environment & Climate Change,head,1331100500,Purchase of digital instrument,30000000,152000000,0,152000000,0,0,971,yes
fy-2026-27-development-book-volume-iii-1104-2111,1331,State Department for Environment & Climate Change,head,1331100600,High Performance Computing Platform,20000000,0,0,0,0,0,971,yes
fy-2026-27-development-book-volume-iii-1104-2111,1331,State Department for Environment & Climate Change,head,1331100700,Acquisition of CAT 3 Airport Weather Observing System-AWOS- Phase III,70000000,0,0,0,0,0,971,yes
fy-2026-27-development-book-volume-iii-1104-2111,1331,State Department for Environment & Climate Change,head,1331100800,Acquisition of CAT 3 Automatic Weather Stations (AWS) - Phase IV,15000000,20000000,0,20000000,0,0,971,yes
fy-2026-27-development-book-volume-iii-1104-2111,1331,State Department for Environment & Climate Change,head,1331100900,Weather Radar Surveillance Network,94000000,112000000,0,112000000,0,0,971,yes
fy-2026-27-development-book-volume-iii-1104-2111,1331,State Department for Environment & Climate Change,head,1331101000,Construction of Centres of excellence and innovation on environment,8500000,8500000,0,8500000,50000000,122000000,971,yes
fy-2026-27-development-book-volume-iii-1104-2111,1331,State Department for Environment & Climate Change,head,1331101300,National Solid Waste Management,20000000,2470000000,0,2470000000,120000000,190000000,971,yes
fy-2026-27-development-book-volume-iii-1104-2111,1331,State Department for Environment & Climate Change,head,1331101600,Community Livelihood Improvement Programme (CLIP),10000000,30000000,0,30000000,100000000,120000000,971,yes
fy-2026-27-development-book-volume-iii-1104-2111,1331,State Department for Environment & Climate Change,head,1331101700,Plastic Waste Management and Pollution Control 2574,15000000,70000000,0,70000000,100000000,200000000,971,yes
fy-2026-27-development-book-volume-iii-1104-2111,1331,State Department for Environment & Climate Change,head,1331102000,Sound Chemicals and Waste Management Kenya,12000000,10000000,0,10000000,0,0,972,yes
fy-2026-27-development-book-volume-iii-1104-2111,1331,State Department for Environment & Climate Change,head,1331102200,Implementation of National Climate Change Action Plan,35000000,150000000,0,150000000,200000000,350000000,972,yes
fy-2026-27-development-book-volume-iii-1104-2111,1331,State Department for Environment & Climate Change,head,1331102600,Africa Environmental Health and Pollution Management Project,173000000,0,0,0,0,0,972,yes
fy-2026-27-development-book-volume-iii-1104-2111,1331,State Department for Environment & Climate Change,head,1331102700,Strengthening Drought Resilience for Farmers & Pastoralists In IGAD,132000000,59000000,0,59000000,59000000,0,972,yes
fy-2026-27-development-book-volume-iii-1104-2111,1331,State Department for Environment & Climate Change,head,1331102800,Strategic Sector Support Phase II,10000000,0,0,0,0,0,972,yes
fy-2026-27-development-book-volume-iii-1104-2111,1331,State Department for Environment & Climate Change,head,1331102900,L Victoria Climate Resilience & Environmental Mngmt Prj(LVCREMP),10000000,85000000,0,85000000,280000000,450000000,972,yes
fy-2026-27-development-book-volume-iii-1104-2111,1331,State Department for Environment & Climate Change,head,1331103300,Kenya Gold Mercury-Free ASGM Project,60000000,20000000,0,20000000,0,0,972,yes
fy-2026-27-development-book-volume-iii-1104-2111,1331,State Department for Environment & Climate Change,head,1331103500,Kenya ETF Reporting Programme to UNFCCC Project,100000000,100000000,0,100000000,100000000,82000000,972,yes
fy-2026-27-development-book-volume-iii-1104-2111,1331,State Department for Environment & Climate Change,head,1331103600,Global Development Review of NIPs,23000000,15000000,0,15000000,0,0,972,yes
fy-2026-27-development-book-volume-iii-1104-2111,1331,State Department for Environment & Climate Change,head,1331103700,Forest Management for Improved Biodiversity Conservation & Climate,129796186,195000000,0,195000000,565000000,465000000,972,yes
fy-2026-27-development-book-volume-iii-1104-2111,1331,State Department for Environment & Climate Change,head,1331104000,UNEP - Early action Support (EAS) Project,13000000,14000000,0,14000000,0,0,972,yes
fy-2026-27-development-book-volume-iii-1104-2111,1331,State Department for Environment & Climate Change,head,1331104100,Agroforestry and Commercial Forestry 2575,10000000,230000000,0,230000000,225000000,235000000,972,yes
fy-2026-27-development-book-volume-iii-1104-2111,1331,State Department for Environment & Climate Change,head,1331104200,Increasing Global Implementation of GHS,10000000,20000000,0,20000000,0,0,973,yes
fy-2026-27-development-book-volume-iii-1104-2111,1331,State Department for Environment & Climate Change,head,1331104300,Lake Naivasha Basin Ecosystem Based Management,70000000,122000000,0,122000000,112000000,102000000,973,yes
fy-2026-27-development-book-volume-iii-1104-2111,1331,State Department for Environment & Climate Change,head,1331104400,Enhancing Community Resilience & Water Security,300000000,613000000,0,613000000,136000000,0,973,yes
fy-2026-27-development-book-volume-iii-1104-2111,1331,State Department for Environment & Climate Change,head,1331104500,Restoration of Wetlands and Degraded Ecosystems,274906253,121000000,0,121000000,180000000,240000000,973,yes
fy-2026-27-development-book-volume-iii-1104-2111,1331,State Department for Environment & Climate Change,head,1331104700,Environment Complaints Management System,10000000,10000000,0,10000000,15000000,25000000,973,yes
fy-2026-27-development-book-volume-iii-1104-2111,1331,State Department for Environment & Climate Change,head,1331104900,Monitoring and Evaluation,0,50000000,0,50000000,70000000,100000000,973,yes
fy-2026-27-development-book-volume-iii-1104-2111,1331,State Department for Environment & Climate Change,head,1331105000,Track & Report on Kenya's NDC Progress & Achievements,0,200000000,0,200000000,0,0,973,yes
fy-2026-27-development-book-volume-iii-1104-2111,1331,State Department for Environment & Climate Change,head,1331105100,Circular Persistent Organic Pollutants(POPs)-Free Plastics Africa,0,100000000,0,100000000,0,0,973,yes
fy-2026-27-development-book-volume-iii-1104-2111,1331,State Department for Environment & Climate Change,vote_total,,TOTAL FOR VOTE,1683702439,5015000000,0,5015000000,2392000000,2796000000,973,yes
fy-2026-27-development-book-volume-iii-1104-2111,1332,State Department for Forestry,head,1332100100,Suswa Lake Magadi - Migori Environment Restoration Project,50000000,65000000,0,65000000,94700000,151600000,997,yes
fy-2026-27-development-book-volume-iii-1104-2111,1332,State Department for Forestry,head,1332100500,Construction of Farmers Resource Centre- Migori,5000000,0,0,0,5000000,10000000,997,yes
fy-2026-27-development-book-volume-iii-1104-2111,1332,State Department for Forestry,head,1332100600,Construction of Farmers Resource Centre- Taita Taveta,5000000,0,0,0,5000000,10000000,997,yes
fy-2026-27-development-book-volume-iii-1104-2111,1332,State Department for Forestry,head,1332100700,Installation of water hydrants in Muguga and Kitui Centres,2000000,0,0,0,2000000,2000000,997,yes
fy-2026-27-development-book-volume-iii-1104-2111,1332,State Department for Forestry,head,1332100800,Development of TIVA forest as a centre of excellence for dryland,10000000,0,0,0,10000000,20000000,997,yes
fy-2026-27-development-book-volume-iii-1104-2111,1332,State Department for Forestry,head,1332100900,Development of forest research technologies,0,0,0,0,20000000,40000000,997,yes
fy-2026-27-development-book-volume-iii-1104-2111,1332,State Department for Forestry,head,1332101100,Forest Plantations,65000000,65000000,0,65000000,96000000,145000000,997,yes
fy-2026-27-development-book-volume-iii-1104-2111,1332,State Department for Forestry,head,1332101200,Farm and Dryland Forest Development,30000000,30000000,0,30000000,76000000,128100000,997,yes
fy-2026-27-development-book-volume-iii-1104-2111,1332,State Department for Forestry,head,1332101300,Forest rangers Camps Rehabilitation,61000000,81000000,0,81000000,80000000,110000000,997,yes
fy-2026-27-development-book-volume-iii-1104-2111,1332,State Department for Forestry,head,1332101400,Forest roads,200000000,360000000,0,360000000,70000000,85000000,997,yes
fy-2026-27-development-book-volume-iii-1104-2111,1332,State Department for Forestry,head,1332101700,Construction of Tree Seed Processing Units 2600,0,155000000,0,155000000,58300000,70300000,997,yes
fy-2026-27-development-book-volume-iii-1104-2111,1332,State Department for Forestry,head,1332101800,Green Zones Development Support Project Phase II,800000000,250000000,200000000,50000000,0,0,998,yes
fy-2026-27-development-book-volume-iii-1104-2111,1332,State Department for Forestry,head,1332101900,Tree Growing Campaign and Rangeland Restoration,3083041057,3720000000,0,3720000000,1730000000,2335000000,998,yes
fy-2026-27-development-book-volume-iii-1104-2111,1332,State Department for Forestry,head,1332102000,Construction of Glass Houses - Regional,0,0,0,0,5000000,10000000,998,yes
fy-2026-27-development-book-volume-iii-1104-2111,1332,State Department for Forestry,head,1332102200,Capacity Devlpmt for Modern Technology in Forest Fire Management,0,910000000,710000000,200000000,0,0,998,yes
fy-2026-27-development-book-volume-iii-1104-2111,1332,State Department for Forestry,head,1332102400,"Construction of Boreholes, Nursery, Water Supply & Desalination Sys",0,0,0,0,25000000,32000000,998,yes
fy-2026-27-development-book-volume-iii-1104-2111,1332,State Department for Forestry,head,1332102600,Kenya Watershed Services Improvement Project (KEWASIP),600000000,3650000000,0,3650000000,7811402900,10931402900,998,yes
fy-2026-27-development-book-volume-iii-1104-2111,1332,State Department for Forestry,head,1332103200,Completion of Ugenya Forestry College Workshops,25000000,0,0,0,0,0,998,yes
fy-2026-27-development-book-volume-iii-1104-2111,1332,State Department for Forestry,vote_total,,TOTAL FOR VOTE,4936041057,9286000000,910000000,8376000000,10088402900,14080402900,998,yes
fy-2026-27-development-book-volume-iii-1104-2111,2021,National Land Commission,head,2021100200,ICT Networking & Infrastructure,22020000,79000000,0,79000000,80000000,36800000,1017,yes
fy-2026-27-development-book-volume-iii-1104-2111,2021,National Land Commission,head,2021100500,Development of Inventory for Public Land,34084101,76490000,0,76490000,310000000,607000000,1017,yes
fy-2026-27-development-book-volume-iii-1104-2111,2021,National Land Commission,head,2021100600,Final Survey and Vesting of Compulsory Acquired Public Land,200000000,150000000,0,150000000,100000000,0,1017,yes
fy-2026-27-development-book-volume-iii-1104-2111,2021,National Land Commission,head,2021100800,Compulsory Land Acquisition,300000000,435000000,0,435000000,0,0,1017,yes
fy-2026-27-development-book-volume-iii-1104-2111,2021,National Land Commission,head,2021100900,Construction of County Offices,0,100000000,0,100000000,85000000,90000000,1017,yes
fy-2026-27-development-book-volume-iii-1104-2111,2021,National Land Commission,vote_total,,TOTAL FOR VOTE,556104101,840490000,0,840490000,575000000,733800000,1017,yes
fy-2026-27-development-book-volume-iii-1104-2111,2031,Independent Electoral and Boundaries Commission,head,2031101600,Construction of Uchaguzi Centre,0,0,0,0,96140000,137970000,1026,yes
fy-2026-27-development-book-volume-iii-1104-2111,2031,Independent Electoral and Boundaries Commission,head,2031101700,Construction of Office Block & Ware House - Nyandarua County,30000000,19000000,0,19000000,0,0,1026,yes
fy-2026-27-development-book-volume-iii-1104-2111,2031,Independent Electoral and Boundaries Commission,head,2031101900,Construction of Office Block & Ware House - Turkana County,0,42700000,0,42700000,6200000,3100000,1026,yes
fy-2026-27-development-book-volume-iii-1104-2111,2031,Independent Electoral and Boundaries Commission,vote_total,,TOTAL FOR VOTE,30000000,61700000,0,61700000,102340000,141070000,1026,yes
fy-2026-27-development-book-volume-iii-1104-2111,2061,Commission on Revenue Allocation,head,2061100100,Strengthening Kenya's Devolution Action Programme,0,97988996,0,97988996,104511004,22500000,1029,yes
fy-2026-27-development-book-volume-iii-1104-2111,2061,Commission on Revenue Allocation,vote_total,,TOTAL FOR VOTE,0,97988996,0,97988996,104511004,22500000,1029,yes
fy-2026-27-development-book-volume-iii-1104-2111,2071,Public Service Commission,head,2071100100,Refurbishment of Old Commission House WP Item No. D207 NB-NB 1501,0,50000000,0,50000000,55000000,0,1032,yes
fy-2026-27-development-book-volume-iii-1104-2111,2071,Public Service Commission,vote_total,,TOTAL FOR VOTE,0,50000000,0,50000000,55000000,0,1032,yes
fy-2026-27-development-book-volume-iii-1104-2111,2091,Teachers Service Commission,head,2091100100,Construction of County Office Accommodation,42000000,62000000,0,62000000,98000000,172000000,1035,yes
fy-2026-27-development-book-volume-iii-1104-2111,2091,Teachers Service Commission,head,2091100300,Kenya Primary Education Equity in Learning Program,423000000,330000000,0,330000000,352000000,477000000,1035,yes
fy-2026-27-development-book-volume-iii-1104-2111,2091,Teachers Service Commission,head,2091100500,Kenya Secondary Education Equity Improvement Program,206000000,350000000,0,350000000,350000000,380000000,1035,yes
fy-2026-27-development-book-volume-iii-1104-2111,2091,Teachers Service Commission,vote_total,,TOTAL FOR VOTE,671000000,742000000,0,742000000,800000000,1029000000,1035,yes
fy-2026-27-development-book-volume-iii-1104-2111,2111,Auditor General,head,2111101400,Construction of OAG Mombasa Office Block,300000000,300000000,0,300000000,300000000,300000000,1040,yes
fy-2026-27-development-book-volume-iii-1104-2111,2111,Auditor General,head,2111101500,Institutional Support to Office of the Auditor General,30000000,3100000,0,3100000,0,0,1040,yes
fy-2026-27-development-book-volume-iii-1104-2111,2111,Auditor General,vote_total,,TOTAL FOR VOTE,330000000,303100000,0,303100000,300000000,300000000,1040,yes
