book,vote,vote_title,row_type,head_code,head_title,approved_estimates_2025_2026,gross_expenditure_2026_2027,appropriations_in_aid_2026_2027,net_expenditure_2026_2027,projected_estimates_2027_2028,projected_estimates_2028_2029,page,verified
fy-2026-27-recurrent-volume-i-1011-1166-29-04-26,1011,Executive Office of the President,head,1011000100,Headquarters Administrative Services,3258500977,2554084362,15000000,2539084362,2584758772,2677658982,9,yes
fy-2026-27-recurrent-volume-i-1011-1166-29-04-26,1011,Executive Office of the President,head,1011000700,State Corporations Advisory Committee,210876748,211115569,0,211115569,209461707,217397377,9,yes
fy-2026-27-recurrent-volume-i-1011-1166-29-04-26,1011,Executive Office of the President,head,1011002800,Inspectorate of State Corporations,155592457,173134490,0,173134490,179738686,192951160,9,yes
fy-2026-27-recurrent-volume-i-1011-1166-29-04-26,1011,Executive Office of the President,head,1011003200,National Counter Terrorism Centre,450000000,484800000,0,484800000,421800000,445020000,9,yes
fy-2026-27-recurrent-volume-i-1011-1166-29-04-26,1011,Executive Office of the President,head,1011003500,Directorate of Remote Sensing and Surveys,155175653,172172931,0,172172931,174053618,179407760,9,yes
fy-2026-27-recurrent-volume-i-1011-1166-29-04-26,1011,Executive Office of the President,head,1011005400,Betting Control and Licensing Board,105542846,0,0,0,0,0,9,yes
fy-2026-27-recurrent-volume-i-1011-1166-29-04-26,1011,Executive Office of the President,head,1011005500,Office of the Government Printer,782596015,792237031,0,792237031,775426472,799388911,9,yes
fy-2026-27-recurrent-volume-i-1011-1166-29-04-26,1011,Executive Office of the President,head,1011005600,Strategic Policy Advisory Services,158951506,97553439,0,97553439,103498298,105508196,9,yes
fy-2026-27-recurrent-volume-i-1011-1166-29-04-26,1011,Executive Office of the President,head,1011005700,Leadership and Coordination,781962605,396953235,0,396953235,411094329,430734863,9,yes
fy-2026-27-recurrent-volume-i-1011-1166-29-04-26,1011,Executive Office of the President,head,1011005900,Office of the Deputy Head of Public Service,231978944,210371725,0,210371725,215258797,221330549,10,yes
fy-2026-27-recurrent-volume-i-1011-1166-29-04-26,1011,Executive Office of the President,head,1011006000,Government Delivery Services,296582802,191305500,0,191305500,196251699,201556021,10,yes
fy-2026-27-recurrent-volume-i-1011-1166-29-04-26,1011,Executive Office of the President,head,1011006100,Programmes and Projects Coordination Directorate,45906564,0,0,0,0,0,10,yes
fy-2026-27-recurrent-volume-i-1011-1166-29-04-26,1011,Executive Office of the President,head,1011006200,Project Monitoring Directorate,13226799,10866369,0,10866369,11456899,12238991,10,yes
fy-2026-27-recurrent-volume-i-1011-1166-29-04-26,1011,Executive Office of the President,head,1011006300,Power of Mercy Secretariat,0,189698966,0,189698966,192406788,196257442,10,yes
fy-2026-27-recurrent-volume-i-1011-1166-29-04-26,1011,Executive Office of the President,head,1011006400,Gambling Regulatory Authority,198249581,358323058,0,358323058,353593935,360349748,10,yes
fy-2026-27-recurrent-volume-i-1011-1166-29-04-26,1011,Executive Office of the President,vote_total,,TOTAL FOR VOTE,6845143497,5842616675,15000000,5827616675,5828800000,6039800000,10,yes
fy-2026-27-recurrent-volume-i-1011-1166-29-04-26,1012,Office of the Deputy President,head,1012000100,Headquarters and Administrative Services,977827950,969813783,3300000,966513783,1001245341,1031068939,32,yes
fy-2026-27-recurrent-volume-i-1011-1166-29-04-26,1012,Office of the Deputy President,head,1012000200,Deputy President Support Services,3537108759,2064104873,0,2064104873,2018256028,2102619390,32,yes
fy-2026-27-recurrent-volume-i-1011-1166-29-04-26,1012,Office of the Deputy President,head,1012000300,Communication and Press Services,185307920,176179581,0,176179581,196189624,187675650,32,yes
fy-2026-27-recurrent-volume-i-1011-1166-29-04-26,1012,Office of the Deputy President,head,1012000400,Co-ordination and Supervisory Services,154682105,160829905,0,160829905,114705107,139511643,32,yes
fy-2026-27-recurrent-volume-i-1011-1166-29-04-26,1012,Office of the Deputy President,head,1012000600,Government Strategic Priorities and Interventions,112390685,111160685,0,111160685,113823340,119270786,32,yes
fy-2026-27-recurrent-volume-i-1011-1166-29-04-26,1012,Office of the Deputy President,head,1012000800,International Development Partnerships Coordination,97027834,94347334,0,94347334,92080560,95953592,32,yes
fy-2026-27-recurrent-volume-i-1011-1166-29-04-26,1012,Office of the Deputy President,vote_total,,TOTAL FOR VOTE,5064345253,3576436161,3300000,3573136161,3536300000,3676100000,32,yes
fy-2026-27-recurrent-volume-i-1011-1166-29-04-26,1013,Office of the Prime Cabinet Secretary,head,1013000100,Headquarters Administration Services,209830323,431803480,0,431803480,438066064,456406659,41,yes
fy-2026-27-recurrent-volume-i-1011-1166-29-04-26,1013,Office of the Prime Cabinet Secretary,head,1013000800,Office of the Prime Cabinet Secretary,419110214,405325474,0,405325474,409701936,415581341,41,yes
fy-2026-27-recurrent-volume-i-1011-1166-29-04-26,1013,Office of the Prime Cabinet Secretary,head,1013001700,Central Planning & Project Monitoring Department,0,2662000,0,2662000,3132000,3312000,41,yes
fy-2026-27-recurrent-volume-i-1011-1166-29-04-26,1013,Office of the Prime Cabinet Secretary,vote_total,,TOTAL FOR VOTE,628940537,839790954,0,839790954,850900000,875300000,41,yes
fy-2026-27-recurrent-volume-i-1011-1166-29-04-26,1014,State Department for Parliamentary Affairs,head,1014000100,Liaison and Parliamentary Affairs Division,67155880,40025211,0,40025211,52096478,53072519,46,yes
fy-2026-27-recurrent-volume-i-1011-1166-29-04-26,1014,State Department for Parliamentary Affairs,head,1014000200,Legislative & Legal Affairs Division,42513183,42338365,0,42338365,47940311,45800013,46,yes
fy-2026-27-recurrent-volume-i-1011-1166-29-04-26,1014,State Department for Parliamentary Affairs,head,1014000400,Policy Coordination and Strategy Division,72522816,51294941,0,51294941,61698311,62878473,46,yes
fy-2026-27-recurrent-volume-i-1011-1166-29-04-26,1014,State Department for Parliamentary Affairs,head,1014000500,Policy Analysis and Advisory services Division,28289963,32273713,0,32273713,38083793,39932686,46,yes
fy-2026-27-recurrent-volume-i-1011-1166-29-04-26,1014,State Department for Parliamentary Affairs,head,1014000600,Headquarters Administrative Services,214397688,179839230,0,179839230,205327029,218801630,46,yes
fy-2026-27-recurrent-volume-i-1011-1166-29-04-26,1014,State Department for Parliamentary Affairs,head,1014001000,Central Project Planning and Monitoring Department (CPPMD),14657115,15429640,0,15429640,17854078,19414679,46,yes
fy-2026-27-recurrent-volume-i-1011-1166-29-04-26,1014,State Department for Parliamentary Affairs,vote_total,,TOTAL FOR VOTE,439536645,361201100,0,361201100,423000000,439900000,46,yes
fy-2026-27-recurrent-volume-i-1011-1166-29-04-26,1016,State Department for Cabinet Affairs,head,1016000100,Headquarters Administrative Services,154993634,170364960,0,170364960,196753879,202060739,54,yes
fy-2026-27-recurrent-volume-i-1011-1166-29-04-26,1016,State Department for Cabinet Affairs,head,1016000200,Evaluation and Communication,20702954,19690447,0,19690447,20401377,20860697,54,yes
fy-2026-27-recurrent-volume-i-1011-1166-29-04-26,1016,State Department for Cabinet Affairs,head,1016000300,Coordination of Programmes and Projects,10435809,13766160,0,13766160,15676910,16033739,54,yes
fy-2026-27-recurrent-volume-i-1011-1166-29-04-26,1016,State Department for Cabinet Affairs,head,1016000800,Public Sector Productivity,12860939,26517160,0,26517160,30453088,30809920,54,yes
fy-2026-27-recurrent-volume-i-1011-1166-29-04-26,1016,State Department for Cabinet Affairs,head,1016001000,Cabinet Delivery,36181563,39047996,0,39047996,47914746,54434905,54,yes
fy-2026-27-recurrent-volume-i-1011-1166-29-04-26,1016,State Department for Cabinet Affairs,vote_total,,TOTAL FOR VOTE,235174899,269386723,0,269386723,311200000,324200000,54,yes
fy-2026-27-recurrent-volume-i-1011-1166-29-04-26,1017,State House,head,1017000200,Admin of Statutory Benefits to Retired Presidents/ Vice Presidents,432606922,362061400,0,362061400,378239006,380446227,61,yes
fy-2026-27-recurrent-volume-i-1011-1166-29-04-26,1017,State House,head,1017000300,State House - Nairobi,14726226454,11153238702,2100000,11151138702,10936186400,11234003921,61,yes
fy-2026-27-recurrent-volume-i-1011-1166-29-04-26,1017,State House,head,1017000400,State House - Mombasa,24939895,27489370,0,27489370,27163823,28264202,61,yes
fy-2026-27-recurrent-volume-i-1011-1166-29-04-26,1017,State House,head,1017000500,State House - Nakuru,32336861,35233744,0,35233744,34853333,36096311,61,yes
fy-2026-27-recurrent-volume-i-1011-1166-29-04-26,1017,State House,head,1017000600,State Lodges,103123103,113624453,0,113624453,111417872,115369546,61,yes
fy-2026-27-recurrent-volume-i-1011-1166-29-04-26,1017,State House,head,1017000700,Presidential Communication Service,453817208,442727347,0,442727347,456588279,464989623,61,yes
fy-2026-27-recurrent-volume-i-1011-1166-29-04-26,1017,State House,head,1017000800,Policy Analysis and Research,478737803,482423497,0,482423497,508151287,514730170,61,yes
fy-2026-27-recurrent-volume-i-1011-1166-29-04-26,1017,State House,vote_total,,TOTAL FOR VOTE,16251788246,12616798513,2100000,12614698513,12452600000,12773900000,61,yes
fy-2026-27-recurrent-volume-i-1011-1166-29-04-26,1018,State Department for National Government Coordination,head,1018000100,Headquarters Administration Services,544522444,498267779,0,498267779,579145134,593500492,76,yes
fy-2026-27-recurrent-volume-i-1011-1166-29-04-26,1018,State Department for National Government Coordination,head,1018000200,National Government Coordination Secretariat,105041025,90148236,0,90148236,110918476,117430167,76,yes
fy-2026-27-recurrent-volume-i-1011-1166-29-04-26,1018,State Department for National Government Coordination,head,1018000300,Central Planning & Project Monitoring Department,25781568,29190578,0,29190578,34928085,35855030,76,yes
fy-2026-27-recurrent-volume-i-1011-1166-29-04-26,1018,State Department for National Government Coordination,head,1018000400,Public Service Performance Management Unit,142209380,204393558,0,204393558,229712248,244747545,76,yes
fy-2026-27-recurrent-volume-i-1011-1166-29-04-26,1018,State Department for National Government Coordination,head,1018000500,Directorate of National Cohesion and Values,110561298,120512554,0,120512554,152300436,158726881,76,yes
fy-2026-27-recurrent-volume-i-1011-1166-29-04-26,1018,State Department for National Government Coordination,head,1018000600,National Economic and Social Council,49240674,57407670,0,57407670,60944939,63649147,76,yes
fy-2026-27-recurrent-volume-i-1011-1166-29-04-26,1018,State Department for National Government Coordination,head,1018000700,Stakeholders and Citizens Engagement,22314424,25865722,0,25865722,30367947,32428475,76,yes
fy-2026-27-recurrent-volume-i-1011-1166-29-04-26,1018,State Department for National Government Coordination,head,1018000800,Strategic Communication Unit,34745416,36519044,0,36519044,44682735,47562263,76,yes
fy-2026-27-recurrent-volume-i-1011-1166-29-04-26,1018,State Department for National Government Coordination,vote_total,,TOTAL FOR VOTE,1034416229,1062305141,0,1062305141,1243000000,1293900000,76,yes
fy-2026-27-recurrent-volume-i-1011-1166-29-04-26,1023,State Department for Correctional Services,head,1023000300,Prisons Staff Training College,1984580761,2169866637,0,2169866637,2078334925,2326193467,86,yes
fy-2026-27-recurrent-volume-i-1011-1166-29-04-26,1023,State Department for Correctional Services,head,1023000500,YCTC Institutions,61650648,60849032,0,60849032,90584772,103911794,86,yes
fy-2026-27-recurrent-volume-i-1011-1166-29-04-26,1023,State Department for Correctional Services,head,1023000800,Probation Services,254432618,289600943,0,289600943,312260881,588999594,86,yes
fy-2026-27-recurrent-volume-i-1011-1166-29-04-26,1023,State Department for Correctional Services,head,1023000900,Probation Hostels,141673733,125977929,6000000,119977929,155053620,163117360,86,yes
fy-2026-27-recurrent-volume-i-1011-1166-29-04-26,1023,State Department for Correctional Services,head,1023001000,County Probation Services,21379803,215685072,0,215685072,221876722,227391029,86,yes
fy-2026-27-recurrent-volume-i-1011-1166-29-04-26,1023,State Department for Correctional Services,head,1023001100,Sub-County Probation Services,1355723033,1348079516,0,1348079516,1495844517,1705103033,86,yes
fy-2026-27-recurrent-volume-i-1011-1166-29-04-26,1023,State Department for Correctional Services,head,1023001200,Community Service Order,150678761,80781649,0,80781649,100599058,106836222,86,yes
fy-2026-27-recurrent-volume-i-1011-1166-29-04-26,1023,State Department for Correctional Services,head,1023001300,After-care Services,22802912,70025200,0,70025200,78367729,81407624,86,yes
fy-2026-27-recurrent-volume-i-1011-1166-29-04-26,1023,State Department for Correctional Services,head,1023001400,Community Service Order Secretariat,10589642,10410081,0,10410081,11638823,12654026,86,yes
fy-2026-27-recurrent-volume-i-1011-1166-29-04-26,1023,State Department for Correctional Services,head,1023001500,Finance and Procurement Services - Coordination,59406878,63545552,0,63545552,67666799,71648927,87,yes
fy-2026-27-recurrent-volume-i-1011-1166-29-04-26,1023,State Department for Correctional Services,head,1023001600,General Administrative Services - Coordination,590601589,669587389,0,669587389,781322094,915587519,87,yes
fy-2026-27-recurrent-volume-i-1011-1166-29-04-26,1023,State Department for Correctional Services,head,1023001700,Development Planning Services - Coordination,20109387,20825438,0,20825438,22451996,23801854,87,yes
fy-2026-27-recurrent-volume-i-1011-1166-29-04-26,1023,State Department for Correctional Services,head,1023001800,Integrated Correctional Services Reform,18315699,31137466,0,31137466,34306484,36006900,87,yes
fy-2026-27-recurrent-volume-i-1011-1166-29-04-26,1023,State Department for Correctional Services,head,1023001900,Headquarters Administrative Services - Prisons,1872331120,2133965256,4000000,2129965256,2234648362,2330214756,87,yes
fy-2026-27-recurrent-volume-i-1011-1166-29-04-26,1023,State Department for Correctional Services,head,1023002200,Regional Probation Services,57725951,80353982,0,80353982,81990389,83359625,87,yes
fy-2026-27-recurrent-volume-i-1011-1166-29-04-26,1023,State Department for Correctional Services,head,1023002300,Regional Commands,26954769149,29183284972,0,29183284972,30143347700,31192095000,87,yes
fy-2026-27-recurrent-volume-i-1011-1166-29-04-26,1023,State Department for Correctional Services,head,1023002400,Maximum & High Risk Prisons,1470525912,1472077663,0,1472077663,1923348190,2204587594,87,yes
fy-2026-27-recurrent-volume-i-1011-1166-29-04-26,1023,State Department for Correctional Services,head,1023002500,Medium & Other Districts Prisons,3258218400,3257510181,0,3257510181,4886763422,5638475846,87,yes
fy-2026-27-recurrent-volume-i-1011-1166-29-04-26,1023,State Department for Correctional Services,head,1023002600,Medium & Other Districts Prisons - Continued,250478637,245974367,0,245974367,336164707,387439448,87,yes
fy-2026-27-recurrent-volume-i-1011-1166-29-04-26,1023,State Department for Correctional Services,head,1023002900,Greening Kenya Initiative,1125000,2625000,1500000,1125000,2625000,2625000,88,yes
fy-2026-27-recurrent-volume-i-1011-1166-29-04-26,1023,State Department for Correctional Services,head,1023003000,Magereza Level IV Hospital,168275700,164615325,0,164615325,187003000,204596800,88,yes
fy-2026-27-recurrent-volume-i-1011-1166-29-04-26,1023,State Department for Correctional Services,vote_total,,TOTAL FOR VOTE,38725395333,41696778650,11500000,41685278650,45246199190,48406053418,88,yes
fy-2026-27-recurrent-volume-i-1011-1166-29-04-26,1024,State Department for Immigration and Citizen Services,head,1024000100,Headquarters Administrative Services,1028680727,1323909159,272836001,1051073158,1410683232,1445742006,172,yes
fy-2026-27-recurrent-volume-i-1011-1166-29-04-26,1024,State Department for Immigration and Citizen Services,head,1024000400,National Registration - Field Services,2261306720,2364424097,0,2364424097,2460237462,2533460844,172,yes
fy-2026-27-recurrent-volume-i-1011-1166-29-04-26,1024,State Department for Immigration and Citizen Services,head,1024000500,Civil Registration - Field Services,1024614234,1047548726,90318668,957230058,1096284196,1126165564,172,yes
fy-2026-27-recurrent-volume-i-1011-1166-29-04-26,1024,State Department for Immigration and Citizen Services,head,1024000600,Immigration Department,1812573002,3326217069,1469553277,1856663792,3392772404,3453793820,172,yes
fy-2026-27-recurrent-volume-i-1011-1166-29-04-26,1024,State Department for Immigration and Citizen Services,head,1024000700,Immigration Border points,361533912,316377298,3900000,312477298,345391409,360407999,172,yes
fy-2026-27-recurrent-volume-i-1011-1166-29-04-26,1024,State Department for Immigration and Citizen Services,head,1024000800,Immigration Border Control Points,254347942,54568867,3900000,50668867,77656297,84971616,172,yes
fy-2026-27-recurrent-volume-i-1011-1166-29-04-26,1024,State Department for Immigration and Citizen Services,head,1024000900,Immigration Jomo Kenyatta International Airport,505104364,628217883,57503378,570714505,637432945,656532832,172,yes
fy-2026-27-recurrent-volume-i-1011-1166-29-04-26,1024,State Department for Immigration and Citizen Services,head,1024001000,Immigration Eldoret International Airport,77737604,58788547,2250000,56538547,76654197,82640001,172,yes
fy-2026-27-recurrent-volume-i-1011-1166-29-04-26,1024,State Department for Immigration and Citizen Services,head,1024001100,Immigration Coast Region,287873112,361937049,6500000,355437049,407100113,429723084,172,yes
fy-2026-27-recurrent-volume-i-1011-1166-29-04-26,1024,State Department for Immigration and Citizen Services,head,1024001200,Immigration Western Region,129267594,183304282,5850000,177454282,218848142,232071659,173,yes
fy-2026-27-recurrent-volume-i-1011-1166-29-04-26,1024,State Department for Immigration and Citizen Services,head,1024001300,Refugees Affairs Department,136327786,228098528,42000000,186098528,237426309,242595341,173,yes
fy-2026-27-recurrent-volume-i-1011-1166-29-04-26,1024,State Department for Immigration and Citizen Services,head,1024001400,Refugees Affairs Field Services,14406393,57351046,0,57351046,55892751,58582279,173,yes
fy-2026-27-recurrent-volume-i-1011-1166-29-04-26,1024,State Department for Immigration and Citizen Services,head,1024001500,National Registration of Persons Bureau,972871863,1644434740,735541802,908892938,1203150032,1234636311,173,yes
fy-2026-27-recurrent-volume-i-1011-1166-29-04-26,1024,State Department for Immigration and Citizen Services,head,1024001600,Civil Registration Services Headquarters,366477523,846093480,384681332,461412148,666267249,681699699,173,yes
fy-2026-27-recurrent-volume-i-1011-1166-29-04-26,1024,State Department for Immigration and Citizen Services,head,1024001700,Population Registration Services,117568535,196590581,87000000,109590581,207093211,211320051,173,yes
fy-2026-27-recurrent-volume-i-1011-1166-29-04-26,1024,State Department for Immigration and Citizen Services,head,1024001800,Identity Card Production Center Planning (Nairobi),289600114,228785172,7458198,221326974,235424982,242263987,173,yes
fy-2026-27-recurrent-volume-i-1011-1166-29-04-26,1024,State Department for Immigration and Citizen Services,head,1024001900,e-Citizen Services,135260173,385130188,253107344,132022844,422465296,432207441,173,yes
fy-2026-27-recurrent-volume-i-1011-1166-29-04-26,1024,State Department for Immigration and Citizen Services,head,1024002100,National Co-ordination for Migration (NCM),56967086,177077750,80000000,97077750,179189773,182165466,173,yes
fy-2026-27-recurrent-volume-i-1011-1166-29-04-26,1024,State Department for Immigration and Citizen Services,vote_total,,TOTAL FOR VOTE,9832518684,13428854462,3502400000,9926454462,13329970000,13690980000,173,yes
fy-2026-27-recurrent-volume-i-1011-1166-29-04-26,1025,National Police Service,head,1025000100,General Administration Headquarters,15430309755,10405929956,0,10405929956,8527264248,10269463141,194,yes
fy-2026-27-recurrent-volume-i-1011-1166-29-04-26,1025,National Police Service,head,1025000200,National Police Service Command and Control Centre,55542269,65952723,0,65952723,67771326,69396294,194,yes
fy-2026-27-recurrent-volume-i-1011-1166-29-04-26,1025,National Police Service,head,1025000300,National Police Reservist Unit,1046600000,982605360,0,982605360,1002036539,1073055217,194,yes
fy-2026-27-recurrent-volume-i-1011-1166-29-04-26,1025,National Police Service,head,1025000400,Internal Affairs Unit,80809771,134907219,0,134907219,141486596,144559095,194,yes
fy-2026-27-recurrent-volume-i-1011-1166-29-04-26,1025,National Police Service,head,1025000500,Office of the Deputy Inspector General Administration Police Servic,2677861189,2587426000,0,2587426000,2361134830,2388331255,194,yes
fy-2026-27-recurrent-volume-i-1011-1166-29-04-26,1025,National Police Service,head,1025000600,NPS College Embakasi A Campus,4174958070,4340959603,0,4340959603,4248531488,4279588510,194,yes
fy-2026-27-recurrent-volume-i-1011-1166-29-04-26,1025,National Police Service,head,1025000700,Critical Infrastructure Protection Unit Services,16943406075,18430294673,0,18430294673,18874922125,19456325890,194,yes
fy-2026-27-recurrent-volume-i-1011-1166-29-04-26,1025,National Police Service,head,1025000800,Rapid Deployment Unit (RDU),730117080,1420017976,0,1420017976,1581290762,1780450246,194,yes
fy-2026-27-recurrent-volume-i-1011-1166-29-04-26,1025,National Police Service,head,1025000900,AP Border Police Unit,589170061,730829877,0,730829877,690891572,707523390,194,yes
fy-2026-27-recurrent-volume-i-1011-1166-29-04-26,1025,National Police Service,head,1025001000,Anti-stock Theft Unit,1657802410,2379151195,0,2379151195,2507135503,2712012506,195,yes
fy-2026-27-recurrent-volume-i-1011-1166-29-04-26,1025,National Police Service,head,1025001100,Senior Staff Training College Emali,106955805,171838167,0,171838167,154960624,159652422,195,yes
fy-2026-27-recurrent-volume-i-1011-1166-29-04-26,1025,National Police Service,head,1025001400,DCI Headquarters Administration Services,5514489397,5546097159,0,5546097159,4882025999,4908405715,195,yes
fy-2026-27-recurrent-volume-i-1011-1166-29-04-26,1025,National Police Service,head,1025001500,DCI Field Services,5297968062,6112926267,0,6112926267,6314359694,6652495387,195,yes
fy-2026-27-recurrent-volume-i-1011-1166-29-04-26,1025,National Police Service,head,1025001600,DCI Specialized Units,1063019565,1232976872,0,1232976872,1352084517,1430925440,195,yes
fy-2026-27-recurrent-volume-i-1011-1166-29-04-26,1025,National Police Service,head,1025001800,Office of the Deputy Inspector General - Kenya Police Service,6416599959,6534179221,41367600,6492811621,6443485428,6619813492,195,yes
fy-2026-27-recurrent-volume-i-1011-1166-29-04-26,1025,National Police Service,head,1025001900,Regional & County Police Services,610574088,699659170,0,699659170,728140987,747644909,195,yes
fy-2026-27-recurrent-volume-i-1011-1166-29-04-26,1025,National Police Service,head,1025002000,National Police Service College Kiganjo - Main Campus,1650953996,1647098751,0,1647098751,1641010087,1644150335,195,yes
fy-2026-27-recurrent-volume-i-1011-1166-29-04-26,1025,National Police Service,head,1025002100,Sub-County Police Services,3912859872,4027594450,0,4027594450,4041315238,4090924317,195,yes
fy-2026-27-recurrent-volume-i-1011-1166-29-04-26,1025,National Police Service,head,1025002200,Traffic Police Unit,1329005944,1336816010,0,1336816010,1345029615,1352590369,195,yes
fy-2026-27-recurrent-volume-i-1011-1166-29-04-26,1025,National Police Service,head,1025002300,Presidential Escort Unit,1064413376,1073301953,0,1073301953,1041909799,1089117919,196,yes
fy-2026-27-recurrent-volume-i-1011-1166-29-04-26,1025,National Police Service,head,1025002400,Kenya Police Nairobi Region,5290928061,6245400485,0,6245400485,6742096730,7459866758,196,yes
fy-2026-27-recurrent-volume-i-1011-1166-29-04-26,1025,National Police Service,head,1025002500,National Police Service K-9 Unit,390627397,563798858,0,563798858,558004122,582197254,196,yes
fy-2026-27-recurrent-volume-i-1011-1166-29-04-26,1025,National Police Service,head,1025002600,"Community Policing, Gender & Child Protection",36251498,36628870,0,36628870,36806932,38075609,196,yes
fy-2026-27-recurrent-volume-i-1011-1166-29-04-26,1025,National Police Service,head,1025002700,Kenya Railways & Ports Police Unit,1193368436,1219105770,0,1219105770,1222629011,1238993199,196,yes
fy-2026-27-recurrent-volume-i-1011-1166-29-04-26,1025,National Police Service,head,1025002800,Kenya Police Telecommunication,365384210,384440993,0,384440993,413900909,417371203,196,yes
fy-2026-27-recurrent-volume-i-1011-1166-29-04-26,1025,National Police Service,head,1025002900,Kenya Police Motor Transport,1312290216,1565617281,0,1565617281,1570398690,1571324652,196,yes
fy-2026-27-recurrent-volume-i-1011-1166-29-04-26,1025,National Police Service,head,1025003000,National Police Service Airwing,495381365,724167693,0,724167693,474550711,476463024,196,yes
fy-2026-27-recurrent-volume-i-1011-1166-29-04-26,1025,National Police Service,head,1025003100,Kenya Police Service Quartermaster,1715063431,1518269835,0,1518269835,1521668605,1522915928,196,yes
fy-2026-27-recurrent-volume-i-1011-1166-29-04-26,1025,National Police Service,head,1025003200,Kenya Police Service Armourer,353648604,321724774,0,321724774,354090209,375379937,196,yes
fy-2026-27-recurrent-volume-i-1011-1166-29-04-26,1025,National Police Service,head,1025003400,Kenya Airport Police Unit,884815733,897709719,0,897709719,905550406,915377552,197,yes
fy-2026-27-recurrent-volume-i-1011-1166-29-04-26,1025,National Police Service,head,1025003500,Diplomatic Police Unit,228451694,232424999,0,232424999,234725535,237034739,197,yes
fy-2026-27-recurrent-volume-i-1011-1166-29-04-26,1025,National Police Service,head,1025003600,Government Vehicle Check Unit,51186470,51882406,0,51882406,52380067,52960695,197,yes
fy-2026-27-recurrent-volume-i-1011-1166-29-04-26,1025,National Police Service,head,1025003700,Kenya Police Tourist Protection Unit,202789890,208925362,0,208925362,209131389,211634721,197,yes
fy-2026-27-recurrent-volume-i-1011-1166-29-04-26,1025,National Police Service,head,1025003800,Ward Police Services,30749748054,36119485462,0,36119485462,38854239250,40547448894,197,yes
fy-2026-27-recurrent-volume-i-1011-1166-29-04-26,1025,National Police Service,head,1025003900,Kenya Police Regional Training Centre,90636780,124727887,0,124727887,125967822,126971240,197,yes
fy-2026-27-recurrent-volume-i-1011-1166-29-04-26,1025,National Police Service,head,1025004000,GSU Headquarters Administrative Services,9034081097,4678335589,0,4678335589,4560694835,4638063441,197,yes
fy-2026-27-recurrent-volume-i-1011-1166-29-04-26,1025,National Police Service,head,1025004100,National Police College Embakasi B Campus,1293323737,1305552829,0,1305552829,1318518838,1330659645,197,yes
fy-2026-27-recurrent-volume-i-1011-1166-29-04-26,1025,National Police Service,head,1025004200,Quick Response Unit (QRU),513392931,518710254,0,518710254,523785878,528813166,197,yes
fy-2026-27-recurrent-volume-i-1011-1166-29-04-26,1025,National Police Service,head,1025004300,NPS Level 4 Hospital - Mbagathi,119220786,121781855,0,121781855,124741280,126887137,197,yes
fy-2026-27-recurrent-volume-i-1011-1166-29-04-26,1025,National Police Service,head,1025004400,Office of the Inspector General of Police,9397801160,9809464852,0,9809464852,11004059092,12075556325,198,yes
fy-2026-27-recurrent-volume-i-1011-1166-29-04-26,1025,National Police Service,head,1025004500,Accounts Finance and Procurement Unit,25330798,35231274,0,35231274,36900475,37285677,198,yes
fy-2026-27-recurrent-volume-i-1011-1166-29-04-26,1025,National Police Service,head,1025004600,Central Planning and Monitoring Unit,24408539,30572294,0,30572294,31964763,33078000,198,yes
fy-2026-27-recurrent-volume-i-1011-1166-29-04-26,1025,National Police Service,head,1025004700,Directorate of Legal Affairs,26046000,31955506,0,31955506,33457452,34659353,198,yes
fy-2026-27-recurrent-volume-i-1011-1166-29-04-26,1025,National Police Service,head,1025004800,Directorate of ICT,16575900,16276032,0,16276032,16708731,17235775,198,yes
fy-2026-27-recurrent-volume-i-1011-1166-29-04-26,1025,National Police Service,head,1025004900,Directorate of Medical Services,7500000,6600000,0,6600000,7500000,7956752,198,yes
fy-2026-27-recurrent-volume-i-1011-1166-29-04-26,1025,National Police Service,head,1025005000,National Police Service leadership Academy Ngong Campus,15362024,83480379,24562400,58917979,89919624,89919624,198,yes
fy-2026-27-recurrent-volume-i-1011-1166-29-04-26,1025,National Police Service,head,1025005100,Headquarters - GSU Field Services,0,5018241716,0,5018241716,5440515038,5813988642,198,yes
fy-2026-27-recurrent-volume-i-1011-1166-29-04-26,1025,National Police Service,head,1025005200,Security of Government Buildings and VIP Protection Unit,0,1956675752,0,1956675752,2195859896,2327268476,198,yes
fy-2026-27-recurrent-volume-i-1011-1166-29-04-26,1025,National Police Service,head,1025005300,National Police Service Peace Fund,0,500000000,0,500000000,500000000,500000000,198,yes
fy-2026-27-recurrent-volume-i-1011-1166-29-04-26,1025,National Police Service,vote_total,,TOTAL FOR VOTE,134187031555,144187751328,65930000,144121821328,147107553267,154911813267,199,yes
fy-2026-27-recurrent-volume-i-1011-1166-29-04-26,1026,State Department for Internal Security & National Administration,head,1026000100,OOP Headquarters,24557159652,18069173552,0,18069173552,19125536503,19313463627,247,yes
fy-2026-27-recurrent-volume-i-1011-1166-29-04-26,1026,State Department for Internal Security & National Administration,head,1026000200,National Agency for Campaign Against Drug Abuse,871265232,986977275,40000000,946977275,958606368,1003173401,247,yes
fy-2026-27-recurrent-volume-i-1011-1166-29-04-26,1026,State Department for Internal Security & National Administration,head,1026000300,Regional Administration,1846605755,1857804899,0,1857804899,2011938111,2176408733,247,yes
fy-2026-27-recurrent-volume-i-1011-1166-29-04-26,1026,State Department for Internal Security & National Administration,head,1026000400,County Administration,19080693027,22698785489,0,22698785489,23412244382,24112450229,247,yes
fy-2026-27-recurrent-volume-i-1011-1166-29-04-26,1026,State Department for Internal Security & National Administration,head,1026004200,The Kenya School of Leadership,28190074,81260718,53787000,27473718,83085429,92056212,247,yes
fy-2026-27-recurrent-volume-i-1011-1166-29-04-26,1026,State Department for Internal Security & National Administration,head,1026006600,National Cohesion,511182000,689846540,0,689846540,708181806,711852954,247,yes
fy-2026-27-recurrent-volume-i-1011-1166-29-04-26,1026,State Department for Internal Security & National Administration,head,1026007900,Government Chemist,635341279,649032647,16136570,632896077,683884255,710170401,247,yes
fy-2026-27-recurrent-volume-i-1011-1166-29-04-26,1026,State Department for Internal Security & National Administration,head,1026008000,National Crime Research Centre,224931299,220731896,0,220731896,238551819,250125380,247,yes
fy-2026-27-recurrent-volume-i-1011-1166-29-04-26,1026,State Department for Internal Security & National Administration,head,1026008500,National Cybercrime Coordinating Committee,68000000,68000000,0,68000000,74800000,82280000,247,yes
fy-2026-27-recurrent-volume-i-1011-1166-29-04-26,1026,State Department for Internal Security & National Administration,head,1026008600,Public Benefit Organizations Regulatory Authority,374035315,485525686,60146430,425379256,461451327,483839063,248,yes
fy-2026-27-recurrent-volume-i-1011-1166-29-04-26,1026,State Department for Internal Security & National Administration,head,1026008700,National Disaster Operations Center,0,39207742,0,39207742,47998619,48551019,248,yes
fy-2026-27-recurrent-volume-i-1011-1166-29-04-26,1026,State Department for Internal Security & National Administration,vote_total,,TOTAL FOR VOTE,48197403633,45846346444,170070000,45676276444,47806278619,48984371019,248,yes
fy-2026-27-recurrent-volume-i-1011-1166-29-04-26,1032,State Department for Devolution,head,1032000100,Management of Devolution Affairs,68123818,37087052,0,37087052,45306334,47303962,260,yes
fy-2026-27-recurrent-volume-i-1011-1166-29-04-26,1032,State Department for Devolution,head,1032000300,Capacity Building and Technical Assistance,71940907,71185122,0,71185122,89176709,89089473,260,yes
fy-2026-27-recurrent-volume-i-1011-1166-29-04-26,1032,State Department for Devolution,head,1032000400,Headquarters and Administrative Services,406909549,430222914,4000000,426222914,512385506,529834412,260,yes
fy-2026-27-recurrent-volume-i-1011-1166-29-04-26,1032,State Department for Devolution,head,1032001200,Intergovernmental Relations,809575357,824523548,0,824523548,872648149,943355683,260,yes
fy-2026-27-recurrent-volume-i-1011-1166-29-04-26,1032,State Department for Devolution,head,1032002400,Central Planning & Project Monitoring Department,17025916,14659121,0,14659121,16083302,16516470,260,yes
fy-2026-27-recurrent-volume-i-1011-1166-29-04-26,1032,State Department for Devolution,vote_total,,TOTAL FOR VOTE,1373575547,1377677757,4000000,1373677757,1535600000,1626100000,260,yes
fy-2026-27-recurrent-volume-i-1011-1166-29-04-26,1033,State Department for Special Programmes,head,1033000200,Relief and Rehabilitation,13437312562,321415463,0,321415463,342574400,368660220,268,yes
fy-2026-27-recurrent-volume-i-1011-1166-29-04-26,1033,State Department for Special Programmes,head,1033000300,General Administrative Services,280663367,322843729,0,322843729,372953816,384715596,268,yes
fy-2026-27-recurrent-volume-i-1011-1166-29-04-26,1033,State Department for Special Programmes,head,1033000800,National Disaster Operations Center,90651617,0,0,0,0,0,268,yes
fy-2026-27-recurrent-volume-i-1011-1166-29-04-26,1033,State Department for Special Programmes,vote_total,,TOTAL FOR VOTE,13808627546,644259192,0,644259192,715528216,753375816,268,yes
fy-2026-27-recurrent-volume-i-1011-1166-29-04-26,1036,State Department for the ASALs and Regional Development,head,1036000100,Arid Resource Management Project,48573879,44131701,0,44131701,45443302,49035108,275,yes
fy-2026-27-recurrent-volume-i-1011-1166-29-04-26,1036,State Department for the ASALs and Regional Development,head,1036000300,General Administrative Services,229428616,282088347,0,282088347,257095638,265175736,275,yes
fy-2026-27-recurrent-volume-i-1011-1166-29-04-26,1036,State Department for the ASALs and Regional Development,head,1036000500,Peace and Conflict Management,26520901,27494846,0,27494846,28370170,29788821,275,yes
fy-2026-27-recurrent-volume-i-1011-1166-29-04-26,1036,State Department for the ASALs and Regional Development,head,1036000700,National Drought Management Authority,6618636845,4994699431,0,4994699431,5257315623,4988139924,275,yes
fy-2026-27-recurrent-volume-i-1011-1166-29-04-26,1036,State Department for the ASALs and Regional Development,head,1036000800,Conservation Department - Regional Development,26174671,32177369,0,32177369,41319678,43501616,275,yes
fy-2026-27-recurrent-volume-i-1011-1166-29-04-26,1036,State Department for the ASALs and Regional Development,head,1036000900,Kerio Valley Development Authority,275924409,339452400,195000000,144452400,333920000,303920000,275,yes
fy-2026-27-recurrent-volume-i-1011-1166-29-04-26,1036,State Department for the ASALs and Regional Development,head,1036001000,Tana and Athi Rivers Development Authority (TARDA),329055422,426418066,157000000,269418066,410000000,390000000,275,yes
fy-2026-27-recurrent-volume-i-1011-1166-29-04-26,1036,State Department for the ASALs and Regional Development,head,1036001100,Lake Basin Development Authority (LBDA),583560106,459451266,76000000,383451266,486560000,476560000,275,yes
fy-2026-27-recurrent-volume-i-1011-1166-29-04-26,1036,State Department for the ASALs and Regional Development,head,1036001200,Ewaso Nyiro South Development (ENSDA),350911460,313909681,17500000,296409681,325638377,309914076,275,yes
fy-2026-27-recurrent-volume-i-1011-1166-29-04-26,1036,State Department for the ASALs and Regional Development,head,1036001300,Coast Development Authority (CDA),212275199,141215786,18000000,123215786,140276000,140276000,276,yes
fy-2026-27-recurrent-volume-i-1011-1166-29-04-26,1036,State Department for the ASALs and Regional Development,head,1036001400,Ewaso Nyiro North Development (ENNDA),233889060,209640768,15000000,194640768,210880000,190910000,276,yes
fy-2026-27-recurrent-volume-i-1011-1166-29-04-26,1036,State Department for the ASALs and Regional Development,head,1036001700,Finance Managment Services,21424212,60319178,0,60319178,19287612,21302745,276,yes
fy-2026-27-recurrent-volume-i-1011-1166-29-04-26,1036,State Department for the ASALs and Regional Development,head,1036003400,Central Planning & Project Monitoring Unit,19510194,20111777,0,20111777,19006068,21076021,276,yes
fy-2026-27-recurrent-volume-i-1011-1166-29-04-26,1036,State Department for the ASALs and Regional Development,head,1036003600,ASALs GIS and Knowledge Management Centre,44271072,40748695,0,40748695,47497532,53619953,276,yes
fy-2026-27-recurrent-volume-i-1011-1166-29-04-26,1036,State Department for the ASALs and Regional Development,vote_total,,TOTAL FOR VOTE,9020156046,7391859311,478500000,6913359311,7622610000,7283220000,276,yes
fy-2026-27-recurrent-volume-i-1011-1166-29-04-26,1041,Ministry of Defence,head,1041000100,Headquarters Administrative Services,3333628127,3508859699,0,3508859699,3833237998,4047891360,286,yes
fy-2026-27-recurrent-volume-i-1011-1166-29-04-26,1041,Ministry of Defence,head,1041000200,Kenya Defence Forces,209115367978,223747200000,0,223747200000,225019700000,227641700000,286,yes
fy-2026-27-recurrent-volume-i-1011-1166-29-04-26,1041,Ministry of Defence,head,1041000300,Defence Cooperation and Diplomacy,19431800,23797084,0,23797084,30282001,31493279,286,yes
fy-2026-27-recurrent-volume-i-1011-1166-29-04-26,1041,Ministry of Defence,head,1041000400,Defence Financial Management and Oversight,27754993,45040001,0,45040001,57880001,60115361,286,yes
fy-2026-27-recurrent-volume-i-1011-1166-29-04-26,1041,Ministry of Defence,head,1041000500,Kenya Shipyards,760000000,7879300000,4868300000,3011000000,5812300000,5102300000,286,yes
fy-2026-27-recurrent-volume-i-1011-1166-29-04-26,1041,Ministry of Defence,head,1041000600,Kenya Meat Commission,0,3280000000,3280000000,0,2980000000,2980000000,286,yes
fy-2026-27-recurrent-volume-i-1011-1166-29-04-26,1041,Ministry of Defence,head,1041000700,National Air Support Department,330000000,400000000,0,400000000,410000000,430000000,286,yes
fy-2026-27-recurrent-volume-i-1011-1166-29-04-26,1041,Ministry of Defence,head,1041000800,National Defence University (NDU-K),406000000,495000000,45000000,450000000,503000000,521000000,286,yes
fy-2026-27-recurrent-volume-i-1011-1166-29-04-26,1041,Ministry of Defence,vote_total,,TOTAL FOR VOTE,213992182898,239379196784,8193300000,231185896784,238646400000,240814500000,286,yes
fy-2026-27-recurrent-volume-i-1011-1166-29-04-26,1053,State Department for Foreign Affairs,head,1053000100,Headquarters Administrative Services,4847843739,5007374669,8000000,4999374669,5401003883,5645213925,295,yes
fy-2026-27-recurrent-volume-i-1011-1166-29-04-26,1053,State Department for Foreign Affairs,head,1053000200,Foreign Service Academy,155070966,165203172,23832751,141370421,210010160,235122321,295,yes
fy-2026-27-recurrent-volume-i-1011-1166-29-04-26,1053,State Department for Foreign Affairs,head,1053000300,Financial Management Services,819194251,620400367,63000000,557400367,687511924,719826123,295,yes
fy-2026-27-recurrent-volume-i-1011-1166-29-04-26,1053,State Department for Foreign Affairs,head,1053000400,Political and Diplomatic Directorate,957548953,1014119806,0,1014119806,1107941526,1128062447,295,yes
fy-2026-27-recurrent-volume-i-1011-1166-29-04-26,1053,State Department for Foreign Affairs,head,1053000600,Treaties and Legal Affairs,30996703,44370279,0,44370279,62019703,67139709,295,yes
fy-2026-27-recurrent-volume-i-1011-1166-29-04-26,1053,State Department for Foreign Affairs,head,1053000700,New York,556222398,642812398,0,642812398,652077635,656181148,295,yes
fy-2026-27-recurrent-volume-i-1011-1166-29-04-26,1053,State Department for Foreign Affairs,head,1053000800,Washington,549412856,553317258,16488550,536828708,582017648,604078807,295,yes
fy-2026-27-recurrent-volume-i-1011-1166-29-04-26,1053,State Department for Foreign Affairs,head,1053000900,London,510412487,510248067,21000000,489248067,522621013,528938522,295,yes
fy-2026-27-recurrent-volume-i-1011-1166-29-04-26,1053,State Department for Foreign Affairs,head,1053001000,Moscow,272995925,271554949,1000000,270554949,278319775,280279220,295,yes
fy-2026-27-recurrent-volume-i-1011-1166-29-04-26,1053,State Department for Foreign Affairs,head,1053001100,Addis Ababa,245461920,239201536,1000000,238201536,245482243,252502566,296,yes
fy-2026-27-recurrent-volume-i-1011-1166-29-04-26,1053,State Department for Foreign Affairs,head,1053001200,Berlin,295270520,291475537,4550000,286925537,302145065,308619607,296,yes
fy-2026-27-recurrent-volume-i-1011-1166-29-04-26,1053,State Department for Foreign Affairs,head,1053001300,Kinshasa,231488010,260136379,5718000,254418379,277206010,288206010,296,yes
fy-2026-27-recurrent-volume-i-1011-1166-29-04-26,1053,State Department for Foreign Affairs,head,1053001400,Lusaka,168811068,159333537,130000,159203537,164609162,169777259,296,yes
fy-2026-27-recurrent-volume-i-1011-1166-29-04-26,1053,State Department for Foreign Affairs,head,1053001500,Paris,336442007,351693342,2500000,349193342,356329094,361269390,296,yes
fy-2026-27-recurrent-volume-i-1011-1166-29-04-26,1053,State Department for Foreign Affairs,head,1053001600,New Delhi,278085634,279761842,1605600,278156242,284276428,288607129,296,yes
fy-2026-27-recurrent-volume-i-1011-1166-29-04-26,1053,State Department for Foreign Affairs,head,1053001700,Stockholm,238097209,241021373,7338000,233683373,247982227,252529245,296,yes
fy-2026-27-recurrent-volume-i-1011-1166-29-04-26,1053,State Department for Foreign Affairs,head,1053001800,Abuja,182434967,160106408,2000000,158106408,167623808,170812649,296,yes
fy-2026-27-recurrent-volume-i-1011-1166-29-04-26,1053,State Department for Foreign Affairs,head,1053001900,Cairo,167702716,166447603,1058625,165388978,171427138,174092938,296,yes
fy-2026-27-recurrent-volume-i-1011-1166-29-04-26,1053,State Department for Foreign Affairs,head,1053002000,Riyadh,202493434,212359559,783070,211576489,222278434,242593434,296,yes
fy-2026-27-recurrent-volume-i-1011-1166-29-04-26,1053,State Department for Foreign Affairs,head,1053002100,Brussels,320221799,321200386,400000,320800386,349432568,356574611,297,yes
fy-2026-27-recurrent-volume-i-1011-1166-29-04-26,1053,State Department for Foreign Affairs,head,1053002200,Ottawa,342239409,318821193,6000000,312821193,323306588,334881786,297,yes
fy-2026-27-recurrent-volume-i-1011-1166-29-04-26,1053,State Department for Foreign Affairs,head,1053002300,Tokyo,283379650,277920009,1200000,276720009,285135903,295955768,297,yes
fy-2026-27-recurrent-volume-i-1011-1166-29-04-26,1053,State Department for Foreign Affairs,head,1053002400,Beijing,240337349,253725114,2351000,251374114,260835523,270043270,297,yes
fy-2026-27-recurrent-volume-i-1011-1166-29-04-26,1053,State Department for Foreign Affairs,head,1053002500,Rome,314663051,316775600,3000000,313775600,320886092,334044365,297,yes
fy-2026-27-recurrent-volume-i-1011-1166-29-04-26,1053,State Department for Foreign Affairs,head,1053002600,Kampala,202657753,193091821,6139200,186952621,197316567,199736703,297,yes
fy-2026-27-recurrent-volume-i-1011-1166-29-04-26,1053,State Department for Foreign Affairs,head,1053002700,UNON,130421520,203645000,0,203645000,275730904,337902944,297,yes
fy-2026-27-recurrent-volume-i-1011-1166-29-04-26,1053,State Department for Foreign Affairs,head,1053002900,Harare,140882389,141396595,4950000,136446595,147805282,154548680,297,yes
fy-2026-27-recurrent-volume-i-1011-1166-29-04-26,1053,State Department for Foreign Affairs,head,1053003000,Khartoum,140237815,160156230,1482500,158673730,163818057,165171379,297,yes
fy-2026-27-recurrent-volume-i-1011-1166-29-04-26,1053,State Department for Foreign Affairs,head,1053003100,Abu Dhabi,279563663,275547187,2650323,272896864,280705800,284490178,297,yes
fy-2026-27-recurrent-volume-i-1011-1166-29-04-26,1053,State Department for Foreign Affairs,head,1053003200,Dar Es Salaam,202458796,245489379,51746000,193743379,250119786,251955947,298,yes
fy-2026-27-recurrent-volume-i-1011-1166-29-04-26,1053,State Department for Foreign Affairs,head,1053003300,Islamabad,222559181,229799919,1000000,228799919,239906566,253612921,298,yes
fy-2026-27-recurrent-volume-i-1011-1166-29-04-26,1053,State Department for Foreign Affairs,head,1053003400,The Hague,269730265,275540867,6000000,269540867,293210739,296083383,298,yes
fy-2026-27-recurrent-volume-i-1011-1166-29-04-26,1053,State Department for Foreign Affairs,head,1053003500,Geneva,674174361,741614341,50000,741564341,748628213,766386232,298,yes
fy-2026-27-recurrent-volume-i-1011-1166-29-04-26,1053,State Department for Foreign Affairs,head,1053003600,Somalia,242157085,238948085,510464,238437621,241446795,243872322,298,yes
fy-2026-27-recurrent-volume-i-1011-1166-29-04-26,1053,State Department for Foreign Affairs,head,1053003700,Los Angeles,269165069,302399042,9340064,293058978,325784293,337063635,298,yes
fy-2026-27-recurrent-volume-i-1011-1166-29-04-26,1053,State Department for Foreign Affairs,head,1053003800,Bujumbura,161587448,163987000,1850000,162137000,170027479,176095700,298,yes
fy-2026-27-recurrent-volume-i-1011-1166-29-04-26,1053,State Department for Foreign Affairs,head,1053003900,Tel Aviv,342283101,321417363,2061877,319355486,330911101,339921720,298,yes
fy-2026-27-recurrent-volume-i-1011-1166-29-04-26,1053,State Department for Foreign Affairs,head,1053004000,Pretoria,245969797,256314777,1500000,254814777,258469797,260469797,298,yes
fy-2026-27-recurrent-volume-i-1011-1166-29-04-26,1053,State Department for Foreign Affairs,head,1053004100,Vienna,402141681,426345988,711340,425634648,440624905,450145892,298,yes
fy-2026-27-recurrent-volume-i-1011-1166-29-04-26,1053,State Department for Foreign Affairs,head,1053004200,Kuala Lumpur,199167979,213157721,50000,213107721,223145728,233618749,299,yes
fy-2026-27-recurrent-volume-i-1011-1166-29-04-26,1053,State Department for Foreign Affairs,head,1053004300,Kuwait,179766116,193762179,1500000,192262179,202797618,209589908,299,yes
fy-2026-27-recurrent-volume-i-1011-1166-29-04-26,1053,State Department for Foreign Affairs,head,1053004400,Dublin,190272291,214797852,3821950,210975902,230563522,252012468,299,yes
fy-2026-27-recurrent-volume-i-1011-1166-29-04-26,1053,State Department for Foreign Affairs,head,1053004500,Madrid,237414786,216961394,1000000,215961394,218877394,222127130,299,yes
fy-2026-27-recurrent-volume-i-1011-1166-29-04-26,1053,State Department for Foreign Affairs,head,1053004600,Seoul,286954011,296583770,500000,296083770,308185454,333289092,299,yes
fy-2026-27-recurrent-volume-i-1011-1166-29-04-26,1053,State Department for Foreign Affairs,head,1053004700,Kigali,196590449,172359757,586278,171773479,179178214,191679703,299,yes
fy-2026-27-recurrent-volume-i-1011-1166-29-04-26,1053,State Department for Foreign Affairs,head,1053004800,Canberra,221762605,223739300,7000000,216739300,232676355,241590100,299,yes
fy-2026-27-recurrent-volume-i-1011-1166-29-04-26,1053,State Department for Foreign Affairs,head,1053004900,Tehran,190336552,179988690,60000,179928690,185833711,236277568,299,yes
fy-2026-27-recurrent-volume-i-1011-1166-29-04-26,1053,State Department for Foreign Affairs,head,1053005000,Windhoek,178362058,181723440,18725000,162998440,186432732,190188088,299,yes
fy-2026-27-recurrent-volume-i-1011-1166-29-04-26,1053,State Department for Foreign Affairs,head,1053005100,Brazilia,233542826,231825320,200000,231625320,234199462,238254477,299,yes
fy-2026-27-recurrent-volume-i-1011-1166-29-04-26,1053,State Department for Foreign Affairs,head,1053005200,Bangkok,193221325,213308602,500000,212808602,225728496,233482077,300,yes
fy-2026-27-recurrent-volume-i-1011-1166-29-04-26,1053,State Department for Foreign Affairs,head,1053005300,Gaborone,142110322,139536107,500000,139036107,143240322,144577358,300,yes
fy-2026-27-recurrent-volume-i-1011-1166-29-04-26,1053,State Department for Foreign Affairs,head,1053005500,Juba,239123955,224155931,626718,223529213,225998427,231446177,300,yes
fy-2026-27-recurrent-volume-i-1011-1166-29-04-26,1053,State Department for Foreign Affairs,head,1053005600,Doha,243871161,266445918,3000000,263445918,274450707,278429453,300,yes
fy-2026-27-recurrent-volume-i-1011-1166-29-04-26,1053,State Department for Foreign Affairs,head,1053005700,Muscat,191805061,184591150,1000000,183591150,192805061,196805061,300,yes
fy-2026-27-recurrent-volume-i-1011-1166-29-04-26,1053,State Department for Foreign Affairs,head,1053005800,Ankara,255872947,268145279,800000,267345279,274872947,285291947,300,yes
fy-2026-27-recurrent-volume-i-1011-1166-29-04-26,1053,State Department for Foreign Affairs,head,1053006400,Dubai Consulate,271853719,264566466,5000000,259566466,280253719,290453719,300,yes
fy-2026-27-recurrent-volume-i-1011-1166-29-04-26,1053,State Department for Foreign Affairs,head,1053006500,Hargeissa Liaison Office,129576080,128771902,50000,128721902,132626080,132626080,300,yes
fy-2026-27-recurrent-volume-i-1011-1166-29-04-26,1053,State Department for Foreign Affairs,head,1053006600,Kismayu Liaison Office,65083557,64776551,0,64776551,65491589,65899623,300,yes
fy-2026-27-recurrent-volume-i-1011-1166-29-04-26,1053,State Department for Foreign Affairs,head,1053006900,Rabat,147159886,204501464,50000,204451464,215209886,228260079,300,yes
fy-2026-27-recurrent-volume-i-1011-1166-29-04-26,1053,State Department for Foreign Affairs,head,1053007000,Algiers,162529540,164217270,50000,164167270,169079540,170079540,301,yes
fy-2026-27-recurrent-volume-i-1011-1166-29-04-26,1053,State Department for Foreign Affairs,head,1053008000,Luanda,249918153,248434106,75000,248359106,251224069,251454984,301,yes
fy-2026-27-recurrent-volume-i-1011-1166-29-04-26,1053,State Department for Foreign Affairs,head,1053009000,UN Habitat,123584447,157271232,0,157271232,163584447,167584447,301,yes
fy-2026-27-recurrent-volume-i-1011-1166-29-04-26,1053,State Department for Foreign Affairs,head,1053009100,Havana,178366820,187129560,24000,187105560,206150201,220916820,301,yes
fy-2026-27-recurrent-volume-i-1011-1166-29-04-26,1053,State Department for Foreign Affairs,head,1053009200,Economic and Commercial Diplomacy Directorate,47931976,50985040,0,50985040,64554797,67510074,301,yes
fy-2026-27-recurrent-volume-i-1011-1166-29-04-26,1053,State Department for Foreign Affairs,head,1053009300,Kenya/SouthernSudan Liaison Office,66586610,65261953,0,65261953,66586610,66586610,301,yes
fy-2026-27-recurrent-volume-i-1011-1166-29-04-26,1053,State Department for Foreign Affairs,head,1053009400,Accra - Ghana,168953312,197762930,1596000,196166930,204339312,211749312,301,yes
fy-2026-27-recurrent-volume-i-1011-1166-29-04-26,1053,State Department for Foreign Affairs,head,1053009500,Dakar - Senegal,178132322,177937966,100000,177837966,180532322,181532322,301,yes
fy-2026-27-recurrent-volume-i-1011-1166-29-04-26,1053,State Department for Foreign Affairs,head,1053009600,Guangzhou - China,120148486,177924060,50000,177874060,197580439,218050069,301,yes
fy-2026-27-recurrent-volume-i-1011-1166-29-04-26,1053,State Department for Foreign Affairs,head,1053009700,Djibouti - Djibouti,162132217,154614080,40000,154574080,157696777,158896777,301,yes
fy-2026-27-recurrent-volume-i-1011-1166-29-04-26,1053,State Department for Foreign Affairs,head,1053009800,Jakarta - Indonesia,190492673,186738878,673845,186065033,191666518,194216518,302,yes
fy-2026-27-recurrent-volume-i-1011-1166-29-04-26,1053,State Department for Foreign Affairs,head,1053009900,Maputo - Mozambique,170562719,179546821,673845,178872976,185964434,190102644,302,yes
fy-2026-27-recurrent-volume-i-1011-1166-29-04-26,1053,State Department for Foreign Affairs,head,1053010000,Abidjan - Cote d'Ivoire,138189796,154297301,50000,154247301,160439796,165839796,302,yes
fy-2026-27-recurrent-volume-i-1011-1166-29-04-26,1053,State Department for Foreign Affairs,head,1053010100,Mumbai - India,27400000,22400000,0,22400000,22400000,22400000,302,yes
fy-2026-27-recurrent-volume-i-1011-1166-29-04-26,1053,State Department for Foreign Affairs,head,1053010200,Lagos - Nigeria,31967867,29844296,0,29844296,33967867,35967867,302,yes
fy-2026-27-recurrent-volume-i-1011-1166-29-04-26,1053,State Department for Foreign Affairs,head,1053010300,Cape Town - RSA,27400000,26400000,0,26400000,29400000,32400000,302,yes
fy-2026-27-recurrent-volume-i-1011-1166-29-04-26,1053,State Department for Foreign Affairs,head,1053010400,Shanghai - China,22800000,21800000,0,21800000,22800000,22800000,302,yes
fy-2026-27-recurrent-volume-i-1011-1166-29-04-26,1053,State Department for Foreign Affairs,head,10530101500,Goma - DRC,131414881,149933303,50000,149883303,153583281,155783281,302,yes
fy-2026-27-recurrent-volume-i-1011-1166-29-04-26,1053,State Department for Foreign Affairs,head,1053010600,Arusha - Tanzania,125378477,145799189,800000,144999189,145222477,145271977,302,yes
fy-2026-27-recurrent-volume-i-1011-1166-29-04-26,1053,State Department for Foreign Affairs,head,1053010700,Bern - Switzerland,280279841,331246481,700000,330546481,362485961,389401397,302,yes
fy-2026-27-recurrent-volume-i-1011-1166-29-04-26,1053,State Department for Foreign Affairs,head,1053010800,Directorate of International Conferences & Events,11694356,10874568,0,10874568,11694356,11694356,303,yes
fy-2026-27-recurrent-volume-i-1011-1166-29-04-26,1053,State Department for Foreign Affairs,head,1053010900,Red Sea & Indian Ocean Ream,7522742,6874205,0,6874205,7522742,7522742,303,yes
fy-2026-27-recurrent-volume-i-1011-1166-29-04-26,1053,State Department for Foreign Affairs,head,1053011400,Asmara - Eritrea,95999911,120863157,50000,120813157,133499111,157565443,303,yes
fy-2026-27-recurrent-volume-i-1011-1166-29-04-26,1053,State Department for Foreign Affairs,head,1053011600,Jeddah - Saudi Arabia,143841238,197981965,50000,197931965,210680238,217842238,303,yes
fy-2026-27-recurrent-volume-i-1011-1166-29-04-26,1053,State Department for Foreign Affairs,head,1053011700,Bogota- Colombia,32026162,32026162,0,32026162,32026162,32026162,303,yes
fy-2026-27-recurrent-volume-i-1011-1166-29-04-26,1053,State Department for Foreign Affairs,head,1053011800,"Kenya Consulate, Haiti",101685885,151521306,0,151521306,161886085,171185885,303,yes
fy-2026-27-recurrent-volume-i-1011-1166-29-04-26,1053,State Department for Foreign Affairs,head,1053012000,Copenhagen,0,61816734,0,61816734,63480000,64060000,303,yes
fy-2026-27-recurrent-volume-i-1011-1166-29-04-26,1053,State Department for Foreign Affairs,head,1053012100,Vatican City,0,60816534,0,60816534,63699200,66050200,303,yes
fy-2026-27-recurrent-volume-i-1011-1166-29-04-26,1053,State Department for Foreign Affairs,head,1053012200,Hanoi,0,60816735,0,60816735,63200000,65400000,303,yes
fy-2026-27-recurrent-volume-i-1011-1166-29-04-26,1053,State Department for Foreign Affairs,vote_total,,TOTAL FOR VOTE,23463605062,24471908602,312900000,24159008602,25796500000,26780600000,303,yes
fy-2026-27-recurrent-volume-i-1011-1166-29-04-26,1054,State Department for Diaspora Affairs,head,1054000100,Headquarters Administrative Services,307997952,266097752,0,266097752,303126331,312698701,404,yes
fy-2026-27-recurrent-volume-i-1011-1166-29-04-26,1054,State Department for Diaspora Affairs,head,1054000200,Human Resource Management & Development,9707667,20240554,0,20240554,22261585,23242236,404,yes
fy-2026-27-recurrent-volume-i-1011-1166-29-04-26,1054,State Department for Diaspora Affairs,head,1054000300,Financial Management Services,17085803,22519336,0,22519336,25236298,26182608,404,yes
fy-2026-27-recurrent-volume-i-1011-1166-29-04-26,1054,State Department for Diaspora Affairs,head,1054000400,Central Planning & Project Monitoring Department,17067332,28476705,0,28476705,30988502,32540318,404,yes
fy-2026-27-recurrent-volume-i-1011-1166-29-04-26,1054,State Department for Diaspora Affairs,head,1054000500,ICT & Records Management Unit,11289298,22388333,0,22388333,23637859,24503690,404,yes
fy-2026-27-recurrent-volume-i-1011-1166-29-04-26,1054,State Department for Diaspora Affairs,head,1054000800,Consular Liaison Office,44681141,60608721,0,60608721,63895924,65933863,404,yes
fy-2026-27-recurrent-volume-i-1011-1166-29-04-26,1054,State Department for Diaspora Affairs,head,1054001100,Diaspora Welfare and Rights,317666680,244913453,0,244913453,263242985,279628821,404,yes
fy-2026-27-recurrent-volume-i-1011-1166-29-04-26,1054,State Department for Diaspora Affairs,head,1054001200,"Diaspora Investments, Remittances and International Jobs",28101469,55024066,0,55024066,58210516,60269763,404,yes
fy-2026-27-recurrent-volume-i-1011-1166-29-04-26,1054,State Department for Diaspora Affairs,head,1054001300,Diaspora Placement Agency,2500000,58200000,0,58200000,60000000,60000000,404,yes
fy-2026-27-recurrent-volume-i-1011-1166-29-04-26,1054,State Department for Diaspora Affairs,head,1054001400,Diaspora Investment Support Office,2500000,38800000,0,38800000,40000000,40000000,405,yes
fy-2026-27-recurrent-volume-i-1011-1166-29-04-26,1054,State Department for Diaspora Affairs,vote_total,,TOTAL FOR VOTE,758597342,817268920,0,817268920,890600000,925000000,405,yes
fy-2026-27-recurrent-volume-i-1011-1166-29-04-26,1064,State Department for Technical Vocational Education and Training,head,1064000100,TVET Authority,213063251,463063251,250000000,213063251,483063251,483063251,413,yes
fy-2026-27-recurrent-volume-i-1011-1166-29-04-26,1064,State Department for Technical Vocational Education and Training,head,1064000200,Kisumu Polytechnic,0,1059996466,1059996466,0,1059996466,1059996466,413,yes
fy-2026-27-recurrent-volume-i-1011-1166-29-04-26,1064,State Department for Technical Vocational Education and Training,head,1064000300,Kenya School of TVET,0,650385750,650385750,0,650385750,650385750,413,yes
fy-2026-27-recurrent-volume-i-1011-1166-29-04-26,1064,State Department for Technical Vocational Education and Training,head,1064000400,Technical Training Institutes,105725000,6739471030,6633671030,105800000,6740271030,6740271030,413,yes
fy-2026-27-recurrent-volume-i-1011-1166-29-04-26,1064,State Department for Technical Vocational Education and Training,head,1064000600,Eldoret Polytechnic,0,1050221300,1050221300,0,1050221300,1050221300,413,yes
fy-2026-27-recurrent-volume-i-1011-1166-29-04-26,1064,State Department for Technical Vocational Education and Training,head,1064000700,Directorate of Technical Education,20031411528,21684975930,0,21684975930,23442333426,23903501192,413,yes
fy-2026-27-recurrent-volume-i-1011-1166-29-04-26,1064,State Department for Technical Vocational Education and Training,head,1064000800,County Directors of TVET,67026770,80517868,0,80517868,86275699,89576843,413,yes
fy-2026-27-recurrent-volume-i-1011-1166-29-04-26,1064,State Department for Technical Vocational Education and Training,head,1064000900,Vocational Education and Training; Policy Partnerships & Research,54066000,69566074,0,69566074,73925511,86023793,413,yes
fy-2026-27-recurrent-volume-i-1011-1166-29-04-26,1064,State Department for Technical Vocational Education and Training,head,1064001000,Curriculum Development Assessment and Certification Council (CDACC),0,2234000000,2234000000,0,2234000000,2234000000,413,yes
fy-2026-27-recurrent-volume-i-1011-1166-29-04-26,1064,State Department for Technical Vocational Education and Training,head,1064001200,Machakos Institute for the Blind,54083127,54074368,0,54074368,72580937,103330862,414,yes
fy-2026-27-recurrent-volume-i-1011-1166-29-04-26,1064,State Department for Technical Vocational Education and Training,head,1064001300,Karen Institute for the Deaf,49716188,49716188,0,49716188,64213998,94964023,414,yes
fy-2026-27-recurrent-volume-i-1011-1166-29-04-26,1064,State Department for Technical Vocational Education and Training,head,1064001400,Sikri Technical Training Institute,56104896,56104371,0,56104371,72602181,103352206,414,yes
fy-2026-27-recurrent-volume-i-1011-1166-29-04-26,1064,State Department for Technical Vocational Education and Training,head,1064001500,Nyangoma Technical Training Institute,47237957,47237957,0,47237957,63735768,94485793,414,yes
fy-2026-27-recurrent-volume-i-1011-1166-29-04-26,1064,State Department for Technical Vocational Education and Training,head,1064001600,The Kabete Polytechnic,0,635194470,635194470,0,635194470,635194470,414,yes
fy-2026-27-recurrent-volume-i-1011-1166-29-04-26,1064,State Department for Technical Vocational Education and Training,head,1064001700,Kitale Polytechnic,0,819417652,819417652,0,819417652,819417652,414,yes
fy-2026-27-recurrent-volume-i-1011-1166-29-04-26,1064,State Department for Technical Vocational Education and Training,head,1064001800,Meru Polytechnic,0,922494350,922494350,0,922494350,922494350,414,yes
fy-2026-27-recurrent-volume-i-1011-1166-29-04-26,1064,State Department for Technical Vocational Education and Training,head,1064001900,The Kenya Coast Polytechnic,0,769600000,769600000,0,769600000,769600000,414,yes
fy-2026-27-recurrent-volume-i-1011-1166-29-04-26,1064,State Department for Technical Vocational Education and Training,head,1064002000,Nyeri Polytechnic,0,994983576,994983576,0,994983576,994983576,414,yes
fy-2026-27-recurrent-volume-i-1011-1166-29-04-26,1064,State Department for Technical Vocational Education and Training,head,1064002100,Sigalagala Polytechnic,0,1098000000,1098000000,0,1098000000,1098000000,414,yes
fy-2026-27-recurrent-volume-i-1011-1166-29-04-26,1064,State Department for Technical Vocational Education and Training,head,1064002200,North Eastern Polytechnic,0,180000000,180000000,0,180000000,180000000,415,yes
fy-2026-27-recurrent-volume-i-1011-1166-29-04-26,1064,State Department for Technical Vocational Education and Training,head,1064002300,Gusii Polytechnic,0,1275748064,1275748064,0,1275748064,1275748064,415,yes
fy-2026-27-recurrent-volume-i-1011-1166-29-04-26,1064,State Department for Technical Vocational Education and Training,head,1064002400,Kenya National Qualification Authority,175693865,234675929,40000000,194675929,244693865,252693865,415,yes
fy-2026-27-recurrent-volume-i-1011-1166-29-04-26,1064,State Department for Technical Vocational Education and Training,head,1064002500,Headquarters Administrative Services,1102340058,1180994980,18000000,1162994980,1258511308,1350546327,415,yes
fy-2026-27-recurrent-volume-i-1011-1166-29-04-26,1064,State Department for Technical Vocational Education and Training,head,1064002600,Central Planning and Project Monitoring Unit,16112039,28397430,0,28397430,32724056,48031845,415,yes
fy-2026-27-recurrent-volume-i-1011-1166-29-04-26,1064,State Department for Technical Vocational Education and Training,head,1064002700,Nyandarua National Polytechnic,0,845327342,845327342,0,845327342,845327342,415,yes
fy-2026-27-recurrent-volume-i-1011-1166-29-04-26,1064,State Department for Technical Vocational Education and Training,head,1064002900,Michuki National Polytechnic,0,516000000,516000000,0,516000000,516000000,415,yes
fy-2026-27-recurrent-volume-i-1011-1166-29-04-26,1064,State Department for Technical Vocational Education and Training,head,1064003000,Kaimosi Friends National Polytechnic,0,549000000,549000000,0,549000000,549000000,415,yes
fy-2026-27-recurrent-volume-i-1011-1166-29-04-26,1064,State Department for Technical Vocational Education and Training,head,1064003100,Siaya National Polytechnic,0,539000000,539000000,0,539000000,539000000,415,yes
fy-2026-27-recurrent-volume-i-1011-1166-29-04-26,1064,State Department for Technical Vocational Education and Training,head,1064003200,Mitunguu National Polytechnic,0,359000000,359000000,0,359000000,359000000,415,yes
fy-2026-27-recurrent-volume-i-1011-1166-29-04-26,1064,State Department for Technical Vocational Education and Training,head,1064003300,Tseikuru National Polytechnic,0,110000000,110000000,0,110000000,110000000,416,yes
fy-2026-27-recurrent-volume-i-1011-1166-29-04-26,1064,State Department for Technical Vocational Education and Training,head,1064003400,Baringo National Polytechnic,0,360000000,360000000,0,360000000,360000000,416,yes
fy-2026-27-recurrent-volume-i-1011-1166-29-04-26,1064,State Department for Technical Vocational Education and Training,head,1064003500,Nyamira National Polytechnic,0,289000000,289000000,0,289000000,289000000,416,yes
fy-2026-27-recurrent-volume-i-1011-1166-29-04-26,1064,State Department for Technical Vocational Education and Training,head,1064003600,Maasai National Polytechnic,0,266000000,266000000,0,266000000,266000000,416,yes
fy-2026-27-recurrent-volume-i-1011-1166-29-04-26,1064,State Department for Technical Vocational Education and Training,head,1064003700,Kericho National Polytechnic,0,340000000,340000000,0,340000000,340000000,416,yes
fy-2026-27-recurrent-volume-i-1011-1166-29-04-26,1064,State Department for Technical Vocational Education and Training,head,1064003800,Rift Valley National Polytechnic,0,1120000000,1120000000,0,1120000000,1120000000,416,yes
fy-2026-27-recurrent-volume-i-1011-1166-29-04-26,1064,State Department for Technical Vocational Education and Training,head,1064003900,Taita Taveta National Polytechnic,0,404000000,404000000,0,404000000,404000000,416,yes
fy-2026-27-recurrent-volume-i-1011-1166-29-04-26,1064,State Department for Technical Vocational Education and Training,head,1064004000,Shamberere National Polytechnic,0,607000000,607000000,0,607000000,607000000,416,yes
fy-2026-27-recurrent-volume-i-1011-1166-29-04-26,1064,State Department for Technical Vocational Education and Training,head,1064004100,Bumbe National Polytechnic,0,248000000,248000000,0,248000000,248000000,416,yes
fy-2026-27-recurrent-volume-i-1011-1166-29-04-26,1064,State Department for Technical Vocational Education and Training,head,1064004200,Jeremiah Nyaga National Polytechnic,0,752000000,752000000,0,752000000,752000000,416,yes
fy-2026-27-recurrent-volume-i-1011-1166-29-04-26,1064,State Department for Technical Vocational Education and Training,head,1064004400,Kipsoen National Polytechnic,0,133000000,133000000,0,133000000,133000000,417,yes
fy-2026-27-recurrent-volume-i-1011-1166-29-04-26,1064,State Department for Technical Vocational Education and Training,vote_total,,TOTAL FOR VOTE,21972580679,49816164346,26069040000,23747124346,51762300000,52477210000,417,yes
fy-2026-27-recurrent-volume-i-1011-1166-29-04-26,1065,State Department for Higher Education,head,1065000200,The Kenya Universities and Colleges Central Placement Services,0,830400000,830400000,0,1030400000,1030400000,440,yes
fy-2026-27-recurrent-volume-i-1011-1166-29-04-26,1065,State Department for Higher Education,head,1065000400,Technical University of Kenya,1090332111,2243343281,1160498481,1082844800,1439984812,1439984812,440,yes
fy-2026-27-recurrent-volume-i-1011-1166-29-04-26,1065,State Department for Higher Education,head,1065000500,Technical University of Mombasa,841188999,1337570400,1013700000,323870400,1257900000,1257900000,440,yes
fy-2026-27-recurrent-volume-i-1011-1166-29-04-26,1065,State Department for Higher Education,head,1065000600,University of Nairobi,3666165199,13816183887,12956466562,859717325,16566286201,16061430538,440,yes
fy-2026-27-recurrent-volume-i-1011-1166-29-04-26,1065,State Department for Higher Education,head,1065000700,Kenyatta University,2950408413,7578007747,7207811620,370196127,9128809684,8943711620,440,yes
fy-2026-27-recurrent-volume-i-1011-1166-29-04-26,1065,State Department for Higher Education,head,1065000800,Egerton University,1561412023,2451775701,2252085910,199689791,2894353806,3126508601,440,yes
fy-2026-27-recurrent-volume-i-1011-1166-29-04-26,1065,State Department for Higher Education,head,1065000900,Jomo Kenyatta University of Agriculture and Technology,2524630277,5400169138,4878725609,521443529,6328659981,6099670824,440,yes
fy-2026-27-recurrent-volume-i-1011-1166-29-04-26,1065,State Department for Higher Education,head,1065001000,Maseno University,2157685713,1532880650,1430981009,101899641,1828930830,1777981009,440,yes
fy-2026-27-recurrent-volume-i-1011-1166-29-04-26,1065,State Department for Higher Education,head,1065001100,Moi University,6036310751,4809390460,3321919125,1487471335,4925292569,4106556901,440,yes
fy-2026-27-recurrent-volume-i-1011-1166-29-04-26,1065,State Department for Higher Education,head,1065001200,Masinde Muliro University,1930455679,1824253290,1590105450,234147840,2165179370,1973105450,441,yes
fy-2026-27-recurrent-volume-i-1011-1166-29-04-26,1065,State Department for Higher Education,head,1065001300,Directorate of Higher Education,63148494,6749900886,0,6749900886,72886715,73352894,441,yes
fy-2026-27-recurrent-volume-i-1011-1166-29-04-26,1065,State Department for Higher Education,head,1065001400,Commission for Universities Education,219438964,569438964,350000000,219438964,653738964,653738964,441,yes
fy-2026-27-recurrent-volume-i-1011-1166-29-04-26,1065,State Department for Higher Education,head,1065001500,Higher Education Loans Board (HELB),40939073982,56708206658,4765000000,51943206658,69077743936,85701558895,441,yes
fy-2026-27-recurrent-volume-i-1011-1166-29-04-26,1065,State Department for Higher Education,head,1065001800,South Eastern Kenya University,591217559,1030372840,985600000,44772840,1223000000,1223000000,441,yes
fy-2026-27-recurrent-volume-i-1011-1166-29-04-26,1065,State Department for Higher Education,head,1065001900,Pwani University,539846897,648000000,648000000,0,804000000,804000000,441,yes
fy-2026-27-recurrent-volume-i-1011-1166-29-04-26,1065,State Department for Higher Education,head,1065002000,The Chuka University,1239695027,1077482400,990500000,86982400,1229000000,1229000000,441,yes
fy-2026-27-recurrent-volume-i-1011-1166-29-04-26,1065,State Department for Higher Education,head,1065002100,Kisii University,1049702326,812618027,782000000,30618027,985609014,970300000,441,yes
fy-2026-27-recurrent-volume-i-1011-1166-29-04-26,1065,State Department for Higher Education,head,1065002200,Laikipia University of Technology,432526741,474800000,474800000,0,589200000,589200000,441,yes
fy-2026-27-recurrent-volume-i-1011-1166-29-04-26,1065,State Department for Higher Education,head,1065002300,Dedan Kimathi University of Technology,915139173,1249306400,600500000,648806400,745200000,745200000,441,yes
fy-2026-27-recurrent-volume-i-1011-1166-29-04-26,1065,State Department for Higher Education,head,1065002400,Meru University of Science and Technology,827450695,691101600,617900000,73201600,766700000,766700000,442,yes
fy-2026-27-recurrent-volume-i-1011-1166-29-04-26,1065,State Department for Higher Education,head,1065002500,Multimedia University of Kenya,511520567,743256800,647900000,95356800,804000000,804000000,442,yes
fy-2026-27-recurrent-volume-i-1011-1166-29-04-26,1065,State Department for Higher Education,head,1065002600,Maasai Mara University,692916366,402886400,392000000,10886400,486400000,486400000,442,yes
fy-2026-27-recurrent-volume-i-1011-1166-29-04-26,1065,State Department for Higher Education,head,1065002700,University of Kabianga,396016909,550500000,550500000,0,683100000,683100000,442,yes
fy-2026-27-recurrent-volume-i-1011-1166-29-04-26,1065,State Department for Higher Education,head,1065002800,University of Eldoret,1055518424,586692000,486900000,99792000,604200000,604200000,442,yes
fy-2026-27-recurrent-volume-i-1011-1166-29-04-26,1065,State Department for Higher Education,head,1065002900,Karatina University,548155884,706700000,706700000,0,876900000,876900000,442,yes
fy-2026-27-recurrent-volume-i-1011-1166-29-04-26,1065,State Department for Higher Education,head,1065003000,Jaramogi Oginga Odinga University of Science and Technology,539820858,1218119200,1190500000,27619200,1477200000,1477200000,442,yes
fy-2026-27-recurrent-volume-i-1011-1166-29-04-26,1065,State Department for Higher Education,head,1065003500,Central Planning and Project Monitoring Unit,12709255,12425656,0,12425656,13582416,14074746,442,yes
fy-2026-27-recurrent-volume-i-1011-1166-29-04-26,1065,State Department for Higher Education,head,1065003700,Headquarters Administrative Services,337002673,300309298,0,300309298,355120869,388847532,442,yes
fy-2026-27-recurrent-volume-i-1011-1166-29-04-26,1065,State Department for Higher Education,head,1065003800,University Funding Board,18663578880,31215878880,104300000,31111578880,37665902682,38903821754,442,yes
fy-2026-27-recurrent-volume-i-1011-1166-29-04-26,1065,State Department for Higher Education,head,1065004000,GoK Sponsorship to Students in Private Universities,1574790000,974790000,0,974790000,974790000,974790000,443,yes
fy-2026-27-recurrent-volume-i-1011-1166-29-04-26,1065,State Department for Higher Education,head,1065004100,Tharaka University,643439850,321800000,321800000,0,399300000,399300000,443,yes
fy-2026-27-recurrent-volume-i-1011-1166-29-04-26,1065,State Department for Higher Education,head,1065004200,African Institute for Capacity & Development,56000000,56000000,0,56000000,56000000,56000000,443,yes
fy-2026-27-recurrent-volume-i-1011-1166-29-04-26,1065,State Department for Higher Education,head,1065004400,University of Embu,570548607,759606234,759606234,0,956118151,956115460,443,yes
fy-2026-27-recurrent-volume-i-1011-1166-29-04-26,1065,State Department for Higher Education,head,1065004500,Machakos University,843071034,706331040,561300000,145031040,696500000,696500000,443,yes
fy-2026-27-recurrent-volume-i-1011-1166-29-04-26,1065,State Department for Higher Education,head,1065004600,Kirinyaga University,551629477,1420352000,1325600000,94752000,1644900000,1644900000,443,yes
fy-2026-27-recurrent-volume-i-1011-1166-29-04-26,1065,State Department for Higher Education,head,1065004700,Muranga University of Technology,549341995,736610880,667200000,69410880,827800000,827800000,443,yes
fy-2026-27-recurrent-volume-i-1011-1166-29-04-26,1065,State Department for Higher Education,head,1065004800,Taita Taveta University,362481204,142809280,136600000,6209280,169500000,169500000,443,yes
fy-2026-27-recurrent-volume-i-1011-1166-29-04-26,1065,State Department for Higher Education,head,1065004900,Co-operative University of Kenya,353733004,656600000,656600000,0,814700000,814700000,443,yes
fy-2026-27-recurrent-volume-i-1011-1166-29-04-26,1065,State Department for Higher Education,head,1065005000,Tom Mboya University,367148935,263700000,263700000,0,327200000,327200000,443,yes
fy-2026-27-recurrent-volume-i-1011-1166-29-04-26,1065,State Department for Higher Education,head,1065005100,Garissa University,335446078,304000000,304000000,0,377200000,377200000,444,yes
fy-2026-27-recurrent-volume-i-1011-1166-29-04-26,1065,State Department for Higher Education,head,1065005200,Rongo University,483925625,384700000,384700000,0,477400000,477400000,444,yes
fy-2026-27-recurrent-volume-i-1011-1166-29-04-26,1065,State Department for Higher Education,head,1065005300,Alupe University,275165974,93800000,93800000,0,116400000,116400000,444,yes
fy-2026-27-recurrent-volume-i-1011-1166-29-04-26,1065,State Department for Higher Education,head,1065005400,Kibabii University,388791618,429400000,429400000,0,532800000,532800000,444,yes
fy-2026-27-recurrent-volume-i-1011-1166-29-04-26,1065,State Department for Higher Education,head,1065005500,Kaimosi Friends University,399407661,228500000,228500000,0,283500000,283500000,444,yes
fy-2026-27-recurrent-volume-i-1011-1166-29-04-26,1065,State Department for Higher Education,head,1065005600,Open University of Kenya,480474722,137400000,137400000,0,170500000,170500000,444,yes
fy-2026-27-recurrent-volume-i-1011-1166-29-04-26,1065,State Department for Higher Education,vote_total,,TOTAL FOR VOTE,100568464623,155188369997,57206000000,97982369997,175503890000,191636450000,444,yes
fy-2026-27-recurrent-volume-i-1011-1166-29-04-26,1066,State Department for Basic Education,head,1066000100,Directorate of Field Services,59057885,70059660,0,70059660,72129175,72930608,468,yes
fy-2026-27-recurrent-volume-i-1011-1166-29-04-26,1066,State Department for Basic Education,head,1066000200,Policy and Educational Development Co- ordination Services,373566143,406846565,0,406846565,443569689,473222269,468,yes
fy-2026-27-recurrent-volume-i-1011-1166-29-04-26,1066,State Department for Basic Education,head,1066000300,Central Planning and Project Monitoring Unit,34046898,24443519,0,24443519,24911318,25097614,468,yes
fy-2026-27-recurrent-volume-i-1011-1166-29-04-26,1066,State Department for Basic Education,head,1066000400,Headquarters Administrative Services,1105326793,967840720,2500000,965340720,976199915,983130517,468,yes
fy-2026-27-recurrent-volume-i-1011-1166-29-04-26,1066,State Department for Basic Education,head,1066000500,County Education Services,580986877,591138687,0,591138687,629915839,659865103,468,yes
fy-2026-27-recurrent-volume-i-1011-1166-29-04-26,1066,State Department for Basic Education,head,1066000600,Kenya National Commission for UNESCO & Commonwealth London Office,420045921,391043175,25958309,365084866,399490507,399490507,468,yes
fy-2026-27-recurrent-volume-i-1011-1166-29-04-26,1066,State Department for Basic Education,head,1066000700,Kenya National Examination Council,667800000,1698477691,1050711691,647766000,1718511691,1718511691,468,yes
fy-2026-27-recurrent-volume-i-1011-1166-29-04-26,1066,State Department for Basic Education,head,1066000800,School Audit Unit,390519017,404159231,0,404159231,419273513,432231699,468,yes
fy-2026-27-recurrent-volume-i-1011-1166-29-04-26,1066,State Department for Basic Education,head,1066000900,Sub-County Education Services,1888185216,1932236482,0,1932236482,1981846933,1993282998,468,yes
fy-2026-27-recurrent-volume-i-1011-1166-29-04-26,1066,State Department for Basic Education,head,1066001000,Kenya Institute of Curriculum Development,1325399403,1156787421,70000000,1086787421,1190399403,1190399403,469,yes
fy-2026-27-recurrent-volume-i-1011-1166-29-04-26,1066,State Department for Basic Education,head,1066001100,Science Equipment Production Unit,108000000,119760000,15000000,104760000,123000000,123000000,469,yes
fy-2026-27-recurrent-volume-i-1011-1166-29-04-26,1066,State Department for Basic Education,head,1066001300,Special Secondary Schools,280000000,271600000,0,271600000,280000000,280000000,469,yes
fy-2026-27-recurrent-volume-i-1011-1166-29-04-26,1066,State Department for Basic Education,head,1066001400,Early Childhood Development Education (ECDE),19206374,22772373,0,22772373,23233289,23664803,469,yes
fy-2026-27-recurrent-volume-i-1011-1166-29-04-26,1066,State Department for Basic Education,head,1066001500,Directorate of Basic Education,8192226499,8196000804,0,8196000804,9000317534,10025533830,469,yes
fy-2026-27-recurrent-volume-i-1011-1166-29-04-26,1066,State Department for Basic Education,head,1066001700,Primary Teachers Training Colleges,353808908,344372122,0,344372122,354805157,355268323,469,yes
fy-2026-27-recurrent-volume-i-1011-1166-29-04-26,1066,State Department for Basic Education,head,1066001900,Kenya Institute of Special Education - KISE,627612712,766291495,150000000,616291495,766612712,766612712,469,yes
fy-2026-27-recurrent-volume-i-1011-1166-29-04-26,1066,State Department for Basic Education,head,1066002000,Directorate of Quality Assurance and Standards,961038733,1008161102,0,1008161102,1110364561,1190211510,469,yes
fy-2026-27-recurrent-volume-i-1011-1166-29-04-26,1066,State Department for Basic Education,head,1066002100,Kenya Education Management Institute,185824419,137649686,35000000,102649686,140824419,140824419,469,yes
fy-2026-27-recurrent-volume-i-1011-1166-29-04-26,1066,State Department for Basic Education,head,1066002200,Kibabii Teachers Training College,100538430,97522277,0,97522277,100538430,100538430,469,yes
fy-2026-27-recurrent-volume-i-1011-1166-29-04-26,1066,State Department for Basic Education,head,1066002300,Institute for Capacity Development of Teachers in Africa,90000000,87300000,0,87300000,90000000,90000000,470,yes
fy-2026-27-recurrent-volume-i-1011-1166-29-04-26,1066,State Department for Basic Education,head,1066002400,Kagumo Teachers College,61777657,59924327,0,59924327,61777657,61777657,470,yes
fy-2026-27-recurrent-volume-i-1011-1166-29-04-26,1066,State Department for Basic Education,head,1066002500,Secondary and Tertiary Education Headquarters Administrative Services,86598490683,94638424844,6000000,94632424844,97642141955,105643366329,470,yes
fy-2026-27-recurrent-volume-i-1011-1166-29-04-26,1066,State Department for Basic Education,head,1066002600,Directorate of Policy Partnership and East Africa Community,77919338,82599390,0,82599390,83687593,84726597,470,yes
fy-2026-27-recurrent-volume-i-1011-1166-29-04-26,1066,State Department for Basic Education,head,1066002700,Directorate of Adult and Continuing Education,59011143,0,0,0,0,0,470,yes
fy-2026-27-recurrent-volume-i-1011-1166-29-04-26,1066,State Department for Basic Education,head,1066002800,County Administrative Services,23421503,0,0,0,0,0,470,yes
fy-2026-27-recurrent-volume-i-1011-1166-29-04-26,1066,State Department for Basic Education,head,1066002900,Sub-County Adult Education,702895031,0,0,0,0,0,470,yes
fy-2026-27-recurrent-volume-i-1011-1166-29-04-26,1066,State Department for Basic Education,head,1066003000,Isenya Resource Centre,9007626,0,0,0,0,0,470,yes
fy-2026-27-recurrent-volume-i-1011-1166-29-04-26,1066,State Department for Basic Education,head,1066003200,Kakamega Multi-purpose Training Centre,5755855,0,0,0,0,0,470,yes
fy-2026-27-recurrent-volume-i-1011-1166-29-04-26,1066,State Department for Basic Education,head,1066003300,Kitui Multi-Purpose Training Centre,12586471,0,0,0,0,0,470,yes
fy-2026-27-recurrent-volume-i-1011-1166-29-04-26,1066,State Department for Basic Education,head,1066003400,Murathankari Multi-Purpose Training Centre Meru,8351573,0,0,0,0,0,471,yes
fy-2026-27-recurrent-volume-i-1011-1166-29-04-26,1066,State Department for Basic Education,head,1066003500,Ahero Multi-Purpose Training Centre,9254290,0,0,0,0,0,471,yes
fy-2026-27-recurrent-volume-i-1011-1166-29-04-26,1066,State Department for Basic Education,head,1066004000,Kenya Institute of Blind,45900000,44523000,0,44523000,45900000,45900000,471,yes
fy-2026-27-recurrent-volume-i-1011-1166-29-04-26,1066,State Department for Basic Education,head,1066004100,Financial Management Services,12421730,16817074,0,16817074,17644150,17956437,471,yes
fy-2026-27-recurrent-volume-i-1011-1166-29-04-26,1066,State Department for Basic Education,head,1066004200,National Education Board,120421620,116808971,0,116808971,120421620,120421620,471,yes
fy-2026-27-recurrent-volume-i-1011-1166-29-04-26,1066,State Department for Basic Education,head,1066004400,Washington Education Office,33390760,39670911,0,39670911,39940760,39940760,471,yes
fy-2026-27-recurrent-volume-i-1011-1166-29-04-26,1066,State Department for Basic Education,head,1066004500,New Delhi Education Office,26891280,26578728,0,26578728,26891280,26891280,471,yes
fy-2026-27-recurrent-volume-i-1011-1166-29-04-26,1066,State Department for Basic Education,head,1066004600,Pretoria Education Office,37027978,36470004,0,36470004,37027978,37027978,471,yes
fy-2026-27-recurrent-volume-i-1011-1166-29-04-26,1066,State Department for Basic Education,head,1066004700,Beijing Education Office,51412480,46150728,0,46150728,46862480,46862480,471,yes
fy-2026-27-recurrent-volume-i-1011-1166-29-04-26,1066,State Department for Basic Education,head,1066004800,Lugari Diploma Teachers Training College,46204896,44818749,0,44818749,46204896,46204896,471,yes
fy-2026-27-recurrent-volume-i-1011-1166-29-04-26,1066,State Department for Basic Education,head,1066004900,National Council for Nomadic Education in Kenya (NACONEK),5640000000,3729200000,0,3729200000,4740000000,5740000000,472,yes
fy-2026-27-recurrent-volume-i-1011-1166-29-04-26,1066,State Department for Basic Education,head,1066005200,Education Assessment and Resource Centre (EARC),5520088,4907272,0,4907272,5520088,5520088,472,yes
fy-2026-27-recurrent-volume-i-1011-1166-29-04-26,1066,State Department for Basic Education,head,1066007600,Australia Education Office,37654500,40165179,0,40165179,40654500,40654500,472,yes
fy-2026-27-recurrent-volume-i-1011-1166-29-04-26,1066,State Department for Basic Education,head,1066007700,Directorate of Special Needs Education,48914388,53206195,0,53206195,54220289,54910368,472,yes
fy-2026-27-recurrent-volume-i-1011-1166-29-04-26,1066,State Department for Basic Education,head,1066007900,Regional Coordinators of Education,72696244,89892683,0,89892683,91811617,93413522,472,yes
fy-2026-27-recurrent-volume-i-1011-1166-29-04-26,1066,State Department for Basic Education,head,1066008100,Scouts and Girl Guides Association,106200000,106200000,0,106200000,106200000,106200000,472,yes
fy-2026-27-recurrent-volume-i-1011-1166-29-04-26,1066,State Department for Basic Education,head,1066008200,Brussels Education Office,36825560,36620162,0,36620162,36825560,36825560,472,yes
fy-2026-27-recurrent-volume-i-1011-1166-29-04-26,1066,State Department for Basic Education,head,1066008500,Jomo Kenyatta Foundation,78300000,78300000,0,78300000,78300000,78300000,472,yes
fy-2026-27-recurrent-volume-i-1011-1166-29-04-26,1066,State Department for Basic Education,vote_total,,TOTAL FOR VOTE,111731442922,117985741227,1355170000,116630571227,123167976508,133370716508,472,yes
fy-2026-27-recurrent-volume-i-1011-1166-29-04-26,1067,"State Department for Science, Innovation and Research",head,1067000100,Headquarters Administrative Services,226090750,243652737,0,243652737,246948017,276290858,503,yes
fy-2026-27-recurrent-volume-i-1011-1166-29-04-26,1067,"State Department for Science, Innovation and Research",head,1067000300,National Commission for Science Technology and Innovation,223343201,306640951,90000000,216640951,353820000,401722000,503,yes
fy-2026-27-recurrent-volume-i-1011-1166-29-04-26,1067,"State Department for Science, Innovation and Research",head,1067000400,National Research Fund,218689364,353746770,0,353746770,246980000,280393000,503,yes
fy-2026-27-recurrent-volume-i-1011-1166-29-04-26,1067,"State Department for Science, Innovation and Research",head,1067000500,Department of Research Development,68759936,85495831,0,85495831,99531983,109759142,503,yes
fy-2026-27-recurrent-volume-i-1011-1166-29-04-26,1067,"State Department for Science, Innovation and Research",head,1067000600,Kenya National Innovation Agency (KENIA),172673250,266591278,70000000,196591278,307900000,349585000,503,yes
fy-2026-27-recurrent-volume-i-1011-1166-29-04-26,1067,"State Department for Science, Innovation and Research",vote_total,,TOTAL FOR VOTE,909556501,1256127567,160000000,1096127567,1255180000,1417750000,503,yes
fy-2026-27-recurrent-volume-i-1011-1166-29-04-26,1071,The National Treasury,head,1071000100,Headquarters Administrative Services,20009831801,22068639999,0,22068639999,33461456261,49230652094,510,yes
fy-2026-27-recurrent-volume-i-1011-1166-29-04-26,1071,The National Treasury,head,1071000200,Budget Department,1532341683,1530742148,0,1530742148,4588859559,4601104382,510,yes
fy-2026-27-recurrent-volume-i-1011-1166-29-04-26,1071,The National Treasury,head,1071000300,Macro-Fiscal Affairs Department,196063034,177461002,0,177461002,193546951,198122300,510,yes
fy-2026-27-recurrent-volume-i-1011-1166-29-04-26,1071,The National Treasury,head,1071000400,Resource Mobilization Department,945504302,292970966,0,292970966,319392276,334172356,510,yes
fy-2026-27-recurrent-volume-i-1011-1166-29-04-26,1071,The National Treasury,head,1071000500,Competition Authority of Kenya,376644000,686423680,301000000,385423680,729600000,760200000,510,yes
fy-2026-27-recurrent-volume-i-1011-1166-29-04-26,1071,The National Treasury,head,1071000800,Global Fund,23922425,26789751,0,26789751,28360072,29496552,510,yes
fy-2026-27-recurrent-volume-i-1011-1166-29-04-26,1071,The National Treasury,head,1071000900,"Debt Policy, Strategy and Risk Management Department",43117530,50751115,0,50751115,55330086,59503396,510,yes
fy-2026-27-recurrent-volume-i-1011-1166-29-04-26,1071,The National Treasury,head,1071001000,Internal Audit Directorate,961012661,1022126311,0,1022126311,1077511730,1107694892,510,yes
fy-2026-27-recurrent-volume-i-1011-1166-29-04-26,1071,The National Treasury,head,1071001200,Accounting Services,667165541,1210322107,1124400000,85922107,1292094892,1395952357,510,yes
fy-2026-27-recurrent-volume-i-1011-1166-29-04-26,1071,The National Treasury,head,1071001300,Government Accounting Services,855841025,711936382,5600000,706336382,766249291,792155035,511,yes
fy-2026-27-recurrent-volume-i-1011-1166-29-04-26,1071,The National Treasury,head,1071001900,National Sub-County Treasuries,1178914658,1082700550,0,1082700550,1117844085,1125197514,511,yes
fy-2026-27-recurrent-volume-i-1011-1166-29-04-26,1071,The National Treasury,head,1071002000,Public Financial Management Reforms,100016280,89438260,0,89438260,79215200,86497300,511,yes
fy-2026-27-recurrent-volume-i-1011-1166-29-04-26,1071,The National Treasury,head,1071002100,Financial Management Information Services,69963813,92087999,0,92087999,97691213,100896520,511,yes
fy-2026-27-recurrent-volume-i-1011-1166-29-04-26,1071,The National Treasury,head,1071002200,Department of Government Investment and Public Enterprises,316660000,2441072000,2230000000,211072000,2573100000,2785700000,511,yes
fy-2026-27-recurrent-volume-i-1011-1166-29-04-26,1071,The National Treasury,head,1071007300,Directorate of Administrative Services,19342693,22199506,0,22199506,23194191,23985073,511,yes
fy-2026-27-recurrent-volume-i-1011-1166-29-04-26,1071,The National Treasury,head,1071007400,Kenya Revenue Authority,43031346000,37745400000,4766000000,32979400000,40864400000,40986400000,511,yes
fy-2026-27-recurrent-volume-i-1011-1166-29-04-26,1071,The National Treasury,head,1071007700,Central Planning & Project Monitoring Department,44457002,43593965,0,43593965,48052485,50630343,511,yes
fy-2026-27-recurrent-volume-i-1011-1166-29-04-26,1071,The National Treasury,head,1071008100,"Directorate of Budget, Fiscal & Economic Affairs",34429218,83373174,0,83373174,87195746,90005327,511,yes
fy-2026-27-recurrent-volume-i-1011-1166-29-04-26,1071,The National Treasury,head,1071008200,Financial & Sectoral Affairs Department,3172131806,1080321364,0,1080321364,1165892061,1286127651,511,yes
fy-2026-27-recurrent-volume-i-1011-1166-29-04-26,1071,The National Treasury,head,1071008400,Directorate of Accounting Services & Quality Assurance,32737639,36796376,0,36796376,39048136,40502727,512,yes
fy-2026-27-recurrent-volume-i-1011-1166-29-04-26,1071,The National Treasury,head,1071008800,Directorate of Public Debt Management Office,41006427,46672492,0,46672492,51692427,53963554,512,yes
fy-2026-27-recurrent-volume-i-1011-1166-29-04-26,1071,The National Treasury,head,1071008900,Debt Recording and Settlement Office,91350755,67358955,0,67358955,72097700,75119988,512,yes
fy-2026-27-recurrent-volume-i-1011-1166-29-04-26,1071,The National Treasury,head,1071009200,African Union & Other International Organizations Subscription Fund,0,9657900000,9657900000,0,9657400000,9657400000,512,yes
fy-2026-27-recurrent-volume-i-1011-1166-29-04-26,1071,The National Treasury,head,1071009300,Institute of Certified Investment and Financial Analysts,20700000,30100000,30100000,0,32800000,35000000,512,yes
fy-2026-27-recurrent-volume-i-1011-1166-29-04-26,1071,The National Treasury,head,1071009500,Competition Tribunal,41000000,41500000,0,41500000,44900000,48400000,512,yes
fy-2026-27-recurrent-volume-i-1011-1166-29-04-26,1071,The National Treasury,head,1071010300,Kenya National Entrepreneurs Savings Trust,196830000,210544320,0,210544320,232000000,250200000,512,yes
fy-2026-27-recurrent-volume-i-1011-1166-29-04-26,1071,The National Treasury,head,1071010400,Intergovernmental Fiscal Relations Department,91306093,92597090,0,92597090,99223256,102968257,512,yes
fy-2026-27-recurrent-volume-i-1011-1166-29-04-26,1071,The National Treasury,vote_total,,TOTAL FOR VOTE,74093636386,80641819512,18115000000,62526819512,98798147618,115308047618,512,yes
fy-2026-27-recurrent-volume-i-1011-1166-29-04-26,1072,State Department for Economic Planning,head,1072000100,Headquarters Administrative Services - Planning,862108842,601135730,0,601135730,675876326,701094482,539,yes
fy-2026-27-recurrent-volume-i-1011-1166-29-04-26,1072,State Department for Economic Planning,head,1072000800,National Council for Population and Development,352530000,364720000,0,364720000,872000000,904700000,539,yes
fy-2026-27-recurrent-volume-i-1011-1166-29-04-26,1072,State Department for Economic Planning,head,1072001100,Kenya National Bureau of Statistics,987210000,1039739000,71000000,968739000,1151800000,1236800000,539,yes
fy-2026-27-recurrent-volume-i-1011-1166-29-04-26,1072,State Department for Economic Planning,head,1072001400,NEPAD Kenya Secretariat,318960000,308654000,0,308654000,344400000,371800000,539,yes
fy-2026-27-recurrent-volume-i-1011-1166-29-04-26,1072,State Department for Economic Planning,head,1072002400,Vision 2030 Secretariat,169290000,190411000,0,190411000,185400000,199400000,539,yes
fy-2026-27-recurrent-volume-i-1011-1166-29-04-26,1072,State Department for Economic Planning,head,1072002600,Public Investments Management Unit - PIM Unit,12402167,0,0,0,0,0,539,yes
fy-2026-27-recurrent-volume-i-1011-1166-29-04-26,1072,State Department for Economic Planning,head,1072002900,National Government Constituency Development Fund (NGCDF) Board,400000000,0,0,0,0,0,539,yes
fy-2026-27-recurrent-volume-i-1011-1166-29-04-26,1072,State Department for Economic Planning,head,1072003000,Macroeconomic Modelling and Forecasting,48697600,50257190,0,50257190,55887056,57644212,539,yes
fy-2026-27-recurrent-volume-i-1011-1166-29-04-26,1072,State Department for Economic Planning,head,1072003100,Macroeconomic Policy and Research,29524602,33818663,0,33818663,35842733,36879429,539,yes
fy-2026-27-recurrent-volume-i-1011-1166-29-04-26,1072,State Department for Economic Planning,head,1072003200,Kenya Institute of Public Policy Research and Analysis (KIPPRA),429390000,771923000,320000000,451923000,850200000,937100000,540,yes
fy-2026-27-recurrent-volume-i-1011-1166-29-04-26,1072,State Department for Economic Planning,head,1072003300,International Economic Cooperation,82948602,88051126,0,88051126,94950889,98524437,540,yes
fy-2026-27-recurrent-volume-i-1011-1166-29-04-26,1072,State Department for Economic Planning,head,1072003400,International Frameworks Coordination,38572700,48411940,0,48411940,52822356,54704826,540,yes
fy-2026-27-recurrent-volume-i-1011-1166-29-04-26,1072,State Department for Economic Planning,head,1072003500,National and Sectoral Development Planning,56909846,75943179,0,75943179,87770427,94797357,540,yes
fy-2026-27-recurrent-volume-i-1011-1166-29-04-26,1072,State Department for Economic Planning,head,1072003600,Intergovernmental Development Planning,207071640,176187927,0,176187927,189196382,192550034,540,yes
fy-2026-27-recurrent-volume-i-1011-1166-29-04-26,1072,State Department for Economic Planning,head,1072003700,Monitoring & Evaluation and Learning,60507016,79776580,0,79776580,86631862,88454117,540,yes
fy-2026-27-recurrent-volume-i-1011-1166-29-04-26,1072,State Department for Economic Planning,head,1072003800,"Performance, Standards and Risk Management",36314910,40464136,0,40464136,43075114,44313678,540,yes
fy-2026-27-recurrent-volume-i-1011-1166-29-04-26,1072,State Department for Economic Planning,head,1072003900,"Strategy, Budget and Resource Mobilization",39609101,44756833,0,44756833,47991307,49297091,540,yes
fy-2026-27-recurrent-volume-i-1011-1166-29-04-26,1072,State Department for Economic Planning,head,1072004000,Capacity Building and Liaison,19525728,27336411,0,27336411,29408815,30493604,540,yes
fy-2026-27-recurrent-volume-i-1011-1166-29-04-26,1072,State Department for Economic Planning,vote_total,,TOTAL FOR VOTE,4151572754,3941586715,391000000,3550586715,4803253267,5098553267,540,yes
fy-2026-27-recurrent-volume-i-1011-1166-29-04-26,1073,State Department for Public Investments and Assets Management,head,1073000100,Headquarters Administration Services,120052853,505442491,0,505442491,616950565,681919137,554,yes
fy-2026-27-recurrent-volume-i-1011-1166-29-04-26,1073,State Department for Public Investments and Assets Management,head,1073000200,Department of Government Investment and Public Enterprises,625162861,470708315,3000000,467708315,512019227,545095574,554,yes
fy-2026-27-recurrent-volume-i-1011-1166-29-04-26,1073,State Department for Public Investments and Assets Management,head,1073000300,Public Private Partnership Directorate,76794512,92840320,0,92840320,98746079,102297520,554,yes
fy-2026-27-recurrent-volume-i-1011-1166-29-04-26,1073,State Department for Public Investments and Assets Management,head,1073000400,Directorate of Public Investment & Portfolio Management,27254620,25915490,0,25915490,28123134,28973442,554,yes
fy-2026-27-recurrent-volume-i-1011-1166-29-04-26,1073,State Department for Public Investments and Assets Management,head,1073000500,National Assets & Liabilities Management,93464551,169828209,0,169828209,185412467,190836643,554,yes
fy-2026-27-recurrent-volume-i-1011-1166-29-04-26,1073,State Department for Public Investments and Assets Management,head,1073000600,Public Investment Management Unit,15966676,41273334,0,41273334,42441926,43215992,554,yes
fy-2026-27-recurrent-volume-i-1011-1166-29-04-26,1073,State Department for Public Investments and Assets Management,head,1073000700,Pensions Department,850624494,266085202,0,266085202,285237867,300966509,554,yes
fy-2026-27-recurrent-volume-i-1011-1166-29-04-26,1073,State Department for Public Investments and Assets Management,head,1073000800,Directorate of Public Procurement,76599783,152549871,0,152549871,156397661,159398418,554,yes
fy-2026-27-recurrent-volume-i-1011-1166-29-04-26,1073,State Department for Public Investments and Assets Management,head,1073000900,Public Procurement Regulatory Authority (PPRA),1522409998,974635000,259500000,715135000,1044400000,1094400000,554,yes
fy-2026-27-recurrent-volume-i-1011-1166-29-04-26,1073,State Department for Public Investments and Assets Management,head,1073001000,Public Procurement Review Administrative Board (PPRAB),22200000,38534000,17000000,21534000,39000000,40900000,555,yes
fy-2026-27-recurrent-volume-i-1011-1166-29-04-26,1073,State Department for Public Investments and Assets Management,head,1073001200,State Corporations Appeals Tribunal,44460000,58700000,4000000,54700000,52700000,56600000,555,yes
fy-2026-27-recurrent-volume-i-1011-1166-29-04-26,1073,State Department for Public Investments and Assets Management,head,1073001300,Kenya Institute of Supplies Examination,30000000,84688000,55200000,29488000,95700000,117800000,555,yes
fy-2026-27-recurrent-volume-i-1011-1166-29-04-26,1073,State Department for Public Investments and Assets Management,head,1073001400,Kenya Procurement and Disposal Agency,28215897,52780823,24000000,28780823,53871074,54796765,555,yes
fy-2026-27-recurrent-volume-i-1011-1166-29-04-26,1073,State Department for Public Investments and Assets Management,vote_total,,TOTAL FOR VOTE,3533206245,2933981055,362700000,2571281055,3211000000,3417200000,555,yes
fy-2026-27-recurrent-volume-i-1011-1166-29-04-26,1082,State Department for Medical Services,head,1082000100,Headquarters Administrative and Technical Services,1218384896,2566050499,0,2566050499,2598580582,2617692924,566,yes
fy-2026-27-recurrent-volume-i-1011-1166-29-04-26,1082,State Department for Medical Services,head,1082000200,Headquarters Administrative Professional services,1653002100,1220321694,0,1220321694,1283809419,1355497805,566,yes
fy-2026-27-recurrent-volume-i-1011-1166-29-04-26,1082,State Department for Medical Services,head,1082000300,Planning and Feasibility Studies,28425691,10110345,0,10110345,10260759,10464736,566,yes
fy-2026-27-recurrent-volume-i-1011-1166-29-04-26,1082,State Department for Medical Services,head,1082000400,Mathari National Teaching and Referral Hospital,1749200000,1924200000,325000000,1599200000,3275000000,4125000000,566,yes
fy-2026-27-recurrent-volume-i-1011-1166-29-04-26,1082,State Department for Medical Services,head,1082000500,Spinal Injury Hospital,556965563,555589133,48000000,507589133,612233692,630622356,566,yes
fy-2026-27-recurrent-volume-i-1011-1166-29-04-26,1082,State Department for Medical Services,head,1082000700,Kenya Medical Supplies Authority,135000000,20892000000,20605000000,287000000,21392000000,20892000000,566,yes
fy-2026-27-recurrent-volume-i-1011-1166-29-04-26,1082,State Department for Medical Services,head,1082000800,Pharmacy Services,51973087,50926187,0,50926187,51170463,51219068,566,yes
fy-2026-27-recurrent-volume-i-1011-1166-29-04-26,1082,State Department for Medical Services,head,1082000900,Kenyatta National Hospital,8676552000,18817552000,10041000000,8776552000,21986000000,23297230000,566,yes
fy-2026-27-recurrent-volume-i-1011-1166-29-04-26,1082,State Department for Medical Services,head,1082001000,Moi Referral and Teaching Hospital,6600033400,11638433400,5038400000,6600033400,13741400000,14511400000,566,yes
fy-2026-27-recurrent-volume-i-1011-1166-29-04-26,1082,State Department for Medical Services,head,1082001100,Headquarters & Administrative Services- Finance Management Services,31479193,28501737,0,28501737,32155720,32273942,567,yes
fy-2026-27-recurrent-volume-i-1011-1166-29-04-26,1082,State Department for Medical Services,head,1082001200,Kenya Medical Research Institute,2569276000,3072000000,230000000,2842000000,3372000000,3072000000,567,yes
fy-2026-27-recurrent-volume-i-1011-1166-29-04-26,1082,State Department for Medical Services,head,1082001300,National Cancer Institute,293000000,343000000,0,343000000,543000000,343000000,567,yes
fy-2026-27-recurrent-volume-i-1011-1166-29-04-26,1082,State Department for Medical Services,head,1082001400,Pathology and Forensic Services (Government Pathology),56282264,55297108,0,55297108,57272748,57367794,567,yes
fy-2026-27-recurrent-volume-i-1011-1166-29-04-26,1082,State Department for Medical Services,head,1082001500,Kenya Blood Transfusion and Transplant Service,252797150,252971439,0,252971439,258491125,259154973,567,yes
fy-2026-27-recurrent-volume-i-1011-1166-29-04-26,1082,State Department for Medical Services,head,1082001600,Mwai Kibaki Teaching & Referral Hospital Othaya,732100000,1428800000,696700000,732100000,1717535000,1552370000,567,yes
fy-2026-27-recurrent-volume-i-1011-1166-29-04-26,1082,State Department for Medical Services,head,1082001700,Kenyatta University Teaching Referral & Research Hospital (KUTRRH).,2461446000,7111446000,4600000000,2511446000,8041000000,8067000000,567,yes
fy-2026-27-recurrent-volume-i-1011-1166-29-04-26,1082,State Department for Medical Services,head,1082001800,Universal Health Coverage Coordination & Management Unit,7450545929,8937615000,0,8937615000,8937615000,8937615000,567,yes
fy-2026-27-recurrent-volume-i-1011-1166-29-04-26,1082,State Department for Medical Services,head,1082001900,Health Insurance Subsidy Program for Orphans Vulnerable Children,319350000,0,0,0,0,0,567,yes
fy-2026-27-recurrent-volume-i-1011-1166-29-04-26,1082,State Department for Medical Services,head,1082002000,Central Planning and Project Monitoring Unit,31828544,30285082,0,30285082,32393527,32371015,567,yes
fy-2026-27-recurrent-volume-i-1011-1166-29-04-26,1082,State Department for Medical Services,head,1082002200,Non-Communicable Diseases,9842334,169069677,0,169069677,172213648,173944067,568,yes
fy-2026-27-recurrent-volume-i-1011-1166-29-04-26,1082,State Department for Medical Services,head,1082002300,Kenya Bio-Vax Institute (KBVI) - BETA,253350000,382205317,40540000,341665317,520540000,320540000,568,yes
fy-2026-27-recurrent-volume-i-1011-1166-29-04-26,1082,State Department for Medical Services,head,1082002400,National Aids Control Programme,114248277,115284419,0,115284419,116733194,117281199,568,yes
fy-2026-27-recurrent-volume-i-1011-1166-29-04-26,1082,State Department for Medical Services,head,1082002500,Kenya Board of Mental Health,89631000,167230000,0,167230000,447270000,797270000,568,yes
fy-2026-27-recurrent-volume-i-1011-1166-29-04-26,1082,State Department for Medical Services,head,1082002600,Family Planning Maternal and Child Health,38591865,37973824,0,37973824,39787165,40112051,568,yes
fy-2026-27-recurrent-volume-i-1011-1166-29-04-26,1082,State Department for Medical Services,head,1082002700,Kenya Expanded Programme Immunization,66278885,65864792,0,65864792,68152958,69123070,568,yes
fy-2026-27-recurrent-volume-i-1011-1166-29-04-26,1082,State Department for Medical Services,head,1082002800,National Syndemic Diseases Control Council,1307000000,1324954687,1954687,1323000000,1854000000,1254000000,568,yes
fy-2026-27-recurrent-volume-i-1011-1166-29-04-26,1082,State Department for Medical Services,head,1082002900,Medical Professional Capacity Building & Technical Assistance,200000000,160000000,0,160000000,200000000,200000000,568,yes
fy-2026-27-recurrent-volume-i-1011-1166-29-04-26,1082,State Department for Medical Services,head,1082003100,Primary HealthCare Fund,23100000000,19100000000,0,19100000000,17733930000,20100000000,568,yes
fy-2026-27-recurrent-volume-i-1011-1166-29-04-26,1082,State Department for Medical Services,head,1082003200,"The Emergency, Chronic and Critical Illness Fund - BETA",4000000000,4000000000,0,4000000000,10000000000,12000000000,568,yes
fy-2026-27-recurrent-volume-i-1011-1166-29-04-26,1082,State Department for Medical Services,head,1082003300,Digital Health Authority,170000000,191700000,126700000,65000000,391700000,191700000,569,yes
fy-2026-27-recurrent-volume-i-1011-1166-29-04-26,1082,State Department for Medical Services,head,1082003400,Jaramogi Oginga Odinga Teaching and Referral Hospital (JOOTRH),1931340000,3931340000,2000000000,1931340000,4936365000,4958140000,569,yes
fy-2026-27-recurrent-volume-i-1011-1166-29-04-26,1082,State Department for Medical Services,vote_total,,TOTAL FOR VOTE,66147924178,108580722340,43753294687,64827427653,124422610000,130066390000,569,yes
fy-2026-27-recurrent-volume-i-1011-1166-29-04-26,1083,State Department for Public Health and Professional Standards,head,1083000200,Physiotherapy Services,78436679,49919118,0,49919118,55385125,57683394,586,yes
fy-2026-27-recurrent-volume-i-1011-1166-29-04-26,1083,State Department for Public Health and Professional Standards,head,1083000500,National Quality Control Laboratories,30756795,91962192,54075000,37887192,91420000,98400000,586,yes
fy-2026-27-recurrent-volume-i-1011-1166-29-04-26,1083,State Department for Public Health and Professional Standards,head,1083000600,Nursing Services,120989086,43246018,0,43246018,44172149,44894744,586,yes
fy-2026-27-recurrent-volume-i-1011-1166-29-04-26,1083,State Department for Public Health and Professional Standards,head,1083000700,Health Standards and Regulatory Services,38520273,121211633,0,121211633,124321415,126529914,586,yes
fy-2026-27-recurrent-volume-i-1011-1166-29-04-26,1083,State Department for Public Health and Professional Standards,head,1083000800,Nutrition,58884262,61444505,0,61444505,62842883,64049994,586,yes
fy-2026-27-recurrent-volume-i-1011-1166-29-04-26,1083,State Department for Public Health and Professional Standards,head,1083001200,Environmental Health Services,29039965,28316195,0,28316195,30450486,30823233,586,yes
fy-2026-27-recurrent-volume-i-1011-1166-29-04-26,1083,State Department for Public Health and Professional Standards,head,1083001300,Port Health Control,279314457,484313558,184917000,299396558,528263405,578383404,586,yes
fy-2026-27-recurrent-volume-i-1011-1166-29-04-26,1083,State Department for Public Health and Professional Standards,head,1083001500,Health Education- International Health Office,50919330,49558811,0,49558811,59300000,68090000,586,yes
fy-2026-27-recurrent-volume-i-1011-1166-29-04-26,1083,State Department for Public Health and Professional Standards,head,1083001600,National Public Health Laboratory Services,302946154,173192245,960000,172232245,190298302,206655344,586,yes
fy-2026-27-recurrent-volume-i-1011-1166-29-04-26,1083,State Department for Public Health and Professional Standards,head,1083001700,Control of Malaria,450953069,121683536,0,121683536,125620432,128618753,587,yes
fy-2026-27-recurrent-volume-i-1011-1166-29-04-26,1083,State Department for Public Health and Professional Standards,head,1083001900,Special Global Fund,36164379,40511935,0,40511935,41394863,42061406,587,yes
fy-2026-27-recurrent-volume-i-1011-1166-29-04-26,1083,State Department for Public Health and Professional Standards,head,1083002000,Primary Health Care,3435944611,3906019051,0,3906019051,3936015331,3938058109,587,yes
fy-2026-27-recurrent-volume-i-1011-1166-29-04-26,1083,State Department for Public Health and Professional Standards,head,1083002100,Disease Surveillance and Response Unit,269519852,272796197,0,272796197,277931806,280761128,587,yes
fy-2026-27-recurrent-volume-i-1011-1166-29-04-26,1083,State Department for Public Health and Professional Standards,head,1083002400,International Health Exchange Program - HQ,24275107,13314898,0,13314898,14931950,15221296,587,yes
fy-2026-27-recurrent-volume-i-1011-1166-29-04-26,1083,State Department for Public Health and Professional Standards,head,1083002500,Kenya Health Professions Oversight Authority (KHPOA),153959575,125840788,25000000,100840788,147330000,166570000,587,yes
fy-2026-27-recurrent-volume-i-1011-1166-29-04-26,1083,State Department for Public Health and Professional Standards,head,1083002600,Kenya Health Human Resource Advisory Council - HQ,81393454,78951650,0,78951650,94800000,108830000,587,yes
fy-2026-27-recurrent-volume-i-1011-1166-29-04-26,1083,State Department for Public Health and Professional Standards,head,1083002700,Kenya Nuclear Regulatory Authority (KENRA) HQ,89176025,196500744,110000000,86500744,223860000,249240000,587,yes
fy-2026-27-recurrent-volume-i-1011-1166-29-04-26,1083,State Department for Public Health and Professional Standards,head,1083002800,Field Epidemiology (FELTP) - HQ,28124653,24696764,0,24696764,27723507,27986240,587,yes
fy-2026-27-recurrent-volume-i-1011-1166-29-04-26,1083,State Department for Public Health and Professional Standards,head,1083002900,Kenya Medical Practitioners & Dentists Council,235375000,722723750,540000000,182723750,759390000,801880000,587,yes
fy-2026-27-recurrent-volume-i-1011-1166-29-04-26,1083,State Department for Public Health and Professional Standards,head,1083003000,Nursing Council of Kenya,0,710000000,710000000,0,760140000,787380000,588,yes
fy-2026-27-recurrent-volume-i-1011-1166-29-04-26,1083,State Department for Public Health and Professional Standards,head,1083003100,Headquarters Administrative Services,3063222238,792710265,0,792710265,756288338,804003052,588,yes
fy-2026-27-recurrent-volume-i-1011-1166-29-04-26,1083,State Department for Public Health and Professional Standards,head,1083003200,Kenya Medical Training College,4567778125,11324520623,4440000000,6884520623,10547750000,12089500000,588,yes
fy-2026-27-recurrent-volume-i-1011-1166-29-04-26,1083,State Department for Public Health and Professional Standards,head,1083003300,Kenya Institute of Primate Research,626900550,569593534,10000000,559593534,682900000,783400000,588,yes
fy-2026-27-recurrent-volume-i-1011-1166-29-04-26,1083,State Department for Public Health and Professional Standards,head,1083003400,Kenya National Public Health Institute,87708000,36576760,0,36576760,43920000,50420000,588,yes
fy-2026-27-recurrent-volume-i-1011-1166-29-04-26,1083,State Department for Public Health and Professional Standards,head,1083003500,Professional Standards Management,9859511780,9433322752,0,9433322752,9303584043,9304452759,588,yes
fy-2026-27-recurrent-volume-i-1011-1166-29-04-26,1083,State Department for Public Health and Professional Standards,head,1083003600,Public Health Services,28481276,45257201,0,45257201,46212578,46862846,588,yes
fy-2026-27-recurrent-volume-i-1011-1166-29-04-26,1083,State Department for Public Health and Professional Standards,head,1083003700,Finance Management Services,20779629,41893044,0,41893044,46570729,47964441,588,yes
fy-2026-27-recurrent-volume-i-1011-1166-29-04-26,1083,State Department for Public Health and Professional Standards,head,1083003800,Central Planning and Project Monitoring Unit (CPPMU),15479801,40783216,0,40783216,44152658,45949943,588,yes
fy-2026-27-recurrent-volume-i-1011-1166-29-04-26,1083,State Department for Public Health and Professional Standards,head,1083004100,Clinical Officers Council,47075000,132278000,132278000,0,198830000,218910000,588,yes
fy-2026-27-recurrent-volume-i-1011-1166-29-04-26,1083,State Department for Public Health and Professional Standards,head,1083004200,Pharmacy and Poisons Board,0,2315000000,2315000000,0,2430000000,2500000000,589,yes
fy-2026-27-recurrent-volume-i-1011-1166-29-04-26,1083,State Department for Public Health and Professional Standards,head,1083004300,Public Health Officers and Technician's Council,39500000,60000000,60000000,0,126000000,152820000,589,yes
fy-2026-27-recurrent-volume-i-1011-1166-29-04-26,1083,State Department for Public Health and Professional Standards,head,1083004400,Counsellors and Psychologists Board,18050000,42408500,25500000,16908500,80800000,116210000,589,yes
fy-2026-27-recurrent-volume-i-1011-1166-29-04-26,1083,State Department for Public Health and Professional Standards,head,1083004500,Occupational Therapy Council,9500000,16215000,7000000,9215000,19560000,21570000,589,yes
fy-2026-27-recurrent-volume-i-1011-1166-29-04-26,1083,State Department for Public Health and Professional Standards,head,1083004600,Physiotherapist's Council of Kenya,37075000,56962750,21000000,35962750,64680000,71570000,589,yes
fy-2026-27-recurrent-volume-i-1011-1166-29-04-26,1083,State Department for Public Health and Professional Standards,head,1083004700,Tobacco Control Fund,0,872550000,872550000,0,916180000,961990000,589,yes
fy-2026-27-recurrent-volume-i-1011-1166-29-04-26,1083,State Department for Public Health and Professional Standards,head,1083004800,Kenya Medical Laboratory Technicians & Technologists Board - KMLTTB,0,250000000,250000000,0,260000000,270000000,589,yes
fy-2026-27-recurrent-volume-i-1011-1166-29-04-26,1083,State Department for Public Health and Professional Standards,head,1083004900,Health Records and Information Managers Board,0,18000000,18000000,0,22000000,26000000,589,yes
fy-2026-27-recurrent-volume-i-1011-1166-29-04-26,1083,State Department for Public Health and Professional Standards,head,1083005000,Kenya Hospital Authority Trust Fund,20000000,29400000,10000000,19400000,38870000,51080000,589,yes
fy-2026-27-recurrent-volume-i-1011-1166-29-04-26,1083,State Department for Public Health and Professional Standards,vote_total,,TOTAL FOR VOTE,24235754125,33393675233,9786280000,23607395233,33223890000,35384820000,589,yes
fy-2026-27-recurrent-volume-i-1011-1166-29-04-26,1091,State Department for Roads,head,1091000100,Financial Management Services,40206708,39277876,0,39277876,48601553,77997179,610,yes
fy-2026-27-recurrent-volume-i-1011-1166-29-04-26,1091,State Department for Roads,head,1091000200,Headquarters Administrative Services,229837440,214076114,0,214076114,248497440,318851503,610,yes
fy-2026-27-recurrent-volume-i-1011-1166-29-04-26,1091,State Department for Roads,head,1091000300,Central Planning and Project Monitoring Unit,16042392,17446122,0,17446122,19136713,22896410,610,yes
fy-2026-27-recurrent-volume-i-1011-1166-29-04-26,1091,State Department for Roads,head,1091000400,Mechanical and Transport Department,504131081,1060310394,550000000,510310394,1064023266,1078063725,610,yes
fy-2026-27-recurrent-volume-i-1011-1166-29-04-26,1091,State Department for Roads,head,1091000500,Materials Department,258175595,385869135,100000000,285869135,366875595,380927532,610,yes
fy-2026-27-recurrent-volume-i-1011-1166-29-04-26,1091,State Department for Roads,head,1091000600,Kenya Institute of Highways and Building Technology,158076271,515871011,350000000,165871011,519726271,537154396,610,yes
fy-2026-27-recurrent-volume-i-1011-1166-29-04-26,1091,State Department for Roads,head,1091000700,Major Roads,0,55255540000,55255540000,0,55295540000,55695540000,610,yes
fy-2026-27-recurrent-volume-i-1011-1166-29-04-26,1091,State Department for Roads,head,1091000900,Headquarters Roads Department,76724367,81155213,0,81155213,86724367,96632805,610,yes
fy-2026-27-recurrent-volume-i-1011-1166-29-04-26,1091,State Department for Roads,head,1091001000,Road Works Inspectorate,14879286,16919820,0,16919820,18445800,21724330,610,yes
fy-2026-27-recurrent-volume-i-1011-1166-29-04-26,1091,State Department for Roads,head,1091001100,Technical Services,70968995,66569475,0,66569475,78968995,97752120,611,yes
fy-2026-27-recurrent-volume-i-1011-1166-29-04-26,1091,State Department for Roads,head,1091001500,Engineers Board of Kenya,36000000,148920000,114000000,34920000,177000000,199000000,611,yes
fy-2026-27-recurrent-volume-i-1011-1166-29-04-26,1091,State Department for Roads,vote_total,,TOTAL FOR VOTE,1405042135,57801955160,56369540000,1432415160,57923540000,58526540000,611,yes
fy-2026-27-recurrent-volume-i-1011-1166-29-04-26,1092,State Department for Transport,head,1092000200,Marine Transport Department,16781924,25800001,0,25800001,29000000,30000000,620,yes
fy-2026-27-recurrent-volume-i-1011-1166-29-04-26,1092,State Department for Transport,head,1092000800,Kenya Railways Corporation,138600000,67900000,0,67900000,100000000,150000000,620,yes
fy-2026-27-recurrent-volume-i-1011-1166-29-04-26,1092,State Department for Transport,head,1092001200,Headquarters Administration Services,328839991,5140616749,4853000000,287616749,5280662000,5614340001,620,yes
fy-2026-27-recurrent-volume-i-1011-1166-29-04-26,1092,State Department for Transport,head,1092001800,Road Transport Department,19772610,26199052,0,26199052,29000000,31000000,620,yes
fy-2026-27-recurrent-volume-i-1011-1166-29-04-26,1092,State Department for Transport,head,1092001900,LAPSSET Corridor Development Authority,586230000,684820000,0,684820000,721000000,749000000,620,yes
fy-2026-27-recurrent-volume-i-1011-1166-29-04-26,1092,State Department for Transport,head,1092002000,Nairobi Metropolitan Area Transport Authority (NAMATA),485588000,554840000,0,554840000,669000000,826000000,620,yes
fy-2026-27-recurrent-volume-i-1011-1166-29-04-26,1092,State Department for Transport,head,1092002300,Rail Transport Department,469421481,406115999,0,406115999,630000000,674000000,620,yes
fy-2026-27-recurrent-volume-i-1011-1166-29-04-26,1092,State Department for Transport,head,1092002400,Kenya Millenium Development Fund (KMDF),5000000,2910000,0,2910000,50000000,55000000,620,yes
fy-2026-27-recurrent-volume-i-1011-1166-29-04-26,1092,State Department for Transport,head,1092002600,Digitization of Transport Sector,130000000,117102338,0,117102338,113338000,125659999,620,yes
fy-2026-27-recurrent-volume-i-1011-1166-29-04-26,1092,State Department for Transport,vote_total,,TOTAL FOR VOTE,2180234006,7026304139,4853000000,2173304139,7622000000,8255000000,621,yes
fy-2026-27-recurrent-volume-i-1011-1166-29-04-26,1093,State Department for Shipping and Maritime Affairs,head,1093000200,Headquarters Administration Services,170133114,171089905,0,171089905,199382488,261948337,629,yes
fy-2026-27-recurrent-volume-i-1011-1166-29-04-26,1093,State Department for Shipping and Maritime Affairs,head,1093000300,Shipping Affairs,47699178,1464664882,1420000000,44664882,2018614550,2084370603,629,yes
fy-2026-27-recurrent-volume-i-1011-1166-29-04-26,1093,State Department for Shipping and Maritime Affairs,head,1093000400,Maritime Affairs,357628962,484049196,240000000,244049196,480681518,560020001,629,yes
fy-2026-27-recurrent-volume-i-1011-1166-29-04-26,1093,State Department for Shipping and Maritime Affairs,head,1093000600,Kenya Maritime Authority,0,2760000000,2760000000,0,2775000000,3038000000,629,yes
fy-2026-27-recurrent-volume-i-1011-1166-29-04-26,1093,State Department for Shipping and Maritime Affairs,head,1093000700,Central Planning & Monitoring Department (CPPMD),27603197,33666108,0,33666108,37060261,44154406,629,yes
fy-2026-27-recurrent-volume-i-1011-1166-29-04-26,1093,State Department for Shipping and Maritime Affairs,head,1093000800,Headquarters - Financial Management Services,33228853,39112447,0,39112447,44114809,54266870,629,yes
fy-2026-27-recurrent-volume-i-1011-1166-29-04-26,1093,State Department for Shipping and Maritime Affairs,head,1093000900,Government Clearing Agency,14574657,43439127,20000000,23439127,48146374,65239783,629,yes
fy-2026-27-recurrent-volume-i-1011-1166-29-04-26,1093,State Department for Shipping and Maritime Affairs,vote_total,,TOTAL FOR VOTE,650867961,4996021665,4440000000,556021665,5603000000,6108000000,629,yes
fy-2026-27-recurrent-volume-i-1011-1166-29-04-26,1094,State Department for Housing & Urban Development,head,1094000100,Financial and Procurement Services,75804510,76120158,0,76120158,86762697,94106027,638,yes
fy-2026-27-recurrent-volume-i-1011-1166-29-04-26,1094,State Department for Housing & Urban Development,head,1094000200,Headquarters Administrative Services,415780114,444952869,0,444952869,450019690,472457864,638,yes
fy-2026-27-recurrent-volume-i-1011-1166-29-04-26,1094,State Department for Housing & Urban Development,head,1094000300,Government Estates Department,381564548,479171418,86000000,393171418,525581208,537630789,638,yes
fy-2026-27-recurrent-volume-i-1011-1166-29-04-26,1094,State Department for Housing & Urban Development,head,1094000400,Slum Upgrading and Housing Development,35452718,37814249,0,37814249,49754430,52052443,638,yes
fy-2026-27-recurrent-volume-i-1011-1166-29-04-26,1094,State Department for Housing & Urban Development,head,1094000500,Housing Department,206571846,1700867710,1500000000,200867710,1868752124,1895279790,638,yes
fy-2026-27-recurrent-volume-i-1011-1166-29-04-26,1094,State Department for Housing & Urban Development,head,1094000700,Infrastructure Transport and Utilities,73604543,73026412,0,73026412,76174827,78425807,638,yes
fy-2026-27-recurrent-volume-i-1011-1166-29-04-26,1094,State Department for Housing & Urban Development,head,1094000800,Central Planning and Project Monitoring Unit,17396488,22984672,0,22984672,25217679,28951009,638,yes
fy-2026-27-recurrent-volume-i-1011-1166-29-04-26,1094,State Department for Housing & Urban Development,head,1094000900,Metropolitan Planning and Environment,26017893,28709476,0,28709476,29669048,30638819,638,yes
fy-2026-27-recurrent-volume-i-1011-1166-29-04-26,1094,State Department for Housing & Urban Development,head,1094001000,Social Infrastructure,23231877,24505392,0,24505392,25360760,26233584,638,yes
fy-2026-27-recurrent-volume-i-1011-1166-29-04-26,1094,State Department for Housing & Urban Development,head,1094001300,Urban Development,14602363,15821957,0,15821957,16491714,17227764,639,yes
fy-2026-27-recurrent-volume-i-1011-1166-29-04-26,1094,State Department for Housing & Urban Development,head,1094001400,Urban Social Infrastructure and Utilities,8754521,9647164,0,9647164,9994853,10366499,639,yes
fy-2026-27-recurrent-volume-i-1011-1166-29-04-26,1094,State Department for Housing & Urban Development,head,1094001900,Public Office Accommodation Lease and Management Department,17740736,0,0,0,0,0,639,yes
fy-2026-27-recurrent-volume-i-1011-1166-29-04-26,1094,State Department for Housing & Urban Development,head,1094002300,Affordable Housing Board,0,2257000000,2257000000,0,2359000000,2465000000,639,yes
fy-2026-27-recurrent-volume-i-1011-1166-29-04-26,1094,State Department for Housing & Urban Development,head,1094002400,UCLG Africa Regional Office,16576726,38838126,0,38838126,48946484,104346484,639,yes
fy-2026-27-recurrent-volume-i-1011-1166-29-04-26,1094,State Department for Housing & Urban Development,head,1094002500,Building Climate Resilience of the Urban Poor Program (BCRUP),8419032,7781116,0,7781116,9797844,12361292,639,yes
fy-2026-27-recurrent-volume-i-1011-1166-29-04-26,1094,State Department for Housing & Urban Development,head,1094002600,"Urban Governance, Management and Resilience",41621452,44448137,0,44448137,48542404,53147019,639,yes
fy-2026-27-recurrent-volume-i-1011-1166-29-04-26,1094,State Department for Housing & Urban Development,head,1094002700,Nairobi Rivers Commission,276961219,259210989,0,259210989,306934238,396774810,639,yes
fy-2026-27-recurrent-volume-i-1011-1166-29-04-26,1094,State Department for Housing & Urban Development,vote_total,,TOTAL FOR VOTE,1640100586,5520899845,3843000000,1677899845,5937000000,6275000000,639,yes
fy-2026-27-recurrent-volume-i-1011-1166-29-04-26,1095,State Department for Public Works,head,1095000200,Accounts Finance and Procurement Unit,40568567,45374041,0,45374041,47659121,49309600,656,yes
fy-2026-27-recurrent-volume-i-1011-1166-29-04-26,1095,State Department for Public Works,head,1095000300,Central Planning and Monitoring Unit,12346277,15732666,0,15732666,16958218,34401744,656,yes
fy-2026-27-recurrent-volume-i-1011-1166-29-04-26,1095,State Department for Public Works,head,1095000400,Architectural Department,310073610,331679910,2000000,329679910,345013884,356619448,656,yes
fy-2026-27-recurrent-volume-i-1011-1166-29-04-26,1095,State Department for Public Works,head,1095000500,Quantities and Contracts Department,84917874,100714600,0,100714600,103839162,107089822,656,yes
fy-2026-27-recurrent-volume-i-1011-1166-29-04-26,1095,State Department for Public Works,head,1095000600,Structural Department,107217373,117015769,0,117015769,120844365,124439231,656,yes
fy-2026-27-recurrent-volume-i-1011-1166-29-04-26,1095,State Department for Public Works,head,1095000800,Electrical Department,251680002,279806473,0,279806473,286800668,294244139,656,yes
fy-2026-27-recurrent-volume-i-1011-1166-29-04-26,1095,State Department for Public Works,head,1095001000,Headquarters and Administrative Services,344224085,331181027,18000000,313181027,399212466,526046866,656,yes
fy-2026-27-recurrent-volume-i-1011-1166-29-04-26,1095,State Department for Public Works,head,1095001100,National Construction Authority,1192400000,2151590000,1136000000,1015590000,2410000000,2623000000,656,yes
fy-2026-27-recurrent-volume-i-1011-1166-29-04-26,1095,State Department for Public Works,head,1095001200,Kenya Building Research Centre,19162481,19069085,0,19069085,20808246,21736282,656,yes
fy-2026-27-recurrent-volume-i-1011-1166-29-04-26,1095,State Department for Public Works,head,1095001300,National Building Inspectorate Department,92403739,96310311,0,96310311,99776769,103799947,657,yes
fy-2026-27-recurrent-volume-i-1011-1166-29-04-26,1095,State Department for Public Works,head,1095001400,Design Department,33737241,44528967,0,44528967,47009404,49256908,657,yes
fy-2026-27-recurrent-volume-i-1011-1166-29-04-26,1095,State Department for Public Works,head,1095001900,Public Office Accommodation Lease and Management Department,0,41450746,0,41450746,42778484,44030816,657,yes
fy-2026-27-recurrent-volume-i-1011-1166-29-04-26,1095,State Department for Public Works,vote_total,,TOTAL FOR VOTE,2488731249,3574453595,1156000000,2418453595,3940700787,4333974803,657,yes
fy-2026-27-recurrent-volume-i-1011-1166-29-04-26,1097,State Department for Aviation and Aerospace Development,head,1097000100,Headquarters Administration Services,126755814,177674416,0,177674416,173513400,219827289,668,yes
fy-2026-27-recurrent-volume-i-1011-1166-29-04-26,1097,State Department for Aviation and Aerospace Development,head,1097000200,Aircraft Accident Investigation,109590187,130590089,0,130590089,109802028,115077317,668,yes
fy-2026-27-recurrent-volume-i-1011-1166-29-04-26,1097,State Department for Aviation and Aerospace Development,head,1097000300,Air Transport,23094048,105556633,60000000,45556633,113013572,190903394,668,yes
fy-2026-27-recurrent-volume-i-1011-1166-29-04-26,1097,State Department for Aviation and Aerospace Development,head,1097000400,Kenya Civil Aviation Authority,0,12861000000,12861000000,0,13150000000,13397000000,668,yes
fy-2026-27-recurrent-volume-i-1011-1166-29-04-26,1097,State Department for Aviation and Aerospace Development,head,1097000500,Space Transportation and Satellite Services,0,6400000,0,6400000,9071000,26000000,668,yes
fy-2026-27-recurrent-volume-i-1011-1166-29-04-26,1097,State Department for Aviation and Aerospace Development,vote_total,,TOTAL FOR VOTE,259440049,13281221138,12921000000,360221138,13555400000,13948808000,668,yes
fy-2026-27-recurrent-volume-i-1011-1166-29-04-26,1104,State Department for Irrigation,head,1104000100,Land Reclamation Services,48701009,59404085,0,59404085,68158485,71472485,673,yes
fy-2026-27-recurrent-volume-i-1011-1166-29-04-26,1104,State Department for Irrigation,head,1104000200,Irrigation and Drainage Services,40753790,59584405,0,59584405,65804605,68782605,673,yes
fy-2026-27-recurrent-volume-i-1011-1166-29-04-26,1104,State Department for Irrigation,head,1104000300,National Irrigation Authority,460013460,536000000,50000000,486000000,573000000,601000000,673,yes
fy-2026-27-recurrent-volume-i-1011-1166-29-04-26,1104,State Department for Irrigation,head,1104000400,Headquarters Administratve Services,212496754,233021433,0,233021433,229281833,239599833,673,yes
fy-2026-27-recurrent-volume-i-1011-1166-29-04-26,1104,State Department for Irrigation,head,1104000500,Irrigation Water Use,46111590,51287405,0,51287405,53587805,56069805,673,yes
fy-2026-27-recurrent-volume-i-1011-1166-29-04-26,1104,State Department for Irrigation,head,1104000600,Central Planning & Project Monitoring Department,14597370,18379872,0,18379872,19167272,19075272,673,yes
fy-2026-27-recurrent-volume-i-1011-1166-29-04-26,1104,State Department for Irrigation,head,1104000900,Irrigation Sector Reforms,0,30000000,0,30000000,30000000,30000000,673,yes
fy-2026-27-recurrent-volume-i-1011-1166-29-04-26,1104,State Department for Irrigation,vote_total,,TOTAL FOR VOTE,822673973,987677200,50000000,937677200,1039000000,1086000000,673,yes
fy-2026-27-recurrent-volume-i-1011-1166-29-04-26,1109,State Department for Water & Sanitation,head,1109000100,Headquarters Administrative Services,179105175,200363493,0,200363493,212419008,219494507,679,yes
fy-2026-27-recurrent-volume-i-1011-1166-29-04-26,1109,State Department for Water & Sanitation,head,1109000200,Finance and Procurement Services - Water,72683710,68890243,0,68890243,74835776,77809617,679,yes
fy-2026-27-recurrent-volume-i-1011-1166-29-04-26,1109,State Department for Water & Sanitation,head,1109000300,Water Services Trust Fund,341840000,224944800,0,224944800,221000000,255000000,679,yes
fy-2026-27-recurrent-volume-i-1011-1166-29-04-26,1109,State Department for Water & Sanitation,head,1109000500,Headquarters and Professional Services - Water,62763035,59530208,0,59530208,63554425,64948212,679,yes
fy-2026-27-recurrent-volume-i-1011-1166-29-04-26,1109,State Department for Water & Sanitation,head,1109000600,Mechanical and Electrical Division,148660145,172869667,0,172869667,174369691,179285466,679,yes
fy-2026-27-recurrent-volume-i-1011-1166-29-04-26,1109,State Department for Water & Sanitation,head,1109000700,Kenya Water Institute,310730000,522200000,270000000,252200000,574000000,618000000,679,yes
fy-2026-27-recurrent-volume-i-1011-1166-29-04-26,1109,State Department for Water & Sanitation,head,1109000800,Central Planning & Project Monitoring Unit,26504515,27423935,0,27423935,25707344,27055691,679,yes
fy-2026-27-recurrent-volume-i-1011-1166-29-04-26,1109,State Department for Water & Sanitation,head,1109000900,Water Resources - Pollution Control,19092810,18749488,0,18749488,18886071,19402471,679,yes
fy-2026-27-recurrent-volume-i-1011-1166-29-04-26,1109,State Department for Water & Sanitation,head,1109001000,Water Resources - Surface Water,87331175,93052221,0,93052221,93947390,96810576,679,yes
fy-2026-27-recurrent-volume-i-1011-1166-29-04-26,1109,State Department for Water & Sanitation,head,1109001100,Water Resources,16441820,15553819,0,15553819,16119262,16708527,680,yes
fy-2026-27-recurrent-volume-i-1011-1166-29-04-26,1109,State Department for Water & Sanitation,head,1109001200,National Water Harvesting & Storage Authority,322200000,367244006,53000000,314244006,431000000,485000000,680,yes
fy-2026-27-recurrent-volume-i-1011-1166-29-04-26,1109,State Department for Water & Sanitation,head,1109001300,Water Rights,0,15000000,15000000,0,15000000,15000000,680,yes
fy-2026-27-recurrent-volume-i-1011-1166-29-04-26,1109,State Department for Water & Sanitation,head,1109001400,Regional Centre on GroundWater Resource Education Training & Research,98030000,104000000,0,104000000,122000000,130000000,680,yes
fy-2026-27-recurrent-volume-i-1011-1166-29-04-26,1109,State Department for Water & Sanitation,head,1109001500,Water Resources Authority,129702780,1711000000,1614000000,97000000,1780000000,1780000000,680,yes
fy-2026-27-recurrent-volume-i-1011-1166-29-04-26,1109,State Department for Water & Sanitation,head,1109001700,Water Services Regulatory Authority (WASREB),0,800000000,800000000,0,850000000,900000000,680,yes
fy-2026-27-recurrent-volume-i-1011-1166-29-04-26,1109,State Department for Water & Sanitation,head,1109002300,Water Storage and Flood Control Services,20860560,16097580,0,16097580,18450960,18774860,680,yes
fy-2026-27-recurrent-volume-i-1011-1166-29-04-26,1109,State Department for Water & Sanitation,head,1109003100,Athi Water Works Development Agency,229800000,1325130000,1200000000,125130000,1329000000,1429000000,680,yes
fy-2026-27-recurrent-volume-i-1011-1166-29-04-26,1109,State Department for Water & Sanitation,head,1109003200,Lake Victoria South Water Works Development Agency,183240000,182000000,0,182000000,219000000,274000000,680,yes
fy-2026-27-recurrent-volume-i-1011-1166-29-04-26,1109,State Department for Water & Sanitation,head,1109003300,Lake Victoria North Water Works Development Agency,231557220,228455847,0,228455847,290000000,310000000,680,yes
fy-2026-27-recurrent-volume-i-1011-1166-29-04-26,1109,State Department for Water & Sanitation,head,1109003500,Coastal Water Works Development Agency,264600000,1569782000,1414000000,155782000,1269000000,1368000000,681,yes
fy-2026-27-recurrent-volume-i-1011-1166-29-04-26,1109,State Department for Water & Sanitation,head,1109003600,Tana Water Works Development Agency,153360000,161360000,0,161360000,180000000,205000000,681,yes
fy-2026-27-recurrent-volume-i-1011-1166-29-04-26,1109,State Department for Water & Sanitation,head,1109003700,Northern Water Works Development Agency,127800000,132575340,0,132575340,150000000,171000000,681,yes
fy-2026-27-recurrent-volume-i-1011-1166-29-04-26,1109,State Department for Water & Sanitation,head,1109003800,TANATHI Water Works Development Agency,139420000,134420000,0,134420000,133000000,133000000,681,yes
fy-2026-27-recurrent-volume-i-1011-1166-29-04-26,1109,State Department for Water & Sanitation,head,1109004100,Hydrologist Registration Board,36000000,51000000,5000000,46000000,68000000,91000000,681,yes
fy-2026-27-recurrent-volume-i-1011-1166-29-04-26,1109,State Department for Water & Sanitation,head,1109004400,North Rift Valley Water Works Development Agency,125400000,95400000,0,95400000,101000000,115000000,681,yes
fy-2026-27-recurrent-volume-i-1011-1166-29-04-26,1109,State Department for Water & Sanitation,head,1109004500,Central Rift Valley Water Works Development Agency,115920000,227582800,54000000,173582800,289000000,289000000,681,yes
fy-2026-27-recurrent-volume-i-1011-1166-29-04-26,1109,State Department for Water & Sanitation,vote_total,,TOTAL FOR VOTE,3443042945,8524625447,5425000000,3099625447,8719289927,9288289927,681,yes
fy-2026-27-recurrent-volume-i-1011-1166-29-04-26,1112,State Department for Lands and Physical Planning,head,1112000100,Headquarters Administration and Planning Services,809100528,1285050528,432050000,853000528,1331821787,1380043170,696,yes
fy-2026-27-recurrent-volume-i-1011-1166-29-04-26,1112,State Department for Lands and Physical Planning,head,1112000300,Central Planning and Project Monitoring Unit (CPPMU),9611733,43511733,33900000,9611733,43817307,44114825,696,yes
fy-2026-27-recurrent-volume-i-1011-1166-29-04-26,1112,State Department for Lands and Physical Planning,head,1112000400,Adjudication and Settlement Services,514757577,555208649,38600000,516608649,592343291,585296108,696,yes
fy-2026-27-recurrent-volume-i-1011-1166-29-04-26,1112,State Department for Lands and Physical Planning,head,1112000500,Department of Survey,854798558,1130148558,251700000,878448558,1157236373,1183513557,696,yes
fy-2026-27-recurrent-volume-i-1011-1166-29-04-26,1112,State Department for Lands and Physical Planning,head,1112000600,Kenya Institute of Surveying and Mapping,114225030,166716150,63000000,103716150,170329667,173549559,696,yes
fy-2026-27-recurrent-volume-i-1011-1166-29-04-26,1112,State Department for Lands and Physical Planning,head,1112000900,Department of Physical Planning,146989092,204222552,58800000,145422552,209387632,214038396,696,yes
fy-2026-27-recurrent-volume-i-1011-1166-29-04-26,1112,State Department for Lands and Physical Planning,head,1112001000,Department of Lands,752876789,1051126789,179250000,871876789,1051081048,1099423963,696,yes
fy-2026-27-recurrent-volume-i-1011-1166-29-04-26,1112,State Department for Lands and Physical Planning,head,1112001100,County Land Offices,0,300000000,300000000,0,300000000,300000000,696,yes
fy-2026-27-recurrent-volume-i-1011-1166-29-04-26,1112,State Department for Lands and Physical Planning,head,1112001300,Physical Planners Registration Board,0,6000000,6000000,0,7500000,9500000,696,yes
fy-2026-27-recurrent-volume-i-1011-1166-29-04-26,1112,State Department for Lands and Physical Planning,head,1112001400,Valuers Registration Board,0,4500000,4500000,0,5500000,6000000,697,yes
fy-2026-27-recurrent-volume-i-1011-1166-29-04-26,1112,State Department for Lands and Physical Planning,head,1112001500,Land Surveyors Board,0,7000000,7000000,0,11000000,15000000,697,yes
fy-2026-27-recurrent-volume-i-1011-1166-29-04-26,1112,State Department for Lands and Physical Planning,head,1112001600,Directorate of National Land Information Management,50811382,67011382,16200000,50811382,68577214,70148531,697,yes
fy-2026-27-recurrent-volume-i-1011-1166-29-04-26,1112,State Department for Lands and Physical Planning,head,1112001700,Public Communications Unit,5296959,25296959,20000000,5296959,25466705,25609745,697,yes
fy-2026-27-recurrent-volume-i-1011-1166-29-04-26,1112,State Department for Lands and Physical Planning,head,1112001900,Processing and Registration of Title Deeds,189706700,891706700,702000000,189706700,897438976,903302146,697,yes
fy-2026-27-recurrent-volume-i-1011-1166-29-04-26,1112,State Department for Lands and Physical Planning,vote_total,,TOTAL FOR VOTE,3448174348,5737500000,2113000000,3624500000,5871500000,6009540000,697,yes
fy-2026-27-recurrent-volume-i-1011-1166-29-04-26,1122,State Department for Information Communication Technology & Digital Economy,head,1122000100,General Administration and Support Services,497700718,420307522,0,420307522,452370902,524583270,711,yes
fy-2026-27-recurrent-volume-i-1011-1166-29-04-26,1122,State Department for Information Communication Technology & Digital Economy,head,1122000200,ICT Infrastructure Development,15679723,1532403044,330000000,1202403044,1902372555,2051565348,711,yes
fy-2026-27-recurrent-volume-i-1011-1166-29-04-26,1122,State Department for Information Communication Technology & Digital Economy,head,1122000300,E-Government and Digital Economy Development,25629976,500228868,13000000,487228868,634034809,798881623,711,yes
fy-2026-27-recurrent-volume-i-1011-1166-29-04-26,1122,State Department for Information Communication Technology & Digital Economy,head,1122000400,ICT Security and Data Protection Services,324316884,990944783,150000000,840944783,1235221734,1412969759,711,yes
fy-2026-27-recurrent-volume-i-1011-1166-29-04-26,1122,State Department for Information Communication Technology & Digital Economy,head,1122000500,Information Communication Technology Authority - ICTA,478800000,0,0,0,0,0,711,yes
fy-2026-27-recurrent-volume-i-1011-1166-29-04-26,1122,State Department for Information Communication Technology & Digital Economy,head,1122000600,Business Process Outsourcing,95400000,0,0,0,0,0,711,yes
fy-2026-27-recurrent-volume-i-1011-1166-29-04-26,1122,State Department for Information Communication Technology & Digital Economy,head,1122000700,Konza Technopolis Development Authority (KOTDA),765930000,0,0,0,0,0,711,yes
fy-2026-27-recurrent-volume-i-1011-1166-29-04-26,1122,State Department for Information Communication Technology & Digital Economy,head,1122002100,The Office of the Data Protection Commissioner,891470000,0,0,0,0,0,711,yes
fy-2026-27-recurrent-volume-i-1011-1166-29-04-26,1122,State Department for Information Communication Technology & Digital Economy,vote_total,,TOTAL FOR VOTE,3094927301,3443884217,493000000,2950884217,4224000000,4788000000,711,yes
fy-2026-27-recurrent-volume-i-1011-1166-29-04-26,1123,State Department for Broadcasting & Telecommunications,head,1123000100,Headquarters Administrative Services,268943757,212293888,0,212293888,218398153,220222370,726,yes
fy-2026-27-recurrent-volume-i-1011-1166-29-04-26,1123,State Department for Broadcasting & Telecommunications,head,1123000200,Public Communication Unit,12371289,393135261,381000000,12135261,422721261,451721261,726,yes
fy-2026-27-recurrent-volume-i-1011-1166-29-04-26,1123,State Department for Broadcasting & Telecommunications,head,1123000300,Central Planning and Project Monitoring Unit,16060460,15448610,0,15448610,16296436,16326688,726,yes
fy-2026-27-recurrent-volume-i-1011-1166-29-04-26,1123,State Department for Broadcasting & Telecommunications,head,1123000400,Government Advertising Agency,260606718,1009102937,700000000,309102937,1013466170,1158466170,726,yes
fy-2026-27-recurrent-volume-i-1011-1166-29-04-26,1123,State Department for Broadcasting & Telecommunications,head,1123000500,Financial Management and Procurement Services,18427366,17326659,0,17326659,19214875,19253707,726,yes
fy-2026-27-recurrent-volume-i-1011-1166-29-04-26,1123,State Department for Broadcasting & Telecommunications,head,1123000600,Directorate of Information,150987838,135293143,0,135293143,141915450,141915450,726,yes
fy-2026-27-recurrent-volume-i-1011-1166-29-04-26,1123,State Department for Broadcasting & Telecommunications,head,1123000700,News and Information Services,225015695,344312454,5000000,339312454,468740106,494286005,726,yes
fy-2026-27-recurrent-volume-i-1011-1166-29-04-26,1123,State Department for Broadcasting & Telecommunications,head,1123001000,Regional Publications,5937020,5584690,0,5584690,6242410,6403210,726,yes
fy-2026-27-recurrent-volume-i-1011-1166-29-04-26,1123,State Department for Broadcasting & Telecommunications,head,1123001200,Kenya Institute of Mass Communication,196389000,319400000,92000000,227400000,328400000,394700000,726,yes
fy-2026-27-recurrent-volume-i-1011-1166-29-04-26,1123,State Department for Broadcasting & Telecommunications,head,1123001300,Directorate of Public Communication,76356625,74940187,0,74940187,78656625,79056625,727,yes
fy-2026-27-recurrent-volume-i-1011-1166-29-04-26,1123,State Department for Broadcasting & Telecommunications,head,1123001400,Kenya Year Book Board,148000000,248000000,60000000,188000000,195000000,217100000,727,yes
fy-2026-27-recurrent-volume-i-1011-1166-29-04-26,1123,State Department for Broadcasting & Telecommunications,head,1123001500,Media Council of Kenya,1321300000,889000000,15000000,874000000,1068100000,1208900000,727,yes
fy-2026-27-recurrent-volume-i-1011-1166-29-04-26,1123,State Department for Broadcasting & Telecommunications,head,1123001600,Kenya Broadcasting Corporation (KBC),965811000,2297600000,1332000000,965600000,2496700000,2650000000,727,yes
fy-2026-27-recurrent-volume-i-1011-1166-29-04-26,1123,State Department for Broadcasting & Telecommunications,head,1123001700,Media Complaints Commission,9000000,9000000,0,9000000,10800000,12300000,727,yes
fy-2026-27-recurrent-volume-i-1011-1166-29-04-26,1123,State Department for Broadcasting & Telecommunications,head,1123002600,National Communication Center,0,37200000,0,37200000,45000000,45000000,727,yes
fy-2026-27-recurrent-volume-i-1011-1166-29-04-26,1123,State Department for Broadcasting & Telecommunications,head,1123002700,Telecommunication Division,0,10595560,0,10595560,11908760,11908760,727,yes
fy-2026-27-recurrent-volume-i-1011-1166-29-04-26,1123,State Department for Broadcasting & Telecommunications,vote_total,,TOTAL FOR VOTE,3675206768,6018233389,2585000000,3433233389,6541560246,7127560246,727,yes
fy-2026-27-recurrent-volume-i-1011-1166-29-04-26,1132,State Department for Sports,head,1132000100,General Administration and Planning Services,210920425,248982422,0,248982422,265553198,278164051,739,yes
fy-2026-27-recurrent-volume-i-1011-1166-29-04-26,1132,State Department for Sports,head,1132000200,Kenya Academy of Sports,244690499,285849300,0,285849300,266796492,290008308,739,yes
fy-2026-27-recurrent-volume-i-1011-1166-29-04-26,1132,State Department for Sports,head,1132000300,Department of Sports,3981624693,1585096608,0,1585096608,93456092,96304051,739,yes
fy-2026-27-recurrent-volume-i-1011-1166-29-04-26,1132,State Department for Sports,head,1132000500,Sports Kenya,241465440,442255900,131400000,310855900,432873508,465431692,739,yes
fy-2026-27-recurrent-volume-i-1011-1166-29-04-26,1132,State Department for Sports,head,1132000600,Finance Unit,34289028,42807923,0,42807923,44921179,43177839,739,yes
fy-2026-27-recurrent-volume-i-1011-1166-29-04-26,1132,State Department for Sports,head,1132000700,Anti-Doping Agency of Kenya,330540065,305403800,10000000,295403800,261370000,283240000,739,yes
fy-2026-27-recurrent-volume-i-1011-1166-29-04-26,1132,State Department for Sports,head,1132000900,"Sports,Arts and Social Development Fund",0,525000000,525000000,0,495000000,522000000,739,yes
fy-2026-27-recurrent-volume-i-1011-1166-29-04-26,1132,State Department for Sports,head,1132001000,Central Planning and Project Monitoring Unit (CPPMU),15190606,25635575,0,25635575,29928972,33498151,739,yes
fy-2026-27-recurrent-volume-i-1011-1166-29-04-26,1132,State Department for Sports,head,1132001100,Sports Registrar,24539919,27017447,5000000,22017447,31080559,32935908,739,yes
fy-2026-27-recurrent-volume-i-1011-1166-29-04-26,1132,State Department for Sports,vote_total,,TOTAL FOR VOTE,5083260675,3488048975,671400000,2816648975,1920980000,2044760000,740,yes
fy-2026-27-recurrent-volume-i-1011-1166-29-04-26,1134,"State Department for Culture, The Arts and Heritage",head,1134000400,National Archives,65146385,67856854,2000000,65856854,69763476,73622771,748,yes
fy-2026-27-recurrent-volume-i-1011-1166-29-04-26,1134,"State Department for Culture, The Arts and Heritage",head,1134000500,National Archives Field,83774281,39347134,0,39347134,41490750,42749565,748,yes
fy-2026-27-recurrent-volume-i-1011-1166-29-04-26,1134,"State Department for Culture, The Arts and Heritage",head,1134000600,Museums Headquarters and Regional Museums,863503273,1327828175,490230000,837598175,1363355857,1373085779,748,yes
fy-2026-27-recurrent-volume-i-1011-1166-29-04-26,1134,"State Department for Culture, The Arts and Heritage",head,1134000800,Headquarters Cultural Services,335031118,59437907,0,59437907,64514166,70013701,748,yes
fy-2026-27-recurrent-volume-i-1011-1166-29-04-26,1134,"State Department for Culture, The Arts and Heritage",head,1134001100,Library Services,24439304,24178610,0,24178610,24966030,25314901,748,yes
fy-2026-27-recurrent-volume-i-1011-1166-29-04-26,1134,"State Department for Culture, The Arts and Heritage",head,1134001200,Department of Arts,10505042,9709637,0,9709637,10672964,10838447,748,yes
fy-2026-27-recurrent-volume-i-1011-1166-29-04-26,1134,"State Department for Culture, The Arts and Heritage",head,1134001300,Department of Records,39236012,17023241,0,17023241,19001923,19798637,748,yes
fy-2026-27-recurrent-volume-i-1011-1166-29-04-26,1134,"State Department for Culture, The Arts and Heritage",head,1134001400,Headquarters Administrative Services (Arts & Culture),114005639,127086432,0,127086432,122351933,123352826,748,yes
fy-2026-27-recurrent-volume-i-1011-1166-29-04-26,1134,"State Department for Culture, The Arts and Heritage",head,1134001500,Financial Management Services,20225366,19410015,0,19410015,21699855,22509581,748,yes
fy-2026-27-recurrent-volume-i-1011-1166-29-04-26,1134,"State Department for Culture, The Arts and Heritage",head,1134001600,Central Planning & Project Management Unit,14071910,13461194,0,13461194,14577960,14946257,749,yes
fy-2026-27-recurrent-volume-i-1011-1166-29-04-26,1134,"State Department for Culture, The Arts and Heritage",head,1134001800,Ushanga Initiative,64120307,54676181,0,54676181,60998152,65406531,749,yes
fy-2026-27-recurrent-volume-i-1011-1166-29-04-26,1134,"State Department for Culture, The Arts and Heritage",head,1134002000,National Heroes Council,172454285,157580656,0,157580656,178268731,193423042,749,yes
fy-2026-27-recurrent-volume-i-1011-1166-29-04-26,1134,"State Department for Culture, The Arts and Heritage",head,1134002100,Permanent Presidential Music Commission,88685804,78688753,500000,78188753,90792791,95376783,749,yes
fy-2026-27-recurrent-volume-i-1011-1166-29-04-26,1134,"State Department for Culture, The Arts and Heritage",head,1134002300,Kenya National Library Services (KNLS),311342886,438477599,119500000,318977599,488160000,522730000,749,yes
fy-2026-27-recurrent-volume-i-1011-1166-29-04-26,1134,"State Department for Culture, The Arts and Heritage",head,1134002500,Kenya National Cultural Center,97297548,150928622,42000000,108928622,54532454,177977617,749,yes
fy-2026-27-recurrent-volume-i-1011-1166-29-04-26,1134,"State Department for Culture, The Arts and Heritage",head,1134002600,The National Lottery Board (NLB),61000000,292052248,0,292052248,329732958,303413562,749,yes
fy-2026-27-recurrent-volume-i-1011-1166-29-04-26,1134,"State Department for Culture, The Arts and Heritage",vote_total,,TOTAL FOR VOTE,2364839160,2877743258,654230000,2223513258,2954880000,3134560000,749,yes
fy-2026-27-recurrent-volume-i-1011-1166-29-04-26,1135,State Department for Youth Affairs and Creative Economy,head,1135000100,Youth Field Services,664251114,538867076,0,538867076,569744086,590345748,764,yes
fy-2026-27-recurrent-volume-i-1011-1166-29-04-26,1135,State Department for Youth Affairs and Creative Economy,head,1135001200,Youth Development Services,10719228,6966706,0,6966706,8123340,8012998,764,yes
fy-2026-27-recurrent-volume-i-1011-1166-29-04-26,1135,State Department for Youth Affairs and Creative Economy,head,1135001300,Presidential Award Kenya,35018536,189359701,15000000,174359701,79760000,80840000,764,yes
fy-2026-27-recurrent-volume-i-1011-1166-29-04-26,1135,State Department for Youth Affairs and Creative Economy,head,1135001400,General Administrative Services,544730335,470556780,0,470556780,539562243,544014995,764,yes
fy-2026-27-recurrent-volume-i-1011-1166-29-04-26,1135,State Department for Youth Affairs and Creative Economy,head,1135001500,Youth Enterprise Development Fund,371086623,301037000,86570000,214467000,329660000,365190000,764,yes
fy-2026-27-recurrent-volume-i-1011-1166-29-04-26,1135,State Department for Youth Affairs and Creative Economy,head,1135001600,National Youth Council,129569796,86886392,0,86886392,99957000,108459300,764,yes
fy-2026-27-recurrent-volume-i-1011-1166-29-04-26,1135,State Department for Youth Affairs and Creative Economy,head,1135001700,Financial Management Services,54889855,55015896,0,55015896,57673981,59303271,764,yes
fy-2026-27-recurrent-volume-i-1011-1166-29-04-26,1135,State Department for Youth Affairs and Creative Economy,head,1135001800,Policy Research and Mainstreaming,25062344,24804385,0,24804385,26243681,27104236,764,yes
fy-2026-27-recurrent-volume-i-1011-1166-29-04-26,1135,State Department for Youth Affairs and Creative Economy,head,1135001900,Entrepreneurship and Skills,60941063,60253857,0,60253857,61671693,64895830,764,yes
fy-2026-27-recurrent-volume-i-1011-1166-29-04-26,1135,State Department for Youth Affairs and Creative Economy,head,1135002000,Youth Social Development,22490272,19327939,0,19327939,23549494,24605709,765,yes
fy-2026-27-recurrent-volume-i-1011-1166-29-04-26,1135,State Department for Youth Affairs and Creative Economy,head,1135002100,Youth Innovation and Talent Development,26315218,25776134,0,25776134,27110946,28076615,765,yes
fy-2026-27-recurrent-volume-i-1011-1166-29-04-26,1135,State Department for Youth Affairs and Creative Economy,head,1135002200,Central Planning and Project Monitoring Unit,12455232,13636680,0,13636680,15173548,15779736,765,yes
fy-2026-27-recurrent-volume-i-1011-1166-29-04-26,1135,State Department for Youth Affairs and Creative Economy,head,1135002900,Kenya Film School,90220759,91514136,4000000,87514136,104680000,113240000,765,yes
fy-2026-27-recurrent-volume-i-1011-1166-29-04-26,1135,State Department for Youth Affairs and Creative Economy,head,1135003000,Kenya Film Classification Board,237441835,309719080,60000000,249719080,337310000,361730000,765,yes
fy-2026-27-recurrent-volume-i-1011-1166-29-04-26,1135,State Department for Youth Affairs and Creative Economy,head,1135003100,Kenya Film Commission,168555614,161558946,0,161558946,179793000,198561080,765,yes
fy-2026-27-recurrent-volume-i-1011-1166-29-04-26,1135,State Department for Youth Affairs and Creative Economy,head,1135003200,Kenya Copyright Board,200297677,170488747,15000000,155488747,180591900,197865120,765,yes
fy-2026-27-recurrent-volume-i-1011-1166-29-04-26,1135,State Department for Youth Affairs and Creative Economy,head,1135003300,Film Production Department - HQ,39896337,41584519,0,41584519,43560909,45265281,765,yes
fy-2026-27-recurrent-volume-i-1011-1166-29-04-26,1135,State Department for Youth Affairs and Creative Economy,head,1135003400,Film Production Department -Field Services,17741002,20023222,0,20023222,21264179,22240081,765,yes
fy-2026-27-recurrent-volume-i-1011-1166-29-04-26,1135,State Department for Youth Affairs and Creative Economy,vote_total,,TOTAL FOR VOTE,2711682840,2587377196,180570000,2406807196,2705430000,2855530000,765,yes
fy-2026-27-recurrent-volume-i-1011-1166-29-04-26,1152,State Department for Energy,head,1152000100,Headquarters Administrative Services,155984334,247293225,80716877,166576348,294489664,371284648,779,yes
fy-2026-27-recurrent-volume-i-1011-1166-29-04-26,1152,State Department for Energy,head,1152000200,Central Planning and Project Monitoring Unit,23890665,23242003,0,23242003,27089883,30876096,779,yes
fy-2026-27-recurrent-volume-i-1011-1166-29-04-26,1152,State Department for Energy,head,1152000400,Alternative Energy Technologies,66576192,69691702,1420000,68271702,72668243,105664106,779,yes
fy-2026-27-recurrent-volume-i-1011-1166-29-04-26,1152,State Department for Energy,head,1152000500,National Grid System,669036289,6183650010,5528000000,655650010,6182494703,6486826186,779,yes
fy-2026-27-recurrent-volume-i-1011-1166-29-04-26,1152,State Department for Energy,head,1152000600,Geothermal and Coal Resource Exploration and Development,185213826,2153264848,2100000000,53264848,2207327709,2264067215,779,yes
fy-2026-27-recurrent-volume-i-1011-1166-29-04-26,1152,State Department for Energy,head,1152000700,Rural Electrification and Renewable Energy Corporation,0,4504000000,4504000000,0,4595000000,4689000000,779,yes
fy-2026-27-recurrent-volume-i-1011-1166-29-04-26,1152,State Department for Energy,head,1152000800,Financial Management and Procurement Services,61927332,111372968,50863123,60509845,108249798,124928149,779,yes
fy-2026-27-recurrent-volume-i-1011-1166-29-04-26,1152,State Department for Energy,vote_total,,TOTAL FOR VOTE,1162628638,13292514756,12265000000,1027514756,13487320000,14072646400,779,yes
fy-2026-27-recurrent-volume-i-1011-1166-29-04-26,1162,State Department for Livestock Development,head,1162000100,Finance and Procurement Services,60221993,121947478,0,121947478,128017595,132124758,787,yes
fy-2026-27-recurrent-volume-i-1011-1166-29-04-26,1162,State Department for Livestock Development,head,1162000200,AIDS Control Unit,7306786,7288997,0,7288997,7774593,8064381,787,yes
fy-2026-27-recurrent-volume-i-1011-1166-29-04-26,1162,State Department for Livestock Development,head,1162000300,Headquarters Administrative and Technical Services,244659569,574481843,289680000,284801843,627178434,720094904,787,yes
fy-2026-27-recurrent-volume-i-1011-1166-29-04-26,1162,State Department for Livestock Development,head,1162000400,Central Planning and Project Monitoring Unit (CPPMU),28338625,51893222,0,51893222,51379866,52959755,787,yes
fy-2026-27-recurrent-volume-i-1011-1166-29-04-26,1162,State Department for Livestock Development,head,1162000500,Sheep and Goats Breeding Farms,180713519,94372478,10250000,84122478,102793053,106826299,787,yes
fy-2026-27-recurrent-volume-i-1011-1166-29-04-26,1162,State Department for Livestock Development,head,1162000600,Livestock Resources and Market Development Support Services,529798500,932947445,720000000,212947445,1006813781,1051799960,787,yes
fy-2026-27-recurrent-volume-i-1011-1166-29-04-26,1162,State Department for Livestock Development,head,1162000700,National Bee Keeping Institute,49243650,76611673,4500000,72111673,85705138,92700130,787,yes
fy-2026-27-recurrent-volume-i-1011-1166-29-04-26,1162,State Department for Livestock Development,head,1162000800,Breeding and Livestock Research Farms,575181449,70992535,8450000,62542535,78177120,80784177,787,yes
fy-2026-27-recurrent-volume-i-1011-1166-29-04-26,1162,State Department for Livestock Development,head,1162001200,Regional Pastoral Resource Centre - Narok,13865907,13376046,300000,13076046,14386974,14952305,787,yes
fy-2026-27-recurrent-volume-i-1011-1166-29-04-26,1162,State Department for Livestock Development,head,1162001300,Wajir Livestock Training Institute,72437371,93259951,21300000,71959951,95287520,97291031,788,yes
fy-2026-27-recurrent-volume-i-1011-1166-29-04-26,1162,State Department for Livestock Development,head,1162001400,Regional Pastoral Resource Centre - Isiolo,32335026,31300004,0,31300004,32344969,33337410,788,yes
fy-2026-27-recurrent-volume-i-1011-1166-29-04-26,1162,State Department for Livestock Development,head,1162001500,Dairy Training School,141133079,154095783,92000000,62095783,167282662,188329973,788,yes
fy-2026-27-recurrent-volume-i-1011-1166-29-04-26,1162,State Department for Livestock Development,head,1162001800,Livestock Breeding and Laboratory Services,19182041,19065046,0,19065046,20529186,21558951,788,yes
fy-2026-27-recurrent-volume-i-1011-1166-29-04-26,1162,State Department for Livestock Development,head,1162002100,Veterinary Headquarters,536278646,613898823,65000000,548898823,634728171,668034820,788,yes
fy-2026-27-recurrent-volume-i-1011-1166-29-04-26,1162,State Department for Livestock Development,head,1162002200,Animal Breeding and Reproductive Regulatory Services,64500000,323765000,300000000,23765000,390000000,420000000,788,yes
fy-2026-27-recurrent-volume-i-1011-1166-29-04-26,1162,State Department for Livestock Development,head,1162002500,Veterinary Public Health Hides and Skins and Leather Quality Control,53747823,54965297,0,54965297,56923709,58749850,788,yes
fy-2026-27-recurrent-volume-i-1011-1166-29-04-26,1162,State Department for Livestock Development,head,1162002700,Vector Regulatory and Zoological Services,121769483,142941183,0,142941183,147520807,152074130,788,yes
fy-2026-27-recurrent-volume-i-1011-1166-29-04-26,1162,State Department for Livestock Development,head,1162002800,National Animal Disease Strategies and Programmes,0,831850000,831850000,0,805000000,831000000,788,yes
fy-2026-27-recurrent-volume-i-1011-1166-29-04-26,1162,State Department for Livestock Development,head,1162002900,AHITI - Ndomba,77613861,135228942,47000000,88228942,136889409,138481536,788,yes
fy-2026-27-recurrent-volume-i-1011-1166-29-04-26,1162,State Department for Livestock Development,head,1162003000,AHITI - Nyahururu,55695614,104860718,39000000,65860718,138800589,157866094,789,yes
fy-2026-27-recurrent-volume-i-1011-1166-29-04-26,1162,State Department for Livestock Development,head,1162003100,AHITI - Kabete,188272049,268085845,71000000,197085845,272694135,292035173,789,yes
fy-2026-27-recurrent-volume-i-1011-1166-29-04-26,1162,State Department for Livestock Development,head,1162003200,Meat Training School - Athi River,44769328,67720003,14880000,52840003,83547572,86768262,789,yes
fy-2026-27-recurrent-volume-i-1011-1166-29-04-26,1162,State Department for Livestock Development,head,1162003300,Veterinary Investigation Laboratory Services,151411884,146087905,0,146087905,151794016,157147836,789,yes
fy-2026-27-recurrent-volume-i-1011-1166-29-04-26,1162,State Department for Livestock Development,head,1162003400,Veterinary Diagnostics and Efficacy Trial Centers,79960110,56564534,7400000,49164534,64541270,67327114,789,yes
fy-2026-27-recurrent-volume-i-1011-1166-29-04-26,1162,State Department for Livestock Development,head,1162003600,Foot and Mouth Disease National Reference Laboratory,32536211,33258002,0,33258002,34483607,35637206,789,yes
fy-2026-27-recurrent-volume-i-1011-1166-29-04-26,1162,State Department for Livestock Development,head,1162003800,Ports of Entry and Border Posts Veterinary Inspection Services,52212314,54330482,0,54330482,56412068,58236607,789,yes
fy-2026-27-recurrent-volume-i-1011-1166-29-04-26,1162,State Department for Livestock Development,head,1162003900,Kenya Tsetse and Trypanosomiasis Eradication Council (KENTTEC),75417660,73157400,0,73157400,77750000,95000000,789,yes
fy-2026-27-recurrent-volume-i-1011-1166-29-04-26,1162,State Department for Livestock Development,head,1162004700,National Livestock Development and Promotion Service,80000000,79361816,0,79361816,60000000,90380000,789,yes
fy-2026-27-recurrent-volume-i-1011-1166-29-04-26,1162,State Department for Livestock Development,head,1162004800,"Livestock Policy, Research & Regulations-BETA",71967352,76880305,0,76880305,86873756,89127338,789,yes
fy-2026-27-recurrent-volume-i-1011-1166-29-04-26,1162,State Department for Livestock Development,head,1162005000,Veterinary Services Development Fund (VSDF),0,200000000,200000000,0,210000000,220000000,790,yes
fy-2026-27-recurrent-volume-i-1011-1166-29-04-26,1162,State Department for Livestock Development,head,1162005100,Mogotio Livestock Training Institute,0,9750000,6000000,3750000,10000000,10000000,790,yes
fy-2026-27-recurrent-volume-i-1011-1166-29-04-26,1162,State Department for Livestock Development,vote_total,,TOTAL FOR VOTE,3640569850,5514338756,2728610000,2785728756,5835630000,6228690000,790,yes
fy-2026-27-recurrent-volume-i-1011-1166-29-04-26,1166,State Department for the Blue Economy and Fisheries,head,1166000100,Headquarters and Administrative Services,166109266,164216964,0,164216964,179941890,189183604,818,yes
fy-2026-27-recurrent-volume-i-1011-1166-29-04-26,1166,State Department for the Blue Economy and Fisheries,head,1166000200,Finance Accounts and Procurement Services,50554022,46775686,0,46775686,50354580,52365284,818,yes
fy-2026-27-recurrent-volume-i-1011-1166-29-04-26,1166,State Department for the Blue Economy and Fisheries,head,1166000900,Fisheries Regional Centres,42194146,47280876,0,47280876,52746362,60236467,818,yes
fy-2026-27-recurrent-volume-i-1011-1166-29-04-26,1166,State Department for the Blue Economy and Fisheries,head,1166001100,Kenya Marine and Fisheries Research Institute,1594000000,1566180000,20000000,1546180000,1667030000,1698760000,818,yes
fy-2026-27-recurrent-volume-i-1011-1166-29-04-26,1166,State Department for the Blue Economy and Fisheries,head,1166001200,Development and Coordination of Blue Economy,100800000,109376000,31000000,78376000,121300000,126020000,818,yes
fy-2026-27-recurrent-volume-i-1011-1166-29-04-26,1166,State Department for the Blue Economy and Fisheries,head,1166001300,Central Planning and Project Monitoring Unit (CPPMU),18106270,13100472,0,13100472,13861213,14147300,818,yes
fy-2026-27-recurrent-volume-i-1011-1166-29-04-26,1166,State Department for the Blue Economy and Fisheries,head,1166001500,Fisheries Technical Services,486505270,136210329,0,136210329,148365955,154707345,818,yes
fy-2026-27-recurrent-volume-i-1011-1166-29-04-26,1166,State Department for the Blue Economy and Fisheries,head,1166001600,Kenya Fisheries Service,788220000,964573400,200000000,764573400,1074010000,1200460000,818,yes
fy-2026-27-recurrent-volume-i-1011-1166-29-04-26,1166,State Department for the Blue Economy and Fisheries,head,1166001700,Fish Marketing Authority,34288000,33251600,0,33251600,37710000,41480000,818,yes
fy-2026-27-recurrent-volume-i-1011-1166-29-04-26,1166,State Department for the Blue Economy and Fisheries,vote_total,,TOTAL FOR VOTE,3280776974,3080965327,251000000,2829965327,3345320000,3537360000,819,yes
