book,vote,vote_title,head_code,head_title,subhead_code,subhead_title,item_code,item_title,item_kind,approved_estimates_2025_2026,estimates_2026_2027,projected_estimates_2027_2028,projected_estimates_2028_2029,page,verified
fy-2026-27-development-book-volume-1-1011-1083,1011,Executive Office of the President,1011101000,General Works at the Harambee House Main,1011101001,Refurbishment of Buildings at Harambee House Main,3110300,Refurbishment of Buildings,exp,30000000,26200000,50000000,50000000,22,yes
fy-2026-27-development-book-volume-1-1011-1083,1011,Executive Office of the President,1011101100,National Fund for the Disabled of Kenya,1011101101,Capital Transfers to the National Fund for the Disabled of Kenya,2640500,Other Capital Grants and Transfers,exp,450000000,550000000,566341522,663539848,22,yes
fy-2026-27-development-book-volume-1-1011-1083,1011,Executive Office of the President,1011101600,Kenya - EU Partnership on National Strategy to Counter Terrorism,1011101601,Kenya - EU Partnership on National Strategy to Counter Terrorism,2110200,Basic Wages - Temporary Employees,exp,24086322,24086322,24086322,24086322,22,yes
fy-2026-27-development-book-volume-1-1011-1083,1011,Executive Office of the President,1011101600,Kenya - EU Partnership on National Strategy to Counter Terrorism,1011101601,Kenya - EU Partnership on National Strategy to Counter Terrorism,2210100,Utilities Supplies and Services,exp,1245000,1245000,1245000,1245000,22,yes
fy-2026-27-development-book-volume-1-1011-1083,1011,Executive Office of the President,1011101600,Kenya - EU Partnership on National Strategy to Counter Terrorism,1011101601,Kenya - EU Partnership on National Strategy to Counter Terrorism,2210200,"Communication, Supplies and Services",exp,17889675,17889675,17889675,17889675,22,yes
fy-2026-27-development-book-volume-1-1011-1083,1011,Executive Office of the President,1011101600,Kenya - EU Partnership on National Strategy to Counter Terrorism,1011101601,Kenya - EU Partnership on National Strategy to Counter Terrorism,2210300,"Domestic Travel and Subsistence, and Other Transportation Costs",exp,48287946,48287946,48287946,48287946,22,yes
fy-2026-27-development-book-volume-1-1011-1083,1011,Executive Office of the President,1011101600,Kenya - EU Partnership on National Strategy to Counter Terrorism,1011101601,Kenya - EU Partnership on National Strategy to Counter Terrorism,2210500,"Printing , Advertising and Information Supplies and Services",exp,11667567,11667567,11667567,11667567,22,yes
fy-2026-27-development-book-volume-1-1011-1083,1011,Executive Office of the President,1011101600,Kenya - EU Partnership on National Strategy to Counter Terrorism,1011101601,Kenya - EU Partnership on National Strategy to Counter Terrorism,2210600,Rentals of Produced Assets,exp,5645628,5645628,5645628,5645628,22,yes
fy-2026-27-development-book-volume-1-1011-1083,1011,Executive Office of the President,1011101600,Kenya - EU Partnership on National Strategy to Counter Terrorism,1011101601,Kenya - EU Partnership on National Strategy to Counter Terrorism,2210700,Training Expenses,exp,8689642,8689642,8689642,8689642,22,yes
fy-2026-27-development-book-volume-1-1011-1083,1011,Executive Office of the President,1011101600,Kenya - EU Partnership on National Strategy to Counter Terrorism,1011101601,Kenya - EU Partnership on National Strategy to Counter Terrorism,2210800,Hospitality Supplies and Services,exp,33521530,33521530,33521530,33521530,22,yes
fy-2026-27-development-book-volume-1-1011-1083,1011,Executive Office of the President,1011101600,Kenya - EU Partnership on National Strategy to Counter Terrorism,1011101601,Kenya - EU Partnership on National Strategy to Counter Terrorism,2211100,Office and General Supplies and Services,exp,225108,225108,225108,225108,22,yes
fy-2026-27-development-book-volume-1-1011-1083,1011,Executive Office of the President,1011101600,Kenya - EU Partnership on National Strategy to Counter Terrorism,1011101601,Kenya - EU Partnership on National Strategy to Counter Terrorism,2211200,Fuel Oil and Lubricants,exp,10632844,10632844,10632844,10632844,22,yes
fy-2026-27-development-book-volume-1-1011-1083,1011,Executive Office of the President,1011101600,Kenya - EU Partnership on National Strategy to Counter Terrorism,1011101601,Kenya - EU Partnership on National Strategy to Counter Terrorism,2211300,Other Operating Expenses,exp,21695466,21695466,21695466,21695466,22,yes
fy-2026-27-development-book-volume-1-1011-1083,1011,Executive Office of the President,1011101600,Kenya - EU Partnership on National Strategy to Counter Terrorism,1011101601,Kenya - EU Partnership on National Strategy to Counter Terrorism,2220100,Routine Maintenance - Vehicles and Other Transport Equipment,exp,752752,752752,752752,752752,22,yes
fy-2026-27-development-book-volume-1-1011-1083,1011,Executive Office of the President,1011101600,Kenya - EU Partnership on National Strategy to Counter Terrorism,1011101601,Kenya - EU Partnership on National Strategy to Counter Terrorism,3111100,"Purchase of Specialised Plant, Equipment and Machinery",exp,660520,660520,660520,660520,22,yes
fy-2026-27-development-book-volume-1-1011-1083,1011,Executive Office of the President,1011101800,Directorate of Resource Survey and Remote Sensing,1011101801,Acquisition of Survey Equipment - LIDAR,3111100,"Purchase of Specialised Plant, Equipment and Machinery",exp,10004100,7249275,7611739,7992326,22,yes
fy-2026-27-development-book-volume-1-1011-1083,1011,Executive Office of the President,1011101800,Directorate of Resource Survey and Remote Sensing,1011101802,Purchase of Instrumentation & Calibration Equipment - Remote,3111100,"Purchase of Specialised Plant, Equipment and Machinery",exp,25000000,14750725,19021739,19972826,23,yes
fy-2026-27-development-book-volume-1-1011-1083,1011,Executive Office of the President,1011101800,Directorate of Resource Survey and Remote Sensing,1011101803,Strengthen Geo-Info Infrastructure-Resource Mapping & Monitoring,2210200,"Communication, Supplies and Services",exp,7000000,7000000,7350000,7717500,23,yes
fy-2026-27-development-book-volume-1-1011-1083,1011,Executive Office of the President,1011101800,Directorate of Resource Survey and Remote Sensing,1011101803,Strengthen Geo-Info Infrastructure-Resource Mapping & Monitoring,3111100,"Purchase of Specialised Plant, Equipment and Machinery",exp,7000000,7000000,7350000,7717500,23,yes
fy-2026-27-development-book-volume-1-1011-1083,1011,Executive Office of the President,1011101800,Directorate of Resource Survey and Remote Sensing,1011101803,Strengthen Geo-Info Infrastructure-Resource Mapping & Monitoring,3111400,"Research, Feasibility Studies, Project Preparation and Design, Project S",exp,20000000,14000000,14700000,15435000,23,yes
fy-2026-27-development-book-volume-1-1011-1083,1011,Executive Office of the President,1011104100,Modernization of Press & Refurbishment of Buildings at GP,1011104101,Modernization of Press at GP,3110600,Overhaul and Refurbishment of Construction and Civil Works,exp,50000000,50000000,55125000,55125000,23,yes
fy-2026-27-development-book-volume-1-1011-1083,1011,Executive Office of the President,1011104100,Modernization of Press & Refurbishment of Buildings at GP,1011104101,Modernization of Press at GP,3111000,Purchase of Office Furniture and General Equipment,exp,250000000,421500000,472500000,472500000,23,yes
fy-2026-27-development-book-volume-1-1011-1083,1011,Executive Office of the President,1011104100,Modernization of Press & Refurbishment of Buildings at GP,1011104101,Modernization of Press at GP,3111100,"Purchase of Specialised Plant, Equipment and Machinery",exp,0,28500000,0,0,23,yes
fy-2026-27-development-book-volume-1-1011-1083,1011,Executive Office of the President,1011104200,Nairobi Metropolitan Services (NMS) - Pending Bills,1011104201,Nairobi Metropolitan Services (NMS) - Pending Bills,2220200,Routine Maintenance - Other Assets,exp,50000000,0,0,0,23,yes
fy-2026-27-development-book-volume-1-1011-1083,1011,Executive Office of the President,1011104200,Nairobi Metropolitan Services (NMS) - Pending Bills,1011104201,Nairobi Metropolitan Services (NMS) - Pending Bills,3110500,Construction and Civil Works,exp,260005000,0,0,0,23,yes
fy-2026-27-development-book-volume-1-1011-1083,1012,Office of the Deputy President,1012100100,General Works at the Office of the Deputy President,1012100102,Refurbishment of Buildings at Karen,3110300,Refurbishment of Buildings,exp,50000000,50000000,250000000,300000000,29,yes
fy-2026-27-development-book-volume-1-1011-1083,1012,Office of the Deputy President,1012100100,General Works at the Office of the Deputy President,1012100103,Refurbishment of Buildings at the Former PC's Office - Mombasa,3110300,Refurbishment of Buildings,exp,0,20000000,20000000,10000000,29,yes
fy-2026-27-development-book-volume-1-1011-1083,1012,Office of the Deputy President,1012100100,General Works at the Office of the Deputy President,1012100104,Refurbishment of Buildings at Headquarters,3110300,Refurbishment of Buildings,exp,50000000,30000000,30000000,40000000,29,yes
fy-2026-27-development-book-volume-1-1011-1083,1017,State House,1017100100,General Maintenance Works at State House Nairobi,1017100102,Refurbishment of Buildings - Nairobi State House,3110300,Refurbishment of Buildings,exp,449706667,452500000,156300000,76900000,32,yes
fy-2026-27-development-book-volume-1-1011-1083,1017,State House,1017100100,General Maintenance Works at State House Nairobi,1017100105,"Purchase of Specialised Plant, Equipment & Machinery",3110900,Purchase of Household Furniture and Institutional Equipment,exp,31000000,31200000,74500000,84800000,32,yes
fy-2026-27-development-book-volume-1-1011-1083,1017,State House,1017100100,General Maintenance Works at State House Nairobi,1017100106,ICT Networking & Communications Equipment (Nairobi),3111100,"Purchase of Specialised Plant, Equipment and Machinery",exp,200000000,46700000,91400000,58700000,32,yes
fy-2026-27-development-book-volume-1-1011-1083,1017,State House,1017100100,General Maintenance Works at State House Nairobi,1017100107,Construction and Other Civil Works,3110200,Construction of Building,exp,0,0,213500000,276700000,32,yes
fy-2026-27-development-book-volume-1-1011-1083,1017,State House,1017100200,General Maintenance Works at Eldoret State Lodge,1017100204,Refurbishment of Builidings at Eldoret State Lodge,3110300,Refurbishment of Buildings,exp,60150000,40000000,106200000,96400000,32,yes
fy-2026-27-development-book-volume-1-1011-1083,1017,State House,1017100200,General Maintenance Works at Eldoret State Lodge,1017100205,Acquisition of Land - Eldoret State Lodge,3130100,Acquisition of Land,exp,400000000,0,0,0,32,yes
fy-2026-27-development-book-volume-1-1011-1083,1017,State House,1017100300,General Maintenance Works at State House Sagana,1017100301,Refurbishment of Buildings at Sagana State Lodge,3110300,Refurbishment of Buildings,exp,15000000,21300000,69300000,54200000,32,yes
fy-2026-27-development-book-volume-1-1011-1083,1017,State House,1017100400,Refurbishment of buildings at Mombasa State House,1017100401,Phase 2-Refurbishment of Fence and Main House at Mombasa State,3110300,Refurbishment of Buildings,exp,42500000,201100000,216800000,312100000,33,yes
fy-2026-27-development-book-volume-1-1011-1083,1017,State House,1017100500,Refurbishment of buildings at Nakuru State House,1017100501,Refurbishment of buildings at Nakuru State House,3110300,Refurbishment of Buildings,exp,25000000,98700000,123300000,161600000,33,yes
fy-2026-27-development-book-volume-1-1011-1083,1017,State House,1017100600,Rehabilitation Works at Kisumu State Lodge,1017100604,Refurbishment of Builidings at Kisumu State Lodge,3110300,Refurbishment of Buildings,exp,24050000,90000000,18400000,10500000,33,yes
fy-2026-27-development-book-volume-1-1011-1083,1017,State House,1017100700,Rehabilitation Works at Kakamega State Lodge,1017100702,Refurbishment of Builidings at Kakamega State Lodge,3110300,Refurbishment of Buildings,exp,25000000,20000000,46200000,37100000,33,yes
fy-2026-27-development-book-volume-1-1011-1083,1017,State House,1017101100,The Mechanical Garage,1017101101,The Mechanical Garage,3110200,Construction of Building,exp,10000000,12900000,32200000,26900000,33,yes
fy-2026-27-development-book-volume-1-1011-1083,1017,State House,1017101200,Kisii State Lodge,1017101201,Kisii State Lodge,3110300,Refurbishment of Buildings,exp,12500000,12600000,56400000,54100000,33,yes
fy-2026-27-development-book-volume-1-1011-1083,1023,State Department for Correctional Services,1023100100,Security in Penal Facilities,1023100105,Construction of perimeter wall Malindi,3110500,Construction and Civil Works,exp,0,9000000,12018614,0,43,yes
fy-2026-27-development-book-volume-1-1011-1083,1023,State Department for Correctional Services,1023100100,Security in Penal Facilities,1023100108,Construction of perimeter wall Hindi,3110500,Construction and Civil Works,exp,475000,0,8175000,0,43,yes
fy-2026-27-development-book-volume-1-1011-1083,1023,State Department for Correctional Services,1023100100,Security in Penal Facilities,1023100109,Construction of perimeter wall Wajir,3110500,Construction and Civil Works,exp,0,0,3750000,0,43,yes
fy-2026-27-development-book-volume-1-1011-1083,1023,State Department for Correctional Services,1023100100,Security in Penal Facilities,1023100111,Construction of perimeter walls Garissa,3110500,Construction and Civil Works,exp,0,0,30000000,23163310,43,yes
fy-2026-27-development-book-volume-1-1011-1083,1023,State Department for Correctional Services,1023100100,Security in Penal Facilities,1023100113,Completion of Perimeter Wall at Eldoret Women Prison,3110500,Construction and Civil Works,exp,1750000,0,0,0,43,yes
fy-2026-27-development-book-volume-1-1011-1083,1023,State Department for Correctional Services,1023100100,Security in Penal Facilities,1023100114,Completion of Gate Lodge at Garissa Medium Prison,3110500,Construction and Civil Works,exp,0,13600000,0,0,43,yes
fy-2026-27-development-book-volume-1-1011-1083,1023,State Department for Correctional Services,1023100100,Security in Penal Facilities,1023100117,Completion of Main Gate at Kerugoya Prison,3110200,Construction of Building,exp,0,0,20000000,0,43,yes
fy-2026-27-development-book-volume-1-1011-1083,1023,State Department for Correctional Services,1023100100,Security in Penal Facilities,1023100118,Completion of phase 1 Perimeter Wall at Kilifi Prison,3110500,Construction and Civil Works,exp,0,6410000,0,0,43,yes
fy-2026-27-development-book-volume-1-1011-1083,1023,State Department for Correctional Services,1023100100,Security in Penal Facilities,1023100119,Completion of Perimeter walls Machakos Women Prison,3110500,Construction and Civil Works,exp,0,1500000,0,0,43,yes
fy-2026-27-development-book-volume-1-1011-1083,1023,State Department for Correctional Services,1023100100,Security in Penal Facilities,1023100122,"Completion of Gate Lodge, Armoury &Duty Office at Nyeri Medium",3110200,Construction of Building,exp,1965000,0,0,0,43,yes
fy-2026-27-development-book-volume-1-1011-1083,1023,State Department for Correctional Services,1023100100,Security in Penal Facilities,1023100123,Completion of Main Gate/Gate Lodge & Armoury at Rumuruti Prison,3110500,Construction and Civil Works,exp,0,2600000,0,0,44,yes
fy-2026-27-development-book-volume-1-1011-1083,1023,State Department for Correctional Services,1023100100,Security in Penal Facilities,1023100124,Construction of phase 1 Perimeter Fence Shimo Borstal Institution,3110500,Construction and Civil Works,exp,0,0,10580000,0,44,yes
fy-2026-27-development-book-volume-1-1011-1083,1023,State Department for Correctional Services,1023100100,Security in Penal Facilities,1023100128,Construction Of Watch towers and main gate at Bomet Prison,3110500,Construction and Civil Works,exp,0,4000000,0,0,44,yes
fy-2026-27-development-book-volume-1-1011-1083,1023,State Department for Correctional Services,1023100100,Security in Penal Facilities,1023100129,Construction of phase 1 perimeter Wall Busia Prison,3110500,Construction and Civil Works,exp,0,4800000,0,0,44,yes
fy-2026-27-development-book-volume-1-1011-1083,1023,State Department for Correctional Services,1023100100,Security in Penal Facilities,1023100132,Construction of elevated watch towers at Kapsabet Prison,3110500,Construction and Civil Works,exp,800000,0,0,0,44,yes
fy-2026-27-development-book-volume-1-1011-1083,1023,State Department for Correctional Services,1023100100,Security in Penal Facilities,1023100134,Construction of Perimeter Wall at Kajiado Prison,3110500,Construction and Civil Works,exp,0,4500000,0,0,44,yes
fy-2026-27-development-book-volume-1-1011-1083,1023,State Department for Correctional Services,1023100100,Security in Penal Facilities,1023100135,Construction of perimeter walls Marsabit Prison,3110500,Construction and Civil Works,exp,4772056,0,0,0,44,yes
fy-2026-27-development-book-volume-1-1011-1083,1023,State Department for Correctional Services,1023100100,Security in Penal Facilities,1023100138,"Construction of perimeter Wall, Gate & Gate Lodge at Voi Prison",3110500,Construction and Civil Works,exp,2050000,0,0,0,44,yes
fy-2026-27-development-book-volume-1-1011-1083,1023,State Department for Correctional Services,1023100100,Security in Penal Facilities,1023100139,Construction of perimeter Wall Nakuru Main Prison,3110500,Construction and Civil Works,exp,0,0,43700000,0,44,yes
fy-2026-27-development-book-volume-1-1011-1083,1023,State Department for Correctional Services,1023100100,Security in Penal Facilities,1023100144,Construction of a Perimeter wall at Kericho Medium Prison,3110500,Construction and Civil Works,exp,0,11230000,0,0,44,yes
fy-2026-27-development-book-volume-1-1011-1083,1023,State Department for Correctional Services,1023100100,Security in Penal Facilities,1023100146,Construction of Perimeter Wall at Kiambu Prison,3110500,Construction and Civil Works,exp,4370000,0,0,0,44,yes
fy-2026-27-development-book-volume-1-1011-1083,1023,State Department for Correctional Services,1023100100,Security in Penal Facilities,1023100147,Construction of horse stables at Kamiti Medium,3110500,Construction and Civil Works,exp,2000000,2000000,0,0,45,yes
fy-2026-27-development-book-volume-1-1011-1083,1023,State Department for Correctional Services,1023100100,Security in Penal Facilities,1023100170,Construction of security wall Muranga women prison,3110500,Construction and Civil Works,exp,5935000,0,0,0,45,yes
fy-2026-27-development-book-volume-1-1011-1083,1023,State Department for Correctional Services,1023100100,Security in Penal Facilities,1023100175,Completion of Perimeter Wall at Manyani GK Prison,3110500,Construction and Civil Works,exp,0,24000000,0,0,45,yes
fy-2026-27-development-book-volume-1-1011-1083,1023,State Department for Correctional Services,1023100100,Security in Penal Facilities,1023100176,Construction of perimeter wall at Athi River/Kitengela prison,3110500,Construction and Civil Works,exp,0,0,34794122,0,45,yes
fy-2026-27-development-book-volume-1-1011-1083,1023,State Department for Correctional Services,1023100100,Security in Penal Facilities,1023100185,Construction of storeyed wards & admin offices Meru main prison,3110200,Construction of Building,exp,3950000,7900000,0,0,45,yes
fy-2026-27-development-book-volume-1-1011-1083,1023,State Department for Correctional Services,1023100100,Security in Penal Facilities,1023100188,Construction of mixed block at Rachuonyo prison,3110200,Construction of Building,exp,0,4000000,0,0,45,yes
fy-2026-27-development-book-volume-1-1011-1083,1023,State Department for Correctional Services,1023100100,Security in Penal Facilities,1023100190,Completion of Prisoners ward at Kangeta prison,3110200,Construction of Building,exp,0,3210000,0,0,45,yes
fy-2026-27-development-book-volume-1-1011-1083,1023,State Department for Correctional Services,1023100100,Security in Penal Facilities,1023100191,Completion of a mixed block at Kaloleni Prison,3110500,Construction and Civil Works,exp,0,7500000,4500000,0,45,yes
fy-2026-27-development-book-volume-1-1011-1083,1023,State Department for Correctional Services,1023100100,Security in Penal Facilities,1023100196,Construction of reception block and armory at Nyandarua prison,3110200,Construction of Building,exp,2750000,4750000,0,0,45,yes
fy-2026-27-development-book-volume-1-1011-1083,1023,State Department for Correctional Services,1023100100,Security in Penal Facilities,1023100199,Completion of Administration Block at Thika Main Prison,3110200,Construction of Building,exp,2250000,0,0,0,45,yes
fy-2026-27-development-book-volume-1-1011-1083,1023,State Department for Correctional Services,1023100200,Construction of Penal Facilities - I,1023100214,Completion of Borehole Nyahururu,3110500,Construction and Civil Works,exp,1545000,0,0,0,46,yes
fy-2026-27-development-book-volume-1-1011-1083,1023,State Department for Correctional Services,1023100200,Construction of Penal Facilities - I,1023100218,Drilling Of Boreholes Moyale,3110500,Construction and Civil Works,exp,3000000,0,0,0,46,yes
fy-2026-27-development-book-volume-1-1011-1083,1023,State Department for Correctional Services,1023100200,Construction of Penal Facilities - I,1023100226,Construction of new prison Loitoktok,3110200,Construction of Building,exp,0,15000000,13000000,0,46,yes
fy-2026-27-development-book-volume-1-1011-1083,1023,State Department for Correctional Services,1023100200,Construction of Penal Facilities - I,1023100230,Construction of Dining hall Machakos,3110200,Construction of Building,exp,0,8000000,0,0,46,yes
fy-2026-27-development-book-volume-1-1011-1083,1023,State Department for Correctional Services,1023100200,Construction of Penal Facilities - I,1023100258,Completion /Refurbishment of Wards in Kapenguria,3110300,Refurbishment of Buildings,exp,0,3500000,0,0,46,yes
fy-2026-27-development-book-volume-1-1011-1083,1023,State Department for Correctional Services,1023100200,Construction of Penal Facilities - I,1023100261,"Construct of phase1 Hall, Offices & Ablution Block @ Regional Cmdr",3110200,Construction of Building,exp,0,2620000,0,0,46,yes
fy-2026-27-development-book-volume-1-1011-1083,1023,State Department for Correctional Services,1023100200,Construction of Penal Facilities - I,1023100262,Refurbishment of Magereza House,3110200,Construction of Building,exp,0,36792486,42207514,0,46,yes
fy-2026-27-development-book-volume-1-1011-1083,1023,State Department for Correctional Services,1023100200,Construction of Penal Facilities - I,1023100264,Construction Of New Prison at Thika Women,3110200,Construction of Building,exp,5025000,0,0,50000000,46,yes
fy-2026-27-development-book-volume-1-1011-1083,1023,State Department for Correctional Services,1023100200,Construction of Penal Facilities - I,1023100265,Completion Of Prioners Ward at Tambach Prison,3110200,Construction of Building,exp,0,0,26900000,0,46,yes
fy-2026-27-development-book-volume-1-1011-1083,1023,State Department for Correctional Services,1023100200,Construction of Penal Facilities - I,1023100268,Completion Women Block at Makueni Prison,3110200,Construction of Building,exp,0,4590000,0,0,46,yes
fy-2026-27-development-book-volume-1-1011-1083,1023,State Department for Correctional Services,1023100300,Irrigation and Modernization of Prison Farms,1023100329,Construction of Prison Industry Embu Women Prison,3110200,Construction of Building,exp,0,5000000,5500000,0,47,yes
fy-2026-27-development-book-volume-1-1011-1083,1023,State Department for Correctional Services,1023100500,Prison Staff Housing,1023100507,Construction of residential houses Garissa,3110200,Construction of Building,exp,500000,0,0,0,47,yes
fy-2026-27-development-book-volume-1-1011-1083,1023,State Department for Correctional Services,1023100500,Prison Staff Housing,1023100518,Construction of residential houses Kibos Main,3110200,Construction of Building,exp,0,6900000,0,0,47,yes
fy-2026-27-development-book-volume-1-1011-1083,1023,State Department for Correctional Services,1023100500,Prison Staff Housing,1023100544,Construction of residential houses Mwea,3110200,Construction of Building,exp,850000,0,0,0,47,yes
fy-2026-27-development-book-volume-1-1011-1083,1023,State Department for Correctional Services,1023100500,Prison Staff Housing,1023100549,Construction of residential houses Shimo Medium,3110200,Construction of Building,exp,1500000,0,0,0,47,yes
fy-2026-27-development-book-volume-1-1011-1083,1023,State Department for Correctional Services,1023100500,Prison Staff Housing,1023100557,Construction of residential houses Wundanyi,3110200,Construction of Building,exp,1435000,0,0,0,47,yes
fy-2026-27-development-book-volume-1-1011-1083,1023,State Department for Correctional Services,1023100500,Prison Staff Housing,1023100566,Construction of residential houses Eldoret Main,3110200,Construction of Building,exp,1570000,0,0,0,47,yes
fy-2026-27-development-book-volume-1-1011-1083,1023,State Department for Correctional Services,1023100500,Prison Staff Housing,1023100570,Construction of 2 staff Houses Shikusa prison,3110200,Construction of Building,exp,1500000,3000000,0,0,47,yes
fy-2026-27-development-book-volume-1-1011-1083,1023,State Department for Correctional Services,1023100500,Prison Staff Housing,1023100572,Construction of 2 staff houses at Migori women,3110200,Construction of Building,exp,900000,0,0,0,48,yes
fy-2026-27-development-book-volume-1-1011-1083,1023,State Department for Correctional Services,1023100500,Prison Staff Housing,1023100575,Construction of 2 staff houses at Rachuonyo prison,3110200,Construction of Building,exp,900000,900000,0,0,48,yes
fy-2026-27-development-book-volume-1-1011-1083,1023,State Department for Correctional Services,1023100500,Prison Staff Housing,1023100587,Construction of 2 staff houses at Shimo B.I,3110200,Construction of Building,exp,850000,0,0,0,48,yes
fy-2026-27-development-book-volume-1-1011-1083,1023,State Department for Correctional Services,1023100500,Prison Staff Housing,1023100588,Completion Of Staff Houses at Nanyuki Prison,3110200,Construction of Building,exp,0,1500000,0,0,48,yes
fy-2026-27-development-book-volume-1-1011-1083,1023,State Department for Correctional Services,1023100500,Prison Staff Housing,1023100593,Construction of a Storeyed Staff Houses Meru Main Prison,3110200,Construction of Building,exp,3950000,3950000,0,0,48,yes
fy-2026-27-development-book-volume-1-1011-1083,1023,State Department for Correctional Services,1023100700,Modernization of Penal Training Facilities,1023100701,Modernization of penal training facilities: Ruiru - PSTC,3110500,Construction and Civil Works,exp,0,0,368876029,660088749,48,yes
fy-2026-27-development-book-volume-1-1011-1083,1023,State Department for Correctional Services,1023100700,Modernization of Penal Training Facilities,1023100703,Construction of Classrooms Shimo Medium,3110200,Construction of Building,exp,500000,0,0,0,48,yes
fy-2026-27-development-book-volume-1-1011-1083,1023,State Department for Correctional Services,1023100700,Modernization of Penal Training Facilities,1023100704,Construction of Classrooms Kangeta,3110200,Construction of Building,exp,500000,0,0,0,48,yes
fy-2026-27-development-book-volume-1-1011-1083,1023,State Department for Correctional Services,1023100700,Modernization of Penal Training Facilities,1023100715,Reconstruction of Recruits Barrack at PSTC Ruiru,3110500,Construction and Civil Works,exp,0,0,0,613581115,48,yes
fy-2026-27-development-book-volume-1-1011-1083,1023,State Department for Correctional Services,1023100900,Probation Office accomodation,1023100911,Githongo probation office,3110200,Construction of Building,exp,0,0,7000000,8000000,49,yes
fy-2026-27-development-book-volume-1-1011-1083,1023,State Department for Correctional Services,1023100900,Probation Office accomodation,1023100912,Bungoma east ( Webuye probation office),3110200,Construction of Building,exp,0,0,10000000,17000000,49,yes
fy-2026-27-development-book-volume-1-1011-1083,1023,State Department for Correctional Services,1023100900,Probation Office accomodation,1023100914,Automation of probation services,3111100,"Purchase of Specialised Plant, Equipment and Machinery",exp,0,56030950,119039525,119039525,49,yes
fy-2026-27-development-book-volume-1-1011-1083,1023,State Department for Correctional Services,1023100900,Probation Office accomodation,1023100915,Construction of Residential Building( including hostels) at Makadara,3110200,Construction of Building,exp,0,0,18030000,0,49,yes
fy-2026-27-development-book-volume-1-1011-1083,1023,State Department for Correctional Services,1023100900,Probation Office accomodation,1023100927,Construction of Probation office block at Homabay,3110200,Construction of Building,exp,0,0,15130000,4996835,49,yes
fy-2026-27-development-book-volume-1-1011-1083,1023,State Department for Correctional Services,1023100900,Probation Office accomodation,1023100932,Construction of Probation office block at Teso,3110200,Construction of Building,exp,0,0,19000000,9000000,49,yes
fy-2026-27-development-book-volume-1-1011-1083,1023,State Department for Correctional Services,1023100900,Probation Office accomodation,1023100938,Construction of Probation office block at Magunga (Sub county),3110200,Construction of Building,exp,0,0,10000000,0,49,yes
fy-2026-27-development-book-volume-1-1011-1083,1023,State Department for Correctional Services,1023100900,Probation Office accomodation,1023100939,Construction of Probation office block at Voi (Sub county),3110200,Construction of Building,exp,0,0,8000000,7000000,49,yes
fy-2026-27-development-book-volume-1-1011-1083,1023,State Department for Correctional Services,1023101000,Acquisition of ICT applications and infrastructure set up,1023101001,Acquisition of ICT applications and infrastructure set up,3111100,"Purchase of Specialised Plant, Equipment and Machinery",exp,16000000,100000000,100000000,91326361,49,yes
fy-2026-27-development-book-volume-1-1011-1083,1023,State Department for Correctional Services,1023101200,Security in Penal Institutions,1023101201,Construction of phase 2 perimeter wall at Shimo Maximum prison,3110500,Construction and Civil Works,exp,0,67840000,67200000,0,50,yes
fy-2026-27-development-book-volume-1-1011-1083,1023,State Department for Correctional Services,1023101200,Security in Penal Institutions,1023101206,Construction of perimeter wall Langata Women Prison,3110500,Construction and Civil Works,exp,0,0,0,70000000,50,yes
fy-2026-27-development-book-volume-1-1011-1083,1023,State Department for Correctional Services,1023101200,Security in Penal Institutions,1023101207,Completion of phase 1 Perimeter Wall at Kwale Prison,3110500,Construction and Civil Works,exp,0,15000000,21940000,0,50,yes
fy-2026-27-development-book-volume-1-1011-1083,1023,State Department for Correctional Services,1023101200,Security in Penal Institutions,1023101209,Completion of phase 2 Perimeter Fence Shimo Borstal Institution,3110500,Construction and Civil Works,exp,0,3672500,0,0,50,yes
fy-2026-27-development-book-volume-1-1011-1083,1023,State Department for Correctional Services,1023101200,Security in Penal Institutions,1023101211,Construction of perimeter Fence Kilgoris Prison,3110500,Construction and Civil Works,exp,0,0,27100000,0,50,yes
fy-2026-27-development-book-volume-1-1011-1083,1023,State Department for Correctional Services,1023101200,Security in Penal Institutions,1023101221,Construction of gate lodge at Kabarnet,3110200,Construction of Building,exp,0,14000000,4000000,0,50,yes
fy-2026-27-development-book-volume-1-1011-1083,1023,State Department for Correctional Services,1023101200,Security in Penal Institutions,1023101222,Completion of administration block at Murang'a main prison,3110200,Construction of Building,exp,1565000,0,0,0,50,yes
fy-2026-27-development-book-volume-1-1011-1083,1023,State Department for Correctional Services,1023101200,Security in Penal Institutions,1023101224,"Construction of horse stables at Mwea, Eldoret, Kitale & Naivasha",3110200,Construction of Building,exp,0,0,6000000,0,50,yes
fy-2026-27-development-book-volume-1-1011-1083,1023,State Department for Correctional Services,1023101200,Security in Penal Institutions,1023101225,"Construction of Dog Kennels & Infr. at Manyani, Ngeria, Kitale &",3110200,Construction of Building,exp,0,0,15700000,0,50,yes
fy-2026-27-development-book-volume-1-1011-1083,1023,State Department for Correctional Services,1023101200,Security in Penal Institutions,1023101226,"Acq.of 6 Elec. Scannners in Kamiti, Shimo, Manyani, Nyeri, NVS &",3111100,"Purchase of Specialised Plant, Equipment and Machinery",exp,0,0,10000000,30000000,50,yes
fy-2026-27-development-book-volume-1-1011-1083,1023,State Department for Correctional Services,1023101200,Security in Penal Institutions,1023101227,"Acq. of Screening Machines in Shimo, Manyani , Kamiti, NRB and NVS",3111100,"Purchase of Specialised Plant, Equipment and Machinery",exp,0,10000000,20130000,37000000,51,yes
fy-2026-27-development-book-volume-1-1011-1083,1023,State Department for Correctional Services,1023101200,Security in Penal Institutions,1023101230,Completion of administration block at Nyandarua main prison,3110200,Construction of Building,exp,1000000,1000000,0,0,51,yes
fy-2026-27-development-book-volume-1-1011-1083,1023,State Department for Correctional Services,1023101300,Construction of Penal Facilities III,1023101310,Construction of prisoners' ward at Mutomo,3110200,Construction of Building,exp,0,36500000,30000000,0,51,yes
fy-2026-27-development-book-volume-1-1011-1083,1023,State Department for Correctional Services,1023101300,Construction of Penal Facilities III,1023101312,Completion of prisoners' ward at Nyamira prison,3110200,Construction of Building,exp,0,0,0,26689000,51,yes
fy-2026-27-development-book-volume-1-1011-1083,1023,State Department for Correctional Services,1023101300,Construction of Penal Facilities III,1023101313,Completion of prisoners' ward at Vihiga,3110200,Construction of Building,exp,2020000,2100000,0,0,51,yes
fy-2026-27-development-book-volume-1-1011-1083,1023,State Department for Correctional Services,1023101300,Construction of Penal Facilities III,1023101320,Water Supply System overhaul at Kamiti Main Prison,3110500,Construction and Civil Works,exp,0,0,30810000,25000000,51,yes
fy-2026-27-development-book-volume-1-1011-1083,1023,State Department for Correctional Services,1023101300,Construction of Penal Facilities III,1023101320,Water Supply System overhaul at Kamiti Main Prison,3110600,Overhaul and Refurbishment of Construction and Civil Works,exp,0,0,30810000,0,51,yes
fy-2026-27-development-book-volume-1-1011-1083,1023,State Department for Correctional Services,1023101300,Construction of Penal Facilities III,1023101321,Construction of a Sewerage Treatment Unit at Naivasha Prison,3110500,Construction and Civil Works,exp,0,0,30000000,0,51,yes
fy-2026-27-development-book-volume-1-1011-1083,1023,State Department for Correctional Services,1023101300,Construction of Penal Facilities III,1023101322,Drilling of borehole at Wajir prison,3110500,Construction and Civil Works,exp,0,0,4950000,0,51,yes
fy-2026-27-development-book-volume-1-1011-1083,1023,State Department for Correctional Services,1023101300,Construction of Penal Facilities III,1023101324,Drilling and equiping of borehole at Kaloleni prison,3110500,Construction and Civil Works,exp,0,8480000,0,0,51,yes
fy-2026-27-development-book-volume-1-1011-1083,1023,State Department for Correctional Services,1023101300,Construction of Penal Facilities III,1023101326,Construction of a Prisoner's Ablution Block at Jamhuri S.S,3110500,Construction and Civil Works,exp,0,0,15000000,0,52,yes
fy-2026-27-development-book-volume-1-1011-1083,1023,State Department for Correctional Services,1023101300,Construction of Penal Facilities III,1023101327,Construction of a Sewerage System at Homa Bay Prison,3110500,Construction and Civil Works,exp,1665000,1668000,0,0,52,yes
fy-2026-27-development-book-volume-1-1011-1083,1023,State Department for Correctional Services,1023101300,Construction of Penal Facilities III,1023101331,Completion of a water line at Kamiti medium Prison,3111500,Rehabilitation of Civil Works,exp,0,0,9000000,0,52,yes
fy-2026-27-development-book-volume-1-1011-1083,1023,State Department for Correctional Services,1023101300,Construction of Penal Facilities III,1023101333,Construction of a Health Facility at Makueni Prison,3110200,Construction of Building,exp,0,0,15000000,0,52,yes
fy-2026-27-development-book-volume-1-1011-1083,1023,State Department for Correctional Services,1023101300,Construction of Penal Facilities III,1023101335,Construction of a Health Facility at Mwingi Prison,3110200,Construction of Building,exp,0,0,15000000,0,52,yes
fy-2026-27-development-book-volume-1-1011-1083,1023,State Department for Correctional Services,1023101300,Construction of Penal Facilities III,1023101343,Construction of Quartermaster Stores Regional Commander North,3110200,Construction of Building,exp,0,0,10000000,0,52,yes
fy-2026-27-development-book-volume-1-1011-1083,1023,State Department for Correctional Services,1023101300,Construction of Penal Facilities III,1023101344,Completion of kitchen at Kakamega Main prisons,3110500,Construction and Civil Works,exp,0,0,7500000,0,52,yes
fy-2026-27-development-book-volume-1-1011-1083,1023,State Department for Correctional Services,1023101300,Construction of Penal Facilities III,1023101347,Completion of a Ration Store at Kakamega prisons,3110200,Construction of Building,exp,0,15000000,0,0,52,yes
fy-2026-27-development-book-volume-1-1011-1083,1023,State Department for Correctional Services,1023101300,Construction of Penal Facilities III,1023101350,Construction of Administration Block at Muranga Women,3110200,Construction of Building,exp,2975000,0,0,0,52,yes
fy-2026-27-development-book-volume-1-1011-1083,1023,State Department for Correctional Services,1023101300,Construction of Penal Facilities III,1023101351,"Complete Borehole @ Kitui Prison,O'haul of NAIROBI WEST",3110500,Construction and Civil Works,exp,2530000,2500000,0,0,52,yes
fy-2026-27-development-book-volume-1-1011-1083,1023,State Department for Correctional Services,1023101300,Construction of Penal Facilities III,1023101352,"Construction/Renova'n of Duty office,main store,Remand block-",3110200,Construction of Building,exp,1250000,1250000,0,0,53,yes
fy-2026-27-development-book-volume-1-1011-1083,1023,State Department for Correctional Services,1023101400,Revitalisation of Prison Farms,1023101401,Phase 1 Setting up Coffee Irrigation system at Ruiru Prison,3110500,Construction and Civil Works,exp,0,0,40000000,0,53,yes
fy-2026-27-development-book-volume-1-1011-1083,1023,State Department for Correctional Services,1023101400,Revitalisation of Prison Farms,1023101402,Acquisition of Tractors & Equipments,3110700,Purchase of Vehicles and Other Transport Equipment,exp,0,0,285700000,0,53,yes
fy-2026-27-development-book-volume-1-1011-1083,1023,State Department for Correctional Services,1023101400,Revitalisation of Prison Farms,1023101403,Tea buying center at uruku prison,3110500,Construction and Civil Works,exp,1500000,4500000,0,0,53,yes
fy-2026-27-development-book-volume-1-1011-1083,1023,State Department for Correctional Services,1023101400,Revitalisation of Prison Farms,1023101404,Potatoes Seed Production Lab at Prisons & NYS Farm,3110500,Construction and Civil Works,exp,0,0,42290000,84600000,53,yes
fy-2026-27-development-book-volume-1-1011-1083,1023,State Department for Correctional Services,1023101400,Revitalisation of Prison Farms,1023101406,Irrigation reticulation system Nyeri medium,3110500,Construction and Civil Works,exp,0,0,12904707,0,53,yes
fy-2026-27-development-book-volume-1-1011-1083,1023,State Department for Correctional Services,1023101400,Revitalisation of Prison Farms,1023101407,Irrigation & Augmentation of domestic water syst. at Embu Main,3110500,Construction and Civil Works,exp,0,0,42290000,35480000,53,yes
fy-2026-27-development-book-volume-1-1011-1083,1023,State Department for Correctional Services,1023101400,Revitalisation of Prison Farms,1023101408,Construction farm store block at Muranga Main Prisons,3110500,Construction and Civil Works,exp,0,3000000,0,0,53,yes
fy-2026-27-development-book-volume-1-1011-1083,1023,State Department for Correctional Services,1023101500,Modernization of Prisons Industries-BETA,1023101505,Construction Of Prison Industry Workshop at Busia Prison,3110200,Construction of Building,exp,2650000,0,0,0,53,yes
fy-2026-27-development-book-volume-1-1011-1083,1023,State Department for Correctional Services,1023101500,Modernization of Prisons Industries-BETA,1023101509,Construction of Prison Industry Work Shop at Kabarnet Prison,3110200,Construction of Building,exp,4000000,0,0,0,54,yes
fy-2026-27-development-book-volume-1-1011-1083,1023,State Department for Correctional Services,1023101500,Modernization of Prisons Industries-BETA,1023101510,Construction of Prison Industry Work Shop at Rachuonyo Prison,3110200,Construction of Building,exp,0,5000000,4300000,0,54,yes
fy-2026-27-development-book-volume-1-1011-1083,1023,State Department for Correctional Services,1023101500,Modernization of Prisons Industries-BETA,1023101516,Construction of a Showroom at Nyeri Main,3110200,Construction of Building,exp,0,5700000,0,0,54,yes
fy-2026-27-development-book-volume-1-1011-1083,1023,State Department for Correctional Services,1023101500,Modernization of Prisons Industries-BETA,1023101517,Construction of of a workshop at Nanyuki Prison,3110500,Construction and Civil Works,exp,0,0,36000000,0,54,yes
fy-2026-27-development-book-volume-1-1011-1083,1023,State Department for Correctional Services,1023101600,Complete Construction of Staff Houses,1023101605,Construction of staff houses at Mwingi Prison,3110200,Construction of Building,exp,0,0,28150000,28150000,54,yes
fy-2026-27-development-book-volume-1-1011-1083,1023,State Department for Correctional Services,1023101600,Complete Construction of Staff Houses,1023101607,Construction of staff Houses-Makueni Prison,3110200,Construction of Building,exp,0,0,30000000,30000000,54,yes
fy-2026-27-development-book-volume-1-1011-1083,1023,State Department for Correctional Services,1023101600,Complete Construction of Staff Houses,1023101625,Construction of Staff Houses at Vihiga Prison,3110200,Construction of Building,exp,0,15000000,117215240,35000000,54,yes
fy-2026-27-development-book-volume-1-1011-1083,1023,State Department for Correctional Services,1023101600,Complete Construction of Staff Houses,1023101628,Construction of staff houses at Nyamira Prison,3110200,Construction of Building,exp,0,0,25000000,25000000,54,yes
fy-2026-27-development-book-volume-1-1011-1083,1023,State Department for Correctional Services,1023101600,Complete Construction of Staff Houses,1023101630,Completion of Staff Houses eldoret main (three blocks 4 units),3110200,Construction of Building,exp,765000,0,0,0,54,yes
fy-2026-27-development-book-volume-1-1011-1083,1023,State Department for Correctional Services,1023101600,Complete Construction of Staff Houses,1023101631,Construction of 4 self contained staff housing units at Jamhuri ss,3110200,Construction of Building,exp,1250000,2500000,0,0,55,yes
fy-2026-27-development-book-volume-1-1011-1083,1023,State Department for Correctional Services,1023101600,Complete Construction of Staff Houses,1023101633,Construction of 30 2 bedroom units @ Eldoret Main & 20 units @,3110200,Construction of Building,exp,30000000,15000000,0,0,55,yes
fy-2026-27-development-book-volume-1-1011-1083,1023,State Department for Correctional Services,1023101800,Aquisition of Prisons ICT & Telecommuniction infrustructure,1023101801,Prisons ICT applications and infrastructure set up,3111100,"Purchase of Specialised Plant, Equipment and Machinery",exp,5776788,40000000,150000000,189494264,55,yes
fy-2026-27-development-book-volume-1-1011-1083,1023,State Department for Correctional Services,1023101900,Modernisation of Prison staff training facilities,1023101901,"Construction of perimeter wall Phase III (1,000 M) at PSTC",3110500,Construction and Civil Works,exp,0,0,0,63000000,55,yes
fy-2026-27-development-book-volume-1-1011-1083,1023,State Department for Correctional Services,1023102000,Probation Hostels,1023102001,Completion Of Hostel Construction at Siaya Girls Probation Hostel,3110200,Construction of Building,exp,17981110,6460000,414002,0,55,yes
fy-2026-27-development-book-volume-1-1011-1083,1023,State Department for Correctional Services,1023102000,Probation Hostels,1023102003,Construction of workshops & kitchen at Nairobi Boys probation Hostel,3110200,Construction of Building,exp,4325907,0,20000000,19667415,55,yes
fy-2026-27-development-book-volume-1-1011-1083,1023,State Department for Correctional Services,1023102000,Probation Hostels,1023102004,"Comple. of constr. of Girls ward, Kitchen & facility at NKR Hostel",3110200,Construction of Building,exp,8740521,8000000,11049480,0,55,yes
fy-2026-27-development-book-volume-1-1011-1083,1023,State Department for Correctional Services,1023102000,Probation Hostels,1023102005,Refurbishment of facilities at Shanzu boys Probation hostel,3110200,Construction of Building,exp,15554288,6000000,1019716,0,55,yes
fy-2026-27-development-book-volume-1-1011-1083,1023,State Department for Correctional Services,1023102100,Construction of Probation Office Blocks,1023102110,Construction of office block for the Probation offices at Kakamega,3110200,Construction of Building,exp,5750000,13500000,5750000,0,56,yes
fy-2026-27-development-book-volume-1-1011-1083,1023,State Department for Correctional Services,1023102100,Construction of Probation Office Blocks,1023102111,Construction of office block and equipping at Vihiga,3110200,Construction of Building,exp,2274648,2920000,0,0,56,yes
fy-2026-27-development-book-volume-1-1011-1083,1023,State Department for Correctional Services,1023102100,Construction of Probation Office Blocks,1023102113,Refurbishment and equipping of the HQs offices at Probation HQs,3110200,Construction of Building,exp,5042550,37939050,0,0,56,yes
fy-2026-27-development-book-volume-1-1011-1083,1023,State Department for Correctional Services,1023102100,Construction of Probation Office Blocks,1023102114,Renovations of leaking roof and refurbishment works at Molo,3110500,Construction and Civil Works,exp,0,3000000,0,0,56,yes
fy-2026-27-development-book-volume-1-1011-1083,1023,State Department for Correctional Services,1023102100,Construction of Probation Office Blocks,1023102117,Refurbishment and equipping of the county office at Machakos,3110200,Construction of Building,exp,0,0,11350000,11000000,56,yes
fy-2026-27-development-book-volume-1-1011-1083,1023,State Department for Correctional Services,1023102100,Construction of Probation Office Blocks,1023102118,Extension of office space for county and equipping at Nyamira,3110200,Construction of Building,exp,5044065,0,0,0,56,yes
fy-2026-27-development-book-volume-1-1011-1083,1023,State Department for Correctional Services,1023102100,Construction of Probation Office Blocks,1023102119,Construction of Makindu Probation Office,3110200,Construction of Building,exp,10000000,0,0,0,56,yes
fy-2026-27-development-book-volume-1-1011-1083,1023,State Department for Correctional Services,1023102800,Security In Penal Institutions - Continued,1023102802,Completion of documentation and property store at Kangeta prison,3110200,Construction of Building,exp,0,0,7500000,0,56,yes
fy-2026-27-development-book-volume-1-1011-1083,1023,State Department for Correctional Services,1023102800,Security In Penal Institutions - Continued,1023102803,Drilling of borehole Marsarbit Prison,3110500,Construction and Civil Works,exp,0,0,16950000,0,57,yes
fy-2026-27-development-book-volume-1-1011-1083,1023,State Department for Correctional Services,1023102800,Security In Penal Institutions - Continued,1023102804,Completion of Ablution Block at Sotik Prisom,3110200,Construction of Building,exp,381156,626844,0,0,57,yes
fy-2026-27-development-book-volume-1-1011-1083,1023,State Department for Correctional Services,1023102800,Security In Penal Institutions - Continued,1023102805,Outstanding works sewarage system at makueni prison,3110500,Construction and Civil Works,exp,0,8000000,0,0,57,yes
fy-2026-27-development-book-volume-1-1011-1083,1023,State Department for Correctional Services,1023102800,Security In Penal Institutions - Continued,1023102807,Construction of kitchen at Embu Women Prisons,3110200,Construction of Building,exp,1200000,0,0,0,57,yes
fy-2026-27-development-book-volume-1-1011-1083,1023,State Department for Correctional Services,1023102800,Security In Penal Institutions - Continued,1023102808,Proposed Multipurpose Hall at Manyani GK Prison,3110200,Construction of Building,exp,2500000,0,0,0,57,yes
fy-2026-27-development-book-volume-1-1011-1083,1023,State Department for Correctional Services,1023102800,Security In Penal Institutions - Continued,1023102809,Construction of multipurpose hall & kitchen at Kericho women prison,3110200,Construction of Building,exp,2980000,0,19040000,0,57,yes
fy-2026-27-development-book-volume-1-1011-1083,1023,State Department for Correctional Services,1023102800,Security In Penal Institutions - Continued,1023102810,Completion of Kitchen Embu Main Prison,3110200,Construction of Building,exp,1070000,1071590,0,0,57,yes
fy-2026-27-development-book-volume-1-1011-1083,1023,State Department for Correctional Services,1023102800,Security In Penal Institutions - Continued,1023102812,Completion of kitchen/dining hall at Busia women,3110200,Construction of Building,exp,2020000,2000000,0,0,57,yes
fy-2026-27-development-book-volume-1-1011-1083,1023,State Department for Correctional Services,1023102800,Security In Penal Institutions - Continued,1023102814,Construction of prisoners multipurpose hall at Kibos maximum prison,3110200,Construction of Building,exp,1800000,0,0,0,57,yes
fy-2026-27-development-book-volume-1-1011-1083,1023,State Department for Correctional Services,1023102800,Security In Penal Institutions - Continued,1023102815,Construction of laboratory at Naivasha max. prison,3110200,Construction of Building,exp,775000,779580,0,0,57,yes
fy-2026-27-development-book-volume-1-1011-1083,1023,State Department for Correctional Services,1023102800,Security In Penal Institutions - Continued,1023102816,Construction of two Classrooms at Kamae,3110200,Construction of Building,exp,1650000,0,0,0,57,yes
fy-2026-27-development-book-volume-1-1011-1083,1023,State Department for Correctional Services,1023102800,Security In Penal Institutions - Continued,1023102818,Sports Residential Camp regional commander central Facility(Nyeri),3110200,Construction of Building,exp,480000,500000,0,0,58,yes
fy-2026-27-development-book-volume-1-1011-1083,1023,State Department for Correctional Services,1023102800,Security In Penal Institutions - Continued,1023102820,Overhaul of Sewarage System at Kisumu Maximum GK Prison,3110500,Construction and Civil Works,exp,0,0,15000000,0,58,yes
fy-2026-27-development-book-volume-1-1011-1083,1023,State Department for Correctional Services,1023102800,Security In Penal Institutions - Continued,1023102821,Overhaul of Sewarage System at Kibos GK Prison,3110500,Construction and Civil Works,exp,14980000,18980000,0,0,58,yes
fy-2026-27-development-book-volume-1-1011-1083,1023,State Department for Correctional Services,1023102900,Completion Stalled Projects,1023102901,Construction of six one bedroomed staff houses Manyani GK Prison,3110200,Construction of Building,exp,2350000,2350000,0,0,58,yes
fy-2026-27-development-book-volume-1-1011-1083,1023,State Department for Correctional Services,1023102900,Completion Stalled Projects,1023102902,"Construction of Armoury, Security Office & Guard Room Block Voi",3110200,Construction of Building,exp,2125000,0,0,0,58,yes
fy-2026-27-development-book-volume-1-1011-1083,1023,State Department for Correctional Services,1023102900,Completion Stalled Projects,1023102903,Construction of a kitchen block Mombasa (King'orani) Remand GK,3110200,Construction of Building,exp,1650000,1650000,0,0,58,yes
fy-2026-27-development-book-volume-1-1011-1083,1023,State Department for Correctional Services,1023102900,Completion Stalled Projects,1023102904,Construction of radio & guard room Taveta GK Prison,3110200,Construction of Building,exp,140000,0,0,0,58,yes
fy-2026-27-development-book-volume-1-1011-1083,1023,State Department for Correctional Services,1023102900,Completion Stalled Projects,1023102907,Construction of a perimter fence Maranjau Prison,3110500,Construction and Civil Works,exp,0,15200000,0,0,58,yes
fy-2026-27-development-book-volume-1-1011-1083,1023,State Department for Correctional Services,1023102900,Completion Stalled Projects,1023102908,Construction of two (2) staff houses Maranjau Prison,3110200,Construction of Building,exp,570000,0,0,0,58,yes
fy-2026-27-development-book-volume-1-1011-1083,1023,State Department for Correctional Services,1023102900,Completion Stalled Projects,1023102910,Construction of water tank Shikusa BI,3110500,Construction and Civil Works,exp,1900000,0,0,0,59,yes
fy-2026-27-development-book-volume-1-1011-1083,1023,State Department for Correctional Services,1023102900,Completion Stalled Projects,1023102913,Construction of a Septic Tank Kwale Prison,3110500,Construction and Civil Works,exp,200000,0,0,0,59,yes
fy-2026-27-development-book-volume-1-1011-1083,1023,State Department for Correctional Services,1023102900,Completion Stalled Projects,1023102914,Construction of two bedroomed units staff houses Shimo medium,3110200,Construction of Building,exp,1035000,0,0,0,59,yes
fy-2026-27-development-book-volume-1-1011-1083,1023,State Department for Correctional Services,1023102900,Completion Stalled Projects,1023102915,Construction of 4 unit RRI staff house Taveta GK Prison,3110200,Construction of Building,exp,470000,0,0,0,59,yes
fy-2026-27-development-book-volume-1-1011-1083,1023,State Department for Correctional Services,1023102900,Completion Stalled Projects,1023102916,Construction of Prison Ward Kisumu Meduim,3110200,Construction of Building,exp,205000,0,0,0,59,yes
fy-2026-27-development-book-volume-1-1011-1083,1023,State Department for Correctional Services,1023102900,Completion Stalled Projects,1023102917,Construction of Eight unit segregation block Shimo Borstal,3110200,Construction of Building,exp,500000,0,0,0,59,yes
fy-2026-27-development-book-volume-1-1011-1083,1023,State Department for Correctional Services,1023102900,Completion Stalled Projects,1023102918,"Construction of a Dinning, Kitchen Area & Cold Room Shimo Borstal",3110200,Construction of Building,exp,2250000,0,0,0,59,yes
fy-2026-27-development-book-volume-1-1011-1083,1023,State Department for Correctional Services,1023102900,Completion Stalled Projects,1023102919,Construction of a Perimeter Wall at Taveta GK Prison,3110500,Construction and Civil Works,exp,1400000,0,0,0,59,yes
fy-2026-27-development-book-volume-1-1011-1083,1023,State Department for Correctional Services,1023102900,Completion Stalled Projects,1023102922,Construction of Dining hall Kitale main Prison,3110200,Construction of Building,exp,1375000,0,0,0,59,yes
fy-2026-27-development-book-volume-1-1011-1083,1023,State Department for Correctional Services,1023102900,Completion Stalled Projects,1023102923,Construction of classroom Kitale main Prison,3110200,Construction of Building,exp,300000,0,0,0,59,yes
fy-2026-27-development-book-volume-1-1011-1083,1023,State Department for Correctional Services,1023102900,Completion Stalled Projects,1023102924,Construction of Prisoners Bathroom and toilet Kitale main Prison,3110200,Construction of Building,exp,350000,0,0,0,59,yes
fy-2026-27-development-book-volume-1-1011-1083,1023,State Department for Correctional Services,1023102900,Completion Stalled Projects,1023102925,Construction of 10 units of Staff Houses Kitale main Prison,3110200,Construction of Building,exp,700000,0,0,0,60,yes
fy-2026-27-development-book-volume-1-1011-1083,1023,State Department for Correctional Services,1023102900,Completion Stalled Projects,1023102929,Construction of dining Eldoret main prison,3110200,Construction of Building,exp,3450000,0,0,0,60,yes
fy-2026-27-development-book-volume-1-1011-1083,1023,State Department for Correctional Services,1023102900,Completion Stalled Projects,1023102930,Construction of security perimeter wall Naivasha medium,3110500,Construction and Civil Works,exp,2355000,0,0,0,60,yes
fy-2026-27-development-book-volume-1-1011-1083,1023,State Department for Correctional Services,1023102900,Completion Stalled Projects,1023102932,Construction of perimeter wall at Shimo women,3110500,Construction and Civil Works,exp,7720000,3720000,0,0,60,yes
fy-2026-27-development-book-volume-1-1011-1083,1023,State Department for Correctional Services,1023102900,Completion Stalled Projects,1023102939,Construction of Prisoners Wards Kisii Main Prison,3110200,Construction of Building,exp,900000,0,0,0,60,yes
fy-2026-27-development-book-volume-1-1011-1083,1023,State Department for Correctional Services,1023103000,Maximum Security Level Facility,1023103001,Maximum Security Level Facility,3110500,Construction and Civil Works,exp,0,0,246661097,1947923426,60,yes
fy-2026-27-development-book-volume-1-1011-1083,1023,State Department for Correctional Services,1023103200,Refurbishment of KIbera Probation Office,1023103201,Refurbishment of KIbera Probation Office,3110200,Construction of Building,exp,0,5920000,0,0,60,yes
fy-2026-27-development-book-volume-1-1011-1083,1023,State Department for Correctional Services,1023103300,"Perimeter Wall,Watch Towers & Gate Lodge",1023103307,Construction Of Perimeter Fence Isiolo Prison,3110500,Construction and Civil Works,exp,0,0,0,27500000,61,yes
fy-2026-27-development-book-volume-1-1011-1083,1023,State Department for Correctional Services,1023103300,"Perimeter Wall,Watch Towers & Gate Lodge",1023103311,Construction Of Boundary Wall At Siaya Prison,3110500,Construction and Civil Works,exp,0,0,18120000,0,61,yes
fy-2026-27-development-book-volume-1-1011-1083,1023,State Department for Correctional Services,1023103300,"Perimeter Wall,Watch Towers & Gate Lodge",1023103343,Construction Of Gate Lodge/Barrier Gate At Tambach Prison,3110200,Construction of Building,exp,0,0,26000000,0,61,yes
fy-2026-27-development-book-volume-1-1011-1083,1023,State Department for Correctional Services,1023103400,Prisoners Wards,1023103414,Construction Of Prisoners Ward At Maralal Prison,3110200,Construction of Building,exp,780000,1000000,0,0,61,yes
fy-2026-27-development-book-volume-1-1011-1083,1023,State Department for Correctional Services,1023103500,Administration Blocks,1023103501,Construction Ofof Administration Block At Regional Commander,3110200,Construction of Building,exp,0,0,26300000,0,61,yes
fy-2026-27-development-book-volume-1-1011-1083,1023,State Department for Correctional Services,1023103600,Borehole/Water Supply System/ Sewerage,1023103602,Construction Of Septic Tank At Busia Prison,3110500,Construction and Civil Works,exp,0,0,8000000,0,61,yes
fy-2026-27-development-book-volume-1-1011-1083,1023,State Department for Correctional Services,1023103600,Borehole/Water Supply System/ Sewerage,1023103604,Drilling And Equipping Borehole At Nairobi Remand,3110500,Construction and Civil Works,exp,0,0,11034954,0,61,yes
fy-2026-27-development-book-volume-1-1011-1083,1023,State Department for Correctional Services,1023103600,Borehole/Water Supply System/ Sewerage,1023103609,Construction Of Septic Tank Lodwar Prison,3110500,Construction and Civil Works,exp,4000000,0,0,0,61,yes
fy-2026-27-development-book-volume-1-1011-1083,1023,State Department for Correctional Services,1023103600,Borehole/Water Supply System/ Sewerage,1023103611,Drilling Of Borehole Loitoktok Prison,3110500,Construction and Civil Works,exp,0,0,7000000,0,62,yes
fy-2026-27-development-book-volume-1-1011-1083,1023,State Department for Correctional Services,1023103600,Borehole/Water Supply System/ Sewerage,1023103612,Construction Of Sewerage System At Mandera Prison,3110500,Construction and Civil Works,exp,0,0,7000000,0,62,yes
fy-2026-27-development-book-volume-1-1011-1083,1023,State Department for Correctional Services,1023103700,Kitchens,1023103710,Construction Of Ratio Store At Kisumu Medium Prison,3110500,Construction and Civil Works,exp,0,0,14000000,0,62,yes
fy-2026-27-development-book-volume-1-1011-1083,1023,State Department for Correctional Services,1023104000,Construction of Magereza Level 4 Referral Hospital-BETA,1023104001,Construction of Magereza Level 4 Referral Hospital,3110200,Construction of Building,exp,40000000,224380000,226620000,0,62,yes
fy-2026-27-development-book-volume-1-1011-1083,1023,State Department for Correctional Services,1023104200,Emergency Flood Mitigation for Prisons,1023104201,Emergency Flood Mitigation for Prisons,3111500,Rehabilitation of Civil Works,exp,5191421,29909000,0,0,62,yes
fy-2026-27-development-book-volume-1-1011-1083,1023,State Department for Correctional Services,1023104400,Construction of Penal Facilities V,1023104433,Construction of Marimanti GK Prison Women Wing,3110200,Construction of Building,exp,10000000,0,0,0,62,yes
fy-2026-27-development-book-volume-1-1011-1083,1024,State Department for Immigration and Citizen Services,1024100300,Maintenance & Roll-Out of Civil Registration & Vital Statistics Syst,1024100301,Maintenance & Roll-Out of Civil Registration & Vital Statistics Syst,2211300,Other Operating Expenses,exp,3000000,3500000,3000000,5000000,97,yes
fy-2026-27-development-book-volume-1-1011-1083,1024,State Department for Immigration and Citizen Services,1024100300,Maintenance & Roll-Out of Civil Registration & Vital Statistics Syst,1024100301,Maintenance & Roll-Out of Civil Registration & Vital Statistics Syst,2220200,Routine Maintenance - Other Assets,exp,19160000,19590000,19160000,20160000,97,yes
fy-2026-27-development-book-volume-1-1011-1083,1024,State Department for Immigration and Citizen Services,1024100300,Maintenance & Roll-Out of Civil Registration & Vital Statistics Syst,1024100301,Maintenance & Roll-Out of Civil Registration & Vital Statistics Syst,3111100,"Purchase of Specialised Plant, Equipment and Machinery",exp,2000000,2000000,2000000,4000000,97,yes
fy-2026-27-development-book-volume-1-1011-1083,1024,State Department for Immigration and Citizen Services,1024100300,Maintenance & Roll-Out of Civil Registration & Vital Statistics Syst,1024100301,Maintenance & Roll-Out of Civil Registration & Vital Statistics Syst,1420200,Receipts from Administrative Fees and Charges,aia,9160000,9160000,9160000,9160000,97,yes
fy-2026-27-development-book-volume-1-1011-1083,1024,State Department for Immigration and Citizen Services,1024100500,Completion of Construction of Civil Registration Services Registries,1024100501,Completion of Construction of Civil Registration Services Registries,3110200,Construction of Building,exp,30000000,30000000,30000000,30000000,97,yes
fy-2026-27-development-book-volume-1-1011-1083,1024,State Department for Immigration and Citizen Services,1024100500,Completion of Construction of Civil Registration Services Registries,1024100501,Completion of Construction of Civil Registration Services Registries,3110300,Refurbishment of Buildings,exp,5000000,5000000,10000000,11000000,97,yes
fy-2026-27-development-book-volume-1-1011-1083,1024,State Department for Immigration and Citizen Services,1024100500,Completion of Construction of Civil Registration Services Registries,1024100501,Completion of Construction of Civil Registration Services Registries,1420200,Receipts from Administrative Fees and Charges,aia,20000000,20000000,20000000,20000000,97,yes
fy-2026-27-development-book-volume-1-1011-1083,1024,State Department for Immigration and Citizen Services,1024100900,Electronic ID (3RD GEN),1024100901,Electronic ID (3RD GEN),2211000,Specialised Materials and Supplies,exp,0,2336000000,1836000000,1836000000,97,yes
fy-2026-27-development-book-volume-1-1011-1083,1024,State Department for Immigration and Citizen Services,1024100900,Electronic ID (3RD GEN),1024100901,Electronic ID (3RD GEN),1420300,Receipts from Administrative Fees and Charges - Collected as AIA,aia,0,1806000000,1238130000,1056000000,97,yes
fy-2026-27-development-book-volume-1-1011-1083,1024,State Department for Immigration and Citizen Services,1024101000,Supplies for ID cards materials-BETA,1024101001,Supplies for ID cards materials,2211000,Specialised Materials and Supplies,exp,3794000000,1250000000,614000000,559000000,97,yes
fy-2026-27-development-book-volume-1-1011-1083,1024,State Department for Immigration and Citizen Services,1024101000,Supplies for ID cards materials-BETA,1024101001,Supplies for ID cards materials,3110700,Purchase of Vehicles and Other Transport Equipment,exp,500000000,0,0,0,97,yes
fy-2026-27-development-book-volume-1-1011-1083,1024,State Department for Immigration and Citizen Services,1024101000,Supplies for ID cards materials-BETA,1024101001,Supplies for ID cards materials,1420300,Receipts from Administrative Fees and Charges - Collected as AIA,aia,3874000000,1250000000,614000000,559000000,97,yes
fy-2026-27-development-book-volume-1-1011-1083,1024,State Department for Immigration and Citizen Services,1024101000,Supplies for ID cards materials-BETA,1024101002,Purchase of Live Capture Units & Mobile Registration Kits,3111000,Purchase of Office Furniture and General Equipment,exp,263000000,280000000,162870000,400000000,98,yes
fy-2026-27-development-book-volume-1-1011-1083,1024,State Department for Immigration and Citizen Services,1024101000,Supplies for ID cards materials-BETA,1024101002,Purchase of Live Capture Units & Mobile Registration Kits,1420200,Receipts from Administrative Fees and Charges,aia,263000000,280000000,162870000,400000000,98,yes
fy-2026-27-development-book-volume-1-1011-1083,1024,State Department for Immigration and Citizen Services,1024101100,Construction of National Registration Registries,1024101101,Construction of National Registration Registries,3110200,Construction of Building,exp,73000000,70000000,70000000,70000000,98,yes
fy-2026-27-development-book-volume-1-1011-1083,1024,State Department for Immigration and Citizen Services,1024101100,Construction of National Registration Registries,1024101101,Construction of National Registration Registries,3110300,Refurbishment of Buildings,exp,7000000,10000000,10000000,10000000,98,yes
fy-2026-27-development-book-volume-1-1011-1083,1024,State Department for Immigration and Citizen Services,1024101100,Construction of National Registration Registries,1024101101,Construction of National Registration Registries,1420300,Receipts from Administrative Fees and Charges - Collected as AIA,aia,50000000,80000000,80000000,80000000,98,yes
fy-2026-27-development-book-volume-1-1011-1083,1024,State Department for Immigration and Citizen Services,1024101200,IPRS Upgrade and Roll-out-BETA,1024101201,IPRS Upgrade and Roll-out,2211300,Other Operating Expenses,exp,0,40000000,40000000,40000000,98,yes
fy-2026-27-development-book-volume-1-1011-1083,1024,State Department for Immigration and Citizen Services,1024101200,IPRS Upgrade and Roll-out-BETA,1024101201,IPRS Upgrade and Roll-out,2220200,Routine Maintenance - Other Assets,exp,105000000,70000000,70000000,70000000,98,yes
fy-2026-27-development-book-volume-1-1011-1083,1024,State Department for Immigration and Citizen Services,1024101200,IPRS Upgrade and Roll-out-BETA,1024101201,IPRS Upgrade and Roll-out,3111000,Purchase of Office Furniture and General Equipment,exp,105000000,100000000,100000000,100000000,98,yes
fy-2026-27-development-book-volume-1-1011-1083,1024,State Department for Immigration and Citizen Services,1024101200,IPRS Upgrade and Roll-out-BETA,1024101201,IPRS Upgrade and Roll-out,3111100,"Purchase of Specialised Plant, Equipment and Machinery",exp,80000000,100000000,100000000,125000000,98,yes
fy-2026-27-development-book-volume-1-1011-1083,1024,State Department for Immigration and Citizen Services,1024101200,IPRS Upgrade and Roll-out-BETA,1024101201,IPRS Upgrade and Roll-out,1420300,Receipts from Administrative Fees and Charges - Collected as AIA,aia,210000000,210000000,210000000,210000000,98,yes
fy-2026-27-development-book-volume-1-1011-1083,1024,State Department for Immigration and Citizen Services,1024101700,Maintenance and refurbishment of office accommodation at Nyayo,1024101701,Maintenance and refurbishment of office accommodation at Nyayo,3110300,Refurbishment of Buildings,exp,200000000,300000000,315000000,335000000,98,yes
fy-2026-27-development-book-volume-1-1011-1083,1024,State Department for Immigration and Citizen Services,1024101700,Maintenance and refurbishment of office accommodation at Nyayo,1024101701,Maintenance and refurbishment of office accommodation at Nyayo,1420300,Receipts from Administrative Fees and Charges - Collected as AIA,aia,200000000,300000000,300000000,300000000,98,yes
fy-2026-27-development-book-volume-1-1011-1083,1024,State Department for Immigration and Citizen Services,1024102000,Supplies for Passport Production,1024102001,Supplies for Passport Production,2211000,Specialised Materials and Supplies,exp,595050000,595050000,595050000,667490000,99,yes
fy-2026-27-development-book-volume-1-1011-1083,1024,State Department for Immigration and Citizen Services,1024102000,Supplies for Passport Production,1024102001,Supplies for Passport Production,1420300,Receipts from Administrative Fees and Charges - Collected as AIA,aia,547500000,547500000,547500000,547500000,99,yes
fy-2026-27-development-book-volume-1-1011-1083,1024,State Department for Immigration and Citizen Services,1024102200,Construction of border points,1024102201,Construction of border points,3110200,Construction of Building,exp,100000000,100000000,100000000,100000000,99,yes
fy-2026-27-development-book-volume-1-1011-1083,1024,State Department for Immigration and Citizen Services,1024102200,Construction of border points,1024102201,Construction of border points,1420300,Receipts from Administrative Fees and Charges - Collected as AIA,aia,100000000,100000000,100000000,100000000,99,yes
fy-2026-27-development-book-volume-1-1011-1083,1024,State Department for Immigration and Citizen Services,1024102400,"Maintenance of passport system (both Hardware, software and licenses",1024102401,"Maintenance of passport system (both Hardware, software and licenses",2220200,Routine Maintenance - Other Assets,exp,100000000,250000000,250000000,250000000,99,yes
fy-2026-27-development-book-volume-1-1011-1083,1024,State Department for Immigration and Citizen Services,1024102400,"Maintenance of passport system (both Hardware, software and licenses",1024102401,"Maintenance of passport system (both Hardware, software and licenses",1420300,Receipts from Administrative Fees and Charges - Collected as AIA,aia,100000000,250000000,250000000,250000000,99,yes
fy-2026-27-development-book-volume-1-1011-1083,1024,State Department for Immigration and Citizen Services,1024102800,Purchase of e-Passport books,1024102801,Purchase of e-Passport books,2211000,Specialised Materials and Supplies,exp,2036524845,2036520000,2036520000,2036520000,99,yes
fy-2026-27-development-book-volume-1-1011-1083,1024,State Department for Immigration and Citizen Services,1024102800,Purchase of e-Passport books,1024102801,Purchase of e-Passport books,1420300,Receipts from Administrative Fees and Charges - Collected as AIA,aia,1000000000,1000000000,1000000000,1000000000,99,yes
fy-2026-27-development-book-volume-1-1011-1083,1024,State Department for Immigration and Citizen Services,1024103200,Digitization of Immigration Records,1024103201,Digitization of Immigration Records,2211000,Specialised Materials and Supplies,exp,157000000,0,0,0,100,yes
fy-2026-27-development-book-volume-1-1011-1083,1024,State Department for Immigration and Citizen Services,1024103200,Digitization of Immigration Records,1024103201,Digitization of Immigration Records,2211300,Other Operating Expenses,exp,0,157000000,157000000,157000000,100,yes
fy-2026-27-development-book-volume-1-1011-1083,1024,State Department for Immigration and Citizen Services,1024103200,Digitization of Immigration Records,1024103201,Digitization of Immigration Records,3111000,Purchase of Office Furniture and General Equipment,exp,0,50000000,50000000,50000000,100,yes
fy-2026-27-development-book-volume-1-1011-1083,1024,State Department for Immigration and Citizen Services,1024103200,Digitization of Immigration Records,1024103201,Digitization of Immigration Records,1420300,Receipts from Administrative Fees and Charges - Collected as AIA,aia,157000000,207000000,207000000,207000000,100,yes
fy-2026-27-development-book-volume-1-1011-1083,1024,State Department for Immigration and Citizen Services,1024103300,e-Citizen Services-BETA,1024103301,e-Citizen Services,2211000,Specialised Materials and Supplies,exp,205500000,175500000,175500000,175500000,100,yes
fy-2026-27-development-book-volume-1-1011-1083,1024,State Department for Immigration and Citizen Services,1024103300,e-Citizen Services-BETA,1024103301,e-Citizen Services,2211300,Other Operating Expenses,exp,4692000000,2972000000,2972000000,2972000000,100,yes
fy-2026-27-development-book-volume-1-1011-1083,1024,State Department for Immigration and Citizen Services,1024103300,e-Citizen Services-BETA,1024103301,e-Citizen Services,3111000,Purchase of Office Furniture and General Equipment,exp,200000000,30000000,30000000,30000000,100,yes
fy-2026-27-development-book-volume-1-1011-1083,1024,State Department for Immigration and Citizen Services,1024103300,e-Citizen Services-BETA,1024103301,e-Citizen Services,3111100,"Purchase of Specialised Plant, Equipment and Machinery",exp,100000000,50000000,50000000,50000000,100,yes
fy-2026-27-development-book-volume-1-1011-1083,1024,State Department for Immigration and Citizen Services,1024103300,e-Citizen Services-BETA,1024103301,e-Citizen Services,1420200,Receipts from Administrative Fees and Charges,aia,3727500000,2607500000,2607500000,2607500000,100,yes
fy-2026-27-development-book-volume-1-1011-1083,1024,State Department for Immigration and Citizen Services,1024103300,e-Citizen Services-BETA,1024103301,e-Citizen Services,1420300,Receipts from Administrative Fees and Charges - Collected as AIA,aia,770000000,620000000,620000000,620000000,100,yes
fy-2026-27-development-book-volume-1-1011-1083,1024,State Department for Immigration and Citizen Services,1024103400,Unique Personal Identifier Project-BETA,1024103401,Unique Personal Identifier Project,2220200,Routine Maintenance - Other Assets,exp,140446667,140446667,140446667,140446667,100,yes
fy-2026-27-development-book-volume-1-1011-1083,1024,State Department for Immigration and Citizen Services,1024103400,Unique Personal Identifier Project-BETA,1024103401,Unique Personal Identifier Project,3111000,Purchase of Office Furniture and General Equipment,exp,71946667,50000000,50000000,62510000,100,yes
fy-2026-27-development-book-volume-1-1011-1083,1024,State Department for Immigration and Citizen Services,1024103400,Unique Personal Identifier Project-BETA,1024103401,Unique Personal Identifier Project,3111100,"Purchase of Specialised Plant, Equipment and Machinery",exp,76446666,193393333,193393333,193393333,100,yes
fy-2026-27-development-book-volume-1-1011-1083,1024,State Department for Immigration and Citizen Services,1024103400,Unique Personal Identifier Project-BETA,1024103401,Unique Personal Identifier Project,1420300,Receipts from Administrative Fees and Charges - Collected as AIA,aia,283840000,333840000,333840000,333840000,100,yes
fy-2026-27-development-book-volume-1-1011-1083,1024,State Department for Immigration and Citizen Services,1024103500,Provision of Facial Recognition & Behaviour Detection Solution-BETA,1024103501,Provision of Facial Recognition and Behaviour Detection Solution,3111000,Purchase of Office Furniture and General Equipment,exp,5000000,5000000,5000000,5000000,100,yes
fy-2026-27-development-book-volume-1-1011-1083,1024,State Department for Immigration and Citizen Services,1024103600,Improvement of Civil Registration System-BETA,1024103601,Improvement of Civil Registration System,2210200,"Communication, Supplies and Services",exp,4000,4000,4000,4000,101,yes
fy-2026-27-development-book-volume-1-1011-1083,1024,State Department for Immigration and Citizen Services,1024103600,Improvement of Civil Registration System-BETA,1024103601,Improvement of Civil Registration System,2210300,"Domestic Travel and Subsistence, and Other Transportation Costs",exp,11491540,11291540,11291540,11291540,101,yes
fy-2026-27-development-book-volume-1-1011-1083,1024,State Department for Immigration and Citizen Services,1024103600,Improvement of Civil Registration System-BETA,1024103601,Improvement of Civil Registration System,2210700,Training Expenses,exp,3454460,3454460,3454460,3454460,101,yes
fy-2026-27-development-book-volume-1-1011-1083,1024,State Department for Immigration and Citizen Services,1024103600,Improvement of Civil Registration System-BETA,1024103601,Improvement of Civil Registration System,2210800,Hospitality Supplies and Services,exp,1150000,1150000,1150000,1150000,101,yes
fy-2026-27-development-book-volume-1-1011-1083,1024,State Department for Immigration and Citizen Services,1024103600,Improvement of Civil Registration System-BETA,1024103601,Improvement of Civil Registration System,2211200,Fuel Oil and Lubricants,exp,100000,100000,100000,100000,101,yes
fy-2026-27-development-book-volume-1-1011-1083,1024,State Department for Immigration and Citizen Services,1024103700,ETA Services,1024103701,ETA Services,2211300,Other Operating Expenses,exp,620000000,1020000000,1020000000,1020000000,101,yes
fy-2026-27-development-book-volume-1-1011-1083,1024,State Department for Immigration and Citizen Services,1024103700,ETA Services,1024103701,ETA Services,1420300,Receipts from Administrative Fees and Charges - Collected as AIA,aia,620000000,1020000000,1020000000,1020000000,101,yes
fy-2026-27-development-book-volume-1-1011-1083,1025,National Police Service,1025100100,Police Modernization Programme-BETA,1025100101,Police Modernization Programme,2211000,Specialised Materials and Supplies,exp,130000000,339784030,636334204,781105999,113,yes
fy-2026-27-development-book-volume-1-1011-1083,1025,National Police Service,1025100100,Police Modernization Programme-BETA,1025100101,Police Modernization Programme,2211300,Other Operating Expenses,exp,0,200000000,500000000,600000000,113,yes
fy-2026-27-development-book-volume-1-1011-1083,1025,National Police Service,1025100100,Police Modernization Programme-BETA,1025100101,Police Modernization Programme,3111100,"Purchase of Specialised Plant, Equipment and Machinery",exp,70000000,0,0,0,113,yes
fy-2026-27-development-book-volume-1-1011-1083,1025,National Police Service,1025100100,Police Modernization Programme-BETA,1025100104,Construction of the National Police Service Hospital,3110200,Construction of Building,exp,65611912,768010000,0,0,113,yes
fy-2026-27-development-book-volume-1-1011-1083,1025,National Police Service,1025100200,Constructions Police stations and Police Housing for the Kenya Police,1025100212,Construction of Admin Block & 12 No Type E flats at Laisamis P/Statio,3110200,Construction of Building,exp,0,11855970,0,0,113,yes
fy-2026-27-development-book-volume-1-1011-1083,1025,National Police Service,1025100200,Constructions Police stations and Police Housing for the Kenya Police,1025100212,Construction of Admin Block & 12 No Type E flats at Laisamis P/Statio,3110300,Refurbishment of Buildings,exp,0,0,75440000,0,113,yes
fy-2026-27-development-book-volume-1-1011-1083,1025,National Police Service,1025100200,Constructions Police stations and Police Housing for the Kenya Police,1025100217,"Construction of Flats, Admin block at Chemolingot Police Station-B",3110200,Construction of Building,exp,0,25170000,0,0,113,yes
fy-2026-27-development-book-volume-1-1011-1083,1025,National Police Service,1025100200,Constructions Police stations and Police Housing for the Kenya Police,1025100220,Construction of admin Block at Ugunja Police Station-Siaya,3110200,Construction of Building,exp,0,0,57217804,10562063,113,yes
fy-2026-27-development-book-volume-1-1011-1083,1025,National Police Service,1025100200,Constructions Police stations and Police Housing for the Kenya Police,1025100221,Erection and Completion of block of flats at Ugunja police S,3110200,Construction of Building,exp,13555000,0,0,0,113,yes
fy-2026-27-development-book-volume-1-1011-1083,1025,National Police Service,1025100200,Constructions Police stations and Police Housing for the Kenya Police,1025100229,"Completion of Police Houses at Kamukunji, Pangani and Central Police",3110200,Construction of Building,exp,7340260,0,7340000,0,113,yes
fy-2026-27-development-book-volume-1-1011-1083,1025,National Police Service,1025100200,Constructions Police stations and Police Housing for the Kenya Police,1025100231,"Expansion of training colleges (NPSC Kiganjo, Regional Training Cnt)",3110200,Construction of Building,exp,5000000,30000000,30200000,20000000,113,yes
fy-2026-27-development-book-volume-1-1011-1083,1025,National Police Service,1025100200,Constructions Police stations and Police Housing for the Kenya Police,1025100232,Repairs & Refurbishments of 290 no. existing Police Stations Countryw,3110300,Refurbishment of Buildings,exp,0,0,0,35540000,114,yes
fy-2026-27-development-book-volume-1-1011-1083,1025,National Police Service,1025100200,Constructions Police stations and Police Housing for the Kenya Police,1025100239,Refurbishment of Vigilance House,3110300,Refurbishment of Buildings,exp,0,0,20000000,20000000,114,yes
fy-2026-27-development-book-volume-1-1011-1083,1025,National Police Service,1025100200,Constructions Police stations and Police Housing for the Kenya Police,1025100244,Construction of 12 No. housing type E flats in Karatina,3110200,Construction of Building,exp,0,19830000,0,0,114,yes
fy-2026-27-development-book-volume-1-1011-1083,1025,National Police Service,1025100200,Constructions Police stations and Police Housing for the Kenya Police,1025100298,Siaya West Police Station,3110200,Construction of Building,exp,20000000,0,0,0,114,yes
fy-2026-27-development-book-volume-1-1011-1083,1025,National Police Service,1025100200,Constructions Police stations and Police Housing for the Kenya Police,1025100299,Construction of Himaki Police Station,3110200,Construction of Building,exp,0,20000000,0,20000000,114,yes
fy-2026-27-development-book-volume-1-1011-1083,1025,National Police Service,1025100300,Construction of Police stations & Housing for Administration Police,1025100303,Expansion of APTC -Embakasi,3110200,Construction of Building,exp,46237622,0,0,0,114,yes
fy-2026-27-development-book-volume-1-1011-1083,1025,National Police Service,1025100300,Construction of Police stations & Housing for Administration Police,1025100361,Expansion of National Police Service Border Police Training Campus,3110200,Construction of Building,exp,3142378,10000000,91157992,105201938,114,yes
fy-2026-27-development-book-volume-1-1011-1083,1025,National Police Service,1025100400,Construction & Modernization of national Forensic Facilities-BETA,1025100402,Equipping the Forensic Lab,3111100,"Purchase of Specialised Plant, Equipment and Machinery",exp,125000000,300000000,400000000,573018063,114,yes
fy-2026-27-development-book-volume-1-1011-1083,1025,National Police Service,1025100400,Construction & Modernization of national Forensic Facilities-BETA,1025100407,Upgrade and Expansion of APFIS,3111100,"Purchase of Specialised Plant, Equipment and Machinery",exp,843000000,850000000,500000000,500000000,114,yes
fy-2026-27-development-book-volume-1-1011-1083,1025,National Police Service,1025100400,Construction & Modernization of national Forensic Facilities-BETA,1025100407,Upgrade and Expansion of APFIS,1420200,Receipts from Administrative Fees and Charges,aia,500000000,500000000,500000000,500000000,115,yes
fy-2026-27-development-book-volume-1-1011-1083,1025,National Police Service,1025100400,Construction & Modernization of national Forensic Facilities-BETA,1025100408,Maintenance of Systems,3111100,"Purchase of Specialised Plant, Equipment and Machinery",exp,182000000,182000000,182000000,66113127,115,yes
fy-2026-27-development-book-volume-1-1011-1083,1025,National Police Service,1025100500,Constructions Police stations and Police Housing for the DCI,1025100510,Refurbishment of DCI National Criminal Investigations Academy,3110300,Refurbishment of Buildings,exp,10000000,40000000,46100000,58578810,115,yes
fy-2026-27-development-book-volume-1-1011-1083,1025,National Police Service,1025100600,"Construction of Police stations, Housing & other facilities for GSU",1025100602,Installation of low and high level water tanks at GSU Chepchoina Cam,3110500,Construction and Civil Works,exp,0,0,62650000,66580000,115,yes
fy-2026-27-development-book-volume-1-1011-1083,1025,National Police Service,1025100600,"Construction of Police stations, Housing & other facilities for GSU",1025100603,"Proposed constructions of barracks, classrooms and staff houses at GS",3110200,Construction of Building,exp,17247750,17250000,64350000,84310000,115,yes
fy-2026-27-development-book-volume-1-1011-1083,1025,National Police Service,1025100600,"Construction of Police stations, Housing & other facilities for GSU",1025100607,Construction of a cold room at NPS College - Magadi Field Campus,3110500,Construction and Civil Works,exp,0,0,53620000,4740000,115,yes
fy-2026-27-development-book-volume-1-1011-1083,1025,National Police Service,1025100600,"Construction of Police stations, Housing & other facilities for GSU",1025100613,Rehabilitation of residential houses at Millennium Qtrs NPS College E,3110300,Refurbishment of Buildings,exp,0,0,4520000,55920000,115,yes
fy-2026-27-development-book-volume-1-1011-1083,1025,National Police Service,1025100600,"Construction of Police stations, Housing & other facilities for GSU",1025100614,Renovation of Residential houses at GSU Drive -In Camp,3110300,Refurbishment of Buildings,exp,0,0,12050000,115850000,115,yes
fy-2026-27-development-book-volume-1-1011-1083,1025,National Police Service,1025100600,"Construction of Police stations, Housing & other facilities for GSU",1025100622,Re-carpeting of internal roads at GSU Recce Camp,3110400,Construction of Roads,exp,0,0,55120000,26710000,115,yes
fy-2026-27-development-book-volume-1-1011-1083,1025,National Police Service,1025100600,"Construction of Police stations, Housing & other facilities for GSU",1025100624,Rehabilitation of residential houses at GSU Kibera Camp,3110300,Refurbishment of Buildings,exp,0,0,6030000,65490000,116,yes
fy-2026-27-development-book-volume-1-1011-1083,1025,National Police Service,1025100600,"Construction of Police stations, Housing & other facilities for GSU",1025100626,Construction of ablution block at GSU Recce Camp,3110500,Construction and Civil Works,exp,0,0,56330000,8290000,116,yes
fy-2026-27-development-book-volume-1-1011-1083,1025,National Police Service,1025100600,"Construction of Police stations, Housing & other facilities for GSU",1025100628,Paint works to residential houses (Phase II) at GSU Headquarters Main,3110300,Refurbishment of Buildings,exp,0,0,11380000,112920000,116,yes
fy-2026-27-development-book-volume-1-1011-1083,1025,National Police Service,1025100600,"Construction of Police stations, Housing & other facilities for GSU",1025100629,Construction of fly over from Drive In to Main Camp at GSU,3110500,Construction and Civil Works,exp,0,0,68080000,74540000,116,yes
fy-2026-27-development-book-volume-1-1011-1083,1025,National Police Service,1025100600,"Construction of Police stations, Housing & other facilities for GSU",1025100631,Re-carpeting of internal roads and workshop yard at GSU headquarters,3110400,Construction of Roads,exp,0,0,98290000,132100000,116,yes
fy-2026-27-development-book-volume-1-1011-1083,1025,National Police Service,1025100600,"Construction of Police stations, Housing & other facilities for GSU",1025100632,Drilling and equipping of a borehole at GSU Chepchoina camp-Trans-,3110500,Construction and Civil Works,exp,0,0,69340000,100340000,116,yes
fy-2026-27-development-book-volume-1-1011-1083,1025,National Police Service,1025100600,"Construction of Police stations, Housing & other facilities for GSU",1025100643,Erection of Perimeter wall at NPS College Embakasi B Campus,3110500,Construction and Civil Works,exp,0,0,38400000,3950000,116,yes
fy-2026-27-development-book-volume-1-1011-1083,1025,National Police Service,1025100600,"Construction of Police stations, Housing & other facilities for GSU",1025100644,Erection of masonry perimeter wall at GSU Recce camp Ruiru,3110500,Construction and Civil Works,exp,0,0,53620000,4740000,116,yes
fy-2026-27-development-book-volume-1-1011-1083,1025,National Police Service,1025100900,Public Participation Projects,1025100901,Completion of ongoing Sub-County police HQs Central Ward Kisumu,3110200,Construction of Building,exp,10000000,0,0,0,116,yes
fy-2026-27-development-book-volume-1-1011-1083,1025,National Police Service,1025100900,Public Participation Projects,1025100902,Construction of police post at Ochoria Area in Muhoroni/Koru Ward,3110200,Construction of Building,exp,10000000,0,0,0,117,yes
fy-2026-27-development-book-volume-1-1011-1083,1025,National Police Service,1025100900,Public Participation Projects,1025100903,Construction of police camp in Obunga,3110200,Construction of Building,exp,6000000,0,0,0,117,yes
fy-2026-27-development-book-volume-1-1011-1083,1025,National Police Service,1025100900,Public Participation Projects,1025100905,Construction of Ogwedhi Police Station,3110200,Construction of Building,exp,10000000,0,0,0,117,yes
fy-2026-27-development-book-volume-1-1011-1083,1025,National Police Service,1025101100,Commissioning of Subdistribution Board & Relocation of the LV Board,1025101101,Commissioning of Subdistribution Board & Relocation of the LV Board,3110500,Construction and Civil Works,exp,0,0,9000000,0,117,yes
fy-2026-27-development-book-volume-1-1011-1083,1025,National Police Service,1025101400,Kenanie EPZ - Police Post,1025101401,Kenanie EPZ - Police Post,3110200,Construction of Building,exp,18680000,0,0,0,117,yes
fy-2026-27-development-book-volume-1-1011-1083,1025,National Police Service,1025101600,Construction of Police Posts and Stations,1025101601,Turi Ndenderu Forest Line Police Post,3110200,Construction of Building,exp,20000000,0,0,0,117,yes
fy-2026-27-development-book-volume-1-1011-1083,1025,National Police Service,1025101600,Construction of Police Posts and Stations,1025101602,Keben Sirikwa Police Station,3110200,Construction of Building,exp,20000000,0,0,0,117,yes
fy-2026-27-development-book-volume-1-1011-1083,1025,National Police Service,1025101600,Construction of Police Posts and Stations,1025101603,Emitik Center - Kuresoi North,3110200,Construction of Building,exp,20000000,0,0,0,117,yes
fy-2026-27-development-book-volume-1-1011-1083,1025,National Police Service,1025101600,Construction of Police Posts and Stations,1025101604,Nesuit Police Post - Njoro,3110200,Construction of Building,exp,20000000,0,0,0,118,yes
fy-2026-27-development-book-volume-1-1011-1083,1025,National Police Service,1025101600,Construction of Police Posts and Stations,1025101605,Gilgil Police Station,3110200,Construction of Building,exp,20000000,0,0,0,118,yes
fy-2026-27-development-book-volume-1-1011-1083,1025,National Police Service,1025101600,Construction of Police Posts and Stations,1025101606,Westgate Police Station - Rongai,3110200,Construction of Building,exp,20000000,0,0,0,118,yes
fy-2026-27-development-book-volume-1-1011-1083,1026,State Department for Internal Security & National Administration,1026100900,"Construction of Regional, County and Sub County offices",1026100912,Tigania West,3110200,Construction of Building,exp,6000000,0,0,0,129,yes
fy-2026-27-development-book-volume-1-1011-1083,1026,State Department for Internal Security & National Administration,1026100900,"Construction of Regional, County and Sub County offices",1026100916,Taita Taveta County,3110200,Construction of Building,exp,10000000,0,0,0,129,yes
fy-2026-27-development-book-volume-1-1011-1083,1026,State Department for Internal Security & National Administration,1026100900,"Construction of Regional, County and Sub County offices",1026100918,Tigania East,3110200,Construction of Building,exp,0,12448750,0,0,129,yes
fy-2026-27-development-book-volume-1-1011-1083,1026,State Department for Internal Security & National Administration,1026100900,"Construction of Regional, County and Sub County offices",1026100922,Habaswein,3110200,Construction of Building,exp,0,10030000,0,0,129,yes
fy-2026-27-development-book-volume-1-1011-1083,1026,State Department for Internal Security & National Administration,1026100900,"Construction of Regional, County and Sub County offices",1026100931,Marakwet West,3110200,Construction of Building,exp,5000000,0,0,0,129,yes
fy-2026-27-development-book-volume-1-1011-1083,1026,State Department for Internal Security & National Administration,1026100900,"Construction of Regional, County and Sub County offices",1026100940,Igembe North,3110200,Construction of Building,exp,0,12755138,0,0,129,yes
fy-2026-27-development-book-volume-1-1011-1083,1026,State Department for Internal Security & National Administration,1026100900,"Construction of Regional, County and Sub County offices",1026100941,Bomet County Headquarters,3110200,Construction of Building,exp,20000000,40000000,0,0,129,yes
fy-2026-27-development-book-volume-1-1011-1083,1026,State Department for Internal Security & National Administration,1026100900,"Construction of Regional, County and Sub County offices",1026100960,Bunyala Sub County Administration Block,3110200,Construction of Building,exp,0,15000000,0,0,129,yes
fy-2026-27-development-book-volume-1-1011-1083,1026,State Department for Internal Security & National Administration,1026100900,"Construction of Regional, County and Sub County offices",1026100961,Kyuso sub- county headquarters.,3110200,Construction of Building,exp,10000000,0,0,0,129,yes
fy-2026-27-development-book-volume-1-1011-1083,1026,State Department for Internal Security & National Administration,1026100900,"Construction of Regional, County and Sub County offices",1026100971,Construction of Sub-County Headquarters,3110200,Construction of Building,exp,39900000,235942400,201330000,530915351,129,yes
fy-2026-27-development-book-volume-1-1011-1083,1026,State Department for Internal Security & National Administration,1026100900,"Construction of Regional, County and Sub County offices",1026100972,Construction of Matungu DCC'S office,3110200,Construction of Building,exp,0,0,45000000,0,130,yes
fy-2026-27-development-book-volume-1-1011-1083,1026,State Department for Internal Security & National Administration,1026100900,"Construction of Regional, County and Sub County offices",1026100973,Construction of Konoin DCC'S office,3110200,Construction of Building,exp,0,0,45000000,0,130,yes
fy-2026-27-development-book-volume-1-1011-1083,1026,State Department for Internal Security & National Administration,1026100900,"Construction of Regional, County and Sub County offices",1026100974,Construction of Chalbi DCC'S office,3110200,Construction of Building,exp,0,0,45000000,0,130,yes
fy-2026-27-development-book-volume-1-1011-1083,1026,State Department for Internal Security & National Administration,1026100900,"Construction of Regional, County and Sub County offices",1026100977,Construction of Kuresoi North DCC's office,3110200,Construction of Building,exp,0,0,30000000,0,130,yes
fy-2026-27-development-book-volume-1-1011-1083,1026,State Department for Internal Security & National Administration,1026100900,"Construction of Regional, County and Sub County offices",1026100978,Construction of Pokot Central DCC's office,3110200,Construction of Building,exp,0,0,45000000,0,130,yes
fy-2026-27-development-book-volume-1-1011-1083,1026,State Department for Internal Security & National Administration,1026100900,"Construction of Regional, County and Sub County offices",1026100979,Construction of Kieni East DCC's office,3110200,Construction of Building,exp,0,0,45000000,0,130,yes
fy-2026-27-development-book-volume-1-1011-1083,1026,State Department for Internal Security & National Administration,1026100900,"Construction of Regional, County and Sub County offices",1026100993,Construction of The DCC's Office - Chesumei,3110200,Construction of Building,exp,11800000,0,0,0,130,yes
fy-2026-27-development-book-volume-1-1011-1083,1026,State Department for Internal Security & National Administration,1026100900,"Construction of Regional, County and Sub County offices",1026100995,Naivasha DCC's Office,3110200,Construction of Building,exp,10000000,20000000,0,0,130,yes
fy-2026-27-development-book-volume-1-1011-1083,1026,State Department for Internal Security & National Administration,1026101000,Refurbishment of Sub County Offices,1026101017,Equipping of the complete DCC's offices,3110200,Construction of Building,exp,0,0,20000000,50000000,130,yes
fy-2026-27-development-book-volume-1-1011-1083,1026,State Department for Internal Security & National Administration,1026101000,Refurbishment of Sub County Offices,1026101018,Refurbishment of Harambee hse,3110200,Construction of Building,exp,20000000,25000000,50000000,63226914,130,yes
fy-2026-27-development-book-volume-1-1011-1083,1026,State Department for Internal Security & National Administration,1026101000,Refurbishment of Sub County Offices,1026101019,Expansion of Kenya School of Adventure and Leadership,3110200,Construction of Building,exp,40777277,40000000,100000000,100000000,131,yes
fy-2026-27-development-book-volume-1-1011-1083,1026,State Department for Internal Security & National Administration,1026101000,Refurbishment of Sub County Offices,1026101020,Security Roads and Airstrips,3110200,Construction of Building,exp,20000000,320000000,360000000,375000000,131,yes
fy-2026-27-development-book-volume-1-1011-1083,1026,State Department for Internal Security & National Administration,1026101000,Refurbishment of Sub County Offices,1026101023,Refurbishment of Regional and County field administration offices,3110200,Construction of Building,exp,0,21417257,70000000,150000000,131,yes
fy-2026-27-development-book-volume-1-1011-1083,1026,State Department for Internal Security & National Administration,1026101100,Construction Of Newly Gazetted Sub County Headqs & Other New P,1026101102,Narok North-Construction of Sub County Headquarters,3110200,Construction of Building,exp,0,0,0,40000000,131,yes
fy-2026-27-development-book-volume-1-1011-1083,1026,State Department for Internal Security & National Administration,1026101100,Construction Of Newly Gazetted Sub County Headqs & Other New P,1026101106,Kilifi South,3110200,Construction of Building,exp,5000000,0,0,0,131,yes
fy-2026-27-development-book-volume-1-1011-1083,1026,State Department for Internal Security & National Administration,1026101100,Construction Of Newly Gazetted Sub County Headqs & Other New P,1026101124,Kipkomo,3110200,Construction of Building,exp,4000000,0,0,0,131,yes
fy-2026-27-development-book-volume-1-1011-1083,1026,State Department for Internal Security & National Administration,1026101100,Construction Of Newly Gazetted Sub County Headqs & Other New P,1026101125,Tigania Central,3110200,Construction of Building,exp,10000000,0,0,0,131,yes
fy-2026-27-development-book-volume-1-1011-1083,1026,State Department for Internal Security & National Administration,1026101100,Construction Of Newly Gazetted Sub County Headqs & Other New P,1026101128,Kabete,3110200,Construction of Building,exp,4800000,0,0,0,131,yes
fy-2026-27-development-book-volume-1-1011-1083,1026,State Department for Internal Security & National Administration,1026101100,Construction Of Newly Gazetted Sub County Headqs & Other New P,1026101135,Rangwe,3110200,Construction of Building,exp,7000000,0,0,0,131,yes
fy-2026-27-development-book-volume-1-1011-1083,1026,State Department for Internal Security & National Administration,1026101100,Construction Of Newly Gazetted Sub County Headqs & Other New P,1026101164,Buuri East DCCs Office,3110200,Construction of Building,exp,10000000,0,0,0,132,yes
fy-2026-27-development-book-volume-1-1011-1083,1026,State Department for Internal Security & National Administration,1026101100,Construction Of Newly Gazetted Sub County Headqs & Other New P,1026101166,Suba central,3110200,Construction of Building,exp,0,0,0,29899440,132,yes
fy-2026-27-development-book-volume-1-1011-1083,1026,State Department for Internal Security & National Administration,1026101100,Construction Of Newly Gazetted Sub County Headqs & Other New P,1026101175,Kotulo Sub County Administration Block & DCC Residence,3110200,Construction of Building,exp,14000000,37134592,0,0,132,yes
fy-2026-27-development-book-volume-1-1011-1083,1026,State Department for Internal Security & National Administration,1026103900,National Government Administration,1026103904,Construction of Lamu East DCC's Office,3110200,Construction of Building,exp,0,0,45000000,0,132,yes
fy-2026-27-development-book-volume-1-1011-1083,1026,State Department for Internal Security & National Administration,1026103900,National Government Administration,1026103905,Construction of Tharaka North DCC's Office,3110200,Construction of Building,exp,0,0,0,40000000,132,yes
fy-2026-27-development-book-volume-1-1011-1083,1026,State Department for Internal Security & National Administration,1026103900,National Government Administration,1026103907,Construction of Keiyo South DCC's Office,3110200,Construction of Building,exp,0,0,31000000,0,132,yes
fy-2026-27-development-book-volume-1-1011-1083,1026,State Department for Internal Security & National Administration,1026104200,Construction & Refurbishment of County Commissioners Premises,1026104201,Construction of DCCs Office - Kwanza,3110200,Construction of Building,exp,3500000,0,0,0,132,yes
fy-2026-27-development-book-volume-1-1011-1083,1026,State Department for Internal Security & National Administration,1026106000,Expansion & refurbishment of Govt. chemist labs in Nbi and Mombasa,1026106001,Expansion & refurbishment of Govt. chemist labs in Nbi and Mombasa,3110200,Construction of Building,exp,33000000,40000000,75000000,87147373,132,yes
fy-2026-27-development-book-volume-1-1011-1083,1026,State Department for Internal Security & National Administration,1026106300,Kenya Coast Guard Services-BETA,1026106301,Equipping of Kenya Coast Guard Services,3110200,Construction of Building,exp,80000000,100000000,100000000,100000000,133,yes
fy-2026-27-development-book-volume-1-1011-1083,1026,State Department for Internal Security & National Administration,1026106500,Cyber Crime,1026106501,Cyber Crime,3110200,Construction of Building,exp,0,0,125000000,112852627,133,yes
fy-2026-27-development-book-volume-1-1011-1083,1026,State Department for Internal Security & National Administration,1026107300,Construction of Miritini Treatment and Rehabilitation Center-BETA,1026107301,Construction of Miritini Treatment and Rehabilitation Center,3110200,Construction of Building,exp,65000000,80000000,200000000,200000000,133,yes
fy-2026-27-development-book-volume-1-1011-1083,1026,State Department for Internal Security & National Administration,1026108700,Construction of NGA Offices,1026108701,Laikipia County Commissioner'S Office,3110200,Construction of Building,exp,0,0,50000000,0,133,yes
fy-2026-27-development-book-volume-1-1011-1083,1026,State Department for Internal Security & National Administration,1026108700,Construction of NGA Offices,1026108705,Igembe South Sub County Office,3110200,Construction of Building,exp,10000000,20030000,0,0,133,yes
fy-2026-27-development-book-volume-1-1011-1083,1026,State Department for Internal Security & National Administration,1026108700,Construction of NGA Offices,1026108710,Nambale Sub County Office,3110200,Construction of Building,exp,0,0,0,29899440,133,yes
fy-2026-27-development-book-volume-1-1011-1083,1026,State Department for Internal Security & National Administration,1026108700,Construction of NGA Offices,1026108717,Ithanga/ Kakuzi DCC'c Office,3110200,Construction of Building,exp,0,0,50000000,0,134,yes
fy-2026-27-development-book-volume-1-1011-1083,1026,State Department for Internal Security & National Administration,1026108700,Construction of NGA Offices,1026108718,Kitui CC's Office,3110200,Construction of Building,exp,0,0,50000000,0,134,yes
fy-2026-27-development-book-volume-1-1011-1083,1026,State Department for Internal Security & National Administration,1026108700,Construction of NGA Offices,1026108719,Machakos CC's Office,3110200,Construction of Building,exp,0,0,60000000,0,134,yes
fy-2026-27-development-book-volume-1-1011-1083,1026,State Department for Internal Security & National Administration,1026108700,Construction of NGA Offices,1026108720,Busia DCC's Office,3110200,Construction of Building,exp,0,0,0,49000659,134,yes
fy-2026-27-development-book-volume-1-1011-1083,1026,State Department for Internal Security & National Administration,1026108700,Construction of NGA Offices,1026108722,Magairini DCC's Office,3110200,Construction of Building,exp,0,0,0,33519551,134,yes
fy-2026-27-development-book-volume-1-1011-1083,1026,State Department for Internal Security & National Administration,1026108700,Construction of NGA Offices,1026108723,Kisii CC's Office,3110200,Construction of Building,exp,0,0,0,60000000,134,yes
fy-2026-27-development-book-volume-1-1011-1083,1026,State Department for Internal Security & National Administration,1026108700,Construction of NGA Offices,1026108724,Muranga CC's Office,3110200,Construction of Building,exp,0,0,0,60000000,134,yes
fy-2026-27-development-book-volume-1-1011-1083,1026,State Department for Internal Security & National Administration,1026108700,Construction of NGA Offices,1026108725,Kandara Sub County Headquarters,3110200,Construction of Building,exp,0,0,0,60000000,134,yes
fy-2026-27-development-book-volume-1-1011-1083,1026,State Department for Internal Security & National Administration,1026108700,Construction of NGA Offices,1026108726,Thagicu DCC's Office,3110200,Construction of Building,exp,0,0,0,29102077,134,yes
fy-2026-27-development-book-volume-1-1011-1083,1026,State Department for Internal Security & National Administration,1026108800,Construction of the Newly Gazetted Sub County Headquarters,1026108809,Tiaty East Sub County Office,3110200,Construction of Building,exp,0,30000000,0,0,134,yes
fy-2026-27-development-book-volume-1-1011-1083,1026,State Department for Internal Security & National Administration,1026108800,Construction of the Newly Gazetted Sub County Headquarters,1026108810,Gem Wagai Sub County Office,3110200,Construction of Building,exp,0,0,0,42166568,135,yes
fy-2026-27-development-book-volume-1-1011-1083,1026,State Department for Internal Security & National Administration,1026108800,Construction of the Newly Gazetted Sub County Headquarters,1026108823,Mutuati Sub County Office,3110200,Construction of Building,exp,0,0,0,30000000,135,yes
fy-2026-27-development-book-volume-1-1011-1083,1026,State Department for Internal Security & National Administration,1026108900,Refurbishment of Sub County Field Administration Offices,1026108901,Refurbishment of Sub County Field Administration Offices,3110200,Construction of Building,exp,20000000,40000000,50000000,100000000,135,yes
fy-2026-27-development-book-volume-1-1011-1083,1026,State Department for Internal Security & National Administration,1026109300,Construction and Operationalization of Sub-county Offices,1026109302,Kitui West,3110200,Construction of Building,exp,0,0,30000000,0,135,yes
fy-2026-27-development-book-volume-1-1011-1083,1026,State Department for Internal Security & National Administration,1026109300,Construction and Operationalization of Sub-county Offices,1026109309,Samburu West Sub County Administration Block,3110200,Construction of Building,exp,30000000,0,0,0,135,yes
fy-2026-27-development-book-volume-1-1011-1083,1026,State Department for Internal Security & National Administration,1026109300,Construction and Operationalization of Sub-county Offices,1026109310,Construction and Equiping of Riana Chiefs Office - Bonchari,3110200,Construction of Building,exp,10000000,0,0,0,135,yes
fy-2026-27-development-book-volume-1-1011-1083,1026,State Department for Internal Security & National Administration,1026109400,Construction of Administration Units,1026109401,Thigio,3110200,Construction of Building,exp,0,0,20000000,0,135,yes
fy-2026-27-development-book-volume-1-1011-1083,1026,State Department for Internal Security & National Administration,1026109400,Construction of Administration Units,1026109402,Ndeiya,3110200,Construction of Building,exp,10000000,0,0,0,136,yes
fy-2026-27-development-book-volume-1-1011-1083,1026,State Department for Internal Security & National Administration,1026109500,Construction of Gathanje Sub-County DCC Office - Ngano,1026109501,Construction of Gathanje Sub-County DCC Office - Ngano,3110200,Construction of Building,exp,0,7496891,0,0,136,yes
fy-2026-27-development-book-volume-1-1011-1083,1026,State Department for Internal Security & National Administration,1026109700,Construction of Sub-County Offices,1026109709,Sirisia DCC Office,3110200,Construction of Building,exp,0,17440426,0,0,136,yes
fy-2026-27-development-book-volume-1-1011-1083,1026,State Department for Internal Security & National Administration,1026109700,Construction of Sub-County Offices,1026109714,Siaya West Sub County HQ,3110200,Construction of Building,exp,35000000,0,0,0,136,yes
fy-2026-27-development-book-volume-1-1011-1083,1026,State Department for Internal Security & National Administration,1026109700,Construction of Sub-County Offices,1026109715,Kiegoi-Antubochiu Sub-County Headquarters,3110200,Construction of Building,exp,17223629,0,0,0,136,yes
fy-2026-27-development-book-volume-1-1011-1083,1026,State Department for Internal Security & National Administration,1026109700,Construction of Sub-County Offices,1026109716,Construction of Eldas Sub-County DCC House & Fence,3110200,Construction of Building,exp,40000000,0,0,0,136,yes
fy-2026-27-development-book-volume-1-1011-1083,1026,State Department for Internal Security & National Administration,1026109800,National Police Service Modernization Project,1026109801,National Police Service Modernization Project,3111100,"Purchase of Specialised Plant, Equipment and Machinery",exp,5400000000,6500000000,6500000000,6500000000,136,yes
fy-2026-27-development-book-volume-1-1011-1083,1026,State Department for Internal Security & National Administration,1026110000,Public Participation Projects,1026110006,Akachiu Sub County HQs,3110200,Construction of Building,exp,0,4600000,0,0,137,yes
fy-2026-27-development-book-volume-1-1011-1083,1026,State Department for Internal Security & National Administration,1026110000,Public Participation Projects,1026110009,Construction of DCC Office in Kiminini,3110200,Construction of Building,exp,10000000,15000000,0,0,137,yes
fy-2026-27-development-book-volume-1-1011-1083,1026,State Department for Internal Security & National Administration,1026110000,Public Participation Projects,1026110010,Construction of DCC Office in Saboti,3110200,Construction of Building,exp,10000000,15000000,0,0,137,yes
fy-2026-27-development-book-volume-1-1011-1083,1026,State Department for Internal Security & National Administration,1026110000,Public Participation Projects,1026110011,Operationalization of New Kikumbulyu Division - ACC Office,3110200,Construction of Building,exp,5000000,0,0,0,137,yes
fy-2026-27-development-book-volume-1-1011-1083,1026,State Department for Internal Security & National Administration,1026110000,Public Participation Projects,1026110012,Operationalization of New Kavete Division - ACC Office,3110200,Construction of Building,exp,5000000,0,0,0,137,yes
fy-2026-27-development-book-volume-1-1011-1083,1026,State Department for Internal Security & National Administration,1026110000,Public Participation Projects,1026110013,Construction of DCC Office at Kambu Sub County,3110200,Construction of Building,exp,5000000,0,0,0,137,yes
fy-2026-27-development-book-volume-1-1011-1083,1026,State Department for Internal Security & National Administration,1026110200,National Intergrated Security Command and Control System (NISCCS),1026110201,National Intergrated Security Command and Control System (NISCCS),3111100,"Purchase of Specialised Plant, Equipment and Machinery",exp,2000000000,2000000000,2000000000,2000000000,137,yes
fy-2026-27-development-book-volume-1-1011-1083,1032,State Department for Devolution,1032101800,IDEAS-Instrument for Devolution Advice and support,1032101801,IDEAS-Instrument for Devolution Advice and support - HQ,2211300,Other Operating Expenses,exp,0,0,200000000,567000000,152,yes
fy-2026-27-development-book-volume-1-1011-1083,1032,State Department for Devolution,1032101800,IDEAS-Instrument for Devolution Advice and support,1032101801,IDEAS-Instrument for Devolution Advice and support - HQ,3111100,"Purchase of Specialised Plant, Equipment and Machinery",exp,0,0,45000000,28000000,152,yes
fy-2026-27-development-book-volume-1-1011-1083,1032,State Department for Devolution,1032106100,Maarifa Centre for Knowledge Management Among Counties,1032106101,Maarifa Centre for Knowledge Management Among Counties,2630200,Capital Grants to Government Agencies and other Levels of Government,exp,30000000,25430000,0,0,152,yes
fy-2026-27-development-book-volume-1-1011-1083,1032,State Department for Devolution,1032106300,Kenya Devolution Support Programme II (KDSP II),1032106301,Kenya Devolution Support Programme II (KDSP II),2211300,Other Operating Expenses,exp,80000000,147670000,200000000,50000000,152,yes
fy-2026-27-development-book-volume-1-1011-1083,1032,State Department for Devolution,1032106300,Kenya Devolution Support Programme II (KDSP II),1032106301,Kenya Devolution Support Programme II (KDSP II),2630200,Capital Grants to Government Agencies and other Levels of Government,exp,11401253500,9569216000,0,0,152,yes
fy-2026-27-development-book-volume-1-1011-1083,1032,State Department for Devolution,1032106300,Kenya Devolution Support Programme II (KDSP II),1032106301,Kenya Devolution Support Programme II (KDSP II),2640500,Other Capital Grants and Transfers,exp,2664869042,706984000,500000000,200000000,152,yes
fy-2026-27-development-book-volume-1-1011-1083,1032,State Department for Devolution,1032106400,Joint Devolution Programme II,1032106401,Joint Devolution Programme II,2211300,Other Operating Expenses,exp,0,10000000,55000000,55000000,152,yes
fy-2026-27-development-book-volume-1-1011-1083,1032,State Department for Devolution,1032106400,Joint Devolution Programme II,1032106401,Joint Devolution Programme II,2640500,Other Capital Grants and Transfers,exp,0,160000000,160000000,160000000,152,yes
fy-2026-27-development-book-volume-1-1011-1083,1032,State Department for Devolution,1032106400,Joint Devolution Programme II,1032106401,Joint Devolution Programme II,1320200,Grants from International Organizations,aia,0,160000000,160000000,160000000,152,yes
fy-2026-27-development-book-volume-1-1011-1083,1033,State Department for Special Programmes,1033100900,National Drought Emergency Fund (NDEF),1033100901,National Drought Emergency Fund (NDEF),2630200,Capital Grants to Government Agencies and other Levels of Government,exp,165602460,165000000,263000000,320000000,156,yes
fy-2026-27-development-book-volume-1-1011-1083,1036,State Department for the ASALs and Regional Development,1036101300,Drought Response & Resilience in Arid & Semi-Arid Areas of Kenya,1036101302,Mashaptatit Water Pan Lomut,3110500,Construction and Civil Works,exp,30000000,0,0,0,164,yes
fy-2026-27-development-book-volume-1-1011-1083,1036,State Department for the ASALs and Regional Development,1036101300,Drought Response & Resilience in Arid & Semi-Arid Areas of Kenya,1036101303,Loperot Water Pan Orwa,3110500,Construction and Civil Works,exp,30000000,0,0,0,164,yes
fy-2026-27-development-book-volume-1-1011-1083,1036,State Department for the ASALs and Regional Development,1036101300,Drought Response & Resilience in Arid & Semi-Arid Areas of Kenya,1036101306,Camel Restocking Pokot Central,3111300,"Purchase of Certified Seeds, Breeding Stock and Live Animals",exp,15000000,0,0,0,164,yes
fy-2026-27-development-book-volume-1-1011-1083,1036,State Department for the ASALs and Regional Development,1036101300,Drought Response & Resilience in Arid & Semi-Arid Areas of Kenya,1036101307,Koloa (DRMPA) Monument Borehole - Tiaty,3110500,Construction and Civil Works,exp,10000000,0,0,0,164,yes
fy-2026-27-development-book-volume-1-1011-1083,1036,State Department for the ASALs and Regional Development,1036101300,Drought Response & Resilience in Arid & Semi-Arid Areas of Kenya,1036101308,Napeyelel Water Pan Kiwawa,3110500,Construction and Civil Works,exp,30000000,0,0,0,164,yes
fy-2026-27-development-book-volume-1-1011-1083,1036,State Department for the ASALs and Regional Development,1036101300,Drought Response & Resilience in Arid & Semi-Arid Areas of Kenya,1036101309,Akiriamet Village Borehole Alale,3110500,Construction and Civil Works,exp,10000000,0,0,0,164,yes
fy-2026-27-development-book-volume-1-1011-1083,1036,State Department for the ASALs and Regional Development,1036101300,Drought Response & Resilience in Arid & Semi-Arid Areas of Kenya,1036101310,Akodong Water Pan (Turkana West),3110500,Construction and Civil Works,exp,30000000,0,0,0,164,yes
fy-2026-27-development-book-volume-1-1011-1083,1036,State Department for the ASALs and Regional Development,1036101300,Drought Response & Resilience in Arid & Semi-Arid Areas of Kenya,1036101311,Migujini Water Pan Ganze,3110500,Construction and Civil Works,exp,30000000,0,0,0,164,yes
fy-2026-27-development-book-volume-1-1011-1083,1036,State Department for the ASALs and Regional Development,1036101300,Drought Response & Resilience in Arid & Semi-Arid Areas of Kenya,1036101312,Alany Water Pan Desilting,3110500,Construction and Civil Works,exp,10000000,0,0,0,164,yes
fy-2026-27-development-book-volume-1-1011-1083,1036,State Department for the ASALs and Regional Development,1036101300,Drought Response & Resilience in Arid & Semi-Arid Areas of Kenya,1036101313,Lotongot Borehole Masol,3110500,Construction and Civil Works,exp,10000000,0,0,0,164,yes
fy-2026-27-development-book-volume-1-1011-1083,1036,State Department for the ASALs and Regional Development,1036101300,Drought Response & Resilience in Arid & Semi-Arid Areas of Kenya,1036101314,Magwede Village Borehole Voi,3110500,Construction and Civil Works,exp,10000000,0,0,0,165,yes
fy-2026-27-development-book-volume-1-1011-1083,1036,State Department for the ASALs and Regional Development,1036101300,Drought Response & Resilience in Arid & Semi-Arid Areas of Kenya,1036101317,Lometermer Water Pan,3110500,Construction and Civil Works,exp,30000000,0,0,0,165,yes
fy-2026-27-development-book-volume-1-1011-1083,1036,State Department for the ASALs and Regional Development,1036101300,Drought Response & Resilience in Arid & Semi-Arid Areas of Kenya,1036101334,Sakale Sec School Borehole,3110500,Construction and Civil Works,exp,10000000,0,0,0,165,yes
fy-2026-27-development-book-volume-1-1011-1083,1036,State Department for the ASALs and Regional Development,1036101300,Drought Response & Resilience in Arid & Semi-Arid Areas of Kenya,1036101335,Mukuri Borehole Losam,3110500,Construction and Civil Works,exp,10000000,0,0,0,165,yes
fy-2026-27-development-book-volume-1-1011-1083,1036,State Department for the ASALs and Regional Development,1036101300,Drought Response & Resilience in Arid & Semi-Arid Areas of Kenya,1036101336,Oltiasilele Borehole (Kajiado South),3110500,Construction and Civil Works,exp,10000000,0,0,0,165,yes
fy-2026-27-development-book-volume-1-1011-1083,1036,State Department for the ASALs and Regional Development,1036101300,Drought Response & Resilience in Arid & Semi-Arid Areas of Kenya,1036101344,Rehabilitation of Chemorongion Water Pan,3110500,Construction and Civil Works,exp,20000000,0,0,0,165,yes
fy-2026-27-development-book-volume-1-1011-1083,1036,State Department for the ASALs and Regional Development,1036101300,Drought Response & Resilience in Arid & Semi-Arid Areas of Kenya,1036101345,Auskuyon Primary Kapenguria Borehole,3110500,Construction and Civil Works,exp,10000000,0,0,0,165,yes
fy-2026-27-development-book-volume-1-1011-1083,1036,State Department for the ASALs and Regional Development,1036101400,Kenya Social and Economic Inclusion Project-BETA,1036101401,Kenya Social and Economic Inclusion Project,2630200,Capital Grants to Government Agencies and other Levels of Government,exp,0,400750000,1057750000,1057750000,165,yes
fy-2026-27-development-book-volume-1-1011-1083,1036,State Department for the ASALs and Regional Development,1036101600,Ending Drought Emergencies: Support to Resilient Livelihood II,1036101601,Ending Drought Emergencies: Support to Resilient Livelihood II,2630200,Capital Grants to Government Agencies and other Levels of Government,exp,45000000,60000000,70000000,120000000,165,yes
fy-2026-27-development-book-volume-1-1011-1083,1036,State Department for the ASALs and Regional Development,1036102500,Sustainable Food Systems and Resilience Livelihood Activities-BETA,1036102501,Sustainable Food Systems and Resilience Livelihood Activities,2210300,"Domestic Travel and Subsistence, and Other Transportation Costs",exp,8800000,19000000,26000000,26000000,166,yes
fy-2026-27-development-book-volume-1-1011-1083,1036,State Department for the ASALs and Regional Development,1036102500,Sustainable Food Systems and Resilience Livelihood Activities-BETA,1036102501,Sustainable Food Systems and Resilience Livelihood Activities,2210800,Hospitality Supplies and Services,exp,3200000,11000000,14000000,14000000,166,yes
fy-2026-27-development-book-volume-1-1011-1083,1036,State Department for the ASALs and Regional Development,1036102800,"Ending Drought Emergencies, Ecosystem Based Adapt in ASAL -",1036102801,"Ending Drought Emergencies, Ecosystem Based Adapt. in ASAL -",2630200,Capital Grants to Government Agencies and other Levels of Government,exp,207530000,420540000,530000000,530000000,166,yes
fy-2026-27-development-book-volume-1-1011-1083,1036,State Department for the ASALs and Regional Development,1036102800,"Ending Drought Emergencies, Ecosystem Based Adapt in ASAL -",1036102801,"Ending Drought Emergencies, Ecosystem Based Adapt. in ASAL -",1320100,Grants from International Organizations - Cash through Exchequer,aia,0,150000000,0,0,166,yes
fy-2026-27-development-book-volume-1-1011-1083,1036,State Department for the ASALs and Regional Development,1036102900,Sustainable Food Systems and Livelihoods,1036102902,Garissa River Bank Flood Protection,2630200,Capital Grants to Government Agencies and other Levels of Government,exp,15000000,7746362,0,0,166,yes
fy-2026-27-development-book-volume-1-1011-1083,1036,State Department for the ASALs and Regional Development,1036103200,Dry Land Climate Action for Community Drought Resilience,1036103201,Dry Land Climate Action for Community Drought Resilience,2630200,Capital Grants to Government Agencies and other Levels of Government,exp,555000000,850000000,670000000,690000000,166,yes
fy-2026-27-development-book-volume-1-1011-1083,1036,State Department for the ASALs and Regional Development,1036103300,Gum Arabic and Resins Integrated Development Programme-BETA,1036103301,Gum Arabic and Resins Integrated Development Programme - ENNDA,2630200,Capital Grants to Government Agencies and other Levels of Government,exp,116000000,0,0,0,167,yes
fy-2026-27-development-book-volume-1-1011-1083,1036,State Department for the ASALs and Regional Development,1036103600,Tana Delta Rice Irrigation Project (TDIP) - BETA,1036103601,Tana Delta Rice Irrigation Project (TDIP) - Headquarters - BETA,2630200,Capital Grants to Government Agencies and other Levels of Government,exp,21000000,59650000,99650000,109649999,167,yes
fy-2026-27-development-book-volume-1-1011-1083,1036,State Department for the ASALs and Regional Development,1036103800,Ewaso Ngiro Leather Factory - BETA,1036103801,Ewaso Ngiro Leather Factory - Headquarters,2630200,Capital Grants to Government Agencies and other Levels of Government,exp,20000000,44650000,115000000,155000000,167,yes
fy-2026-27-development-book-volume-1-1011-1083,1036,State Department for the ASALs and Regional Development,1036103900,Integrated Bamboo commercialisation and Value addition-BETA,1036103901,Integrated Bamboo commercialisation and Value addition -,2630200,Capital Grants to Government Agencies and other Levels of Government,exp,0,15000000,30000000,30000000,167,yes
fy-2026-27-development-book-volume-1-1011-1083,1036,State Department for the ASALs and Regional Development,1036104100,Wei Wei Phase 3 Irrigation Project - BETA,1036104101,Wei Wei Phase 3 Irrigation Project - Headquarters,2630200,Capital Grants to Government Agencies and other Levels of Government,exp,292000000,30000000,230000000,230000000,167,yes
fy-2026-27-development-book-volume-1-1011-1083,1036,State Department for the ASALs and Regional Development,1036104100,Wei Wei Phase 3 Irrigation Project - BETA,1036104101,Wei Wei Phase 3 Irrigation Project - Headquarters,5120200,Foreign Borrowing - Direct Payments,aia,272000000,0,200000000,200000000,167,yes
fy-2026-27-development-book-volume-1-1011-1083,1036,State Department for the ASALs and Regional Development,1036104200,Mango Value Chain Programme-BETA,1036104201,Mango Value Chain Programme - Headquarters,2630200,Capital Grants to Government Agencies and other Levels of Government,exp,0,20000000,40000000,40000000,168,yes
fy-2026-27-development-book-volume-1-1011-1083,1036,State Department for the ASALs and Regional Development,1036104300,Integrated Fruit and Honey Processing - BETA,1036104301,Integrated Fruit and Honey Processing - Headquarters,2630200,Capital Grants to Government Agencies and other Levels of Government,exp,0,20000000,50000000,50000000,168,yes
fy-2026-27-development-book-volume-1-1011-1083,1036,State Department for the ASALs and Regional Development,1036105600,Boji Farmers Irrigation Project - BETA,1036105601,Boji Farmers Irrigation Project,2630200,Capital Grants to Government Agencies and other Levels of Government,exp,0,49650000,70000000,70000000,168,yes
fy-2026-27-development-book-volume-1-1011-1083,1036,State Department for the ASALs and Regional Development,1036105700,Wananchi Cottages in Kilifi County-BETA,1036105701,Wananchi Cottages in Kilifi County,2630200,Capital Grants to Government Agencies and other Levels of Government,exp,20000000,119000000,230000000,200000000,168,yes
fy-2026-27-development-book-volume-1-1011-1083,1036,State Department for the ASALs and Regional Development,1036106100,Oloitokitok Agro Processing Factory Project,1036106101,Oloitokitok Agro Processing Factory Project,2630200,Capital Grants to Government Agencies and other Levels of Government,exp,0,185510000,210000000,200000000,168,yes
fy-2026-27-development-book-volume-1-1011-1083,1036,State Department for the ASALs and Regional Development,1036108000,Malindi Integrated Social & Health Dev. Programme (MISHDP) -,1036108001,MISHDP - Phase II,2210300,"Domestic Travel and Subsistence, and Other Transportation Costs",exp,0,400000000,300000000,300000000,168,yes
fy-2026-27-development-book-volume-1-1011-1083,1036,State Department for the ASALs and Regional Development,1036108000,Malindi Integrated Social & Health Dev. Programme (MISHDP) -,1036108001,MISHDP - Phase II,2630200,Capital Grants to Government Agencies and other Levels of Government,exp,300000000,0,0,0,168,yes
fy-2026-27-development-book-volume-1-1011-1083,1036,State Department for the ASALs and Regional Development,1036108100,Kimira-Oluch Smallholder Farm Improvement Project - LBDA-BETA,1036108101,Kimira-Oluch Smallholder Farm Improvement Project - LBDA,2630200,Capital Grants to Government Agencies and other Levels of Government,exp,19500000,39650000,39650000,39650000,169,yes
fy-2026-27-development-book-volume-1-1011-1083,1036,State Department for the ASALs and Regional Development,1036111000,Rehabilitation of Strategic Water Facilities,1036111002,Coast Development Authority - CDA,2630200,Capital Grants to Government Agencies and other Levels of Government,exp,100000000,0,0,0,169,yes
fy-2026-27-development-book-volume-1-1011-1083,1036,State Department for the ASALs and Regional Development,1036112200,Drought Mitigation - TARDA,1036112209,Gwakanju Market - TARDA,2630200,Capital Grants to Government Agencies and other Levels of Government,exp,15000000,0,0,0,169,yes
fy-2026-27-development-book-volume-1-1011-1083,1036,State Department for the ASALs and Regional Development,1036112200,Drought Mitigation - TARDA,1036112210,Muthunjara Primary School - TARDA,2630200,Capital Grants to Government Agencies and other Levels of Government,exp,15000000,0,0,0,169,yes
fy-2026-27-development-book-volume-1-1011-1083,1036,State Department for the ASALs and Regional Development,1036112200,Drought Mitigation - TARDA,1036112211,Pipeline Primary School - TARDA,2630200,Capital Grants to Government Agencies and other Levels of Government,exp,15000000,0,0,0,169,yes
fy-2026-27-development-book-volume-1-1011-1083,1036,State Department for the ASALs and Regional Development,1036112300,Drought Mitigation - KVDA,1036112322,Kasegon Water Pan (Chepareria Ward) - KVDA,2630200,Capital Grants to Government Agencies and other Levels of Government,exp,30000000,0,0,0,169,yes
fy-2026-27-development-book-volume-1-1011-1083,1036,State Department for the ASALs and Regional Development,1036112300,Drought Mitigation - KVDA,1036112323,Tirken Borehole (Chepareria Ward) - KVDA,2630200,Capital Grants to Government Agencies and other Levels of Government,exp,10000000,0,0,0,170,yes
fy-2026-27-development-book-volume-1-1011-1083,1036,State Department for the ASALs and Regional Development,1036112300,Drought Mitigation - KVDA,1036112324,Kakitongin Borehole Lomur - KVDA,2630200,Capital Grants to Government Agencies and other Levels of Government,exp,10000000,0,0,0,170,yes
fy-2026-27-development-book-volume-1-1011-1083,1036,State Department for the ASALs and Regional Development,1036112300,Drought Mitigation - KVDA,1036112325,Drought Mitigation Livelihood Support - KVDA,2630200,Capital Grants to Government Agencies and other Levels of Government,exp,15000000,0,0,0,170,yes
fy-2026-27-development-book-volume-1-1011-1083,1036,State Department for the ASALs and Regional Development,1036112300,Drought Mitigation - KVDA,1036112326,Chemkengen Secondary School Borehole - KVDA,2630200,Capital Grants to Government Agencies and other Levels of Government,exp,10000000,0,0,0,170,yes
fy-2026-27-development-book-volume-1-1011-1083,1036,State Department for the ASALs and Regional Development,1036112300,Drought Mitigation - KVDA,1036112327,Seketet Borehole - KVDA,2630200,Capital Grants to Government Agencies and other Levels of Government,exp,10000000,0,0,0,170,yes
fy-2026-27-development-book-volume-1-1011-1083,1036,State Department for the ASALs and Regional Development,1036112300,Drought Mitigation - KVDA,1036112328,Distribution of Seedlings - KVDA (Elgeyo Marakwet County),2630200,Capital Grants to Government Agencies and other Levels of Government,exp,20000000,0,0,0,170,yes
fy-2026-27-development-book-volume-1-1011-1083,1036,State Department for the ASALs and Regional Development,1036112300,Drought Mitigation - KVDA,1036112329,Desilting and trenching of Lesoit Dam - KVDA,2630200,Capital Grants to Government Agencies and other Levels of Government,exp,5000000,0,0,0,170,yes
fy-2026-27-development-book-volume-1-1011-1083,1036,State Department for the ASALs and Regional Development,1036112300,Drought Mitigation - KVDA,1036112330,Drilling of Nontoto Borehole - KVDA,2630200,Capital Grants to Government Agencies and other Levels of Government,exp,10000000,0,0,0,170,yes
fy-2026-27-development-book-volume-1-1011-1083,1036,State Department for the ASALs and Regional Development,1036112300,Drought Mitigation - KVDA,1036112332,Arror-Keu Water Project - KVDA,2630200,Capital Grants to Government Agencies and other Levels of Government,exp,0,100000000,0,0,170,yes
fy-2026-27-development-book-volume-1-1011-1083,1036,State Department for the ASALs and Regional Development,1036112300,Drought Mitigation - KVDA,1036112333,Barasin Dam Plumbing and Distribution - KVDA,2630200,Capital Grants to Government Agencies and other Levels of Government,exp,0,30000000,0,0,170,yes
fy-2026-27-development-book-volume-1-1011-1083,1036,State Department for the ASALs and Regional Development,1036112400,Drought Mitigation - ENSDA,1036112426,Entarara Secondary School Borehole (Kajiado South) - ENSDA,2630200,Capital Grants to Government Agencies and other Levels of Government,exp,10000000,0,0,0,171,yes
fy-2026-27-development-book-volume-1-1011-1083,1036,State Department for the ASALs and Regional Development,1036112400,Drought Mitigation - ENSDA,1036112427,Kilgoris Water Project - ENSDA,2630200,Capital Grants to Government Agencies and other Levels of Government,exp,30000000,0,0,0,171,yes
fy-2026-27-development-book-volume-1-1011-1083,1036,State Department for the ASALs and Regional Development,1036112400,Drought Mitigation - ENSDA,1036112429,Lenkism Water Pan (Kajiado South) - ENSDA,2630200,Capital Grants to Government Agencies and other Levels of Government,exp,20000000,0,0,0,171,yes
fy-2026-27-development-book-volume-1-1011-1083,1036,State Department for the ASALs and Regional Development,1036112400,Drought Mitigation - ENSDA,1036112430,Loodokulani Water Pan (Kajiado Central) - ENSDA,2630200,Capital Grants to Government Agencies and other Levels of Government,exp,20000000,0,0,0,171,yes
fy-2026-27-development-book-volume-1-1011-1083,1036,State Department for the ASALs and Regional Development,1036112400,Drought Mitigation - ENSDA,1036112431,Narok High School Borehole (Narok North) - ENSDA,2630200,Capital Grants to Government Agencies and other Levels of Government,exp,10000000,0,0,0,171,yes
fy-2026-27-development-book-volume-1-1011-1083,1036,State Department for the ASALs and Regional Development,1036112400,Drought Mitigation - ENSDA,1036112432,Narosura/Purko Farm Water Pan (Narok South) - ENSDA,2630200,Capital Grants to Government Agencies and other Levels of Government,exp,20000000,0,0,0,171,yes
fy-2026-27-development-book-volume-1-1011-1083,1036,State Department for the ASALs and Regional Development,1036112400,Drought Mitigation - ENSDA,1036112433,Ngosuani/Olkinyei Borehole (Narok West) - ENSDA,2630200,Capital Grants to Government Agencies and other Levels of Government,exp,10000000,0,0,0,171,yes
fy-2026-27-development-book-volume-1-1011-1083,1036,State Department for the ASALs and Regional Development,1036112400,Drought Mitigation - ENSDA,1036112434,Nosidan/Merrueshi Village Borehole (Kajiado East) - ENSDA,2630200,Capital Grants to Government Agencies and other Levels of Government,exp,10000000,0,0,0,171,yes
fy-2026-27-development-book-volume-1-1011-1083,1036,State Department for the ASALs and Regional Development,1036112400,Drought Mitigation - ENSDA,1036112435,Oldanyati/Leshuta Borehole (Kajiado West) - ENSDA,2630200,Capital Grants to Government Agencies and other Levels of Government,exp,10000000,0,0,0,171,yes
fy-2026-27-development-book-volume-1-1011-1083,1036,State Department for the ASALs and Regional Development,1036112400,Drought Mitigation - ENSDA,1036112436,Olgulului Borehole (Kajiado South) - ENSDA,2630200,Capital Grants to Government Agencies and other Levels of Government,exp,10000000,0,0,0,171,yes
fy-2026-27-development-book-volume-1-1011-1083,1036,State Department for the ASALs and Regional Development,1036112400,Drought Mitigation - ENSDA,1036112437,Olkimitare Water Pan (Narok North) - ENSDA,2630200,Capital Grants to Government Agencies and other Levels of Government,exp,20000000,0,0,0,172,yes
fy-2026-27-development-book-volume-1-1011-1083,1036,State Department for the ASALs and Regional Development,1036112400,Drought Mitigation - ENSDA,1036112438,Olkinyei/Ngosuani Water (Narok West) - ENSDA,2630200,Capital Grants to Government Agencies and other Levels of Government,exp,20000000,0,0,0,172,yes
fy-2026-27-development-book-volume-1-1011-1083,1036,State Department for the ASALs and Regional Development,1036112400,Drought Mitigation - ENSDA,1036112439,Ololulunga Boys Borehole (Narok South) - ENSDA,2630200,Capital Grants to Government Agencies and other Levels of Government,exp,10000000,0,0,0,172,yes
fy-2026-27-development-book-volume-1-1011-1083,1036,State Department for the ASALs and Regional Development,1036112400,Drought Mitigation - ENSDA,1036112440,Orgirra Rombo Borehole (Kajiado South) - ENSDA,2630200,Capital Grants to Government Agencies and other Levels of Government,exp,10000000,0,0,0,172,yes
fy-2026-27-development-book-volume-1-1011-1083,1036,State Department for the ASALs and Regional Development,1036112400,Drought Mitigation - ENSDA,1036112441,Parbush Community Borehole (Narok South) - ENSDA,2630200,Capital Grants to Government Agencies and other Levels of Government,exp,10000000,0,0,0,172,yes
fy-2026-27-development-book-volume-1-1011-1083,1036,State Department for the ASALs and Regional Development,1036112400,Drought Mitigation - ENSDA,1036112442,Purko Water Pan (Kajiado Central) - ENSDA,2630200,Capital Grants to Government Agencies and other Levels of Government,exp,20000000,0,0,0,172,yes
fy-2026-27-development-book-volume-1-1011-1083,1036,State Department for the ASALs and Regional Development,1036112500,Construction of Peace Dams,1036112516,Construction of Wayam Lencho Snake Dam (Mandera),2630200,Capital Grants to Government Agencies and other Levels of Government,exp,120000000,0,0,0,172,yes
fy-2026-27-development-book-volume-1-1011-1083,1036,State Department for the ASALs and Regional Development,1036112600,Cherengany Watershed Conservation Programme,1036112601,Cherengany Watershed Conservation Programme,2630200,Capital Grants to Government Agencies and other Levels of Government,exp,110000000,39650000,60680000,67860000,172,yes
fy-2026-27-development-book-volume-1-1011-1083,1036,State Department for the ASALs and Regional Development,1036112700,Northern Kenya Integrated Camel Development Programme,1036112701,Northern Kenya Integrated Camel Development Programme,2630200,Capital Grants to Government Agencies and other Levels of Government,exp,0,45140000,60000000,60000000,173,yes
fy-2026-27-development-book-volume-1-1011-1083,1036,State Department for the ASALs and Regional Development,1036112800,Ewaso Ngiro N. Integrated Water Drought & Food Security Dev.,1036112801,Ewaso Ngiro N. Integrated Water Drought & Food Security Dev.,2630200,Capital Grants to Government Agencies and other Levels of Government,exp,100000000,0,0,0,173,yes
fy-2026-27-development-book-volume-1-1011-1083,1036,State Department for the ASALs and Regional Development,1036113300,Della Water Supply Project - ENNDA,1036113301,Drought Mitigation ENNDA,2630200,Capital Grants to Government Agencies and other Levels of Government,exp,30000000,0,0,0,173,yes
fy-2026-27-development-book-volume-1-1011-1083,1036,State Department for the ASALs and Regional Development,1036113500,Integrated Resilience for Sustainable Food Systems - BETA,1036113501,Integrated Resilience for Sustainable Food Systems,2210300,"Domestic Travel and Subsistence, and Other Transportation Costs",exp,4500000,19000000,39000000,39000001,173,yes
fy-2026-27-development-book-volume-1-1011-1083,1036,State Department for the ASALs and Regional Development,1036113500,Integrated Resilience for Sustainable Food Systems - BETA,1036113501,Integrated Resilience for Sustainable Food Systems,2210800,Hospitality Supplies and Services,exp,10159612,21000000,31000000,31000000,173,yes
fy-2026-27-development-book-volume-1-1011-1083,1036,State Department for the ASALs and Regional Development,1036114500,Drought Mitigation Interventions - CDA,1036114517,Kalembe Village Borehole - CDA,2630200,Capital Grants to Government Agencies and other Levels of Government,exp,10000000,0,0,0,173,yes
fy-2026-27-development-book-volume-1-1011-1083,1036,State Department for the ASALs and Regional Development,1036114500,Drought Mitigation Interventions - CDA,1036114518,Abbas - Kamuthe - Fafi - CDA,2630200,Capital Grants to Government Agencies and other Levels of Government,exp,50000000,0,0,0,173,yes
fy-2026-27-development-book-volume-1-1011-1083,1036,State Department for the ASALs and Regional Development,1036114600,Drought Mitigation Interventions - KVDA,1036114611,Chemeron Dam Phase II - Baringo,2630200,Capital Grants to Government Agencies and other Levels of Government,exp,130000000,0,0,0,174,yes
fy-2026-27-development-book-volume-1-1011-1083,1036,State Department for the ASALs and Regional Development,1036114800,Drought Mitigation Interventions - ENNDA,1036114816,Ntarakwa Water Pan Pending Bill - ENNDA,2630200,Capital Grants to Government Agencies and other Levels of Government,exp,13000000,0,0,0,174,yes
fy-2026-27-development-book-volume-1-1011-1083,1036,State Department for the ASALs and Regional Development,1036114800,Drought Mitigation Interventions - ENNDA,1036114817,Flood Control - ENNDA,2630200,Capital Grants to Government Agencies and other Levels of Government,exp,50000000,0,0,0,174,yes
fy-2026-27-development-book-volume-1-1011-1083,1036,State Department for the ASALs and Regional Development,1036114800,Drought Mitigation Interventions - ENNDA,1036114818,Las Anod Water Pan,2630200,Capital Grants to Government Agencies and other Levels of Government,exp,10000000,7700000,0,0,174,yes
fy-2026-27-development-book-volume-1-1011-1083,1036,State Department for the ASALs and Regional Development,1036114800,Drought Mitigation Interventions - ENNDA,1036114819,Malayley Water Pan,2630200,Capital Grants to Government Agencies and other Levels of Government,exp,10000000,7700000,0,0,174,yes
fy-2026-27-development-book-volume-1-1011-1083,1036,State Department for the ASALs and Regional Development,1036114800,Drought Mitigation Interventions - ENNDA,1036114820,Construction of Qumbiso Water Pan - ENDDA,2630200,Capital Grants to Government Agencies and other Levels of Government,exp,0,16250000,0,0,174,yes
fy-2026-27-development-book-volume-1-1011-1083,1036,State Department for the ASALs and Regional Development,1036114800,Drought Mitigation Interventions - ENNDA,1036114821,Construction of Dudhgeri Center Water Pan - ENDDA,2630200,Capital Grants to Government Agencies and other Levels of Government,exp,0,16250000,0,0,174,yes
fy-2026-27-development-book-volume-1-1011-1083,1036,State Department for the ASALs and Regional Development,1036114800,Drought Mitigation Interventions - ENNDA,1036114822,Construction of El- Danaba Water Pan - ENDDA,2630200,Capital Grants to Government Agencies and other Levels of Government,exp,0,16250000,0,0,174,yes
fy-2026-27-development-book-volume-1-1011-1083,1036,State Department for the ASALs and Regional Development,1036114800,Drought Mitigation Interventions - ENNDA,1036114823,Construction of Samburu North Seren Water Pan - ENDDA,2630200,Capital Grants to Government Agencies and other Levels of Government,exp,0,16250000,0,0,175,yes
fy-2026-27-development-book-volume-1-1011-1083,1036,State Department for the ASALs and Regional Development,1036114800,Drought Mitigation Interventions - ENNDA,1036114824,Kilepoi Pan-Nyiro Samburu - ENNDA,2630200,Capital Grants to Government Agencies and other Levels of Government,exp,0,50000000,0,0,175,yes
fy-2026-27-development-book-volume-1-1011-1083,1036,State Department for the ASALs and Regional Development,1036115100,Tana and Athi river Catchment Management Program -TARDA,1036115101,Tana and Athi river Catchment Management Program,2630200,Capital Grants to Government Agencies and other Levels of Government,exp,0,30000000,30000000,30000000,175,yes
fy-2026-27-development-book-volume-1-1011-1083,1036,State Department for the ASALs and Regional Development,1036116000,BETA Priorities and Flood Control -KVDA,1036116053,Chemoibon Dam (Keiyo South),2630200,Capital Grants to Government Agencies and other Levels of Government,exp,25000000,0,0,0,175,yes
fy-2026-27-development-book-volume-1-1011-1083,1036,State Department for the ASALs and Regional Development,1036116000,BETA Priorities and Flood Control -KVDA,1036116054,Arur Dam (Masol),2630200,Capital Grants to Government Agencies and other Levels of Government,exp,25000000,0,0,0,175,yes
fy-2026-27-development-book-volume-1-1011-1083,1036,State Department for the ASALs and Regional Development,1036116000,BETA Priorities and Flood Control -KVDA,1036116055,Chelakatet borehole (Batei),2630200,Capital Grants to Government Agencies and other Levels of Government,exp,10000000,0,0,0,175,yes
fy-2026-27-development-book-volume-1-1011-1083,1036,State Department for the ASALs and Regional Development,1036116000,BETA Priorities and Flood Control -KVDA,1036116056,Nkeju Emuny Borehole,2630200,Capital Grants to Government Agencies and other Levels of Government,exp,10000000,0,0,0,175,yes
fy-2026-27-development-book-volume-1-1011-1083,1036,State Department for the ASALs and Regional Development,1036116000,BETA Priorities and Flood Control -KVDA,1036116057,Angata Ronkai borehole,2630200,Capital Grants to Government Agencies and other Levels of Government,exp,10000000,0,0,0,175,yes
fy-2026-27-development-book-volume-1-1011-1083,1036,State Department for the ASALs and Regional Development,1036116000,BETA Priorities and Flood Control -KVDA,1036116058,Nomotion borehole,2630200,Capital Grants to Government Agencies and other Levels of Government,exp,10000000,0,0,0,175,yes
fy-2026-27-development-book-volume-1-1011-1083,1036,State Department for the ASALs and Regional Development,1036116000,BETA Priorities and Flood Control -KVDA,1036116059,Sekete borehole,2630200,Capital Grants to Government Agencies and other Levels of Government,exp,10000000,0,0,0,176,yes
fy-2026-27-development-book-volume-1-1011-1083,1036,State Department for the ASALs and Regional Development,1036116100,BETA Priorities and Flood Control-ENNDA,1036116141,Haro Girisa - Qilta location,2630200,Capital Grants to Government Agencies and other Levels of Government,exp,10000000,0,0,0,176,yes
fy-2026-27-development-book-volume-1-1011-1083,1036,State Department for the ASALs and Regional Development,1036116100,BETA Priorities and Flood Control-ENNDA,1036116142,Rehabilitation of Ramaadey Water Pan (Wajir North),2630200,Capital Grants to Government Agencies and other Levels of Government,exp,30000000,0,0,0,176,yes
fy-2026-27-development-book-volume-1-1011-1083,1036,State Department for the ASALs and Regional Development,1036116100,BETA Priorities and Flood Control-ENNDA,1036116143,Rehabilitation of Kunjure Water Pan,2630200,Capital Grants to Government Agencies and other Levels of Government,exp,30000000,0,0,0,176,yes
fy-2026-27-development-book-volume-1-1011-1083,1036,State Department for the ASALs and Regional Development,1036116100,BETA Priorities and Flood Control-ENNDA,1036116144,Kilkiley livestock market water supply (Wajir),2630200,Capital Grants to Government Agencies and other Levels of Government,exp,20000000,0,0,0,176,yes
fy-2026-27-development-book-volume-1-1011-1083,1036,State Department for the ASALs and Regional Development,1036116100,BETA Priorities and Flood Control-ENNDA,1036116145,Rehabilitation of Hote Livestock Pan,2630200,Capital Grants to Government Agencies and other Levels of Government,exp,25000000,0,0,0,176,yes
fy-2026-27-development-book-volume-1-1011-1083,1036,State Department for the ASALs and Regional Development,1036116100,BETA Priorities and Flood Control-ENNDA,1036116146,Rehabilitation of Baqaqa Water Pan (Wajir North),2630200,Capital Grants to Government Agencies and other Levels of Government,exp,30000000,0,0,0,176,yes
fy-2026-27-development-book-volume-1-1011-1083,1036,State Department for the ASALs and Regional Development,1036116100,BETA Priorities and Flood Control-ENNDA,1036116147,Rehabilitation of Bute Wayamo Water Pan,2630200,Capital Grants to Government Agencies and other Levels of Government,exp,30000000,0,0,0,176,yes
fy-2026-27-development-book-volume-1-1011-1083,1036,State Department for the ASALs and Regional Development,1036116100,BETA Priorities and Flood Control-ENNDA,1036116148,Rehabilitation of Rabso Water Pan,2630200,Capital Grants to Government Agencies and other Levels of Government,exp,30000000,0,0,0,176,yes
fy-2026-27-development-book-volume-1-1011-1083,1036,State Department for the ASALs and Regional Development,1036116100,BETA Priorities and Flood Control-ENNDA,1036116149,Rehabilitation of Jithey Water Pan (Korondille),2630200,Capital Grants to Government Agencies and other Levels of Government,exp,30000000,0,0,0,177,yes
fy-2026-27-development-book-volume-1-1011-1083,1036,State Department for the ASALs and Regional Development,1036116100,BETA Priorities and Flood Control-ENNDA,1036116150,Tokojo water pan desilting,2630200,Capital Grants to Government Agencies and other Levels of Government,exp,15000000,0,0,0,177,yes
fy-2026-27-development-book-volume-1-1011-1083,1036,State Department for the ASALs and Regional Development,1036116100,BETA Priorities and Flood Control-ENNDA,1036116151,Desilting of Basakurow water pan,2630200,Capital Grants to Government Agencies and other Levels of Government,exp,15000000,0,0,0,177,yes
fy-2026-27-development-book-volume-1-1011-1083,1036,State Department for the ASALs and Regional Development,1036116100,BETA Priorities and Flood Control-ENNDA,1036116152,Kubihalo Water pan (Mandera West),2630200,Capital Grants to Government Agencies and other Levels of Government,exp,30000000,0,0,0,177,yes
fy-2026-27-development-book-volume-1-1011-1083,1036,State Department for the ASALs and Regional Development,1036116100,BETA Priorities and Flood Control-ENNDA,1036116153,Sere Rongai water pan,2630200,Capital Grants to Government Agencies and other Levels of Government,exp,30000000,0,0,0,177,yes
fy-2026-27-development-book-volume-1-1011-1083,1036,State Department for the ASALs and Regional Development,1036116100,BETA Priorities and Flood Control-ENNDA,1036116154,Desilting of lago karo water pan in Dandu (Mandera West),2630200,Capital Grants to Government Agencies and other Levels of Government,exp,30000000,0,0,0,177,yes
fy-2026-27-development-book-volume-1-1011-1083,1036,State Department for the ASALs and Regional Development,1036116100,BETA Priorities and Flood Control-ENNDA,1036116155,Desilting and expansion of Shimbir water pan (Mandera South),2630200,Capital Grants to Government Agencies and other Levels of Government,exp,30000000,0,0,0,177,yes
fy-2026-27-development-book-volume-1-1011-1083,1036,State Department for the ASALs and Regional Development,1036116100,BETA Priorities and Flood Control-ENNDA,1036116156,Marille Danaba borehole (Banissa),2630200,Capital Grants to Government Agencies and other Levels of Government,exp,20000000,0,0,0,177,yes
fy-2026-27-development-book-volume-1-1011-1083,1036,State Department for the ASALs and Regional Development,1036116100,BETA Priorities and Flood Control-ENNDA,1036116157,Ardahallo Water pan (Mandera West),2630200,Capital Grants to Government Agencies and other Levels of Government,exp,20000000,0,0,0,177,yes
fy-2026-27-development-book-volume-1-1011-1083,1036,State Department for the ASALs and Regional Development,1036116100,BETA Priorities and Flood Control-ENNDA,1036116158,Choroqo water Pan,2630200,Capital Grants to Government Agencies and other Levels of Government,exp,15000000,0,0,0,177,yes
fy-2026-27-development-book-volume-1-1011-1083,1036,State Department for the ASALs and Regional Development,1036116200,BETA Priorities and Flood Control - TARDA,1036116209,Mukuria Day Sec School borehole (Kyeni East),2630200,Capital Grants to Government Agencies and other Levels of Government,exp,15000000,0,0,0,178,yes
fy-2026-27-development-book-volume-1-1011-1083,1036,State Department for the ASALs and Regional Development,1036116200,BETA Priorities and Flood Control - TARDA,1036116210,Mathakwaini Secondary School Borehole (Tetu),2630200,Capital Grants to Government Agencies and other Levels of Government,exp,15000000,0,0,0,178,yes
fy-2026-27-development-book-volume-1-1011-1083,1036,State Department for the ASALs and Regional Development,1036116200,BETA Priorities and Flood Control - TARDA,1036116211,Kyangulumi Sub Chiefs Office borehole,2630200,Capital Grants to Government Agencies and other Levels of Government,exp,10000000,0,0,0,178,yes
fy-2026-27-development-book-volume-1-1011-1083,1036,State Department for the ASALs and Regional Development,1036116300,BETA Priorities and Flood Control - LBDA,1036116348,Nyangande community water pan,2630200,Capital Grants to Government Agencies and other Levels of Government,exp,20000000,0,0,0,178,yes
fy-2026-27-development-book-volume-1-1011-1083,1036,State Department for the ASALs and Regional Development,1036116300,BETA Priorities and Flood Control - LBDA,1036116349,Oboro community water pan,2630200,Capital Grants to Government Agencies and other Levels of Government,exp,20000000,0,0,0,178,yes
fy-2026-27-development-book-volume-1-1011-1083,1036,State Department for the ASALs and Regional Development,1036116300,BETA Priorities and Flood Control - LBDA,1036116350,Bar Olengo community water pan,2630200,Capital Grants to Government Agencies and other Levels of Government,exp,20000000,0,0,0,178,yes
fy-2026-27-development-book-volume-1-1011-1083,1036,State Department for the ASALs and Regional Development,1036116300,BETA Priorities and Flood Control - LBDA,1036116351,Nyamage Water pan/dam East Gem Ward,2630200,Capital Grants to Government Agencies and other Levels of Government,exp,15000000,0,0,0,178,yes
fy-2026-27-development-book-volume-1-1011-1083,1036,State Department for the ASALs and Regional Development,1036116300,BETA Priorities and Flood Control - LBDA,1036116352,Riege Water pan Genga Location West Gem Ward,2630200,Capital Grants to Government Agencies and other Levels of Government,exp,15000000,0,0,0,178,yes
fy-2026-27-development-book-volume-1-1011-1083,1036,State Department for the ASALs and Regional Development,1036116400,BETA Priorities and Flood Control - CDA,1036116412,Marungu - Mwanda water pan (Wundanyi),2630200,Capital Grants to Government Agencies and other Levels of Government,exp,30000000,0,0,0,179,yes
fy-2026-27-development-book-volume-1-1011-1083,1036,State Department for the ASALs and Regional Development,1036116400,BETA Priorities and Flood Control - CDA,1036116413,Kulikila borehole (Buguta location),2630200,Capital Grants to Government Agencies and other Levels of Government,exp,10000000,0,0,0,179,yes
fy-2026-27-development-book-volume-1-1011-1083,1036,State Department for the ASALs and Regional Development,1036116400,BETA Priorities and Flood Control - CDA,1036116414,Zungulukani borehole (Makwasinyi location),2630200,Capital Grants to Government Agencies and other Levels of Government,exp,10000000,0,0,0,179,yes
fy-2026-27-development-book-volume-1-1011-1083,1036,State Department for the ASALs and Regional Development,1036116400,BETA Priorities and Flood Control - CDA,1036116415,Kwa Nzovuni Water pan (Bamba ward),2630200,Capital Grants to Government Agencies and other Levels of Government,exp,20000000,0,0,0,179,yes
fy-2026-27-development-book-volume-1-1011-1083,1036,State Department for the ASALs and Regional Development,1036117000,Construction of Dykes,1036117001,"Construction of Dykes in Muhoroni and Nyando Constituencies,",2630200,Capital Grants to Government Agencies and other Levels of Government,exp,100000000,80000000,100000000,100000000,179,yes
fy-2026-27-development-book-volume-1-1011-1083,1036,State Department for the ASALs and Regional Development,1036119000,Etio Phase II Water Distribution Supply,1036119001,Etio Phase II Water Distribution Supply,2630200,Capital Grants to Government Agencies and other Levels of Government,exp,120000000,130000000,0,0,179,yes
fy-2026-27-development-book-volume-1-1011-1083,1036,State Department for the ASALs and Regional Development,1036119100,National Drought Management Authority,1036119107,Bangale Water Dam,2630200,Capital Grants to Government Agencies and other Levels of Government,exp,20000000,0,0,0,179,yes
fy-2026-27-development-book-volume-1-1011-1083,1036,State Department for the ASALs and Regional Development,1036119100,National Drought Management Authority,1036119108,Harshilmi Dam,2630200,Capital Grants to Government Agencies and other Levels of Government,exp,20000000,0,0,0,179,yes
fy-2026-27-development-book-volume-1-1011-1083,1036,State Department for the ASALs and Regional Development,1036119100,National Drought Management Authority,1036119109,Mansa Dam,2630200,Capital Grants to Government Agencies and other Levels of Government,exp,20000000,0,0,0,180,yes
fy-2026-27-development-book-volume-1-1011-1083,1036,State Department for the ASALs and Regional Development,1036119100,National Drought Management Authority,1036119110,Ochilo Dam,2630200,Capital Grants to Government Agencies and other Levels of Government,exp,25000000,0,0,0,180,yes
fy-2026-27-development-book-volume-1-1011-1083,1036,State Department for the ASALs and Regional Development,1036119100,National Drought Management Authority,1036119111,Orno Dam,2630200,Capital Grants to Government Agencies and other Levels of Government,exp,20000000,0,0,0,180,yes
fy-2026-27-development-book-volume-1-1011-1083,1036,State Department for the ASALs and Regional Development,1036119100,National Drought Management Authority,1036119112,Rubu Waterpan,2630200,Capital Grants to Government Agencies and other Levels of Government,exp,20000000,0,0,0,180,yes
fy-2026-27-development-book-volume-1-1011-1083,1036,State Department for the ASALs and Regional Development,1036119100,National Drought Management Authority,1036119113,Waa Dam,2630200,Capital Grants to Government Agencies and other Levels of Government,exp,25000000,0,0,0,180,yes
fy-2026-27-development-book-volume-1-1011-1083,1036,State Department for the ASALs and Regional Development,1036119100,National Drought Management Authority,1036119117,Goda Water pan (Wajir South),2630200,Capital Grants to Government Agencies and other Levels of Government,exp,20000000,0,0,0,180,yes
fy-2026-27-development-book-volume-1-1011-1083,1036,State Department for the ASALs and Regional Development,1036119100,National Drought Management Authority,1036119118,Solarization and Fencing of Qurehay Farm,2630200,Capital Grants to Government Agencies and other Levels of Government,exp,15000000,0,0,0,180,yes
fy-2026-27-development-book-volume-1-1011-1083,1036,State Department for the ASALs and Regional Development,1036119100,National Drought Management Authority,1036119119,Desilting and Rehabilitation of Segera earth dam (Laikipia East),2630200,Capital Grants to Government Agencies and other Levels of Government,exp,15000000,0,0,0,180,yes
fy-2026-27-development-book-volume-1-1011-1083,1036,State Department for the ASALs and Regional Development,1036119100,National Drought Management Authority,1036119120,Mbingoni Borehole,2630200,Capital Grants to Government Agencies and other Levels of Government,exp,15000000,0,0,0,180,yes
fy-2026-27-development-book-volume-1-1011-1083,1036,State Department for the ASALs and Regional Development,1036119100,National Drought Management Authority,1036119121,Desilting Boji water pan Isiolo,2630200,Capital Grants to Government Agencies and other Levels of Government,exp,15000000,0,0,0,180,yes
fy-2026-27-development-book-volume-1-1011-1083,1036,State Department for the ASALs and Regional Development,1036119100,National Drought Management Authority,1036119122,Pamba pan desilting (Seker),2630200,Capital Grants to Government Agencies and other Levels of Government,exp,15000000,0,0,0,181,yes
fy-2026-27-development-book-volume-1-1011-1083,1036,State Department for the ASALs and Regional Development,1036119100,National Drought Management Authority,1036119123,Lowoi pan desilting (Kiwawa),2630200,Capital Grants to Government Agencies and other Levels of Government,exp,15000000,0,0,0,181,yes
fy-2026-27-development-book-volume-1-1011-1083,1036,State Department for the ASALs and Regional Development,1036119700,ASALs Fodder Production,1036119701,ASALs Fodder Production,3111400,"Research, Feasibility Studies, Project Preparation and Design, Project S",exp,0,20000000,0,0,181,yes
fy-2026-27-development-book-volume-1-1011-1083,1036,State Department for the ASALs and Regional Development,1036119800,Production of 5Billion Fruit Tree seedling,1036119801,Production of 5Billion Fruit Tree seedling,2630200,Capital Grants to Government Agencies and other Levels of Government,exp,50000000,0,0,0,181,yes
fy-2026-27-development-book-volume-1-1011-1083,1036,State Department for the ASALs and Regional Development,1036120100,Eldas Lakoley South Water Supply Project - ENNDA,1036120101,Eldas Lakoley South Water Supply Project - ENNDA,2630200,Capital Grants to Government Agencies and other Levels of Government,exp,10000000,0,0,0,181,yes
fy-2026-27-development-book-volume-1-1011-1083,1036,State Department for the ASALs and Regional Development,1036120200,Sololo Ramata Water Supply Project,1036120201,Sololo Ramata Water Supply Project,2630200,Capital Grants to Government Agencies and other Levels of Government,exp,10000000,0,0,0,181,yes
fy-2026-27-development-book-volume-1-1011-1083,1036,State Department for the ASALs and Regional Development,1036120400,Pulunga Borehole - ENSDA,1036120401,Pulunga Borehole - ENSDA,2630200,Capital Grants to Government Agencies and other Levels of Government,exp,10000000,0,0,0,182,yes
fy-2026-27-development-book-volume-1-1011-1083,1036,State Department for the ASALs and Regional Development,1036120500,Kiserian (Ereteti Village KJD) - ENSDA,1036120501,Kiserian (Ereteti Village KJD) - ENSDA,2630200,Capital Grants to Government Agencies and other Levels of Government,exp,10000000,0,0,0,182,yes
fy-2026-27-development-book-volume-1-1011-1083,1036,State Department for the ASALs and Regional Development,1036120600,Ololtoto Borehole - ENSDA,1036120601,Ololtoto Borehole - ENSDA,2630200,Capital Grants to Government Agencies and other Levels of Government,exp,10000000,0,0,0,182,yes
fy-2026-27-development-book-volume-1-1011-1083,1036,State Department for the ASALs and Regional Development,1036121000,St Celestino Nyangubo girls water project - ( LBDA),1036121001,St Celestino Nyangubo girls water project - ( LBDA),2630200,Capital Grants to Government Agencies and other Levels of Government,exp,15000000,0,0,0,182,yes
fy-2026-27-development-book-volume-1-1011-1083,1036,State Department for the ASALs and Regional Development,1036121100,St Francis Wiga girls water project - ( LBDA),1036121101,St Francis Wiga girls water project - ( LBDA),2630200,Capital Grants to Government Agencies and other Levels of Government,exp,15000000,0,0,0,182,yes
fy-2026-27-development-book-volume-1-1011-1083,1036,State Department for the ASALs and Regional Development,1036121200,Sibuoche mixed water project - ( LBDA),1036121201,Sibuoche mixed water project - ( LBDA),2630200,Capital Grants to Government Agencies and other Levels of Government,exp,15000000,0,0,0,183,yes
fy-2026-27-development-book-volume-1-1011-1083,1036,State Department for the ASALs and Regional Development,1036121600,Modernizing Ndhiwa Honey Processing Plant,1036121601,Modernizing Ndhiwa Honey Processing Plant,2630200,Capital Grants to Government Agencies and other Levels of Government,exp,100000000,0,0,0,183,yes
fy-2026-27-development-book-volume-1-1011-1083,1036,State Department for the ASALs and Regional Development,1036121700,Khalaba Dam,1036121701,Khalaba Dam,3110500,Construction and Civil Works,exp,30000000,0,0,0,183,yes
fy-2026-27-development-book-volume-1-1011-1083,1036,State Department for the ASALs and Regional Development,1036121800,Madhgasi Water Dam,1036121801,Madhgasi Water Dam,2630200,Capital Grants to Government Agencies and other Levels of Government,exp,50000000,0,0,0,183,yes
fy-2026-27-development-book-volume-1-1011-1083,1036,State Department for the ASALs and Regional Development,1036121900,Ewaso Ng'iro North Catchment Conservation Project - HQ,1036121901,Ewaso Ng'iro North Catchment Conservation Project - HQ,2630200,Capital Grants to Government Agencies and other Levels of Government,exp,100000000,0,0,0,183,yes
fy-2026-27-development-book-volume-1-1011-1083,1036,State Department for the ASALs and Regional Development,1036122000,Loyapat Surface Irrigation Scheme- KVDA,1036122001,Loyapat Surface Irrigation Scheme- KVDA,2630200,Capital Grants to Government Agencies and other Levels of Government,exp,50000000,0,0,0,183,yes
fy-2026-27-development-book-volume-1-1011-1083,1036,State Department for the ASALs and Regional Development,1036122100,Drilling and equipping of 11 water boreholes -KVDA,1036122101,Drilling and equipping of 11 water boreholes -KVDA,2630200,Capital Grants to Government Agencies and other Levels of Government,exp,120000000,0,0,0,184,yes
fy-2026-27-development-book-volume-1-1011-1083,1036,State Department for the ASALs and Regional Development,1036122200,"Construction of a water Pan in Lokakwan, Kibish-KVDA",1036122201,"Construction of a water Pan in Lokakwan, Kibish-KVDA",2630200,Capital Grants to Government Agencies and other Levels of Government,exp,20000000,0,0,0,184,yes
fy-2026-27-development-book-volume-1-1011-1083,1036,State Department for the ASALs and Regional Development,1036122300,Climate Smart Integrated Pasture Production in Song'ot-KVDA,1036122301,Climate Smart Integrated Pasture Production in Song'ot-KVDA,2630200,Capital Grants to Government Agencies and other Levels of Government,exp,30000000,0,0,0,184,yes
fy-2026-27-development-book-volume-1-1011-1083,1036,State Department for the ASALs and Regional Development,1036122400,Construction of Napuu Farm Guest House-KVDA,1036122401,Construction of Napuu Farm Guest House-KVDA,2630200,Capital Grants to Government Agencies and other Levels of Government,exp,30000000,0,0,0,184,yes
fy-2026-27-development-book-volume-1-1011-1083,1036,State Department for the ASALs and Regional Development,1036122600,Construction of Chemaluk Water Project in Uasin Gishu - KVDA,1036122601,Construction of Chemaluk Water Project in Uasin Gishu - KVDA,2630200,Capital Grants to Government Agencies and other Levels of Government,exp,0,26700000,0,0,184,yes
fy-2026-27-development-book-volume-1-1011-1083,1036,State Department for the ASALs and Regional Development,1036122700,Community Lead Initiative - Climate Adaptation & Rights (CLICCAR),1036122701,Community Lead Initiative - Climate Adaptation & Rights (CLICCAR),2630200,Capital Grants to Government Agencies and other Levels of Government,exp,0,100000000,0,0,185,yes
fy-2026-27-development-book-volume-1-1011-1083,1041,Ministry of Defence,1041100300,Modernization Programme-BETA,1041100301,Modernization Programme,2630200,Capital Grants to Government Agencies and other Levels of Government,exp,3900000000,9800400000,16100400000,21100400000,232,yes
fy-2026-27-development-book-volume-1-1011-1083,1041,Ministry of Defence,1041100300,Modernization Programme-BETA,1041100301,Modernization Programme,3110200,Construction of Building,exp,534000000,534000000,534000000,534000000,232,yes
fy-2026-27-development-book-volume-1-1011-1083,1041,Ministry of Defence,1041100300,Modernization Programme-BETA,1041100301,Modernization Programme,5120200,Foreign Borrowing - Direct Payments,aia,3100000000,6100400000,6100400000,6100400000,232,yes
fy-2026-27-development-book-volume-1-1011-1083,1041,Ministry of Defence,1041100300,Modernization Programme-BETA,1041100301,Modernization Programme,1410400,Rents,aia,534000000,534000000,534000000,534000000,232,yes
fy-2026-27-development-book-volume-1-1011-1083,1041,Ministry of Defence,1041100500,Kenya Meat Commission,1041100501,Kenya Meat Commission,2630200,Capital Grants to Government Agencies and other Levels of Government,exp,200000000,300000000,0,0,232,yes
fy-2026-27-development-book-volume-1-1011-1083,1053,State Department for Foreign Affairs,1053100200,Construction and Various Renovations in Pretoria,1053100201,Construction and Various Renovations in Pretoria,3110300,Refurbishment of Buildings,exp,15000000,0,0,0,238,yes
fy-2026-27-development-book-volume-1-1011-1083,1053,State Department for Foreign Affairs,1053100300,Construction and refurbishment of an office block in Mogadishu,1053100301,Construction and refurbishment of an office block in Mogadishu,3110300,Refurbishment of Buildings,exp,30000000,0,0,0,238,yes
fy-2026-27-development-book-volume-1-1011-1083,1053,State Department for Foreign Affairs,1053100400,Renovation of government owned properties in Washington DC,1053100401,Renovation of government owned properties in Washington DC,3110300,Refurbishment of Buildings,exp,35000000,0,0,0,238,yes
fy-2026-27-development-book-volume-1-1011-1083,1053,State Department for Foreign Affairs,1053100500,Upgrading and renovations of ambassador's residence in London,1053100501,Upgrading and renovations of ambassador's residence in London,3110300,Refurbishment of Buildings,exp,18000000,50000000,100000000,200000000,238,yes
fy-2026-27-development-book-volume-1-1011-1083,1053,State Department for Foreign Affairs,1053100600,Renovation of government owned property in Stockholm Sweden,1053100601,Renovation of government owned property in Stockholm Sweden,3110300,Refurbishment of Buildings,exp,15000000,0,0,0,238,yes
fy-2026-27-development-book-volume-1-1011-1083,1053,State Department for Foreign Affairs,1053100700,Chancery Renovation in Abuja,1053100701,Chancery Renovation in Abuja,3110300,Refurbishment of Buildings,exp,10000000,20000000,0,0,239,yes
fy-2026-27-development-book-volume-1-1011-1083,1053,State Department for Foreign Affairs,1053100800,Renovation of ambassadors residence in Dar-es-Salaam,1053100801,Renovation of ambassadors residence in Dar-es-Salaam,3110300,Refurbishment of Buildings,exp,5300000,0,0,0,239,yes
fy-2026-27-development-book-volume-1-1011-1083,1053,State Department for Foreign Affairs,1053100900,Construction of chancery in Islamabad,1053100901,Construction of chancery in Islamabad,3110300,Refurbishment of Buildings,exp,35000000,0,0,0,239,yes
fy-2026-27-development-book-volume-1-1011-1083,1053,State Department for Foreign Affairs,1053101100,Renovation of government owned properties in Kinshasa,1053101101,Renovation of government owned properties in Kinshasa,3110300,Refurbishment of Buildings,exp,120000000,150000000,150000000,120000000,239,yes
fy-2026-27-development-book-volume-1-1011-1083,1053,State Department for Foreign Affairs,1053101200,Renovation of government owned properties in Addis Ababa,1053101201,Renovation of government owned properties in Addis Ababa,3110300,Refurbishment of Buildings,exp,150000000,30000000,30000000,0,239,yes
fy-2026-27-development-book-volume-1-1011-1083,1053,State Department for Foreign Affairs,1053101300,Renovation of government properties in New York,1053101301,Renovation of government properties in New York,3110300,Refurbishment of Buildings,exp,550000000,623200000,925000000,1380000000,239,yes
fy-2026-27-development-book-volume-1-1011-1083,1053,State Department for Foreign Affairs,1053101400,Renovation of government owned properties in Lusaka,1053101401,Renovation of government owned properties in Lusaka,3110300,Refurbishment of Buildings,exp,170000000,100000000,195000000,215000000,240,yes
fy-2026-27-development-book-volume-1-1011-1083,1053,State Department for Foreign Affairs,1053101500,Alterations of chancery and security enhancement in Kampala,1053101501,Alterations of chancery and security enhancement in Kampala,3110300,Refurbishment of Buildings,exp,10000000,100000000,0,0,240,yes
fy-2026-27-development-book-volume-1-1011-1083,1053,State Department for Foreign Affairs,1053101700,Repairs of Embassy roof in Paris,1053101701,Repairs of Embassy roof in Paris,3110300,Refurbishment of Buildings,exp,35000000,50000000,50000000,0,240,yes
fy-2026-27-development-book-volume-1-1011-1083,1053,State Department for Foreign Affairs,1053101800,Repairs of Ambassador's residence in Hague,1053101801,Repairs of Ambassador's residence in Hague,3110300,Refurbishment of Buildings,exp,25000000,20000000,0,0,240,yes
fy-2026-27-development-book-volume-1-1011-1083,1053,State Department for Foreign Affairs,1053102600,Kenya International Technical Co-operation Facility,1053102601,Kenya International Technical Co-operation Facility,2630200,Capital Grants to Government Agencies and other Levels of Government,exp,150000000,200000000,150000000,150000000,240,yes
fy-2026-27-development-book-volume-1-1011-1083,1053,State Department for Foreign Affairs,1053102800,Refurbishment of Headquarters Building,1053102801,Refurbishment of Headquarters Building,3110300,Refurbishment of Buildings,exp,45000000,50000000,100000000,100000000,241,yes
fy-2026-27-development-book-volume-1-1011-1083,1053,State Department for Foreign Affairs,1053103000,Purchase of Chancery offices for UN HABITAT/UNON,1053103001,Purchase of Chancery offices for UN HABITAT/UNON,3110100,Purchase of Buildings,exp,100000000,250000000,200000000,50000000,241,yes
fy-2026-27-development-book-volume-1-1011-1083,1053,State Department for Foreign Affairs,1053103400,Construction of Embassy and residence in Burundi,1053103401,Construction of Embassy and residence in Burundi,3110200,Construction of Building,exp,0,100000000,45000000,55000000,241,yes
fy-2026-27-development-book-volume-1-1011-1083,1053,State Department for Foreign Affairs,1053103800,"Construction of Chancery, residence and fencing in Juba",1053103801,"Construction of Chancery, residence and fencing in Juba",3110200,Construction of Building,exp,0,120000000,45000000,65000000,241,yes
fy-2026-27-development-book-volume-1-1011-1083,1053,State Department for Foreign Affairs,1053104200,Renovation of Embassy and Ambassador's residence in Beijing,1053104201,Renovation of Embassy and Ambassador's residence in Beijing,3110300,Refurbishment of Buildings,exp,5000000,30000000,10000000,15000000,241,yes
fy-2026-27-development-book-volume-1-1011-1083,1053,State Department for Foreign Affairs,1053104300,Renovation of properties in Harare,1053104301,Renovation of properties in Harare,3110300,Refurbishment of Buildings,exp,10000000,20000000,50000000,55000000,242,yes
fy-2026-27-development-book-volume-1-1011-1083,1053,State Department for Foreign Affairs,1053104400,Renovation of Embassy and Ambassador's residence in Riyadh,1053104401,Renovation of Embassy and Ambassador's residence in Riyadh,3110300,Refurbishment of Buildings,exp,0,30000000,30000000,30000000,242,yes
fy-2026-27-development-book-volume-1-1011-1083,1053,State Department for Foreign Affairs,1053104700,ICT Infrastructure in Missions abroad,1053104701,ICT Infrastructure in Missions abroad,3111100,"Purchase of Specialised Plant, Equipment and Machinery",exp,93100000,93100000,150000000,165000000,242,yes
fy-2026-27-development-book-volume-1-1011-1083,1053,State Department for Foreign Affairs,1053105100,Construction of Ministry of Foreign Affairs Headquarters Building,1053105101,Construction of Ministry of Foreign Affairs Headquarters Building,3110200,Construction of Building,exp,100000000,75000000,315000000,475000000,242,yes
fy-2026-27-development-book-volume-1-1011-1083,1053,State Department for Foreign Affairs,1053105100,Construction of Ministry of Foreign Affairs Headquarters Building,1053105101,Construction of Ministry of Foreign Affairs Headquarters Building,3111400,"Research, Feasibility Studies, Project Preparation and Design, Project S",exp,0,25000000,25000000,25000000,242,yes
fy-2026-27-development-book-volume-1-1011-1083,1053,State Department for Foreign Affairs,1053105200,Purchase of Chancery - London,1053105201,Purchase of Chancery - London,3110100,Purchase of Buildings,exp,550000000,0,0,0,242,yes
fy-2026-27-development-book-volume-1-1011-1083,1053,State Department for Foreign Affairs,1053105400,Renovation of Ambassador's Residence in Berlin,1053105401,Renovation of Ambassador's Residence in Berlin,3110300,Refurbishment of Buildings,exp,30000000,0,45000000,50000000,243,yes
fy-2026-27-development-book-volume-1-1011-1083,1053,State Department for Foreign Affairs,1053105500,Renovation and fencing of GoK owned property in Tokyo,1053105501,Renovation and fencing of GoK owned property in Tokyo,3110300,Refurbishment of Buildings,exp,40000000,0,55000000,65000000,243,yes
fy-2026-27-development-book-volume-1-1011-1083,1053,State Department for Foreign Affairs,1053105600,"Construction of Chancery in Cairo, Egypt",1053105601,"Construction of Chancery in Cairo, Egypt",3110200,Construction of Building,exp,0,150000000,350000000,1000000000,243,yes
fy-2026-27-development-book-volume-1-1011-1083,1053,State Department for Foreign Affairs,1053105700,Refurbishment of GoK owned properties in Ottawa,1053105701,Refurbishment of GoK owned properties in Ottawa,3110300,Refurbishment of Buildings,exp,0,40000000,0,0,243,yes
fy-2026-27-development-book-volume-1-1011-1083,1053,State Department for Foreign Affairs,1053105800,Construction and fencing of diplomatic properties in Dodoma,1053105801,Construction and fencing of diplomatic properties in Dodoma,3110200,Construction of Building,exp,0,30000000,30000000,35000000,243,yes
fy-2026-27-development-book-volume-1-1011-1083,1064,State Department for Technical Vocational Education and Training,1064101100,38 GOK-AfDB TTIs PHASE II,1064101101,Wajir TTI,2630200,Capital Grants to Government Agencies and other Levels of Government,exp,0,12740000,10111026,0,261,yes
fy-2026-27-development-book-volume-1-1011-1083,1064,State Department for Technical Vocational Education and Training,1064101100,38 GOK-AfDB TTIs PHASE II,1064101115,Kisumu Polytechnic,2630200,Capital Grants to Government Agencies and other Levels of Government,exp,0,12740000,0,0,261,yes
fy-2026-27-development-book-volume-1-1011-1083,1064,State Department for Technical Vocational Education and Training,1064101100,38 GOK-AfDB TTIs PHASE II,1064101124,Thika TTI,2630200,Capital Grants to Government Agencies and other Levels of Government,exp,0,18721013,0,0,261,yes
fy-2026-27-development-book-volume-1-1011-1083,1064,State Department for Technical Vocational Education and Training,1064101100,38 GOK-AfDB TTIs PHASE II,1064101133,Coast TTI,2630200,Capital Grants to Government Agencies and other Levels of Government,exp,0,3915680,0,0,261,yes
fy-2026-27-development-book-volume-1-1011-1083,1064,State Department for Technical Vocational Education and Training,1064101400,GOK KIPKABUS AND MURANGA TTIs,1064101402,Kipkabus,2630200,Capital Grants to Government Agencies and other Levels of Government,exp,0,3185000,20000000,45000000,261,yes
fy-2026-27-development-book-volume-1-1011-1083,1064,State Department for Technical Vocational Education and Training,1064101500,GoK 60 TTIs EQUIPPING,1064101507,Ijara TTI,2630200,Capital Grants to Government Agencies and other Levels of Government,exp,0,30925000,0,0,261,yes
fy-2026-27-development-book-volume-1-1011-1083,1064,State Department for Technical Vocational Education and Training,1064101500,GoK 60 TTIs EQUIPPING,1064101518,Kipipiri TTI,2630200,Capital Grants to Government Agencies and other Levels of Government,exp,0,6370000,25000000,15000000,261,yes
fy-2026-27-development-book-volume-1-1011-1083,1064,State Department for Technical Vocational Education and Training,1064101500,GoK 60 TTIs EQUIPPING,1064101520,Gacharu TTI,2630200,Capital Grants to Government Agencies and other Levels of Government,exp,0,7310221,0,0,261,yes
fy-2026-27-development-book-volume-1-1011-1083,1064,State Department for Technical Vocational Education and Training,1064101500,GoK 60 TTIs EQUIPPING,1064101522,Lari TTI,2630200,Capital Grants to Government Agencies and other Levels of Government,exp,0,6370000,60000000,30000000,262,yes
fy-2026-27-development-book-volume-1-1011-1083,1064,State Department for Technical Vocational Education and Training,1064101500,GoK 60 TTIs EQUIPPING,1064101526,Endebess TTI - Trans Nzoia,2630200,Capital Grants to Government Agencies and other Levels of Government,exp,10000000,6370000,20000000,15000000,262,yes
fy-2026-27-development-book-volume-1-1011-1083,1064,State Department for Technical Vocational Education and Training,1064101500,GoK 60 TTIs EQUIPPING,1064101541,Ugenya TTI,2630200,Capital Grants to Government Agencies and other Levels of Government,exp,25000000,6370000,42500000,35000000,262,yes
fy-2026-27-development-book-volume-1-1011-1083,1064,State Department for Technical Vocational Education and Training,1064101500,GoK 60 TTIs EQUIPPING,1064101557,Mathioya TTI,2630200,Capital Grants to Government Agencies and other Levels of Government,exp,0,4267900,38300000,30000000,262,yes
fy-2026-27-development-book-volume-1-1011-1083,1064,State Department for Technical Vocational Education and Training,1064101500,GoK 60 TTIs EQUIPPING,1064101558,Sotik TTI,2630200,Capital Grants to Government Agencies and other Levels of Government,exp,0,6370000,30000000,50000000,262,yes
fy-2026-27-development-book-volume-1-1011-1083,1064,State Department for Technical Vocational Education and Training,1064101500,GoK 60 TTIs EQUIPPING,1064101559,Leisamis TTI,2630200,Capital Grants to Government Agencies and other Levels of Government,exp,0,6370000,20000000,25000000,262,yes
fy-2026-27-development-book-volume-1-1011-1083,1064,State Department for Technical Vocational Education and Training,1064101500,GoK 60 TTIs EQUIPPING,1064101560,Nachu TTI,2630200,Capital Grants to Government Agencies and other Levels of Government,exp,0,6370000,28888889,25000000,262,yes
fy-2026-27-development-book-volume-1-1011-1083,1064,State Department for Technical Vocational Education and Training,1064101600,Construction and Equipping of TTIs,1064101626,Narok South TTI,2630200,Capital Grants to Government Agencies and other Levels of Government,exp,0,6370000,10000000,20000000,262,yes
fy-2026-27-development-book-volume-1-1011-1083,1064,State Department for Technical Vocational Education and Training,1064101600,Construction and Equipping of TTIs,1064101637,Tarbaj TTI - Wajir,2630200,Capital Grants to Government Agencies and other Levels of Government,exp,15000000,0,0,0,262,yes
fy-2026-27-development-book-volume-1-1011-1083,1064,State Department for Technical Vocational Education and Training,1064101600,Construction and Equipping of TTIs,1064101656,Gichugu TTI,2630200,Capital Grants to Government Agencies and other Levels of Government,exp,0,4083610,0,0,262,yes
fy-2026-27-development-book-volume-1-1011-1083,1064,State Department for Technical Vocational Education and Training,1064101600,Construction and Equipping of TTIs,1064101679,Uriri Technical Training Institute - Migori,2630200,Capital Grants to Government Agencies and other Levels of Government,exp,60000000,0,0,0,263,yes
fy-2026-27-development-book-volume-1-1011-1083,1064,State Department for Technical Vocational Education and Training,1064101600,Construction and Equipping of TTIs,1064101680,Cardinal Otunga TTI - Tulumba (Bumula),2630200,Capital Grants to Government Agencies and other Levels of Government,exp,25000000,9555000,20000000,37500000,263,yes
fy-2026-27-development-book-volume-1-1011-1083,1064,State Department for Technical Vocational Education and Training,1064103600,Matili TTI,1064103601,construction of tuition Block and Sewer System,2630200,Capital Grants to Government Agencies and other Levels of Government,exp,0,7204325,0,46500000,263,yes
fy-2026-27-development-book-volume-1-1011-1083,1064,State Department for Technical Vocational Education and Training,1064103600,Matili TTI,1064103602,Equipping TTI,2630200,Capital Grants to Government Agencies and other Levels of Government,exp,0,25013509,0,0,263,yes
fy-2026-27-development-book-volume-1-1011-1083,1064,State Department for Technical Vocational Education and Training,1064103900,Michuki TTI,1064103901,construction of Food and Beverage Workshop,2630200,Capital Grants to Government Agencies and other Levels of Government,exp,0,7310222,0,0,263,yes
fy-2026-27-development-book-volume-1-1011-1083,1064,State Department for Technical Vocational Education and Training,1064103900,Michuki TTI,1064103902,Equipping TTI,2630200,Capital Grants to Government Agencies and other Levels of Government,exp,0,6370000,10000000,33000000,263,yes
fy-2026-27-development-book-volume-1-1011-1083,1064,State Department for Technical Vocational Education and Training,1064104100,Mombasa TTI,1064104101,construction of virtual Learning Centre,2630200,Capital Grants to Government Agencies and other Levels of Government,exp,0,7737813,0,0,263,yes
fy-2026-27-development-book-volume-1-1011-1083,1064,State Department for Technical Vocational Education and Training,1064104100,Mombasa TTI,1064104102,Equipping TTI,2630200,Capital Grants to Government Agencies and other Levels of Government,exp,0,24206000,0,33000000,264,yes
fy-2026-27-development-book-volume-1-1011-1083,1064,State Department for Technical Vocational Education and Training,1064104200,Mukiria TTI,1064104201,construction of Mechanical and Electrical Workshop,2630200,Capital Grants to Government Agencies and other Levels of Government,exp,0,0,23000000,37000000,264,yes
fy-2026-27-development-book-volume-1-1011-1083,1064,State Department for Technical Vocational Education and Training,1064104900,Ol'Lessos TTI,1064104903,Construction of Tuition and Applied Sciences Block,2630200,Capital Grants to Government Agencies and other Levels of Government,exp,0,6370000,50000000,31973505,264,yes
fy-2026-27-development-book-volume-1-1011-1083,1064,State Department for Technical Vocational Education and Training,1064105100,Rift Valley TTI,1064105101,construction of Library Block,2630200,Capital Grants to Government Agencies and other Levels of Government,exp,0,31850000,30000000,30947351,264,yes
fy-2026-27-development-book-volume-1-1011-1083,1064,State Department for Technical Vocational Education and Training,1064105700,Wote TTI,1064105702,Equipping TTI,2630200,Capital Grants to Government Agencies and other Levels of Government,exp,0,12740000,0,40000000,264,yes
fy-2026-27-development-book-volume-1-1011-1083,1064,State Department for Technical Vocational Education and Training,1064105700,Wote TTI,1064105703,construction of Perimeter wall,2630200,Capital Grants to Government Agencies and other Levels of Government,exp,0,8206248,0,33783999,264,yes
fy-2026-27-development-book-volume-1-1011-1083,1064,State Department for Technical Vocational Education and Training,1064106100,Gusii IT,1064106101,Construction of a Tuition Complex,2630200,Capital Grants to Government Agencies and other Levels of Government,exp,0,19110000,30000000,20000000,265,yes
fy-2026-27-development-book-volume-1-1011-1083,1064,State Department for Technical Vocational Education and Training,1064106300,Nyandarua IST,1064106301,Completion of Library Phase I,2630200,Capital Grants to Government Agencies and other Levels of Government,exp,0,25480000,30000000,23080321,265,yes
fy-2026-27-development-book-volume-1-1011-1083,1064,State Department for Technical Vocational Education and Training,1064107000,Sikri TTI for the Blind and Deaf,1064107002,Construction of Dining Hall,2630200,Capital Grants to Government Agencies and other Levels of Government,exp,15000000,12740000,10000000,17500000,265,yes
fy-2026-27-development-book-volume-1-1011-1083,1064,State Department for Technical Vocational Education and Training,1064107000,Sikri TTI for the Blind and Deaf,1064107004,Infrastructure Support,2630200,Capital Grants to Government Agencies and other Levels of Government,exp,30000000,0,0,0,265,yes
fy-2026-27-development-book-volume-1-1011-1083,1064,State Department for Technical Vocational Education and Training,1064107100,Machakos Technical Institute for the Blind,1064107102,Construction of Dining Hall,2630200,Capital Grants to Government Agencies and other Levels of Government,exp,10000000,12740000,10000000,17000000,265,yes
fy-2026-27-development-book-volume-1-1011-1083,1064,State Department for Technical Vocational Education and Training,1064107300,St. Joseph's Technical Institute for the Deaf,1064107302,Construction of Dining Hall,2630200,Capital Grants to Government Agencies and other Levels of Government,exp,10000000,12740000,20000000,25000000,265,yes
fy-2026-27-development-book-volume-1-1011-1083,1064,State Department for Technical Vocational Education and Training,1064108000,Mandera TTI,1064108001,Mandera TTI,2630200,Capital Grants to Government Agencies and other Levels of Government,exp,0,30861816,0,0,266,yes
fy-2026-27-development-book-volume-1-1011-1083,1064,State Department for Technical Vocational Education and Training,1064108500,GoK - China Phase II 134 TTIs Equipping - BETA,1064108501,GoK - China Phase II 134 TTIs Equipping,2640500,Other Capital Grants and Transfers,exp,0,88255000,290000000,796588859,266,yes
fy-2026-27-development-book-volume-1-1011-1083,1064,State Department for Technical Vocational Education and Training,1064108700,Construction of Thirty New TTIs,1064108703,Construction of Suba South TTI,2630200,Capital Grants to Government Agencies and other Levels of Government,exp,0,6370000,4000000,44000000,266,yes
fy-2026-27-development-book-volume-1-1011-1083,1064,State Department for Technical Vocational Education and Training,1064108700,Construction of Thirty New TTIs,1064108704,Construction of Mbeere North TTI,2630200,Capital Grants to Government Agencies and other Levels of Government,exp,0,0,20000000,48471500,266,yes
fy-2026-27-development-book-volume-1-1011-1083,1064,State Department for Technical Vocational Education and Training,1064108700,Construction of Thirty New TTIs,1064108705,Construction of Kigumo TTI,2630200,Capital Grants to Government Agencies and other Levels of Government,exp,0,0,28000000,34692320,266,yes
fy-2026-27-development-book-volume-1-1011-1083,1064,State Department for Technical Vocational Education and Training,1064108700,Construction of Thirty New TTIs,1064108706,Construction of Kacheliba TTI,2630200,Capital Grants to Government Agencies and other Levels of Government,exp,0,0,22000000,47043000,266,yes
fy-2026-27-development-book-volume-1-1011-1083,1064,State Department for Technical Vocational Education and Training,1064108700,Construction of Thirty New TTIs,1064108707,Construction of Kilgoris TTI,2630200,Capital Grants to Government Agencies and other Levels of Government,exp,0,0,21000000,46358752,266,yes
fy-2026-27-development-book-volume-1-1011-1083,1064,State Department for Technical Vocational Education and Training,1064108700,Construction of Thirty New TTIs,1064108708,Construction of Langata TTI,2630200,Capital Grants to Government Agencies and other Levels of Government,exp,0,0,25000000,35638429,266,yes
fy-2026-27-development-book-volume-1-1011-1083,1064,State Department for Technical Vocational Education and Training,1064108700,Construction of Thirty New TTIs,1064108709,Construction of Khwisero TTI,2630200,Capital Grants to Government Agencies and other Levels of Government,exp,0,0,22000000,77012000,267,yes
fy-2026-27-development-book-volume-1-1011-1083,1064,State Department for Technical Vocational Education and Training,1064108700,Construction of Thirty New TTIs,1064108710,Construction of Mt. Elgon TTI,2630200,Capital Grants to Government Agencies and other Levels of Government,exp,0,6370000,28000000,27159794,267,yes
fy-2026-27-development-book-volume-1-1011-1083,1064,State Department for Technical Vocational Education and Training,1064108700,Construction of Thirty New TTIs,1064108711,Construction of Rarieda TTI,2630200,Capital Grants to Government Agencies and other Levels of Government,exp,0,0,20000000,47000000,267,yes
fy-2026-27-development-book-volume-1-1011-1083,1064,State Department for Technical Vocational Education and Training,1064108700,Construction of Thirty New TTIs,1064108712,Construction of Nyando TTI,2630200,Capital Grants to Government Agencies and other Levels of Government,exp,0,0,20000000,43484349,267,yes
fy-2026-27-development-book-volume-1-1011-1083,1064,State Department for Technical Vocational Education and Training,1064108700,Construction of Thirty New TTIs,1064108713,Construction of Machakos Town TTI,2630200,Capital Grants to Government Agencies and other Levels of Government,exp,0,0,17000000,40000000,267,yes
fy-2026-27-development-book-volume-1-1011-1083,1064,State Department for Technical Vocational Education and Training,1064108700,Construction of Thirty New TTIs,1064108714,Construction of Butula TTI,2630200,Capital Grants to Government Agencies and other Levels of Government,exp,0,0,21000000,37208864,267,yes
fy-2026-27-development-book-volume-1-1011-1083,1064,State Department for Technical Vocational Education and Training,1064108700,Construction of Thirty New TTIs,1064108715,Construction of Mbita TTI,2630200,Capital Grants to Government Agencies and other Levels of Government,exp,0,0,27000000,35359436,267,yes
fy-2026-27-development-book-volume-1-1011-1083,1064,State Department for Technical Vocational Education and Training,1064108700,Construction of Thirty New TTIs,1064108724,Construction of Gilgil TTI,2630200,Capital Grants to Government Agencies and other Levels of Government,exp,0,6370000,90000000,71288807,267,yes
fy-2026-27-development-book-volume-1-1011-1083,1064,State Department for Technical Vocational Education and Training,1064108800,East Africa Skills Transformation and Reginal Integration,1064108801,East Africa Skills Transformation and Reginal Integration,2210200,"Communication, Supplies and Services",exp,4000000,0,0,0,267,yes
fy-2026-27-development-book-volume-1-1011-1083,1064,State Department for Technical Vocational Education and Training,1064108800,East Africa Skills Transformation and Reginal Integration,1064108801,East Africa Skills Transformation and Reginal Integration,2210300,"Domestic Travel and Subsistence, and Other Transportation Costs",exp,22500000,0,0,0,267,yes
fy-2026-27-development-book-volume-1-1011-1083,1064,State Department for Technical Vocational Education and Training,1064108800,East Africa Skills Transformation and Reginal Integration,1064108801,East Africa Skills Transformation and Reginal Integration,2210400,"Foreign Travel and Subsistence, and other transportation costs",exp,14000000,0,0,0,267,yes
fy-2026-27-development-book-volume-1-1011-1083,1064,State Department for Technical Vocational Education and Training,1064108800,East Africa Skills Transformation and Reginal Integration,1064108801,East Africa Skills Transformation and Reginal Integration,2210500,"Printing , Advertising and Information Supplies and Services",exp,1500000,0,0,0,268,yes
fy-2026-27-development-book-volume-1-1011-1083,1064,State Department for Technical Vocational Education and Training,1064108800,East Africa Skills Transformation and Reginal Integration,1064108801,East Africa Skills Transformation and Reginal Integration,2210700,Training Expenses,exp,10000000,0,0,0,268,yes
fy-2026-27-development-book-volume-1-1011-1083,1064,State Department for Technical Vocational Education and Training,1064108800,East Africa Skills Transformation and Reginal Integration,1064108801,East Africa Skills Transformation and Reginal Integration,2210800,Hospitality Supplies and Services,exp,20000000,0,0,0,268,yes
fy-2026-27-development-book-volume-1-1011-1083,1064,State Department for Technical Vocational Education and Training,1064108800,East Africa Skills Transformation and Reginal Integration,1064108801,East Africa Skills Transformation and Reginal Integration,2211200,Fuel Oil and Lubricants,exp,5000000,0,0,0,268,yes
fy-2026-27-development-book-volume-1-1011-1083,1064,State Department for Technical Vocational Education and Training,1064108800,East Africa Skills Transformation and Reginal Integration,1064108801,East Africa Skills Transformation and Reginal Integration,2211300,Other Operating Expenses,exp,50000000,0,0,0,268,yes
fy-2026-27-development-book-volume-1-1011-1083,1064,State Department for Technical Vocational Education and Training,1064108800,East Africa Skills Transformation and Reginal Integration,1064108801,East Africa Skills Transformation and Reginal Integration,2630200,Capital Grants to Government Agencies and other Levels of Government,exp,473000000,500000000,0,0,268,yes
fy-2026-27-development-book-volume-1-1011-1083,1064,State Department for Technical Vocational Education and Training,1064109300,TVET Infrastructure Support,1064109303,Butula TTI,2630200,Capital Grants to Government Agencies and other Levels of Government,exp,0,0,40000000,40000000,268,yes
fy-2026-27-development-book-volume-1-1011-1083,1064,State Department for Technical Vocational Education and Training,1064109300,TVET Infrastructure Support,1064109307,Kieni TTI,2630200,Capital Grants to Government Agencies and other Levels of Government,exp,0,9594023,0,0,268,yes
fy-2026-27-development-book-volume-1-1011-1083,1064,State Department for Technical Vocational Education and Training,1064109300,TVET Infrastructure Support,1064109310,Luanda TTI,2630200,Capital Grants to Government Agencies and other Levels of Government,exp,0,0,35000000,35000000,268,yes
fy-2026-27-development-book-volume-1-1011-1083,1064,State Department for Technical Vocational Education and Training,1064109300,TVET Infrastructure Support,1064109312,Construction of an administration block at Bungoma North TTI,2630200,Capital Grants to Government Agencies and other Levels of Government,exp,0,6774456,20000000,17889045,268,yes
fy-2026-27-development-book-volume-1-1011-1083,1064,State Department for Technical Vocational Education and Training,1064109300,TVET Infrastructure Support,1064109314,Construction of phase 2 Engineering Workshop Complex at Kisiwa TTI,2630200,Capital Grants to Government Agencies and other Levels of Government,exp,0,6370000,10000000,10000000,268,yes
fy-2026-27-development-book-volume-1-1011-1083,1064,State Department for Technical Vocational Education and Training,1064109300,TVET Infrastructure Support,1064109317,Kiganjo TVET,2630200,Capital Grants to Government Agencies and other Levels of Government,exp,0,0,30000000,30000000,268,yes
fy-2026-27-development-book-volume-1-1011-1083,1064,State Department for Technical Vocational Education and Training,1064109300,TVET Infrastructure Support,1064109321,Kiharu TTI Infrastructural Development,2630200,Capital Grants to Government Agencies and other Levels of Government,exp,0,6370000,50000000,15000000,268,yes
fy-2026-27-development-book-volume-1-1011-1083,1064,State Department for Technical Vocational Education and Training,1064109300,TVET Infrastructure Support,1064109323,Suna West TTI,2630200,Capital Grants to Government Agencies and other Levels of Government,exp,29000000,0,0,0,268,yes
fy-2026-27-development-book-volume-1-1011-1083,1064,State Department for Technical Vocational Education and Training,1064109300,TVET Infrastructure Support,1064109328,Sirata Technical Training Institute,2630200,Capital Grants to Government Agencies and other Levels of Government,exp,0,0,20000000,20000000,269,yes
fy-2026-27-development-book-volume-1-1011-1083,1064,State Department for Technical Vocational Education and Training,1064109300,TVET Infrastructure Support,1064109329,Thitani Technical Training Institute,2630200,Capital Grants to Government Agencies and other Levels of Government,exp,0,0,25000000,25000000,269,yes
fy-2026-27-development-book-volume-1-1011-1083,1064,State Department for Technical Vocational Education and Training,1064109300,TVET Infrastructure Support,1064109330,Kabete Technical Training Institute (Githunguri),2630200,Capital Grants to Government Agencies and other Levels of Government,exp,0,0,5000000,54938740,269,yes
fy-2026-27-development-book-volume-1-1011-1083,1064,State Department for Technical Vocational Education and Training,1064109300,TVET Infrastructure Support,1064109334,Phase II Construction of science complex at Bungoma North TTI,2630200,Capital Grants to Government Agencies and other Levels of Government,exp,20000000,0,0,0,269,yes
fy-2026-27-development-book-volume-1-1011-1083,1064,State Department for Technical Vocational Education and Training,1064109500,Promotion of Youth Employment and Vocational Training in Kenya I,1064109501,Promotion of Youth Employment and Vocational Training in Kenya I,2210300,"Domestic Travel and Subsistence, and Other Transportation Costs",exp,6350000,0,0,0,269,yes
fy-2026-27-development-book-volume-1-1011-1083,1064,State Department for Technical Vocational Education and Training,1064109500,Promotion of Youth Employment and Vocational Training in Kenya I,1064109501,Promotion of Youth Employment and Vocational Training in Kenya I,2210500,"Printing , Advertising and Information Supplies and Services",exp,1000000,0,0,0,269,yes
fy-2026-27-development-book-volume-1-1011-1083,1064,State Department for Technical Vocational Education and Training,1064109500,Promotion of Youth Employment and Vocational Training in Kenya I,1064109501,Promotion of Youth Employment and Vocational Training in Kenya I,2210700,Training Expenses,exp,2500000,0,0,0,269,yes
fy-2026-27-development-book-volume-1-1011-1083,1064,State Department for Technical Vocational Education and Training,1064109500,Promotion of Youth Employment and Vocational Training in Kenya I,1064109501,Promotion of Youth Employment and Vocational Training in Kenya I,2211000,Specialised Materials and Supplies,exp,11048300,0,0,0,269,yes
fy-2026-27-development-book-volume-1-1011-1083,1064,State Department for Technical Vocational Education and Training,1064109500,Promotion of Youth Employment and Vocational Training in Kenya I,1064109501,Promotion of Youth Employment and Vocational Training in Kenya I,2211100,Office and General Supplies and Services,exp,2500000,0,0,0,269,yes
fy-2026-27-development-book-volume-1-1011-1083,1064,State Department for Technical Vocational Education and Training,1064109500,Promotion of Youth Employment and Vocational Training in Kenya I,1064109501,Promotion of Youth Employment and Vocational Training in Kenya I,2211200,Fuel Oil and Lubricants,exp,2500000,0,0,0,269,yes
fy-2026-27-development-book-volume-1-1011-1083,1064,State Department for Technical Vocational Education and Training,1064109500,Promotion of Youth Employment and Vocational Training in Kenya I,1064109501,Promotion of Youth Employment and Vocational Training in Kenya I,2211300,Other Operating Expenses,exp,55000000,0,0,0,269,yes
fy-2026-27-development-book-volume-1-1011-1083,1064,State Department for Technical Vocational Education and Training,1064109500,Promotion of Youth Employment and Vocational Training in Kenya I,1064109501,Promotion of Youth Employment and Vocational Training in Kenya I,2640500,Other Capital Grants and Transfers,exp,0,909555000,0,0,269,yes
fy-2026-27-development-book-volume-1-1011-1083,1064,State Department for Technical Vocational Education and Training,1064109500,Promotion of Youth Employment and Vocational Training in Kenya I,1064109501,Promotion of Youth Employment and Vocational Training in Kenya I,3110200,Construction of Building,exp,273951700,0,0,0,269,yes
fy-2026-27-development-book-volume-1-1011-1083,1064,State Department for Technical Vocational Education and Training,1064109500,Promotion of Youth Employment and Vocational Training in Kenya I,1064109501,Promotion of Youth Employment and Vocational Training in Kenya I,3111000,Purchase of Office Furniture and General Equipment,exp,4000000,0,0,0,269,yes
fy-2026-27-development-book-volume-1-1011-1083,1064,State Department for Technical Vocational Education and Training,1064109500,Promotion of Youth Employment and Vocational Training in Kenya I,1064109501,Promotion of Youth Employment and Vocational Training in Kenya I,5120200,Foreign Borrowing - Direct Payments,aia,300000000,850000000,0,0,269,yes
fy-2026-27-development-book-volume-1-1011-1083,1064,State Department for Technical Vocational Education and Training,1064109500,Promotion of Youth Employment and Vocational Training in Kenya I,1064109501,Promotion of Youth Employment and Vocational Training in Kenya I,1310100,Grants from Foreign Governments - Cash Through Exchequer,aia,40000000,50000000,0,0,269,yes
fy-2026-27-development-book-volume-1-1011-1083,1064,State Department for Technical Vocational Education and Training,1064109600,"GoK-AfDB Technical, Vocational Education Training &",1064109601,"GoK-AfDB Technical, Vocational Education Training &",2211300,Other Operating Expenses,exp,66250000,0,0,0,270,yes
fy-2026-27-development-book-volume-1-1011-1083,1064,State Department for Technical Vocational Education and Training,1064109600,"GoK-AfDB Technical, Vocational Education Training &",1064109601,"GoK-AfDB Technical, Vocational Education Training &",2640500,Other Capital Grants and Transfers,exp,500000000,1544590000,500000000,0,270,yes
fy-2026-27-development-book-volume-1-1011-1083,1064,State Department for Technical Vocational Education and Training,1064109600,"GoK-AfDB Technical, Vocational Education Training &",1064109601,"GoK-AfDB Technical, Vocational Education Training &",5120200,Foreign Borrowing - Direct Payments,aia,500000000,1500000000,400000000,0,270,yes
fy-2026-27-development-book-volume-1-1011-1083,1064,State Department for Technical Vocational Education and Training,1064109700,Promotion of Youth Employment and Vocational Training in Kenya II,1064109701,Promotion of Youth Employment and Vocational Training in Kenya II,2211300,Other Operating Expenses,exp,50000000,600000000,500000000,500000000,270,yes
fy-2026-27-development-book-volume-1-1011-1083,1064,State Department for Technical Vocational Education and Training,1064109700,Promotion of Youth Employment and Vocational Training in Kenya II,1064109701,Promotion of Youth Employment and Vocational Training in Kenya II,5120200,Foreign Borrowing - Direct Payments,aia,50000000,600000000,500000000,500000000,270,yes
fy-2026-27-development-book-volume-1-1011-1083,1064,State Department for Technical Vocational Education and Training,1064109900,Public Participation Projects,1064109903,Ebunagwe TTI - Infrastructure Support,2630200,Capital Grants to Government Agencies and other Levels of Government,exp,10000000,0,0,100000000,270,yes
fy-2026-27-development-book-volume-1-1011-1083,1064,State Department for Technical Vocational Education and Training,1064109900,Public Participation Projects,1064109904,Bushiangala TTI - Infrastructure Support,2630200,Capital Grants to Government Agencies and other Levels of Government,exp,0,6370000,10000000,15000000,270,yes
fy-2026-27-development-book-volume-1-1011-1083,1064,State Department for Technical Vocational Education and Training,1064109900,Public Participation Projects,1064109907,Infrastructure Development - Musakasa TTI,2630200,Capital Grants to Government Agencies and other Levels of Government,exp,5000000,3185000,10000000,10000000,270,yes
fy-2026-27-development-book-volume-1-1011-1083,1064,State Department for Technical Vocational Education and Training,1064109900,Public Participation Projects,1064109910,Construction of ablution block and fencing-Chepalungu TTI,2630200,Capital Grants to Government Agencies and other Levels of Government,exp,0,6370000,10000000,10000000,270,yes
fy-2026-27-development-book-volume-1-1011-1083,1064,State Department for Technical Vocational Education and Training,1064109900,Public Participation Projects,1064109911,Construction of 4 workshops -Chemasire TTI,2630200,Capital Grants to Government Agencies and other Levels of Government,exp,9300990,3185000,15000000,75000000,270,yes
fy-2026-27-development-book-volume-1-1011-1083,1064,State Department for Technical Vocational Education and Training,1064109900,Public Participation Projects,1064109912,Infrastructure development - Butula TTI,2630200,Capital Grants to Government Agencies and other Levels of Government,exp,0,0,25000000,0,271,yes
fy-2026-27-development-book-volume-1-1011-1083,1064,State Department for Technical Vocational Education and Training,1064109900,Public Participation Projects,1064109913,Construction of Perimeter Wall at Loima TVC,2630200,Capital Grants to Government Agencies and other Levels of Government,exp,0,6370000,17000000,6500000,271,yes
fy-2026-27-development-book-volume-1-1011-1083,1064,State Department for Technical Vocational Education and Training,1064109900,Public Participation Projects,1064109914,Construction of student classrooms at Turkana East TVC Lokori,2630200,Capital Grants to Government Agencies and other Levels of Government,exp,0,6370000,17800000,6100000,271,yes
fy-2026-27-development-book-volume-1-1011-1083,1064,State Department for Technical Vocational Education and Training,1064110000,Promotion of Youth Employment thro' Scholarships Ph 2-Wings to Fly,1064110001,Promotion of Youth Employment thro' Scholarships Ph 2-Wings to Fly,2640100,Scholarships and other Educational Benefits,exp,462000000,300000000,604000000,1000000000,271,yes
fy-2026-27-development-book-volume-1-1011-1083,1064,State Department for Technical Vocational Education and Training,1064110000,Promotion of Youth Employment thro' Scholarships Ph 2-Wings to Fly,1064110001,Promotion of Youth Employment thro' Scholarships Ph 2-Wings to Fly,1310100,Grants from Foreign Governments - Cash Through Exchequer,aia,462000000,300000000,604000000,1000000000,271,yes
fy-2026-27-development-book-volume-1-1011-1083,1064,State Department for Technical Vocational Education and Training,1064110200,Construction of 52 TTIs - BETA,1064110202,Construction of Matungu TTI,2630200,Capital Grants to Government Agencies and other Levels of Government,exp,12138889,18313750,0,0,271,yes
fy-2026-27-development-book-volume-1-1011-1083,1064,State Department for Technical Vocational Education and Training,1064110200,Construction of 52 TTIs - BETA,1064110203,Construction of Kibwezi East TTI,2630200,Capital Grants to Government Agencies and other Levels of Government,exp,10000000,18402222,0,0,271,yes
fy-2026-27-development-book-volume-1-1011-1083,1064,State Department for Technical Vocational Education and Training,1064110200,Construction of 52 TTIs - BETA,1064110204,Construction of Kiambaa TTI,2630200,Capital Grants to Government Agencies and other Levels of Government,exp,12138889,18313750,0,0,271,yes
fy-2026-27-development-book-volume-1-1011-1083,1064,State Department for Technical Vocational Education and Training,1064110200,Construction of 52 TTIs - BETA,1064110206,Construction of Sigowet/Soin TTI,2630200,Capital Grants to Government Agencies and other Levels of Government,exp,12138889,73313750,0,0,271,yes
fy-2026-27-development-book-volume-1-1011-1083,1064,State Department for Technical Vocational Education and Training,1064110200,Construction of 52 TTIs - BETA,1064110207,Construction of Mwingi West TTI,2630200,Capital Grants to Government Agencies and other Levels of Government,exp,12138889,18313750,0,0,272,yes
fy-2026-27-development-book-volume-1-1011-1083,1064,State Department for Technical Vocational Education and Training,1064110200,Construction of 52 TTIs - BETA,1064110208,Construction of Kilifi South TTI,2630200,Capital Grants to Government Agencies and other Levels of Government,exp,12138889,18313750,0,0,272,yes
fy-2026-27-development-book-volume-1-1011-1083,1064,State Department for Technical Vocational Education and Training,1064110200,Construction of 52 TTIs - BETA,1064110209,Construction of Nyali TTI,2630200,Capital Grants to Government Agencies and other Levels of Government,exp,12138889,18313750,0,0,272,yes
fy-2026-27-development-book-volume-1-1011-1083,1064,State Department for Technical Vocational Education and Training,1064110200,Construction of 52 TTIs - BETA,1064110210,Construction of Muhoroni TTI,2630200,Capital Grants to Government Agencies and other Levels of Government,exp,12138889,18313750,0,0,272,yes
fy-2026-27-development-book-volume-1-1011-1083,1064,State Department for Technical Vocational Education and Training,1064110200,Construction of 52 TTIs - BETA,1064110211,Construction of Kibra TTI,2630200,Capital Grants to Government Agencies and other Levels of Government,exp,12138889,18313750,0,0,272,yes
fy-2026-27-development-book-volume-1-1011-1083,1064,State Department for Technical Vocational Education and Training,1064110200,Construction of 52 TTIs - BETA,1064110212,Construction of Kwanza TTI,2630200,Capital Grants to Government Agencies and other Levels of Government,exp,12138889,18313750,0,0,272,yes
fy-2026-27-development-book-volume-1-1011-1083,1064,State Department for Technical Vocational Education and Training,1064110200,Construction of 52 TTIs - BETA,1064110213,Construction of Wajir West TTI,2630200,Capital Grants to Government Agencies and other Levels of Government,exp,12138889,18313750,0,0,272,yes
fy-2026-27-development-book-volume-1-1011-1083,1064,State Department for Technical Vocational Education and Training,1064110200,Construction of 52 TTIs - BETA,1064110214,Construction of Subukia TTI,2630200,Capital Grants to Government Agencies and other Levels of Government,exp,12138889,18313750,0,0,272,yes
fy-2026-27-development-book-volume-1-1011-1083,1064,State Department for Technical Vocational Education and Training,1064110200,Construction of 52 TTIs - BETA,1064110215,Construction of Narok North TTI,2630200,Capital Grants to Government Agencies and other Levels of Government,exp,12138889,18313750,0,0,272,yes
fy-2026-27-development-book-volume-1-1011-1083,1064,State Department for Technical Vocational Education and Training,1064110200,Construction of 52 TTIs - BETA,1064110216,Construction of Kajiado South TTI,2630200,Capital Grants to Government Agencies and other Levels of Government,exp,12138889,18313750,0,0,272,yes
fy-2026-27-development-book-volume-1-1011-1083,1064,State Department for Technical Vocational Education and Training,1064110200,Construction of 52 TTIs - BETA,1064110217,Chevaywa Technical Training Institute,2630200,Capital Grants to Government Agencies and other Levels of Government,exp,12138889,18313750,0,0,272,yes
fy-2026-27-development-book-volume-1-1011-1083,1064,State Department for Technical Vocational Education and Training,1064110200,Construction of 52 TTIs - BETA,1064110218,Kenneth Matiba Technical Training Institute,2630200,Capital Grants to Government Agencies and other Levels of Government,exp,12138889,18313750,0,0,273,yes
fy-2026-27-development-book-volume-1-1011-1083,1064,State Department for Technical Vocational Education and Training,1064110200,Construction of 52 TTIs - BETA,1064110220,Construction of Webuye East TTI,2630200,Capital Grants to Government Agencies and other Levels of Government,exp,12138889,18313750,0,0,273,yes
fy-2026-27-development-book-volume-1-1011-1083,1064,State Department for Technical Vocational Education and Training,1064110200,Construction of 52 TTIs - BETA,1064110221,Construction of Jomvu TVC,2630200,Capital Grants to Government Agencies and other Levels of Government,exp,0,0,29375000,30000000,273,yes
fy-2026-27-development-book-volume-1-1011-1083,1064,State Department for Technical Vocational Education and Training,1064110200,Construction of 52 TTIs - BETA,1064110222,Construction of Daadab TVC,2630200,Capital Grants to Government Agencies and other Levels of Government,exp,0,0,29375000,30000000,273,yes
fy-2026-27-development-book-volume-1-1011-1083,1064,State Department for Technical Vocational Education and Training,1064110200,Construction of 52 TTIs - BETA,1064110223,Construction of Bamissa TVC,2630200,Capital Grants to Government Agencies and other Levels of Government,exp,0,0,29375000,30000000,273,yes
fy-2026-27-development-book-volume-1-1011-1083,1064,State Department for Technical Vocational Education and Training,1064110200,Construction of 52 TTIs - BETA,1064110224,Construction of Kitui West TVC,2630200,Capital Grants to Government Agencies and other Levels of Government,exp,0,0,29375000,30000000,273,yes
fy-2026-27-development-book-volume-1-1011-1083,1064,State Department for Technical Vocational Education and Training,1064110200,Construction of 52 TTIs - BETA,1064110225,Construction of Kathiani TVC,2630200,Capital Grants to Government Agencies and other Levels of Government,exp,0,0,29375000,30000000,273,yes
fy-2026-27-development-book-volume-1-1011-1083,1064,State Department for Technical Vocational Education and Training,1064110200,Construction of 52 TTIs - BETA,1064110226,Construction of Turkana South TVC,2630200,Capital Grants to Government Agencies and other Levels of Government,exp,0,0,29375000,30000000,273,yes
fy-2026-27-development-book-volume-1-1011-1083,1064,State Department for Technical Vocational Education and Training,1064110200,Construction of 52 TTIs - BETA,1064110227,Construction of Juja TVC,2630200,Capital Grants to Government Agencies and other Levels of Government,exp,0,0,29375000,30000000,273,yes
fy-2026-27-development-book-volume-1-1011-1083,1064,State Department for Technical Vocational Education and Training,1064110200,Construction of 52 TTIs - BETA,1064110228,Construction of Nakuru Town West TVC,2630200,Capital Grants to Government Agencies and other Levels of Government,exp,0,0,29375000,30000000,273,yes
fy-2026-27-development-book-volume-1-1011-1083,1064,State Department for Technical Vocational Education and Training,1064110200,Construction of 52 TTIs - BETA,1064110229,Construction of Lurambi TVC,2630200,Capital Grants to Government Agencies and other Levels of Government,exp,0,0,29375000,30000000,274,yes
fy-2026-27-development-book-volume-1-1011-1083,1064,State Department for Technical Vocational Education and Training,1064110200,Construction of 52 TTIs - BETA,1064110230,Construction of Gem TVC,2630200,Capital Grants to Government Agencies and other Levels of Government,exp,0,0,29375000,30000000,274,yes
fy-2026-27-development-book-volume-1-1011-1083,1064,State Department for Technical Vocational Education and Training,1064110200,Construction of 52 TTIs - BETA,1064110231,Construction of Kisumu East TVC,2630200,Capital Grants to Government Agencies and other Levels of Government,exp,0,0,29375000,30000000,274,yes
fy-2026-27-development-book-volume-1-1011-1083,1064,State Department for Technical Vocational Education and Training,1064110200,Construction of 52 TTIs - BETA,1064110232,Construction of Ndhiwa TVC,2630200,Capital Grants to Government Agencies and other Levels of Government,exp,0,0,29375000,30000000,274,yes
fy-2026-27-development-book-volume-1-1011-1083,1064,State Department for Technical Vocational Education and Training,1064110200,Construction of 52 TTIs - BETA,1064110233,Construction of Bonchari TVC,2630200,Capital Grants to Government Agencies and other Levels of Government,exp,0,0,29375000,30000000,274,yes
fy-2026-27-development-book-volume-1-1011-1083,1064,State Department for Technical Vocational Education and Training,1064110200,Construction of 52 TTIs - BETA,1064110234,Construction of Embakasi Central TVC,2630200,Capital Grants to Government Agencies and other Levels of Government,exp,0,0,29375000,30000000,274,yes
fy-2026-27-development-book-volume-1-1011-1083,1064,State Department for Technical Vocational Education and Training,1064110200,Construction of 52 TTIs - BETA,1064110235,Fafi TVC,2630200,Capital Grants to Government Agencies and other Levels of Government,exp,0,0,29375000,30000000,274,yes
fy-2026-27-development-book-volume-1-1011-1083,1064,State Department for Technical Vocational Education and Training,1064110300,Youth Entreprenuership & Innovation (YEI MDTF),1064110301,Youth Entreprenuership & Innovation (YEI MDTF),2640500,Other Capital Grants and Transfers,exp,190000000,68000000,0,0,274,yes
fy-2026-27-development-book-volume-1-1011-1083,1064,State Department for Technical Vocational Education and Training,1064110300,Youth Entreprenuership & Innovation (YEI MDTF),1064110301,Youth Entreprenuership & Innovation (YEI MDTF),1320200,Grants from International Organizations,aia,128000000,0,0,0,274,yes
fy-2026-27-development-book-volume-1-1011-1083,1064,State Department for Technical Vocational Education and Training,1064110400,Promotion of Young People Through Scholarships - Phase V,1064110401,Promotion of Young People Through Scholarships - Phase V,2640100,Scholarships and other Educational Benefits,exp,692000000,419110000,575000000,780000000,275,yes
fy-2026-27-development-book-volume-1-1011-1083,1064,State Department for Technical Vocational Education and Training,1064110400,Promotion of Young People Through Scholarships - Phase V,1064110401,Promotion of Young People Through Scholarships - Phase V,1310100,Grants from Foreign Governments - Cash Through Exchequer,aia,692000000,400000000,575000000,780000000,275,yes
fy-2026-27-development-book-volume-1-1011-1083,1064,State Department for Technical Vocational Education and Training,1064111500,Tinderet Special Needs Integrated Institute,1064111501,Infrastructure Development,2630200,Capital Grants to Government Agencies and other Levels of Government,exp,5000000,14332500,20000000,0,275,yes
fy-2026-27-development-book-volume-1-1011-1083,1064,State Department for Technical Vocational Education and Training,1064111800,Establishment of Eldoret Cooperative College - TVET,1064111801,Establishment of Eldoret Cooperative College - TVET,2630200,Capital Grants to Government Agencies and other Levels of Government,exp,70000000,6370000,0,7400000,275,yes
fy-2026-27-development-book-volume-1-1011-1083,1064,State Department for Technical Vocational Education and Training,1064112000,Kitui East TVET,1064112001,Infrastructure development,2630200,Capital Grants to Government Agencies and other Levels of Government,exp,0,6370000,5000000,5000000,275,yes
fy-2026-27-development-book-volume-1-1011-1083,1064,State Department for Technical Vocational Education and Training,1064112200,Nyakeiboreire TVET,1064112201,Infrastructure development,2630200,Capital Grants to Government Agencies and other Levels of Government,exp,0,5734205,15000000,52000000,275,yes
fy-2026-27-development-book-volume-1-1011-1083,1064,State Department for Technical Vocational Education and Training,1064112300,Molo TVET,1064112301,Infrastructure development,2630200,Capital Grants to Government Agencies and other Levels of Government,exp,10000000,6370000,10000000,35000000,276,yes
fy-2026-27-development-book-volume-1-1011-1083,1064,State Department for Technical Vocational Education and Training,1064112400,AU Skills Initiative for Africa(SIFA),1064112401,AU Skills Initiative for Africa(SIFA),2640500,Other Capital Grants and Transfers,exp,65000000,56370000,502000000,247500000,276,yes
fy-2026-27-development-book-volume-1-1011-1083,1064,State Department for Technical Vocational Education and Training,1064112400,AU Skills Initiative for Africa(SIFA),1064112401,AU Skills Initiative for Africa(SIFA),1320100,Grants from International Organizations - Cash through Exchequer,aia,55000000,50000000,362000000,148000000,276,yes
fy-2026-27-development-book-volume-1-1011-1083,1064,State Department for Technical Vocational Education and Training,1064112500,Kenya School of TVET Infrastructure Improvement,1064112502,Kenya School of TVET - Ebunangwe,2630200,Capital Grants to Government Agencies and other Levels of Government,exp,20000000,6370000,10000000,10000000,276,yes
fy-2026-27-development-book-volume-1-1011-1083,1064,State Department for Technical Vocational Education and Training,1064112500,Kenya School of TVET Infrastructure Improvement,1064112503,Kenya School of TVET - Tinderet,2630200,Capital Grants to Government Agencies and other Levels of Government,exp,20000000,6370000,10000000,10000000,276,yes
fy-2026-27-development-book-volume-1-1011-1083,1064,State Department for Technical Vocational Education and Training,1064112500,Kenya School of TVET Infrastructure Improvement,1064112504,Kenya School of TVET - Moiben,2630200,Capital Grants to Government Agencies and other Levels of Government,exp,20000000,12740000,20000000,20000000,276,yes
fy-2026-27-development-book-volume-1-1011-1083,1064,State Department for Technical Vocational Education and Training,1064112600,Infrastructure Support to TTIs,1064112602,Balambala TVC,2630200,Capital Grants to Government Agencies and other Levels of Government,exp,11300594,15956755,29925442,0,276,yes
fy-2026-27-development-book-volume-1-1011-1083,1064,State Department for Technical Vocational Education and Training,1064112600,Infrastructure Support to TTIs,1064112603,Bushiangala TTI,2630200,Capital Grants to Government Agencies and other Levels of Government,exp,5000000,0,0,0,276,yes
fy-2026-27-development-book-volume-1-1011-1083,1064,State Department for Technical Vocational Education and Training,1064112600,Infrastructure Support to TTIs,1064112604,Butere TTI,2630200,Capital Grants to Government Agencies and other Levels of Government,exp,5000000,12740000,19500000,0,277,yes
fy-2026-27-development-book-volume-1-1011-1083,1064,State Department for Technical Vocational Education and Training,1064112600,Infrastructure Support to TTIs,1064112605,Butula TTI,2630200,Capital Grants to Government Agencies and other Levels of Government,exp,55000000,6370000,5000000,21283704,277,yes
fy-2026-27-development-book-volume-1-1011-1083,1064,State Department for Technical Vocational Education and Training,1064112600,Infrastructure Support to TTIs,1064112606,Chamasir TTI,2630200,Capital Grants to Government Agencies and other Levels of Government,exp,5000000,3185000,10500000,34000000,277,yes
fy-2026-27-development-book-volume-1-1011-1083,1064,State Department for Technical Vocational Education and Training,1064112600,Infrastructure Support to TTIs,1064112607,Chuka TTI,2630200,Capital Grants to Government Agencies and other Levels of Government,exp,5000000,9555000,15000000,15000000,277,yes
fy-2026-27-development-book-volume-1-1011-1083,1064,State Department for Technical Vocational Education and Training,1064112600,Infrastructure Support to TTIs,1064112608,Ekerubo Getai TTI,2630200,Capital Grants to Government Agencies and other Levels of Government,exp,5000000,10190795,25000000,5000000,277,yes
fy-2026-27-development-book-volume-1-1011-1083,1064,State Department for Technical Vocational Education and Training,1064112600,Infrastructure Support to TTIs,1064112609,Eldas TVC,2630200,Capital Grants to Government Agencies and other Levels of Government,exp,3439072,6370000,10000000,10000000,277,yes
fy-2026-27-development-book-volume-1-1011-1083,1064,State Department for Technical Vocational Education and Training,1064112600,Infrastructure Support to TTIs,1064112610,Elwak TTI,2630200,Capital Grants to Government Agencies and other Levels of Government,exp,15000000,6370000,10000000,10000000,277,yes
fy-2026-27-development-book-volume-1-1011-1083,1064,State Department for Technical Vocational Education and Training,1064112600,Infrastructure Support to TTIs,1064112611,Emining TTI,2630200,Capital Grants to Government Agencies and other Levels of Government,exp,5000000,9555000,12000000,12500000,277,yes
fy-2026-27-development-book-volume-1-1011-1083,1064,State Department for Technical Vocational Education and Training,1064112600,Infrastructure Support to TTIs,1064112612,Gamba TTI,2630200,Capital Grants to Government Agencies and other Levels of Government,exp,30000000,3185000,20000000,32500000,277,yes
fy-2026-27-development-book-volume-1-1011-1083,1064,State Department for Technical Vocational Education and Training,1064112600,Infrastructure Support to TTIs,1064112613,Garbatulla TTI,2630200,Capital Grants to Government Agencies and other Levels of Government,exp,5000000,6370000,37500000,0,277,yes
fy-2026-27-development-book-volume-1-1011-1083,1064,State Department for Technical Vocational Education and Training,1064112600,Infrastructure Support to TTIs,1064112614,Igembe South TTI,2630200,Capital Grants to Government Agencies and other Levels of Government,exp,5000000,3185000,5000000,45000000,277,yes
fy-2026-27-development-book-volume-1-1011-1083,1064,State Department for Technical Vocational Education and Training,1064112600,Infrastructure Support to TTIs,1064112615,Igembe Central,2630200,Capital Grants to Government Agencies and other Levels of Government,exp,1666585,3185000,20500000,15000000,278,yes
fy-2026-27-development-book-volume-1-1011-1083,1064,State Department for Technical Vocational Education and Training,1064112600,Infrastructure Support to TTIs,1064112616,Ikutha TTI,2630200,Capital Grants to Government Agencies and other Levels of Government,exp,5000000,4459000,30000000,21500000,278,yes
fy-2026-27-development-book-volume-1-1011-1083,1064,State Department for Technical Vocational Education and Training,1064112600,Infrastructure Support to TTIs,1064112617,Kabete TTI,2630200,Capital Grants to Government Agencies and other Levels of Government,exp,5000000,0,0,0,278,yes
fy-2026-27-development-book-volume-1-1011-1083,1064,State Department for Technical Vocational Education and Training,1064112600,Infrastructure Support to TTIs,1064112618,Kacheliba TTI,2630200,Capital Grants to Government Agencies and other Levels of Government,exp,5000000,4459000,7000000,16000000,278,yes
fy-2026-27-development-book-volume-1-1011-1083,1064,State Department for Technical Vocational Education and Training,1064112600,Infrastructure Support to TTIs,1064112619,Kaelo TTI,2630200,Capital Grants to Government Agencies and other Levels of Government,exp,5000000,3185000,5000000,20500000,278,yes
fy-2026-27-development-book-volume-1-1011-1083,1064,State Department for Technical Vocational Education and Training,1064112600,Infrastructure Support to TTIs,1064112620,Kakrao TVC,2630200,Capital Grants to Government Agencies and other Levels of Government,exp,5000000,4459000,5575000,39500000,278,yes
fy-2026-27-development-book-volume-1-1011-1083,1064,State Department for Technical Vocational Education and Training,1064112600,Infrastructure Support to TTIs,1064112621,Kamwangi TTI,2630200,Capital Grants to Government Agencies and other Levels of Government,exp,15000000,9555000,15000000,15000000,278,yes
fy-2026-27-development-book-volume-1-1011-1083,1064,State Department for Technical Vocational Education and Training,1064112600,Infrastructure Support to TTIs,1064112622,Kapchepkor TTI,2630200,Capital Grants to Government Agencies and other Levels of Government,exp,15000000,3185000,5000000,6000000,278,yes
fy-2026-27-development-book-volume-1-1011-1083,1064,State Department for Technical Vocational Education and Training,1064112600,Infrastructure Support to TTIs,1064112623,Karumo TTI,2630200,Capital Grants to Government Agencies and other Levels of Government,exp,5000000,16562000,26000000,14500000,278,yes
fy-2026-27-development-book-volume-1-1011-1083,1064,State Department for Technical Vocational Education and Training,1064112600,Infrastructure Support to TTIs,1064112624,Karura Kanyungu TTI,2630200,Capital Grants to Government Agencies and other Levels of Government,exp,5000000,15925000,20000000,35000000,278,yes
fy-2026-27-development-book-volume-1-1011-1083,1064,State Department for Technical Vocational Education and Training,1064112600,Infrastructure Support to TTIs,1064112625,Kasarani TVC,2630200,Capital Grants to Government Agencies and other Levels of Government,exp,10000000,3185000,5000000,37000000,279,yes
fy-2026-27-development-book-volume-1-1011-1083,1064,State Department for Technical Vocational Education and Training,1064112600,Infrastructure Support to TTIs,1064112626,Katine TTI,2630200,Capital Grants to Government Agencies and other Levels of Government,exp,10000000,15925000,13000000,5000000,279,yes
fy-2026-27-development-book-volume-1-1011-1083,1064,State Department for Technical Vocational Education and Training,1064112600,Infrastructure Support to TTIs,1064112627,Khwisero TVC,2630200,Capital Grants to Government Agencies and other Levels of Government,exp,2988000,3185000,15000000,25000000,279,yes
fy-2026-27-development-book-volume-1-1011-1083,1064,State Department for Technical Vocational Education and Training,1064112600,Infrastructure Support to TTIs,1064112628,Kiirua TTI,2630200,Capital Grants to Government Agencies and other Levels of Government,exp,5000000,6370000,15000000,17500000,279,yes
fy-2026-27-development-book-volume-1-1011-1083,1064,State Department for Technical Vocational Education and Training,1064112600,Infrastructure Support to TTIs,1064112629,Kilgoris TTI,2630200,Capital Grants to Government Agencies and other Levels of Government,exp,5000000,15925000,5000000,5000000,279,yes
fy-2026-27-development-book-volume-1-1011-1083,1064,State Department for Technical Vocational Education and Training,1064112600,Infrastructure Support to TTIs,1064112630,Kilome TVC,2630200,Capital Grants to Government Agencies and other Levels of Government,exp,8335420,0,10000000,39000000,279,yes
fy-2026-27-development-book-volume-1-1011-1083,1064,State Department for Technical Vocational Education and Training,1064112600,Infrastructure Support to TTIs,1064112631,Kinangop TTI,2630200,Capital Grants to Government Agencies and other Levels of Government,exp,5000000,3185000,25000000,24500000,279,yes
fy-2026-27-development-book-volume-1-1011-1083,1064,State Department for Technical Vocational Education and Training,1064112600,Infrastructure Support to TTIs,1064112632,Kirinyaga Central TTI,2630200,Capital Grants to Government Agencies and other Levels of Government,exp,5000000,3185000,5000000,25000000,279,yes
fy-2026-27-development-book-volume-1-1011-1083,1064,State Department for Technical Vocational Education and Training,1064112600,Infrastructure Support to TTIs,1064112633,Kitui Central TVC,2630200,Capital Grants to Government Agencies and other Levels of Government,exp,5000000,9555000,10000000,30000000,279,yes
fy-2026-27-development-book-volume-1-1011-1083,1064,State Department for Technical Vocational Education and Training,1064112600,Infrastructure Support to TTIs,1064112634,Kitui West TTI,2630200,Capital Grants to Government Agencies and other Levels of Government,exp,20000000,3185000,5000000,5000000,279,yes
fy-2026-27-development-book-volume-1-1011-1083,1064,State Department for Technical Vocational Education and Training,1064112600,Infrastructure Support to TTIs,1064112635,Kitutu Chache South TVC,2630200,Capital Grants to Government Agencies and other Levels of Government,exp,15000000,13377000,21000000,7553885,279,yes
fy-2026-27-development-book-volume-1-1011-1083,1064,State Department for Technical Vocational Education and Training,1064112600,Infrastructure Support to TTIs,1064112636,Kitutu Chache TTI,2630200,Capital Grants to Government Agencies and other Levels of Government,exp,5000000,0,0,0,280,yes
fy-2026-27-development-book-volume-1-1011-1083,1064,State Department for Technical Vocational Education and Training,1064112600,Infrastructure Support to TTIs,1064112637,Konoin TTI,2630200,Capital Grants to Government Agencies and other Levels of Government,exp,25000000,9555000,13000000,0,280,yes
fy-2026-27-development-book-volume-1-1011-1083,1064,State Department for Technical Vocational Education and Training,1064112600,Infrastructure Support to TTIs,1064112638,Lamu West TVC,2630200,Capital Grants to Government Agencies and other Levels of Government,exp,15000000,9555000,16500000,0,280,yes
fy-2026-27-development-book-volume-1-1011-1083,1064,State Department for Technical Vocational Education and Training,1064112600,Infrastructure Support to TTIs,1064112639,Langata TTI,2630200,Capital Grants to Government Agencies and other Levels of Government,exp,5000000,3185000,15000000,15000000,280,yes
fy-2026-27-development-book-volume-1-1011-1083,1064,State Department for Technical Vocational Education and Training,1064112600,Infrastructure Support to TTIs,1064112640,Luanda TVC,2630200,Capital Grants to Government Agencies and other Levels of Government,exp,32442421,3185000,15000000,15000000,280,yes
fy-2026-27-development-book-volume-1-1011-1083,1064,State Department for Technical Vocational Education and Training,1064112600,Infrastructure Support to TTIs,1064112641,Maasai Mara TTI,2630200,Capital Grants to Government Agencies and other Levels of Government,exp,5000000,6370000,2000000,38000000,280,yes
fy-2026-27-development-book-volume-1-1011-1083,1064,State Department for Technical Vocational Education and Training,1064112600,Infrastructure Support to TTIs,1064112642,Machakos Town TTI,2630200,Capital Grants to Government Agencies and other Levels of Government,exp,15000000,12740000,5000000,25000000,280,yes
fy-2026-27-development-book-volume-1-1011-1083,1064,State Department for Technical Vocational Education and Training,1064112600,Infrastructure Support to TTIs,1064112643,Magarini TVC,2630200,Capital Grants to Government Agencies and other Levels of Government,exp,2066463,3185000,5000000,25000000,280,yes
fy-2026-27-development-book-volume-1-1011-1083,1064,State Department for Technical Vocational Education and Training,1064112600,Infrastructure Support to TTIs,1064112644,Masai TTI,2630200,Capital Grants to Government Agencies and other Levels of Government,exp,10000000,6370000,35000000,2000000,280,yes
fy-2026-27-development-book-volume-1-1011-1083,1064,State Department for Technical Vocational Education and Training,1064112600,Infrastructure Support to TTIs,1064112645,Mathare TTI,2630200,Capital Grants to Government Agencies and other Levels of Government,exp,5000000,6370000,30000000,30000000,280,yes
fy-2026-27-development-book-volume-1-1011-1083,1064,State Department for Technical Vocational Education and Training,1064112600,Infrastructure Support to TTIs,1064112646,Mathenge TTI,2630200,Capital Grants to Government Agencies and other Levels of Government,exp,5000000,10678740,18735887,0,281,yes
fy-2026-27-development-book-volume-1-1011-1083,1064,State Department for Technical Vocational Education and Training,1064112600,Infrastructure Support to TTIs,1064112647,Matuga TTI,2630200,Capital Grants to Government Agencies and other Levels of Government,exp,5000000,3185000,15000000,25000000,281,yes
fy-2026-27-development-book-volume-1-1011-1083,1064,State Department for Technical Vocational Education and Training,1064112600,Infrastructure Support to TTIs,1064112648,Mbeere North TTI,2630200,Capital Grants to Government Agencies and other Levels of Government,exp,5000000,3185000,15000000,25000000,281,yes
fy-2026-27-development-book-volume-1-1011-1083,1064,State Department for Technical Vocational Education and Training,1064112600,Infrastructure Support to TTIs,1064112649,Mbita TTI,2630200,Capital Grants to Government Agencies and other Levels of Government,exp,10000000,0,0,0,281,yes
fy-2026-27-development-book-volume-1-1011-1083,1064,State Department for Technical Vocational Education and Training,1064112600,Infrastructure Support to TTIs,1064112650,Mbita TVC,2630200,Capital Grants to Government Agencies and other Levels of Government,exp,4640564,6370000,7320282,0,281,yes
fy-2026-27-development-book-volume-1-1011-1083,1064,State Department for Technical Vocational Education and Training,1064112600,Infrastructure Support to TTIs,1064112651,Moiben TTI,2630200,Capital Grants to Government Agencies and other Levels of Government,exp,10000000,9555000,10000000,15000000,281,yes
fy-2026-27-development-book-volume-1-1011-1083,1064,State Department for Technical Vocational Education and Training,1064112600,Infrastructure Support to TTIs,1064112652,Mount Elgon TVC,2630200,Capital Grants to Government Agencies and other Levels of Government,exp,12227800,3185000,15000000,15000000,281,yes
fy-2026-27-development-book-volume-1-1011-1083,1064,State Department for Technical Vocational Education and Training,1064112600,Infrastructure Support to TTIs,1064112653,Moyale TTI,2630200,Capital Grants to Government Agencies and other Levels of Government,exp,5000000,14014000,22500000,0,281,yes
fy-2026-27-development-book-volume-1-1011-1083,1064,State Department for Technical Vocational Education and Training,1064112600,Infrastructure Support to TTIs,1064112654,Ndhiwa TVET,2630200,Capital Grants to Government Agencies and other Levels of Government,exp,5000000,9555000,25000000,25000000,281,yes
fy-2026-27-development-book-volume-1-1011-1083,1064,State Department for Technical Vocational Education and Training,1064112600,Infrastructure Support to TTIs,1064112655,Ngeria TVC,2630200,Capital Grants to Government Agencies and other Levels of Government,exp,7420424,3185000,25000000,20000000,281,yes
fy-2026-27-development-book-volume-1-1011-1083,1064,State Department for Technical Vocational Education and Training,1064112600,Infrastructure Support to TTIs,1064112656,North Rift TTI,2630200,Capital Grants to Government Agencies and other Levels of Government,exp,5000000,15925000,30000000,22500000,281,yes
fy-2026-27-development-book-volume-1-1011-1083,1064,State Department for Technical Vocational Education and Training,1064112600,Infrastructure Support to TTIs,1064112657,Nyakach TTI,2630200,Capital Grants to Government Agencies and other Levels of Government,exp,5000000,9555000,20000000,14500000,282,yes
fy-2026-27-development-book-volume-1-1011-1083,1064,State Department for Technical Vocational Education and Training,1064112600,Infrastructure Support to TTIs,1064112658,Nyando TTI,2630200,Capital Grants to Government Agencies and other Levels of Government,exp,10000000,3185000,25000000,19500000,282,yes
fy-2026-27-development-book-volume-1-1011-1083,1064,State Department for Technical Vocational Education and Training,1064112600,Infrastructure Support to TTIs,1064112659,Okame TTI,2630200,Capital Grants to Government Agencies and other Levels of Government,exp,15000000,3185000,15000000,15000000,282,yes
fy-2026-27-development-book-volume-1-1011-1083,1064,State Department for Technical Vocational Education and Training,1064112600,Infrastructure Support to TTIs,1064112660,Olessos TTI,2630200,Capital Grants to Government Agencies and other Levels of Government,exp,40000000,6370000,40000000,20000000,282,yes
fy-2026-27-development-book-volume-1-1011-1083,1064,State Department for Technical Vocational Education and Training,1064112600,Infrastructure Support to TTIs,1064112661,Omuga TTI,2630200,Capital Grants to Government Agencies and other Levels of Government,exp,15000000,3185000,25000000,17500000,282,yes
fy-2026-27-development-book-volume-1-1011-1083,1064,State Department for Technical Vocational Education and Training,1064112600,Infrastructure Support to TTIs,1064112662,Rabai TVC,2630200,Capital Grants to Government Agencies and other Levels of Government,exp,5000000,6370000,10000000,27500000,282,yes
fy-2026-27-development-book-volume-1-1011-1083,1064,State Department for Technical Vocational Education and Training,1064112600,Infrastructure Support to TTIs,1064112663,Rachuonyo TVC,2630200,Capital Grants to Government Agencies and other Levels of Government,exp,2168500,3185000,17200000,25000000,282,yes
fy-2026-27-development-book-volume-1-1011-1083,1064,State Department for Technical Vocational Education and Training,1064112600,Infrastructure Support to TTIs,1064112664,Rarienda TVC,2630200,Capital Grants to Government Agencies and other Levels of Government,exp,2883480,3185000,15000000,35000000,282,yes
fy-2026-27-development-book-volume-1-1011-1083,1064,State Department for Technical Vocational Education and Training,1064112600,Infrastructure Support to TTIs,1064112665,Runyenjes TTI,2630200,Capital Grants to Government Agencies and other Levels of Government,exp,5000000,12740000,27500000,0,282,yes
fy-2026-27-development-book-volume-1-1011-1083,1064,State Department for Technical Vocational Education and Training,1064112600,Infrastructure Support to TTIs,1064112666,Samburu West TVC,2630200,Capital Grants to Government Agencies and other Levels of Government,exp,5000000,3185000,9000000,5000000,282,yes
fy-2026-27-development-book-volume-1-1011-1083,1064,State Department for Technical Vocational Education and Training,1064112600,Infrastructure Support to TTIs,1064112667,Sigor TVC,2630200,Capital Grants to Government Agencies and other Levels of Government,exp,15713035,3185000,15000000,23500000,283,yes
fy-2026-27-development-book-volume-1-1011-1083,1064,State Department for Technical Vocational Education and Training,1064112600,Infrastructure Support to TTIs,1064112668,Sirisia TVC,2630200,Capital Grants to Government Agencies and other Levels of Government,exp,6277813,3185000,15000000,25000000,283,yes
fy-2026-27-development-book-volume-1-1011-1083,1064,State Department for Technical Vocational Education and Training,1064112600,Infrastructure Support to TTIs,1064112669,South Mugirango TVC,2630200,Capital Grants to Government Agencies and other Levels of Government,exp,13000000,13377000,15000000,12741205,283,yes
fy-2026-27-development-book-volume-1-1011-1083,1064,State Department for Technical Vocational Education and Training,1064112600,Infrastructure Support to TTIs,1064112670,Suba TVC,2630200,Capital Grants to Government Agencies and other Levels of Government,exp,5994710,3185000,12743831,53753524,283,yes
fy-2026-27-development-book-volume-1-1011-1083,1064,State Department for Technical Vocational Education and Training,1064112600,Infrastructure Support to TTIs,1064112671,Suna West TVC,2630200,Capital Grants to Government Agencies and other Levels of Government,exp,5000000,15925000,35000000,2500000,283,yes
fy-2026-27-development-book-volume-1-1011-1083,1064,State Department for Technical Vocational Education and Training,1064112600,Infrastructure Support to TTIs,1064112672,Tinderet TTI,2630200,Capital Grants to Government Agencies and other Levels of Government,exp,15000000,4881321,15000000,37837015,283,yes
fy-2026-27-development-book-volume-1-1011-1083,1064,State Department for Technical Vocational Education and Training,1064112600,Infrastructure Support to TTIs,1064112673,Ugunja TTI,2630200,Capital Grants to Government Agencies and other Levels of Government,exp,5000000,16562000,25000000,4500000,283,yes
fy-2026-27-development-book-volume-1-1011-1083,1064,State Department for Technical Vocational Education and Training,1064112600,Infrastructure Support to TTIs,1064112674,Wajir North TTI,2630200,Capital Grants to Government Agencies and other Levels of Government,exp,5000000,15925000,0,25000000,283,yes
fy-2026-27-development-book-volume-1-1011-1083,1064,State Department for Technical Vocational Education and Training,1064112600,Infrastructure Support to TTIs,1064112675,West Mugirango TVC,2630200,Capital Grants to Government Agencies and other Levels of Government,exp,7435119,6370000,10000000,34782441,283,yes
fy-2026-27-development-book-volume-1-1011-1083,1064,State Department for Technical Vocational Education and Training,1064112600,Infrastructure Support to TTIs,1064112676,Yatta TTI,2630200,Capital Grants to Government Agencies and other Levels of Government,exp,5000000,9873500,15500000,25500000,283,yes
fy-2026-27-development-book-volume-1-1011-1083,1064,State Department for Technical Vocational Education and Training,1064112600,Infrastructure Support to TTIs,1064112677,Chevaywa Technical Training Institute,2630200,Capital Grants to Government Agencies and other Levels of Government,exp,5000000,0,0,0,283,yes
fy-2026-27-development-book-volume-1-1011-1083,1064,State Department for Technical Vocational Education and Training,1064112600,Infrastructure Support to TTIs,1064112678,Kaimosi National Polytechnic,2630200,Capital Grants to Government Agencies and other Levels of Government,exp,10000000,0,0,0,284,yes
fy-2026-27-development-book-volume-1-1011-1083,1064,State Department for Technical Vocational Education and Training,1064112600,Infrastructure Support to TTIs,1064112679,Moiben school of TVET,2630200,Capital Grants to Government Agencies and other Levels of Government,exp,5000000,0,0,0,284,yes
fy-2026-27-development-book-volume-1-1011-1083,1064,State Department for Technical Vocational Education and Training,1064112600,Infrastructure Support to TTIs,1064112680,Navakholo Technical Training Institute,2630200,Capital Grants to Government Agencies and other Levels of Government,exp,15000000,0,0,0,284,yes
fy-2026-27-development-book-volume-1-1011-1083,1064,State Department for Technical Vocational Education and Training,1064112600,Infrastructure Support to TTIs,1064112681,Ndia Technical Training Institute,2630200,Capital Grants to Government Agencies and other Levels of Government,exp,10000000,0,0,0,284,yes
fy-2026-27-development-book-volume-1-1011-1083,1064,State Department for Technical Vocational Education and Training,1064112600,Infrastructure Support to TTIs,1064112682,Njoro Technical Training Institute,2630200,Capital Grants to Government Agencies and other Levels of Government,exp,10000000,0,0,0,284,yes
fy-2026-27-development-book-volume-1-1011-1083,1064,State Department for Technical Vocational Education and Training,1064112600,Infrastructure Support to TTIs,1064112683,Rift Valley Institute of Science and Technology,2630200,Capital Grants to Government Agencies and other Levels of Government,exp,20000000,0,0,0,284,yes
fy-2026-27-development-book-volume-1-1011-1083,1064,State Department for Technical Vocational Education and Training,1064112700,Infrastructure Support to National Polytechnics,1064112702,Bumbe National Polytechnic,2630200,Capital Grants to Government Agencies and other Levels of Government,exp,10000000,9555000,15000000,20000000,284,yes
fy-2026-27-development-book-volume-1-1011-1083,1064,State Department for Technical Vocational Education and Training,1064112700,Infrastructure Support to National Polytechnics,1064112703,Bungoma National Polytechnic,2630200,Capital Grants to Government Agencies and other Levels of Government,exp,15000000,19927719,15000000,6216296,284,yes
fy-2026-27-development-book-volume-1-1011-1083,1064,State Department for Technical Vocational Education and Training,1064112700,Infrastructure Support to National Polytechnics,1064112704,Eldoret National Polytechnic,2630200,Capital Grants to Government Agencies and other Levels of Government,exp,20000000,22295000,15000000,0,284,yes
fy-2026-27-development-book-volume-1-1011-1083,1064,State Department for Technical Vocational Education and Training,1064112700,Infrastructure Support to National Polytechnics,1064112705,Kabete National Polytechnic,2630200,Capital Grants to Government Agencies and other Levels of Government,exp,20000000,9555000,20000000,20000000,285,yes
fy-2026-27-development-book-volume-1-1011-1083,1064,State Department for Technical Vocational Education and Training,1064112700,Infrastructure Support to National Polytechnics,1064112706,Kaiboi National Polytechnic,2630200,Capital Grants to Government Agencies and other Levels of Government,exp,20000000,18473000,26000000,0,285,yes
fy-2026-27-development-book-volume-1-1011-1083,1064,State Department for Technical Vocational Education and Training,1064112700,Infrastructure Support to National Polytechnics,1064112707,Kaimosi Friends National Polytechnic,2630200,Capital Grants to Government Agencies and other Levels of Government,exp,10000000,12740000,15000000,15000000,285,yes
fy-2026-27-development-book-volume-1-1011-1083,1064,State Department for Technical Vocational Education and Training,1064112700,Infrastructure Support to National Polytechnics,1064112708,Kajiado National Polytechnic,2630200,Capital Grants to Government Agencies and other Levels of Government,exp,10000000,12740000,15000000,15000000,285,yes
fy-2026-27-development-book-volume-1-1011-1083,1064,State Department for Technical Vocational Education and Training,1064112700,Infrastructure Support to National Polytechnics,1064112709,Kitale National Polytechnic,2630200,Capital Grants to Government Agencies and other Levels of Government,exp,20000000,9555000,30000000,0,285,yes
fy-2026-27-development-book-volume-1-1011-1083,1064,State Department for Technical Vocational Education and Training,1064112700,Infrastructure Support to National Polytechnics,1064112710,Mawego National Polytechnic,2630200,Capital Grants to Government Agencies and other Levels of Government,exp,15000000,9555000,15000000,15000000,285,yes
fy-2026-27-development-book-volume-1-1011-1083,1064,State Department for Technical Vocational Education and Training,1064112700,Infrastructure Support to National Polytechnics,1064112711,Meru National Polytechnic,2630200,Capital Grants to Government Agencies and other Levels of Government,exp,30000000,9555000,15000000,15000000,285,yes
fy-2026-27-development-book-volume-1-1011-1083,1064,State Department for Technical Vocational Education and Training,1064112700,Infrastructure Support to National Polytechnics,1064112712,Nyeri National Polytechnic,2630200,Capital Grants to Government Agencies and other Levels of Government,exp,30000000,9555000,15000000,30000000,285,yes
fy-2026-27-development-book-volume-1-1011-1083,1064,State Department for Technical Vocational Education and Training,1064112700,Infrastructure Support to National Polytechnics,1064112713,Rift Valley National Polytechnic,2630200,Capital Grants to Government Agencies and other Levels of Government,exp,30000000,12740000,35000000,1500000,285,yes
fy-2026-27-development-book-volume-1-1011-1083,1064,State Department for Technical Vocational Education and Training,1064112700,Infrastructure Support to National Polytechnics,1064112714,Siaya National Polytechnic,2630200,Capital Grants to Government Agencies and other Levels of Government,exp,20000000,12740000,27000000,15000000,285,yes
fy-2026-27-development-book-volume-1-1011-1083,1064,State Department for Technical Vocational Education and Training,1064112700,Infrastructure Support to National Polytechnics,1064112715,Tseikuru National Polytechnic,2630200,Capital Grants to Government Agencies and other Levels of Government,exp,10000000,9555000,15000000,24000000,285,yes
fy-2026-27-development-book-volume-1-1011-1083,1064,State Department for Technical Vocational Education and Training,1064112700,Infrastructure Support to National Polytechnics,1064112716,North Eastern National Polytechnic,2630200,Capital Grants to Government Agencies and other Levels of Government,exp,0,15918000,0,0,286,yes
fy-2026-27-development-book-volume-1-1011-1083,1064,State Department for Technical Vocational Education and Training,1064112800,Kenya - China TVET Project Phase (III),1064112801,Kenya - China TVET Project Phase (III),2640500,Other Capital Grants and Transfers,exp,2600000000,1280529854,2440274643,3692912859,286,yes
fy-2026-27-development-book-volume-1-1011-1083,1064,State Department for Technical Vocational Education and Training,1064112800,Kenya - China TVET Project Phase (III),1064112801,Kenya - China TVET Project Phase (III),5120200,Foreign Borrowing - Direct Payments,aia,2600000000,1190664417,1886000000,2848000000,286,yes
fy-2026-27-development-book-volume-1-1011-1083,1064,State Department for Technical Vocational Education and Training,1064112900,"Establishment of Cooperative College I-TVET, Kileges",1064112901,"Cooperative College I-TVET, Kileges",2630200,Capital Grants to Government Agencies and other Levels of Government,exp,0,42000000,0,0,286,yes
fy-2026-27-development-book-volume-1-1011-1083,1064,State Department for Technical Vocational Education and Training,1064113000,Machakos TTI for the Deaf,1064113001,Infrastructure Support,2630200,Capital Grants to Government Agencies and other Levels of Government,exp,20000000,0,0,0,286,yes
fy-2026-27-development-book-volume-1-1011-1083,1064,State Department for Technical Vocational Education and Training,1064113100,St. Joseph Musakava,1064113101,Infrastructure Support,2630200,Capital Grants to Government Agencies and other Levels of Government,exp,10000000,0,0,0,286,yes
fy-2026-27-development-book-volume-1-1011-1083,1064,State Department for Technical Vocational Education and Training,1064113200,Bomet TVET,1064113201,Bomet TVET,2630200,Capital Grants to Government Agencies and other Levels of Government,exp,15000000,0,0,0,287,yes
fy-2026-27-development-book-volume-1-1011-1083,1064,State Department for Technical Vocational Education and Training,1064113300,Digitalization for Technical & Vocational Education & Training,1064113301,Digitalization for Technical & Vocational Education & Training,2640500,Other Capital Grants and Transfers,exp,0,702900000,0,0,287,yes
fy-2026-27-development-book-volume-1-1011-1083,1064,State Department for Technical Vocational Education and Training,1064113300,Digitalization for Technical & Vocational Education & Training,1064113301,Digitalization for Technical & Vocational Education & Training,5120200,Foreign Borrowing - Direct Payments,aia,0,420000000,0,0,287,yes
fy-2026-27-development-book-volume-1-1011-1083,1065,State Department for Higher Education,1065100300,Technical University of Kenya,1065100303,Construction of Administration and Tuition Block,2630200,Capital Grants to Government Agencies and other Levels of Government,exp,25000000,81000000,100000000,117000000,341,yes
fy-2026-27-development-book-volume-1-1011-1083,1065,State Department for Higher Education,1065100400,University of Nairobi,1065100403,Completion of Pharmacy Building -CHS,2630200,Capital Grants to Government Agencies and other Levels of Government,exp,0,0,125000000,0,341,yes
fy-2026-27-development-book-volume-1-1011-1083,1065,State Department for Higher Education,1065100400,University of Nairobi,1065100409,UoN Engineering and Science Complex Project,2630200,Capital Grants to Government Agencies and other Levels of Government,exp,100000000,1779382390,753000000,931000000,341,yes
fy-2026-27-development-book-volume-1-1011-1083,1065,State Department for Higher Education,1065100400,University of Nairobi,1065100415,GoK/UNFPA 10th CP - PSRI,2630200,Capital Grants to Government Agencies and other Levels of Government,exp,0,5000000,0,0,341,yes
fy-2026-27-development-book-volume-1-1011-1083,1065,State Department for Higher Education,1065100400,University of Nairobi,1065100416,GoK/UNFPA 10th CP - ACCAF,2630200,Capital Grants to Government Agencies and other Levels of Government,exp,12796400,5000000,0,0,341,yes
fy-2026-27-development-book-volume-1-1011-1083,1065,State Department for Higher Education,1065100500,Murang'a University,1065100507,Construction of Hostel Block Phase III,2630200,Capital Grants to Government Agencies and other Levels of Government,exp,0,81000000,0,0,341,yes
fy-2026-27-development-book-volume-1-1011-1083,1065,State Department for Higher Education,1065100500,Murang'a University,1065100508,Construction of Science Complex,2630200,Capital Grants to Government Agencies and other Levels of Government,exp,50000000,0,0,0,341,yes
fy-2026-27-development-book-volume-1-1011-1083,1065,State Department for Higher Education,1065100500,Murang'a University,1065100509,Asbestos Removal and Replacement,2630200,Capital Grants to Government Agencies and other Levels of Government,exp,19000000,0,0,0,341,yes
fy-2026-27-development-book-volume-1-1011-1083,1065,State Department for Higher Education,1065100700,Egerton University,1065100705,Establish. of International Centre for Genetic Engineering & Biotech,2630200,Capital Grants to Government Agencies and other Levels of Government,exp,0,80000000,100000000,225000000,342,yes
fy-2026-27-development-book-volume-1-1011-1083,1065,State Department for Higher Education,1065100800,Jomo Kenyatta University of Agriculture and Techno,1065100801,Construction of New Administration Block,2630200,Capital Grants to Government Agencies and other Levels of Government,exp,0,0,164000000,0,342,yes
fy-2026-27-development-book-volume-1-1011-1083,1065,State Department for Higher Education,1065100800,Jomo Kenyatta University of Agriculture and Techno,1065100803,Construction of College of Engineering - Tuition Block,2630200,Capital Grants to Government Agencies and other Levels of Government,exp,15000000,80000000,142000000,0,342,yes
fy-2026-27-development-book-volume-1-1011-1083,1065,State Department for Higher Education,1065100900,Maseno University,1065100903,Construction of College Tuition & Admin Block,2630200,Capital Grants to Government Agencies and other Levels of Government,exp,50000000,0,0,0,342,yes
fy-2026-27-development-book-volume-1-1011-1083,1065,State Department for Higher Education,1065100900,Maseno University,1065100905,Construction of Modern Science Laboratories,2630200,Capital Grants to Government Agencies and other Levels of Government,exp,0,80000000,200000000,100000000,342,yes
fy-2026-27-development-book-volume-1-1011-1083,1065,State Department for Higher Education,1065101000,Moi University,1065101001,Construction of Library At Annex,2630200,Capital Grants to Government Agencies and other Levels of Government,exp,0,55000000,0,0,342,yes
fy-2026-27-development-book-volume-1-1011-1083,1065,State Department for Higher Education,1065101000,Moi University,1065101006,Renovation of Student Hostels,2630200,Capital Grants to Government Agencies and other Levels of Government,exp,13000000,0,0,0,342,yes
fy-2026-27-development-book-volume-1-1011-1083,1065,State Department for Higher Education,1065101000,Moi University,1065101007,Construction of Amphitheatre,2630200,Capital Grants to Government Agencies and other Levels of Government,exp,0,93000000,33000000,0,343,yes
fy-2026-27-development-book-volume-1-1011-1083,1065,State Department for Higher Education,1065101000,Moi University,1065101009,Infrastructure Support,2630200,Capital Grants to Government Agencies and other Levels of Government,exp,1000000000,0,0,0,343,yes
fy-2026-27-development-book-volume-1-1011-1083,1065,State Department for Higher Education,1065101100,Masinde Muliro University,1065101108,Construction of Engineering and TVET Complex,2630200,Capital Grants to Government Agencies and other Levels of Government,exp,15000000,80000000,100000000,266000000,343,yes
fy-2026-27-development-book-volume-1-1011-1083,1065,State Department for Higher Education,1065101200,Koitalel Arap Samoei University College,1065101201,Construction of Administration block and Lecture theatre,2630200,Capital Grants to Government Agencies and other Levels of Government,exp,495000000,100000000,200000000,200000000,343,yes
fy-2026-27-development-book-volume-1-1011-1083,1065,State Department for Higher Education,1065101300,Gatundu University College,1065101301,Construction of Administration block and Lecture theatre,2630200,Capital Grants to Government Agencies and other Levels of Government,exp,40000000,100000000,200000000,200000000,343,yes
fy-2026-27-development-book-volume-1-1011-1083,1065,State Department for Higher Education,1065101400,Bomet University College,1065101401,"Construction of Administration Block, Lecture Theatre & Assoc. Works",2630200,Capital Grants to Government Agencies and other Levels of Government,exp,40000000,100000000,100000000,200000000,343,yes
fy-2026-27-development-book-volume-1-1011-1083,1065,State Department for Higher Education,1065101500,Tom Mboya University,1065101501,Construction of Administration Block and Lecture Theatre,2630200,Capital Grants to Government Agencies and other Levels of Government,exp,40000000,100000000,100000000,300000000,344,yes
fy-2026-27-development-book-volume-1-1011-1083,1065,State Department for Higher Education,1065101600,Alupe University,1065101601,C onstruction of Administration Block and Lecture Theatre,2630200,Capital Grants to Government Agencies and other Levels of Government,exp,40000000,100000000,0,0,344,yes
fy-2026-27-development-book-volume-1-1011-1083,1065,State Department for Higher Education,1065101700,Kaimosi University,1065101702,Construction of Ultra Modern Library,2630200,Capital Grants to Government Agencies and other Levels of Government,exp,25000000,100000000,100000000,100000000,344,yes
fy-2026-27-development-book-volume-1-1011-1083,1065,State Department for Higher Education,1065101700,Kaimosi University,1065101704,Construction of Tuition Block,2630200,Capital Grants to Government Agencies and other Levels of Government,exp,0,0,0,200000000,344,yes
fy-2026-27-development-book-volume-1-1011-1083,1065,State Department for Higher Education,1065101800,Kibabii University,1065101806,Construction of a Students' Centre,2630200,Capital Grants to Government Agencies and other Levels of Government,exp,41000000,0,0,0,344,yes
fy-2026-27-development-book-volume-1-1011-1083,1065,State Department for Higher Education,1065101800,Kibabii University,1065101807,Purchase of Laboratory Equipment,2630200,Capital Grants to Government Agencies and other Levels of Government,exp,0,35000000,0,0,344,yes
fy-2026-27-development-book-volume-1-1011-1083,1065,State Department for Higher Education,1065101800,Kibabii University,1065101808,Construction of a Games/ Sports Field,2630200,Capital Grants to Government Agencies and other Levels of Government,exp,0,2000000,0,0,344,yes
fy-2026-27-development-book-volume-1-1011-1083,1065,State Department for Higher Education,1065101900,South Eastern Kenya University,1065101918,Construction of Humanities and Social Sciences Lecture halls,2630200,Capital Grants to Government Agencies and other Levels of Government,exp,42177865,0,0,0,345,yes
fy-2026-27-development-book-volume-1-1011-1083,1065,State Department for Higher Education,1065101900,South Eastern Kenya University,1065101919,Infrastructure Support - Mwingi Campus -S. Eastern Kenya University,2630200,Capital Grants to Government Agencies and other Levels of Government,exp,0,53000000,100000000,110000000,345,yes
fy-2026-27-development-book-volume-1-1011-1083,1065,State Department for Higher Education,1065102000,Pwani University,1065102008,Expansion of School of Humanities & Social Sciences Building,2630200,Capital Grants to Government Agencies and other Levels of Government,exp,12500000,12000000,0,0,345,yes
fy-2026-27-development-book-volume-1-1011-1083,1065,State Department for Higher Education,1065102000,Pwani University,1065102009,Expansion of School of Agricultural Sciences & Agribusiness Building,2630200,Capital Grants to Government Agencies and other Levels of Government,exp,0,80000000,100000000,181000000,345,yes
fy-2026-27-development-book-volume-1-1011-1083,1065,State Department for Higher Education,1065102100,The Chuka University,1065102101,Construction of Men's Hostel,2630200,Capital Grants to Government Agencies and other Levels of Government,exp,12500000,80000000,100000000,150000000,345,yes
fy-2026-27-development-book-volume-1-1011-1083,1065,State Department for Higher Education,1065102200,Kisii University,1065102201,Construction of ICT Center,2630200,Capital Grants to Government Agencies and other Levels of Government,exp,20081524,30000000,0,0,345,yes
fy-2026-27-development-book-volume-1-1011-1083,1065,State Department for Higher Education,1065102200,Kisii University,1065102202,Construction of Lecture Theatres,2630200,Capital Grants to Government Agencies and other Levels of Government,exp,2552033,0,0,0,346,yes
fy-2026-27-development-book-volume-1-1011-1083,1065,State Department for Higher Education,1065102200,Kisii University,1065102203,Construction of Hostels,2630200,Capital Grants to Government Agencies and other Levels of Government,exp,28850000,0,0,0,346,yes
fy-2026-27-development-book-volume-1-1011-1083,1065,State Department for Higher Education,1065102300,Laikipia University of Technology,1065102301,Construction of Tuition Block,2630200,Capital Grants to Government Agencies and other Levels of Government,exp,23000000,87000000,27000000,0,346,yes
fy-2026-27-development-book-volume-1-1011-1083,1065,State Department for Higher Education,1065102300,Laikipia University of Technology,1065102306,Construction of Science Laboratories,2630200,Capital Grants to Government Agencies and other Levels of Government,exp,0,20000000,70000000,80000000,346,yes
fy-2026-27-development-book-volume-1-1011-1083,1065,State Department for Higher Education,1065102400,Meru University of Science and Technology,1065102402,Construction of Engineering Complex,2630200,Capital Grants to Government Agencies and other Levels of Government,exp,7000000,0,0,0,346,yes
fy-2026-27-development-book-volume-1-1011-1083,1065,State Department for Higher Education,1065102400,Meru University of Science and Technology,1065102405,Construction of Sports fields,2630200,Capital Grants to Government Agencies and other Levels of Government,exp,0,0,0,171000000,346,yes
fy-2026-27-development-book-volume-1-1011-1083,1065,State Department for Higher Education,1065102400,Meru University of Science and Technology,1065102411,Construction of Nursing & Public Health Building,2630200,Capital Grants to Government Agencies and other Levels of Government,exp,25000000,130000000,100000000,243000000,346,yes
fy-2026-27-development-book-volume-1-1011-1083,1065,State Department for Higher Education,1065102500,Multimedia University of Kenya,1065102508,Construction of Library,2630200,Capital Grants to Government Agencies and other Levels of Government,exp,55000000,58000000,0,0,346,yes
fy-2026-27-development-book-volume-1-1011-1083,1065,State Department for Higher Education,1065102600,Maasai Mara University,1065102605,Construction of Ultra-Modern Library,2630200,Capital Grants to Government Agencies and other Levels of Government,exp,15000000,80000000,100000000,280000000,347,yes
fy-2026-27-development-book-volume-1-1011-1083,1065,State Department for Higher Education,1065102700,University of Kabianga,1065102701,Construction of Lecture Halls Phase III,2630200,Capital Grants to Government Agencies and other Levels of Government,exp,0,0,100000000,50000000,347,yes
fy-2026-27-development-book-volume-1-1011-1083,1065,State Department for Higher Education,1065102700,University of Kabianga,1065102709,Construction of Library,2630200,Capital Grants to Government Agencies and other Levels of Government,exp,15000000,80000000,100000000,100000000,347,yes
fy-2026-27-development-book-volume-1-1011-1083,1065,State Department for Higher Education,1065102800,University of Eldoret,1065102801,Construction of Education Complex,2630200,Capital Grants to Government Agencies and other Levels of Government,exp,200000000,0,0,0,347,yes
fy-2026-27-development-book-volume-1-1011-1083,1065,State Department for Higher Education,1065102900,Karatina University,1065102905,Construction of Library - Phase 1,2630200,Capital Grants to Government Agencies and other Levels of Government,exp,22516443,92000000,0,0,347,yes
fy-2026-27-development-book-volume-1-1011-1083,1065,State Department for Higher Education,1065103000,Jaramogi Oginga Odinga University of Science and Technology,1065103002,Construction of Modern Library (Bondo),2630200,Capital Grants to Government Agencies and other Levels of Government,exp,5000000,0,0,0,348,yes
fy-2026-27-development-book-volume-1-1011-1083,1065,State Department for Higher Education,1065103000,Jaramogi Oginga Odinga University of Science and Technology,1065103005,Construction of Tuition Block,2630200,Capital Grants to Government Agencies and other Levels of Government,exp,50000000,60000000,100000000,164000000,348,yes
fy-2026-27-development-book-volume-1-1011-1083,1065,State Department for Higher Education,1065103000,Jaramogi Oginga Odinga University of Science and Technology,1065103006,Construction of Research Centre,2630200,Capital Grants to Government Agencies and other Levels of Government,exp,150000000,37000000,0,0,348,yes
fy-2026-27-development-book-volume-1-1011-1083,1065,State Department for Higher Education,1065103000,Jaramogi Oginga Odinga University of Science and Technology,1065103007,Construction of Administration Block,2630200,Capital Grants to Government Agencies and other Levels of Government,exp,0,0,100000000,150000000,348,yes
fy-2026-27-development-book-volume-1-1011-1083,1065,State Department for Higher Education,1065103100,Machakos University,1065103112,Construction of Tuition Block,2630200,Capital Grants to Government Agencies and other Levels of Government,exp,20000000,80000000,100000000,150000000,348,yes
fy-2026-27-development-book-volume-1-1011-1083,1065,State Department for Higher Education,1065103200,Embu University,1065103215,Construction of a Tuition Block,2630200,Capital Grants to Government Agencies and other Levels of Government,exp,45000000,100000000,100000000,181000000,348,yes
fy-2026-27-development-book-volume-1-1011-1083,1065,State Department for Higher Education,1065103300,Rongo University,1065103301,Construction of Tuition Block,2630200,Capital Grants to Government Agencies and other Levels of Government,exp,114000000,40000000,0,0,348,yes
fy-2026-27-development-book-volume-1-1011-1083,1065,State Department for Higher Education,1065103300,Rongo University,1065103307,Construction of a Library,2630200,Capital Grants to Government Agencies and other Levels of Government,exp,0,100000000,204000000,150000000,348,yes
fy-2026-27-development-book-volume-1-1011-1083,1065,State Department for Higher Education,1065103400,Co-operative University of Kenya,1065103402,Construction of Library,2630200,Capital Grants to Government Agencies and other Levels of Government,exp,25000000,155000000,200000000,111000000,349,yes
fy-2026-27-development-book-volume-1-1011-1083,1065,State Department for Higher Education,1065103400,Co-operative University of Kenya,1065103403,Kenya Rural Transformation Centres Digital Platform,2630200,Capital Grants to Government Agencies and other Levels of Government,exp,40000000,0,0,74000000,349,yes
fy-2026-27-development-book-volume-1-1011-1083,1065,State Department for Higher Education,1065103400,Co-operative University of Kenya,1065103403,Kenya Rural Transformation Centres Digital Platform,1310200,Grants from Foreign Governments - Direct Payments,aia,40000000,0,0,0,349,yes
fy-2026-27-development-book-volume-1-1011-1083,1065,State Department for Higher Education,1065103500,Garissa University,1065103502,Construction of a Modern Hostel and Administration Block,2630200,Capital Grants to Government Agencies and other Levels of Government,exp,0,107154541,0,0,349,yes
fy-2026-27-development-book-volume-1-1011-1083,1065,State Department for Higher Education,1065103500,Garissa University,1065103503,Tuition Block,2630200,Capital Grants to Government Agencies and other Levels of Government,exp,30000000,0,142000000,0,349,yes
fy-2026-27-development-book-volume-1-1011-1083,1065,State Department for Higher Education,1065103500,Garissa University,1065103504,Library Complex - School of Information Science,2630200,Capital Grants to Government Agencies and other Levels of Government,exp,100000000,70000000,100000000,150000000,349,yes
fy-2026-27-development-book-volume-1-1011-1083,1065,State Department for Higher Education,1065103500,Garissa University,1065103505,Water Storage Borehole,2630200,Capital Grants to Government Agencies and other Levels of Government,exp,16000000,0,0,0,349,yes
fy-2026-27-development-book-volume-1-1011-1083,1065,State Department for Higher Education,1065103600,Kirinyaga University,1065103610,Construction of Tuition Complex,2630200,Capital Grants to Government Agencies and other Levels of Government,exp,0,80000000,200000000,153000000,349,yes
fy-2026-27-development-book-volume-1-1011-1083,1065,State Department for Higher Education,1065103600,Kirinyaga University,1065103611,Construction of a multi-purpose Lecture Theatre,2630200,Capital Grants to Government Agencies and other Levels of Government,exp,20000000,0,0,0,350,yes
fy-2026-27-development-book-volume-1-1011-1083,1065,State Department for Higher Education,1065103700,Dedan Kimathi University of Technology,1065103701,Construction of an Academic Block,2630200,Capital Grants to Government Agencies and other Levels of Government,exp,0,60000000,38000000,0,350,yes
fy-2026-27-development-book-volume-1-1011-1083,1065,State Department for Higher Education,1065103700,Dedan Kimathi University of Technology,1065103702,Construction of Resource Center III (Library & Offices),2630200,Capital Grants to Government Agencies and other Levels of Government,exp,20000000,50000000,0,0,350,yes
fy-2026-27-development-book-volume-1-1011-1083,1065,State Department for Higher Education,1065103800,Taita Taveta University,1065103807,Fencing of Taveta Plot & Construction of office block,2630200,Capital Grants to Government Agencies and other Levels of Government,exp,20000000,90000000,32000000,0,350,yes
fy-2026-27-development-book-volume-1-1011-1083,1065,State Department for Higher Education,1065103800,Taita Taveta University,1065103808,Construction of Mines Lab,2630200,Capital Grants to Government Agencies and other Levels of Government,exp,0,0,200000000,355000000,350,yes
fy-2026-27-development-book-volume-1-1011-1083,1065,State Department for Higher Education,1065104200,Tharaka University College,1065104201,Construction of Administration Block,2630200,Capital Grants to Government Agencies and other Levels of Government,exp,0,100000000,100000000,70000000,350,yes
fy-2026-27-development-book-volume-1-1011-1083,1065,State Department for Higher Education,1065104200,Tharaka University College,1065104202,Construction of Tuition Block,2630200,Capital Grants to Government Agencies and other Levels of Government,exp,0,0,150000000,207000000,350,yes
fy-2026-27-development-book-volume-1-1011-1083,1065,State Department for Higher Education,1065104200,Tharaka University College,1065104203,Construction of Library,2630200,Capital Grants to Government Agencies and other Levels of Government,exp,45000000,0,0,297000000,351,yes
fy-2026-27-development-book-volume-1-1011-1083,1065,State Department for Higher Education,1065104400,Mariene Research Institute,1065104401,Construction of Administration & Lecture Theatre,2630200,Capital Grants to Government Agencies and other Levels of Government,exp,0,50000000,100000000,278000000,351,yes
fy-2026-27-development-book-volume-1-1011-1083,1065,State Department for Higher Education,1065104400,Mariene Research Institute,1065104402,Construction and Equipping of Science Laboratories,2630200,Capital Grants to Government Agencies and other Levels of Government,exp,0,0,171000000,413104100,351,yes
fy-2026-27-development-book-volume-1-1011-1083,1065,State Department for Higher Education,1065104400,Mariene Research Institute,1065104404,Construction of Modern Library,2630200,Capital Grants to Government Agencies and other Levels of Government,exp,45000000,0,0,120000000,351,yes
fy-2026-27-development-book-volume-1-1011-1083,1065,State Department for Higher Education,1065104600,Turkana University College,1065104601,Construction of Hostel and Tuition Block,2630200,Capital Grants to Government Agencies and other Levels of Government,exp,45000000,100000000,100000000,377000000,351,yes
fy-2026-27-development-book-volume-1-1011-1083,1065,State Department for Higher Education,1065104700,GoK/ UNFPA 10th Country Programme - PSRI,1065104701,GoK/ UNFPA 10th Country Programme - PSRI,2630200,Capital Grants to Government Agencies and other Levels of Government,exp,5000000,0,0,0,351,yes
fy-2026-27-development-book-volume-1-1011-1083,1065,State Department for Higher Education,1065104900,Open University of Kenya,1065104901,Infrastructure Development Including ERP System,2630200,Capital Grants to Government Agencies and other Levels of Government,exp,235000000,235000000,0,10000000,351,yes
fy-2026-27-development-book-volume-1-1011-1083,1065,State Department for Higher Education,1065105000,Support for Higher Education Science and Technology - Phase II,1065105001,Support for Higher Education Science and Technology - Phase II,2630200,Capital Grants to Government Agencies and other Levels of Government,exp,0,2719041639,700000000,717895900,352,yes
fy-2026-27-development-book-volume-1-1011-1083,1065,State Department for Higher Education,1065105000,Support for Higher Education Science and Technology - Phase II,1065105001,Support for Higher Education Science and Technology - Phase II,5120200,Foreign Borrowing - Direct Payments,aia,0,2015041639,0,0,352,yes
fy-2026-27-development-book-volume-1-1011-1083,1065,State Department for Higher Education,1065105100,Infrastructure Support to Public Universities,1065105102,Construction of Administration block - Baringo University College,2630200,Capital Grants to Government Agencies and other Levels of Government,exp,40000000,0,0,0,352,yes
fy-2026-27-development-book-volume-1-1011-1083,1065,State Department for Higher Education,1065105100,Infrastructure Support to Public Universities,1065105103,Construction of Men's Hostel - Chuka University. - Chuka University.,2630200,Capital Grants to Government Agencies and other Levels of Government,exp,30000000,0,0,0,352,yes
fy-2026-27-development-book-volume-1-1011-1083,1065,State Department for Higher Education,1065105100,Infrastructure Support to Public Universities,1065105104,Construction of Hostel - Garissa University College.,2630200,Capital Grants to Government Agencies and other Levels of Government,exp,80000000,0,100000000,119000000,352,yes
fy-2026-27-development-book-volume-1-1011-1083,1065,State Department for Higher Education,1065105100,Infrastructure Support to Public Universities,1065105105,Construction of College of Engineering - Tuition Block - JKUAT,2630200,Capital Grants to Government Agencies and other Levels of Government,exp,35000000,0,0,0,352,yes
fy-2026-27-development-book-volume-1-1011-1083,1065,State Department for Higher Education,1065105100,Infrastructure Support to Public Universities,1065105106,Support to Kobujoi campus - Kaimosi University,2630200,Capital Grants to Government Agencies and other Levels of Government,exp,35000000,100000000,365000000,0,352,yes
fy-2026-27-development-book-volume-1-1011-1083,1065,State Department for Higher Education,1065105100,Infrastructure Support to Public Universities,1065105107,Construction of Library - Phase 1 - Karatina University,2630200,Capital Grants to Government Agencies and other Levels of Government,exp,20000000,0,0,0,352,yes
fy-2026-27-development-book-volume-1-1011-1083,1065,State Department for Higher Education,1065105100,Infrastructure Support to Public Universities,1065105108,Construction of a Games- Sports Field - Kibabii University,2630200,Capital Grants to Government Agencies and other Levels of Government,exp,25000000,0,0,0,352,yes
fy-2026-27-development-book-volume-1-1011-1083,1065,State Department for Higher Education,1065105100,Infrastructure Support to Public Universities,1065105109,Construction of ICT Center - Kisii University,2630200,Capital Grants to Government Agencies and other Levels of Government,exp,25000000,0,0,0,353,yes
fy-2026-27-development-book-volume-1-1011-1083,1065,State Department for Higher Education,1065105100,Infrastructure Support to Public Universities,1065105110,"Const. Admin Blk., Lecture theatre-Koitalel Arap Samoei Uni. College",2630200,Capital Grants to Government Agencies and other Levels of Government,exp,35000000,0,0,0,353,yes
fy-2026-27-development-book-volume-1-1011-1083,1065,State Department for Higher Education,1065105100,Infrastructure Support to Public Universities,1065105111,Construction of Modern Library - Mariene Research Institute.,2630200,Capital Grants to Government Agencies and other Levels of Government,exp,30000000,0,0,0,353,yes
fy-2026-27-development-book-volume-1-1011-1083,1065,State Department for Higher Education,1065105100,Infrastructure Support to Public Universities,1065105112,Construction of Nursing & Public Health Building - Meru University,2630200,Capital Grants to Government Agencies and other Levels of Government,exp,25000000,0,0,0,353,yes
fy-2026-27-development-book-volume-1-1011-1083,1065,State Department for Higher Education,1065105100,Infrastructure Support to Public Universities,1065105113,Construction of Science complex - Murang'a University,2630200,Capital Grants to Government Agencies and other Levels of Government,exp,30000000,0,0,0,353,yes
fy-2026-27-development-book-volume-1-1011-1083,1065,State Department for Higher Education,1065105100,Infrastructure Support to Public Universities,1065105114,Construction of Humanities and Social Sciences Lecture Halls - SEKU,2630200,Capital Grants to Government Agencies and other Levels of Government,exp,25000000,0,0,0,353,yes
fy-2026-27-development-book-volume-1-1011-1083,1065,State Department for Higher Education,1065105100,Infrastructure Support to Public Universities,1065105115,Construction of office block - Taita Taveta University,2630200,Capital Grants to Government Agencies and other Levels of Government,exp,30000000,0,0,0,353,yes
fy-2026-27-development-book-volume-1-1011-1083,1065,State Department for Higher Education,1065105100,Infrastructure Support to Public Universities,1065105116,Construction of Administration Block - Tharaka University College.,2630200,Capital Grants to Government Agencies and other Levels of Government,exp,25000000,0,0,0,353,yes
fy-2026-27-development-book-volume-1-1011-1083,1065,State Department for Higher Education,1065105100,Infrastructure Support to Public Universities,1065105117,Const. of Admin. Blk and Lecture theatre - Tom Mboya Uni. College,2630200,Capital Grants to Government Agencies and other Levels of Government,exp,35000000,0,0,0,353,yes
fy-2026-27-development-book-volume-1-1011-1083,1065,State Department for Higher Education,1065105100,Infrastructure Support to Public Universities,1065105118,Construction of Tuition block - Turkana University,2630200,Capital Grants to Government Agencies and other Levels of Government,exp,20000000,0,0,0,353,yes
fy-2026-27-development-book-volume-1-1011-1083,1065,State Department for Higher Education,1065105100,Infrastructure Support to Public Universities,1065105119,Construction of Dental school - University of Nairobi,2630200,Capital Grants to Government Agencies and other Levels of Government,exp,55000000,0,0,0,354,yes
fy-2026-27-development-book-volume-1-1011-1083,1065,State Department for Higher Education,1065105100,Infrastructure Support to Public Universities,1065105120,Completion of the Nursing and Health Sciences Complex - Baraton,2640500,Other Capital Grants and Transfers,exp,60000000,0,0,0,354,yes
fy-2026-27-development-book-volume-1-1011-1083,1065,State Department for Higher Education,1065105200,Samburu University College (Maralal),1065105201,Infrastructure Development,2630200,Capital Grants to Government Agencies and other Levels of Government,exp,150000000,100000000,200000000,200000000,354,yes
fy-2026-27-development-book-volume-1-1011-1083,1065,State Department for Higher Education,1065105300,Kabarnet University College,1065105301,Infrastructure Development,2630200,Capital Grants to Government Agencies and other Levels of Government,exp,650000000,500000000,204000000,56000000,354,yes
fy-2026-27-development-book-volume-1-1011-1083,1065,State Department for Higher Education,1065105400,Nyandarua University College,1065105401,Establishment of Nyandarua Campus,2630200,Capital Grants to Government Agencies and other Levels of Government,exp,0,146000000,200000000,100000000,354,yes
fy-2026-27-development-book-volume-1-1011-1083,1066,State Department for Basic Education,1066100100,School Infrastructure in North Nyamira/ Borabu,1066100101,Headquarters,2630200,Capital Grants to Government Agencies and other Levels of Government,exp,739311207,604735840,0,0,386,yes
fy-2026-27-development-book-volume-1-1011-1083,1066,State Department for Basic Education,1066100100,School Infrastructure in North Nyamira/ Borabu,1066100101,Headquarters,5120200,Foreign Borrowing - Direct Payments,aia,706477207,500000000,0,0,386,yes
fy-2026-27-development-book-volume-1-1011-1083,1066,State Department for Basic Education,1066101500,Primary Schools infrastructure Improvement,1066101501,Primary Schools infrastructure Improvement,2630200,Capital Grants to Government Agencies and other Levels of Government,exp,300000000,770264160,939000000,1130000000,386,yes
fy-2026-27-development-book-volume-1-1011-1083,1066,State Department for Basic Education,1066101500,Primary Schools infrastructure Improvement,1066101599,Construction of classrooms & ablution blocks in 5 primary schools,2630200,Capital Grants to Government Agencies and other Levels of Government,exp,61800000,0,0,0,386,yes
fy-2026-27-development-book-volume-1-1011-1083,1066,State Department for Basic Education,1066101800,Construction of New TTCs,1066101810,Kitui TTC,2630200,Capital Grants to Government Agencies and other Levels of Government,exp,50000000,0,0,0,386,yes
fy-2026-27-development-book-volume-1-1011-1083,1066,State Department for Basic Education,1066101800,Construction of New TTCs,1066101818,Galana TTC,2630200,Capital Grants to Government Agencies and other Levels of Government,exp,0,40000000,40000000,40000000,386,yes
fy-2026-27-development-book-volume-1-1011-1083,1066,State Department for Basic Education,1066101800,Construction of New TTCs,1066101824,Eldas TTC,2630200,Capital Grants to Government Agencies and other Levels of Government,exp,40000000,107154541,30000000,30000000,386,yes
fy-2026-27-development-book-volume-1-1011-1083,1066,State Department for Basic Education,1066101800,Construction of New TTCs,1066101830,Kong'asis Teachers College,2630200,Capital Grants to Government Agencies and other Levels of Government,exp,0,50000000,0,0,386,yes
fy-2026-27-development-book-volume-1-1011-1083,1066,State Department for Basic Education,1066101800,Construction of New TTCs,1066101831,Tarbaj TTC,2630200,Capital Grants to Government Agencies and other Levels of Government,exp,0,30000000,30000000,30000000,386,yes
fy-2026-27-development-book-volume-1-1011-1083,1066,State Department for Basic Education,1066101900,Rehabilitation of Old TTCs,1066101902,Moi BaringoTTC,2630200,Capital Grants to Government Agencies and other Levels of Government,exp,70000000,20000000,25000000,25000000,387,yes
fy-2026-27-development-book-volume-1-1011-1083,1066,State Department for Basic Education,1066101900,Rehabilitation of Old TTCs,1066101907,Tambach TTC,2630200,Capital Grants to Government Agencies and other Levels of Government,exp,230000000,0,0,0,387,yes
fy-2026-27-development-book-volume-1-1011-1083,1066,State Department for Basic Education,1066101900,Rehabilitation of Old TTCs,1066101917,Solai Teachers Training College,2630200,Capital Grants to Government Agencies and other Levels of Government,exp,50000000,0,0,0,387,yes
fy-2026-27-development-book-volume-1-1011-1083,1066,State Department for Basic Education,1066101900,Rehabilitation of Old TTCs,1066101918,Kitui Central TTC,2630200,Capital Grants to Government Agencies and other Levels of Government,exp,10000000,0,0,0,387,yes
fy-2026-27-development-book-volume-1-1011-1083,1066,State Department for Basic Education,1066101900,Rehabilitation of Old TTCs,1066101919,Chesta TTC,2630200,Capital Grants to Government Agencies and other Levels of Government,exp,0,20000000,25000000,25000000,387,yes
fy-2026-27-development-book-volume-1-1011-1083,1066,State Department for Basic Education,1066101900,Rehabilitation of Old TTCs,1066101920,Borabu TTC,2630200,Capital Grants to Government Agencies and other Levels of Government,exp,0,20000000,25000000,25000000,387,yes
fy-2026-27-development-book-volume-1-1011-1083,1066,State Department for Basic Education,1066101900,Rehabilitation of Old TTCs,1066101921,Seme TTC,2630200,Capital Grants to Government Agencies and other Levels of Government,exp,0,20000000,25000000,25000000,387,yes
fy-2026-27-development-book-volume-1-1011-1083,1066,State Department for Basic Education,1066101900,Rehabilitation of Old TTCs,1066101922,Kitui TTC,2630200,Capital Grants to Government Agencies and other Levels of Government,exp,0,20000000,25000000,25000000,387,yes
fy-2026-27-development-book-volume-1-1011-1083,1066,State Department for Basic Education,1066101900,Rehabilitation of Old TTCs,1066101923,Kenyenya TTC,2630200,Capital Grants to Government Agencies and other Levels of Government,exp,0,20000000,25000000,25000000,387,yes
fy-2026-27-development-book-volume-1-1011-1083,1066,State Department for Basic Education,1066101900,Rehabilitation of Old TTCs,1066101924,Kibabii TTC,2630200,Capital Grants to Government Agencies and other Levels of Government,exp,0,20000000,25000000,25000000,388,yes
fy-2026-27-development-book-volume-1-1011-1083,1066,State Department for Basic Education,1066101900,Rehabilitation of Old TTCs,1066101925,Bondo TTC,2630200,Capital Grants to Government Agencies and other Levels of Government,exp,0,20000000,25000000,25000000,388,yes
fy-2026-27-development-book-volume-1-1011-1083,1066,State Department for Basic Education,1066101900,Rehabilitation of Old TTCs,1066101926,Narok TTC,2630200,Capital Grants to Government Agencies and other Levels of Government,exp,0,20000000,25000000,25000000,388,yes
fy-2026-27-development-book-volume-1-1011-1083,1066,State Department for Basic Education,1066101900,Rehabilitation of Old TTCs,1066101927,Mosoriot TTC,2630200,Capital Grants to Government Agencies and other Levels of Government,exp,0,20000000,25000000,25000000,388,yes
fy-2026-27-development-book-volume-1-1011-1083,1066,State Department for Basic Education,1066102100,Construct & Equip the National Psycho-Education Assessment Centre,10661021001,Construct & Equip the National Psycho-Education Assessment Centre,2630200,Capital Grants to Government Agencies and other Levels of Government,exp,0,239000000,0,0,388,yes
fy-2026-27-development-book-volume-1-1011-1083,1066,State Department for Basic Education,1066102400,Secondary School Infrastructure Improvement,1066102401,Secondary School Infrastructure Improvement,2630200,Capital Grants to Government Agencies and other Levels of Government,exp,700000000,2230000000,1815000000,2585000000,388,yes
fy-2026-27-development-book-volume-1-1011-1083,1066,State Department for Basic Education,1066102600,ICT integration in Secondary Schools,1066102601,ICT integration in Secondary Schools,2630200,Capital Grants to Government Agencies and other Levels of Government,exp,0,50000000,200000000,300000000,388,yes
fy-2026-27-development-book-volume-1-1011-1083,1066,State Department for Basic Education,1066102600,ICT integration in Secondary Schools,1066102601,ICT integration in Secondary Schools,3111000,Purchase of Office Furniture and General Equipment,exp,152946000,0,0,0,388,yes
fy-2026-27-development-book-volume-1-1011-1083,1066,State Department for Basic Education,1066102800,Establishment of Lugari Diploma Teachers Training College,10661028001,Establishment of Lugari Diploma Teachers Training College,2630200,Capital Grants to Government Agencies and other Levels of Government,exp,0,100000000,78000000,0,389,yes
fy-2026-27-development-book-volume-1-1011-1083,1066,State Department for Basic Education,1066102900,Establishment of Kibabii Diploma Teachers Training College,10661029001,Establishment of Kibabii Diploma Teachers Training College,2630200,Capital Grants to Government Agencies and other Levels of Government,exp,0,100000000,100000000,109000000,389,yes
fy-2026-27-development-book-volume-1-1011-1083,1066,State Department for Basic Education,1066103100,Infrastructure Improvement-Kagumo Diploma Teachers Training,10661031001,Infrastructure Improvement-Kagumo Diploma Teachers Training,2630200,Capital Grants to Government Agencies and other Levels of Government,exp,0,50000000,100000000,166000000,389,yes
fy-2026-27-development-book-volume-1-1011-1083,1066,State Department for Basic Education,1066103600,Construction of Education Resource Centre at KICD-Phase I,10661036001,Construction of Education Resource Centre at KICD-Phase I,2630200,Capital Grants to Government Agencies and other Levels of Government,exp,0,153000000,300000000,300000000,389,yes
fy-2026-27-development-book-volume-1-1011-1083,1066,State Department for Basic Education,1066104700,Procurement of Digital Machines to Print OMR Forms,1066104701,Procurement of Digital Machines to Print OMR Forms,2630200,Capital Grants to Government Agencies and other Levels of Government,exp,0,147000000,0,0,389,yes
fy-2026-27-development-book-volume-1-1011-1083,1066,State Department for Basic Education,1066105000,ICT Infrastructure to Support Competency Based Assessment - BETA,1066105001,ICT Infrastructure to Support Competency Based Assessment,2630200,Capital Grants to Government Agencies and other Levels of Government,exp,25000000,25000000,40000000,87000000,390,yes
fy-2026-27-development-book-volume-1-1011-1083,1066,State Department for Basic Education,1066105100,Promotion of Youth Employment thro' Scholarships Ph 2-Wings to Fly,1066105101,Promotion of Youth Employment thro' Scholarships Ph 2-Wings to Fly,2640500,Other Capital Grants and Transfers,exp,280000000,120000000,120000000,120000000,390,yes
fy-2026-27-development-book-volume-1-1011-1083,1066,State Department for Basic Education,1066105100,Promotion of Youth Employment thro' Scholarships Ph 2-Wings to Fly,1066105101,Promotion of Youth Employment thro' Scholarships Ph 2-Wings to Fly,1310200,Grants from Foreign Governments - Direct Payments,aia,280000000,120000000,120000000,120000000,390,yes
fy-2026-27-development-book-volume-1-1011-1083,1066,State Department for Basic Education,1066105200,Kenya Primary Education Equity in Learning Program,1066105201,Kenya Primary Education Equity in Learning Program,2640500,Other Capital Grants and Transfers,exp,8733220000,7089000000,9444000000,11694000000,390,yes
fy-2026-27-development-book-volume-1-1011-1083,1066,State Department for Basic Education,1066105300,Junior Secondary School Infrastructure Improvement - BETA,1066105302,Construction of Classrooms in JSS,2630200,Capital Grants to Government Agencies and other Levels of Government,exp,26647879,0,0,0,390,yes
fy-2026-27-development-book-volume-1-1011-1083,1066,State Department for Basic Education,1066105300,Junior Secondary School Infrastructure Improvement - BETA,1066105303,Construction of Grade 9 classrooms,2630200,Capital Grants to Government Agencies and other Levels of Government,exp,64000000,0,0,0,390,yes
fy-2026-27-development-book-volume-1-1011-1083,1066,State Department for Basic Education,1066105300,Junior Secondary School Infrastructure Improvement - BETA,1066105304,Nina Primary JSS,2630200,Capital Grants to Government Agencies and other Levels of Government,exp,10000000,0,0,0,390,yes
fy-2026-27-development-book-volume-1-1011-1083,1066,State Department for Basic Education,1066105300,Junior Secondary School Infrastructure Improvement - BETA,1066105305,Awelo Primary JSS,2630200,Capital Grants to Government Agencies and other Levels of Government,exp,10000000,0,0,0,390,yes
fy-2026-27-development-book-volume-1-1011-1083,1066,State Department for Basic Education,1066105300,Junior Secondary School Infrastructure Improvement - BETA,1066105306,Nyajuok Primary JSS,2630200,Capital Grants to Government Agencies and other Levels of Government,exp,10000000,0,0,0,391,yes
fy-2026-27-development-book-volume-1-1011-1083,1066,State Department for Basic Education,1066105300,Junior Secondary School Infrastructure Improvement - BETA,1066105307,Sigana Primary JSS,2630200,Capital Grants to Government Agencies and other Levels of Government,exp,10000000,0,0,0,391,yes
fy-2026-27-development-book-volume-1-1011-1083,1066,State Department for Basic Education,1066105400,VVOB Education for Development,1066105401,VVOB Education for Development,2640500,Other Capital Grants and Transfers,exp,10000000,140000000,50000000,0,391,yes
fy-2026-27-development-book-volume-1-1011-1083,1066,State Department for Basic Education,1066105400,VVOB Education for Development,1066105401,VVOB Education for Development,1310200,Grants from Foreign Governments - Direct Payments,aia,10000000,140000000,50000000,0,391,yes
fy-2026-27-development-book-volume-1-1011-1083,1066,State Department for Basic Education,1066105500,Assembly of Assistive Devices - KISE,1066105501,Assembly of Assistive Devices - KISE,2630200,Capital Grants to Government Agencies and other Levels of Government,exp,218200000,200000000,250000000,300000000,391,yes
fy-2026-27-development-book-volume-1-1011-1083,1066,State Department for Basic Education,1066105700,Secondary Infrastructure Improvement II,1066105757,Kapngetuny Secondary,2630200,Capital Grants to Government Agencies and other Levels of Government,exp,30000000,0,0,0,391,yes
fy-2026-27-development-book-volume-1-1011-1083,1066,State Department for Basic Education,1066105900,Primary and Secondary School Infrastructure,1066105995,Barding Secondary School,2630200,Capital Grants to Government Agencies and other Levels of Government,exp,10000000,0,0,0,391,yes
fy-2026-27-development-book-volume-1-1011-1083,1066,State Department for Basic Education,1066105900,Primary and Secondary School Infrastructure,1066105996,Mbaga Girls High School,2630200,Capital Grants to Government Agencies and other Levels of Government,exp,10000000,0,0,0,392,yes
fy-2026-27-development-book-volume-1-1011-1083,1066,State Department for Basic Education,1066105900,Primary and Secondary School Infrastructure,1066105997,Upanda Secondary School,2630200,Capital Grants to Government Agencies and other Levels of Government,exp,10000000,0,0,0,392,yes
fy-2026-27-development-book-volume-1-1011-1083,1066,State Department for Basic Education,1066105900,Primary and Secondary School Infrastructure,1066105999,Kapsumbeiywet High School - Soy,2630200,Capital Grants to Government Agencies and other Levels of Government,exp,20000000,0,0,0,392,yes
fy-2026-27-development-book-volume-1-1011-1083,1066,State Department for Basic Education,1066106000,Kenya Secondary Education Equity Improvement Program,1066106001,Kenya Secondary Education Equity Improvement Program,2640500,Other Capital Grants and Transfers,exp,4000000000,4654000000,3316000000,4083000000,392,yes
fy-2026-27-development-book-volume-1-1011-1083,1066,State Department for Basic Education,1066106100,Primary & Secondary Schools Infrastructure Improvement II,1066106101,Limnyomoi Primary School,2630200,Capital Grants to Government Agencies and other Levels of Government,exp,5000000,0,0,0,392,yes
fy-2026-27-development-book-volume-1-1011-1083,1066,State Department for Basic Education,1066106100,Primary & Secondary Schools Infrastructure Improvement II,1066106189,St. Jonathan Day Secondary Rongo - Migori,2630200,Capital Grants to Government Agencies and other Levels of Government,exp,10000000,0,0,0,392,yes
fy-2026-27-development-book-volume-1-1011-1083,1066,State Department for Basic Education,1066106100,Primary & Secondary Schools Infrastructure Improvement II,1066106190,St. Mary's Naifarm Boys Secondary School - Trans Nzoia,2630200,Capital Grants to Government Agencies and other Levels of Government,exp,10000000,0,0,0,392,yes
fy-2026-27-development-book-volume-1-1011-1083,1066,State Department for Basic Education,1066106100,Primary & Secondary Schools Infrastructure Improvement II,1066106191,Serengonik UPEC Primary School - Trans Nzoia,2630200,Capital Grants to Government Agencies and other Levels of Government,exp,10000000,0,0,0,392,yes
fy-2026-27-development-book-volume-1-1011-1083,1066,State Department for Basic Education,1066106100,Primary & Secondary Schools Infrastructure Improvement II,1066106192,Mwalukombe Girls Secondary School - Kwale,2630200,Capital Grants to Government Agencies and other Levels of Government,exp,5000000,0,0,0,393,yes
fy-2026-27-development-book-volume-1-1011-1083,1066,State Department for Basic Education,1066106100,Primary & Secondary Schools Infrastructure Improvement II,1066106193,Virugani Secondary School - Kwale,2630200,Capital Grants to Government Agencies and other Levels of Government,exp,5000000,0,0,0,393,yes
fy-2026-27-development-book-volume-1-1011-1083,1066,State Department for Basic Education,1066106100,Primary & Secondary Schools Infrastructure Improvement II,1066106194,Taru Girls Secondary School - Kwale,2630200,Capital Grants to Government Agencies and other Levels of Government,exp,5000000,0,0,0,393,yes
fy-2026-27-development-book-volume-1-1011-1083,1066,State Department for Basic Education,1066106100,Primary & Secondary Schools Infrastructure Improvement II,1066106195,Mwavumbo Secondary School - Kwale,2630200,Capital Grants to Government Agencies and other Levels of Government,exp,5000000,0,0,0,393,yes
fy-2026-27-development-book-volume-1-1011-1083,1066,State Department for Basic Education,1066106100,Primary & Secondary Schools Infrastructure Improvement II,1066106196,Mwereni Secondary School - Kwale,2630200,Capital Grants to Government Agencies and other Levels of Government,exp,8000000,0,0,0,393,yes
fy-2026-27-development-book-volume-1-1011-1083,1066,State Department for Basic Education,1066106100,Primary & Secondary Schools Infrastructure Improvement II,1066106197,Mikimani Primary School - Kwale,2630200,Capital Grants to Government Agencies and other Levels of Government,exp,3500000,0,0,0,393,yes
fy-2026-27-development-book-volume-1-1011-1083,1066,State Department for Basic Education,1066106100,Primary & Secondary Schools Infrastructure Improvement II,1066106198,Mkono Wa Ndugu Primary School - Kwale,2630200,Capital Grants to Government Agencies and other Levels of Government,exp,3500000,0,0,0,393,yes
fy-2026-27-development-book-volume-1-1011-1083,1066,State Department for Basic Education,1066106100,Primary & Secondary Schools Infrastructure Improvement II,1066106199,Wajir Special School for the Mentally Handicapped,2630200,Capital Grants to Government Agencies and other Levels of Government,exp,15000000,0,0,0,393,yes
fy-2026-27-development-book-volume-1-1011-1083,1066,State Department for Basic Education,1066106200,Primary & Secondary Schools Infrastructure Improvement III,1066106201,Elnur Secondary School - Wajir,2630200,Capital Grants to Government Agencies and other Levels of Government,exp,20000000,0,0,0,393,yes
fy-2026-27-development-book-volume-1-1011-1083,1066,State Department for Basic Education,1066106200,Primary & Secondary Schools Infrastructure Improvement III,1066106202,Horote Primary School - Wajir,2630200,Capital Grants to Government Agencies and other Levels of Government,exp,5000000,0,0,0,393,yes
fy-2026-27-development-book-volume-1-1011-1083,1066,State Department for Basic Education,1066106200,Primary & Secondary Schools Infrastructure Improvement III,1066106203,Kahuho Primary School - Nyeri,2630200,Capital Grants to Government Agencies and other Levels of Government,exp,2000000,0,0,0,394,yes
fy-2026-27-development-book-volume-1-1011-1083,1066,State Department for Basic Education,1066106200,Primary & Secondary Schools Infrastructure Improvement III,1066106204,Manyata Primary School - Nyeri,2630200,Capital Grants to Government Agencies and other Levels of Government,exp,2000000,0,0,0,394,yes
fy-2026-27-development-book-volume-1-1011-1083,1066,State Department for Basic Education,1066106200,Primary & Secondary Schools Infrastructure Improvement III,1066106205,Kirinyaga Primary School - Nyeri,2630200,Capital Grants to Government Agencies and other Levels of Government,exp,2000000,0,0,0,394,yes
fy-2026-27-development-book-volume-1-1011-1083,1066,State Department for Basic Education,1066106200,Primary & Secondary Schools Infrastructure Improvement III,1066106206,Milimani Primamy School - Nyeri,2630200,Capital Grants to Government Agencies and other Levels of Government,exp,2000000,0,0,0,394,yes
fy-2026-27-development-book-volume-1-1011-1083,1066,State Department for Basic Education,1066106200,Primary & Secondary Schools Infrastructure Improvement III,1066106207,Mapema Primary School - Nyeri,2630200,Capital Grants to Government Agencies and other Levels of Government,exp,2000000,0,0,0,394,yes
fy-2026-27-development-book-volume-1-1011-1083,1066,State Department for Basic Education,1066106200,Primary & Secondary Schools Infrastructure Improvement III,1066106208,Kabaru Primary School - Nyeri,2630200,Capital Grants to Government Agencies and other Levels of Government,exp,2000000,0,0,0,394,yes
fy-2026-27-development-book-volume-1-1011-1083,1066,State Department for Basic Education,1066106200,Primary & Secondary Schools Infrastructure Improvement III,1066106209,Airstrip Primary School - Nyeri,2630200,Capital Grants to Government Agencies and other Levels of Government,exp,2000000,0,0,0,394,yes
fy-2026-27-development-book-volume-1-1011-1083,1066,State Department for Basic Education,1066106200,Primary & Secondary Schools Infrastructure Improvement III,1066106210,Kamatongu Primary School - Nyeri,2630200,Capital Grants to Government Agencies and other Levels of Government,exp,2000000,0,0,0,394,yes
fy-2026-27-development-book-volume-1-1011-1083,1066,State Department for Basic Education,1066106200,Primary & Secondary Schools Infrastructure Improvement III,1066106211,Bondeni Primary School - Nyeri,2630200,Capital Grants to Government Agencies and other Levels of Government,exp,2000000,0,0,0,394,yes
fy-2026-27-development-book-volume-1-1011-1083,1066,State Department for Basic Education,1066106200,Primary & Secondary Schools Infrastructure Improvement III,1066106212,Honi Primary School - Nyeri,2630200,Capital Grants to Government Agencies and other Levels of Government,exp,2000000,0,0,0,394,yes
fy-2026-27-development-book-volume-1-1011-1083,1066,State Department for Basic Education,1066106200,Primary & Secondary Schools Infrastructure Improvement III,1066106213,Kihuriro Primary School - Nyeri,2630200,Capital Grants to Government Agencies and other Levels of Government,exp,2000000,0,0,0,395,yes
fy-2026-27-development-book-volume-1-1011-1083,1066,State Department for Basic Education,1066106200,Primary & Secondary Schools Infrastructure Improvement III,1066106214,Gakanga Primary School - Nyeri,2630200,Capital Grants to Government Agencies and other Levels of Government,exp,2000000,0,0,0,395,yes
fy-2026-27-development-book-volume-1-1011-1083,1066,State Department for Basic Education,1066106200,Primary & Secondary Schools Infrastructure Improvement III,1066106215,Githura Primary School - Nyeri,2630200,Capital Grants to Government Agencies and other Levels of Government,exp,2000000,0,0,0,395,yes
fy-2026-27-development-book-volume-1-1011-1083,1066,State Department for Basic Education,1066106200,Primary & Secondary Schools Infrastructure Improvement III,1066106216,Ruai Primary School - Nyeri,2630200,Capital Grants to Government Agencies and other Levels of Government,exp,2000000,0,0,0,395,yes
fy-2026-27-development-book-volume-1-1011-1083,1066,State Department for Basic Education,1066106200,Primary & Secondary Schools Infrastructure Improvement III,1066106217,Muthangira Primary School - Nyeri,2630200,Capital Grants to Government Agencies and other Levels of Government,exp,2000000,0,0,0,395,yes
fy-2026-27-development-book-volume-1-1011-1083,1066,State Department for Basic Education,1066106200,Primary & Secondary Schools Infrastructure Improvement III,1066106218,Kilungu Boys High School - Makueni,2630200,Capital Grants to Government Agencies and other Levels of Government,exp,5000000,0,0,0,395,yes
fy-2026-27-development-book-volume-1-1011-1083,1066,State Department for Basic Education,1066106200,Primary & Secondary Schools Infrastructure Improvement III,1066106219,Nyaluru Junior Secondary School in Kojwach Ward - Homabay,2630200,Capital Grants to Government Agencies and other Levels of Government,exp,2000000,0,0,0,395,yes
fy-2026-27-development-book-volume-1-1011-1083,1066,State Department for Basic Education,1066106200,Primary & Secondary Schools Infrastructure Improvement III,1066106220,Got Rateng' Junior School in Kabondo West Ward - Homabay,2630200,Capital Grants to Government Agencies and other Levels of Government,exp,2000000,0,0,0,395,yes
fy-2026-27-development-book-volume-1-1011-1083,1066,State Department for Basic Education,1066106200,Primary & Secondary Schools Infrastructure Improvement III,1066106221,Kaplelwo Day Secondary School - Baringo,2630200,Capital Grants to Government Agencies and other Levels of Government,exp,10000000,0,0,0,395,yes
fy-2026-27-development-book-volume-1-1011-1083,1066,State Department for Basic Education,1066106200,Primary & Secondary Schools Infrastructure Improvement III,1066106222,Orus High School - Baringo,2630200,Capital Grants to Government Agencies and other Levels of Government,exp,10000000,0,0,0,395,yes
fy-2026-27-development-book-volume-1-1011-1083,1066,State Department for Basic Education,1066106200,Primary & Secondary Schools Infrastructure Improvement III,1066106223,Kivaywa Boys High School - Kakamega,2630200,Capital Grants to Government Agencies and other Levels of Government,exp,15000000,0,0,0,395,yes
fy-2026-27-development-book-volume-1-1011-1083,1066,State Department for Basic Education,1066106200,Primary & Secondary Schools Infrastructure Improvement III,1066106224,Khwisero Girls - Kakamega,2630200,Capital Grants to Government Agencies and other Levels of Government,exp,10000000,0,0,0,396,yes
fy-2026-27-development-book-volume-1-1011-1083,1066,State Department for Basic Education,1066106200,Primary & Secondary Schools Infrastructure Improvement III,1066106225,Ntulele Secondary School - Narok,2630200,Capital Grants to Government Agencies and other Levels of Government,exp,5000000,0,0,0,396,yes
fy-2026-27-development-book-volume-1-1011-1083,1066,State Department for Basic Education,1066106200,Primary & Secondary Schools Infrastructure Improvement III,1066106226,Oloirowua Primary School - Narok,2630200,Capital Grants to Government Agencies and other Levels of Government,exp,5000000,0,0,0,396,yes
fy-2026-27-development-book-volume-1-1011-1083,1066,State Department for Basic Education,1066106200,Primary & Secondary Schools Infrastructure Improvement III,1066106227,Oloserian Hills Secondary School - Narok,2630200,Capital Grants to Government Agencies and other Levels of Government,exp,5000000,0,0,0,396,yes
fy-2026-27-development-book-volume-1-1011-1083,1066,State Department for Basic Education,1066106200,Primary & Secondary Schools Infrastructure Improvement III,1066106228,Lemek Primary School - Narok,2630200,Capital Grants to Government Agencies and other Levels of Government,exp,5000000,0,0,0,396,yes
fy-2026-27-development-book-volume-1-1011-1083,1066,State Department for Basic Education,1066106200,Primary & Secondary Schools Infrastructure Improvement III,1066106229,Nkorkori Model Sec. School - Narok,2630200,Capital Grants to Government Agencies and other Levels of Government,exp,5000000,0,0,0,396,yes
fy-2026-27-development-book-volume-1-1011-1083,1066,State Department for Basic Education,1066106200,Primary & Secondary Schools Infrastructure Improvement III,1066106230,Olulunga Boys High School - Narok,2630200,Capital Grants to Government Agencies and other Levels of Government,exp,5000000,0,0,0,396,yes
fy-2026-27-development-book-volume-1-1011-1083,1066,State Department for Basic Education,1066106200,Primary & Secondary Schools Infrastructure Improvement III,1066106231,Murkan Girls Secondary School - Narok,2630200,Capital Grants to Government Agencies and other Levels of Government,exp,10000000,0,0,0,396,yes
fy-2026-27-development-book-volume-1-1011-1083,1066,State Department for Basic Education,1066106200,Primary & Secondary Schools Infrastructure Improvement III,1066106233,Malukiloriti Secondary School - Taita Taveta,2630200,Capital Grants to Government Agencies and other Levels of Government,exp,10000000,0,0,0,396,yes
fy-2026-27-development-book-volume-1-1011-1083,1066,State Department for Basic Education,1066106200,Primary & Secondary Schools Infrastructure Improvement III,1066106234,Njukini Secondary School - Taita Taveta,2630200,Capital Grants to Government Agencies and other Levels of Government,exp,10000000,0,0,0,396,yes
fy-2026-27-development-book-volume-1-1011-1083,1066,State Department for Basic Education,1066106200,Primary & Secondary Schools Infrastructure Improvement III,1066106235,Nkurare Primary School - Meru,2630200,Capital Grants to Government Agencies and other Levels of Government,exp,5000000,0,0,0,397,yes
fy-2026-27-development-book-volume-1-1011-1083,1066,State Department for Basic Education,1066106200,Primary & Secondary Schools Infrastructure Improvement III,1066106236,Edelvale Primary School - Nairobi,2630200,Capital Grants to Government Agencies and other Levels of Government,exp,15000000,0,0,0,397,yes
fy-2026-27-development-book-volume-1-1011-1083,1066,State Department for Basic Education,1066106200,Primary & Secondary Schools Infrastructure Improvement III,1066106237,Embakasi Primary School - Nairobi,2630200,Capital Grants to Government Agencies and other Levels of Government,exp,15000000,0,0,0,397,yes
fy-2026-27-development-book-volume-1-1011-1083,1066,State Department for Basic Education,1066106200,Primary & Secondary Schools Infrastructure Improvement III,1066106238,MCC Primary School - Nairobi,2630200,Capital Grants to Government Agencies and other Levels of Government,exp,9500000,0,0,0,397,yes
fy-2026-27-development-book-volume-1-1011-1083,1066,State Department for Basic Education,1066106200,Primary & Secondary Schools Infrastructure Improvement III,1066106239,Ruai Primary School - Nairobi,2630200,Capital Grants to Government Agencies and other Levels of Government,exp,9500000,0,0,0,397,yes
fy-2026-27-development-book-volume-1-1011-1083,1066,State Department for Basic Education,1066106200,Primary & Secondary Schools Infrastructure Improvement III,1066106240,Thawabu Primary School - Nairobi,2630200,Capital Grants to Government Agencies and other Levels of Government,exp,9500000,0,0,0,397,yes
fy-2026-27-development-book-volume-1-1011-1083,1066,State Department for Basic Education,1066106200,Primary & Secondary Schools Infrastructure Improvement III,1066106241,Bondeni Primary School - Nairobi,2630200,Capital Grants to Government Agencies and other Levels of Government,exp,9500000,0,0,0,397,yes
fy-2026-27-development-book-volume-1-1011-1083,1066,State Department for Basic Education,1066106200,Primary & Secondary Schools Infrastructure Improvement III,1066106242,Kariobangi South Primary School - Nairobi,2630200,Capital Grants to Government Agencies and other Levels of Government,exp,9500000,0,0,0,397,yes
fy-2026-27-development-book-volume-1-1011-1083,1066,State Department for Basic Education,1066106200,Primary & Secondary Schools Infrastructure Improvement III,1066106243,Utawala Academy Primary School - Nairobi,2630200,Capital Grants to Government Agencies and other Levels of Government,exp,15000000,0,0,0,397,yes
fy-2026-27-development-book-volume-1-1011-1083,1066,State Department for Basic Education,1066106200,Primary & Secondary Schools Infrastructure Improvement III,1066106244,Mihango Primary School - Nairobi,2630200,Capital Grants to Government Agencies and other Levels of Government,exp,15000000,0,0,0,397,yes
fy-2026-27-development-book-volume-1-1011-1083,1066,State Department for Basic Education,1066106200,Primary & Secondary Schools Infrastructure Improvement III,1066106245,Maua Primary School - Nairobi,2630200,Capital Grants to Government Agencies and other Levels of Government,exp,17500000,0,0,0,397,yes
fy-2026-27-development-book-volume-1-1011-1083,1066,State Department for Basic Education,1066106200,Primary & Secondary Schools Infrastructure Improvement III,1066106246,Infrastructure Improvement in Mogoga CBC Primary School,2630200,Capital Grants to Government Agencies and other Levels of Government,exp,5000000,0,0,0,398,yes
fy-2026-27-development-book-volume-1-1011-1083,1066,State Department for Basic Education,1066106200,Primary & Secondary Schools Infrastructure Improvement III,1066106247,Bogitaa EELCK Secondary School,2630200,Capital Grants to Government Agencies and other Levels of Government,exp,5000000,0,0,0,398,yes
fy-2026-27-development-book-volume-1-1011-1083,1066,State Department for Basic Education,1066106200,Primary & Secondary Schools Infrastructure Improvement III,1066106248,Agoro Oyombe Primary School,2630200,Capital Grants to Government Agencies and other Levels of Government,exp,7255000,0,0,0,398,yes
fy-2026-27-development-book-volume-1-1011-1083,1066,State Department for Basic Education,1066106200,Primary & Secondary Schools Infrastructure Improvement III,1066106249,Bar Olengo Primary School,2630200,Capital Grants to Government Agencies and other Levels of Government,exp,5000000,0,0,0,398,yes
fy-2026-27-development-book-volume-1-1011-1083,1066,State Department for Basic Education,1066106200,Primary & Secondary Schools Infrastructure Improvement III,1066106250,Chemoinoi Primary,2630200,Capital Grants to Government Agencies and other Levels of Government,exp,4000000,0,0,0,398,yes
fy-2026-27-development-book-volume-1-1011-1083,1066,State Department for Basic Education,1066106200,Primary & Secondary Schools Infrastructure Improvement III,1066106251,Emining Primary,2630200,Capital Grants to Government Agencies and other Levels of Government,exp,4000000,0,0,0,398,yes
fy-2026-27-development-book-volume-1-1011-1083,1066,State Department for Basic Education,1066106200,Primary & Secondary Schools Infrastructure Improvement III,1066106252,Got Oenga Primary,2630200,Capital Grants to Government Agencies and other Levels of Government,exp,4000000,0,0,0,398,yes
fy-2026-27-development-book-volume-1-1011-1083,1066,State Department for Basic Education,1066106200,Primary & Secondary Schools Infrastructure Improvement III,1066106253,Kapsok Emining Primary,2630200,Capital Grants to Government Agencies and other Levels of Government,exp,4000000,0,0,0,398,yes
fy-2026-27-development-book-volume-1-1011-1083,1066,State Department for Basic Education,1066106200,Primary & Secondary Schools Infrastructure Improvement III,1066106254,Lomanira Primary,2630200,Capital Grants to Government Agencies and other Levels of Government,exp,4000000,0,0,0,398,yes
fy-2026-27-development-book-volume-1-1011-1083,1066,State Department for Basic Education,1066106200,Primary & Secondary Schools Infrastructure Improvement III,1066106255,Matera Primary School,2630200,Capital Grants to Government Agencies and other Levels of Government,exp,5000000,0,0,0,398,yes
fy-2026-27-development-book-volume-1-1011-1083,1066,State Department for Basic Education,1066106200,Primary & Secondary Schools Infrastructure Improvement III,1066106256,Nyadhi Primary,2630200,Capital Grants to Government Agencies and other Levels of Government,exp,5000000,0,0,0,399,yes
fy-2026-27-development-book-volume-1-1011-1083,1066,State Department for Basic Education,1066106200,Primary & Secondary Schools Infrastructure Improvement III,1066106257,Nyalaji Primary,2630200,Capital Grants to Government Agencies and other Levels of Government,exp,4000000,0,0,0,399,yes
fy-2026-27-development-book-volume-1-1011-1083,1066,State Department for Basic Education,1066106200,Primary & Secondary Schools Infrastructure Improvement III,1066106258,Nyaluanga Primary,2630200,Capital Grants to Government Agencies and other Levels of Government,exp,4000000,0,0,0,399,yes
fy-2026-27-development-book-volume-1-1011-1083,1066,State Department for Basic Education,1066106200,Primary & Secondary Schools Infrastructure Improvement III,1066106259,Nyasita Primary,2630200,Capital Grants to Government Agencies and other Levels of Government,exp,4000000,0,0,0,399,yes
fy-2026-27-development-book-volume-1-1011-1083,1066,State Department for Basic Education,1066106200,Primary & Secondary Schools Infrastructure Improvement III,1066106260,Osoro Primary,2630200,Capital Grants to Government Agencies and other Levels of Government,exp,4000000,0,0,0,399,yes
fy-2026-27-development-book-volume-1-1011-1083,1066,State Department for Basic Education,1066106200,Primary & Secondary Schools Infrastructure Improvement III,1066106261,Palpal Primary,2630200,Capital Grants to Government Agencies and other Levels of Government,exp,5000000,0,0,0,399,yes
fy-2026-27-development-book-volume-1-1011-1083,1066,State Department for Basic Education,1066106200,Primary & Secondary Schools Infrastructure Improvement III,1066106262,Rasugu Primary,2630200,Capital Grants to Government Agencies and other Levels of Government,exp,4000000,0,0,0,399,yes
fy-2026-27-development-book-volume-1-1011-1083,1066,State Department for Basic Education,1066106200,Primary & Secondary Schools Infrastructure Improvement III,1066106263,Udamaayi Primary School,2630200,Capital Grants to Government Agencies and other Levels of Government,exp,5000000,0,0,0,399,yes
fy-2026-27-development-book-volume-1-1011-1083,1066,State Department for Basic Education,1066106200,Primary & Secondary Schools Infrastructure Improvement III,1066106264,Udenda Primary,2630200,Capital Grants to Government Agencies and other Levels of Government,exp,5000000,0,0,0,399,yes
fy-2026-27-development-book-volume-1-1011-1083,1066,State Department for Basic Education,1066106200,Primary & Secondary Schools Infrastructure Improvement III,1066106265,Uloma Kodero Primary,2630200,Capital Grants to Government Agencies and other Levels of Government,exp,5000000,0,0,0,399,yes
fy-2026-27-development-book-volume-1-1011-1083,1066,State Department for Basic Education,1066106200,Primary & Secondary Schools Infrastructure Improvement III,1066106266,AIC Nanam Primary,2630200,Capital Grants to Government Agencies and other Levels of Government,exp,2255000,0,0,0,399,yes
fy-2026-27-development-book-volume-1-1011-1083,1066,State Department for Basic Education,1066106200,Primary & Secondary Schools Infrastructure Improvement III,1066106267,Akitesi Primary School,2630200,Capital Grants to Government Agencies and other Levels of Government,exp,755000,0,0,0,400,yes
fy-2026-27-development-book-volume-1-1011-1083,1066,State Department for Basic Education,1066106200,Primary & Secondary Schools Infrastructure Improvement III,1066106268,Andingo Primary School,2630200,Capital Grants to Government Agencies and other Levels of Government,exp,755000,0,0,0,400,yes
fy-2026-27-development-book-volume-1-1011-1083,1066,State Department for Basic Education,1066106200,Primary & Secondary Schools Infrastructure Improvement III,1066106269,Ayany Primary School,2630200,Capital Grants to Government Agencies and other Levels of Government,exp,1255000,0,0,0,400,yes
fy-2026-27-development-book-volume-1-1011-1083,1066,State Department for Basic Education,1066106200,Primary & Secondary Schools Infrastructure Improvement III,1066106270,Burangasi Primary,2630200,Capital Grants to Government Agencies and other Levels of Government,exp,2255000,0,0,0,400,yes
fy-2026-27-development-book-volume-1-1011-1083,1066,State Department for Basic Education,1066106200,Primary & Secondary Schools Infrastructure Improvement III,1066106271,Chandera Comprehensive School,2630200,Capital Grants to Government Agencies and other Levels of Government,exp,2255000,0,0,0,400,yes
fy-2026-27-development-book-volume-1-1011-1083,1066,State Department for Basic Education,1066106200,Primary & Secondary Schools Infrastructure Improvement III,1066106272,Charifuda Primary,2630200,Capital Grants to Government Agencies and other Levels of Government,exp,755000,0,0,0,400,yes
fy-2026-27-development-book-volume-1-1011-1083,1066,State Department for Basic Education,1066106200,Primary & Secondary Schools Infrastructure Improvement III,1066106273,Chepkitile Js Primary,2630200,Capital Grants to Government Agencies and other Levels of Government,exp,2255000,0,0,0,400,yes
fy-2026-27-development-book-volume-1-1011-1083,1066,State Department for Basic Education,1066106200,Primary & Secondary Schools Infrastructure Improvement III,1066106274,Cherungut JS Primary,2630200,Capital Grants to Government Agencies and other Levels of Government,exp,2255000,0,0,0,400,yes
fy-2026-27-development-book-volume-1-1011-1083,1066,State Department for Basic Education,1066106200,Primary & Secondary Schools Infrastructure Improvement III,1066106275,Dibuoro Primary School,2630200,Capital Grants to Government Agencies and other Levels of Government,exp,2755000,0,0,0,400,yes
fy-2026-27-development-book-volume-1-1011-1083,1066,State Department for Basic Education,1066106200,Primary & Secondary Schools Infrastructure Improvement III,1066106276,Ebulonga Primary School,2630200,Capital Grants to Government Agencies and other Levels of Government,exp,755000,0,0,0,400,yes
fy-2026-27-development-book-volume-1-1011-1083,1066,State Department for Basic Education,1066106200,Primary & Secondary Schools Infrastructure Improvement III,1066106277,El Tula Primary School,2630200,Capital Grants to Government Agencies and other Levels of Government,exp,755000,0,0,0,401,yes
fy-2026-27-development-book-volume-1-1011-1083,1066,State Department for Basic Education,1066106200,Primary & Secondary Schools Infrastructure Improvement III,1066106278,Elwak Girls Primary,2630200,Capital Grants to Government Agencies and other Levels of Government,exp,755000,0,0,0,401,yes
fy-2026-27-development-book-volume-1-1011-1083,1066,State Department for Basic Education,1066106200,Primary & Secondary Schools Infrastructure Improvement III,1066106279,Entanda PAG Girls Boarding Primary School,2630200,Capital Grants to Government Agencies and other Levels of Government,exp,755000,0,0,0,401,yes
fy-2026-27-development-book-volume-1-1011-1083,1066,State Department for Basic Education,1066106200,Primary & Secondary Schools Infrastructure Improvement III,1066106280,Gendro Primary School,2630200,Capital Grants to Government Agencies and other Levels of Government,exp,2255000,0,0,0,401,yes
fy-2026-27-development-book-volume-1-1011-1083,1066,State Department for Basic Education,1066106200,Primary & Secondary Schools Infrastructure Improvement III,1066106281,Gombe Komolo Primary School,2630200,Capital Grants to Government Agencies and other Levels of Government,exp,2755000,0,0,0,401,yes
fy-2026-27-development-book-volume-1-1011-1083,1066,State Department for Basic Education,1066106200,Primary & Secondary Schools Infrastructure Improvement III,1066106282,Ibubi Primary School,2630200,Capital Grants to Government Agencies and other Levels of Government,exp,755000,0,0,0,401,yes
fy-2026-27-development-book-volume-1-1011-1083,1066,State Department for Basic Education,1066106200,Primary & Secondary Schools Infrastructure Improvement III,1066106283,Ikuywa Primary,2630200,Capital Grants to Government Agencies and other Levels of Government,exp,2255000,0,0,0,401,yes
fy-2026-27-development-book-volume-1-1011-1083,1066,State Department for Basic Education,1066106200,Primary & Secondary Schools Infrastructure Improvement III,1066106284,Kaalotwari Comprehensive School,2630200,Capital Grants to Government Agencies and other Levels of Government,exp,2255000,0,0,0,401,yes
fy-2026-27-development-book-volume-1-1011-1083,1066,State Department for Basic Education,1066106200,Primary & Secondary Schools Infrastructure Improvement III,1066106285,Kaburgei Primary,2630200,Capital Grants to Government Agencies and other Levels of Government,exp,755000,0,0,0,401,yes
fy-2026-27-development-book-volume-1-1011-1083,1066,State Department for Basic Education,1066106200,Primary & Secondary Schools Infrastructure Improvement III,1066106286,Kadunyi DEB Primary School,2630200,Capital Grants to Government Agencies and other Levels of Government,exp,4000000,0,0,0,401,yes
fy-2026-27-development-book-volume-1-1011-1083,1066,State Department for Basic Education,1066106200,Primary & Secondary Schools Infrastructure Improvement III,1066106287,Kamuiru Comprehensive School,2630200,Capital Grants to Government Agencies and other Levels of Government,exp,2255000,0,0,0,401,yes
fy-2026-27-development-book-volume-1-1011-1083,1066,State Department for Basic Education,1066106200,Primary & Secondary Schools Infrastructure Improvement III,1066106288,Kamuwe Primary School,2630200,Capital Grants to Government Agencies and other Levels of Government,exp,755000,0,0,0,402,yes
fy-2026-27-development-book-volume-1-1011-1083,1066,State Department for Basic Education,1066106200,Primary & Secondary Schools Infrastructure Improvement III,1066106289,Kandondo Primary,2630200,Capital Grants to Government Agencies and other Levels of Government,exp,2255000,0,0,0,402,yes
fy-2026-27-development-book-volume-1-1011-1083,1066,State Department for Basic Education,1066106200,Primary & Secondary Schools Infrastructure Improvement III,1066106290,Kanyaltin Comprehensive School,2630200,Capital Grants to Government Agencies and other Levels of Government,exp,2255000,0,0,0,402,yes
fy-2026-27-development-book-volume-1-1011-1083,1066,State Department for Basic Education,1066106200,Primary & Secondary Schools Infrastructure Improvement III,1066106292,Kapchepkisa Primary School,2630200,Capital Grants to Government Agencies and other Levels of Government,exp,3010000,0,0,0,402,yes
fy-2026-27-development-book-volume-1-1011-1083,1066,State Department for Basic Education,1066106200,Primary & Secondary Schools Infrastructure Improvement III,1066106293,Kaplamai Primary,2630200,Capital Grants to Government Agencies and other Levels of Government,exp,2255000,0,0,0,402,yes
fy-2026-27-development-book-volume-1-1011-1083,1066,State Department for Basic Education,1066106200,Primary & Secondary Schools Infrastructure Improvement III,1066106294,Kapsokio Js Primary,2630200,Capital Grants to Government Agencies and other Levels of Government,exp,2255000,0,0,0,402,yes
fy-2026-27-development-book-volume-1-1011-1083,1066,State Department for Basic Education,1066106200,Primary & Secondary Schools Infrastructure Improvement III,1066106295,Kaptebengwo Js Primary,2630200,Capital Grants to Government Agencies and other Levels of Government,exp,2255000,0,0,0,402,yes
fy-2026-27-development-book-volume-1-1011-1083,1066,State Department for Basic Education,1066106200,Primary & Secondary Schools Infrastructure Improvement III,1066106296,Kipsasuron Primary,2630200,Capital Grants to Government Agencies and other Levels of Government,exp,2255000,0,0,0,402,yes
fy-2026-27-development-book-volume-1-1011-1083,1066,State Department for Basic Education,1066106200,Primary & Secondary Schools Infrastructure Improvement III,1066106297,Kivaywa Primary School,2630200,Capital Grants to Government Agencies and other Levels of Government,exp,755000,0,0,0,402,yes
fy-2026-27-development-book-volume-1-1011-1083,1066,State Department for Basic Education,1066106200,Primary & Secondary Schools Infrastructure Improvement III,1066106298,Koitoror Primary,2630200,Capital Grants to Government Agencies and other Levels of Government,exp,755000,0,0,0,402,yes
fy-2026-27-development-book-volume-1-1011-1083,1066,State Department for Basic Education,1066106200,Primary & Secondary Schools Infrastructure Improvement III,1066106299,Loromoru Primary,2630200,Capital Grants to Government Agencies and other Levels of Government,exp,2255000,0,0,0,403,yes
fy-2026-27-development-book-volume-1-1011-1083,1066,State Department for Basic Education,1066106300,Infrastructure Support to Primary Special Needs Schools,1066106301,Infrastructure Support to Primary Special Needs Schools,2630200,Capital Grants to Government Agencies and other Levels of Government,exp,100000000,0,0,0,403,yes
fy-2026-27-development-book-volume-1-1011-1083,1066,State Department for Basic Education,1066106400,Infrastructure Support to Teachers' Training Colleges,1066106401,Infrastructure Support to Teachers' Training Colleges,2630200,Capital Grants to Government Agencies and other Levels of Government,exp,100000000,0,0,0,403,yes
fy-2026-27-development-book-volume-1-1011-1083,1066,State Department for Basic Education,1066106500,Construction of Education Assessment Resource Centres (EARCs),1066106501,Construction of Education Assessment Resource Centres (EARCs),2630200,Capital Grants to Government Agencies and other Levels of Government,exp,50000000,0,0,0,403,yes
fy-2026-27-development-book-volume-1-1011-1083,1066,State Department for Basic Education,1066106600,Infrastructure Support to Secondary Special Needs Schools,1066106601,Infrastructure Support to Secondary Special Needs Schools,2630200,Capital Grants to Government Agencies and other Levels of Government,exp,100000000,0,0,0,403,yes
fy-2026-27-development-book-volume-1-1011-1083,1066,State Department for Basic Education,1066106700,Primary & Secondary Schools Infrastructure Improvement IV,1066106701,Lower Kihara Comprehensive School,2630200,Capital Grants to Government Agencies and other Levels of Government,exp,2255000,0,0,0,403,yes
fy-2026-27-development-book-volume-1-1011-1083,1066,State Department for Basic Education,1066106700,Primary & Secondary Schools Infrastructure Improvement IV,1066106702,Lusumu Comprehensive School,2630200,Capital Grants to Government Agencies and other Levels of Government,exp,2255000,0,0,0,404,yes
fy-2026-27-development-book-volume-1-1011-1083,1066,State Department for Basic Education,1066106700,Primary & Secondary Schools Infrastructure Improvement IV,1066106703,Marula Primary School,2630200,Capital Grants to Government Agencies and other Levels of Government,exp,755000,0,0,0,404,yes
fy-2026-27-development-book-volume-1-1011-1083,1066,State Department for Basic Education,1066106700,Primary & Secondary Schools Infrastructure Improvement IV,1066106704,Matutu Pag Primary School,2630200,Capital Grants to Government Agencies and other Levels of Government,exp,755000,0,0,0,404,yes
fy-2026-27-development-book-volume-1-1011-1083,1066,State Department for Basic Education,1066106700,Primary & Secondary Schools Infrastructure Improvement IV,1066106705,Meteitei Js Primary,2630200,Capital Grants to Government Agencies and other Levels of Government,exp,2555000,0,0,0,404,yes
fy-2026-27-development-book-volume-1-1011-1083,1066,State Department for Basic Education,1066106700,Primary & Secondary Schools Infrastructure Improvement IV,1066106706,Mirugi Kariuki Primary,2630200,Capital Grants to Government Agencies and other Levels of Government,exp,2255000,0,0,0,404,yes
fy-2026-27-development-book-volume-1-1011-1083,1066,State Department for Basic Education,1066106700,Primary & Secondary Schools Infrastructure Improvement IV,1066106708,Miuine Primary School,2630200,Capital Grants to Government Agencies and other Levels of Government,exp,3010000,0,0,0,404,yes
fy-2026-27-development-book-volume-1-1011-1083,1066,State Department for Basic Education,1066106700,Primary & Secondary Schools Infrastructure Improvement IV,1066106709,Mombor Primary,2630200,Capital Grants to Government Agencies and other Levels of Government,exp,2255000,0,0,0,404,yes
fy-2026-27-development-book-volume-1-1011-1083,1066,State Department for Basic Education,1066106700,Primary & Secondary Schools Infrastructure Improvement IV,1066106710,Mong'oni Primary School,2630200,Capital Grants to Government Agencies and other Levels of Government,exp,755000,0,0,0,404,yes
fy-2026-27-development-book-volume-1-1011-1083,1066,State Department for Basic Education,1066106700,Primary & Secondary Schools Infrastructure Improvement IV,1066106711,Moses Wetangula Primary School Lurare,2630200,Capital Grants to Government Agencies and other Levels of Government,exp,6090000,0,0,0,404,yes
fy-2026-27-development-book-volume-1-1011-1083,1066,State Department for Basic Education,1066106700,Primary & Secondary Schools Infrastructure Improvement IV,1066106712,Muchukwo Primary School,2630200,Capital Grants to Government Agencies and other Levels of Government,exp,755000,0,0,0,404,yes
fy-2026-27-development-book-volume-1-1011-1083,1066,State Department for Basic Education,1066106700,Primary & Secondary Schools Infrastructure Improvement IV,1066106713,Mudhiero Primary School,2630200,Capital Grants to Government Agencies and other Levels of Government,exp,755000,0,0,0,405,yes
fy-2026-27-development-book-volume-1-1011-1083,1066,State Department for Basic Education,1066106700,Primary & Secondary Schools Infrastructure Improvement IV,1066106714,Mugunya Primary,2630200,Capital Grants to Government Agencies and other Levels of Government,exp,1755000,0,0,0,405,yes
fy-2026-27-development-book-volume-1-1011-1083,1066,State Department for Basic Education,1066106700,Primary & Secondary Schools Infrastructure Improvement IV,1066106715,Musaga Comprehensive School,2630200,Capital Grants to Government Agencies and other Levels of Government,exp,2255000,0,0,0,405,yes
fy-2026-27-development-book-volume-1-1011-1083,1066,State Department for Basic Education,1066106700,Primary & Secondary Schools Infrastructure Improvement IV,1066106716,Mwangi Muchuki Comprehensive School,2630200,Capital Grants to Government Agencies and other Levels of Government,exp,2255000,0,0,0,405,yes
fy-2026-27-development-book-volume-1-1011-1083,1066,State Department for Basic Education,1066106700,Primary & Secondary Schools Infrastructure Improvement IV,1066106717,Naakurtolukuny Primary School,2630200,Capital Grants to Government Agencies and other Levels of Government,exp,755000,0,0,0,405,yes
fy-2026-27-development-book-volume-1-1011-1083,1066,State Department for Basic Education,1066106700,Primary & Secondary Schools Infrastructure Improvement IV,1066106718,Nakaje Primary,2630200,Capital Grants to Government Agencies and other Levels of Government,exp,2255000,0,0,0,405,yes
fy-2026-27-development-book-volume-1-1011-1083,1066,State Department for Basic Education,1066106700,Primary & Secondary Schools Infrastructure Improvement IV,1066106719,Namaika Primary School,2630200,Capital Grants to Government Agencies and other Levels of Government,exp,5000000,0,0,0,405,yes
fy-2026-27-development-book-volume-1-1011-1083,1066,State Department for Basic Education,1066106700,Primary & Secondary Schools Infrastructure Improvement IV,1066106720,Nawountos Primary,2630200,Capital Grants to Government Agencies and other Levels of Government,exp,2255000,0,0,0,405,yes
fy-2026-27-development-book-volume-1-1011-1083,1066,State Department for Basic Education,1066106700,Primary & Secondary Schools Infrastructure Improvement IV,1066106721,Ndimu Comprehensive School,2630200,Capital Grants to Government Agencies and other Levels of Government,exp,2255000,0,0,0,405,yes
fy-2026-27-development-book-volume-1-1011-1083,1066,State Department for Basic Education,1066106700,Primary & Secondary Schools Infrastructure Improvement IV,1066106722,Nduroto Primary,2630200,Capital Grants to Government Agencies and other Levels of Government,exp,1755000,0,0,0,405,yes
fy-2026-27-development-book-volume-1-1011-1083,1066,State Department for Basic Education,1066106700,Primary & Secondary Schools Infrastructure Improvement IV,1066106723,Ngelecha Primary,2630200,Capital Grants to Government Agencies and other Levels of Government,exp,2255000,0,0,0,405,yes
fy-2026-27-development-book-volume-1-1011-1083,1066,State Department for Basic Education,1066106700,Primary & Secondary Schools Infrastructure Improvement IV,1066106724,Nkamathi Special School,2630200,Capital Grants to Government Agencies and other Levels of Government,exp,755000,0,0,0,406,yes
fy-2026-27-development-book-volume-1-1011-1083,1066,State Department for Basic Education,1066106700,Primary & Secondary Schools Infrastructure Improvement IV,1066106725,Nyagaari Primary,2630200,Capital Grants to Government Agencies and other Levels of Government,exp,2255000,0,0,0,406,yes
fy-2026-27-development-book-volume-1-1011-1083,1066,State Department for Basic Education,1066106700,Primary & Secondary Schools Infrastructure Improvement IV,1066106726,Nyagancha Deb Primary School,2630200,Capital Grants to Government Agencies and other Levels of Government,exp,755000,0,0,0,406,yes
fy-2026-27-development-book-volume-1-1011-1083,1066,State Department for Basic Education,1066106700,Primary & Secondary Schools Infrastructure Improvement IV,1066106727,Nyajuok Primary School,2630200,Capital Grants to Government Agencies and other Levels of Government,exp,2755000,0,0,0,406,yes
fy-2026-27-development-book-volume-1-1011-1083,1066,State Department for Basic Education,1066106700,Primary & Secondary Schools Infrastructure Improvement IV,1066106728,Old Kibera Primary School,2630200,Capital Grants to Government Agencies and other Levels of Government,exp,1255000,0,0,0,406,yes
fy-2026-27-development-book-volume-1-1011-1083,1066,State Department for Basic Education,1066106700,Primary & Secondary Schools Infrastructure Improvement IV,1066106729,Oloonamuka Primary School,2630200,Capital Grants to Government Agencies and other Levels of Government,exp,755000,0,0,0,406,yes
fy-2026-27-development-book-volume-1-1011-1083,1066,State Department for Basic Education,1066106700,Primary & Secondary Schools Infrastructure Improvement IV,1066106730,Onding Primary School,2630200,Capital Grants to Government Agencies and other Levels of Government,exp,755000,0,0,0,406,yes
fy-2026-27-development-book-volume-1-1011-1083,1066,State Department for Basic Education,1066106700,Primary & Secondary Schools Infrastructure Improvement IV,1066106731,Ongoro Primary School,2630200,Capital Grants to Government Agencies and other Levels of Government,exp,755000,0,0,0,406,yes
fy-2026-27-development-book-volume-1-1011-1083,1066,State Department for Basic Education,1066106700,Primary & Secondary Schools Infrastructure Improvement IV,1066106732,Opokot Primary School,2630200,Capital Grants to Government Agencies and other Levels of Government,exp,755000,0,0,0,406,yes
fy-2026-27-development-book-volume-1-1011-1083,1066,State Department for Basic Education,1066106700,Primary & Secondary Schools Infrastructure Improvement IV,1066106733,Oseno Komolo Primary School,2630200,Capital Grants to Government Agencies and other Levels of Government,exp,2755000,0,0,0,406,yes
fy-2026-27-development-book-volume-1-1011-1083,1066,State Department for Basic Education,1066106700,Primary & Secondary Schools Infrastructure Improvement IV,1066106734,Osuri Primary School,2630200,Capital Grants to Government Agencies and other Levels of Government,exp,755000,0,0,0,407,yes
fy-2026-27-development-book-volume-1-1011-1083,1066,State Department for Basic Education,1066106700,Primary & Secondary Schools Infrastructure Improvement IV,1066106735,Palam Primary School,2630200,Capital Grants to Government Agencies and other Levels of Government,exp,755000,0,0,0,407,yes
fy-2026-27-development-book-volume-1-1011-1083,1066,State Department for Basic Education,1066106700,Primary & Secondary Schools Infrastructure Improvement IV,1066106736,Presidential Directive Projects,2630200,Capital Grants to Government Agencies and other Levels of Government,exp,96000000,0,0,0,407,yes
fy-2026-27-development-book-volume-1-1011-1083,1066,State Department for Basic Education,1066106700,Primary & Secondary Schools Infrastructure Improvement IV,1066106737,Ramacha Primary,2630200,Capital Grants to Government Agencies and other Levels of Government,exp,2255000,0,0,0,407,yes
fy-2026-27-development-book-volume-1-1011-1083,1066,State Department for Basic Education,1066106700,Primary & Secondary Schools Infrastructure Improvement IV,1066106738,Seiyo Primary,2630200,Capital Grants to Government Agencies and other Levels of Government,exp,755000,0,0,0,407,yes
fy-2026-27-development-book-volume-1-1011-1083,1066,State Department for Basic Education,1066106700,Primary & Secondary Schools Infrastructure Improvement IV,1066106739,Sesoi Primary,2630200,Capital Grants to Government Agencies and other Levels of Government,exp,2255000,0,0,0,407,yes
fy-2026-27-development-book-volume-1-1011-1083,1066,State Department for Basic Education,1066106700,Primary & Secondary Schools Infrastructure Improvement IV,1066106740,Shabwali Primary,2630200,Capital Grants to Government Agencies and other Levels of Government,exp,2255000,0,0,0,407,yes
fy-2026-27-development-book-volume-1-1011-1083,1066,State Department for Basic Education,1066106700,Primary & Secondary Schools Infrastructure Improvement IV,1066106741,Siaya Township Primary School,2630200,Capital Grants to Government Agencies and other Levels of Government,exp,2755000,0,0,0,407,yes
fy-2026-27-development-book-volume-1-1011-1083,1066,State Department for Basic Education,1066106700,Primary & Secondary Schools Infrastructure Improvement IV,1066106742,Sidok Primary School,2630200,Capital Grants to Government Agencies and other Levels of Government,exp,2755000,0,0,0,407,yes
fy-2026-27-development-book-volume-1-1011-1083,1066,State Department for Basic Education,1066106700,Primary & Secondary Schools Infrastructure Improvement IV,1066106743,Simakina Comprehensive School,2630200,Capital Grants to Government Agencies and other Levels of Government,exp,2255000,0,0,0,407,yes
fy-2026-27-development-book-volume-1-1011-1083,1066,State Department for Basic Education,1066106700,Primary & Secondary Schools Infrastructure Improvement IV,1066106744,St Mathew Maraba Primary,2630200,Capital Grants to Government Agencies and other Levels of Government,exp,1755000,0,0,0,407,yes
fy-2026-27-development-book-volume-1-1011-1083,1066,State Department for Basic Education,1066106700,Primary & Secondary Schools Infrastructure Improvement IV,1066106745,St Paul Kibisem JS Primary,2630200,Capital Grants to Government Agencies and other Levels of Government,exp,1755000,0,0,0,408,yes
fy-2026-27-development-book-volume-1-1011-1083,1066,State Department for Basic Education,1066106700,Primary & Secondary Schools Infrastructure Improvement IV,1066106746,St Peter Kaplamaiywo JS Primary,2630200,Capital Grants to Government Agencies and other Levels of Government,exp,2255000,0,0,0,408,yes
fy-2026-27-development-book-volume-1-1011-1083,1066,State Department for Basic Education,1066106700,Primary & Secondary Schools Infrastructure Improvement IV,1066106747,St. John Primary,2630200,Capital Grants to Government Agencies and other Levels of Government,exp,2255000,0,0,0,408,yes
fy-2026-27-development-book-volume-1-1011-1083,1066,State Department for Basic Education,1066106700,Primary & Secondary Schools Infrastructure Improvement IV,1066106748,The Salvation Army Soysambu Primary School,2630200,Capital Grants to Government Agencies and other Levels of Government,exp,4000000,0,0,0,408,yes
fy-2026-27-development-book-volume-1-1011-1083,1066,State Department for Basic Education,1066106700,Primary & Secondary Schools Infrastructure Improvement IV,1066106749,Tiloi Primary,2630200,Capital Grants to Government Agencies and other Levels of Government,exp,2255000,0,0,0,408,yes
fy-2026-27-development-book-volume-1-1011-1083,1066,State Department for Basic Education,1066106700,Primary & Secondary Schools Infrastructure Improvement IV,1066106750,Tulwap Primary School,2630200,Capital Grants to Government Agencies and other Levels of Government,exp,2255000,0,0,0,408,yes
fy-2026-27-development-book-volume-1-1011-1083,1066,State Department for Basic Education,1066106700,Primary & Secondary Schools Infrastructure Improvement IV,1066106751,Umala Primary School,2630200,Capital Grants to Government Agencies and other Levels of Government,exp,2755000,0,0,0,408,yes
fy-2026-27-development-book-volume-1-1011-1083,1066,State Department for Basic Education,1066106700,Primary & Secondary Schools Infrastructure Improvement IV,1066106752,Uyoma Kobare Primary School,2630200,Capital Grants to Government Agencies and other Levels of Government,exp,2755000,0,0,0,408,yes
fy-2026-27-development-book-volume-1-1011-1083,1066,State Department for Basic Education,1066106700,Primary & Secondary Schools Infrastructure Improvement IV,1066106753,Wacholi Primary School,2630200,Capital Grants to Government Agencies and other Levels of Government,exp,5000000,0,0,0,408,yes
fy-2026-27-development-book-volume-1-1011-1083,1066,State Department for Basic Education,1066106700,Primary & Secondary Schools Infrastructure Improvement IV,1066106754,ACK Kapkoimur Secondary,2630200,Capital Grants to Government Agencies and other Levels of Government,exp,2616600,0,0,0,408,yes
fy-2026-27-development-book-volume-1-1011-1083,1066,State Department for Basic Education,1066106700,Primary & Secondary Schools Infrastructure Improvement IV,1066106755,Aic Chepkemei Secondary,2630200,Capital Grants to Government Agencies and other Levels of Government,exp,2616600,0,0,0,409,yes
fy-2026-27-development-book-volume-1-1011-1083,1066,State Department for Basic Education,1066106700,Primary & Secondary Schools Infrastructure Improvement IV,1066106756,Borehole 11 Mixed Secondary,2630200,Capital Grants to Government Agencies and other Levels of Government,exp,4576600,0,0,0,409,yes
fy-2026-27-development-book-volume-1-1011-1083,1066,State Department for Basic Education,1066106700,Primary & Secondary Schools Infrastructure Improvement IV,1066106757,Charity Secondary School,2630200,Capital Grants to Government Agencies and other Levels of Government,exp,2616600,0,0,0,409,yes
fy-2026-27-development-book-volume-1-1011-1083,1066,State Department for Basic Education,1066106700,Primary & Secondary Schools Infrastructure Improvement IV,1066106758,Chebirbelek Secondary,2630200,Capital Grants to Government Agencies and other Levels of Government,exp,2616600,0,0,0,409,yes
fy-2026-27-development-book-volume-1-1011-1083,1066,State Department for Basic Education,1066106700,Primary & Secondary Schools Infrastructure Improvement IV,1066106759,Cheburbur Secondary,2630200,Capital Grants to Government Agencies and other Levels of Government,exp,4576600,0,0,0,409,yes
fy-2026-27-development-book-volume-1-1011-1083,1066,State Department for Basic Education,1066106700,Primary & Secondary Schools Infrastructure Improvement IV,1066106760,Chemalal Secondary,2630200,Capital Grants to Government Agencies and other Levels of Government,exp,4576600,0,0,0,409,yes
fy-2026-27-development-book-volume-1-1011-1083,1066,State Department for Basic Education,1066106700,Primary & Secondary Schools Infrastructure Improvement IV,1066106761,Chemkengen Secondary School,2630200,Capital Grants to Government Agencies and other Levels of Government,exp,2616600,0,0,0,409,yes
fy-2026-27-development-book-volume-1-1011-1083,1066,State Department for Basic Education,1066106700,Primary & Secondary Schools Infrastructure Improvement IV,1066106762,Chemundu Secondary,2630200,Capital Grants to Government Agencies and other Levels of Government,exp,4576600,0,0,0,409,yes
fy-2026-27-development-book-volume-1-1011-1083,1066,State Department for Basic Education,1066106700,Primary & Secondary Schools Infrastructure Improvement IV,1066106763,Cheplelachbei Secondary,2630200,Capital Grants to Government Agencies and other Levels of Government,exp,2616600,0,0,0,409,yes
fy-2026-27-development-book-volume-1-1011-1083,1066,State Department for Basic Education,1066106700,Primary & Secondary Schools Infrastructure Improvement IV,1066106764,Chepterwai Girls Secondary,2630200,Capital Grants to Government Agencies and other Levels of Government,exp,4576600,0,0,0,409,yes
fy-2026-27-development-book-volume-1-1011-1083,1066,State Department for Basic Education,1066106700,Primary & Secondary Schools Infrastructure Improvement IV,1066106765,Ciada High School,2630200,Capital Grants to Government Agencies and other Levels of Government,exp,3596600,0,0,0,409,yes
fy-2026-27-development-book-volume-1-1011-1083,1066,State Department for Basic Education,1066106700,Primary & Secondary Schools Infrastructure Improvement IV,1066106766,Dennis Obara,2630200,Capital Grants to Government Agencies and other Levels of Government,exp,4576600,0,0,0,410,yes
fy-2026-27-development-book-volume-1-1011-1083,1066,State Department for Basic Education,1066106700,Primary & Secondary Schools Infrastructure Improvement IV,1066106767,Ebusakami Girls Secondary,2630200,Capital Grants to Government Agencies and other Levels of Government,exp,4576600,0,0,0,410,yes
fy-2026-27-development-book-volume-1-1011-1083,1066,State Department for Basic Education,1066106700,Primary & Secondary Schools Infrastructure Improvement IV,1066106768,Ebwali Secondary,2630200,Capital Grants to Government Agencies and other Levels of Government,exp,4576600,0,0,0,410,yes
fy-2026-27-development-book-volume-1-1011-1083,1066,State Department for Basic Education,1066106700,Primary & Secondary Schools Infrastructure Improvement IV,1066106769,Ekambuli Secondary School,2630200,Capital Grants to Government Agencies and other Levels of Government,exp,3596600,0,0,0,410,yes
fy-2026-27-development-book-volume-1-1011-1083,1066,State Department for Basic Education,1066106700,Primary & Secondary Schools Infrastructure Improvement IV,1066106770,ELCK Terero Girls Secondary School Ptoyo,2630200,Capital Grants to Government Agencies and other Levels of Government,exp,3596600,0,0,0,410,yes
fy-2026-27-development-book-volume-1-1011-1083,1066,State Department for Basic Education,1066106700,Primary & Secondary Schools Infrastructure Improvement IV,1066106771,Eldas Girls Secondary School,2630200,Capital Grants to Government Agencies and other Levels of Government,exp,3596600,0,0,0,410,yes
fy-2026-27-development-book-volume-1-1011-1083,1066,State Department for Basic Education,1066106700,Primary & Secondary Schools Infrastructure Improvement IV,1066106772,Embosos Secondary,2630200,Capital Grants to Government Agencies and other Levels of Government,exp,2616600,0,0,0,410,yes
fy-2026-27-development-book-volume-1-1011-1083,1066,State Department for Basic Education,1066106700,Primary & Secondary Schools Infrastructure Improvement IV,1066106773,Entiyani Secondary School,2630200,Capital Grants to Government Agencies and other Levels of Government,exp,3596600,0,0,0,410,yes
fy-2026-27-development-book-volume-1-1011-1083,1066,State Department for Basic Education,1066106700,Primary & Secondary Schools Infrastructure Improvement IV,1066106774,Gatero Girls High School,2630200,Capital Grants to Government Agencies and other Levels of Government,exp,3596600,0,0,0,410,yes
fy-2026-27-development-book-volume-1-1011-1083,1066,State Department for Basic Education,1066106700,Primary & Secondary Schools Infrastructure Improvement IV,1066106775,Gitige Secondary School,2630200,Capital Grants to Government Agencies and other Levels of Government,exp,3596600,0,0,0,410,yes
fy-2026-27-development-book-volume-1-1011-1083,1066,State Department for Basic Education,1066106700,Primary & Secondary Schools Infrastructure Improvement IV,1066106776,Hashaka Secondary School,2630200,Capital Grants to Government Agencies and other Levels of Government,exp,3596600,0,0,0,411,yes
fy-2026-27-development-book-volume-1-1011-1083,1066,State Department for Basic Education,1066106700,Primary & Secondary Schools Infrastructure Improvement IV,1066106777,Hill Crest Secondary,2630200,Capital Grants to Government Agencies and other Levels of Government,exp,2616600,0,0,0,411,yes
fy-2026-27-development-book-volume-1-1011-1083,1066,State Department for Basic Education,1066106700,Primary & Secondary Schools Infrastructure Improvement IV,1066106778,Hobunaka Girls,2630200,Capital Grants to Government Agencies and other Levels of Government,exp,4576600,0,0,0,411,yes
fy-2026-27-development-book-volume-1-1011-1083,1066,State Department for Basic Education,1066106700,Primary & Secondary Schools Infrastructure Improvement IV,1066106779,Ibanja Secondary,2630200,Capital Grants to Government Agencies and other Levels of Government,exp,4576600,0,0,0,411,yes
fy-2026-27-development-book-volume-1-1011-1083,1066,State Department for Basic Education,1066106700,Primary & Secondary Schools Infrastructure Improvement IV,1066106780,Imalaba Secondary School,2630200,Capital Grants to Government Agencies and other Levels of Government,exp,2616600,0,0,0,411,yes
fy-2026-27-development-book-volume-1-1011-1083,1066,State Department for Basic Education,1066106700,Primary & Secondary Schools Infrastructure Improvement IV,1066106781,Ingilot Secondary School,2630200,Capital Grants to Government Agencies and other Levels of Government,exp,2616600,0,0,0,411,yes
fy-2026-27-development-book-volume-1-1011-1083,1066,State Department for Basic Education,1066106700,Primary & Secondary Schools Infrastructure Improvement IV,1066106782,Inungo Secondary School,2630200,Capital Grants to Government Agencies and other Levels of Government,exp,3596600,0,0,0,411,yes
fy-2026-27-development-book-volume-1-1011-1083,1066,State Department for Basic Education,1066106700,Primary & Secondary Schools Infrastructure Improvement IV,1066106783,Itibo Boys High School,2630200,Capital Grants to Government Agencies and other Levels of Government,exp,3596600,0,0,0,411,yes
fy-2026-27-development-book-volume-1-1011-1083,1066,State Department for Basic Education,1066106700,Primary & Secondary Schools Infrastructure Improvement IV,1066106784,Itigo Girls Secondary,2630200,Capital Grants to Government Agencies and other Levels of Government,exp,4576600,0,0,0,411,yes
fy-2026-27-development-book-volume-1-1011-1083,1066,State Department for Basic Education,1066106700,Primary & Secondary Schools Infrastructure Improvement IV,1066106785,Kabolebo Secondary,2630200,Capital Grants to Government Agencies and other Levels of Government,exp,4576600,0,0,0,411,yes
fy-2026-27-development-book-volume-1-1011-1083,1066,State Department for Basic Education,1066106700,Primary & Secondary Schools Infrastructure Improvement IV,1066106786,Kabwareng Secondary,2630200,Capital Grants to Government Agencies and other Levels of Government,exp,2616600,0,0,0,411,yes
fy-2026-27-development-book-volume-1-1011-1083,1066,State Department for Basic Education,1066106700,Primary & Secondary Schools Infrastructure Improvement IV,1066106787,Kalyet Secondary School,2630200,Capital Grants to Government Agencies and other Levels of Government,exp,2616600,0,0,0,412,yes
fy-2026-27-development-book-volume-1-1011-1083,1066,State Department for Basic Education,1066106700,Primary & Secondary Schools Infrastructure Improvement IV,1066106788,Kamuiru Comprehensive School Infrastructure,2630200,Capital Grants to Government Agencies and other Levels of Government,exp,5000000,0,0,0,412,yes
fy-2026-27-development-book-volume-1-1011-1083,1066,State Department for Basic Education,1066106700,Primary & Secondary Schools Infrastructure Improvement IV,1066106789,Kapkenyeloi Secondary,2630200,Capital Grants to Government Agencies and other Levels of Government,exp,2616600,0,0,0,412,yes
fy-2026-27-development-book-volume-1-1011-1083,1066,State Department for Basic Education,1066106700,Primary & Secondary Schools Infrastructure Improvement IV,1066106790,Kapkoigaa Girls Multipurpose Hall,2630200,Capital Grants to Government Agencies and other Levels of Government,exp,5000000,0,0,0,412,yes
fy-2026-27-development-book-volume-1-1011-1083,1066,State Department for Basic Education,1066106700,Primary & Secondary Schools Infrastructure Improvement IV,1066106791,Kapkondoo Secondary School,2630200,Capital Grants to Government Agencies and other Levels of Government,exp,2616600,0,0,0,412,yes
fy-2026-27-development-book-volume-1-1011-1083,1066,State Department for Basic Education,1066106700,Primary & Secondary Schools Infrastructure Improvement IV,1066106792,Kaplolo Secondary School,2630200,Capital Grants to Government Agencies and other Levels of Government,exp,4576600,0,0,0,412,yes
fy-2026-27-development-book-volume-1-1011-1083,1066,State Department for Basic Education,1066106700,Primary & Secondary Schools Infrastructure Improvement IV,1066106793,Karichu Day Secondary,2630200,Capital Grants to Government Agencies and other Levels of Government,exp,4576600,0,0,0,412,yes
fy-2026-27-development-book-volume-1-1011-1083,1066,State Department for Basic Education,1066106700,Primary & Secondary Schools Infrastructure Improvement IV,1066106794,Kathaka Secondary,2630200,Capital Grants to Government Agencies and other Levels of Government,exp,2616600,0,0,0,412,yes
fy-2026-27-development-book-volume-1-1011-1083,1066,State Department for Basic Education,1066106700,Primary & Secondary Schools Infrastructure Improvement IV,1066106795,Kenyerere Pag Secondary School,2630200,Capital Grants to Government Agencies and other Levels of Government,exp,4576600,0,0,0,412,yes
fy-2026-27-development-book-volume-1-1011-1083,1066,State Department for Basic Education,1066106700,Primary & Secondary Schools Infrastructure Improvement IV,1066106796,Kiandangae Secondary,2630200,Capital Grants to Government Agencies and other Levels of Government,exp,2616600,0,0,0,412,yes
fy-2026-27-development-book-volume-1-1011-1083,1066,State Department for Basic Education,1066106700,Primary & Secondary Schools Infrastructure Improvement IV,1066106797,Kilgoris Girls Secondary School,2630200,Capital Grants to Government Agencies and other Levels of Government,exp,3596600,0,0,0,413,yes
fy-2026-27-development-book-volume-1-1011-1083,1066,State Department for Basic Education,1066106700,Primary & Secondary Schools Infrastructure Improvement IV,1066106798,Kimoning Secondary School,2630200,Capital Grants to Government Agencies and other Levels of Government,exp,4576600,0,0,0,413,yes
fy-2026-27-development-book-volume-1-1011-1083,1066,State Department for Basic Education,1066106700,Primary & Secondary Schools Infrastructure Improvement IV,1066106799,Kimonio Secondary School,2630200,Capital Grants to Government Agencies and other Levels of Government,exp,2616600,0,0,0,413,yes
fy-2026-27-development-book-volume-1-1011-1083,1066,State Department for Basic Education,1066106800,Primary & Secondary Schools Infrastructure Improvement V,1066106801,Kimwani Secondary,2630200,Capital Grants to Government Agencies and other Levels of Government,exp,9476600,0,0,0,413,yes
fy-2026-27-development-book-volume-1-1011-1083,1066,State Department for Basic Education,1066106800,Primary & Secondary Schools Infrastructure Improvement V,1066106802,Kinyach Secondary,2630200,Capital Grants to Government Agencies and other Levels of Government,exp,4576600,0,0,0,413,yes
fy-2026-27-development-book-volume-1-1011-1083,1066,State Department for Basic Education,1066106800,Primary & Secondary Schools Infrastructure Improvement V,1066106803,Kiptenden Secondary School,2630200,Capital Grants to Government Agencies and other Levels of Government,exp,2616600,0,0,0,413,yes
fy-2026-27-development-book-volume-1-1011-1083,1066,State Department for Basic Education,1066106800,Primary & Secondary Schools Infrastructure Improvement V,1066106804,Kirisia Boys High School,2630200,Capital Grants to Government Agencies and other Levels of Government,exp,1636600,0,0,0,413,yes
fy-2026-27-development-book-volume-1-1011-1083,1066,State Department for Basic Education,1066106800,Primary & Secondary Schools Infrastructure Improvement V,1066106805,Koiban Secondary,2630200,Capital Grants to Government Agencies and other Levels of Government,exp,2616600,0,0,0,413,yes
fy-2026-27-development-book-volume-1-1011-1083,1066,State Department for Basic Education,1066106800,Primary & Secondary Schools Infrastructure Improvement V,1066106806,Kore Model Mixed Secondary,2630200,Capital Grants to Government Agencies and other Levels of Government,exp,4576600,0,0,0,413,yes
fy-2026-27-development-book-volume-1-1011-1083,1066,State Department for Basic Education,1066106800,Primary & Secondary Schools Infrastructure Improvement V,1066106807,Kubwe Mixed Secondary Boys,2630200,Capital Grants to Government Agencies and other Levels of Government,exp,3596600,0,0,0,413,yes
fy-2026-27-development-book-volume-1-1011-1083,1066,State Department for Basic Education,1066106800,Primary & Secondary Schools Infrastructure Improvement V,1066106808,Kuikui Secondary,2630200,Capital Grants to Government Agencies and other Levels of Government,exp,4576600,0,0,0,414,yes
fy-2026-27-development-book-volume-1-1011-1083,1066,State Department for Basic Education,1066106800,Primary & Secondary Schools Infrastructure Improvement V,1066106809,Kuywa Girls Secondary School,2630200,Capital Grants to Government Agencies and other Levels of Government,exp,7840000,0,0,0,414,yes
fy-2026-27-development-book-volume-1-1011-1083,1066,State Department for Basic Education,1066106800,Primary & Secondary Schools Infrastructure Improvement V,1066106810,Lafey Boys Secondary School,2630200,Capital Grants to Government Agencies and other Levels of Government,exp,3596600,0,0,0,414,yes
fy-2026-27-development-book-volume-1-1011-1083,1066,State Department for Basic Education,1066106800,Primary & Secondary Schools Infrastructure Improvement V,1066106811,Langalanga Secondary,2630200,Capital Grants to Government Agencies and other Levels of Government,exp,2616600,0,0,0,414,yes
fy-2026-27-development-book-volume-1-1011-1083,1066,State Department for Basic Education,1066106800,Primary & Secondary Schools Infrastructure Improvement V,1066106812,Lirhembe Girls Secondary School,2630200,Capital Grants to Government Agencies and other Levels of Government,exp,2616600,0,0,0,414,yes
fy-2026-27-development-book-volume-1-1011-1083,1066,State Department for Basic Education,1066106800,Primary & Secondary Schools Infrastructure Improvement V,1066106813,Logologo Girls High School,2630200,Capital Grants to Government Agencies and other Levels of Government,exp,3596600,0,0,0,414,yes
fy-2026-27-development-book-volume-1-1011-1083,1066,State Department for Basic Education,1066106800,Primary & Secondary Schools Infrastructure Improvement V,1066106814,Lorngoswa Secondary School,2630200,Capital Grants to Government Agencies and other Levels of Government,exp,2616600,0,0,0,414,yes
fy-2026-27-development-book-volume-1-1011-1083,1066,State Department for Basic Education,1066106800,Primary & Secondary Schools Infrastructure Improvement V,1066106815,Lower Kihara Comprehensive School Infrastructure,2630200,Capital Grants to Government Agencies and other Levels of Government,exp,5000000,0,0,0,414,yes
fy-2026-27-development-book-volume-1-1011-1083,1066,State Department for Basic Education,1066106800,Primary & Secondary Schools Infrastructure Improvement V,1066106816,Luanda Lugari Secondary,2630200,Capital Grants to Government Agencies and other Levels of Government,exp,3596600,0,0,0,414,yes
fy-2026-27-development-book-volume-1-1011-1083,1066,State Department for Basic Education,1066106800,Primary & Secondary Schools Infrastructure Improvement V,1066106817,Maagonga Secondary School,2630200,Capital Grants to Government Agencies and other Levels of Government,exp,4576600,0,0,0,414,yes
fy-2026-27-development-book-volume-1-1011-1083,1066,State Department for Basic Education,1066106800,Primary & Secondary Schools Infrastructure Improvement V,1066106818,Makindu Secondary School,2630200,Capital Grants to Government Agencies and other Levels of Government,exp,3596600,0,0,0,415,yes
fy-2026-27-development-book-volume-1-1011-1083,1066,State Department for Basic Education,1066106800,Primary & Secondary Schools Infrastructure Improvement V,1066106819,Manman Secondary,2630200,Capital Grants to Government Agencies and other Levels of Government,exp,2616600,0,0,0,415,yes
fy-2026-27-development-book-volume-1-1011-1083,1066,State Department for Basic Education,1066106800,Primary & Secondary Schools Infrastructure Improvement V,1066106820,Maralal High School,2630200,Capital Grants to Government Agencies and other Levels of Government,exp,3596600,0,0,0,415,yes
fy-2026-27-development-book-volume-1-1011-1083,1066,State Department for Basic Education,1066106800,Primary & Secondary Schools Infrastructure Improvement V,1066106821,Marigat Boys High School,2630200,Capital Grants to Government Agencies and other Levels of Government,exp,3596600,0,0,0,415,yes
fy-2026-27-development-book-volume-1-1011-1083,1066,State Department for Basic Education,1066106800,Primary & Secondary Schools Infrastructure Improvement V,1066106822,Matumbei Secondary School,2630200,Capital Grants to Government Agencies and other Levels of Government,exp,2616600,0,0,0,415,yes
fy-2026-27-development-book-volume-1-1011-1083,1066,State Department for Basic Education,1066106800,Primary & Secondary Schools Infrastructure Improvement V,1066106823,Mbaga Secondary Day School,2630200,Capital Grants to Government Agencies and other Levels of Government,exp,3596600,0,0,0,415,yes
fy-2026-27-development-book-volume-1-1011-1083,1066,State Department for Basic Education,1066106800,Primary & Secondary Schools Infrastructure Improvement V,1066106824,Mbagathi Road Secondary School,2630200,Capital Grants to Government Agencies and other Levels of Government,exp,4576600,0,0,0,415,yes
fy-2026-27-development-book-volume-1-1011-1083,1066,State Department for Basic Education,1066106800,Primary & Secondary Schools Infrastructure Improvement V,1066106825,Meteitei Secondary School,2630200,Capital Grants to Government Agencies and other Levels of Government,exp,4900000,0,0,0,415,yes
fy-2026-27-development-book-volume-1-1011-1083,1066,State Department for Basic Education,1066106800,Primary & Secondary Schools Infrastructure Improvement V,1066106826,Mghalu High School,2630200,Capital Grants to Government Agencies and other Levels of Government,exp,1636600,0,0,0,415,yes
fy-2026-27-development-book-volume-1-1011-1083,1066,State Department for Basic Education,1066106800,Primary & Secondary Schools Infrastructure Improvement V,1066106827,Mihango Secondary School,2630200,Capital Grants to Government Agencies and other Levels of Government,exp,3596600,0,0,0,415,yes
fy-2026-27-development-book-volume-1-1011-1083,1066,State Department for Basic Education,1066106800,Primary & Secondary Schools Infrastructure Improvement V,1066106828,Miriri Secondary School,2630200,Capital Grants to Government Agencies and other Levels of Government,exp,4576600,0,0,0,415,yes
fy-2026-27-development-book-volume-1-1011-1083,1066,State Department for Basic Education,1066106800,Primary & Secondary Schools Infrastructure Improvement V,1066106829,Momoniat Secondary School,2630200,Capital Grants to Government Agencies and other Levels of Government,exp,2616600,0,0,0,416,yes
fy-2026-27-development-book-volume-1-1011-1083,1066,State Department for Basic Education,1066106800,Primary & Secondary Schools Infrastructure Improvement V,1066106830,Morao Secondary School,2630200,Capital Grants to Government Agencies and other Levels of Government,exp,2616600,0,0,0,416,yes
fy-2026-27-development-book-volume-1-1011-1083,1066,State Department for Basic Education,1066106800,Primary & Secondary Schools Infrastructure Improvement V,1066106831,Mukutani Secondary,2630200,Capital Grants to Government Agencies and other Levels of Government,exp,2616600,0,0,0,416,yes
fy-2026-27-development-book-volume-1-1011-1083,1066,State Department for Basic Education,1066106800,Primary & Secondary Schools Infrastructure Improvement V,1066106832,Murray Girls,2630200,Capital Grants to Government Agencies and other Levels of Government,exp,1636600,0,0,0,416,yes
fy-2026-27-development-book-volume-1-1011-1083,1066,State Department for Basic Education,1066106800,Primary & Secondary Schools Infrastructure Improvement V,1066106833,Mutumon Secondary,2630200,Capital Grants to Government Agencies and other Levels of Government,exp,9476600,0,0,0,416,yes
fy-2026-27-development-book-volume-1-1011-1083,1066,State Department for Basic Education,1066106800,Primary & Secondary Schools Infrastructure Improvement V,1066106834,Mutwala Girls Secondary Muhoroni,2630200,Capital Grants to Government Agencies and other Levels of Government,exp,3596600,0,0,0,416,yes
fy-2026-27-development-book-volume-1-1011-1083,1066,State Department for Basic Education,1066106800,Primary & Secondary Schools Infrastructure Improvement V,1066106835,Namanze Secondary School,2630200,Capital Grants to Government Agencies and other Levels of Government,exp,2616600,0,0,0,416,yes
fy-2026-27-development-book-volume-1-1011-1083,1066,State Department for Basic Education,1066106800,Primary & Secondary Schools Infrastructure Improvement V,1066106836,Ngano Secondary School,2630200,Capital Grants to Government Agencies and other Levels of Government,exp,3596600,0,0,0,416,yes
fy-2026-27-development-book-volume-1-1011-1083,1066,State Department for Basic Education,1066106800,Primary & Secondary Schools Infrastructure Improvement V,1066106837,Ntaki Day Secondary,2630200,Capital Grants to Government Agencies and other Levels of Government,exp,4576600,0,0,0,416,yes
fy-2026-27-development-book-volume-1-1011-1083,1066,State Department for Basic Education,1066106800,Primary & Secondary Schools Infrastructure Improvement V,1066106838,Nthaara Secondary,2630200,Capital Grants to Government Agencies and other Levels of Government,exp,2616600,0,0,0,416,yes
fy-2026-27-development-book-volume-1-1011-1083,1066,State Department for Basic Education,1066106800,Primary & Secondary Schools Infrastructure Improvement V,1066106839,Nyaibasa Secondary School,2630200,Capital Grants to Government Agencies and other Levels of Government,exp,4576600,0,0,0,417,yes
fy-2026-27-development-book-volume-1-1011-1083,1066,State Department for Basic Education,1066106800,Primary & Secondary Schools Infrastructure Improvement V,1066106840,Nyansiongo Boys High School,2630200,Capital Grants to Government Agencies and other Levels of Government,exp,4576600,0,0,0,417,yes
fy-2026-27-development-book-volume-1-1011-1083,1066,State Department for Basic Education,1066106800,Primary & Secondary Schools Infrastructure Improvement V,1066106841,Ogiek Kwanza Secondary School,2630200,Capital Grants to Government Agencies and other Levels of Government,exp,2616600,0,0,0,417,yes
fy-2026-27-development-book-volume-1-1011-1083,1066,State Department for Basic Education,1066106800,Primary & Secondary Schools Infrastructure Improvement V,1066106842,Olmariko Secondary School,2630200,Capital Grants to Government Agencies and other Levels of Government,exp,3596600,0,0,0,417,yes
fy-2026-27-development-book-volume-1-1011-1083,1066,State Department for Basic Education,1066106800,Primary & Secondary Schools Infrastructure Improvement V,1066106843,Oloontulugum Secondary School,2630200,Capital Grants to Government Agencies and other Levels of Government,exp,2616600,0,0,0,417,yes
fy-2026-27-development-book-volume-1-1011-1083,1066,State Department for Basic Education,1066106800,Primary & Secondary Schools Infrastructure Improvement V,1066106844,Olympic Secondary School,2630200,Capital Grants to Government Agencies and other Levels of Government,exp,4576600,0,0,0,417,yes
fy-2026-27-development-book-volume-1-1011-1083,1066,State Department for Basic Education,1066106800,Primary & Secondary Schools Infrastructure Improvement V,1066106845,Omoche Secondary School,2630200,Capital Grants to Government Agencies and other Levels of Government,exp,3596600,0,0,0,417,yes
fy-2026-27-development-book-volume-1-1011-1083,1066,State Department for Basic Education,1066106800,Primary & Secondary Schools Infrastructure Improvement V,1066106846,Ongata Oloirien Mixed Secondary School,2630200,Capital Grants to Government Agencies and other Levels of Government,exp,3596600,0,0,0,417,yes
fy-2026-27-development-book-volume-1-1011-1083,1066,State Department for Basic Education,1066106800,Primary & Secondary Schools Infrastructure Improvement V,1066106847,Othoro Secondary School,2630200,Capital Grants to Government Agencies and other Levels of Government,exp,4576600,0,0,0,417,yes
fy-2026-27-development-book-volume-1-1011-1083,1066,State Department for Basic Education,1066106800,Primary & Secondary Schools Infrastructure Improvement V,1066106848,Presidential Directive Projects,2630200,Capital Grants to Government Agencies and other Levels of Government,exp,285000000,0,0,0,417,yes
fy-2026-27-development-book-volume-1-1011-1083,1066,State Department for Basic Education,1066106800,Primary & Secondary Schools Infrastructure Improvement V,1066106849,Ramacha Secondary,2630200,Capital Grants to Government Agencies and other Levels of Government,exp,2616600,0,0,0,417,yes
fy-2026-27-development-book-volume-1-1011-1083,1066,State Department for Basic Education,1066106800,Primary & Secondary Schools Infrastructure Improvement V,1066106850,Ringa Boys School,2630200,Capital Grants to Government Agencies and other Levels of Government,exp,4576600,0,0,0,418,yes
fy-2026-27-development-book-volume-1-1011-1083,1066,State Department for Basic Education,1066106800,Primary & Secondary Schools Infrastructure Improvement V,1066106851,Riomanga Secondary School,2630200,Capital Grants to Government Agencies and other Levels of Government,exp,4576600,0,0,0,418,yes
fy-2026-27-development-book-volume-1-1011-1083,1066,State Department for Basic Education,1066106800,Primary & Secondary Schools Infrastructure Improvement V,1066106852,Sagam Mixed Secondary School,2630200,Capital Grants to Government Agencies and other Levels of Government,exp,3596600,0,0,0,418,yes
fy-2026-27-development-book-volume-1-1011-1083,1066,State Department for Basic Education,1066106800,Primary & Secondary Schools Infrastructure Improvement V,1066106853,Sagana Secondary,2630200,Capital Grants to Government Agencies and other Levels of Government,exp,2616600,0,0,0,418,yes
fy-2026-27-development-book-volume-1-1011-1083,1066,State Department for Basic Education,1066106800,Primary & Secondary Schools Infrastructure Improvement V,1066106854,Samoei Secondary,2630200,Capital Grants to Government Agencies and other Levels of Government,exp,4576600,0,0,0,418,yes
fy-2026-27-development-book-volume-1-1011-1083,1066,State Department for Basic Education,1066106800,Primary & Secondary Schools Infrastructure Improvement V,1066106855,Sarwot Secondary,2630200,Capital Grants to Government Agencies and other Levels of Government,exp,9476600,0,0,0,418,yes
fy-2026-27-development-book-volume-1-1011-1083,1066,State Department for Basic Education,1066106800,Primary & Secondary Schools Infrastructure Improvement V,1066106856,Shadrack Kimalel Secondary,2630200,Capital Grants to Government Agencies and other Levels of Government,exp,4576600,0,0,0,418,yes
fy-2026-27-development-book-volume-1-1011-1083,1066,State Department for Basic Education,1066106800,Primary & Secondary Schools Infrastructure Improvement V,1066106857,Siaya Township Secondary School,2630200,Capital Grants to Government Agencies and other Levels of Government,exp,18596600,0,0,0,418,yes
fy-2026-27-development-book-volume-1-1011-1083,1066,State Department for Basic Education,1066106800,Primary & Secondary Schools Infrastructure Improvement V,1066106858,Sigot Secondary,2630200,Capital Grants to Government Agencies and other Levels of Government,exp,2616600,0,0,0,418,yes
fy-2026-27-development-book-volume-1-1011-1083,1066,State Department for Basic Education,1066106800,Primary & Secondary Schools Infrastructure Improvement V,1066106859,St Anne Angorom Secondary,2630200,Capital Grants to Government Agencies and other Levels of Government,exp,4576600,0,0,0,418,yes
fy-2026-27-development-book-volume-1-1011-1083,1066,State Department for Basic Education,1066106800,Primary & Secondary Schools Infrastructure Improvement V,1066106860,St Bridgit Akoreet Special School for the Deaf,2630200,Capital Grants to Government Agencies and other Levels of Government,exp,4576600,0,0,0,419,yes
fy-2026-27-development-book-volume-1-1011-1083,1066,State Department for Basic Education,1066106800,Primary & Secondary Schools Infrastructure Improvement V,1066106861,St Brigit Siumbwa Secondary School,2630200,Capital Grants to Government Agencies and other Levels of Government,exp,8496600,0,0,0,419,yes
fy-2026-27-development-book-volume-1-1011-1083,1066,State Department for Basic Education,1066106800,Primary & Secondary Schools Infrastructure Improvement V,1066106862,St Cecilia Girls Mautuma,2630200,Capital Grants to Government Agencies and other Levels of Government,exp,3596600,0,0,0,419,yes
fy-2026-27-development-book-volume-1-1011-1083,1066,State Department for Basic Education,1066106800,Primary & Secondary Schools Infrastructure Improvement V,1066106863,St Francis Majengo Secondary,2630200,Capital Grants to Government Agencies and other Levels of Government,exp,3596600,0,0,0,419,yes
fy-2026-27-development-book-volume-1-1011-1083,1066,State Department for Basic Education,1066106800,Primary & Secondary Schools Infrastructure Improvement V,1066106864,St Francis Wiga Girls Secondary School,2630200,Capital Grants to Government Agencies and other Levels of Government,exp,3596600,0,0,0,419,yes
fy-2026-27-development-book-volume-1-1011-1083,1066,State Department for Basic Education,1066106800,Primary & Secondary Schools Infrastructure Improvement V,1066106865,St Mary's Namatotoa Secondary School,2630200,Capital Grants to Government Agencies and other Levels of Government,exp,6134800,0,0,0,419,yes
fy-2026-27-development-book-volume-1-1011-1083,1066,State Department for Basic Education,1066106800,Primary & Secondary Schools Infrastructure Improvement V,1066106866,St Paul Kitum Girls,2630200,Capital Grants to Government Agencies and other Levels of Government,exp,3596600,0,0,0,419,yes
fy-2026-27-development-book-volume-1-1011-1083,1066,State Department for Basic Education,1066106800,Primary & Secondary Schools Infrastructure Improvement V,1066106867,St Peter's Jina Secondary School,2630200,Capital Grants to Government Agencies and other Levels of Government,exp,4576600,0,0,0,419,yes
fy-2026-27-development-book-volume-1-1011-1083,1066,State Department for Basic Education,1066106800,Primary & Secondary Schools Infrastructure Improvement V,1066106868,St Peter's Ojamong Secondary,2630200,Capital Grants to Government Agencies and other Levels of Government,exp,4576600,0,0,0,419,yes
fy-2026-27-development-book-volume-1-1011-1083,1066,State Department for Basic Education,1066106800,Primary & Secondary Schools Infrastructure Improvement V,1066106869,St Ursila Girls Tungutu Secondary,2630200,Capital Grants to Government Agencies and other Levels of Government,exp,3596600,0,0,0,419,yes
fy-2026-27-development-book-volume-1-1011-1083,1066,State Department for Basic Education,1066106800,Primary & Secondary Schools Infrastructure Improvement V,1066106870,St. Anns Mukhweya Secondary School,2630200,Capital Grants to Government Agencies and other Levels of Government,exp,7840000,0,0,0,419,yes
fy-2026-27-development-book-volume-1-1011-1083,1066,State Department for Basic Education,1066106800,Primary & Secondary Schools Infrastructure Improvement V,1066106871,St. Elizabeth Chepkunyuk,2630200,Capital Grants to Government Agencies and other Levels of Government,exp,4576600,0,0,0,420,yes
fy-2026-27-development-book-volume-1-1011-1083,1066,State Department for Basic Education,1066106800,Primary & Secondary Schools Infrastructure Improvement V,1066106872,St. Gabriel Kombe Secondary,2630200,Capital Grants to Government Agencies and other Levels of Government,exp,4576600,0,0,0,420,yes
fy-2026-27-development-book-volume-1-1011-1083,1066,State Department for Basic Education,1066106800,Primary & Secondary Schools Infrastructure Improvement V,1066106873,St. John's Secondary School Laboratory,2630200,Capital Grants to Government Agencies and other Levels of Government,exp,3596600,0,0,0,420,yes
fy-2026-27-development-book-volume-1-1011-1083,1066,State Department for Basic Education,1066106800,Primary & Secondary Schools Infrastructure Improvement V,1066106874,St. Patricks Chemnoet Secondary,2630200,Capital Grants to Government Agencies and other Levels of Government,exp,2616600,0,0,0,420,yes
fy-2026-27-development-book-volume-1-1011-1083,1066,State Department for Basic Education,1066106800,Primary & Secondary Schools Infrastructure Improvement V,1066106876,St.Kizito- Mayanja Secondary,2630200,Capital Grants to Government Agencies and other Levels of Government,exp,7840000,0,0,0,420,yes
fy-2026-27-development-book-volume-1-1011-1083,1066,State Department for Basic Education,1066106800,Primary & Secondary Schools Infrastructure Improvement V,1066106877,St.Philips Secondary,2630200,Capital Grants to Government Agencies and other Levels of Government,exp,2616600,0,0,0,420,yes
fy-2026-27-development-book-volume-1-1011-1083,1066,State Department for Basic Education,1066106800,Primary & Secondary Schools Infrastructure Improvement V,1066106878,Tanyilel Girls,2630200,Capital Grants to Government Agencies and other Levels of Government,exp,4576600,0,0,0,420,yes
fy-2026-27-development-book-volume-1-1011-1083,1066,State Department for Basic Education,1066106800,Primary & Secondary Schools Infrastructure Improvement V,1066106879,Testai Secondary School,2630200,Capital Grants to Government Agencies and other Levels of Government,exp,2616600,0,0,0,420,yes
fy-2026-27-development-book-volume-1-1011-1083,1066,State Department for Basic Education,1066106800,Primary & Secondary Schools Infrastructure Improvement V,1066106880,Thika High School,2630200,Capital Grants to Government Agencies and other Levels of Government,exp,14576600,0,0,0,420,yes
fy-2026-27-development-book-volume-1-1011-1083,1066,State Department for Basic Education,1066106800,Primary & Secondary Schools Infrastructure Improvement V,1066106881,Thika High School Computer Lab,2630200,Capital Grants to Government Agencies and other Levels of Government,exp,10000000,0,0,0,420,yes
fy-2026-27-development-book-volume-1-1011-1083,1066,State Department for Basic Education,1066106800,Primary & Secondary Schools Infrastructure Improvement V,1066106882,Titmet Secondary School,2630200,Capital Grants to Government Agencies and other Levels of Government,exp,2616600,0,0,0,421,yes
fy-2026-27-development-book-volume-1-1011-1083,1066,State Department for Basic Education,1066106800,Primary & Secondary Schools Infrastructure Improvement V,1066106883,Togomin Secondary,2630200,Capital Grants to Government Agencies and other Levels of Government,exp,2616600,0,0,0,421,yes
fy-2026-27-development-book-volume-1-1011-1083,1066,State Department for Basic Education,1066106800,Primary & Secondary Schools Infrastructure Improvement V,1066106884,Ugoti Day Secondary School,2630200,Capital Grants to Government Agencies and other Levels of Government,exp,3596600,0,0,0,421,yes
fy-2026-27-development-book-volume-1-1011-1083,1066,State Department for Basic Education,1066106800,Primary & Secondary Schools Infrastructure Improvement V,1066106885,Upper Hill Secondary,2630200,Capital Grants to Government Agencies and other Levels of Government,exp,2616600,0,0,0,421,yes
fy-2026-27-development-book-volume-1-1011-1083,1066,State Department for Basic Education,1066106800,Primary & Secondary Schools Infrastructure Improvement V,1066106886,Wargadud Mixed Secondary,2630200,Capital Grants to Government Agencies and other Levels of Government,exp,4576600,0,0,0,421,yes
fy-2026-27-development-book-volume-1-1011-1083,1066,State Department for Basic Education,1066106800,Primary & Secondary Schools Infrastructure Improvement V,1066106887,Yala Township Mixed Secondary School,2630200,Capital Grants to Government Agencies and other Levels of Government,exp,3596600,0,0,0,421,yes
fy-2026-27-development-book-volume-1-1011-1083,1066,State Department for Basic Education,1066106800,Primary & Secondary Schools Infrastructure Improvement V,1066106888,Nyamasare Girls Secondary School,2630200,Capital Grants to Government Agencies and other Levels of Government,exp,11000000,0,0,0,421,yes
fy-2026-27-development-book-volume-1-1011-1083,1066,State Department for Basic Education,1066106800,Primary & Secondary Schools Infrastructure Improvement V,1066106889,Aduwa Primary,2630200,Capital Grants to Government Agencies and other Levels of Government,exp,5000000,0,0,0,421,yes
fy-2026-27-development-book-volume-1-1011-1083,1066,State Department for Basic Education,1066106800,Primary & Secondary Schools Infrastructure Improvement V,1066106890,Aluny Primary,2630200,Capital Grants to Government Agencies and other Levels of Government,exp,5000000,0,0,0,421,yes
fy-2026-27-development-book-volume-1-1011-1083,1066,State Department for Basic Education,1066106800,Primary & Secondary Schools Infrastructure Improvement V,1066106891,Bar Agulu Primary School,2630200,Capital Grants to Government Agencies and other Levels of Government,exp,5000000,0,0,0,421,yes
fy-2026-27-development-book-volume-1-1011-1083,1066,State Department for Basic Education,1066106800,Primary & Secondary Schools Infrastructure Improvement V,1066106892,Bar Kodhiambo Primary School,2630200,Capital Grants to Government Agencies and other Levels of Government,exp,5000000,0,0,0,421,yes
fy-2026-27-development-book-volume-1-1011-1083,1066,State Department for Basic Education,1066106800,Primary & Secondary Schools Infrastructure Improvement V,1066106893,"Construction of classrooms, Lab., Admin block at Nyamira DEB Pry",2630200,Capital Grants to Government Agencies and other Levels of Government,exp,10000000,0,0,0,422,yes
fy-2026-27-development-book-volume-1-1011-1083,1066,State Department for Basic Education,1066106800,Primary & Secondary Schools Infrastructure Improvement V,1066106894,Goro Primary School,2630200,Capital Grants to Government Agencies and other Levels of Government,exp,5000000,0,0,0,422,yes
fy-2026-27-development-book-volume-1-1011-1083,1066,State Department for Basic Education,1066106800,Primary & Secondary Schools Infrastructure Improvement V,1066106895,Kipao Primary & Junior School - Construction of Perimeter Fence,2630200,Capital Grants to Government Agencies and other Levels of Government,exp,5000000,0,0,0,422,yes
fy-2026-27-development-book-volume-1-1011-1083,1066,State Department for Basic Education,1066106800,Primary & Secondary Schools Infrastructure Improvement V,1066106896,Magungu Primary,2630200,Capital Grants to Government Agencies and other Levels of Government,exp,5000000,0,0,0,422,yes
fy-2026-27-development-book-volume-1-1011-1083,1066,State Department for Basic Education,1066106800,Primary & Secondary Schools Infrastructure Improvement V,1066106897,Mahola Primary,2630200,Capital Grants to Government Agencies and other Levels of Government,exp,5000000,0,0,0,422,yes
fy-2026-27-development-book-volume-1-1011-1083,1066,State Department for Basic Education,1066106800,Primary & Secondary Schools Infrastructure Improvement V,1066106898,Ndai Primary,2630200,Capital Grants to Government Agencies and other Levels of Government,exp,5000000,0,0,0,422,yes
fy-2026-27-development-book-volume-1-1011-1083,1066,State Department for Basic Education,1066106800,Primary & Secondary Schools Infrastructure Improvement V,1066106899,Nyanganga Primary School,2630200,Capital Grants to Government Agencies and other Levels of Government,exp,5000000,0,0,0,422,yes
fy-2026-27-development-book-volume-1-1011-1083,1066,State Department for Basic Education,1066106900,Integrated Mechanism for Poverty Eradication & Sustainable,1066106901,Integrated Mechanism for Poverty Eradication & Sustainable,2630200,Capital Grants to Government Agencies and other Levels of Government,exp,45000000,251000000,261000000,224000000,422,yes
fy-2026-27-development-book-volume-1-1011-1083,1066,State Department for Basic Education,1066106900,Integrated Mechanism for Poverty Eradication & Sustainable,1066106901,Integrated Mechanism for Poverty Eradication & Sustainable,5120200,Foreign Borrowing - Direct Payments,aia,45000000,234000000,191000000,161000000,422,yes
fy-2026-27-development-book-volume-1-1011-1083,1066,State Department for Basic Education,1066107000,Primary & Secondary Schools Infrastructure Improvement VI,1066107001,Obambo Secondary School,2630200,Capital Grants to Government Agencies and other Levels of Government,exp,5000000,0,0,0,423,yes
fy-2026-27-development-book-volume-1-1011-1083,1066,State Department for Basic Education,1066107000,Primary & Secondary Schools Infrastructure Improvement VI,1066107002,Ogaka Primary School (Public Participation),2630200,Capital Grants to Government Agencies and other Levels of Government,exp,10000000,0,0,0,423,yes
fy-2026-27-development-book-volume-1-1011-1083,1066,State Department for Basic Education,1066107000,Primary & Secondary Schools Infrastructure Improvement VI,1066107003,Ojwando Primary,2630200,Capital Grants to Government Agencies and other Levels of Government,exp,5000000,0,0,0,423,yes
fy-2026-27-development-book-volume-1-1011-1083,1066,State Department for Basic Education,1066107000,Primary & Secondary Schools Infrastructure Improvement VI,1066107004,Pap Gori Primary,2630200,Capital Grants to Government Agencies and other Levels of Government,exp,5000000,0,0,0,423,yes
fy-2026-27-development-book-volume-1-1011-1083,1066,State Department for Basic Education,1066107000,Primary & Secondary Schools Infrastructure Improvement VI,1066107005,St Paul's Parochial Comprehensive School,2630200,Capital Grants to Government Agencies and other Levels of Government,exp,10000000,0,0,0,423,yes
fy-2026-27-development-book-volume-1-1011-1083,1066,State Department for Basic Education,1066107000,Primary & Secondary Schools Infrastructure Improvement VI,1066107006,Tido Primary School,2630200,Capital Grants to Government Agencies and other Levels of Government,exp,5000000,0,0,0,423,yes
fy-2026-27-development-book-volume-1-1011-1083,1066,State Department for Basic Education,1066107000,Primary & Secondary Schools Infrastructure Improvement VI,1066107007,Urim Primary - school reconstruction,2630200,Capital Grants to Government Agencies and other Levels of Government,exp,10000000,0,0,0,423,yes
fy-2026-27-development-book-volume-1-1011-1083,1066,State Department for Basic Education,1066107000,Primary & Secondary Schools Infrastructure Improvement VI,1066107008,Usula Primary School,2630200,Capital Grants to Government Agencies and other Levels of Government,exp,5000000,0,0,0,423,yes
fy-2026-27-development-book-volume-1-1011-1083,1066,State Department for Basic Education,1066107000,Primary & Secondary Schools Infrastructure Improvement VI,1066107009,Uwasi Primary,2630200,Capital Grants to Government Agencies and other Levels of Government,exp,5000000,0,0,0,423,yes
fy-2026-27-development-book-volume-1-1011-1083,1066,State Department for Basic Education,1066107000,Primary & Secondary Schools Infrastructure Improvement VI,1066107010,Wangchieng Primary,2630200,Capital Grants to Government Agencies and other Levels of Government,exp,5000000,0,0,0,423,yes
fy-2026-27-development-book-volume-1-1011-1083,1066,State Department for Basic Education,1066107000,Primary & Secondary Schools Infrastructure Improvement VI,1066107011,Barding High School,2630200,Capital Grants to Government Agencies and other Levels of Government,exp,20000000,0,0,0,424,yes
fy-2026-27-development-book-volume-1-1011-1083,1066,State Department for Basic Education,1066107000,Primary & Secondary Schools Infrastructure Improvement VI,1066107012,Dibuoro Secondary School,2630200,Capital Grants to Government Agencies and other Levels of Government,exp,5000000,0,0,0,424,yes
fy-2026-27-development-book-volume-1-1011-1083,1066,State Department for Basic Education,1066107000,Primary & Secondary Schools Infrastructure Improvement VI,1066107013,Inungo Secondary School tuition block,2630200,Capital Grants to Government Agencies and other Levels of Government,exp,10000000,0,0,0,424,yes
fy-2026-27-development-book-volume-1-1011-1083,1066,State Department for Basic Education,1066107000,Primary & Secondary Schools Infrastructure Improvement VI,1066107014,Khwisero Girls Secondary Multipurpose Hall,2630200,Capital Grants to Government Agencies and other Levels of Government,exp,10000000,0,0,0,424,yes
fy-2026-27-development-book-volume-1-1011-1083,1066,State Department for Basic Education,1066107000,Primary & Secondary Schools Infrastructure Improvement VI,1066107015,Lavington Girls,2630200,Capital Grants to Government Agencies and other Levels of Government,exp,10000000,0,0,0,424,yes
fy-2026-27-development-book-volume-1-1011-1083,1066,State Department for Basic Education,1066107000,Primary & Secondary Schools Infrastructure Improvement VI,1066107016,Mahero Secondary School,2630200,Capital Grants to Government Agencies and other Levels of Government,exp,5000000,0,0,0,424,yes
fy-2026-27-development-book-volume-1-1011-1083,1066,State Department for Basic Education,1066107000,Primary & Secondary Schools Infrastructure Improvement VI,1066107017,Mahola Secondary School,2630200,Capital Grants to Government Agencies and other Levels of Government,exp,5000000,0,0,0,424,yes
fy-2026-27-development-book-volume-1-1011-1083,1066,State Department for Basic Education,1066107000,Primary & Secondary Schools Infrastructure Improvement VI,1066107018,Nyalula Secondary School,2630200,Capital Grants to Government Agencies and other Levels of Government,exp,5000000,0,0,0,424,yes
fy-2026-27-development-book-volume-1-1011-1083,1066,State Department for Basic Education,1066107000,Primary & Secondary Schools Infrastructure Improvement VI,1066107019,Nyambare Secondary,2630200,Capital Grants to Government Agencies and other Levels of Government,exp,5000000,0,0,0,424,yes
fy-2026-27-development-book-volume-1-1011-1083,1066,State Department for Basic Education,1066107000,Primary & Secondary Schools Infrastructure Improvement VI,1066107020,"Ojijo Oteko Mixed Sec Sch - Science & Computer Labs, Dining Hall,",2630200,Capital Grants to Government Agencies and other Levels of Government,exp,10000000,0,0,0,424,yes
fy-2026-27-development-book-volume-1-1011-1083,1066,State Department for Basic Education,1066107000,Primary & Secondary Schools Infrastructure Improvement VI,1066107021,Segere Secondary School,2630200,Capital Grants to Government Agencies and other Levels of Government,exp,5000000,0,0,0,424,yes
fy-2026-27-development-book-volume-1-1011-1083,1066,State Department for Basic Education,1066107000,Primary & Secondary Schools Infrastructure Improvement VI,1066107022,Sirwa Secondary School,2630200,Capital Grants to Government Agencies and other Levels of Government,exp,5000000,0,0,0,425,yes
fy-2026-27-development-book-volume-1-1011-1083,1066,State Department for Basic Education,1066107000,Primary & Secondary Schools Infrastructure Improvement VI,1066107023,Usula Secondary School,2630200,Capital Grants to Government Agencies and other Levels of Government,exp,5000000,0,0,0,425,yes
fy-2026-27-development-book-volume-1-1011-1083,1071,The National Treasury,1071100100,Support to Public Financial Management (PFM-R),1071100101,Support to Public Financial Management (PFM-R),2640500,Other Capital Grants and Transfers,exp,568000000,300000000,500000000,600000000,512,yes
fy-2026-27-development-book-volume-1-1011-1083,1071,The National Treasury,1071100600,Fund for Economic Development - Aid Effectiveness for Development,1071100601,Fund for Economic Development - Aid Effectiveness for Development,2640500,Other Capital Grants and Transfers,exp,70000000,29000000,0,0,512,yes
fy-2026-27-development-book-volume-1-1011-1083,1071,The National Treasury,1071100600,Fund for Economic Development - Aid Effectiveness for Development,1071100601,Fund for Economic Development - Aid Effectiveness for Development,1310200,Grants from Foreign Governments - Direct Payments,aia,0,29000000,0,0,512,yes
fy-2026-27-development-book-volume-1-1011-1083,1071,The National Treasury,1071102200,Strategic Investments in Public Enterprises,1071102201,Strategic Investments in Public Enterprises,2640500,Other Capital Grants and Transfers,exp,0,0,83045000000,93980100000,512,yes
fy-2026-27-development-book-volume-1-1011-1083,1071,The National Treasury,1071102500,"Equity Acquisition, Operations, Maintenance in TEAMS - BETA",1071102501,"Equity Acquisition, Operations, Maintenance in TEAMS",4120100,Equity Participation in Domestic Public Non-Financial Enterprises,exp,101674560,70000000,0,0,512,yes
fy-2026-27-development-book-volume-1-1011-1083,1071,The National Treasury,1071102600,Equity and Subscriptions in International Financial Institutions,1071102601,Equity and Subscriptions in International Financial Institutions,4150200,Equity Participation in Foreign financial Institutions operating Abroad,exp,436479883,250000000,350000000,500000000,512,yes
fy-2026-27-development-book-volume-1-1011-1083,1071,The National Treasury,1071104000,"Renewal of Oracle Licenses, Annual Support for IFMIS Apps,",1071104001,"Renewal of Oracle Licenses, Annual Support for IFMIS Apps,",2211300,Other Operating Expenses,exp,995949150,805343000,882343000,882343000,513,yes
fy-2026-27-development-book-volume-1-1011-1083,1071,The National Treasury,1071104000,"Renewal of Oracle Licenses, Annual Support for IFMIS Apps,",1071104001,"Renewal of Oracle Licenses, Annual Support for IFMIS Apps,",3111100,"Purchase of Specialised Plant, Equipment and Machinery",exp,50000000,240557000,263557000,263557000,513,yes
fy-2026-27-development-book-volume-1-1011-1083,1071,The National Treasury,1071104000,"Renewal of Oracle Licenses, Annual Support for IFMIS Apps,",1071104002,Cash to Accrual Accounting-IFMIS Re-engineering Phase II,2211300,Other Operating Expenses,exp,100000000,200000000,0,0,513,yes
fy-2026-27-development-book-volume-1-1011-1083,1071,The National Treasury,1071104300,"Installation, Operational'n of DRC Equipment-Government Data",1071104301,"Installation, Operational'n of DRC Equipment-Government Data",2211300,Other Operating Expenses,exp,1600000000,500000000,551800000,661900000,513,yes
fy-2026-27-development-book-volume-1-1011-1083,1071,The National Treasury,1071104400,Contingency Fund Transfers,1071104401,Contingency Fund Transfers,2810200,Civil Contingency Reserves,exp,1800000000,2000000000,5000000000,5000000000,513,yes
fy-2026-27-development-book-volume-1-1011-1083,1071,The National Treasury,1071104500,Equalisation Fund Transfers - BETA,1071104501,Equalisation Fund Transfers,2630200,Capital Grants to Government Agencies and other Levels of Government,exp,7507170425,9602170425,18602200000,22602200000,513,yes
fy-2026-27-development-book-volume-1-1011-1083,1071,The National Treasury,1071105400,Treasury-Bima-Herufi Security System: Car Scanners Fire Systems,1071105401,Treasury-Bima-Herufi Security System: Car Scanners Fire Systems,2211300,Other Operating Expenses,exp,13000000,0,0,0,513,yes
fy-2026-27-development-book-volume-1-1011-1083,1071,The National Treasury,1071106400,Development of market openness gauge system,1071106401,Development of market openness gauge system,2630200,Capital Grants to Government Agencies and other Levels of Government,exp,0,87000000,0,0,514,yes
fy-2026-27-development-book-volume-1-1011-1083,1071,The National Treasury,1071106600,Strategic Response to Public Initiatives,1071106601,Strategic Response to Public Initiatives,2640500,Other Capital Grants and Transfers,exp,0,5000000000,2500000000,2500000000,514,yes
fy-2026-27-development-book-volume-1-1011-1083,1071,The National Treasury,1071108100,Kenya Affordable Housing Project - BETA,1071108101,Kenya Affordable Housing Project,2630200,Capital Grants to Government Agencies and other Levels of Government,exp,1875792040,0,0,0,514,yes
fy-2026-27-development-book-volume-1-1011-1083,1071,The National Treasury,1071108200,Kenya Financing Locally Led Climate Action Programme (FLLCoA) -,1071108201,Kenya Financing Locally Led Climate Action Programme (FLLCoA),2630200,Capital Grants to Government Agencies and other Levels of Government,exp,0,7387500000,0,0,514,yes
fy-2026-27-development-book-volume-1-1011-1083,1071,The National Treasury,1071108200,Kenya Financing Locally Led Climate Action Programme (FLLCoA) -,1071108201,Kenya Financing Locally Led Climate Action Programme (FLLCoA),2640500,Other Capital Grants and Transfers,exp,9200000000,1512250000,0,0,514,yes
fy-2026-27-development-book-volume-1-1011-1083,1071,The National Treasury,1071108400,Public Debt Management Support Project,1071108401,Public Debt Management Support Project,2630200,Capital Grants to Government Agencies and other Levels of Government,exp,28600000,0,0,0,514,yes
fy-2026-27-development-book-volume-1-1011-1083,1071,The National Treasury,1071108400,Public Debt Management Support Project,1071108401,Public Debt Management Support Project,1320200,Grants from International Organizations,aia,26000000,0,0,0,515,yes
fy-2026-27-development-book-volume-1-1011-1083,1071,The National Treasury,1071108400,Public Debt Management Support Project,1071108402,Technical and Capacity Building Support Project,2630200,Capital Grants to Government Agencies and other Levels of Government,exp,11000000,11000000,0,0,515,yes
fy-2026-27-development-book-volume-1-1011-1083,1071,The National Treasury,1071108400,Public Debt Management Support Project,1071108402,Technical and Capacity Building Support Project,1310200,Grants from Foreign Governments - Direct Payments,aia,11000000,11000000,0,0,515,yes
fy-2026-27-development-book-volume-1-1011-1083,1071,The National Treasury,1071109000,Horn of Africa Gateway Development Project,1071109001,Horn of Africa Gateway Development Project,2630200,Capital Grants to Government Agencies and other Levels of Government,exp,310000000,161000000,240000000,240000000,515,yes
fy-2026-27-development-book-volume-1-1011-1083,1071,The National Treasury,1071109000,Horn of Africa Gateway Development Project,1071109001,Horn of Africa Gateway Development Project,5120200,Foreign Borrowing - Direct Payments,aia,100000000,75500000,65000000,65000000,515,yes
fy-2026-27-development-book-volume-1-1011-1083,1071,The National Treasury,1071109100,"East Africa Transport, Trade & Development Facilitation Project",1071109101,"East Africa Transport, Trade & Development Facilitation Project",2630200,Capital Grants to Government Agencies and other Levels of Government,exp,265000000,0,0,0,515,yes
fy-2026-27-development-book-volume-1-1011-1083,1071,The National Treasury,1071110400,Green Climate Fund Readiness Project,1071110401,Green Climate Fund Readiness Project,2630200,Capital Grants to Government Agencies and other Levels of Government,exp,36000000,69000000,0,0,515,yes
fy-2026-27-development-book-volume-1-1011-1083,1071,The National Treasury,1071110800,National Treasury Capacity Strenghtening Project,1071110801,National Treasury Capacity Strenghtening Project,2630200,Capital Grants to Government Agencies and other Levels of Government,exp,13500000,0,24700000,24700000,515,yes
fy-2026-27-development-book-volume-1-1011-1083,1071,The National Treasury,1071110800,National Treasury Capacity Strenghtening Project,1071110801,National Treasury Capacity Strenghtening Project,1320200,Grants from International Organizations,aia,12500000,0,0,0,516,yes
fy-2026-27-development-book-volume-1-1011-1083,1071,The National Treasury,1071111700,Supporting Access to Finance & Enterprise Recovery (SAFER) - BETA,1071111701,Supporting Access to Finance & Enterprise Recovery (SAFER),2630200,Capital Grants to Government Agencies and other Levels of Government,exp,1500000000,5386000000,0,0,516,yes
fy-2026-27-development-book-volume-1-1011-1083,1071,The National Treasury,1071111700,Supporting Access to Finance & Enterprise Recovery (SAFER) - BETA,1071111701,Supporting Access to Finance & Enterprise Recovery (SAFER),5120200,Foreign Borrowing - Direct Payments,aia,0,150000000,0,0,516,yes
fy-2026-27-development-book-volume-1-1011-1083,1071,The National Treasury,1071113300,Rural Kenya Financial Inclusion Facility (RK-FINFA) - BETA,1071113301,Rural Kenya Financial Inclusion Facility (RK-FINFA),2640500,Other Capital Grants and Transfers,exp,1077000000,1145000000,332300000,277300000,516,yes
fy-2026-27-development-book-volume-1-1011-1083,1071,The National Treasury,1071113600,Special Global Fund - TB NFM 4,1071113601,Special Global Fund - TB NFM 4,2110200,Basic Wages - Temporary Employees,exp,9433944,9433593,10851400,0,516,yes
fy-2026-27-development-book-volume-1-1011-1083,1071,The National Treasury,1071113600,Special Global Fund - TB NFM 4,1071113601,Special Global Fund - TB NFM 4,2210300,"Domestic Travel and Subsistence, and Other Transportation Costs",exp,5900600,34794900,9275133,0,516,yes
fy-2026-27-development-book-volume-1-1011-1083,1071,The National Treasury,1071113600,Special Global Fund - TB NFM 4,1071113601,Special Global Fund - TB NFM 4,2210400,"Foreign Travel and Subsistence, and other transportation costs",exp,4460000,4460000,3419334,0,516,yes
fy-2026-27-development-book-volume-1-1011-1083,1071,The National Treasury,1071113600,Special Global Fund - TB NFM 4,1071113601,Special Global Fund - TB NFM 4,2210500,"Printing , Advertising and Information Supplies and Services",exp,22809000,21809000,6753567,0,516,yes
fy-2026-27-development-book-volume-1-1011-1083,1071,The National Treasury,1071113600,Special Global Fund - TB NFM 4,1071113601,Special Global Fund - TB NFM 4,2210700,Training Expenses,exp,3567000,3567000,1968033,0,516,yes
fy-2026-27-development-book-volume-1-1011-1083,1071,The National Treasury,1071113600,Special Global Fund - TB NFM 4,1071113601,Special Global Fund - TB NFM 4,2210800,Hospitality Supplies and Services,exp,11138801,1938801,7053333,0,516,yes
fy-2026-27-development-book-volume-1-1011-1083,1071,The National Treasury,1071113600,Special Global Fund - TB NFM 4,1071113601,Special Global Fund - TB NFM 4,2210900,Insurance Costs,exp,800000,800000,0,0,516,yes
fy-2026-27-development-book-volume-1-1011-1083,1071,The National Treasury,1071113600,Special Global Fund - TB NFM 4,1071113601,Special Global Fund - TB NFM 4,2211000,Specialised Materials and Supplies,exp,1767351232,745691093,999802335,447608779,516,yes
fy-2026-27-development-book-volume-1-1011-1083,1071,The National Treasury,1071113600,Special Global Fund - TB NFM 4,1071113601,Special Global Fund - TB NFM 4,2211100,Office and General Supplies and Services,exp,2500000,2500000,3641667,0,516,yes
fy-2026-27-development-book-volume-1-1011-1083,1071,The National Treasury,1071113600,Special Global Fund - TB NFM 4,1071113601,Special Global Fund - TB NFM 4,2211200,Fuel Oil and Lubricants,exp,246000,246000,188600,0,516,yes
fy-2026-27-development-book-volume-1-1011-1083,1071,The National Treasury,1071113600,Special Global Fund - TB NFM 4,1071113601,Special Global Fund - TB NFM 4,2211300,Other Operating Expenses,exp,101495000,96923760,33223500,0,516,yes
fy-2026-27-development-book-volume-1-1011-1083,1071,The National Treasury,1071113600,Special Global Fund - TB NFM 4,1071113601,Special Global Fund - TB NFM 4,2640500,Other Capital Grants and Transfers,exp,77000000,57020000,50367667,104991221,516,yes
fy-2026-27-development-book-volume-1-1011-1083,1071,The National Treasury,1071113600,Special Global Fund - TB NFM 4,1071113601,Special Global Fund - TB NFM 4,3110700,Purchase of Vehicles and Other Transport Equipment,exp,6500000,6500000,0,0,516,yes
fy-2026-27-development-book-volume-1-1011-1083,1071,The National Treasury,1071113600,Special Global Fund - TB NFM 4,1071113601,Special Global Fund - TB NFM 4,3111000,Purchase of Office Furniture and General Equipment,exp,74689649,0,57262065,0,516,yes
fy-2026-27-development-book-volume-1-1011-1083,1071,The National Treasury,1071113600,Special Global Fund - TB NFM 4,1071113601,Special Global Fund - TB NFM 4,3111100,"Purchase of Specialised Plant, Equipment and Machinery",exp,474822488,277210153,415293367,0,516,yes
fy-2026-27-development-book-volume-1-1011-1083,1071,The National Treasury,1071113600,Special Global Fund - TB NFM 4,1071113601,Special Global Fund - TB NFM 4,1320200,Grants from International Organizations,aia,2028388220,887921630,1226919169,0,517,yes
fy-2026-27-development-book-volume-1-1011-1083,1071,The National Treasury,1071113700,Special Global Fund - HIV NFM 4,1071113701,Special Global Fund - HIV NFM 4,2110200,Basic Wages - Temporary Employees,exp,10536248,10536012,11318337,0,517,yes
fy-2026-27-development-book-volume-1-1011-1083,1071,The National Treasury,1071113700,Special Global Fund - HIV NFM 4,1071113701,Special Global Fund - HIV NFM 4,2110300,Personal Allowance - Paid as Part of Salary,exp,20872000,20871355,24234339,0,517,yes
fy-2026-27-development-book-volume-1-1011-1083,1071,The National Treasury,1071113700,Special Global Fund - HIV NFM 4,1071113701,Special Global Fund - HIV NFM 4,2210200,"Communication, Supplies and Services",exp,1200000,1200000,1393312,0,517,yes
fy-2026-27-development-book-volume-1-1011-1083,1071,The National Treasury,1071113700,Special Global Fund - HIV NFM 4,1071113701,Special Global Fund - HIV NFM 4,2210300,"Domestic Travel and Subsistence, and Other Transportation Costs",exp,45443128,70757489,35643836,0,517,yes
fy-2026-27-development-book-volume-1-1011-1083,1071,The National Treasury,1071113700,Special Global Fund - HIV NFM 4,1071113701,Special Global Fund - HIV NFM 4,2210400,"Foreign Travel and Subsistence, and other transportation costs",exp,13208100,13208000,4714901,0,517,yes
fy-2026-27-development-book-volume-1-1011-1083,1071,The National Treasury,1071113700,Special Global Fund - HIV NFM 4,1071113701,Special Global Fund - HIV NFM 4,2210700,Training Expenses,exp,4714000,4713872,5473394,0,517,yes
fy-2026-27-development-book-volume-1-1011-1083,1071,The National Treasury,1071113700,Special Global Fund - HIV NFM 4,1071113701,Special Global Fund - HIV NFM 4,2210800,Hospitality Supplies and Services,exp,6000000,6000000,6844373,0,517,yes
fy-2026-27-development-book-volume-1-1011-1083,1071,The National Treasury,1071113700,Special Global Fund - HIV NFM 4,1071113701,Special Global Fund - HIV NFM 4,2210900,Insurance Costs,exp,12000000,12000000,10333730,0,517,yes
fy-2026-27-development-book-volume-1-1011-1083,1071,The National Treasury,1071113700,Special Global Fund - HIV NFM 4,1071113701,Special Global Fund - HIV NFM 4,2211000,Specialised Materials and Supplies,exp,4918507679,7553002937,8607269070,4355453211,517,yes
fy-2026-27-development-book-volume-1-1011-1083,1071,The National Treasury,1071113700,Special Global Fund - HIV NFM 4,1071113701,Special Global Fund - HIV NFM 4,2211100,Office and General Supplies and Services,exp,3200000,3200000,2322187,0,517,yes
fy-2026-27-development-book-volume-1-1011-1083,1071,The National Treasury,1071113700,Special Global Fund - HIV NFM 4,1071113701,Special Global Fund - HIV NFM 4,2211200,Fuel Oil and Lubricants,exp,1186000,1186000,786510,0,517,yes
fy-2026-27-development-book-volume-1-1011-1083,1071,The National Treasury,1071113700,Special Global Fund - HIV NFM 4,1071113701,Special Global Fund - HIV NFM 4,2211300,Other Operating Expenses,exp,572411527,556411701,606781553,0,517,yes
fy-2026-27-development-book-volume-1-1011-1083,1071,The National Treasury,1071113700,Special Global Fund - HIV NFM 4,1071113701,Special Global Fund - HIV NFM 4,2220100,Routine Maintenance - Vehicles and Other Transport Equipment,exp,3200000,3200000,1625531,0,517,yes
fy-2026-27-development-book-volume-1-1011-1083,1071,The National Treasury,1071113700,Special Global Fund - HIV NFM 4,1071113701,Special Global Fund - HIV NFM 4,2220200,Routine Maintenance - Other Assets,exp,1345000,1345120,1654133,0,517,yes
fy-2026-27-development-book-volume-1-1011-1083,1071,The National Treasury,1071113700,Special Global Fund - HIV NFM 4,1071113701,Special Global Fund - HIV NFM 4,2640500,Other Capital Grants and Transfers,exp,299600000,565081514,379277523,114146789,517,yes
fy-2026-27-development-book-volume-1-1011-1083,1071,The National Treasury,1071113700,Special Global Fund - HIV NFM 4,1071113701,Special Global Fund - HIV NFM 4,3110700,Purchase of Vehicles and Other Transport Equipment,exp,0,0,18577593,0,517,yes
fy-2026-27-development-book-volume-1-1011-1083,1071,The National Treasury,1071113700,Special Global Fund - HIV NFM 4,1071113701,Special Global Fund - HIV NFM 4,3111000,Purchase of Office Furniture and General Equipment,exp,5985000,5985000,29649678,0,517,yes
fy-2026-27-development-book-volume-1-1011-1083,1071,The National Treasury,1071113700,Special Global Fund - HIV NFM 4,1071113701,Special Global Fund - HIV NFM 4,1320200,Grants from International Organizations,aia,4125364926,6440964783,7064061281,0,517,yes
fy-2026-27-development-book-volume-1-1011-1083,1071,The National Treasury,1071113800,Special Global Fund - Malaria NFM 4,1071113801,Special Global Fund - Malaria NFM 4,2110200,Basic Wages - Temporary Employees,exp,19557649,19558040,34998917,0,517,yes
fy-2026-27-development-book-volume-1-1011-1083,1071,The National Treasury,1071113800,Special Global Fund - Malaria NFM 4,1071113801,Special Global Fund - Malaria NFM 4,2110300,Personal Allowance - Paid as Part of Salary,exp,1860000,2249540,2372894,0,517,yes
fy-2026-27-development-book-volume-1-1011-1083,1071,The National Treasury,1071113800,Special Global Fund - Malaria NFM 4,1071113801,Special Global Fund - Malaria NFM 4,2210300,"Domestic Travel and Subsistence, and Other Transportation Costs",exp,8134722,111500771,9568122,0,517,yes
fy-2026-27-development-book-volume-1-1011-1083,1071,The National Treasury,1071113800,Special Global Fund - Malaria NFM 4,1071113801,Special Global Fund - Malaria NFM 4,2210400,"Foreign Travel and Subsistence, and other transportation costs",exp,7530000,7530000,9606395,0,517,yes
fy-2026-27-development-book-volume-1-1011-1083,1071,The National Treasury,1071113800,Special Global Fund - Malaria NFM 4,1071113801,Special Global Fund - Malaria NFM 4,2210700,Training Expenses,exp,4000000,4000000,0,0,517,yes
fy-2026-27-development-book-volume-1-1011-1083,1071,The National Treasury,1071113800,Special Global Fund - Malaria NFM 4,1071113801,Special Global Fund - Malaria NFM 4,2210800,Hospitality Supplies and Services,exp,1865000,40865048,2379273,0,517,yes
fy-2026-27-development-book-volume-1-1011-1083,1071,The National Treasury,1071113800,Special Global Fund - Malaria NFM 4,1071113801,Special Global Fund - Malaria NFM 4,2210900,Insurance Costs,exp,6000000,6000000,0,0,517,yes
fy-2026-27-development-book-volume-1-1011-1083,1071,The National Treasury,1071113800,Special Global Fund - Malaria NFM 4,1071113801,Special Global Fund - Malaria NFM 4,2211000,Specialised Materials and Supplies,exp,873176453,1091311761,1934842898,505925000,517,yes
fy-2026-27-development-book-volume-1-1011-1083,1071,The National Treasury,1071113800,Special Global Fund - Malaria NFM 4,1071113801,Special Global Fund - Malaria NFM 4,2211200,Fuel Oil and Lubricants,exp,2302000,2301936,2936776,0,517,yes
fy-2026-27-development-book-volume-1-1011-1083,1071,The National Treasury,1071113800,Special Global Fund - Malaria NFM 4,1071113801,Special Global Fund - Malaria NFM 4,2211300,Other Operating Expenses,exp,48614390,891064315,198058860,0,518,yes
fy-2026-27-development-book-volume-1-1011-1083,1071,The National Treasury,1071113800,Special Global Fund - Malaria NFM 4,1071113801,Special Global Fund - Malaria NFM 4,2220100,Routine Maintenance - Vehicles and Other Transport Equipment,exp,3820000,2595060,4873364,0,518,yes
fy-2026-27-development-book-volume-1-1011-1083,1071,The National Treasury,1071113800,Special Global Fund - Malaria NFM 4,1071113801,Special Global Fund - Malaria NFM 4,2640500,Other Capital Grants and Transfers,exp,131000000,96323529,76962500,160475000,518,yes
fy-2026-27-development-book-volume-1-1011-1083,1071,The National Treasury,1071113800,Special Global Fund - Malaria NFM 4,1071113801,Special Global Fund - Malaria NFM 4,2710100,Government Pension and Retirement Benefits,exp,3200000,3200000,0,0,518,yes
fy-2026-27-development-book-volume-1-1011-1083,1071,The National Treasury,1071113800,Special Global Fund - Malaria NFM 4,1071113801,Special Global Fund - Malaria NFM 4,1320200,Grants from International Organizations,aia,508167661,1622964335,1880201343,0,518,yes
fy-2026-27-development-book-volume-1-1011-1083,1071,The National Treasury,1071114000,Disaster Recovery & Upgrade of ICT Infrastructure-KONZA,1071114001,Disaster Recovery & Upgrade of ICT Infrastructure-KONZA,2630200,Capital Grants to Government Agencies and other Levels of Government,exp,448000000,0,0,0,518,yes
fy-2026-27-development-book-volume-1-1011-1083,1071,The National Treasury,1071114100,Purchase & Refurbishment of Jubilee Insurance House,1071114101,Purchase & Refurbishment of Jubilee Insurance House,3110100,Purchase of Buildings,exp,1000000000,1160000000,0,0,518,yes
fy-2026-27-development-book-volume-1-1011-1083,1071,The National Treasury,1071114100,Purchase & Refurbishment of Jubilee Insurance House,1071114101,Purchase & Refurbishment of Jubilee Insurance House,3110300,Refurbishment of Buildings,exp,400000000,0,0,0,518,yes
fy-2026-27-development-book-volume-1-1011-1083,1071,The National Treasury,1071114200,Institutional Support to the National Treasury,1071114201,Institutional Support to the National Treasury,2640500,Other Capital Grants and Transfers,exp,62000000,40000000,40000000,40000000,518,yes
fy-2026-27-development-book-volume-1-1011-1083,1071,The National Treasury,1071114200,Institutional Support to the National Treasury,1071114201,Institutional Support to the National Treasury,1320200,Grants from International Organizations,aia,62000000,40000000,40000000,40000000,518,yes
fy-2026-27-development-book-volume-1-1011-1083,1071,The National Treasury,1071114300,"Kenya Housing Finance, Land and Sustainable Investments Project-",1071114301,"Kenya Housing Finance, Land and Sustainable Investments Project-",2110200,Basic Wages - Temporary Employees,exp,0,7000000,0,0,518,yes
fy-2026-27-development-book-volume-1-1011-1083,1071,The National Treasury,1071114300,"Kenya Housing Finance, Land and Sustainable Investments Project-",1071114301,"Kenya Housing Finance, Land and Sustainable Investments Project-",2210800,Hospitality Supplies and Services,exp,0,40000000,0,0,518,yes
fy-2026-27-development-book-volume-1-1011-1083,1071,The National Treasury,1071114300,"Kenya Housing Finance, Land and Sustainable Investments Project-",1071114301,"Kenya Housing Finance, Land and Sustainable Investments Project-",2211300,Other Operating Expenses,exp,0,10000000,0,0,519,yes
fy-2026-27-development-book-volume-1-1011-1083,1071,The National Treasury,1071114300,"Kenya Housing Finance, Land and Sustainable Investments Project-",1071114301,"Kenya Housing Finance, Land and Sustainable Investments Project-",2630200,Capital Grants to Government Agencies and other Levels of Government,exp,0,3413000000,0,0,519,yes
fy-2026-27-development-book-volume-1-1011-1083,1071,The National Treasury,1071114300,"Kenya Housing Finance, Land and Sustainable Investments Project-",1071114301,"Kenya Housing Finance, Land and Sustainable Investments Project-",3110700,Purchase of Vehicles and Other Transport Equipment,exp,0,30000000,0,0,519,yes
fy-2026-27-development-book-volume-1-1011-1083,1072,State Department for Economic Planning,1072100100,National Integrated Monitoring and Evaluation System (NIMES),1072100101,National Integrated Monitoring and Evaluation System (NIMES),2210300,"Domestic Travel and Subsistence, and Other Transportation Costs",exp,15000000,0,0,0,537,yes
fy-2026-27-development-book-volume-1-1011-1083,1072,State Department for Economic Planning,1072100100,National Integrated Monitoring and Evaluation System (NIMES),1072100101,National Integrated Monitoring and Evaluation System (NIMES),2210700,Training Expenses,exp,20000000,0,0,0,537,yes
fy-2026-27-development-book-volume-1-1011-1083,1072,State Department for Economic Planning,1072100100,National Integrated Monitoring and Evaluation System (NIMES),1072100101,National Integrated Monitoring and Evaluation System (NIMES),2210800,Hospitality Supplies and Services,exp,5000000,0,0,0,537,yes
fy-2026-27-development-book-volume-1-1011-1083,1072,State Department for Economic Planning,1072100100,National Integrated Monitoring and Evaluation System (NIMES),1072100101,National Integrated Monitoring and Evaluation System (NIMES),2211300,Other Operating Expenses,exp,60000000,200000000,20000000,20000000,537,yes
fy-2026-27-development-book-volume-1-1011-1083,1072,State Department for Economic Planning,1072100300,Support-Kenya Institute for Public Policy Research & Analysis-BETA,1072100301,Support-Kenya Institute for Public Policy Research & Analysis-BETA,2630200,Capital Grants to Government Agencies and other Levels of Government,exp,16863803,13000000,156000000,176200000,537,yes
fy-2026-27-development-book-volume-1-1011-1083,1072,State Department for Economic Planning,1072100800,ICPD Programme of Action Support - BETA,1072100801,ICPD Programme of Action Support - BETA,2630200,Capital Grants to Government Agencies and other Levels of Government,exp,80000000,40400000,280000000,480000000,537,yes
fy-2026-27-development-book-volume-1-1011-1083,1072,State Department for Economic Planning,1072100900,Data Collection and Data Base Development,1072100901,Data Collection and Database Development,2630200,Capital Grants to Government Agencies and other Levels of Government,exp,66820000,66800000,66800000,66800000,537,yes
fy-2026-27-development-book-volume-1-1011-1083,1072,State Department for Economic Planning,1072101000,Strengthening Capacity for Monitoring and Evaluation,1072101001,Strengthening Capacity for Monitoring and Evaluation,3111400,"Research, Feasibility Studies, Project Preparation and Design, Project S",exp,6000000,6000000,6000000,0,537,yes
fy-2026-27-development-book-volume-1-1011-1083,1072,State Department for Economic Planning,1072101500,National Government Constituencies Development Fund (NG-CDF)-,1072101501,National Government Constituencies Development Fund (NG-CDF)-,2630200,Capital Grants to Government Agencies and other Levels of Government,exp,58797728147,61797700000,63004400000,62720500000,538,yes
fy-2026-27-development-book-volume-1-1011-1083,1072,State Department for Economic Planning,1072108400,National Information Platform for Food and Nutrition - KNBS,1072108401,National Information Platform for Food and Nutrition - KNBS,2630200,Capital Grants to Government Agencies and other Levels of Government,exp,45302885,0,0,0,538,yes
fy-2026-27-development-book-volume-1-1011-1083,1072,State Department for Economic Planning,1072108700,Making Every Woman and Girl Count,1072108701,Making Every Woman and Girl Count,2630200,Capital Grants to Government Agencies and other Levels of Government,exp,22700000,12000000,22700000,22700000,538,yes
fy-2026-27-development-book-volume-1-1011-1083,1072,State Department for Economic Planning,1072109200,East African Regional Statistics Programme for Results - BETA,1072109201,East African Regional Statistics Programme for Results,2630200,Capital Grants to Government Agencies and other Levels of Government,exp,2885548247,341000000,1986700000,1860400000,538,yes
fy-2026-27-development-book-volume-1-1011-1083,1072,State Department for Economic Planning,1072109400,Institutional Support to KNBS,1072109401,Institutional Support to KNBS,2630200,Capital Grants to Government Agencies and other Levels of Government,exp,10000000,50000000,0,0,538,yes
fy-2026-27-development-book-volume-1-1011-1083,1072,State Department for Economic Planning,1072109400,Institutional Support to KNBS,1072109401,Institutional Support to KNBS,1310200,Grants from Foreign Governments - Direct Payments,aia,10000000,50000000,0,0,538,yes
fy-2026-27-development-book-volume-1-1011-1083,1072,State Department for Economic Planning,1072109500,Purchase of Building - Headquarters for KIPPRA,1072109501,Purchase of Building - Headquarters for KIPPRA,2630200,Capital Grants to Government Agencies and other Levels of Government,exp,180000000,0,0,0,539,yes
fy-2026-27-development-book-volume-1-1011-1083,1073,State Department for Public Investments and Assets Management,1073100100,"Upgrading, Integration of Pensions Management Information Systems",1073100101,"Upgrading, Integration of Pensions Management Information Systems",2211300,Other Operating Expenses,exp,36000000,102700000,102700000,102700000,546,yes
fy-2026-27-development-book-volume-1-1011-1083,1073,State Department for Public Investments and Assets Management,1073100200,Implementation of e-Procurement System for the Govt. of Kenya-BETA,1073100201,Implementation of e-Procurement System for the Govt. of Kenya-BETA,2211300,Other Operating Expenses,exp,450000000,250000000,450000000,450000000,546,yes
fy-2026-27-development-book-volume-1-1011-1083,1073,State Department for Public Investments and Assets Management,1073100200,Implementation of e-Procurement System for the Govt. of Kenya-BETA,1073100201,Implementation of e-Procurement System for the Govt. of Kenya-BETA,2640500,Other Capital Grants and Transfers,exp,250000000,100000000,382600000,509800000,546,yes
fy-2026-27-development-book-volume-1-1011-1083,1073,State Department for Public Investments and Assets Management,1073100300,Strategic Investment in Public Enterprises,1073100301,Consolidated Bank of Kenya Limited,2630200,Capital Grants to Government Agencies and other Levels of Government,exp,0,1125000000,0,0,546,yes
fy-2026-27-development-book-volume-1-1011-1083,1082,State Department for Medical Services,1082100100,KNH Burns and Pediatrics Centre,1082100101,KNH Burns and Pediatrics Centre,2630200,Capital Grants to Government Agencies and other Levels of Government,exp,100000000,24000000,0,0,554,yes
fy-2026-27-development-book-volume-1-1011-1083,1082,State Department for Medical Services,1082100100,KNH Burns and Pediatrics Centre,1082100101,KNH Burns and Pediatrics Centre,3110200,Construction of Building,exp,20000000,205000000,0,0,554,yes
fy-2026-27-development-book-volume-1-1011-1083,1082,State Department for Medical Services,1082100100,KNH Burns and Pediatrics Centre,1082100101,KNH Burns and Pediatrics Centre,5120200,Foreign Borrowing - Direct Payments,aia,20000000,205000000,0,0,554,yes
fy-2026-27-development-book-volume-1-1011-1083,1082,State Department for Medical Services,1082100100,KNH Burns and Pediatrics Centre,1082100102,OPEC Fund for International Development Contribution,2630200,Capital Grants to Government Agencies and other Levels of Government,exp,100000000,24000000,0,0,554,yes
fy-2026-27-development-book-volume-1-1011-1083,1082,State Department for Medical Services,1082100100,KNH Burns and Pediatrics Centre,1082100102,OPEC Fund for International Development Contribution,3110200,Construction of Building,exp,20000000,5000000,0,0,554,yes
fy-2026-27-development-book-volume-1-1011-1083,1082,State Department for Medical Services,1082100100,KNH Burns and Pediatrics Centre,1082100102,OPEC Fund for International Development Contribution,5120200,Foreign Borrowing - Direct Payments,aia,20000000,5000000,0,0,554,yes
fy-2026-27-development-book-volume-1-1011-1083,1082,State Department for Medical Services,1082100100,KNH Burns and Pediatrics Centre,1082100103,BADEA Contribution,2630200,Capital Grants to Government Agencies and other Levels of Government,exp,100000000,24000000,0,0,554,yes
fy-2026-27-development-book-volume-1-1011-1083,1082,State Department for Medical Services,1082100100,KNH Burns and Pediatrics Centre,1082100103,BADEA Contribution,3110200,Construction of Building,exp,20000000,205000000,0,0,554,yes
fy-2026-27-development-book-volume-1-1011-1083,1082,State Department for Medical Services,1082100100,KNH Burns and Pediatrics Centre,1082100103,BADEA Contribution,5120200,Foreign Borrowing - Direct Payments,aia,20000000,205000000,0,0,554,yes
fy-2026-27-development-book-volume-1-1011-1083,1082,State Department for Medical Services,1082100200,National Commodities Storage Center (KEMSA),1082100201,National Commodities Storage Center (KEMSA),2630200,Capital Grants to Government Agencies and other Levels of Government,exp,0,120000000,120000000,180000000,554,yes
fy-2026-27-development-book-volume-1-1011-1083,1082,State Department for Medical Services,1082100300,East Africa's Centre of Excellence for Skills & Tertiary Education,1082100301,East Africa's Centre of Excellence for Skills & Tertiary Education,2630200,Capital Grants to Government Agencies and other Levels of Government,exp,218605217,0,0,0,554,yes
fy-2026-27-development-book-volume-1-1011-1083,1082,State Department for Medical Services,1082100300,East Africa's Centre of Excellence for Skills & Tertiary Education,1082100301,East Africa's Centre of Excellence for Skills & Tertiary Education,5120200,Foreign Borrowing - Direct Payments,aia,3605217,0,0,0,554,yes
fy-2026-27-development-book-volume-1-1011-1083,1082,State Department for Medical Services,1082100500,Managed Equipment Service-Hire of Medical Equipment for 98,1082100501,Managed Equipment Service-Hire of Medical Equipment for 98,2630200,Capital Grants to Government Agencies and other Levels of Government,exp,380000000,0,0,0,555,yes
fy-2026-27-development-book-volume-1-1011-1083,1082,State Department for Medical Services,1082100700,Renovation/Equipping Buildings-Mathari Teaching & Referral Hospital,1082100701,Renovation/Equipping Buildings-Mathari Teaching & Referral Hospital,2630200,Capital Grants to Government Agencies and other Levels of Government,exp,100000000,200000000,401450000,617300000,555,yes
fy-2026-27-development-book-volume-1-1011-1083,1082,State Department for Medical Services,1082100800,Renovation & Equipping of National Spinal Injury Hospital,1082100801,Renovation & Equipping of National Spinal Injury Hospital,3110200,Construction of Building,exp,0,150105635,600000000,700000000,555,yes
fy-2026-27-development-book-volume-1-1011-1083,1082,State Department for Medical Services,1082100900,Procurement of Equipment at the National Blood Transfusion Services,1082100901,Procurement of Equipment at the National Blood Transfusion Services,2211000,Specialised Materials and Supplies,exp,900000000,600000000,1000000000,1200000000,555,yes
fy-2026-27-development-book-volume-1-1011-1083,1082,State Department for Medical Services,1082101100,Cancer & Chronic Disease Management Centre MTRH,1082101101,Cancer & Chronic Disease Management Centre MTRH,2630200,Capital Grants to Government Agencies and other Levels of Government,exp,0,72000000,75000000,85000000,555,yes
fy-2026-27-development-book-volume-1-1011-1083,1082,State Department for Medical Services,1082101200,Construction and Equipping Children Hospital- MTRH,1082101201,Construction and Equipping Children Hospital- MTRH,2630200,Capital Grants to Government Agencies and other Levels of Government,exp,0,0,50000000,50000000,556,yes
fy-2026-27-development-book-volume-1-1011-1083,1082,State Department for Medical Services,1082101300,Equipping Maternity Unit (Mother & Baby Hospital),1082101301,Equipping Maternity Unit (Mother & Baby Hospital),2630200,Capital Grants to Government Agencies and other Levels of Government,exp,0,0,70000000,50000000,556,yes
fy-2026-27-development-book-volume-1-1011-1083,1082,State Department for Medical Services,1082101400,Expansion and Equipping of ICU-MTRH,1082101401,Expansion and Equipping of ICU-MTRH,2630200,Capital Grants to Government Agencies and other Levels of Government,exp,0,0,75000000,30000000,556,yes
fy-2026-27-development-book-volume-1-1011-1083,1082,State Department for Medical Services,1082101500,Construction and upgrading of KEMRI Laboratories,1082101502,KEMRI Laboratories - Kirinyaga,2630200,Capital Grants to Government Agencies and other Levels of Government,exp,70000000,80000000,170000000,250000000,556,yes
fy-2026-27-development-book-volume-1-1011-1083,1082,State Department for Medical Services,1082101500,Construction and upgrading of KEMRI Laboratories,1082101503,KEMRI Laboratories - Kombewa,2630200,Capital Grants to Government Agencies and other Levels of Government,exp,90000000,65000000,130000000,150000000,556,yes
fy-2026-27-development-book-volume-1-1011-1083,1082,State Department for Medical Services,1082101700,Construction of a Cancer Centre at Kisii Level 5 Hospital,1082101701,Construction of a Cancer Centre at Kisii Level 5 Hospital,2211300,Other Operating Expenses,exp,0,36000000,80000000,0,556,yes
fy-2026-27-development-book-volume-1-1011-1083,1082,State Department for Medical Services,1082101700,Construction of a Cancer Centre at Kisii Level 5 Hospital,1082101701,Construction of a Cancer Centre at Kisii Level 5 Hospital,3110200,Construction of Building,exp,460000000,980000000,1000000000,0,556,yes
fy-2026-27-development-book-volume-1-1011-1083,1082,State Department for Medical Services,1082101700,Construction of a Cancer Centre at Kisii Level 5 Hospital,1082101701,Construction of a Cancer Centre at Kisii Level 5 Hospital,5120200,Foreign Borrowing - Direct Payments,aia,460000000,980000000,990000000,0,557,yes
fy-2026-27-development-book-volume-1-1011-1083,1082,State Department for Medical Services,1082101800,Strengthening of Cancer Management at KNH,1082101801,Strengthening of Cancer Management at KNH,2630200,Capital Grants to Government Agencies and other Levels of Government,exp,100000000,300000000,500000000,1000000000,557,yes
fy-2026-27-development-book-volume-1-1011-1083,1082,State Department for Medical Services,1082101900,Research and Development - KEMRI,1082101901,Research and Development - KEMRI,2630200,Capital Grants to Government Agencies and other Levels of Government,exp,0,150000000,300000000,200000000,557,yes
fy-2026-27-development-book-volume-1-1011-1083,1082,State Department for Medical Services,1082102100,Construction of the Second Tower- Gatundu Level V Hospital,1082102101,Construction of the Second Tower- Gatundu Level V Hospital,2630200,Capital Grants to Government Agencies and other Levels of Government,exp,0,120000000,80000000,100000000,557,yes
fy-2026-27-development-book-volume-1-1011-1083,1082,State Department for Medical Services,1082102200,Infrastructural Support to Kigumo Hospital,1082102201,Infrastructural Support to Kigumo Hospital,2630200,Capital Grants to Government Agencies and other Levels of Government,exp,0,40000000,30000000,130000000,557,yes
fy-2026-27-development-book-volume-1-1011-1083,1082,State Department for Medical Services,1082102400,Refurbishment/Renovation and Replacement of Obsolete Equipment -,1082102401,Refurbishment/Renovation and Replacement of Obsolete Equipment -,2630200,Capital Grants to Government Agencies and other Levels of Government,exp,100000000,300000000,1000000000,1500000000,557,yes
fy-2026-27-development-book-volume-1-1011-1083,1082,State Department for Medical Services,1082102500,Expansion of Comprehensive Cancer Centre - KUTRRH,1082102501,Expansion of Comprehensive Cancer Centre - KUTRRH,2630200,Capital Grants to Government Agencies and other Levels of Government,exp,100000000,150000000,250000000,350000000,558,yes
fy-2026-27-development-book-volume-1-1011-1083,1082,State Department for Medical Services,1082102600,Construction and Equipping of Children Hospital at KUTRRH,1082102601,Construction and Equipping of Children Hospital at KUTRRH,2630200,Capital Grants to Government Agencies and other Levels of Government,exp,0,0,50000000,300000000,558,yes
fy-2026-27-development-book-volume-1-1011-1083,1082,State Department for Medical Services,1082103000,Digital Health Platform,1082103001,Digital Health Platform,2630200,Capital Grants to Government Agencies and other Levels of Government,exp,0,0,950000000,400000000,558,yes
fy-2026-27-development-book-volume-1-1011-1083,1082,State Department for Medical Services,1082103100,Procurement of Family Planning & Reproductive Health Commodities,1082103101,Procurement of Family Planning & Reproductive Health Commodities,2640500,Other Capital Grants and Transfers,exp,520000000,500000000,700000000,1200000000,558,yes
fy-2026-27-development-book-volume-1-1011-1083,1082,State Department for Medical Services,1082103600,Kenya COVID-19 Emergency Response Project,1082103601,Kenya COVID-19 Emergency Response Project,2640200,Emergency Relief and Refugee Assistance,exp,8180000000,0,0,0,558,yes
fy-2026-27-development-book-volume-1-1011-1083,1082,State Department for Medical Services,1082103600,Kenya COVID-19 Emergency Response Project,1082103601,Kenya COVID-19 Emergency Response Project,5120200,Foreign Borrowing - Direct Payments,aia,8180000000,0,0,0,558,yes
fy-2026-27-development-book-volume-1-1011-1083,1082,State Department for Medical Services,1082103800,Vaccines Programme,1082103801,Vaccines Programme,2211000,Specialised Materials and Supplies,exp,2600000000,1760000000,1760000000,1260000000,559,yes
fy-2026-27-development-book-volume-1-1011-1083,1082,State Department for Medical Services,1082103800,Vaccines Programme,1082103801,Vaccines Programme,2640500,Other Capital Grants and Transfers,exp,4600000000,4600000000,4600000000,4600000000,559,yes
fy-2026-27-development-book-volume-1-1011-1083,1082,State Department for Medical Services,1082103800,Vaccines Programme,1082103801,Vaccines Programme,1320100,Grants from International Organizations - Cash through Exchequer,aia,2600000000,1760000000,1760000000,1260000000,559,yes
fy-2026-27-development-book-volume-1-1011-1083,1082,State Department for Medical Services,1082103800,Vaccines Programme,1082103802,Health and Immunization Strengthening Project,2211300,Other Operating Expenses,exp,27000000,0,0,0,559,yes
fy-2026-27-development-book-volume-1-1011-1083,1082,State Department for Medical Services,1082103900,Supply of Medical Equipmnt & Fight for Maternal & Infant Mortality,1082103901,Supply of Medical Equipmnt & Fight for Maternal & Infant Mortality,2640500,Other Capital Grants and Transfers,exp,125000000,100000000,100000000,50000000,559,yes
fy-2026-27-development-book-volume-1-1011-1083,1082,State Department for Medical Services,1082103900,Supply of Medical Equipmnt & Fight for Maternal & Infant Mortality,1082103901,Supply of Medical Equipmnt & Fight for Maternal & Infant Mortality,5120200,Foreign Borrowing - Direct Payments,aia,125000000,100000000,100000000,50000000,559,yes
fy-2026-27-development-book-volume-1-1011-1083,1082,State Department for Medical Services,1082104300,Primary Health Care in the Devolved Context,1082104301,Primary Health Care in the Devolved Context,2630200,Capital Grants to Government Agencies and other Levels of Government,exp,578000000,36400000,0,0,559,yes
fy-2026-27-development-book-volume-1-1011-1083,1082,State Department for Medical Services,1082104300,Primary Health Care in the Devolved Context,1082104301,Primary Health Care in the Devolved Context,1310100,Grants from Foreign Governments - Cash Through Exchequer,aia,0,20000000,0,0,559,yes
fy-2026-27-development-book-volume-1-1011-1083,1082,State Department for Medical Services,1082104400,Human Vaccine Production - BETA,1082104401,Human Vaccine Production,2630200,Capital Grants to Government Agencies and other Levels of Government,exp,100000000,244000000,300000000,0,559,yes
fy-2026-27-development-book-volume-1-1011-1083,1082,State Department for Medical Services,1082104500,Upgrading of Maternal &New Born Units Project-VAMED-FINLAND,1082104501,Upgrading of Maternal &New Born Units Project-VAMED-FINLAND,2630200,Capital Grants to Government Agencies and other Levels of Government,exp,715000000,52000000,610000000,10000000,560,yes
fy-2026-27-development-book-volume-1-1011-1083,1082,State Department for Medical Services,1082104500,Upgrading of Maternal &New Born Units Project-VAMED-FINLAND,1082104501,Upgrading of Maternal &New Born Units Project-VAMED-FINLAND,5120200,Foreign Borrowing - Direct Payments,aia,500000000,52000000,10000000,10000000,560,yes
fy-2026-27-development-book-volume-1-1011-1083,1082,State Department for Medical Services,1082104500,Upgrading of Maternal &New Born Units Project-VAMED-FINLAND,1082104501,Upgrading of Maternal &New Born Units Project-VAMED-FINLAND,1310200,Grants from Foreign Governments - Direct Payments,aia,215000000,0,600000000,0,560,yes
fy-2026-27-development-book-volume-1-1011-1083,1082,State Department for Medical Services,1082104700,EA's Centres of Excel. for Skills & Tertiary Edu. in Biosciences- II,1082104701,EA's Centres of Excel. for Skills & Tertiary Edu. in Biosciences- II,2211300,Other Operating Expenses,exp,0,134000000,170000000,200000000,560,yes
fy-2026-27-development-book-volume-1-1011-1083,1082,State Department for Medical Services,1082104700,EA's Centres of Excel. for Skills & Tertiary Edu. in Biosciences- II,1082104701,EA's Centres of Excel. for Skills & Tertiary Edu. in Biosciences- II,2630200,Capital Grants to Government Agencies and other Levels of Government,exp,1050000000,838000000,90000000,308000000,560,yes
fy-2026-27-development-book-volume-1-1011-1083,1082,State Department for Medical Services,1082104700,EA's Centres of Excel. for Skills & Tertiary Edu. in Biosciences- II,1082104701,EA's Centres of Excel. for Skills & Tertiary Edu. in Biosciences- II,5120200,Foreign Borrowing - Direct Payments,aia,1000000000,788000000,40000000,40000000,560,yes
fy-2026-27-development-book-volume-1-1011-1083,1082,State Department for Medical Services,1082104800,GoK/ UNFPA 10th Country Programme - MoH NSDCC HIV,1082104801,GoK/ UNFPA 10th Country Programme - MoH NSDCC HIV,2630200,Capital Grants to Government Agencies and other Levels of Government,exp,10000000,10000000,10000000,0,560,yes
fy-2026-27-development-book-volume-1-1011-1083,1082,State Department for Medical Services,1082104900,Integrated Reproductive Health Programme,1082104901,Integrated Reproductive Health Programme,2630200,Capital Grants to Government Agencies and other Levels of Government,exp,100000000,1250000000,1367000000,50000000,560,yes
fy-2026-27-development-book-volume-1-1011-1083,1082,State Department for Medical Services,1082104900,Integrated Reproductive Health Programme,1082104901,Integrated Reproductive Health Programme,1320100,Grants from International Organizations - Cash through Exchequer,aia,50000000,1150000000,1317000000,0,560,yes
fy-2026-27-development-book-volume-1-1011-1083,1082,State Department for Medical Services,1082105000,Upgrading of Children Ward - Kibugua Level 3 Hosptal,1082105001,Upgrading of Children Ward - Kibugua Level 3 Hosptal,2630200,Capital Grants to Government Agencies and other Levels of Government,exp,50000000,0,0,0,561,yes
fy-2026-27-development-book-volume-1-1011-1083,1082,State Department for Medical Services,1082105000,Upgrading of Children Ward - Kibugua Level 3 Hosptal,1082105001,Upgrading of Children Ward - Kibugua Level 3 Hosptal,3110200,Construction of Building,exp,50000000,0,53000000,200000000,561,yes
fy-2026-27-development-book-volume-1-1011-1083,1082,State Department for Medical Services,1082105100,Upgrading & Equipping of Maternal & New Born Ward -Endebess,1082105101,Upgrading & Equipping of Maternal & New Born Ward - Endebess,2630200,Capital Grants to Government Agencies and other Levels of Government,exp,20000000,0,0,0,561,yes
fy-2026-27-development-book-volume-1-1011-1083,1082,State Department for Medical Services,1082105100,Upgrading & Equipping of Maternal & New Born Ward -Endebess,1082105101,Upgrading & Equipping of Maternal & New Born Ward - Endebess,3110200,Construction of Building,exp,50000000,0,50000000,100000000,561,yes
fy-2026-27-development-book-volume-1-1011-1083,1082,State Department for Medical Services,1082105200,Construction of Private Wing Inpatient Complex - MTRH,1082105201,Construction of Private Wing Inpatient Complex - MTRH,2630200,Capital Grants to Government Agencies and other Levels of Government,exp,0,0,50000000,150000000,561,yes
fy-2026-27-development-book-volume-1-1011-1083,1082,State Department for Medical Services,1082105300,Procurement of Specialized Medical Equipment - MTRH,1082105301,Procurement of Specialized Medical Equipment - MTRH,2630200,Capital Grants to Government Agencies and other Levels of Government,exp,0,0,50000000,150000000,561,yes
fy-2026-27-development-book-volume-1-1011-1083,1082,State Department for Medical Services,1082105400,Supply of Cyflow CD4 Counter Instruments,1082105401,Supply of Cyflow CD4 Counter Instruments,2630200,Capital Grants to Government Agencies and other Levels of Government,exp,50000000,0,0,0,561,yes
fy-2026-27-development-book-volume-1-1011-1083,1082,State Department for Medical Services,1082105500,Supply of Medical Supplies and Commodities - Vulcan Pending Bill,1082105501,Supply of Medical Supplies and Commodities - Vulcan Pending Bill,2630200,Capital Grants to Government Agencies and other Levels of Government,exp,140000000,0,0,0,562,yes
fy-2026-27-development-book-volume-1-1011-1083,1082,State Department for Medical Services,1082105600,Upgrading and Equiping of Lusigetti Hospital Kikuyu,1082105601,Upgrading and Equiping of Lusigetti Hospital Kikuyu,2630200,Capital Grants to Government Agencies and other Levels of Government,exp,48000000,0,0,200000000,562,yes
fy-2026-27-development-book-volume-1-1011-1083,1082,State Department for Medical Services,1082106000,Acquisition of Speciliazed Medical Equipment CHP,1082106001,Acquisition of Speciliazed Medical Equipment CHP,3111100,"Purchase of Specialised Plant, Equipment and Machinery",exp,500000000,700000000,1200000000,1200000000,562,yes
fy-2026-27-development-book-volume-1-1011-1083,1082,State Department for Medical Services,1082106200,"Health emergency Preparedness, Response & Resilience Program",1082106201,"Health emergency Preparedness, Response & Resilience Program",2630200,Capital Grants to Government Agencies and other Levels of Government,exp,200000000,700000000,978000000,332000000,562,yes
fy-2026-27-development-book-volume-1-1011-1083,1082,State Department for Medical Services,1082106200,"Health emergency Preparedness, Response & Resilience Program",1082106201,"Health emergency Preparedness, Response & Resilience Program",5120200,Foreign Borrowing - Direct Payments,aia,100000000,300000000,478000000,32000000,562,yes
fy-2026-27-development-book-volume-1-1011-1083,1082,State Department for Medical Services,1082107300,Procument of Specialized Equipment,1082107301,Procument of Specialized Equipment - KNH,2630200,Capital Grants to Government Agencies and other Levels of Government,exp,450000000,0,0,0,562,yes
fy-2026-27-development-book-volume-1-1011-1083,1082,State Department for Medical Services,1082107400,Construction and Equipping of Health Centres,1082107401,Mt. Elgon Hospital,2630200,Capital Grants to Government Agencies and other Levels of Government,exp,10000000,0,0,0,563,yes
fy-2026-27-development-book-volume-1-1011-1083,1082,State Department for Medical Services,1082107400,Construction and Equipping of Health Centres,1082107403,Mogotio Health Centre,2630200,Capital Grants to Government Agencies and other Levels of Government,exp,20000000,0,0,0,563,yes
fy-2026-27-development-book-volume-1-1011-1083,1082,State Department for Medical Services,1082107400,Construction and Equipping of Health Centres,1082107406,Lukusi Health Centre,2630200,Capital Grants to Government Agencies and other Levels of Government,exp,40000000,0,0,0,563,yes
fy-2026-27-development-book-volume-1-1011-1083,1082,State Department for Medical Services,1082107400,Construction and Equipping of Health Centres,1082107408,Kegonga Level IV Hospital,2630200,Capital Grants to Government Agencies and other Levels of Government,exp,290000000,0,0,0,563,yes
fy-2026-27-development-book-volume-1-1011-1083,1082,State Department for Medical Services,1082107400,Construction and Equipping of Health Centres,1082107409,Bugumbe Health Centre,2630200,Capital Grants to Government Agencies and other Levels of Government,exp,85000000,0,0,0,563,yes
fy-2026-27-development-book-volume-1-1011-1083,1082,State Department for Medical Services,1082107400,Construction and Equipping of Health Centres,1082107410,Chebirir Health Centre,2630200,Capital Grants to Government Agencies and other Levels of Government,exp,30000000,0,0,0,563,yes
fy-2026-27-development-book-volume-1-1011-1083,1082,State Department for Medical Services,1082107400,Construction and Equipping of Health Centres,1082107411,Wamba Health Centre,2630200,Capital Grants to Government Agencies and other Levels of Government,exp,20000000,0,0,0,563,yes
fy-2026-27-development-book-volume-1-1011-1083,1082,State Department for Medical Services,1082107400,Construction and Equipping of Health Centres,1082107412,Khwisero Level IV Hospital,2630200,Capital Grants to Government Agencies and other Levels of Government,exp,40000000,0,0,0,563,yes
fy-2026-27-development-book-volume-1-1011-1083,1082,State Department for Medical Services,1082107400,Construction and Equipping of Health Centres,1082107422,Sankuri Health Centre,2630200,Capital Grants to Government Agencies and other Levels of Government,exp,20000000,0,0,0,563,yes
fy-2026-27-development-book-volume-1-1011-1083,1082,State Department for Medical Services,1082107400,Construction and Equipping of Health Centres,1082107423,Mur Malanga Level 3 Hospital,2630200,Capital Grants to Government Agencies and other Levels of Government,exp,40000000,0,0,0,563,yes
fy-2026-27-development-book-volume-1-1011-1083,1082,State Department for Medical Services,1082107400,Construction and Equipping of Health Centres,1082107438,Kapsengere Dispensary,2630200,Capital Grants to Government Agencies and other Levels of Government,exp,20000000,0,0,0,564,yes
fy-2026-27-development-book-volume-1-1011-1083,1082,State Department for Medical Services,1082107400,Construction and Equipping of Health Centres,1082107439,Salient Kipkaren Health Center,2630200,Capital Grants to Government Agencies and other Levels of Government,exp,20000000,0,0,0,564,yes
fy-2026-27-development-book-volume-1-1011-1083,1082,State Department for Medical Services,1082107400,Construction and Equipping of Health Centres,1082107440,Porojko Health Center,2630200,Capital Grants to Government Agencies and other Levels of Government,exp,20000000,0,0,0,564,yes
fy-2026-27-development-book-volume-1-1011-1083,1082,State Department for Medical Services,1082107400,Construction and Equipping of Health Centres,1082107441,Kajuki Dispensary,2630200,Capital Grants to Government Agencies and other Levels of Government,exp,30000000,0,0,0,564,yes
fy-2026-27-development-book-volume-1-1011-1083,1082,State Department for Medical Services,1082107400,Construction and Equipping of Health Centres,1082107442,Kitum Health Center,2630200,Capital Grants to Government Agencies and other Levels of Government,exp,40000000,0,0,0,564,yes
fy-2026-27-development-book-volume-1-1011-1083,1082,State Department for Medical Services,1082107400,Construction and Equipping of Health Centres,1082107443,Nyaribu Dispensary,2630200,Capital Grants to Government Agencies and other Levels of Government,exp,40000000,0,0,0,564,yes
fy-2026-27-development-book-volume-1-1011-1083,1082,State Department for Medical Services,1082107400,Construction and Equipping of Health Centres,1082107444,Nyalenda Health Center,2630200,Capital Grants to Government Agencies and other Levels of Government,exp,45000000,0,0,0,564,yes
fy-2026-27-development-book-volume-1-1011-1083,1082,State Department for Medical Services,1082107400,Construction and Equipping of Health Centres,1082107445,Emusanda Health Center,2630200,Capital Grants to Government Agencies and other Levels of Government,exp,20000000,0,0,0,564,yes
fy-2026-27-development-book-volume-1-1011-1083,1082,State Department for Medical Services,1082107400,Construction and Equipping of Health Centres,1082107446,Irigiro Health Center,2630200,Capital Grants to Government Agencies and other Levels of Government,exp,20000000,0,0,0,564,yes
fy-2026-27-development-book-volume-1-1011-1083,1082,State Department for Medical Services,1082107400,Construction and Equipping of Health Centres,1082107447,Urenga Health Center,2630200,Capital Grants to Government Agencies and other Levels of Government,exp,30000000,0,0,0,564,yes
fy-2026-27-development-book-volume-1-1011-1083,1082,State Department for Medical Services,1082107400,Construction and Equipping of Health Centres,1082107448,Loosuk Health Center,2630200,Capital Grants to Government Agencies and other Levels of Government,exp,40000000,0,0,0,565,yes
fy-2026-27-development-book-volume-1-1011-1083,1082,State Department for Medical Services,1082107400,Construction and Equipping of Health Centres,1082107449,Lower Solai Health Center,2630200,Capital Grants to Government Agencies and other Levels of Government,exp,20000000,0,0,0,565,yes
fy-2026-27-development-book-volume-1-1011-1083,1082,State Department for Medical Services,1082107400,Construction and Equipping of Health Centres,1082107450,Bulla Nzuri Maternity,2630200,Capital Grants to Government Agencies and other Levels of Government,exp,10000000,7700000,0,0,565,yes
fy-2026-27-development-book-volume-1-1011-1083,1082,State Department for Medical Services,1082107400,Construction and Equipping of Health Centres,1082107451,Modern Outpatient Unit at Bour Algi Heath Centre,2630200,Capital Grants to Government Agencies and other Levels of Government,exp,10000000,7700000,0,0,565,yes
fy-2026-27-development-book-volume-1-1011-1083,1082,State Department for Medical Services,1082107400,Construction and Equipping of Health Centres,1082107452,Construction of Maternity Block with Theatre at Bulla Madina Health,2630200,Capital Grants to Government Agencies and other Levels of Government,exp,20000000,7700000,0,0,565,yes
fy-2026-27-development-book-volume-1-1011-1083,1082,State Department for Medical Services,1082107400,Construction and Equipping of Health Centres,1082107453,Diribor Health Centre,2630200,Capital Grants to Government Agencies and other Levels of Government,exp,10000000,4600000,0,0,565,yes
fy-2026-27-development-book-volume-1-1011-1083,1082,State Department for Medical Services,1082107400,Construction and Equipping of Health Centres,1082107454,Cheberen Mogotio Health Centre,2630200,Capital Grants to Government Agencies and other Levels of Government,exp,10000000,0,0,0,565,yes
fy-2026-27-development-book-volume-1-1011-1083,1082,State Department for Medical Services,1082107400,Construction and Equipping of Health Centres,1082107455,Kilgoris Health centre,2630200,Capital Grants to Government Agencies and other Levels of Government,exp,20000000,0,0,0,565,yes
fy-2026-27-development-book-volume-1-1011-1083,1082,State Department for Medical Services,1082107400,Construction and Equipping of Health Centres,1082107456,Ekambuli Health Centre,2630200,Capital Grants to Government Agencies and other Levels of Government,exp,10000000,0,0,0,565,yes
fy-2026-27-development-book-volume-1-1011-1083,1082,State Department for Medical Services,1082107400,Construction and Equipping of Health Centres,1082107457,Kaanwa Health Centre,2630200,Capital Grants to Government Agencies and other Levels of Government,exp,20000000,0,0,0,565,yes
fy-2026-27-development-book-volume-1-1011-1083,1082,State Department for Medical Services,1082107400,Construction and Equipping of Health Centres,1082107458,Kanyakine,2630200,Capital Grants to Government Agencies and other Levels of Government,exp,20000000,0,0,0,565,yes
fy-2026-27-development-book-volume-1-1011-1083,1082,State Department for Medical Services,1082107400,Construction and Equipping of Health Centres,1082107459,Lwanda level 3 Hospital,2640500,Other Capital Grants and Transfers,exp,75000000,0,0,0,566,yes
fy-2026-27-development-book-volume-1-1011-1083,1082,State Department for Medical Services,1082107400,Construction and Equipping of Health Centres,1082107460,Urenga Hospital,2640500,Other Capital Grants and Transfers,exp,10000000,0,0,0,566,yes
fy-2026-27-development-book-volume-1-1011-1083,1082,State Department for Medical Services,1082107400,Construction and Equipping of Health Centres,1082107461,Kocholwo Sub-County Hospital upgrade,2630200,Capital Grants to Government Agencies and other Levels of Government,exp,0,50000000,0,0,566,yes
fy-2026-27-development-book-volume-1-1011-1083,1082,State Department for Medical Services,1082107400,Construction and Equipping of Health Centres,1082107462,Kapchemutta Health Centre upgrade,2630200,Capital Grants to Government Agencies and other Levels of Government,exp,0,50000000,0,0,566,yes
fy-2026-27-development-book-volume-1-1011-1083,1082,State Department for Medical Services,1082107600,"Reproductive, Maternal, Neonatal Child & Adolescent Health Project",1082107601,"Reproductive, Maternal, Neonatal Child & Adolescent Health Project",2211000,Specialised Materials and Supplies,exp,1100000000,0,0,0,566,yes
fy-2026-27-development-book-volume-1-1011-1083,1082,State Department for Medical Services,1082107600,"Reproductive, Maternal, Neonatal Child & Adolescent Health Project",1082107601,"Reproductive, Maternal, Neonatal Child & Adolescent Health Project",2630200,Capital Grants to Government Agencies and other Levels of Government,exp,0,3800000000,3800000000,3484000000,566,yes
fy-2026-27-development-book-volume-1-1011-1083,1082,State Department for Medical Services,1082107600,"Reproductive, Maternal, Neonatal Child & Adolescent Health Project",1082107601,"Reproductive, Maternal, Neonatal Child & Adolescent Health Project",3110300,Refurbishment of Buildings,exp,380000000,0,0,0,566,yes
fy-2026-27-development-book-volume-1-1011-1083,1082,State Department for Medical Services,1082107600,"Reproductive, Maternal, Neonatal Child & Adolescent Health Project",1082107601,"Reproductive, Maternal, Neonatal Child & Adolescent Health Project",3111100,"Purchase of Specialised Plant, Equipment and Machinery",exp,1000000000,0,0,0,566,yes
fy-2026-27-development-book-volume-1-1011-1083,1082,State Department for Medical Services,1082107600,"Reproductive, Maternal, Neonatal Child & Adolescent Health Project",1082107601,"Reproductive, Maternal, Neonatal Child & Adolescent Health Project",3111400,"Research, Feasibility Studies, Project Preparation and Design, Project S",exp,900000000,0,0,0,566,yes
fy-2026-27-development-book-volume-1-1011-1083,1082,State Department for Medical Services,1082107700,Special Global Fund HIV Grant-NFM4,1082107702,Special Global Fund HIV Grant-NFM4-NSDCC,2630200,Capital Grants to Government Agencies and other Levels of Government,exp,160000000,260000000,57000000,0,566,yes
fy-2026-27-development-book-volume-1-1011-1083,1082,State Department for Medical Services,1082107700,Special Global Fund HIV Grant-NFM4,1082107703,Special Global Fund HIV Grant-NFM4-NASCOP,2630200,Capital Grants to Government Agencies and other Levels of Government,exp,2720068600,3040000000,4115000000,3000000000,566,yes
fy-2026-27-development-book-volume-1-1011-1083,1082,State Department for Medical Services,1082107800,Construction and Equipping of Level 4 Hospitals,1082107805,Olokurto Level 4 Hospital - Narok,2630200,Capital Grants to Government Agencies and other Levels of Government,exp,50000000,0,0,0,567,yes
fy-2026-27-development-book-volume-1-1011-1083,1082,State Department for Medical Services,1082107800,Construction and Equipping of Level 4 Hospitals,1082107806,Sogoo Level 4 Hospital - Narok,2630200,Capital Grants to Government Agencies and other Levels of Government,exp,100000000,0,0,0,567,yes
fy-2026-27-development-book-volume-1-1011-1083,1082,State Department for Medical Services,1082107800,Construction and Equipping of Level 4 Hospitals,1082107810,Miftin Level IV Hospital,2630200,Capital Grants to Government Agencies and other Levels of Government,exp,10000000,0,0,0,567,yes
fy-2026-27-development-book-volume-1-1011-1083,1082,State Department for Medical Services,1082107800,Construction and Equipping of Level 4 Hospitals,1082107811,Malela Level IV Hospital,2630200,Capital Grants to Government Agencies and other Levels of Government,exp,40000000,0,0,0,567,yes
fy-2026-27-development-book-volume-1-1011-1083,1082,State Department for Medical Services,1082107800,Construction and Equipping of Level 4 Hospitals,1082107813,Magunga level 4 Hospital,2640500,Other Capital Grants and Transfers,exp,100000000,0,0,0,567,yes
fy-2026-27-development-book-volume-1-1011-1083,1082,State Department for Medical Services,1082107800,Construction and Equipping of Level 4 Hospitals,1082107814,Nyagoro level 4 Hospital,2640500,Other Capital Grants and Transfers,exp,75000000,0,0,0,567,yes
fy-2026-27-development-book-volume-1-1011-1083,1082,State Department for Medical Services,1082107800,Construction and Equipping of Level 4 Hospitals,1082107815,Nyamaraga level 4 Hospital,2640500,Other Capital Grants and Transfers,exp,50000000,0,0,0,567,yes
fy-2026-27-development-book-volume-1-1011-1083,1082,State Department for Medical Services,1082108600,Infrastructure Upgrade-Jaramogi Oginga Odinga Teaching & Ref. Hos,1082108601,Infrastructure Upgrade-Jaramogi Oginga Odinga Teaching & Ref. Hos,2630200,Capital Grants to Government Agencies and other Levels of Government,exp,230000000,0,50000000,300000000,567,yes
fy-2026-27-development-book-volume-1-1011-1083,1082,State Department for Medical Services,1082108600,Infrastructure Upgrade-Jaramogi Oginga Odinga Teaching & Ref. Hos,1082108602,Establishment of Hematology and BMT Centre,2630200,Capital Grants to Government Agencies and other Levels of Government,exp,0,61000000,155000000,285000000,567,yes
fy-2026-27-development-book-volume-1-1011-1083,1082,State Department for Medical Services,1082108600,Infrastructure Upgrade-Jaramogi Oginga Odinga Teaching & Ref. Hos,1082108603,Establishment of Cath lab Phase II,2630200,Capital Grants to Government Agencies and other Levels of Government,exp,0,40000000,80000000,200000000,568,yes
fy-2026-27-development-book-volume-1-1011-1083,1082,State Department for Medical Services,1082108600,Infrastructure Upgrade-Jaramogi Oginga Odinga Teaching & Ref. Hos,1082108604,Modernization and equipping of theatres Phase II,2630200,Capital Grants to Government Agencies and other Levels of Government,exp,0,54000000,25000000,0,568,yes
fy-2026-27-development-book-volume-1-1011-1083,1082,State Department for Medical Services,1082108600,Infrastructure Upgrade-Jaramogi Oginga Odinga Teaching & Ref. Hos,1082108605,Establishment of a 10 bed NICU unit,2630200,Capital Grants to Government Agencies and other Levels of Government,exp,0,35000000,77000000,60000000,568,yes
fy-2026-27-development-book-volume-1-1011-1083,1082,State Department for Medical Services,1082108700,Completion of Radiotherapy Centre - JOOTRH,1082108701,Radiotherapy Centre,2630200,Capital Grants to Government Agencies and other Levels of Government,exp,400000000,0,50000000,100000000,568,yes
fy-2026-27-development-book-volume-1-1011-1083,1082,State Department for Medical Services,1082108800,"New 2,000 Bed Multi-Specialty MTRH",1082108801,Construction and Equipping of New 2000 Bed Multi-specialty MTRH,2630200,Capital Grants to Government Agencies and other Levels of Government,exp,2000000000,2000000000,0,0,568,yes
fy-2026-27-development-book-volume-1-1011-1083,1082,State Department for Medical Services,1082108900,Mwai Kibaki Referral Hospital - Renovation & Infrastructure Upgrade,1082108901,Hospital Renovation & Lift Installation,2630200,Capital Grants to Government Agencies and other Levels of Government,exp,0,150000000,50000000,0,568,yes
fy-2026-27-development-book-volume-1-1011-1083,1082,State Department for Medical Services,1082108900,Mwai Kibaki Referral Hospital - Renovation & Infrastructure Upgrade,1082108902,Equipping and Refurbishment,2630200,Capital Grants to Government Agencies and other Levels of Government,exp,50000000,0,0,0,568,yes
fy-2026-27-development-book-volume-1-1011-1083,1082,State Department for Medical Services,1082109000,National Equipment Service Program (NESP),1082109001,National Equipment Service Program (NESP),2630200,Capital Grants to Government Agencies and other Levels of Government,exp,92000000,0,0,0,569,yes
fy-2026-27-development-book-volume-1-1011-1083,1082,State Department for Medical Services,1082109100,Monitoring & Evaluation of BETA Projects,1082109101,Monitoring & Evaluation of BETA Projects,2211300,Other Operating Expenses,exp,0,50000000,50000000,50000000,569,yes
fy-2026-27-development-book-volume-1-1011-1083,1083,State Department for Public Health and Professional Standards,1083100100,Dietetics Services Improvement,1083100101,Dietetics Services Improvement,2630200,Capital Grants to Government Agencies and other Levels of Government,exp,0,100580000,150000000,300000000,602,yes
fy-2026-27-development-book-volume-1-1011-1083,1083,State Department for Public Health and Professional Standards,1083100200,Clinical Waste Disposal System,1083100201,Clinical Waste Disposal System,2211300,Other Operating Expenses,exp,0,0,193000000,186000000,602,yes
fy-2026-27-development-book-volume-1-1011-1083,1083,State Department for Public Health and Professional Standards,1083100200,Clinical Waste Disposal System,1083100201,Clinical Waste Disposal System,3110200,Construction of Building,exp,0,60810000,100000000,300000000,602,yes
fy-2026-27-development-book-volume-1-1011-1083,1083,State Department for Public Health and Professional Standards,1083100200,Clinical Waste Disposal System,1083100201,Clinical Waste Disposal System,1310200,Grants from Foreign Governments - Direct Payments,aia,0,0,193000000,186000000,602,yes
fy-2026-27-development-book-volume-1-1011-1083,1083,State Department for Public Health and Professional Standards,1083100400,Procurement of Anti TB Drugs Not covered under Global fund TB,1083100401,Procurement of Anti TB Drugs Not covered under Global fund TB,2630200,Capital Grants to Government Agencies and other Levels of Government,exp,300000000,300000000,300000000,300000000,602,yes
fy-2026-27-development-book-volume-1-1011-1083,1083,State Department for Public Health and Professional Standards,1083100700,Construction of Tuition Blocks and Laboratories at KMTC,1083100702,Construction of Tuition Block - Chuka KMTC,2630200,Capital Grants to Government Agencies and other Levels of Government,exp,20000000,20000000,0,0,602,yes
fy-2026-27-development-book-volume-1-1011-1083,1083,State Department for Public Health and Professional Standards,1083100700,Construction of Tuition Blocks and Laboratories at KMTC,1083100712,Ziwa KMTC,2630200,Capital Grants to Government Agencies and other Levels of Government,exp,50000000,0,0,0,602,yes
fy-2026-27-development-book-volume-1-1011-1083,1083,State Department for Public Health and Professional Standards,1083100700,Construction of Tuition Blocks and Laboratories at KMTC,1083100715,Infrastructure Development for Ijara KMTC,2630200,Capital Grants to Government Agencies and other Levels of Government,exp,20000000,30000000,0,0,602,yes
fy-2026-27-development-book-volume-1-1011-1083,1083,State Department for Public Health and Professional Standards,1083100700,Construction of Tuition Blocks and Laboratories at KMTC,1083100722,Construction of Tuition Block -Sigowett,2630200,Capital Grants to Government Agencies and other Levels of Government,exp,20000000,20000000,0,0,603,yes
fy-2026-27-development-book-volume-1-1011-1083,1083,State Department for Public Health and Professional Standards,1083100700,Construction of Tuition Blocks and Laboratories at KMTC,1083100723,Ndhiwa KMTC,2630200,Capital Grants to Government Agencies and other Levels of Government,exp,50000000,0,0,0,603,yes
fy-2026-27-development-book-volume-1-1011-1083,1083,State Department for Public Health and Professional Standards,1083100700,Construction of Tuition Blocks and Laboratories at KMTC,1083100724,Nyeri KMTC,2630200,Capital Grants to Government Agencies and other Levels of Government,exp,20000000,10000000,0,0,603,yes
fy-2026-27-development-book-volume-1-1011-1083,1083,State Department for Public Health and Professional Standards,1083100700,Construction of Tuition Blocks and Laboratories at KMTC,1083100725,Kisumu Victoria KMTC,2630200,Capital Grants to Government Agencies and other Levels of Government,exp,10000000,0,0,0,603,yes
fy-2026-27-development-book-volume-1-1011-1083,1083,State Department for Public Health and Professional Standards,1083100700,Construction of Tuition Blocks and Laboratories at KMTC,1083100726,Kisii KMTC,2630200,Capital Grants to Government Agencies and other Levels of Government,exp,20000000,0,0,0,603,yes
fy-2026-27-development-book-volume-1-1011-1083,1083,State Department for Public Health and Professional Standards,1083100700,Construction of Tuition Blocks and Laboratories at KMTC,1083100727,Moyale KMTC,2630200,Capital Grants to Government Agencies and other Levels of Government,exp,40000000,0,0,0,603,yes
fy-2026-27-development-book-volume-1-1011-1083,1083,State Department for Public Health and Professional Standards,1083100700,Construction of Tuition Blocks and Laboratories at KMTC,1083100728,Teso KMTC,2630200,Capital Grants to Government Agencies and other Levels of Government,exp,20000000,7000000,0,0,603,yes
fy-2026-27-development-book-volume-1-1011-1083,1083,State Department for Public Health and Professional Standards,1083100700,Construction of Tuition Blocks and Laboratories at KMTC,1083100729,Ugenya KMTC,2630200,Capital Grants to Government Agencies and other Levels of Government,exp,20000000,0,0,0,603,yes
fy-2026-27-development-book-volume-1-1011-1083,1083,State Department for Public Health and Professional Standards,1083100700,Construction of Tuition Blocks and Laboratories at KMTC,1083100730,Bumula KMTC,2630200,Capital Grants to Government Agencies and other Levels of Government,exp,25000000,0,0,0,603,yes
fy-2026-27-development-book-volume-1-1011-1083,1083,State Department for Public Health and Professional Standards,1083100700,Construction of Tuition Blocks and Laboratories at KMTC,1083100731,Malindi KMTC,2630200,Capital Grants to Government Agencies and other Levels of Government,exp,20000000,0,0,0,603,yes
fy-2026-27-development-book-volume-1-1011-1083,1083,State Department for Public Health and Professional Standards,1083100700,Construction of Tuition Blocks and Laboratories at KMTC,1083100732,Kipkelion KMTC,2630200,Capital Grants to Government Agencies and other Levels of Government,exp,50000000,0,0,0,603,yes
fy-2026-27-development-book-volume-1-1011-1083,1083,State Department for Public Health and Professional Standards,1083100700,Construction of Tuition Blocks and Laboratories at KMTC,1083100733,Othoro KMTC,2630200,Capital Grants to Government Agencies and other Levels of Government,exp,50000000,0,0,0,604,yes
fy-2026-27-development-book-volume-1-1011-1083,1083,State Department for Public Health and Professional Standards,1083100700,Construction of Tuition Blocks and Laboratories at KMTC,1083100734,Imenti KMTC,2630200,Capital Grants to Government Agencies and other Levels of Government,exp,10000000,0,0,0,604,yes
fy-2026-27-development-book-volume-1-1011-1083,1083,State Department for Public Health and Professional Standards,1083100700,Construction of Tuition Blocks and Laboratories at KMTC,1083100735,Lugari KMTC,2630200,Capital Grants to Government Agencies and other Levels of Government,exp,25000000,0,0,0,604,yes
fy-2026-27-development-book-volume-1-1011-1083,1083,State Department for Public Health and Professional Standards,1083100700,Construction of Tuition Blocks and Laboratories at KMTC,1083100736,Ndalu KMTC,2630200,Capital Grants to Government Agencies and other Levels of Government,exp,20000000,0,0,0,604,yes
fy-2026-27-development-book-volume-1-1011-1083,1083,State Department for Public Health and Professional Standards,1083100700,Construction of Tuition Blocks and Laboratories at KMTC,1083100737,Makueni KMTC,2630200,Capital Grants to Government Agencies and other Levels of Government,exp,0,10000000,0,0,604,yes
fy-2026-27-development-book-volume-1-1011-1083,1083,State Department for Public Health and Professional Standards,1083100700,Construction of Tuition Blocks and Laboratories at KMTC,1083100738,Rachuonyo KMTC,2630200,Capital Grants to Government Agencies and other Levels of Government,exp,0,20000000,0,0,604,yes
fy-2026-27-development-book-volume-1-1011-1083,1083,State Department for Public Health and Professional Standards,1083100700,Construction of Tuition Blocks and Laboratories at KMTC,1083100739,Kwale KMTC,2630200,Capital Grants to Government Agencies and other Levels of Government,exp,0,20000000,0,0,604,yes
fy-2026-27-development-book-volume-1-1011-1083,1083,State Department for Public Health and Professional Standards,1083100700,Construction of Tuition Blocks and Laboratories at KMTC,1083100740,Busia KMTC,2630200,Capital Grants to Government Agencies and other Levels of Government,exp,0,20000000,0,0,604,yes
fy-2026-27-development-book-volume-1-1011-1083,1083,State Department for Public Health and Professional Standards,1083100700,Construction of Tuition Blocks and Laboratories at KMTC,1083100741,Administration Block - Kabarnet KMTC,2630200,Capital Grants to Government Agencies and other Levels of Government,exp,0,30000000,0,0,604,yes
fy-2026-27-development-book-volume-1-1011-1083,1083,State Department for Public Health and Professional Standards,1083100700,Construction of Tuition Blocks and Laboratories at KMTC,1083100742,Othaya - KMTC,2630200,Capital Grants to Government Agencies and other Levels of Government,exp,0,20000000,0,0,604,yes
fy-2026-27-development-book-volume-1-1011-1083,1083,State Department for Public Health and Professional Standards,1083100800,Equipping of Laboratories and Classrooms at KMTC,1083100801,Equipping of Laboratory and Classrooms KMTC,2630200,Capital Grants to Government Agencies and other Levels of Government,exp,0,0,120000000,500000000,605,yes
fy-2026-27-development-book-volume-1-1011-1083,1083,State Department for Public Health and Professional Standards,1083100800,Equipping of Laboratories and Classrooms at KMTC,1083100802,Construction & Equipping of Laboratory and Classrooms - Teso,2630200,Capital Grants to Government Agencies and other Levels of Government,exp,0,10595000,0,0,605,yes
fy-2026-27-development-book-volume-1-1011-1083,1083,State Department for Public Health and Professional Standards,1083100800,Equipping of Laboratories and Classrooms at KMTC,1083100803,Burnt Forest KMTC,2630200,Capital Grants to Government Agencies and other Levels of Government,exp,30000000,0,0,0,605,yes
fy-2026-27-development-book-volume-1-1011-1083,1083,State Department for Public Health and Professional Standards,1083100800,Equipping of Laboratories and Classrooms at KMTC,1083100804,Navakholo KMTC - Construction of Tuition Block,2630200,Capital Grants to Government Agencies and other Levels of Government,exp,35750000,0,0,0,605,yes
fy-2026-27-development-book-volume-1-1011-1083,1083,State Department for Public Health and Professional Standards,1083100800,Equipping of Laboratories and Classrooms at KMTC,1083100806,"Samburu KMTC - Const. Admin Blk, Ablution, Septic & Equip.",2630200,Capital Grants to Government Agencies and other Levels of Government,exp,40000000,0,0,0,605,yes
fy-2026-27-development-book-volume-1-1011-1083,1083,State Department for Public Health and Professional Standards,1083100800,Equipping of Laboratories and Classrooms at KMTC,1083100808,Ndhiwa KMTC,2630200,Capital Grants to Government Agencies and other Levels of Government,exp,9160000,10595000,0,0,605,yes
fy-2026-27-development-book-volume-1-1011-1083,1083,State Department for Public Health and Professional Standards,1083100800,Equipping of Laboratories and Classrooms at KMTC,1083100812,Ikolomani KMTC,2630200,Capital Grants to Government Agencies and other Levels of Government,exp,58750000,0,0,0,605,yes
fy-2026-27-development-book-volume-1-1011-1083,1083,State Department for Public Health and Professional Standards,1083100800,Equipping of Laboratories and Classrooms at KMTC,1083100813,Marimanti KMTC,2630200,Capital Grants to Government Agencies and other Levels of Government,exp,29017040,0,0,0,605,yes
fy-2026-27-development-book-volume-1-1011-1083,1083,State Department for Public Health and Professional Standards,1083100800,Equipping of Laboratories and Classrooms at KMTC,1083100814,Mandera KMTC,2630200,Capital Grants to Government Agencies and other Levels of Government,exp,0,15430908,0,0,605,yes
fy-2026-27-development-book-volume-1-1011-1083,1083,State Department for Public Health and Professional Standards,1083100800,Equipping of Laboratories and Classrooms at KMTC,1083100816,Mutomo KMTC - Kitui,2630200,Capital Grants to Government Agencies and other Levels of Government,exp,33000000,0,0,0,605,yes
fy-2026-27-development-book-volume-1-1011-1083,1083,State Department for Public Health and Professional Standards,1083100800,Equipping of Laboratories and Classrooms at KMTC,1083100818,Mukurue-ini KMTC - Nyeri,2630200,Capital Grants to Government Agencies and other Levels of Government,exp,5000000,0,0,0,606,yes
fy-2026-27-development-book-volume-1-1011-1083,1083,State Department for Public Health and Professional Standards,1083100800,Equipping of Laboratories and Classrooms at KMTC,1083100820,Awendo KMTC - Migori,2630200,Capital Grants to Government Agencies and other Levels of Government,exp,40000000,0,0,0,606,yes
fy-2026-27-development-book-volume-1-1011-1083,1083,State Department for Public Health and Professional Standards,1083100800,Equipping of Laboratories and Classrooms at KMTC,1083100821,Tigania KMTC - Meru,2630200,Capital Grants to Government Agencies and other Levels of Government,exp,25750000,0,0,0,606,yes
fy-2026-27-development-book-volume-1-1011-1083,1083,State Department for Public Health and Professional Standards,1083100800,Equipping of Laboratories and Classrooms at KMTC,1083100823,Kegondi/Iduku KMTC - Vihiga,2630200,Capital Grants to Government Agencies and other Levels of Government,exp,31072960,0,0,0,606,yes
fy-2026-27-development-book-volume-1-1011-1083,1083,State Department for Public Health and Professional Standards,1083100800,Equipping of Laboratories and Classrooms at KMTC,1083100824,Tongaren KMTC - Bungoma,2630200,Capital Grants to Government Agencies and other Levels of Government,exp,45750000,0,0,0,606,yes
fy-2026-27-development-book-volume-1-1011-1083,1083,State Department for Public Health and Professional Standards,1083100800,Equipping of Laboratories and Classrooms at KMTC,1083100825,Rarieda KMTC - Siaya,2630200,Capital Grants to Government Agencies and other Levels of Government,exp,50750000,0,0,0,606,yes
fy-2026-27-development-book-volume-1-1011-1083,1083,State Department for Public Health and Professional Standards,1083100800,Equipping of Laboratories and Classrooms at KMTC,1083100826,Shianda KMTC - Mumias,2630200,Capital Grants to Government Agencies and other Levels of Government,exp,21000000,0,0,0,606,yes
fy-2026-27-development-book-volume-1-1011-1083,1083,State Department for Public Health and Professional Standards,1083100800,Equipping of Laboratories and Classrooms at KMTC,1083100827,Ugunja KMTC,2630200,Capital Grants to Government Agencies and other Levels of Government,exp,15000000,0,0,0,606,yes
fy-2026-27-development-book-volume-1-1011-1083,1083,State Department for Public Health and Professional Standards,1083100800,Equipping of Laboratories and Classrooms at KMTC,1083100829,Matyambua KMTC,2630200,Capital Grants to Government Agencies and other Levels of Government,exp,15000000,0,0,0,606,yes
fy-2026-27-development-book-volume-1-1011-1083,1083,State Department for Public Health and Professional Standards,1083100800,Equipping of Laboratories and Classrooms at KMTC,1083100830,Mbuvo KMTC,2630200,Capital Grants to Government Agencies and other Levels of Government,exp,15000000,0,0,0,606,yes
fy-2026-27-development-book-volume-1-1011-1083,1083,State Department for Public Health and Professional Standards,1083100800,Equipping of Laboratories and Classrooms at KMTC,1083100832,Mutunguru KMTC,2630200,Capital Grants to Government Agencies and other Levels of Government,exp,20000000,0,0,0,607,yes
fy-2026-27-development-book-volume-1-1011-1083,1083,State Department for Public Health and Professional Standards,1083100800,Equipping of Laboratories and Classrooms at KMTC,1083100833,Siaya KMTC,2630200,Capital Grants to Government Agencies and other Levels of Government,exp,10000000,0,0,0,607,yes
fy-2026-27-development-book-volume-1-1011-1083,1083,State Department for Public Health and Professional Standards,1083100800,Equipping of Laboratories and Classrooms at KMTC,1083100834,Sindo KMTC - Suba,2630200,Capital Grants to Government Agencies and other Levels of Government,exp,30000000,0,0,0,607,yes
fy-2026-27-development-book-volume-1-1011-1083,1083,State Department for Public Health and Professional Standards,1083100800,Equipping of Laboratories and Classrooms at KMTC,1083100835,Kegonga KMTC,2630200,Capital Grants to Government Agencies and other Levels of Government,exp,75000000,0,0,0,607,yes
fy-2026-27-development-book-volume-1-1011-1083,1083,State Department for Public Health and Professional Standards,1083100800,Equipping of Laboratories and Classrooms at KMTC,1083100836,Ziwa KMTC,2630200,Capital Grants to Government Agencies and other Levels of Government,exp,0,10000000,0,0,607,yes
fy-2026-27-development-book-volume-1-1011-1083,1083,State Department for Public Health and Professional Standards,1083100800,Equipping of Laboratories and Classrooms at KMTC,1083100837,Nyeri KMTC,2630200,Capital Grants to Government Agencies and other Levels of Government,exp,0,10595000,0,0,607,yes
fy-2026-27-development-book-volume-1-1011-1083,1083,State Department for Public Health and Professional Standards,1083100800,Equipping of Laboratories and Classrooms at KMTC,1083100838,Kisumu Victoria KMTC,2630200,Capital Grants to Government Agencies and other Levels of Government,exp,0,10595000,0,0,607,yes
fy-2026-27-development-book-volume-1-1011-1083,1083,State Department for Public Health and Professional Standards,1083100800,Equipping of Laboratories and Classrooms at KMTC,1083100839,Kisii KMTC,2630200,Capital Grants to Government Agencies and other Levels of Government,exp,0,10595000,0,0,607,yes
fy-2026-27-development-book-volume-1-1011-1083,1083,State Department for Public Health and Professional Standards,1083100800,Equipping of Laboratories and Classrooms at KMTC,1083100840,Ugenya KMTC,2630200,Capital Grants to Government Agencies and other Levels of Government,exp,0,10595000,0,0,607,yes
fy-2026-27-development-book-volume-1-1011-1083,1083,State Department for Public Health and Professional Standards,1083100800,Equipping of Laboratories and Classrooms at KMTC,1083100841,Bumula KMTC,2630200,Capital Grants to Government Agencies and other Levels of Government,exp,0,10595000,0,0,607,yes
fy-2026-27-development-book-volume-1-1011-1083,1083,State Department for Public Health and Professional Standards,1083100800,Equipping of Laboratories and Classrooms at KMTC,1083100842,Chuka KMTC,2630200,Capital Grants to Government Agencies and other Levels of Government,exp,0,10595000,0,0,607,yes
fy-2026-27-development-book-volume-1-1011-1083,1083,State Department for Public Health and Professional Standards,1083102200,Infrastructure upgrade at Kenya Institute of Primate Research,1083102201,Infrastructure upgrade at Kenya Institute of Primate Research,2630200,Capital Grants to Government Agencies and other Levels of Government,exp,0,105520000,150000000,343000000,608,yes
fy-2026-27-development-book-volume-1-1011-1083,1083,State Department for Public Health and Professional Standards,1083102400,Contruction of Examination Centre - KMPDC,1083102401,Contruction of Examination Centre - KMPDC,2630200,Capital Grants to Government Agencies and other Levels of Government,exp,50000000,136400000,250000000,139000000,608,yes
fy-2026-27-development-book-volume-1-1011-1083,1083,State Department for Public Health and Professional Standards,1083102500,Construction of Health Centres,1083102502,Upgrading of Chemelil (Potopoto) Health Centre,2630200,Capital Grants to Government Agencies and other Levels of Government,exp,50000000,0,0,0,608,yes
fy-2026-27-development-book-volume-1-1011-1083,1083,State Department for Public Health and Professional Standards,1083102600,Snake Anti-venom Processing Plant Facility,1083102601,Snake Anti-venom Processing Plant Facility,2630200,Capital Grants to Government Agencies and other Levels of Government,exp,400000000,300000000,200000000,400000000,608,yes
fy-2026-27-development-book-volume-1-1011-1083,1083,State Department for Public Health and Professional Standards,1083102700,Central Radioactive Waste Processing Facilities,1083102701,Central Radioactive Waste Processing Facility - Ololua,2630200,Capital Grants to Government Agencies and other Levels of Government,exp,0,107690000,110000000,152000000,608,yes
fy-2026-27-development-book-volume-1-1011-1083,1083,State Department for Public Health and Professional Standards,1083102800,Public Participation Projects,1083102803,Equipping Mbita KMTC - Homabay,2630200,Capital Grants to Government Agencies and other Levels of Government,exp,6250000,0,0,0,609,yes
fy-2026-27-development-book-volume-1-1011-1083,1083,State Department for Public Health and Professional Standards,1083102800,Public Participation Projects,1083102806,Miathene KMTC - Meru,2630200,Capital Grants to Government Agencies and other Levels of Government,exp,3750000,10000000,0,0,609,yes
fy-2026-27-development-book-volume-1-1011-1083,1083,State Department for Public Health and Professional Standards,1083102800,Public Participation Projects,1083102807,Marigat Sub-County Hospital - Baringo,2630200,Capital Grants to Government Agencies and other Levels of Government,exp,2500000,0,0,0,609,yes
fy-2026-27-development-book-volume-1-1011-1083,1083,State Department for Public Health and Professional Standards,1083102800,Public Participation Projects,1083102809,Construction of Ekambuli Health Centre Maternity - Kakamega,2630200,Capital Grants to Government Agencies and other Levels of Government,exp,2500000,0,0,0,609,yes
fy-2026-27-development-book-volume-1-1011-1083,1083,State Department for Public Health and Professional Standards,1083102800,Public Participation Projects,1083102818,Sura Adoru Health Center - Samburu,2630200,Capital Grants to Government Agencies and other Levels of Government,exp,10000000,0,0,0,609,yes
fy-2026-27-development-book-volume-1-1011-1083,1083,State Department for Public Health and Professional Standards,1083102800,Public Participation Projects,1083102819,Loosuk Health Center - Samburu,2630200,Capital Grants to Government Agencies and other Levels of Government,exp,10000000,0,0,0,609,yes
fy-2026-27-development-book-volume-1-1011-1083,1083,State Department for Public Health and Professional Standards,1083102800,Public Participation Projects,1083102820,Lolkuniyani Maternity Health Centre - Samburu,2630200,Capital Grants to Government Agencies and other Levels of Government,exp,18000000,0,0,0,609,yes
fy-2026-27-development-book-volume-1-1011-1083,1083,State Department for Public Health and Professional Standards,1083102800,Public Participation Projects,1083102821,Lkwasi Health Centre - Samburu,2630200,Capital Grants to Government Agencies and other Levels of Government,exp,30000000,0,0,0,609,yes
fy-2026-27-development-book-volume-1-1011-1083,1083,State Department for Public Health and Professional Standards,1083102800,Public Participation Projects,1083102822,Lihrembe Dispensary - Kakamega,2630200,Capital Grants to Government Agencies and other Levels of Government,exp,2500000,0,0,0,609,yes
fy-2026-27-development-book-volume-1-1011-1083,1083,State Department for Public Health and Professional Standards,1083102900,Building Resilience and Responsive Health System Project,1083102901,Building Resilience and Responsive Health System Project HQ,2630200,Capital Grants to Government Agencies and other Levels of Government,exp,125000000,4773000000,8783630000,7423980000,610,yes
fy-2026-27-development-book-volume-1-1011-1083,1083,State Department for Public Health and Professional Standards,1083102900,Building Resilience and Responsive Health System Project,1083102901,Building Resilience and Responsive Health System Project HQ,5120200,Foreign Borrowing - Direct Payments,aia,50000000,1296200000,1877200000,1000000000,610,yes
fy-2026-27-development-book-volume-1-1011-1083,1083,State Department for Public Health and Professional Standards,1083103000,Special Global Fund Malaria Grant-NFM4,1083103001,Special Global Fund Malaria Grant-NFM4,2630200,Capital Grants to Government Agencies and other Levels of Government,exp,948897958,1850000000,1100000000,1500000000,610,yes
fy-2026-27-development-book-volume-1-1011-1083,1083,State Department for Public Health and Professional Standards,1083103100,Special Global Fund TB Grant-NFM4,1083103101,Special Global Fund TB Grant-NFM4,2630200,Capital Grants to Government Agencies and other Levels of Government,exp,406793809,649000000,594000000,794000000,610,yes
fy-2026-27-development-book-volume-1-1011-1083,1083,State Department for Public Health and Professional Standards,1083103200,Department of Health Systems Strengthening NFM4,1083103201,Department of Health Systems Strengthening NFM4,2630200,Capital Grants to Government Agencies and other Levels of Government,exp,560831056,311000000,500000000,0,610,yes
fy-2026-27-development-book-volume-1-1011-1083,1083,State Department for Public Health and Professional Standards,1083103300,Construction of Level 4 Hospitals,1083103301,Mikumbune level IV Hospital,2630200,Capital Grants to Government Agencies and other Levels of Government,exp,20000000,0,0,0,610,yes
fy-2026-27-development-book-volume-1-1011-1083,1083,State Department for Public Health and Professional Standards,1083103300,Construction of Level 4 Hospitals,1083103302,Kinoro level IV Hospital,2630200,Capital Grants to Government Agencies and other Levels of Government,exp,20000000,0,0,0,610,yes
fy-2026-27-development-book-volume-1-1011-1083,1083,State Department for Public Health and Professional Standards,1083103300,Construction of Level 4 Hospitals,1083103303,Khwisero level IV Hospital,2630200,Capital Grants to Government Agencies and other Levels of Government,exp,20000000,0,0,0,611,yes
fy-2026-27-development-book-volume-1-1011-1083,1083,State Department for Public Health and Professional Standards,1083103300,Construction of Level 4 Hospitals,1083103304,Chwele level IV Hospital,2630200,Capital Grants to Government Agencies and other Levels of Government,exp,20000000,0,0,0,611,yes
fy-2026-27-development-book-volume-1-1011-1083,1083,State Department for Public Health and Professional Standards,1083103300,Construction of Level 4 Hospitals,1083103305,Tulwet Primary Hospital,2630200,Capital Grants to Government Agencies and other Levels of Government,exp,15000000,0,0,0,611,yes
fy-2026-27-development-book-volume-1-1011-1083,1083,State Department for Public Health and Professional Standards,1083103300,Construction of Level 4 Hospitals,1083103306,Bikeke Primary Hospital,2630200,Capital Grants to Government Agencies and other Levels of Government,exp,15000000,0,0,0,611,yes
fy-2026-27-development-book-volume-1-1011-1083,1083,State Department for Public Health and Professional Standards,1083103300,Construction of Level 4 Hospitals,1083103307,Mt. Elgon IV Hospital,2630200,Capital Grants to Government Agencies and other Levels of Government,exp,20000000,0,0,0,611,yes
fy-2026-27-development-book-volume-1-1011-1083,1083,State Department for Public Health and Professional Standards,1083103400,Construction of Laboratory at National Quality Control Labs (NQCL),1083103401,National Quality Control Laboratories (NQCL),2630200,Capital Grants to Government Agencies and other Levels of Government,exp,0,100000000,360000000,1861000000,611,yes
fy-2026-27-development-book-volume-1-1011-1083,1083,State Department for Public Health and Professional Standards,1083103500,Monitoring and Evaluation of BETA Projects,1083103501,Monitoring and Evaluation of BETA Projects,2211300,Other Operating Expenses,exp,0,50100000,100000000,100000000,611,yes
fy-2026-27-development-book-volume-1-1011-1083,1083,State Department for Public Health and Professional Standards,1083103600,Neglected Tropical Diseases,1083103601,Neglected Tropical Diseases,2211000,Specialised Materials and Supplies,exp,20000000,0,0,0,612,yes
