book,vote,head_code,head_title,project_code,project_title,row_type,item_code,item_title,approved_estimates_2025_2026,estimates_2026_2027,grants_aia_2026_2027,grants_revenue_2026_2027,loans_aia_2026_2027,loans_revenue_2026_2027,page,verified
fy-2026-27-development-book-volume-1-1011-1083,1011,1011101000,General Works at the Harambee House Main.,1011101001,Refurbishment of Buildings at Harambee House Main,exp,3110300,Refurbishment of Buildings,30000000,26200000,0,0,0,0,24,yes
fy-2026-27-development-book-volume-1-1011-1083,1011,1011101100,National Fund for the Disabled of Kenya.,1011101101,Capital Transfers to the National Fund for the Disabled of Kenya,exp,2640500,Other Capital Grants and Transfers,450000000,550000000,0,0,0,0,24,yes
fy-2026-27-development-book-volume-1-1011-1083,1011,1011101600,Kenya - EU Partnership on National Strategy to Counter,1011101601,Kenya - EU Partnership on National Strategy to Counter,exp,2110200,Basic Wages - Temporary Employees,24086322,24086322,0,24086322,0,0,25,yes
fy-2026-27-development-book-volume-1-1011-1083,1011,1011101600,Kenya - EU Partnership on National Strategy to Counter,1011101601,Kenya - EU Partnership on National Strategy to Counter,exp,2210100,Utilities Supplies and Services,1245000,1245000,0,1245000,0,0,25,yes
fy-2026-27-development-book-volume-1-1011-1083,1011,1011101600,Kenya - EU Partnership on National Strategy to Counter,1011101601,Kenya - EU Partnership on National Strategy to Counter,exp,2210200,"Communication, Supplies and Services",17889675,17889675,0,17889675,0,0,25,yes
fy-2026-27-development-book-volume-1-1011-1083,1011,1011101600,Kenya - EU Partnership on National Strategy to Counter,1011101601,Kenya - EU Partnership on National Strategy to Counter,exp,2210300,"Domestic Travel and Subsistence, and Other Transportation Costs",48287946,48287946,0,48287946,0,0,25,yes
fy-2026-27-development-book-volume-1-1011-1083,1011,1011101600,Kenya - EU Partnership on National Strategy to Counter,1011101601,Kenya - EU Partnership on National Strategy to Counter,exp,2210500,"Printing , Advertising and Information Supplies and Services",11667567,11667567,0,11667567,0,0,25,yes
fy-2026-27-development-book-volume-1-1011-1083,1011,1011101600,Kenya - EU Partnership on National Strategy to Counter,1011101601,Kenya - EU Partnership on National Strategy to Counter,exp,2210600,Rentals of Produced Assets,5645628,5645628,0,5645628,0,0,25,yes
fy-2026-27-development-book-volume-1-1011-1083,1011,1011101600,Kenya - EU Partnership on National Strategy to Counter,1011101601,Kenya - EU Partnership on National Strategy to Counter,exp,2210700,Training Expenses,8689642,8689642,0,8689642,0,0,25,yes
fy-2026-27-development-book-volume-1-1011-1083,1011,1011101600,Kenya - EU Partnership on National Strategy to Counter,1011101601,Kenya - EU Partnership on National Strategy to Counter,exp,2210800,Hospitality Supplies and Services,33521530,33521530,0,33521530,0,0,25,yes
fy-2026-27-development-book-volume-1-1011-1083,1011,1011101600,Kenya - EU Partnership on National Strategy to Counter,1011101601,Kenya - EU Partnership on National Strategy to Counter,exp,2211100,Office and General Supplies and Services,225108,225108,0,225108,0,0,25,yes
fy-2026-27-development-book-volume-1-1011-1083,1011,1011101600,Kenya - EU Partnership on National Strategy to Counter,1011101601,Kenya - EU Partnership on National Strategy to Counter,exp,2211200,Fuel Oil and Lubricants,10632844,10632844,0,10632844,0,0,25,yes
fy-2026-27-development-book-volume-1-1011-1083,1011,1011101600,Kenya - EU Partnership on National Strategy to Counter,1011101601,Kenya - EU Partnership on National Strategy to Counter,exp,2211300,Other Operating Expenses,21695466,21695466,0,21695466,0,0,25,yes
fy-2026-27-development-book-volume-1-1011-1083,1011,1011101600,Kenya - EU Partnership on National Strategy to Counter,1011101601,Kenya - EU Partnership on National Strategy to Counter,exp,2220100,Routine Maintenance - Vehicles and Other Transport Equipment,752752,752752,0,752752,0,0,25,yes
fy-2026-27-development-book-volume-1-1011-1083,1011,1011101600,Kenya - EU Partnership on National Strategy to Counter,1011101601,Kenya - EU Partnership on National Strategy to Counter,exp,3111100,"Purchase of Specialised Plant, Equipment and Machinery",660520,660520,0,660520,0,0,25,yes
fy-2026-27-development-book-volume-1-1011-1083,1011,1011101800,Directorate of Resource Survey and Remote Sensing.,1011101801,Acquisition of Survey Equipment - LIDAR,exp,3111100,"Purchase of Specialised Plant, Equipment and Machinery",10004100,7249275,0,0,0,0,26,yes
fy-2026-27-development-book-volume-1-1011-1083,1011,1011101800,Directorate of Resource Survey and Remote Sensing.,1011101802,Purchase of Instrumentation & Calibration Equipment - Remote,exp,3111100,"Purchase of Specialised Plant, Equipment and Machinery",25000000,14750725,0,0,0,0,26,yes
fy-2026-27-development-book-volume-1-1011-1083,1011,1011101800,Directorate of Resource Survey and Remote Sensing.,1011101803,Strengthen Geo-Info Infrastructure-Resource Mapping &,exp,2210200,"Communication, Supplies and Services",7000000,7000000,0,0,0,0,26,yes
fy-2026-27-development-book-volume-1-1011-1083,1011,1011101800,Directorate of Resource Survey and Remote Sensing.,1011101803,Strengthen Geo-Info Infrastructure-Resource Mapping &,exp,3111100,"Purchase of Specialised Plant, Equipment and Machinery",7000000,7000000,0,0,0,0,26,yes
fy-2026-27-development-book-volume-1-1011-1083,1011,1011101800,Directorate of Resource Survey and Remote Sensing.,1011101803,Strengthen Geo-Info Infrastructure-Resource Mapping &,exp,3111400,"Research, Feasibility Studies, Project Preparation and Design, Project S",20000000,14000000,0,0,0,0,26,yes
fy-2026-27-development-book-volume-1-1011-1083,1011,1011104100,Modernization of Press & Refurbishment of Buildings at GP.,1011104101,Modernization of Press at GP,exp,3110600,Overhaul and Refurbishment of Construction and Civil Works,50000000,50000000,0,0,0,0,26,yes
fy-2026-27-development-book-volume-1-1011-1083,1011,1011104100,Modernization of Press & Refurbishment of Buildings at GP.,1011104101,Modernization of Press at GP,exp,3111000,Purchase of Office Furniture and General Equipment,250000000,421500000,0,0,0,0,26,yes
fy-2026-27-development-book-volume-1-1011-1083,1011,1011104100,Modernization of Press & Refurbishment of Buildings at GP.,1011104101,Modernization of Press at GP,exp,3111100,"Purchase of Specialised Plant, Equipment and Machinery",0,28500000,0,0,0,0,27,yes
fy-2026-27-development-book-volume-1-1011-1083,1011,1011104200,Nairobi Metropolitan Services (NMS) - Pending Bills.,1011104201,Nairobi Metropolitan Services (NMS) - Pending Bills,exp,2220200,Routine Maintenance - Other Assets,50000000,0,0,0,0,0,27,yes
fy-2026-27-development-book-volume-1-1011-1083,1011,1011104200,Nairobi Metropolitan Services (NMS) - Pending Bills.,1011104201,Nairobi Metropolitan Services (NMS) - Pending Bills,exp,3110500,Construction and Civil Works,260005000,0,0,0,0,0,27,yes
fy-2026-27-development-book-volume-1-1011-1083,1011,1011101000,General Works at the Harambee House Main.,1011101001,Refurbishment of Buildings at Harambee House Main,gross,,Gross,30000000,26200000,0,0,0,0,24,yes
fy-2026-27-development-book-volume-1-1011-1083,1011,1011101000,General Works at the Harambee House Main.,1011101001,Refurbishment of Buildings at Harambee House Main,net,,Net,30000000,26200000,0,0,0,0,24,yes
fy-2026-27-development-book-volume-1-1011-1083,1011,1011101100,National Fund for the Disabled of Kenya.,1011101101,Capital Transfers to the National Fund for the Disabled of Kenya,gross,,Gross,450000000,550000000,0,0,0,0,24,yes
fy-2026-27-development-book-volume-1-1011-1083,1011,1011101100,National Fund for the Disabled of Kenya.,1011101101,Capital Transfers to the National Fund for the Disabled of Kenya,net,,Net,450000000,550000000,0,0,0,0,24,yes
fy-2026-27-development-book-volume-1-1011-1083,1011,1011101600,Kenya - EU Partnership on National Strategy to Counter,1011101601,Kenya - EU Partnership on National Strategy to Counter,gross,,Gross,185000000,185000000,0,185000000,0,0,25,yes
fy-2026-27-development-book-volume-1-1011-1083,1011,1011101600,Kenya - EU Partnership on National Strategy to Counter,1011101601,Kenya - EU Partnership on National Strategy to Counter,net,,Net,185000000,185000000,0,185000000,0,0,25,yes
fy-2026-27-development-book-volume-1-1011-1083,1011,1011101800,Directorate of Resource Survey and Remote Sensing.,1011101801,Acquisition of Survey Equipment - LIDAR,gross,,Gross,10004100,7249275,0,0,0,0,26,yes
fy-2026-27-development-book-volume-1-1011-1083,1011,1011101800,Directorate of Resource Survey and Remote Sensing.,1011101801,Acquisition of Survey Equipment - LIDAR,net,,Net,10004100,7249275,0,0,0,0,26,yes
fy-2026-27-development-book-volume-1-1011-1083,1011,1011101800,Directorate of Resource Survey and Remote Sensing.,1011101802,Purchase of Instrumentation & Calibration Equipment - Remote,gross,,Gross,25000000,14750725,0,0,0,0,26,yes
fy-2026-27-development-book-volume-1-1011-1083,1011,1011101800,Directorate of Resource Survey and Remote Sensing.,1011101802,Purchase of Instrumentation & Calibration Equipment - Remote,net,,Net,25000000,14750725,0,0,0,0,26,yes
fy-2026-27-development-book-volume-1-1011-1083,1011,1011101800,Directorate of Resource Survey and Remote Sensing.,1011101803,Strengthen Geo-Info Infrastructure-Resource Mapping &,gross,,Gross,34000000,28000000,0,0,0,0,26,yes
fy-2026-27-development-book-volume-1-1011-1083,1011,1011101800,Directorate of Resource Survey and Remote Sensing.,1011101803,Strengthen Geo-Info Infrastructure-Resource Mapping &,net,,Net,34000000,28000000,0,0,0,0,26,yes
fy-2026-27-development-book-volume-1-1011-1083,1011,1011104100,Modernization of Press & Refurbishment of Buildings at GP.,1011104101,Modernization of Press at GP,gross,,Gross,300000000,500000000,0,0,0,0,27,yes
fy-2026-27-development-book-volume-1-1011-1083,1011,1011104100,Modernization of Press & Refurbishment of Buildings at GP.,1011104101,Modernization of Press at GP,net,,Net,300000000,500000000,0,0,0,0,27,yes
fy-2026-27-development-book-volume-1-1011-1083,1011,1011104200,Nairobi Metropolitan Services (NMS) - Pending Bills.,1011104201,Nairobi Metropolitan Services (NMS) - Pending Bills,gross,,Gross,310005000,0,0,0,0,0,27,yes
fy-2026-27-development-book-volume-1-1011-1083,1011,1011104200,Nairobi Metropolitan Services (NMS) - Pending Bills.,1011104201,Nairobi Metropolitan Services (NMS) - Pending Bills,net,,Net,310005000,0,0,0,0,0,27,yes
fy-2026-27-development-book-volume-1-1011-1083,1012,1012100100,General Works at the Office of the Deputy President.,1012100102,Refurbishment of Buildings at Karen,exp,3110300,Refurbishment of Buildings,50000000,50000000,0,0,0,0,30,yes
fy-2026-27-development-book-volume-1-1011-1083,1012,1012100100,General Works at the Office of the Deputy President.,1012100103,Refurbishment of Buildings at the Former PC's Office - Mombasa,exp,3110300,Refurbishment of Buildings,0,20000000,0,0,0,0,30,yes
fy-2026-27-development-book-volume-1-1011-1083,1012,1012100100,General Works at the Office of the Deputy President.,1012100104,Refurbishment of Buildings at Headquarters,exp,3110300,Refurbishment of Buildings,50000000,30000000,0,0,0,0,30,yes
fy-2026-27-development-book-volume-1-1011-1083,1012,1012100100,General Works at the Office of the Deputy President.,1012100102,Refurbishment of Buildings at Karen,gross,,Gross,50000000,50000000,0,0,0,0,30,yes
fy-2026-27-development-book-volume-1-1011-1083,1012,1012100100,General Works at the Office of the Deputy President.,1012100102,Refurbishment of Buildings at Karen,net,,Net,50000000,50000000,0,0,0,0,30,yes
fy-2026-27-development-book-volume-1-1011-1083,1012,1012100100,General Works at the Office of the Deputy President.,1012100103,Refurbishment of Buildings at the Former PC's Office - Mombasa,gross,,Gross,0,20000000,0,0,0,0,30,yes
fy-2026-27-development-book-volume-1-1011-1083,1012,1012100100,General Works at the Office of the Deputy President.,1012100103,Refurbishment of Buildings at the Former PC's Office - Mombasa,net,,Net,0,20000000,0,0,0,0,30,yes
fy-2026-27-development-book-volume-1-1011-1083,1012,1012100100,General Works at the Office of the Deputy President.,1012100104,Refurbishment of Buildings at Headquarters,gross,,Gross,50000000,30000000,0,0,0,0,30,yes
fy-2026-27-development-book-volume-1-1011-1083,1012,1012100100,General Works at the Office of the Deputy President.,1012100104,Refurbishment of Buildings at Headquarters,net,,Net,50000000,30000000,0,0,0,0,30,yes
fy-2026-27-development-book-volume-1-1011-1083,1017,1017100100,General Maintenance Works at State House Nairobi.,1017100102,Refurbishment of Buildings - Nairobi State House,exp,3110300,Refurbishment of Buildings,449706667,452500000,0,0,0,0,35,yes
fy-2026-27-development-book-volume-1-1011-1083,1017,1017100100,General Maintenance Works at State House Nairobi.,1017100105,"Purchase of Specialised Plant, Equipment & Machinery",exp,3110900,Purchase of Household Furniture and Institutional Equipment,31000000,31200000,0,0,0,0,35,yes
fy-2026-27-development-book-volume-1-1011-1083,1017,1017100100,General Maintenance Works at State House Nairobi.,1017100106,ICT Networking & Communications Equipment (Nairobi),exp,3111100,"Purchase of Specialised Plant, Equipment and Machinery",200000000,46700000,0,0,0,0,35,yes
fy-2026-27-development-book-volume-1-1011-1083,1017,1017100200,General Maintenance Works at Eldoret State Lodge.,1017100204,Refurbishment of Builidings at Eldoret State Lodge,exp,3110300,Refurbishment of Buildings,60150000,40000000,0,0,0,0,36,yes
fy-2026-27-development-book-volume-1-1011-1083,1017,1017100200,General Maintenance Works at Eldoret State Lodge.,1017100205,Acquisition of Land - Eldoret State Lodge,exp,3130100,Acquisition of Land,400000000,0,0,0,0,0,36,yes
fy-2026-27-development-book-volume-1-1011-1083,1017,1017100300,General Maintenance Works at State House Sagana.,1017100301,Refurbishment of Buildings at Sagana State Lodge,exp,3110300,Refurbishment of Buildings,15000000,21300000,0,0,0,0,36,yes
fy-2026-27-development-book-volume-1-1011-1083,1017,1017100400,Refurbishment of buildings at Mombasa State House.,1017100401,Phase 2-Refurbishment of Fence and Main House at Mombasa,exp,3110300,Refurbishment of Buildings,42500000,201100000,0,0,0,0,37,yes
fy-2026-27-development-book-volume-1-1011-1083,1017,1017100500,Refurbishment of buildings at Nakuru State House.,1017100501,Refurbishment of buildings at Nakuru State House,exp,3110300,Refurbishment of Buildings,25000000,98700000,0,0,0,0,37,yes
fy-2026-27-development-book-volume-1-1011-1083,1017,1017100600,Rehabilitation Works at Kisumu State Lodge.,1017100604,Refurbishment of Builidings at Kisumu State Lodge,exp,3110300,Refurbishment of Buildings,24050000,90000000,0,0,0,0,37,yes
fy-2026-27-development-book-volume-1-1011-1083,1017,1017100700,Rehabilitation Works at Kakamega State Lodge.,1017100702,Refurbishment of Builidings at Kakamega State Lodge,exp,3110300,Refurbishment of Buildings,25000000,20000000,0,0,0,0,38,yes
fy-2026-27-development-book-volume-1-1011-1083,1017,1017101100,The Mechanical Garage.,1017101101,The Mechanical Garage,exp,3110200,Construction of Building,10000000,12900000,0,0,0,0,38,yes
fy-2026-27-development-book-volume-1-1011-1083,1017,1017101200,Kisii State Lodge.,1017101201,Kisii State Lodge,exp,3110300,Refurbishment of Buildings,12500000,12600000,0,0,0,0,39,yes
fy-2026-27-development-book-volume-1-1011-1083,1017,1017100100,General Maintenance Works at State House Nairobi.,1017100102,Refurbishment of Buildings - Nairobi State House,gross,,Gross,449706667,452500000,0,0,0,0,35,yes
fy-2026-27-development-book-volume-1-1011-1083,1017,1017100100,General Maintenance Works at State House Nairobi.,1017100102,Refurbishment of Buildings - Nairobi State House,net,,Net,449706667,452500000,0,0,0,0,35,yes
fy-2026-27-development-book-volume-1-1011-1083,1017,1017100100,General Maintenance Works at State House Nairobi.,1017100105,"Purchase of Specialised Plant, Equipment & Machinery",gross,,Gross,31000000,31200000,0,0,0,0,35,yes
fy-2026-27-development-book-volume-1-1011-1083,1017,1017100100,General Maintenance Works at State House Nairobi.,1017100105,"Purchase of Specialised Plant, Equipment & Machinery",net,,Net,31000000,31200000,0,0,0,0,35,yes
fy-2026-27-development-book-volume-1-1011-1083,1017,1017100100,General Maintenance Works at State House Nairobi.,1017100106,ICT Networking & Communications Equipment (Nairobi),gross,,Gross,200000000,46700000,0,0,0,0,35,yes
fy-2026-27-development-book-volume-1-1011-1083,1017,1017100100,General Maintenance Works at State House Nairobi.,1017100106,ICT Networking & Communications Equipment (Nairobi),net,,Net,200000000,46700000,0,0,0,0,35,yes
fy-2026-27-development-book-volume-1-1011-1083,1017,1017100200,General Maintenance Works at Eldoret State Lodge.,1017100204,Refurbishment of Builidings at Eldoret State Lodge,gross,,Gross,60150000,40000000,0,0,0,0,36,yes
fy-2026-27-development-book-volume-1-1011-1083,1017,1017100200,General Maintenance Works at Eldoret State Lodge.,1017100204,Refurbishment of Builidings at Eldoret State Lodge,net,,Net,60150000,40000000,0,0,0,0,36,yes
fy-2026-27-development-book-volume-1-1011-1083,1017,1017100200,General Maintenance Works at Eldoret State Lodge.,1017100205,Acquisition of Land - Eldoret State Lodge,gross,,Gross,400000000,0,0,0,0,0,36,yes
fy-2026-27-development-book-volume-1-1011-1083,1017,1017100200,General Maintenance Works at Eldoret State Lodge.,1017100205,Acquisition of Land - Eldoret State Lodge,net,,Net,400000000,0,0,0,0,0,36,yes
fy-2026-27-development-book-volume-1-1011-1083,1017,1017100300,General Maintenance Works at State House Sagana.,1017100301,Refurbishment of Buildings at Sagana State Lodge,gross,,Gross,15000000,21300000,0,0,0,0,36,yes
fy-2026-27-development-book-volume-1-1011-1083,1017,1017100300,General Maintenance Works at State House Sagana.,1017100301,Refurbishment of Buildings at Sagana State Lodge,net,,Net,15000000,21300000,0,0,0,0,36,yes
fy-2026-27-development-book-volume-1-1011-1083,1017,1017100400,Refurbishment of buildings at Mombasa State House.,1017100401,Phase 2-Refurbishment of Fence and Main House at Mombasa,gross,,Gross,42500000,201100000,0,0,0,0,37,yes
fy-2026-27-development-book-volume-1-1011-1083,1017,1017100400,Refurbishment of buildings at Mombasa State House.,1017100401,Phase 2-Refurbishment of Fence and Main House at Mombasa,net,,Net,42500000,201100000,0,0,0,0,37,yes
fy-2026-27-development-book-volume-1-1011-1083,1017,1017100500,Refurbishment of buildings at Nakuru State House.,1017100501,Refurbishment of buildings at Nakuru State House,gross,,Gross,25000000,98700000,0,0,0,0,37,yes
fy-2026-27-development-book-volume-1-1011-1083,1017,1017100500,Refurbishment of buildings at Nakuru State House.,1017100501,Refurbishment of buildings at Nakuru State House,net,,Net,25000000,98700000,0,0,0,0,37,yes
fy-2026-27-development-book-volume-1-1011-1083,1017,1017100600,Rehabilitation Works at Kisumu State Lodge.,1017100604,Refurbishment of Builidings at Kisumu State Lodge,gross,,Gross,24050000,90000000,0,0,0,0,37,yes
fy-2026-27-development-book-volume-1-1011-1083,1017,1017100600,Rehabilitation Works at Kisumu State Lodge.,1017100604,Refurbishment of Builidings at Kisumu State Lodge,net,,Net,24050000,90000000,0,0,0,0,37,yes
fy-2026-27-development-book-volume-1-1011-1083,1017,1017100700,Rehabilitation Works at Kakamega State Lodge.,1017100702,Refurbishment of Builidings at Kakamega State Lodge,gross,,Gross,25000000,20000000,0,0,0,0,38,yes
fy-2026-27-development-book-volume-1-1011-1083,1017,1017100700,Rehabilitation Works at Kakamega State Lodge.,1017100702,Refurbishment of Builidings at Kakamega State Lodge,net,,Net,25000000,20000000,0,0,0,0,38,yes
fy-2026-27-development-book-volume-1-1011-1083,1017,1017101100,The Mechanical Garage.,1017101101,The Mechanical Garage,gross,,Gross,10000000,12900000,0,0,0,0,38,yes
fy-2026-27-development-book-volume-1-1011-1083,1017,1017101100,The Mechanical Garage.,1017101101,The Mechanical Garage,net,,Net,10000000,12900000,0,0,0,0,38,yes
fy-2026-27-development-book-volume-1-1011-1083,1017,1017101200,Kisii State Lodge.,1017101201,Kisii State Lodge,gross,,Gross,12500000,12600000,0,0,0,0,39,yes
fy-2026-27-development-book-volume-1-1011-1083,1017,1017101200,Kisii State Lodge.,1017101201,Kisii State Lodge,net,,Net,12500000,12600000,0,0,0,0,39,yes
fy-2026-27-development-book-volume-1-1011-1083,1023,1023100100,Security in Penal Facilities.,1023100105,Construction of perimeter wall Malindi,exp,3110500,Construction and Civil Works,0,9000000,0,0,0,0,64,yes
fy-2026-27-development-book-volume-1-1011-1083,1023,1023100100,Security in Penal Facilities.,1023100108,Construction of perimeter wall Hindi,exp,3110500,Construction and Civil Works,475000,0,0,0,0,0,64,yes
fy-2026-27-development-book-volume-1-1011-1083,1023,1023100100,Security in Penal Facilities.,1023100113,Completion of Perimeter Wall at Eldoret Women Prison,exp,3110500,Construction and Civil Works,1750000,0,0,0,0,0,64,yes
fy-2026-27-development-book-volume-1-1011-1083,1023,1023100100,Security in Penal Facilities.,1023100114,Completion of Gate Lodge at Garissa Medium Prison,exp,3110500,Construction and Civil Works,0,13600000,0,0,0,0,64,yes
fy-2026-27-development-book-volume-1-1011-1083,1023,1023100100,Security in Penal Facilities.,1023100118,Completion of phase 1 Perimeter Wall at Kilifi Prison,exp,3110500,Construction and Civil Works,0,6410000,0,0,0,0,65,yes
fy-2026-27-development-book-volume-1-1011-1083,1023,1023100100,Security in Penal Facilities.,1023100119,Completion of Perimeter walls Machakos Women Prison,exp,3110500,Construction and Civil Works,0,1500000,0,0,0,0,65,yes
fy-2026-27-development-book-volume-1-1011-1083,1023,1023100100,Security in Penal Facilities.,1023100122,"Completion of Gate Lodge, Armoury &Duty Office at Nyeri",exp,3110200,Construction of Building,1965000,0,0,0,0,0,65,yes
fy-2026-27-development-book-volume-1-1011-1083,1023,1023100100,Security in Penal Facilities.,1023100123,Completion of Main Gate/Gate Lodge & Armoury at Rumuruti,exp,3110500,Construction and Civil Works,0,2600000,0,0,0,0,65,yes
fy-2026-27-development-book-volume-1-1011-1083,1023,1023100100,Security in Penal Facilities.,1023100128,Construction Of Watch towers and main gate at Bomet Prison,exp,3110500,Construction and Civil Works,0,4000000,0,0,0,0,65,yes
fy-2026-27-development-book-volume-1-1011-1083,1023,1023100100,Security in Penal Facilities.,1023100129,Construction of phase 1 perimeter Wall Busia Prison,exp,3110500,Construction and Civil Works,0,4800000,0,0,0,0,66,yes
fy-2026-27-development-book-volume-1-1011-1083,1023,1023100100,Security in Penal Facilities.,1023100132,Construction of elevated watch towers at Kapsabet Prison,exp,3110500,Construction and Civil Works,800000,0,0,0,0,0,66,yes
fy-2026-27-development-book-volume-1-1011-1083,1023,1023100100,Security in Penal Facilities.,1023100134,Construction of Perimeter Wall at Kajiado Prison,exp,3110500,Construction and Civil Works,0,4500000,0,0,0,0,66,yes
fy-2026-27-development-book-volume-1-1011-1083,1023,1023100100,Security in Penal Facilities.,1023100135,Construction of perimeter walls Marsabit Prison,exp,3110500,Construction and Civil Works,4772056,0,0,0,0,0,66,yes
fy-2026-27-development-book-volume-1-1011-1083,1023,1023100100,Security in Penal Facilities.,1023100138,"Construction of perimeter Wall, Gate & Gate Lodge at Voi Prison",exp,3110500,Construction and Civil Works,2050000,0,0,0,0,0,66,yes
fy-2026-27-development-book-volume-1-1011-1083,1023,1023100100,Security in Penal Facilities.,1023100144,Construction of a Perimeter wall at Kericho Medium Prison,exp,3110500,Construction and Civil Works,0,11230000,0,0,0,0,67,yes
fy-2026-27-development-book-volume-1-1011-1083,1023,1023100100,Security in Penal Facilities.,1023100146,Construction of Perimeter Wall at Kiambu Prison,exp,3110500,Construction and Civil Works,4370000,0,0,0,0,0,67,yes
fy-2026-27-development-book-volume-1-1011-1083,1023,1023100100,Security in Penal Facilities.,1023100147,Construction of horse stables at Kamiti Medium,exp,3110500,Construction and Civil Works,2000000,2000000,0,0,0,0,67,yes
fy-2026-27-development-book-volume-1-1011-1083,1023,1023100100,Security in Penal Facilities.,1023100170,Construction of security wall Muranga women prison,exp,3110500,Construction and Civil Works,5935000,0,0,0,0,0,67,yes
fy-2026-27-development-book-volume-1-1011-1083,1023,1023100100,Security in Penal Facilities.,1023100175,Completion of Perimeter Wall at Manyani GK Prison,exp,3110500,Construction and Civil Works,0,24000000,0,0,0,0,67,yes
fy-2026-27-development-book-volume-1-1011-1083,1023,1023100100,Security in Penal Facilities.,1023100185,Construction of storeyed wards & admin offices Meru main prison,exp,3110200,Construction of Building,3950000,7900000,0,0,0,0,68,yes
fy-2026-27-development-book-volume-1-1011-1083,1023,1023100100,Security in Penal Facilities.,1023100188,Construction of mixed block at Rachuonyo prison,exp,3110200,Construction of Building,0,4000000,0,0,0,0,68,yes
fy-2026-27-development-book-volume-1-1011-1083,1023,1023100100,Security in Penal Facilities.,1023100190,Completion of Prisoners ward at Kangeta prison,exp,3110200,Construction of Building,0,3210000,0,0,0,0,68,yes
fy-2026-27-development-book-volume-1-1011-1083,1023,1023100100,Security in Penal Facilities.,1023100191,Completion of a mixed block at Kaloleni Prison,exp,3110500,Construction and Civil Works,0,7500000,0,0,0,0,68,yes
fy-2026-27-development-book-volume-1-1011-1083,1023,1023100100,Security in Penal Facilities.,1023100196,Construction of reception block and armory at Nyandarua prison,exp,3110200,Construction of Building,2750000,4750000,0,0,0,0,68,yes
fy-2026-27-development-book-volume-1-1011-1083,1023,1023100100,Security in Penal Facilities.,1023100199,Completion of Administration Block at Thika Main Prison,exp,3110200,Construction of Building,2250000,0,0,0,0,0,69,yes
fy-2026-27-development-book-volume-1-1011-1083,1023,1023100200,Construction of Penal Facilities - I.,1023100214,Completion of Borehole Nyahururu,exp,3110500,Construction and Civil Works,1545000,0,0,0,0,0,69,yes
fy-2026-27-development-book-volume-1-1011-1083,1023,1023100200,Construction of Penal Facilities - I.,1023100218,Drilling Of Boreholes Moyale,exp,3110500,Construction and Civil Works,3000000,0,0,0,0,0,69,yes
fy-2026-27-development-book-volume-1-1011-1083,1023,1023100200,Construction of Penal Facilities - I.,1023100226,Construction of new prison Loitoktok,exp,3110200,Construction of Building,0,15000000,0,0,0,0,69,yes
fy-2026-27-development-book-volume-1-1011-1083,1023,1023100200,Construction of Penal Facilities - I.,1023100230,Construction of Dining hall Machakos,exp,3110200,Construction of Building,0,8000000,0,0,0,0,70,yes
fy-2026-27-development-book-volume-1-1011-1083,1023,1023100200,Construction of Penal Facilities - I.,1023100258,Completion /Refurbishment of Wards in Kapenguria,exp,3110300,Refurbishment of Buildings,0,3500000,0,0,0,0,70,yes
fy-2026-27-development-book-volume-1-1011-1083,1023,1023100200,Construction of Penal Facilities - I.,1023100261,"Construct of phase1 Hall, Offices & Ablution Block @ Regional",exp,3110200,Construction of Building,0,2620000,0,0,0,0,70,yes
fy-2026-27-development-book-volume-1-1011-1083,1023,1023100200,Construction of Penal Facilities - I.,1023100262,Refurbishment of Magereza House,exp,3110200,Construction of Building,0,36792486,0,0,0,0,70,yes
fy-2026-27-development-book-volume-1-1011-1083,1023,1023100200,Construction of Penal Facilities - I.,1023100264,Construction Of New Prison at Thika Women,exp,3110200,Construction of Building,5025000,0,0,0,0,0,70,yes
fy-2026-27-development-book-volume-1-1011-1083,1023,1023100200,Construction of Penal Facilities - I.,1023100268,Completion Women Block at Makueni Prison,exp,3110200,Construction of Building,0,4590000,0,0,0,0,71,yes
fy-2026-27-development-book-volume-1-1011-1083,1023,1023100300,Irrigation and Modernization of Prison Farms.,1023100329,Construction of Prison Industry Embu Women Prison,exp,3110200,Construction of Building,0,5000000,0,0,0,0,71,yes
fy-2026-27-development-book-volume-1-1011-1083,1023,1023100500,Prison Staff Housing.,1023100507,Construction of residential houses Garissa,exp,3110200,Construction of Building,500000,0,0,0,0,0,71,yes
fy-2026-27-development-book-volume-1-1011-1083,1023,1023100500,Prison Staff Housing.,1023100518,Construction of residential houses Kibos Main,exp,3110200,Construction of Building,0,6900000,0,0,0,0,72,yes
fy-2026-27-development-book-volume-1-1011-1083,1023,1023100500,Prison Staff Housing.,1023100544,Construction of residential houses Mwea,exp,3110200,Construction of Building,850000,0,0,0,0,0,72,yes
fy-2026-27-development-book-volume-1-1011-1083,1023,1023100500,Prison Staff Housing.,1023100549,Construction of residential houses Shimo Medium,exp,3110200,Construction of Building,1500000,0,0,0,0,0,72,yes
fy-2026-27-development-book-volume-1-1011-1083,1023,1023100500,Prison Staff Housing.,1023100557,Construction of residential houses Wundanyi,exp,3110200,Construction of Building,1435000,0,0,0,0,0,72,yes
fy-2026-27-development-book-volume-1-1011-1083,1023,1023100500,Prison Staff Housing.,1023100566,Construction of residential houses Eldoret Main,exp,3110200,Construction of Building,1570000,0,0,0,0,0,72,yes
fy-2026-27-development-book-volume-1-1011-1083,1023,1023100500,Prison Staff Housing.,1023100570,Construction of 2 staff Houses Shikusa prison,exp,3110200,Construction of Building,1500000,3000000,0,0,0,0,73,yes
fy-2026-27-development-book-volume-1-1011-1083,1023,1023100500,Prison Staff Housing.,1023100572,Construction of 2 staff houses at Migori women,exp,3110200,Construction of Building,900000,0,0,0,0,0,73,yes
fy-2026-27-development-book-volume-1-1011-1083,1023,1023100500,Prison Staff Housing.,1023100575,Construction of 2 staff houses at Rachuonyo prison,exp,3110200,Construction of Building,900000,900000,0,0,0,0,73,yes
fy-2026-27-development-book-volume-1-1011-1083,1023,1023100500,Prison Staff Housing.,1023100587,Construction of 2 staff houses at Shimo B.I,exp,3110200,Construction of Building,850000,0,0,0,0,0,73,yes
fy-2026-27-development-book-volume-1-1011-1083,1023,1023100500,Prison Staff Housing.,1023100588,Completion Of Staff Houses at Nanyuki Prison,exp,3110200,Construction of Building,0,1500000,0,0,0,0,73,yes
fy-2026-27-development-book-volume-1-1011-1083,1023,1023100500,Prison Staff Housing.,1023100593,Construction of a Storeyed Staff Houses Meru Main Prison,exp,3110200,Construction of Building,3950000,3950000,0,0,0,0,74,yes
fy-2026-27-development-book-volume-1-1011-1083,1023,1023100700,Modernization of Penal Training Facilities.,1023100703,Construction of Classrooms Shimo Medium,exp,3110200,Construction of Building,500000,0,0,0,0,0,74,yes
fy-2026-27-development-book-volume-1-1011-1083,1023,1023100700,Modernization of Penal Training Facilities.,1023100704,Construction of Classrooms Kangeta,exp,3110200,Construction of Building,500000,0,0,0,0,0,74,yes
fy-2026-27-development-book-volume-1-1011-1083,1023,1023100900,Probation Office accomodation.,1023100914,Automation of probation services,exp,3111100,"Purchase of Specialised Plant, Equipment and Machinery",0,56030950,0,0,0,0,75,yes
fy-2026-27-development-book-volume-1-1011-1083,1023,1023101000,Acquisition of ICT applications and infrastructure set up.,1023101001,Acquisition of ICT applications and infrastructure set up,exp,3111100,"Purchase of Specialised Plant, Equipment and Machinery",16000000,100000000,0,0,0,0,75,yes
fy-2026-27-development-book-volume-1-1011-1083,1023,1023101200,Security in Penal Institutions.,1023101201,Construction of phase 2 perimeter wall at Shimo Maximum prison,exp,3110500,Construction and Civil Works,0,67840000,0,0,0,0,75,yes
fy-2026-27-development-book-volume-1-1011-1083,1023,1023101200,Security in Penal Institutions.,1023101207,Completion of phase 1 Perimeter Wall at Kwale Prison,exp,3110500,Construction and Civil Works,0,15000000,0,0,0,0,76,yes
fy-2026-27-development-book-volume-1-1011-1083,1023,1023101200,Security in Penal Institutions.,1023101209,Completion of phase 2 Perimeter Fence Shimo Borstal Institution,exp,3110500,Construction and Civil Works,0,3672500,0,0,0,0,76,yes
fy-2026-27-development-book-volume-1-1011-1083,1023,1023101200,Security in Penal Institutions.,1023101221,Construction of gate lodge at Kabarnet,exp,3110200,Construction of Building,0,14000000,0,0,0,0,76,yes
fy-2026-27-development-book-volume-1-1011-1083,1023,1023101200,Security in Penal Institutions.,1023101222,Completion of administration block at Murang'a main prison,exp,3110200,Construction of Building,1565000,0,0,0,0,0,76,yes
fy-2026-27-development-book-volume-1-1011-1083,1023,1023101200,Security in Penal Institutions.,1023101227,"Acq. of Screening Machines in Shimo, Manyani , Kamiti, NRB and",exp,3111100,"Purchase of Specialised Plant, Equipment and Machinery",0,10000000,0,0,0,0,76,yes
fy-2026-27-development-book-volume-1-1011-1083,1023,1023101200,Security in Penal Institutions.,1023101230,Completion of administration block at Nyandarua main prison,exp,3110200,Construction of Building,1000000,1000000,0,0,0,0,77,yes
fy-2026-27-development-book-volume-1-1011-1083,1023,1023101300,Construction of Penal Facilities III.,1023101310,Construction of prisoners' ward at Mutomo,exp,3110200,Construction of Building,0,36500000,0,0,0,0,77,yes
fy-2026-27-development-book-volume-1-1011-1083,1023,1023101300,Construction of Penal Facilities III.,1023101313,Completion of prisoners' ward at Vihiga,exp,3110200,Construction of Building,2020000,2100000,0,0,0,0,77,yes
fy-2026-27-development-book-volume-1-1011-1083,1023,1023101300,Construction of Penal Facilities III.,1023101324,Drilling and equiping of borehole at Kaloleni prison,exp,3110500,Construction and Civil Works,0,8480000,0,0,0,0,77,yes
fy-2026-27-development-book-volume-1-1011-1083,1023,1023101300,Construction of Penal Facilities III.,1023101327,Construction of a Sewerage System at Homa Bay Prison,exp,3110500,Construction and Civil Works,1665000,1668000,0,0,0,0,78,yes
fy-2026-27-development-book-volume-1-1011-1083,1023,1023101300,Construction of Penal Facilities III.,1023101347,Completion of a Ration Store at Kakamega prisons,exp,3110200,Construction of Building,0,15000000,0,0,0,0,78,yes
fy-2026-27-development-book-volume-1-1011-1083,1023,1023101300,Construction of Penal Facilities III.,1023101350,Construction of Administration Block at Muranga Women,exp,3110200,Construction of Building,2975000,0,0,0,0,0,78,yes
fy-2026-27-development-book-volume-1-1011-1083,1023,1023101300,Construction of Penal Facilities III.,1023101351,"Complete Borehole @ Kitui Prison,O'haul of NAIROBI WEST",exp,3110500,Construction and Civil Works,2530000,2500000,0,0,0,0,78,yes
fy-2026-27-development-book-volume-1-1011-1083,1023,1023101300,Construction of Penal Facilities III.,1023101352,"Construction/Renova'n of Duty office,main store,Remand block-",exp,3110200,Construction of Building,1250000,1250000,0,0,0,0,78,yes
fy-2026-27-development-book-volume-1-1011-1083,1023,1023101400,Revitalisation of Prison Farms.,1023101403,Tea buying center at uruku prison,exp,3110500,Construction and Civil Works,1500000,4500000,0,0,0,0,79,yes
fy-2026-27-development-book-volume-1-1011-1083,1023,1023101400,Revitalisation of Prison Farms.,1023101408,Construction farm store block at Muranga Main Prisons,exp,3110500,Construction and Civil Works,0,3000000,0,0,0,0,79,yes
fy-2026-27-development-book-volume-1-1011-1083,1023,1023101500,Modernization of Prisons Industries-BETA.,1023101505,Construction Of Prison Industry Workshop at Busia Prison,exp,3110200,Construction of Building,2650000,0,0,0,0,0,79,yes
fy-2026-27-development-book-volume-1-1011-1083,1023,1023101500,Modernization of Prisons Industries-BETA.,1023101509,Construction of Prison Industry Work Shop at Kabarnet Prison,exp,3110200,Construction of Building,4000000,0,0,0,0,0,80,yes
fy-2026-27-development-book-volume-1-1011-1083,1023,1023101500,Modernization of Prisons Industries-BETA.,1023101510,Construction of Prison Industry Work Shop at Rachuonyo Prison,exp,3110200,Construction of Building,0,5000000,0,0,0,0,80,yes
fy-2026-27-development-book-volume-1-1011-1083,1023,1023101500,Modernization of Prisons Industries-BETA.,1023101516,Construction of a Showroom at Nyeri Main,exp,3110200,Construction of Building,0,5700000,0,0,0,0,80,yes
fy-2026-27-development-book-volume-1-1011-1083,1023,1023101600,Complete Construction of Staff Houses.,1023101625,Construction of Staff Houses at Vihiga Prison,exp,3110200,Construction of Building,0,15000000,0,0,0,0,80,yes
fy-2026-27-development-book-volume-1-1011-1083,1023,1023101600,Complete Construction of Staff Houses.,1023101630,Completion of Staff Houses eldoret main (three blocks 4 units),exp,3110200,Construction of Building,765000,0,0,0,0,0,81,yes
fy-2026-27-development-book-volume-1-1011-1083,1023,1023101600,Complete Construction of Staff Houses.,1023101631,Construction of 4 self contained staff housing units at Jamhuri ss,exp,3110200,Construction of Building,1250000,2500000,0,0,0,0,81,yes
fy-2026-27-development-book-volume-1-1011-1083,1023,1023101600,Complete Construction of Staff Houses.,1023101633,Construction of 30 2 bedroom units @ Eldoret Main & 20 units @,exp,3110200,Construction of Building,30000000,15000000,0,0,0,0,81,yes
fy-2026-27-development-book-volume-1-1011-1083,1023,1023101800,Aquisition of Prisons ICT & Telecommuniction infrustructure.,1023101801,Prisons ICT applications and infrastructure set up,exp,3111100,"Purchase of Specialised Plant, Equipment and Machinery",5776788,40000000,0,0,0,0,81,yes
fy-2026-27-development-book-volume-1-1011-1083,1023,1023102000,Probation Hostels.,1023102001,Completion Of Hostel Construction at Siaya Girls Probation,exp,3110200,Construction of Building,17981110,6460000,0,0,0,0,82,yes
fy-2026-27-development-book-volume-1-1011-1083,1023,1023102000,Probation Hostels.,1023102003,Construction of workshops & kitchen at Nairobi Boys probation,exp,3110200,Construction of Building,4325907,0,0,0,0,0,82,yes
fy-2026-27-development-book-volume-1-1011-1083,1023,1023102000,Probation Hostels.,1023102004,"Comple. of constr. of Girls ward, Kitchen & facility at NKR Hostel",exp,3110200,Construction of Building,8740521,8000000,0,0,0,0,82,yes
fy-2026-27-development-book-volume-1-1011-1083,1023,1023102000,Probation Hostels.,1023102005,Refurbishment of facilities at Shanzu boys Probation hostel,exp,3110200,Construction of Building,15554288,6000000,0,0,0,0,82,yes
fy-2026-27-development-book-volume-1-1011-1083,1023,1023102100,Construction of Probation Office Blocks.,1023102110,Construction of office block for the Probation offices at Kakamega,exp,3110200,Construction of Building,5750000,13500000,0,0,0,0,83,yes
fy-2026-27-development-book-volume-1-1011-1083,1023,1023102100,Construction of Probation Office Blocks.,1023102111,Construction of office block and equipping at Vihiga,exp,3110200,Construction of Building,2274648,2920000,0,0,0,0,83,yes
fy-2026-27-development-book-volume-1-1011-1083,1023,1023102100,Construction of Probation Office Blocks.,1023102113,Refurbishment and equipping of the HQs offices at Probation HQs,exp,3110200,Construction of Building,5042550,37939050,0,0,0,0,83,yes
fy-2026-27-development-book-volume-1-1011-1083,1023,1023102100,Construction of Probation Office Blocks.,1023102114,Renovations of leaking roof and refurbishment works at Molo,exp,3110500,Construction and Civil Works,0,3000000,0,0,0,0,83,yes
fy-2026-27-development-book-volume-1-1011-1083,1023,1023102100,Construction of Probation Office Blocks.,1023102118,Extension of office space for county and equipping at Nyamira,exp,3110200,Construction of Building,5044065,0,0,0,0,0,84,yes
fy-2026-27-development-book-volume-1-1011-1083,1023,1023102100,Construction of Probation Office Blocks.,1023102119,Construction of Makindu Probation Office,exp,3110200,Construction of Building,10000000,0,0,0,0,0,84,yes
fy-2026-27-development-book-volume-1-1011-1083,1023,1023102800,Security In Penal Institutions - Continued.,1023102804,Completion of Ablution Block at Sotik Prisom,exp,3110200,Construction of Building,381156,626844,0,0,0,0,84,yes
fy-2026-27-development-book-volume-1-1011-1083,1023,1023102800,Security In Penal Institutions - Continued.,1023102805,Outstanding works sewarage system at makueni prison,exp,3110500,Construction and Civil Works,0,8000000,0,0,0,0,84,yes
fy-2026-27-development-book-volume-1-1011-1083,1023,1023102800,Security In Penal Institutions - Continued.,1023102807,Construction of kitchen at Embu Women Prisons,exp,3110200,Construction of Building,1200000,0,0,0,0,0,85,yes
fy-2026-27-development-book-volume-1-1011-1083,1023,1023102800,Security In Penal Institutions - Continued.,1023102808,Proposed Multipurpose Hall at Manyani GK Prison,exp,3110200,Construction of Building,2500000,0,0,0,0,0,85,yes
fy-2026-27-development-book-volume-1-1011-1083,1023,1023102800,Security In Penal Institutions - Continued.,1023102809,Construction of multipurpose hall & kitchen at Kericho women,exp,3110200,Construction of Building,2980000,0,0,0,0,0,85,yes
fy-2026-27-development-book-volume-1-1011-1083,1023,1023102800,Security In Penal Institutions - Continued.,1023102810,Completion of Kitchen Embu Main Prison,exp,3110200,Construction of Building,1070000,1071590,0,0,0,0,85,yes
fy-2026-27-development-book-volume-1-1011-1083,1023,1023102800,Security In Penal Institutions - Continued.,1023102812,Completion of kitchen/dining hall at Busia women,exp,3110200,Construction of Building,2020000,2000000,0,0,0,0,85,yes
fy-2026-27-development-book-volume-1-1011-1083,1023,1023102800,Security In Penal Institutions - Continued.,1023102814,Construction of prisoners multipurpose hall at Kibos maximum,exp,3110200,Construction of Building,1800000,0,0,0,0,0,86,yes
fy-2026-27-development-book-volume-1-1011-1083,1023,1023102800,Security In Penal Institutions - Continued.,1023102815,Construction of laboratory at Naivasha max. prison,exp,3110200,Construction of Building,775000,779580,0,0,0,0,86,yes
fy-2026-27-development-book-volume-1-1011-1083,1023,1023102800,Security In Penal Institutions - Continued.,1023102816,Construction of two Classrooms at Kamae,exp,3110200,Construction of Building,1650000,0,0,0,0,0,86,yes
fy-2026-27-development-book-volume-1-1011-1083,1023,1023102800,Security In Penal Institutions - Continued.,1023102818,Sports Residential Camp regional commander central,exp,3110200,Construction of Building,480000,500000,0,0,0,0,86,yes
fy-2026-27-development-book-volume-1-1011-1083,1023,1023102800,Security In Penal Institutions - Continued.,1023102821,Overhaul of Sewarage System at Kibos GK Prison,exp,3110500,Construction and Civil Works,14980000,18980000,0,0,0,0,86,yes
fy-2026-27-development-book-volume-1-1011-1083,1023,1023102900,Completion of Stalled Projects.,1023102901,Construction of six one bedroomed staff houses Manyani GK,exp,3110200,Construction of Building,2350000,2350000,0,0,0,0,87,yes
fy-2026-27-development-book-volume-1-1011-1083,1023,1023102900,Completion of Stalled Projects.,1023102902,"Construction of Armoury, Security Office & Guard Room Block",exp,3110200,Construction of Building,2125000,0,0,0,0,0,87,yes
fy-2026-27-development-book-volume-1-1011-1083,1023,1023102900,Completion of Stalled Projects.,1023102903,Construction of a kitchen block Mombasa (King'orani) Remand,exp,3110200,Construction of Building,1650000,1650000,0,0,0,0,87,yes
fy-2026-27-development-book-volume-1-1011-1083,1023,1023102900,Completion of Stalled Projects.,1023102904,Construction of radio & guard room Taveta GK Prison,exp,3110200,Construction of Building,140000,0,0,0,0,0,87,yes
fy-2026-27-development-book-volume-1-1011-1083,1023,1023102900,Completion of Stalled Projects.,1023102907,Construction of a perimter fence Maranjau Prison,exp,3110500,Construction and Civil Works,0,15200000,0,0,0,0,88,yes
fy-2026-27-development-book-volume-1-1011-1083,1023,1023102900,Completion of Stalled Projects.,1023102908,Construction of two (2) staff houses Maranjau Prison,exp,3110200,Construction of Building,570000,0,0,0,0,0,88,yes
fy-2026-27-development-book-volume-1-1011-1083,1023,1023102900,Completion of Stalled Projects.,1023102910,Construction of water tank Shikusa BI,exp,3110500,Construction and Civil Works,1900000,0,0,0,0,0,88,yes
fy-2026-27-development-book-volume-1-1011-1083,1023,1023102900,Completion of Stalled Projects.,1023102913,Construction of a Septic Tank Kwale Prison,exp,3110500,Construction and Civil Works,200000,0,0,0,0,0,88,yes
fy-2026-27-development-book-volume-1-1011-1083,1023,1023102900,Completion of Stalled Projects.,1023102914,Construction of two bedroomed units staff houses Shimo medium,exp,3110200,Construction of Building,1035000,0,0,0,0,0,88,yes
fy-2026-27-development-book-volume-1-1011-1083,1023,1023102900,Completion of Stalled Projects.,1023102915,Construction of 4 unit RRI staff house Taveta GK Prison,exp,3110200,Construction of Building,470000,0,0,0,0,0,89,yes
fy-2026-27-development-book-volume-1-1011-1083,1023,1023102900,Completion of Stalled Projects.,1023102916,Construction of Prison Ward Kisumu Meduim,exp,3110200,Construction of Building,205000,0,0,0,0,0,89,yes
fy-2026-27-development-book-volume-1-1011-1083,1023,1023102900,Completion of Stalled Projects.,1023102917,Construction of Eight unit segregation block Shimo Borstal,exp,3110200,Construction of Building,500000,0,0,0,0,0,89,yes
fy-2026-27-development-book-volume-1-1011-1083,1023,1023102900,Completion of Stalled Projects.,1023102918,"Construction of a Dinning, Kitchen Area & Cold Room Shimo",exp,3110200,Construction of Building,2250000,0,0,0,0,0,89,yes
fy-2026-27-development-book-volume-1-1011-1083,1023,1023102900,Completion of Stalled Projects.,1023102919,Construction of a Perimeter Wall at Taveta GK Prison,exp,3110500,Construction and Civil Works,1400000,0,0,0,0,0,89,yes
fy-2026-27-development-book-volume-1-1011-1083,1023,1023102900,Completion of Stalled Projects.,1023102922,Construction of Dining hall Kitale main Prison,exp,3110200,Construction of Building,1375000,0,0,0,0,0,90,yes
fy-2026-27-development-book-volume-1-1011-1083,1023,1023102900,Completion of Stalled Projects.,1023102923,Construction of classroom Kitale main Prison,exp,3110200,Construction of Building,300000,0,0,0,0,0,90,yes
fy-2026-27-development-book-volume-1-1011-1083,1023,1023102900,Completion of Stalled Projects.,1023102924,Construction of Prisoners Bathroom and toilet Kitale main Prison,exp,3110200,Construction of Building,350000,0,0,0,0,0,90,yes
fy-2026-27-development-book-volume-1-1011-1083,1023,1023102900,Completion of Stalled Projects.,1023102925,Construction of 10 units of Staff Houses Kitale main Prison,exp,3110200,Construction of Building,700000,0,0,0,0,0,90,yes
fy-2026-27-development-book-volume-1-1011-1083,1023,1023102900,Completion of Stalled Projects.,1023102929,Construction of dining Eldoret main prison,exp,3110200,Construction of Building,3450000,0,0,0,0,0,90,yes
fy-2026-27-development-book-volume-1-1011-1083,1023,1023102900,Completion of Stalled Projects.,1023102930,Construction of security perimeter wall Naivasha medium,exp,3110500,Construction and Civil Works,2355000,0,0,0,0,0,91,yes
fy-2026-27-development-book-volume-1-1011-1083,1023,1023102900,Completion of Stalled Projects.,1023102932,Construction of perimeter wall at Shimo women,exp,3110500,Construction and Civil Works,7720000,3720000,0,0,0,0,91,yes
fy-2026-27-development-book-volume-1-1011-1083,1023,1023102900,Completion of Stalled Projects.,1023102939,Construction of Prisoners Wards Kisii Main Prison,exp,3110200,Construction of Building,900000,0,0,0,0,0,91,yes
fy-2026-27-development-book-volume-1-1011-1083,1023,1023103200,Refurbishment of KIbera Probation Office.,1023103201,Refurbishment of KIbera Probation Office,exp,3110200,Construction of Building,0,5920000,0,0,0,0,91,yes
fy-2026-27-development-book-volume-1-1011-1083,1023,1023103400,Prisoners Wards.,1023103414,Construction Of Prisoners Ward At Maralal Prison,exp,3110200,Construction of Building,780000,1000000,0,0,0,0,92,yes
fy-2026-27-development-book-volume-1-1011-1083,1023,1023103600,Borehole/Water Supply System/ Sewerage.,1023103609,Construction Of Septic Tank Lodwar Prison,exp,3110500,Construction and Civil Works,4000000,0,0,0,0,0,92,yes
fy-2026-27-development-book-volume-1-1011-1083,1023,1023104000,Construction of Magereza Level 4 Referral Hospital-BETA.,1023104001,Construction of Magereza Level 4 Referral Hospital,exp,3110200,Construction of Building,40000000,224380000,0,0,0,0,93,yes
fy-2026-27-development-book-volume-1-1011-1083,1023,1023104200,Emergency Flood Mitigation for Prisons.,1023104201,Emergency Flood Mitigation for Prisons,exp,3111500,Rehabilitation of Civil Works,5191421,29909000,0,0,0,0,93,yes
fy-2026-27-development-book-volume-1-1011-1083,1023,1023104400,Construction of Penal Facilities V.,1023104433,Construction of Marimanti GK Prison Women Wing,exp,3110200,Construction of Building,10000000,0,0,0,0,0,93,yes
fy-2026-27-development-book-volume-1-1011-1083,1023,1023100100,Security in Penal Facilities.,1023100105,Construction of perimeter wall Malindi,gross,,Gross,0,9000000,0,0,0,0,64,yes
fy-2026-27-development-book-volume-1-1011-1083,1023,1023100100,Security in Penal Facilities.,1023100105,Construction of perimeter wall Malindi,net,,Net,0,9000000,0,0,0,0,64,yes
fy-2026-27-development-book-volume-1-1011-1083,1023,1023100100,Security in Penal Facilities.,1023100108,Construction of perimeter wall Hindi,gross,,Gross,475000,0,0,0,0,0,64,yes
fy-2026-27-development-book-volume-1-1011-1083,1023,1023100100,Security in Penal Facilities.,1023100108,Construction of perimeter wall Hindi,net,,Net,475000,0,0,0,0,0,64,yes
fy-2026-27-development-book-volume-1-1011-1083,1023,1023100100,Security in Penal Facilities.,1023100113,Completion of Perimeter Wall at Eldoret Women Prison,gross,,Gross,1750000,0,0,0,0,0,64,yes
fy-2026-27-development-book-volume-1-1011-1083,1023,1023100100,Security in Penal Facilities.,1023100113,Completion of Perimeter Wall at Eldoret Women Prison,net,,Net,1750000,0,0,0,0,0,64,yes
fy-2026-27-development-book-volume-1-1011-1083,1023,1023100100,Security in Penal Facilities.,1023100114,Completion of Gate Lodge at Garissa Medium Prison,gross,,Gross,0,13600000,0,0,0,0,64,yes
fy-2026-27-development-book-volume-1-1011-1083,1023,1023100100,Security in Penal Facilities.,1023100114,Completion of Gate Lodge at Garissa Medium Prison,net,,Net,0,13600000,0,0,0,0,64,yes
fy-2026-27-development-book-volume-1-1011-1083,1023,1023100100,Security in Penal Facilities.,1023100118,Completion of phase 1 Perimeter Wall at Kilifi Prison,gross,,Gross,0,6410000,0,0,0,0,65,yes
fy-2026-27-development-book-volume-1-1011-1083,1023,1023100100,Security in Penal Facilities.,1023100118,Completion of phase 1 Perimeter Wall at Kilifi Prison,net,,Net,0,6410000,0,0,0,0,65,yes
fy-2026-27-development-book-volume-1-1011-1083,1023,1023100100,Security in Penal Facilities.,1023100119,Completion of Perimeter walls Machakos Women Prison,gross,,Gross,0,1500000,0,0,0,0,65,yes
fy-2026-27-development-book-volume-1-1011-1083,1023,1023100100,Security in Penal Facilities.,1023100119,Completion of Perimeter walls Machakos Women Prison,net,,Net,0,1500000,0,0,0,0,65,yes
fy-2026-27-development-book-volume-1-1011-1083,1023,1023100100,Security in Penal Facilities.,1023100122,"Completion of Gate Lodge, Armoury &Duty Office at Nyeri",gross,,Gross,1965000,0,0,0,0,0,65,yes
fy-2026-27-development-book-volume-1-1011-1083,1023,1023100100,Security in Penal Facilities.,1023100122,"Completion of Gate Lodge, Armoury &Duty Office at Nyeri",net,,Net,1965000,0,0,0,0,0,65,yes
fy-2026-27-development-book-volume-1-1011-1083,1023,1023100100,Security in Penal Facilities.,1023100123,Completion of Main Gate/Gate Lodge & Armoury at Rumuruti,gross,,Gross,0,2600000,0,0,0,0,65,yes
fy-2026-27-development-book-volume-1-1011-1083,1023,1023100100,Security in Penal Facilities.,1023100123,Completion of Main Gate/Gate Lodge & Armoury at Rumuruti,net,,Net,0,2600000,0,0,0,0,65,yes
fy-2026-27-development-book-volume-1-1011-1083,1023,1023100100,Security in Penal Facilities.,1023100128,Construction Of Watch towers and main gate at Bomet Prison,gross,,Gross,0,4000000,0,0,0,0,65,yes
fy-2026-27-development-book-volume-1-1011-1083,1023,1023100100,Security in Penal Facilities.,1023100128,Construction Of Watch towers and main gate at Bomet Prison,net,,Net,0,4000000,0,0,0,0,65,yes
fy-2026-27-development-book-volume-1-1011-1083,1023,1023100100,Security in Penal Facilities.,1023100129,Construction of phase 1 perimeter Wall Busia Prison,gross,,Gross,0,4800000,0,0,0,0,66,yes
fy-2026-27-development-book-volume-1-1011-1083,1023,1023100100,Security in Penal Facilities.,1023100129,Construction of phase 1 perimeter Wall Busia Prison,net,,Net,0,4800000,0,0,0,0,66,yes
fy-2026-27-development-book-volume-1-1011-1083,1023,1023100100,Security in Penal Facilities.,1023100132,Construction of elevated watch towers at Kapsabet Prison,gross,,Gross,800000,0,0,0,0,0,66,yes
fy-2026-27-development-book-volume-1-1011-1083,1023,1023100100,Security in Penal Facilities.,1023100132,Construction of elevated watch towers at Kapsabet Prison,net,,Net,800000,0,0,0,0,0,66,yes
fy-2026-27-development-book-volume-1-1011-1083,1023,1023100100,Security in Penal Facilities.,1023100134,Construction of Perimeter Wall at Kajiado Prison,gross,,Gross,0,4500000,0,0,0,0,66,yes
fy-2026-27-development-book-volume-1-1011-1083,1023,1023100100,Security in Penal Facilities.,1023100134,Construction of Perimeter Wall at Kajiado Prison,net,,Net,0,4500000,0,0,0,0,66,yes
fy-2026-27-development-book-volume-1-1011-1083,1023,1023100100,Security in Penal Facilities.,1023100135,Construction of perimeter walls Marsabit Prison,gross,,Gross,4772056,0,0,0,0,0,66,yes
fy-2026-27-development-book-volume-1-1011-1083,1023,1023100100,Security in Penal Facilities.,1023100135,Construction of perimeter walls Marsabit Prison,net,,Net,4772056,0,0,0,0,0,66,yes
fy-2026-27-development-book-volume-1-1011-1083,1023,1023100100,Security in Penal Facilities.,1023100138,"Construction of perimeter Wall, Gate & Gate Lodge at Voi Prison",gross,,Gross,2050000,0,0,0,0,0,66,yes
fy-2026-27-development-book-volume-1-1011-1083,1023,1023100100,Security in Penal Facilities.,1023100138,"Construction of perimeter Wall, Gate & Gate Lodge at Voi Prison",net,,Net,2050000,0,0,0,0,0,66,yes
fy-2026-27-development-book-volume-1-1011-1083,1023,1023100100,Security in Penal Facilities.,1023100144,Construction of a Perimeter wall at Kericho Medium Prison,gross,,Gross,0,11230000,0,0,0,0,67,yes
fy-2026-27-development-book-volume-1-1011-1083,1023,1023100100,Security in Penal Facilities.,1023100144,Construction of a Perimeter wall at Kericho Medium Prison,net,,Net,0,11230000,0,0,0,0,67,yes
fy-2026-27-development-book-volume-1-1011-1083,1023,1023100100,Security in Penal Facilities.,1023100146,Construction of Perimeter Wall at Kiambu Prison,gross,,Gross,4370000,0,0,0,0,0,67,yes
fy-2026-27-development-book-volume-1-1011-1083,1023,1023100100,Security in Penal Facilities.,1023100146,Construction of Perimeter Wall at Kiambu Prison,net,,Net,4370000,0,0,0,0,0,67,yes
fy-2026-27-development-book-volume-1-1011-1083,1023,1023100100,Security in Penal Facilities.,1023100147,Construction of horse stables at Kamiti Medium,gross,,Gross,2000000,2000000,0,0,0,0,67,yes
fy-2026-27-development-book-volume-1-1011-1083,1023,1023100100,Security in Penal Facilities.,1023100147,Construction of horse stables at Kamiti Medium,net,,Net,2000000,2000000,0,0,0,0,67,yes
fy-2026-27-development-book-volume-1-1011-1083,1023,1023100100,Security in Penal Facilities.,1023100170,Construction of security wall Muranga women prison,gross,,Gross,5935000,0,0,0,0,0,67,yes
fy-2026-27-development-book-volume-1-1011-1083,1023,1023100100,Security in Penal Facilities.,1023100170,Construction of security wall Muranga women prison,net,,Net,5935000,0,0,0,0,0,67,yes
fy-2026-27-development-book-volume-1-1011-1083,1023,1023100100,Security in Penal Facilities.,1023100175,Completion of Perimeter Wall at Manyani GK Prison,gross,,Gross,0,24000000,0,0,0,0,67,yes
fy-2026-27-development-book-volume-1-1011-1083,1023,1023100100,Security in Penal Facilities.,1023100175,Completion of Perimeter Wall at Manyani GK Prison,net,,Net,0,24000000,0,0,0,0,67,yes
fy-2026-27-development-book-volume-1-1011-1083,1023,1023100100,Security in Penal Facilities.,1023100185,Construction of storeyed wards & admin offices Meru main prison,gross,,Gross,3950000,7900000,0,0,0,0,68,yes
fy-2026-27-development-book-volume-1-1011-1083,1023,1023100100,Security in Penal Facilities.,1023100185,Construction of storeyed wards & admin offices Meru main prison,net,,Net,3950000,7900000,0,0,0,0,68,yes
fy-2026-27-development-book-volume-1-1011-1083,1023,1023100100,Security in Penal Facilities.,1023100188,Construction of mixed block at Rachuonyo prison,gross,,Gross,0,4000000,0,0,0,0,68,yes
fy-2026-27-development-book-volume-1-1011-1083,1023,1023100100,Security in Penal Facilities.,1023100188,Construction of mixed block at Rachuonyo prison,net,,Net,0,4000000,0,0,0,0,68,yes
fy-2026-27-development-book-volume-1-1011-1083,1023,1023100100,Security in Penal Facilities.,1023100190,Completion of Prisoners ward at Kangeta prison,gross,,Gross,0,3210000,0,0,0,0,68,yes
fy-2026-27-development-book-volume-1-1011-1083,1023,1023100100,Security in Penal Facilities.,1023100190,Completion of Prisoners ward at Kangeta prison,net,,Net,0,3210000,0,0,0,0,68,yes
fy-2026-27-development-book-volume-1-1011-1083,1023,1023100100,Security in Penal Facilities.,1023100191,Completion of a mixed block at Kaloleni Prison,gross,,Gross,0,7500000,0,0,0,0,68,yes
fy-2026-27-development-book-volume-1-1011-1083,1023,1023100100,Security in Penal Facilities.,1023100191,Completion of a mixed block at Kaloleni Prison,net,,Net,0,7500000,0,0,0,0,68,yes
fy-2026-27-development-book-volume-1-1011-1083,1023,1023100100,Security in Penal Facilities.,1023100196,Construction of reception block and armory at Nyandarua prison,gross,,Gross,2750000,4750000,0,0,0,0,68,yes
fy-2026-27-development-book-volume-1-1011-1083,1023,1023100100,Security in Penal Facilities.,1023100196,Construction of reception block and armory at Nyandarua prison,net,,Net,2750000,4750000,0,0,0,0,68,yes
fy-2026-27-development-book-volume-1-1011-1083,1023,1023100100,Security in Penal Facilities.,1023100199,Completion of Administration Block at Thika Main Prison,gross,,Gross,2250000,0,0,0,0,0,69,yes
fy-2026-27-development-book-volume-1-1011-1083,1023,1023100100,Security in Penal Facilities.,1023100199,Completion of Administration Block at Thika Main Prison,net,,Net,2250000,0,0,0,0,0,69,yes
fy-2026-27-development-book-volume-1-1011-1083,1023,1023100200,Construction of Penal Facilities - I.,1023100214,Completion of Borehole Nyahururu,gross,,Gross,1545000,0,0,0,0,0,69,yes
fy-2026-27-development-book-volume-1-1011-1083,1023,1023100200,Construction of Penal Facilities - I.,1023100214,Completion of Borehole Nyahururu,net,,Net,1545000,0,0,0,0,0,69,yes
fy-2026-27-development-book-volume-1-1011-1083,1023,1023100200,Construction of Penal Facilities - I.,1023100218,Drilling Of Boreholes Moyale,gross,,Gross,3000000,0,0,0,0,0,69,yes
fy-2026-27-development-book-volume-1-1011-1083,1023,1023100200,Construction of Penal Facilities - I.,1023100218,Drilling Of Boreholes Moyale,net,,Net,3000000,0,0,0,0,0,69,yes
fy-2026-27-development-book-volume-1-1011-1083,1023,1023100200,Construction of Penal Facilities - I.,1023100226,Construction of new prison Loitoktok,gross,,Gross,0,15000000,0,0,0,0,69,yes
fy-2026-27-development-book-volume-1-1011-1083,1023,1023100200,Construction of Penal Facilities - I.,1023100226,Construction of new prison Loitoktok,net,,Net,0,15000000,0,0,0,0,69,yes
fy-2026-27-development-book-volume-1-1011-1083,1023,1023100200,Construction of Penal Facilities - I.,1023100230,Construction of Dining hall Machakos,gross,,Gross,0,8000000,0,0,0,0,70,yes
fy-2026-27-development-book-volume-1-1011-1083,1023,1023100200,Construction of Penal Facilities - I.,1023100230,Construction of Dining hall Machakos,net,,Net,0,8000000,0,0,0,0,70,yes
fy-2026-27-development-book-volume-1-1011-1083,1023,1023100200,Construction of Penal Facilities - I.,1023100258,Completion /Refurbishment of Wards in Kapenguria,gross,,Gross,0,3500000,0,0,0,0,70,yes
fy-2026-27-development-book-volume-1-1011-1083,1023,1023100200,Construction of Penal Facilities - I.,1023100258,Completion /Refurbishment of Wards in Kapenguria,net,,Net,0,3500000,0,0,0,0,70,yes
fy-2026-27-development-book-volume-1-1011-1083,1023,1023100200,Construction of Penal Facilities - I.,1023100261,"Construct of phase1 Hall, Offices & Ablution Block @ Regional",gross,,Gross,0,2620000,0,0,0,0,70,yes
fy-2026-27-development-book-volume-1-1011-1083,1023,1023100200,Construction of Penal Facilities - I.,1023100261,"Construct of phase1 Hall, Offices & Ablution Block @ Regional",net,,Net,0,2620000,0,0,0,0,70,yes
fy-2026-27-development-book-volume-1-1011-1083,1023,1023100200,Construction of Penal Facilities - I.,1023100262,Refurbishment of Magereza House,gross,,Gross,0,36792486,0,0,0,0,70,yes
fy-2026-27-development-book-volume-1-1011-1083,1023,1023100200,Construction of Penal Facilities - I.,1023100262,Refurbishment of Magereza House,net,,Net,0,36792486,0,0,0,0,70,yes
fy-2026-27-development-book-volume-1-1011-1083,1023,1023100200,Construction of Penal Facilities - I.,1023100264,Construction Of New Prison at Thika Women,gross,,Gross,5025000,0,0,0,0,0,70,yes
fy-2026-27-development-book-volume-1-1011-1083,1023,1023100200,Construction of Penal Facilities - I.,1023100264,Construction Of New Prison at Thika Women,net,,Net,5025000,0,0,0,0,0,70,yes
fy-2026-27-development-book-volume-1-1011-1083,1023,1023100200,Construction of Penal Facilities - I.,1023100268,Completion Women Block at Makueni Prison,gross,,Gross,0,4590000,0,0,0,0,71,yes
fy-2026-27-development-book-volume-1-1011-1083,1023,1023100200,Construction of Penal Facilities - I.,1023100268,Completion Women Block at Makueni Prison,net,,Net,0,4590000,0,0,0,0,71,yes
fy-2026-27-development-book-volume-1-1011-1083,1023,1023100300,Irrigation and Modernization of Prison Farms.,1023100329,Construction of Prison Industry Embu Women Prison,gross,,Gross,0,5000000,0,0,0,0,71,yes
fy-2026-27-development-book-volume-1-1011-1083,1023,1023100300,Irrigation and Modernization of Prison Farms.,1023100329,Construction of Prison Industry Embu Women Prison,net,,Net,0,5000000,0,0,0,0,71,yes
fy-2026-27-development-book-volume-1-1011-1083,1023,1023100500,Prison Staff Housing.,1023100507,Construction of residential houses Garissa,gross,,Gross,500000,0,0,0,0,0,71,yes
fy-2026-27-development-book-volume-1-1011-1083,1023,1023100500,Prison Staff Housing.,1023100507,Construction of residential houses Garissa,net,,Net,500000,0,0,0,0,0,71,yes
fy-2026-27-development-book-volume-1-1011-1083,1023,1023100500,Prison Staff Housing.,1023100518,Construction of residential houses Kibos Main,gross,,Gross,0,6900000,0,0,0,0,72,yes
fy-2026-27-development-book-volume-1-1011-1083,1023,1023100500,Prison Staff Housing.,1023100518,Construction of residential houses Kibos Main,net,,Net,0,6900000,0,0,0,0,72,yes
fy-2026-27-development-book-volume-1-1011-1083,1023,1023100500,Prison Staff Housing.,1023100544,Construction of residential houses Mwea,gross,,Gross,850000,0,0,0,0,0,72,yes
fy-2026-27-development-book-volume-1-1011-1083,1023,1023100500,Prison Staff Housing.,1023100544,Construction of residential houses Mwea,net,,Net,850000,0,0,0,0,0,72,yes
fy-2026-27-development-book-volume-1-1011-1083,1023,1023100500,Prison Staff Housing.,1023100549,Construction of residential houses Shimo Medium,gross,,Gross,1500000,0,0,0,0,0,72,yes
fy-2026-27-development-book-volume-1-1011-1083,1023,1023100500,Prison Staff Housing.,1023100549,Construction of residential houses Shimo Medium,net,,Net,1500000,0,0,0,0,0,72,yes
fy-2026-27-development-book-volume-1-1011-1083,1023,1023100500,Prison Staff Housing.,1023100557,Construction of residential houses Wundanyi,gross,,Gross,1435000,0,0,0,0,0,72,yes
fy-2026-27-development-book-volume-1-1011-1083,1023,1023100500,Prison Staff Housing.,1023100557,Construction of residential houses Wundanyi,net,,Net,1435000,0,0,0,0,0,72,yes
fy-2026-27-development-book-volume-1-1011-1083,1023,1023100500,Prison Staff Housing.,1023100566,Construction of residential houses Eldoret Main,gross,,Gross,1570000,0,0,0,0,0,72,yes
fy-2026-27-development-book-volume-1-1011-1083,1023,1023100500,Prison Staff Housing.,1023100566,Construction of residential houses Eldoret Main,net,,Net,1570000,0,0,0,0,0,72,yes
fy-2026-27-development-book-volume-1-1011-1083,1023,1023100500,Prison Staff Housing.,1023100570,Construction of 2 staff Houses Shikusa prison,gross,,Gross,1500000,3000000,0,0,0,0,73,yes
fy-2026-27-development-book-volume-1-1011-1083,1023,1023100500,Prison Staff Housing.,1023100570,Construction of 2 staff Houses Shikusa prison,net,,Net,1500000,3000000,0,0,0,0,73,yes
fy-2026-27-development-book-volume-1-1011-1083,1023,1023100500,Prison Staff Housing.,1023100572,Construction of 2 staff houses at Migori women,gross,,Gross,900000,0,0,0,0,0,73,yes
fy-2026-27-development-book-volume-1-1011-1083,1023,1023100500,Prison Staff Housing.,1023100572,Construction of 2 staff houses at Migori women,net,,Net,900000,0,0,0,0,0,73,yes
fy-2026-27-development-book-volume-1-1011-1083,1023,1023100500,Prison Staff Housing.,1023100575,Construction of 2 staff houses at Rachuonyo prison,gross,,Gross,900000,900000,0,0,0,0,73,yes
fy-2026-27-development-book-volume-1-1011-1083,1023,1023100500,Prison Staff Housing.,1023100575,Construction of 2 staff houses at Rachuonyo prison,net,,Net,900000,900000,0,0,0,0,73,yes
fy-2026-27-development-book-volume-1-1011-1083,1023,1023100500,Prison Staff Housing.,1023100587,Construction of 2 staff houses at Shimo B.I,gross,,Gross,850000,0,0,0,0,0,73,yes
fy-2026-27-development-book-volume-1-1011-1083,1023,1023100500,Prison Staff Housing.,1023100587,Construction of 2 staff houses at Shimo B.I,net,,Net,850000,0,0,0,0,0,73,yes
fy-2026-27-development-book-volume-1-1011-1083,1023,1023100500,Prison Staff Housing.,1023100588,Completion Of Staff Houses at Nanyuki Prison,gross,,Gross,0,1500000,0,0,0,0,73,yes
fy-2026-27-development-book-volume-1-1011-1083,1023,1023100500,Prison Staff Housing.,1023100588,Completion Of Staff Houses at Nanyuki Prison,net,,Net,0,1500000,0,0,0,0,73,yes
fy-2026-27-development-book-volume-1-1011-1083,1023,1023100500,Prison Staff Housing.,1023100593,Construction of a Storeyed Staff Houses Meru Main Prison,gross,,Gross,3950000,3950000,0,0,0,0,74,yes
fy-2026-27-development-book-volume-1-1011-1083,1023,1023100500,Prison Staff Housing.,1023100593,Construction of a Storeyed Staff Houses Meru Main Prison,net,,Net,3950000,3950000,0,0,0,0,74,yes
fy-2026-27-development-book-volume-1-1011-1083,1023,1023100700,Modernization of Penal Training Facilities.,1023100703,Construction of Classrooms Shimo Medium,gross,,Gross,500000,0,0,0,0,0,74,yes
fy-2026-27-development-book-volume-1-1011-1083,1023,1023100700,Modernization of Penal Training Facilities.,1023100703,Construction of Classrooms Shimo Medium,net,,Net,500000,0,0,0,0,0,74,yes
fy-2026-27-development-book-volume-1-1011-1083,1023,1023100700,Modernization of Penal Training Facilities.,1023100704,Construction of Classrooms Kangeta,gross,,Gross,500000,0,0,0,0,0,74,yes
fy-2026-27-development-book-volume-1-1011-1083,1023,1023100700,Modernization of Penal Training Facilities.,1023100704,Construction of Classrooms Kangeta,net,,Net,500000,0,0,0,0,0,74,yes
fy-2026-27-development-book-volume-1-1011-1083,1023,1023100900,Probation Office accomodation.,1023100914,Automation of probation services,gross,,Gross,0,56030950,0,0,0,0,75,yes
fy-2026-27-development-book-volume-1-1011-1083,1023,1023100900,Probation Office accomodation.,1023100914,Automation of probation services,net,,Net,0,56030950,0,0,0,0,75,yes
fy-2026-27-development-book-volume-1-1011-1083,1023,1023101000,Acquisition of ICT applications and infrastructure set up.,1023101001,Acquisition of ICT applications and infrastructure set up,gross,,Gross,16000000,100000000,0,0,0,0,75,yes
fy-2026-27-development-book-volume-1-1011-1083,1023,1023101000,Acquisition of ICT applications and infrastructure set up.,1023101001,Acquisition of ICT applications and infrastructure set up,net,,Net,16000000,100000000,0,0,0,0,75,yes
fy-2026-27-development-book-volume-1-1011-1083,1023,1023101200,Security in Penal Institutions.,1023101201,Construction of phase 2 perimeter wall at Shimo Maximum prison,gross,,Gross,0,67840000,0,0,0,0,75,yes
fy-2026-27-development-book-volume-1-1011-1083,1023,1023101200,Security in Penal Institutions.,1023101201,Construction of phase 2 perimeter wall at Shimo Maximum prison,net,,Net,0,67840000,0,0,0,0,75,yes
fy-2026-27-development-book-volume-1-1011-1083,1023,1023101200,Security in Penal Institutions.,1023101207,Completion of phase 1 Perimeter Wall at Kwale Prison,gross,,Gross,0,15000000,0,0,0,0,76,yes
fy-2026-27-development-book-volume-1-1011-1083,1023,1023101200,Security in Penal Institutions.,1023101207,Completion of phase 1 Perimeter Wall at Kwale Prison,net,,Net,0,15000000,0,0,0,0,76,yes
fy-2026-27-development-book-volume-1-1011-1083,1023,1023101200,Security in Penal Institutions.,1023101209,Completion of phase 2 Perimeter Fence Shimo Borstal Institution,gross,,Gross,0,3672500,0,0,0,0,76,yes
fy-2026-27-development-book-volume-1-1011-1083,1023,1023101200,Security in Penal Institutions.,1023101209,Completion of phase 2 Perimeter Fence Shimo Borstal Institution,net,,Net,0,3672500,0,0,0,0,76,yes
fy-2026-27-development-book-volume-1-1011-1083,1023,1023101200,Security in Penal Institutions.,1023101221,Construction of gate lodge at Kabarnet,gross,,Gross,0,14000000,0,0,0,0,76,yes
fy-2026-27-development-book-volume-1-1011-1083,1023,1023101200,Security in Penal Institutions.,1023101221,Construction of gate lodge at Kabarnet,net,,Net,0,14000000,0,0,0,0,76,yes
fy-2026-27-development-book-volume-1-1011-1083,1023,1023101200,Security in Penal Institutions.,1023101222,Completion of administration block at Murang'a main prison,gross,,Gross,1565000,0,0,0,0,0,76,yes
fy-2026-27-development-book-volume-1-1011-1083,1023,1023101200,Security in Penal Institutions.,1023101222,Completion of administration block at Murang'a main prison,net,,Net,1565000,0,0,0,0,0,76,yes
fy-2026-27-development-book-volume-1-1011-1083,1023,1023101200,Security in Penal Institutions.,1023101227,"Acq. of Screening Machines in Shimo, Manyani , Kamiti, NRB and",gross,,Gross,0,10000000,0,0,0,0,76,yes
fy-2026-27-development-book-volume-1-1011-1083,1023,1023101200,Security in Penal Institutions.,1023101227,"Acq. of Screening Machines in Shimo, Manyani , Kamiti, NRB and",net,,Net,0,10000000,0,0,0,0,76,yes
fy-2026-27-development-book-volume-1-1011-1083,1023,1023101200,Security in Penal Institutions.,1023101230,Completion of administration block at Nyandarua main prison,gross,,Gross,1000000,1000000,0,0,0,0,77,yes
fy-2026-27-development-book-volume-1-1011-1083,1023,1023101200,Security in Penal Institutions.,1023101230,Completion of administration block at Nyandarua main prison,net,,Net,1000000,1000000,0,0,0,0,77,yes
fy-2026-27-development-book-volume-1-1011-1083,1023,1023101300,Construction of Penal Facilities III.,1023101310,Construction of prisoners' ward at Mutomo,gross,,Gross,0,36500000,0,0,0,0,77,yes
fy-2026-27-development-book-volume-1-1011-1083,1023,1023101300,Construction of Penal Facilities III.,1023101310,Construction of prisoners' ward at Mutomo,net,,Net,0,36500000,0,0,0,0,77,yes
fy-2026-27-development-book-volume-1-1011-1083,1023,1023101300,Construction of Penal Facilities III.,1023101313,Completion of prisoners' ward at Vihiga,gross,,Gross,2020000,2100000,0,0,0,0,77,yes
fy-2026-27-development-book-volume-1-1011-1083,1023,1023101300,Construction of Penal Facilities III.,1023101313,Completion of prisoners' ward at Vihiga,net,,Net,2020000,2100000,0,0,0,0,77,yes
fy-2026-27-development-book-volume-1-1011-1083,1023,1023101300,Construction of Penal Facilities III.,1023101324,Drilling and equiping of borehole at Kaloleni prison,gross,,Gross,0,8480000,0,0,0,0,77,yes
fy-2026-27-development-book-volume-1-1011-1083,1023,1023101300,Construction of Penal Facilities III.,1023101324,Drilling and equiping of borehole at Kaloleni prison,net,,Net,0,8480000,0,0,0,0,77,yes
fy-2026-27-development-book-volume-1-1011-1083,1023,1023101300,Construction of Penal Facilities III.,1023101327,Construction of a Sewerage System at Homa Bay Prison,gross,,Gross,1665000,1668000,0,0,0,0,78,yes
fy-2026-27-development-book-volume-1-1011-1083,1023,1023101300,Construction of Penal Facilities III.,1023101327,Construction of a Sewerage System at Homa Bay Prison,net,,Net,1665000,1668000,0,0,0,0,78,yes
fy-2026-27-development-book-volume-1-1011-1083,1023,1023101300,Construction of Penal Facilities III.,1023101347,Completion of a Ration Store at Kakamega prisons,gross,,Gross,0,15000000,0,0,0,0,78,yes
fy-2026-27-development-book-volume-1-1011-1083,1023,1023101300,Construction of Penal Facilities III.,1023101347,Completion of a Ration Store at Kakamega prisons,net,,Net,0,15000000,0,0,0,0,78,yes
fy-2026-27-development-book-volume-1-1011-1083,1023,1023101300,Construction of Penal Facilities III.,1023101350,Construction of Administration Block at Muranga Women,gross,,Gross,2975000,0,0,0,0,0,78,yes
fy-2026-27-development-book-volume-1-1011-1083,1023,1023101300,Construction of Penal Facilities III.,1023101350,Construction of Administration Block at Muranga Women,net,,Net,2975000,0,0,0,0,0,78,yes
fy-2026-27-development-book-volume-1-1011-1083,1023,1023101300,Construction of Penal Facilities III.,1023101351,"Complete Borehole @ Kitui Prison,O'haul of NAIROBI WEST",gross,,Gross,2530000,2500000,0,0,0,0,78,yes
fy-2026-27-development-book-volume-1-1011-1083,1023,1023101300,Construction of Penal Facilities III.,1023101351,"Complete Borehole @ Kitui Prison,O'haul of NAIROBI WEST",net,,Net,2530000,2500000,0,0,0,0,78,yes
fy-2026-27-development-book-volume-1-1011-1083,1023,1023101300,Construction of Penal Facilities III.,1023101352,"Construction/Renova'n of Duty office,main store,Remand block-",gross,,Gross,1250000,1250000,0,0,0,0,78,yes
fy-2026-27-development-book-volume-1-1011-1083,1023,1023101300,Construction of Penal Facilities III.,1023101352,"Construction/Renova'n of Duty office,main store,Remand block-",net,,Net,1250000,1250000,0,0,0,0,78,yes
fy-2026-27-development-book-volume-1-1011-1083,1023,1023101400,Revitalisation of Prison Farms.,1023101403,Tea buying center at uruku prison,gross,,Gross,1500000,4500000,0,0,0,0,79,yes
fy-2026-27-development-book-volume-1-1011-1083,1023,1023101400,Revitalisation of Prison Farms.,1023101403,Tea buying center at uruku prison,net,,Net,1500000,4500000,0,0,0,0,79,yes
fy-2026-27-development-book-volume-1-1011-1083,1023,1023101400,Revitalisation of Prison Farms.,1023101408,Construction farm store block at Muranga Main Prisons,gross,,Gross,0,3000000,0,0,0,0,79,yes
fy-2026-27-development-book-volume-1-1011-1083,1023,1023101400,Revitalisation of Prison Farms.,1023101408,Construction farm store block at Muranga Main Prisons,net,,Net,0,3000000,0,0,0,0,79,yes
fy-2026-27-development-book-volume-1-1011-1083,1023,1023101500,Modernization of Prisons Industries-BETA.,1023101505,Construction Of Prison Industry Workshop at Busia Prison,gross,,Gross,2650000,0,0,0,0,0,79,yes
fy-2026-27-development-book-volume-1-1011-1083,1023,1023101500,Modernization of Prisons Industries-BETA.,1023101505,Construction Of Prison Industry Workshop at Busia Prison,net,,Net,2650000,0,0,0,0,0,79,yes
fy-2026-27-development-book-volume-1-1011-1083,1023,1023101500,Modernization of Prisons Industries-BETA.,1023101509,Construction of Prison Industry Work Shop at Kabarnet Prison,gross,,Gross,4000000,0,0,0,0,0,80,yes
fy-2026-27-development-book-volume-1-1011-1083,1023,1023101500,Modernization of Prisons Industries-BETA.,1023101509,Construction of Prison Industry Work Shop at Kabarnet Prison,net,,Net,4000000,0,0,0,0,0,80,yes
fy-2026-27-development-book-volume-1-1011-1083,1023,1023101500,Modernization of Prisons Industries-BETA.,1023101510,Construction of Prison Industry Work Shop at Rachuonyo Prison,gross,,Gross,0,5000000,0,0,0,0,80,yes
fy-2026-27-development-book-volume-1-1011-1083,1023,1023101500,Modernization of Prisons Industries-BETA.,1023101510,Construction of Prison Industry Work Shop at Rachuonyo Prison,net,,Net,0,5000000,0,0,0,0,80,yes
fy-2026-27-development-book-volume-1-1011-1083,1023,1023101500,Modernization of Prisons Industries-BETA.,1023101516,Construction of a Showroom at Nyeri Main,gross,,Gross,0,5700000,0,0,0,0,80,yes
fy-2026-27-development-book-volume-1-1011-1083,1023,1023101500,Modernization of Prisons Industries-BETA.,1023101516,Construction of a Showroom at Nyeri Main,net,,Net,0,5700000,0,0,0,0,80,yes
fy-2026-27-development-book-volume-1-1011-1083,1023,1023101600,Complete Construction of Staff Houses.,1023101625,Construction of Staff Houses at Vihiga Prison,gross,,Gross,0,15000000,0,0,0,0,80,yes
fy-2026-27-development-book-volume-1-1011-1083,1023,1023101600,Complete Construction of Staff Houses.,1023101625,Construction of Staff Houses at Vihiga Prison,net,,Net,0,15000000,0,0,0,0,80,yes
fy-2026-27-development-book-volume-1-1011-1083,1023,1023101600,Complete Construction of Staff Houses.,1023101630,Completion of Staff Houses eldoret main (three blocks 4 units),gross,,Gross,765000,0,0,0,0,0,81,yes
fy-2026-27-development-book-volume-1-1011-1083,1023,1023101600,Complete Construction of Staff Houses.,1023101630,Completion of Staff Houses eldoret main (three blocks 4 units),net,,Net,765000,0,0,0,0,0,81,yes
fy-2026-27-development-book-volume-1-1011-1083,1023,1023101600,Complete Construction of Staff Houses.,1023101631,Construction of 4 self contained staff housing units at Jamhuri ss,gross,,Gross,1250000,2500000,0,0,0,0,81,yes
fy-2026-27-development-book-volume-1-1011-1083,1023,1023101600,Complete Construction of Staff Houses.,1023101631,Construction of 4 self contained staff housing units at Jamhuri ss,net,,Net,1250000,2500000,0,0,0,0,81,yes
fy-2026-27-development-book-volume-1-1011-1083,1023,1023101600,Complete Construction of Staff Houses.,1023101633,Construction of 30 2 bedroom units @ Eldoret Main & 20 units @,gross,,Gross,30000000,15000000,0,0,0,0,81,yes
fy-2026-27-development-book-volume-1-1011-1083,1023,1023101600,Complete Construction of Staff Houses.,1023101633,Construction of 30 2 bedroom units @ Eldoret Main & 20 units @,net,,Net,30000000,15000000,0,0,0,0,81,yes
fy-2026-27-development-book-volume-1-1011-1083,1023,1023101800,Aquisition of Prisons ICT & Telecommuniction infrustructure.,1023101801,Prisons ICT applications and infrastructure set up,gross,,Gross,5776788,40000000,0,0,0,0,81,yes
fy-2026-27-development-book-volume-1-1011-1083,1023,1023101800,Aquisition of Prisons ICT & Telecommuniction infrustructure.,1023101801,Prisons ICT applications and infrastructure set up,net,,Net,5776788,40000000,0,0,0,0,81,yes
fy-2026-27-development-book-volume-1-1011-1083,1023,1023102000,Probation Hostels.,1023102001,Completion Of Hostel Construction at Siaya Girls Probation,gross,,Gross,17981110,6460000,0,0,0,0,82,yes
fy-2026-27-development-book-volume-1-1011-1083,1023,1023102000,Probation Hostels.,1023102001,Completion Of Hostel Construction at Siaya Girls Probation,net,,Net,17981110,6460000,0,0,0,0,82,yes
fy-2026-27-development-book-volume-1-1011-1083,1023,1023102000,Probation Hostels.,1023102003,Construction of workshops & kitchen at Nairobi Boys probation,gross,,Gross,4325907,0,0,0,0,0,82,yes
fy-2026-27-development-book-volume-1-1011-1083,1023,1023102000,Probation Hostels.,1023102003,Construction of workshops & kitchen at Nairobi Boys probation,net,,Net,4325907,0,0,0,0,0,82,yes
fy-2026-27-development-book-volume-1-1011-1083,1023,1023102000,Probation Hostels.,1023102004,"Comple. of constr. of Girls ward, Kitchen & facility at NKR Hostel",gross,,Gross,8740521,8000000,0,0,0,0,82,yes
fy-2026-27-development-book-volume-1-1011-1083,1023,1023102000,Probation Hostels.,1023102004,"Comple. of constr. of Girls ward, Kitchen & facility at NKR Hostel",net,,Net,8740521,8000000,0,0,0,0,82,yes
fy-2026-27-development-book-volume-1-1011-1083,1023,1023102000,Probation Hostels.,1023102005,Refurbishment of facilities at Shanzu boys Probation hostel,gross,,Gross,15554288,6000000,0,0,0,0,82,yes
fy-2026-27-development-book-volume-1-1011-1083,1023,1023102000,Probation Hostels.,1023102005,Refurbishment of facilities at Shanzu boys Probation hostel,net,,Net,15554288,6000000,0,0,0,0,82,yes
fy-2026-27-development-book-volume-1-1011-1083,1023,1023102100,Construction of Probation Office Blocks.,1023102110,Construction of office block for the Probation offices at Kakamega,gross,,Gross,5750000,13500000,0,0,0,0,83,yes
fy-2026-27-development-book-volume-1-1011-1083,1023,1023102100,Construction of Probation Office Blocks.,1023102110,Construction of office block for the Probation offices at Kakamega,net,,Net,5750000,13500000,0,0,0,0,83,yes
fy-2026-27-development-book-volume-1-1011-1083,1023,1023102100,Construction of Probation Office Blocks.,1023102111,Construction of office block and equipping at Vihiga,gross,,Gross,2274648,2920000,0,0,0,0,83,yes
fy-2026-27-development-book-volume-1-1011-1083,1023,1023102100,Construction of Probation Office Blocks.,1023102111,Construction of office block and equipping at Vihiga,net,,Net,2274648,2920000,0,0,0,0,83,yes
fy-2026-27-development-book-volume-1-1011-1083,1023,1023102100,Construction of Probation Office Blocks.,1023102113,Refurbishment and equipping of the HQs offices at Probation HQs,gross,,Gross,5042550,37939050,0,0,0,0,83,yes
fy-2026-27-development-book-volume-1-1011-1083,1023,1023102100,Construction of Probation Office Blocks.,1023102113,Refurbishment and equipping of the HQs offices at Probation HQs,net,,Net,5042550,37939050,0,0,0,0,83,yes
fy-2026-27-development-book-volume-1-1011-1083,1023,1023102100,Construction of Probation Office Blocks.,1023102114,Renovations of leaking roof and refurbishment works at Molo,gross,,Gross,0,3000000,0,0,0,0,83,yes
fy-2026-27-development-book-volume-1-1011-1083,1023,1023102100,Construction of Probation Office Blocks.,1023102114,Renovations of leaking roof and refurbishment works at Molo,net,,Net,0,3000000,0,0,0,0,83,yes
fy-2026-27-development-book-volume-1-1011-1083,1023,1023102100,Construction of Probation Office Blocks.,1023102118,Extension of office space for county and equipping at Nyamira,gross,,Gross,5044065,0,0,0,0,0,84,yes
fy-2026-27-development-book-volume-1-1011-1083,1023,1023102100,Construction of Probation Office Blocks.,1023102118,Extension of office space for county and equipping at Nyamira,net,,Net,5044065,0,0,0,0,0,84,yes
fy-2026-27-development-book-volume-1-1011-1083,1023,1023102100,Construction of Probation Office Blocks.,1023102119,Construction of Makindu Probation Office,gross,,Gross,10000000,0,0,0,0,0,84,yes
fy-2026-27-development-book-volume-1-1011-1083,1023,1023102100,Construction of Probation Office Blocks.,1023102119,Construction of Makindu Probation Office,net,,Net,10000000,0,0,0,0,0,84,yes
fy-2026-27-development-book-volume-1-1011-1083,1023,1023102800,Security In Penal Institutions - Continued.,1023102804,Completion of Ablution Block at Sotik Prisom,gross,,Gross,381156,626844,0,0,0,0,84,yes
fy-2026-27-development-book-volume-1-1011-1083,1023,1023102800,Security In Penal Institutions - Continued.,1023102804,Completion of Ablution Block at Sotik Prisom,net,,Net,381156,626844,0,0,0,0,84,yes
fy-2026-27-development-book-volume-1-1011-1083,1023,1023102800,Security In Penal Institutions - Continued.,1023102805,Outstanding works sewarage system at makueni prison,gross,,Gross,0,8000000,0,0,0,0,84,yes
fy-2026-27-development-book-volume-1-1011-1083,1023,1023102800,Security In Penal Institutions - Continued.,1023102805,Outstanding works sewarage system at makueni prison,net,,Net,0,8000000,0,0,0,0,84,yes
fy-2026-27-development-book-volume-1-1011-1083,1023,1023102800,Security In Penal Institutions - Continued.,1023102807,Construction of kitchen at Embu Women Prisons,gross,,Gross,1200000,0,0,0,0,0,85,yes
fy-2026-27-development-book-volume-1-1011-1083,1023,1023102800,Security In Penal Institutions - Continued.,1023102807,Construction of kitchen at Embu Women Prisons,net,,Net,1200000,0,0,0,0,0,85,yes
fy-2026-27-development-book-volume-1-1011-1083,1023,1023102800,Security In Penal Institutions - Continued.,1023102808,Proposed Multipurpose Hall at Manyani GK Prison,gross,,Gross,2500000,0,0,0,0,0,85,yes
fy-2026-27-development-book-volume-1-1011-1083,1023,1023102800,Security In Penal Institutions - Continued.,1023102808,Proposed Multipurpose Hall at Manyani GK Prison,net,,Net,2500000,0,0,0,0,0,85,yes
fy-2026-27-development-book-volume-1-1011-1083,1023,1023102800,Security In Penal Institutions - Continued.,1023102809,Construction of multipurpose hall & kitchen at Kericho women,gross,,Gross,2980000,0,0,0,0,0,85,yes
fy-2026-27-development-book-volume-1-1011-1083,1023,1023102800,Security In Penal Institutions - Continued.,1023102809,Construction of multipurpose hall & kitchen at Kericho women,net,,Net,2980000,0,0,0,0,0,85,yes
fy-2026-27-development-book-volume-1-1011-1083,1023,1023102800,Security In Penal Institutions - Continued.,1023102810,Completion of Kitchen Embu Main Prison,gross,,Gross,1070000,1071590,0,0,0,0,85,yes
fy-2026-27-development-book-volume-1-1011-1083,1023,1023102800,Security In Penal Institutions - Continued.,1023102810,Completion of Kitchen Embu Main Prison,net,,Net,1070000,1071590,0,0,0,0,85,yes
fy-2026-27-development-book-volume-1-1011-1083,1023,1023102800,Security In Penal Institutions - Continued.,1023102812,Completion of kitchen/dining hall at Busia women,gross,,Gross,2020000,2000000,0,0,0,0,85,yes
fy-2026-27-development-book-volume-1-1011-1083,1023,1023102800,Security In Penal Institutions - Continued.,1023102812,Completion of kitchen/dining hall at Busia women,net,,Net,2020000,2000000,0,0,0,0,85,yes
fy-2026-27-development-book-volume-1-1011-1083,1023,1023102800,Security In Penal Institutions - Continued.,1023102814,Construction of prisoners multipurpose hall at Kibos maximum,gross,,Gross,1800000,0,0,0,0,0,86,yes
fy-2026-27-development-book-volume-1-1011-1083,1023,1023102800,Security In Penal Institutions - Continued.,1023102814,Construction of prisoners multipurpose hall at Kibos maximum,net,,Net,1800000,0,0,0,0,0,86,yes
fy-2026-27-development-book-volume-1-1011-1083,1023,1023102800,Security In Penal Institutions - Continued.,1023102815,Construction of laboratory at Naivasha max. prison,gross,,Gross,775000,779580,0,0,0,0,86,yes
fy-2026-27-development-book-volume-1-1011-1083,1023,1023102800,Security In Penal Institutions - Continued.,1023102815,Construction of laboratory at Naivasha max. prison,net,,Net,775000,779580,0,0,0,0,86,yes
fy-2026-27-development-book-volume-1-1011-1083,1023,1023102800,Security In Penal Institutions - Continued.,1023102816,Construction of two Classrooms at Kamae,gross,,Gross,1650000,0,0,0,0,0,86,yes
fy-2026-27-development-book-volume-1-1011-1083,1023,1023102800,Security In Penal Institutions - Continued.,1023102816,Construction of two Classrooms at Kamae,net,,Net,1650000,0,0,0,0,0,86,yes
fy-2026-27-development-book-volume-1-1011-1083,1023,1023102800,Security In Penal Institutions - Continued.,1023102818,Sports Residential Camp regional commander central,gross,,Gross,480000,500000,0,0,0,0,86,yes
fy-2026-27-development-book-volume-1-1011-1083,1023,1023102800,Security In Penal Institutions - Continued.,1023102818,Sports Residential Camp regional commander central,net,,Net,480000,500000,0,0,0,0,86,yes
fy-2026-27-development-book-volume-1-1011-1083,1023,1023102800,Security In Penal Institutions - Continued.,1023102821,Overhaul of Sewarage System at Kibos GK Prison,gross,,Gross,14980000,18980000,0,0,0,0,86,yes
fy-2026-27-development-book-volume-1-1011-1083,1023,1023102800,Security In Penal Institutions - Continued.,1023102821,Overhaul of Sewarage System at Kibos GK Prison,net,,Net,14980000,18980000,0,0,0,0,86,yes
fy-2026-27-development-book-volume-1-1011-1083,1023,1023102900,Completion of Stalled Projects.,1023102901,Construction of six one bedroomed staff houses Manyani GK,gross,,Gross,2350000,2350000,0,0,0,0,87,yes
fy-2026-27-development-book-volume-1-1011-1083,1023,1023102900,Completion of Stalled Projects.,1023102901,Construction of six one bedroomed staff houses Manyani GK,net,,Net,2350000,2350000,0,0,0,0,87,yes
fy-2026-27-development-book-volume-1-1011-1083,1023,1023102900,Completion of Stalled Projects.,1023102902,"Construction of Armoury, Security Office & Guard Room Block",gross,,Gross,2125000,0,0,0,0,0,87,yes
fy-2026-27-development-book-volume-1-1011-1083,1023,1023102900,Completion of Stalled Projects.,1023102902,"Construction of Armoury, Security Office & Guard Room Block",net,,Net,2125000,0,0,0,0,0,87,yes
fy-2026-27-development-book-volume-1-1011-1083,1023,1023102900,Completion of Stalled Projects.,1023102903,Construction of a kitchen block Mombasa (King'orani) Remand,gross,,Gross,1650000,1650000,0,0,0,0,87,yes
fy-2026-27-development-book-volume-1-1011-1083,1023,1023102900,Completion of Stalled Projects.,1023102903,Construction of a kitchen block Mombasa (King'orani) Remand,net,,Net,1650000,1650000,0,0,0,0,87,yes
fy-2026-27-development-book-volume-1-1011-1083,1023,1023102900,Completion of Stalled Projects.,1023102904,Construction of radio & guard room Taveta GK Prison,gross,,Gross,140000,0,0,0,0,0,87,yes
fy-2026-27-development-book-volume-1-1011-1083,1023,1023102900,Completion of Stalled Projects.,1023102904,Construction of radio & guard room Taveta GK Prison,net,,Net,140000,0,0,0,0,0,87,yes
fy-2026-27-development-book-volume-1-1011-1083,1023,1023102900,Completion of Stalled Projects.,1023102907,Construction of a perimter fence Maranjau Prison,gross,,Gross,0,15200000,0,0,0,0,88,yes
fy-2026-27-development-book-volume-1-1011-1083,1023,1023102900,Completion of Stalled Projects.,1023102907,Construction of a perimter fence Maranjau Prison,net,,Net,0,15200000,0,0,0,0,88,yes
fy-2026-27-development-book-volume-1-1011-1083,1023,1023102900,Completion of Stalled Projects.,1023102908,Construction of two (2) staff houses Maranjau Prison,gross,,Gross,570000,0,0,0,0,0,88,yes
fy-2026-27-development-book-volume-1-1011-1083,1023,1023102900,Completion of Stalled Projects.,1023102908,Construction of two (2) staff houses Maranjau Prison,net,,Net,570000,0,0,0,0,0,88,yes
fy-2026-27-development-book-volume-1-1011-1083,1023,1023102900,Completion of Stalled Projects.,1023102910,Construction of water tank Shikusa BI,gross,,Gross,1900000,0,0,0,0,0,88,yes
fy-2026-27-development-book-volume-1-1011-1083,1023,1023102900,Completion of Stalled Projects.,1023102910,Construction of water tank Shikusa BI,net,,Net,1900000,0,0,0,0,0,88,yes
fy-2026-27-development-book-volume-1-1011-1083,1023,1023102900,Completion of Stalled Projects.,1023102913,Construction of a Septic Tank Kwale Prison,gross,,Gross,200000,0,0,0,0,0,88,yes
fy-2026-27-development-book-volume-1-1011-1083,1023,1023102900,Completion of Stalled Projects.,1023102913,Construction of a Septic Tank Kwale Prison,net,,Net,200000,0,0,0,0,0,88,yes
fy-2026-27-development-book-volume-1-1011-1083,1023,1023102900,Completion of Stalled Projects.,1023102914,Construction of two bedroomed units staff houses Shimo medium,gross,,Gross,1035000,0,0,0,0,0,88,yes
fy-2026-27-development-book-volume-1-1011-1083,1023,1023102900,Completion of Stalled Projects.,1023102914,Construction of two bedroomed units staff houses Shimo medium,net,,Net,1035000,0,0,0,0,0,88,yes
fy-2026-27-development-book-volume-1-1011-1083,1023,1023102900,Completion of Stalled Projects.,1023102915,Construction of 4 unit RRI staff house Taveta GK Prison,gross,,Gross,470000,0,0,0,0,0,89,yes
fy-2026-27-development-book-volume-1-1011-1083,1023,1023102900,Completion of Stalled Projects.,1023102915,Construction of 4 unit RRI staff house Taveta GK Prison,net,,Net,470000,0,0,0,0,0,89,yes
fy-2026-27-development-book-volume-1-1011-1083,1023,1023102900,Completion of Stalled Projects.,1023102916,Construction of Prison Ward Kisumu Meduim,gross,,Gross,205000,0,0,0,0,0,89,yes
fy-2026-27-development-book-volume-1-1011-1083,1023,1023102900,Completion of Stalled Projects.,1023102916,Construction of Prison Ward Kisumu Meduim,net,,Net,205000,0,0,0,0,0,89,yes
fy-2026-27-development-book-volume-1-1011-1083,1023,1023102900,Completion of Stalled Projects.,1023102917,Construction of Eight unit segregation block Shimo Borstal,gross,,Gross,500000,0,0,0,0,0,89,yes
fy-2026-27-development-book-volume-1-1011-1083,1023,1023102900,Completion of Stalled Projects.,1023102917,Construction of Eight unit segregation block Shimo Borstal,net,,Net,500000,0,0,0,0,0,89,yes
fy-2026-27-development-book-volume-1-1011-1083,1023,1023102900,Completion of Stalled Projects.,1023102918,"Construction of a Dinning, Kitchen Area & Cold Room Shimo",gross,,Gross,2250000,0,0,0,0,0,89,yes
fy-2026-27-development-book-volume-1-1011-1083,1023,1023102900,Completion of Stalled Projects.,1023102918,"Construction of a Dinning, Kitchen Area & Cold Room Shimo",net,,Net,2250000,0,0,0,0,0,89,yes
fy-2026-27-development-book-volume-1-1011-1083,1023,1023102900,Completion of Stalled Projects.,1023102919,Construction of a Perimeter Wall at Taveta GK Prison,gross,,Gross,1400000,0,0,0,0,0,89,yes
fy-2026-27-development-book-volume-1-1011-1083,1023,1023102900,Completion of Stalled Projects.,1023102919,Construction of a Perimeter Wall at Taveta GK Prison,net,,Net,1400000,0,0,0,0,0,89,yes
fy-2026-27-development-book-volume-1-1011-1083,1023,1023102900,Completion of Stalled Projects.,1023102922,Construction of Dining hall Kitale main Prison,gross,,Gross,1375000,0,0,0,0,0,90,yes
fy-2026-27-development-book-volume-1-1011-1083,1023,1023102900,Completion of Stalled Projects.,1023102922,Construction of Dining hall Kitale main Prison,net,,Net,1375000,0,0,0,0,0,90,yes
fy-2026-27-development-book-volume-1-1011-1083,1023,1023102900,Completion of Stalled Projects.,1023102923,Construction of classroom Kitale main Prison,gross,,Gross,300000,0,0,0,0,0,90,yes
fy-2026-27-development-book-volume-1-1011-1083,1023,1023102900,Completion of Stalled Projects.,1023102923,Construction of classroom Kitale main Prison,net,,Net,300000,0,0,0,0,0,90,yes
fy-2026-27-development-book-volume-1-1011-1083,1023,1023102900,Completion of Stalled Projects.,1023102924,Construction of Prisoners Bathroom and toilet Kitale main Prison,gross,,Gross,350000,0,0,0,0,0,90,yes
fy-2026-27-development-book-volume-1-1011-1083,1023,1023102900,Completion of Stalled Projects.,1023102924,Construction of Prisoners Bathroom and toilet Kitale main Prison,net,,Net,350000,0,0,0,0,0,90,yes
fy-2026-27-development-book-volume-1-1011-1083,1023,1023102900,Completion of Stalled Projects.,1023102925,Construction of 10 units of Staff Houses Kitale main Prison,gross,,Gross,700000,0,0,0,0,0,90,yes
fy-2026-27-development-book-volume-1-1011-1083,1023,1023102900,Completion of Stalled Projects.,1023102925,Construction of 10 units of Staff Houses Kitale main Prison,net,,Net,700000,0,0,0,0,0,90,yes
fy-2026-27-development-book-volume-1-1011-1083,1023,1023102900,Completion of Stalled Projects.,1023102929,Construction of dining Eldoret main prison,gross,,Gross,3450000,0,0,0,0,0,90,yes
fy-2026-27-development-book-volume-1-1011-1083,1023,1023102900,Completion of Stalled Projects.,1023102929,Construction of dining Eldoret main prison,net,,Net,3450000,0,0,0,0,0,90,yes
fy-2026-27-development-book-volume-1-1011-1083,1023,1023102900,Completion of Stalled Projects.,1023102930,Construction of security perimeter wall Naivasha medium,gross,,Gross,2355000,0,0,0,0,0,91,yes
fy-2026-27-development-book-volume-1-1011-1083,1023,1023102900,Completion of Stalled Projects.,1023102930,Construction of security perimeter wall Naivasha medium,net,,Net,2355000,0,0,0,0,0,91,yes
fy-2026-27-development-book-volume-1-1011-1083,1023,1023102900,Completion of Stalled Projects.,1023102932,Construction of perimeter wall at Shimo women,gross,,Gross,7720000,3720000,0,0,0,0,91,yes
fy-2026-27-development-book-volume-1-1011-1083,1023,1023102900,Completion of Stalled Projects.,1023102932,Construction of perimeter wall at Shimo women,net,,Net,7720000,3720000,0,0,0,0,91,yes
fy-2026-27-development-book-volume-1-1011-1083,1023,1023102900,Completion of Stalled Projects.,1023102939,Construction of Prisoners Wards Kisii Main Prison,gross,,Gross,900000,0,0,0,0,0,91,yes
fy-2026-27-development-book-volume-1-1011-1083,1023,1023102900,Completion of Stalled Projects.,1023102939,Construction of Prisoners Wards Kisii Main Prison,net,,Net,900000,0,0,0,0,0,91,yes
fy-2026-27-development-book-volume-1-1011-1083,1023,1023103200,Refurbishment of KIbera Probation Office.,1023103201,Refurbishment of KIbera Probation Office,gross,,Gross,0,5920000,0,0,0,0,91,yes
fy-2026-27-development-book-volume-1-1011-1083,1023,1023103200,Refurbishment of KIbera Probation Office.,1023103201,Refurbishment of KIbera Probation Office,net,,Net,0,5920000,0,0,0,0,91,yes
fy-2026-27-development-book-volume-1-1011-1083,1023,1023103400,Prisoners Wards.,1023103414,Construction Of Prisoners Ward At Maralal Prison,gross,,Gross,780000,1000000,0,0,0,0,92,yes
fy-2026-27-development-book-volume-1-1011-1083,1023,1023103400,Prisoners Wards.,1023103414,Construction Of Prisoners Ward At Maralal Prison,net,,Net,780000,1000000,0,0,0,0,92,yes
fy-2026-27-development-book-volume-1-1011-1083,1023,1023103600,Borehole/Water Supply System/ Sewerage.,1023103609,Construction Of Septic Tank Lodwar Prison,gross,,Gross,4000000,0,0,0,0,0,92,yes
fy-2026-27-development-book-volume-1-1011-1083,1023,1023103600,Borehole/Water Supply System/ Sewerage.,1023103609,Construction Of Septic Tank Lodwar Prison,net,,Net,4000000,0,0,0,0,0,92,yes
fy-2026-27-development-book-volume-1-1011-1083,1023,1023104000,Construction of Magereza Level 4 Referral Hospital-BETA.,1023104001,Construction of Magereza Level 4 Referral Hospital,gross,,Gross,40000000,224380000,0,0,0,0,93,yes
fy-2026-27-development-book-volume-1-1011-1083,1023,1023104000,Construction of Magereza Level 4 Referral Hospital-BETA.,1023104001,Construction of Magereza Level 4 Referral Hospital,net,,Net,40000000,224380000,0,0,0,0,93,yes
fy-2026-27-development-book-volume-1-1011-1083,1023,1023104200,Emergency Flood Mitigation for Prisons.,1023104201,Emergency Flood Mitigation for Prisons,gross,,Gross,5191421,29909000,0,0,0,0,93,yes
fy-2026-27-development-book-volume-1-1011-1083,1023,1023104200,Emergency Flood Mitigation for Prisons.,1023104201,Emergency Flood Mitigation for Prisons,net,,Net,5191421,29909000,0,0,0,0,93,yes
fy-2026-27-development-book-volume-1-1011-1083,1023,1023104400,Construction of Penal Facilities V.,1023104433,Construction of Marimanti GK Prison Women Wing,gross,,Gross,10000000,0,0,0,0,0,93,yes
fy-2026-27-development-book-volume-1-1011-1083,1023,1023104400,Construction of Penal Facilities V.,1023104433,Construction of Marimanti GK Prison Women Wing,net,,Net,10000000,0,0,0,0,0,93,yes
fy-2026-27-development-book-volume-1-1011-1083,1024,1024100300,Maintenance & Roll-Out of Civil Registration & Vital Statistics,1024100301,Maintenance & Roll-Out of Civil Registration & Vital Statistics,exp,2211300,Other Operating Expenses,3000000,3500000,0,0,0,0,102,yes
fy-2026-27-development-book-volume-1-1011-1083,1024,1024100300,Maintenance & Roll-Out of Civil Registration & Vital Statistics,1024100301,Maintenance & Roll-Out of Civil Registration & Vital Statistics,exp,2220200,Routine Maintenance - Other Assets,19160000,19590000,0,0,0,0,102,yes
fy-2026-27-development-book-volume-1-1011-1083,1024,1024100300,Maintenance & Roll-Out of Civil Registration & Vital Statistics,1024100301,Maintenance & Roll-Out of Civil Registration & Vital Statistics,exp,3111100,"Purchase of Specialised Plant, Equipment and Machinery",2000000,2000000,0,0,0,0,102,yes
fy-2026-27-development-book-volume-1-1011-1083,1024,1024100300,Maintenance & Roll-Out of Civil Registration & Vital Statistics,1024100301,Maintenance & Roll-Out of Civil Registration & Vital Statistics,financing,1420200,Receipts from Administrative Fees and Charges,9160000,9160000,0,0,0,0,102,yes
fy-2026-27-development-book-volume-1-1011-1083,1024,1024100500,Completion of Construction of Civil Registration Services Registrie.,1024100501,Completion of Construction of Civil Registration Services,exp,3110200,Construction of Building,30000000,30000000,0,0,0,0,102,yes
fy-2026-27-development-book-volume-1-1011-1083,1024,1024100500,Completion of Construction of Civil Registration Services Registrie.,1024100501,Completion of Construction of Civil Registration Services,exp,3110300,Refurbishment of Buildings,5000000,5000000,0,0,0,0,102,yes
fy-2026-27-development-book-volume-1-1011-1083,1024,1024100500,Completion of Construction of Civil Registration Services Registrie.,1024100501,Completion of Construction of Civil Registration Services,financing,1420200,Receipts from Administrative Fees and Charges,20000000,20000000,0,0,0,0,103,yes
fy-2026-27-development-book-volume-1-1011-1083,1024,1024100900,Electronic ID (3RD GEN).,1024100901,Electronic ID (3RD GEN),exp,2211000,Specialised Materials and Supplies,0,2336000000,0,0,0,0,103,yes
fy-2026-27-development-book-volume-1-1011-1083,1024,1024100900,Electronic ID (3RD GEN).,1024100901,Electronic ID (3RD GEN),financing,1420300,Receipts from Administrative Fees and Charges - Collected as AIA,0,1806000000,0,0,0,0,103,yes
fy-2026-27-development-book-volume-1-1011-1083,1024,1024101000,Supplies for ID cards materials-BETA.,1024101001,Supplies for ID cards materials,exp,2211000,Specialised Materials and Supplies,3794000000,1250000000,0,0,0,0,103,yes
fy-2026-27-development-book-volume-1-1011-1083,1024,1024101000,Supplies for ID cards materials-BETA.,1024101001,Supplies for ID cards materials,exp,3110700,Purchase of Vehicles and Other Transport Equipment,500000000,0,0,0,0,0,103,yes
fy-2026-27-development-book-volume-1-1011-1083,1024,1024101000,Supplies for ID cards materials-BETA.,1024101001,Supplies for ID cards materials,financing,1420300,Receipts from Administrative Fees and Charges - Collected as AIA,3874000000,1250000000,0,0,0,0,104,yes
fy-2026-27-development-book-volume-1-1011-1083,1024,1024101000,Supplies for ID cards materials-BETA.,1024101002,Purchase of Live Capture Units & Mobile Registration Kits,exp,3111000,Purchase of Office Furniture and General Equipment,263000000,280000000,0,0,0,0,104,yes
fy-2026-27-development-book-volume-1-1011-1083,1024,1024101000,Supplies for ID cards materials-BETA.,1024101002,Purchase of Live Capture Units & Mobile Registration Kits,financing,1420200,Receipts from Administrative Fees and Charges,263000000,280000000,0,0,0,0,104,yes
fy-2026-27-development-book-volume-1-1011-1083,1024,1024101100,Construction of National Registration Registries.,1024101101,Construction of National Registration Registries,exp,3110200,Construction of Building,73000000,70000000,0,0,0,0,104,yes
fy-2026-27-development-book-volume-1-1011-1083,1024,1024101100,Construction of National Registration Registries.,1024101101,Construction of National Registration Registries,exp,3110300,Refurbishment of Buildings,7000000,10000000,0,0,0,0,104,yes
fy-2026-27-development-book-volume-1-1011-1083,1024,1024101100,Construction of National Registration Registries.,1024101101,Construction of National Registration Registries,financing,1420300,Receipts from Administrative Fees and Charges - Collected as AIA,50000000,80000000,0,0,0,0,104,yes
fy-2026-27-development-book-volume-1-1011-1083,1024,1024101200,IPRS Upgrade and Roll-out-BETA.,1024101201,IPRS Upgrade and Roll-out,exp,2211300,Other Operating Expenses,0,40000000,0,0,0,0,105,yes
fy-2026-27-development-book-volume-1-1011-1083,1024,1024101200,IPRS Upgrade and Roll-out-BETA.,1024101201,IPRS Upgrade and Roll-out,exp,2220200,Routine Maintenance - Other Assets,105000000,70000000,0,0,0,0,105,yes
fy-2026-27-development-book-volume-1-1011-1083,1024,1024101200,IPRS Upgrade and Roll-out-BETA.,1024101201,IPRS Upgrade and Roll-out,exp,3111000,Purchase of Office Furniture and General Equipment,105000000,100000000,0,0,0,0,105,yes
fy-2026-27-development-book-volume-1-1011-1083,1024,1024101200,IPRS Upgrade and Roll-out-BETA.,1024101201,IPRS Upgrade and Roll-out,exp,3111100,"Purchase of Specialised Plant, Equipment and Machinery",80000000,100000000,0,0,0,0,105,yes
fy-2026-27-development-book-volume-1-1011-1083,1024,1024101200,IPRS Upgrade and Roll-out-BETA.,1024101201,IPRS Upgrade and Roll-out,financing,1420300,Receipts from Administrative Fees and Charges - Collected as AIA,210000000,210000000,0,0,0,0,105,yes
fy-2026-27-development-book-volume-1-1011-1083,1024,1024101700,Maintenance and refurbishment of office accommodation at Nyayo,1024101701,Maintenance and refurbishment of office accommodation at Nyayo,exp,3110300,Refurbishment of Buildings,200000000,300000000,0,0,0,0,105,yes
fy-2026-27-development-book-volume-1-1011-1083,1024,1024101700,Maintenance and refurbishment of office accommodation at Nyayo,1024101701,Maintenance and refurbishment of office accommodation at Nyayo,financing,1420300,Receipts from Administrative Fees and Charges - Collected as AIA,200000000,300000000,0,0,0,0,106,yes
fy-2026-27-development-book-volume-1-1011-1083,1024,1024102000,Supplies for Passport Production.,1024102001,Supplies for Passport Production,exp,2211000,Specialised Materials and Supplies,595050000,595050000,0,0,0,0,106,yes
fy-2026-27-development-book-volume-1-1011-1083,1024,1024102000,Supplies for Passport Production.,1024102001,Supplies for Passport Production,financing,1420300,Receipts from Administrative Fees and Charges - Collected as AIA,547500000,547500000,0,0,0,0,106,yes
fy-2026-27-development-book-volume-1-1011-1083,1024,1024102200,Construction of border points.,1024102201,Construction of border points,exp,3110200,Construction of Building,100000000,100000000,0,0,0,0,106,yes
fy-2026-27-development-book-volume-1-1011-1083,1024,1024102200,Construction of border points.,1024102201,Construction of border points,financing,1420300,Receipts from Administrative Fees and Charges - Collected as AIA,100000000,100000000,0,0,0,0,107,yes
fy-2026-27-development-book-volume-1-1011-1083,1024,1024102400,"Maintenance of passport system (both Hardware, software and",1024102401,"Maintenance of passport system (both Hardware, software and",exp,2220200,Routine Maintenance - Other Assets,100000000,250000000,0,0,0,0,107,yes
fy-2026-27-development-book-volume-1-1011-1083,1024,1024102400,"Maintenance of passport system (both Hardware, software and",1024102401,"Maintenance of passport system (both Hardware, software and",financing,1420300,Receipts from Administrative Fees and Charges - Collected as AIA,100000000,250000000,0,0,0,0,107,yes
fy-2026-27-development-book-volume-1-1011-1083,1024,1024102800,Purchase of e-Passport books.,1024102801,Purchase of e-Passport books,exp,2211000,Specialised Materials and Supplies,2036524845,2036520000,0,0,0,0,107,yes
fy-2026-27-development-book-volume-1-1011-1083,1024,1024102800,Purchase of e-Passport books.,1024102801,Purchase of e-Passport books,financing,1420300,Receipts from Administrative Fees and Charges - Collected as AIA,1000000000,1000000000,0,0,0,0,108,yes
fy-2026-27-development-book-volume-1-1011-1083,1024,1024103200,Digitization of Immigration Records.,1024103201,Digitization of Immigration Records,exp,2211000,Specialised Materials and Supplies,157000000,0,0,0,0,0,108,yes
fy-2026-27-development-book-volume-1-1011-1083,1024,1024103200,Digitization of Immigration Records.,1024103201,Digitization of Immigration Records,exp,2211300,Other Operating Expenses,0,157000000,0,0,0,0,108,yes
fy-2026-27-development-book-volume-1-1011-1083,1024,1024103200,Digitization of Immigration Records.,1024103201,Digitization of Immigration Records,exp,3111000,Purchase of Office Furniture and General Equipment,0,50000000,0,0,0,0,108,yes
fy-2026-27-development-book-volume-1-1011-1083,1024,1024103200,Digitization of Immigration Records.,1024103201,Digitization of Immigration Records,financing,1420300,Receipts from Administrative Fees and Charges - Collected as AIA,157000000,207000000,0,0,0,0,108,yes
fy-2026-27-development-book-volume-1-1011-1083,1024,1024103300,e-Citizen Services-BETA.,1024103301,e-Citizen Services,exp,2211000,Specialised Materials and Supplies,205500000,175500000,0,0,0,0,109,yes
fy-2026-27-development-book-volume-1-1011-1083,1024,1024103300,e-Citizen Services-BETA.,1024103301,e-Citizen Services,exp,2211300,Other Operating Expenses,4692000000,2972000000,0,0,0,0,109,yes
fy-2026-27-development-book-volume-1-1011-1083,1024,1024103300,e-Citizen Services-BETA.,1024103301,e-Citizen Services,exp,3111000,Purchase of Office Furniture and General Equipment,200000000,30000000,0,0,0,0,109,yes
fy-2026-27-development-book-volume-1-1011-1083,1024,1024103300,e-Citizen Services-BETA.,1024103301,e-Citizen Services,exp,3111100,"Purchase of Specialised Plant, Equipment and Machinery",100000000,50000000,0,0,0,0,109,yes
fy-2026-27-development-book-volume-1-1011-1083,1024,1024103300,e-Citizen Services-BETA.,1024103301,e-Citizen Services,financing,1420200,Receipts from Administrative Fees and Charges,3727500000,2607500000,0,0,0,0,109,yes
fy-2026-27-development-book-volume-1-1011-1083,1024,1024103300,e-Citizen Services-BETA.,1024103301,e-Citizen Services,financing,1420300,Receipts from Administrative Fees and Charges - Collected as AIA,770000000,620000000,0,0,0,0,109,yes
fy-2026-27-development-book-volume-1-1011-1083,1024,1024103400,Unique Personal Identifier Project-BETA.,1024103401,Unique Personal Identifier Project,exp,2220200,Routine Maintenance - Other Assets,140446667,140446667,0,0,0,0,109,yes
fy-2026-27-development-book-volume-1-1011-1083,1024,1024103400,Unique Personal Identifier Project-BETA.,1024103401,Unique Personal Identifier Project,exp,3111000,Purchase of Office Furniture and General Equipment,71946667,50000000,0,0,0,0,109,yes
fy-2026-27-development-book-volume-1-1011-1083,1024,1024103400,Unique Personal Identifier Project-BETA.,1024103401,Unique Personal Identifier Project,exp,3111100,"Purchase of Specialised Plant, Equipment and Machinery",76446666,193393333,0,0,0,0,109,yes
fy-2026-27-development-book-volume-1-1011-1083,1024,1024103400,Unique Personal Identifier Project-BETA.,1024103401,Unique Personal Identifier Project,financing,1420300,Receipts from Administrative Fees and Charges - Collected as AIA,283840000,333840000,0,0,0,0,109,yes
fy-2026-27-development-book-volume-1-1011-1083,1024,1024103500,Provision of Facial Recognition & Behaviour Detection Solution-,1024103501,Provision of Facial Recognition and Behaviour Detection Solution,exp,3111000,Purchase of Office Furniture and General Equipment,5000000,5000000,0,0,0,0,110,yes
fy-2026-27-development-book-volume-1-1011-1083,1024,1024103600,Improvement of Civil Registration System-BETA.,1024103601,Improvement of Civil Registration System,exp,2210200,"Communication, Supplies and Services",4000,4000,0,4000,0,0,110,yes
fy-2026-27-development-book-volume-1-1011-1083,1024,1024103600,Improvement of Civil Registration System-BETA.,1024103601,Improvement of Civil Registration System,exp,2210300,"Domestic Travel and Subsistence, and Other Transportation Costs",11491540,11291540,0,11291540,0,0,110,yes
fy-2026-27-development-book-volume-1-1011-1083,1024,1024103600,Improvement of Civil Registration System-BETA.,1024103601,Improvement of Civil Registration System,exp,2210700,Training Expenses,3454460,3454460,0,3454460,0,0,110,yes
fy-2026-27-development-book-volume-1-1011-1083,1024,1024103600,Improvement of Civil Registration System-BETA.,1024103601,Improvement of Civil Registration System,exp,2210800,Hospitality Supplies and Services,1150000,1150000,0,1150000,0,0,110,yes
fy-2026-27-development-book-volume-1-1011-1083,1024,1024103600,Improvement of Civil Registration System-BETA.,1024103601,Improvement of Civil Registration System,exp,2211200,Fuel Oil and Lubricants,100000,100000,0,100000,0,0,110,yes
fy-2026-27-development-book-volume-1-1011-1083,1024,1024103700,ETA Services.,1024103701,ETA Services,exp,2211300,Other Operating Expenses,620000000,1020000000,0,0,0,0,111,yes
fy-2026-27-development-book-volume-1-1011-1083,1024,1024103700,ETA Services.,1024103701,ETA Services,financing,1420300,Receipts from Administrative Fees and Charges - Collected as AIA,620000000,1020000000,0,0,0,0,111,yes
fy-2026-27-development-book-volume-1-1011-1083,1024,1024100300,Maintenance & Roll-Out of Civil Registration & Vital Statistics,1024100301,Maintenance & Roll-Out of Civil Registration & Vital Statistics,gross,,Gross,24160000,25090000,0,0,0,0,102,yes
fy-2026-27-development-book-volume-1-1011-1083,1024,1024100300,Maintenance & Roll-Out of Civil Registration & Vital Statistics,1024100301,Maintenance & Roll-Out of Civil Registration & Vital Statistics,appropriations_in_aid,,Appropriations In Aid,9160000,9160000,0,0,0,0,102,yes
fy-2026-27-development-book-volume-1-1011-1083,1024,1024100300,Maintenance & Roll-Out of Civil Registration & Vital Statistics,1024100301,Maintenance & Roll-Out of Civil Registration & Vital Statistics,net,,Net,15000000,15930000,0,0,0,0,102,yes
fy-2026-27-development-book-volume-1-1011-1083,1024,1024100500,Completion of Construction of Civil Registration Services Registrie.,1024100501,Completion of Construction of Civil Registration Services,gross,,Gross,35000000,35000000,0,0,0,0,103,yes
fy-2026-27-development-book-volume-1-1011-1083,1024,1024100500,Completion of Construction of Civil Registration Services Registrie.,1024100501,Completion of Construction of Civil Registration Services,appropriations_in_aid,,Appropriations In Aid,20000000,20000000,0,0,0,0,103,yes
fy-2026-27-development-book-volume-1-1011-1083,1024,1024100500,Completion of Construction of Civil Registration Services Registrie.,1024100501,Completion of Construction of Civil Registration Services,net,,Net,15000000,15000000,0,0,0,0,103,yes
fy-2026-27-development-book-volume-1-1011-1083,1024,1024100900,Electronic ID (3RD GEN).,1024100901,Electronic ID (3RD GEN),gross,,Gross,0,2336000000,0,0,0,0,103,yes
fy-2026-27-development-book-volume-1-1011-1083,1024,1024100900,Electronic ID (3RD GEN).,1024100901,Electronic ID (3RD GEN),appropriations_in_aid,,Appropriations In Aid,0,1806000000,0,0,0,0,103,yes
fy-2026-27-development-book-volume-1-1011-1083,1024,1024100900,Electronic ID (3RD GEN).,1024100901,Electronic ID (3RD GEN),net,,Net,0,530000000,0,0,0,0,103,yes
fy-2026-27-development-book-volume-1-1011-1083,1024,1024101000,Supplies for ID cards materials-BETA.,1024101001,Supplies for ID cards materials,gross,,Gross,4294000000,1250000000,0,0,0,0,104,yes
fy-2026-27-development-book-volume-1-1011-1083,1024,1024101000,Supplies for ID cards materials-BETA.,1024101001,Supplies for ID cards materials,appropriations_in_aid,,Appropriations In Aid,3874000000,1250000000,0,0,0,0,104,yes
fy-2026-27-development-book-volume-1-1011-1083,1024,1024101000,Supplies for ID cards materials-BETA.,1024101001,Supplies for ID cards materials,net,,Net,420000000,0,0,0,0,0,104,yes
fy-2026-27-development-book-volume-1-1011-1083,1024,1024101000,Supplies for ID cards materials-BETA.,1024101002,Purchase of Live Capture Units & Mobile Registration Kits,gross,,Gross,263000000,280000000,0,0,0,0,104,yes
fy-2026-27-development-book-volume-1-1011-1083,1024,1024101000,Supplies for ID cards materials-BETA.,1024101002,Purchase of Live Capture Units & Mobile Registration Kits,appropriations_in_aid,,Appropriations In Aid,263000000,280000000,0,0,0,0,104,yes
fy-2026-27-development-book-volume-1-1011-1083,1024,1024101000,Supplies for ID cards materials-BETA.,1024101002,Purchase of Live Capture Units & Mobile Registration Kits,net,,Net,0,0,0,0,0,0,104,yes
fy-2026-27-development-book-volume-1-1011-1083,1024,1024101100,Construction of National Registration Registries.,1024101101,Construction of National Registration Registries,gross,,Gross,80000000,80000000,0,0,0,0,104,yes
fy-2026-27-development-book-volume-1-1011-1083,1024,1024101100,Construction of National Registration Registries.,1024101101,Construction of National Registration Registries,appropriations_in_aid,,Appropriations In Aid,50000000,80000000,0,0,0,0,104,yes
fy-2026-27-development-book-volume-1-1011-1083,1024,1024101100,Construction of National Registration Registries.,1024101101,Construction of National Registration Registries,net,,Net,30000000,0,0,0,0,0,104,yes
fy-2026-27-development-book-volume-1-1011-1083,1024,1024101200,IPRS Upgrade and Roll-out-BETA.,1024101201,IPRS Upgrade and Roll-out,gross,,Gross,290000000,310000000,0,0,0,0,105,yes
fy-2026-27-development-book-volume-1-1011-1083,1024,1024101200,IPRS Upgrade and Roll-out-BETA.,1024101201,IPRS Upgrade and Roll-out,appropriations_in_aid,,Appropriations In Aid,210000000,210000000,0,0,0,0,105,yes
fy-2026-27-development-book-volume-1-1011-1083,1024,1024101200,IPRS Upgrade and Roll-out-BETA.,1024101201,IPRS Upgrade and Roll-out,net,,Net,80000000,100000000,0,0,0,0,105,yes
fy-2026-27-development-book-volume-1-1011-1083,1024,1024101700,Maintenance and refurbishment of office accommodation at Nyayo,1024101701,Maintenance and refurbishment of office accommodation at Nyayo,gross,,Gross,200000000,300000000,0,0,0,0,106,yes
fy-2026-27-development-book-volume-1-1011-1083,1024,1024101700,Maintenance and refurbishment of office accommodation at Nyayo,1024101701,Maintenance and refurbishment of office accommodation at Nyayo,appropriations_in_aid,,Appropriations In Aid,200000000,300000000,0,0,0,0,106,yes
fy-2026-27-development-book-volume-1-1011-1083,1024,1024101700,Maintenance and refurbishment of office accommodation at Nyayo,1024101701,Maintenance and refurbishment of office accommodation at Nyayo,net,,Net,0,0,0,0,0,0,106,yes
fy-2026-27-development-book-volume-1-1011-1083,1024,1024102000,Supplies for Passport Production.,1024102001,Supplies for Passport Production,gross,,Gross,595050000,595050000,0,0,0,0,106,yes
fy-2026-27-development-book-volume-1-1011-1083,1024,1024102000,Supplies for Passport Production.,1024102001,Supplies for Passport Production,appropriations_in_aid,,Appropriations In Aid,547500000,547500000,0,0,0,0,106,yes
fy-2026-27-development-book-volume-1-1011-1083,1024,1024102000,Supplies for Passport Production.,1024102001,Supplies for Passport Production,net,,Net,47550000,47550000,0,0,0,0,106,yes
fy-2026-27-development-book-volume-1-1011-1083,1024,1024102200,Construction of border points.,1024102201,Construction of border points,gross,,Gross,100000000,100000000,0,0,0,0,107,yes
fy-2026-27-development-book-volume-1-1011-1083,1024,1024102200,Construction of border points.,1024102201,Construction of border points,appropriations_in_aid,,Appropriations In Aid,100000000,100000000,0,0,0,0,107,yes
fy-2026-27-development-book-volume-1-1011-1083,1024,1024102200,Construction of border points.,1024102201,Construction of border points,net,,Net,0,0,0,0,0,0,107,yes
fy-2026-27-development-book-volume-1-1011-1083,1024,1024102400,"Maintenance of passport system (both Hardware, software and",1024102401,"Maintenance of passport system (both Hardware, software and",gross,,Gross,100000000,250000000,0,0,0,0,107,yes
fy-2026-27-development-book-volume-1-1011-1083,1024,1024102400,"Maintenance of passport system (both Hardware, software and",1024102401,"Maintenance of passport system (both Hardware, software and",appropriations_in_aid,,Appropriations In Aid,100000000,250000000,0,0,0,0,107,yes
fy-2026-27-development-book-volume-1-1011-1083,1024,1024102400,"Maintenance of passport system (both Hardware, software and",1024102401,"Maintenance of passport system (both Hardware, software and",net,,Net,0,0,0,0,0,0,107,yes
fy-2026-27-development-book-volume-1-1011-1083,1024,1024102800,Purchase of e-Passport books.,1024102801,Purchase of e-Passport books,gross,,Gross,2036524845,2036520000,0,0,0,0,108,yes
fy-2026-27-development-book-volume-1-1011-1083,1024,1024102800,Purchase of e-Passport books.,1024102801,Purchase of e-Passport books,appropriations_in_aid,,Appropriations In Aid,1000000000,1000000000,0,0,0,0,108,yes
fy-2026-27-development-book-volume-1-1011-1083,1024,1024102800,Purchase of e-Passport books.,1024102801,Purchase of e-Passport books,net,,Net,1036524845,1036520000,0,0,0,0,108,yes
fy-2026-27-development-book-volume-1-1011-1083,1024,1024103200,Digitization of Immigration Records.,1024103201,Digitization of Immigration Records,gross,,Gross,157000000,207000000,0,0,0,0,108,yes
fy-2026-27-development-book-volume-1-1011-1083,1024,1024103200,Digitization of Immigration Records.,1024103201,Digitization of Immigration Records,appropriations_in_aid,,Appropriations In Aid,157000000,207000000,0,0,0,0,108,yes
fy-2026-27-development-book-volume-1-1011-1083,1024,1024103200,Digitization of Immigration Records.,1024103201,Digitization of Immigration Records,net,,Net,0,0,0,0,0,0,108,yes
fy-2026-27-development-book-volume-1-1011-1083,1024,1024103300,e-Citizen Services-BETA.,1024103301,e-Citizen Services,gross,,Gross,5197500000,3227500000,0,0,0,0,109,yes
fy-2026-27-development-book-volume-1-1011-1083,1024,1024103300,e-Citizen Services-BETA.,1024103301,e-Citizen Services,appropriations_in_aid,,Appropriations In Aid,4497500000,3227500000,0,0,0,0,109,yes
fy-2026-27-development-book-volume-1-1011-1083,1024,1024103300,e-Citizen Services-BETA.,1024103301,e-Citizen Services,net,,Net,700000000,0,0,0,0,0,109,yes
fy-2026-27-development-book-volume-1-1011-1083,1024,1024103400,Unique Personal Identifier Project-BETA.,1024103401,Unique Personal Identifier Project,gross,,Gross,288840000,383840000,0,0,0,0,110,yes
fy-2026-27-development-book-volume-1-1011-1083,1024,1024103400,Unique Personal Identifier Project-BETA.,1024103401,Unique Personal Identifier Project,appropriations_in_aid,,Appropriations In Aid,283840000,333840000,0,0,0,0,110,yes
fy-2026-27-development-book-volume-1-1011-1083,1024,1024103400,Unique Personal Identifier Project-BETA.,1024103401,Unique Personal Identifier Project,net,,Net,5000000,50000000,0,0,0,0,110,yes
fy-2026-27-development-book-volume-1-1011-1083,1024,1024103500,Provision of Facial Recognition & Behaviour Detection Solution-,1024103501,Provision of Facial Recognition and Behaviour Detection Solution,gross,,Gross,5000000,5000000,0,0,0,0,110,yes
fy-2026-27-development-book-volume-1-1011-1083,1024,1024103500,Provision of Facial Recognition & Behaviour Detection Solution-,1024103501,Provision of Facial Recognition and Behaviour Detection Solution,net,,Net,5000000,5000000,0,0,0,0,110,yes
fy-2026-27-development-book-volume-1-1011-1083,1024,1024103600,Improvement of Civil Registration System-BETA.,1024103601,Improvement of Civil Registration System,gross,,Gross,16200000,16000000,0,16000000,0,0,111,yes
fy-2026-27-development-book-volume-1-1011-1083,1024,1024103600,Improvement of Civil Registration System-BETA.,1024103601,Improvement of Civil Registration System,net,,Net,16200000,16000000,0,16000000,0,0,111,yes
fy-2026-27-development-book-volume-1-1011-1083,1024,1024103700,ETA Services.,1024103701,ETA Services,gross,,Gross,620000000,1020000000,0,0,0,0,111,yes
fy-2026-27-development-book-volume-1-1011-1083,1024,1024103700,ETA Services.,1024103701,ETA Services,appropriations_in_aid,,Appropriations In Aid,620000000,1020000000,0,0,0,0,111,yes
fy-2026-27-development-book-volume-1-1011-1083,1024,1024103700,ETA Services.,1024103701,ETA Services,net,,Net,0,0,0,0,0,0,111,yes
fy-2026-27-development-book-volume-1-1011-1083,1025,1025100100,Police Modernization Programme-BETA.,1025100101,Police Modernization Programme,exp,2211000,Specialised Materials and Supplies,130000000,339784030,0,0,0,0,119,yes
fy-2026-27-development-book-volume-1-1011-1083,1025,1025100100,Police Modernization Programme-BETA.,1025100101,Police Modernization Programme,exp,2211300,Other Operating Expenses,0,200000000,0,0,0,0,119,yes
fy-2026-27-development-book-volume-1-1011-1083,1025,1025100100,Police Modernization Programme-BETA.,1025100101,Police Modernization Programme,exp,3111100,"Purchase of Specialised Plant, Equipment and Machinery",70000000,0,0,0,0,0,119,yes
fy-2026-27-development-book-volume-1-1011-1083,1025,1025100100,Police Modernization Programme-BETA.,1025100104,Construction of the National Police Service Hospital,exp,3110200,Construction of Building,65611912,768010000,0,0,0,0,119,yes
fy-2026-27-development-book-volume-1-1011-1083,1025,1025100200,Constructions Police stations and Police Housing for the Kenya,1025100212,Construction of Admin Block & 12 No Type E flats at Laisamis,exp,3110200,Construction of Building,0,11855970,0,0,0,0,119,yes
fy-2026-27-development-book-volume-1-1011-1083,1025,1025100200,Constructions Police stations and Police Housing for the Kenya,1025100217,"Construction of Flats, Admin block at Chemolingot Police Station-",exp,3110200,Construction of Building,0,25170000,0,0,0,0,120,yes
fy-2026-27-development-book-volume-1-1011-1083,1025,1025100200,Constructions Police stations and Police Housing for the Kenya,1025100221,Erection and Completion of block of flats at Ugunja police S,exp,3110200,Construction of Building,13555000,0,0,0,0,0,120,yes
fy-2026-27-development-book-volume-1-1011-1083,1025,1025100200,Constructions Police stations and Police Housing for the Kenya,1025100229,"Completion of Police Houses at Kamukunji, Pangani and Central",exp,3110200,Construction of Building,7340260,0,0,0,0,0,120,yes
fy-2026-27-development-book-volume-1-1011-1083,1025,1025100200,Constructions Police stations and Police Housing for the Kenya,1025100231,"Expansion of training colleges (NPSC Kiganjo, Regional Training",exp,3110200,Construction of Building,5000000,30000000,0,0,0,0,120,yes
fy-2026-27-development-book-volume-1-1011-1083,1025,1025100200,Constructions Police stations and Police Housing for the Kenya,1025100244,Construction of 12 No. housing type E flats in Karatina,exp,3110200,Construction of Building,0,19830000,0,0,0,0,120,yes
fy-2026-27-development-book-volume-1-1011-1083,1025,1025100200,Constructions Police stations and Police Housing for the Kenya,1025100298,Siaya West Police Station,exp,3110200,Construction of Building,20000000,0,0,0,0,0,121,yes
fy-2026-27-development-book-volume-1-1011-1083,1025,1025100200,Constructions Police stations and Police Housing for the Kenya,1025100299,Construction of Himaki Police Station,exp,3110200,Construction of Building,0,20000000,0,0,0,0,121,yes
fy-2026-27-development-book-volume-1-1011-1083,1025,1025100300,Construction of Police stations & Housing for Administration,1025100303,Expansion of APTC -Embakasi,exp,3110200,Construction of Building,46237622,0,0,0,0,0,121,yes
fy-2026-27-development-book-volume-1-1011-1083,1025,1025100300,Construction of Police stations & Housing for Administration,1025100361,Expansion of National Police Service Border Police Training,exp,3110200,Construction of Building,3142378,10000000,0,0,0,0,121,yes
fy-2026-27-development-book-volume-1-1011-1083,1025,1025100400,Construction & Modernization of national Forensic Facilities-,1025100402,Equipping the Forensic Lab,exp,3111100,"Purchase of Specialised Plant, Equipment and Machinery",125000000,300000000,0,0,0,0,122,yes
fy-2026-27-development-book-volume-1-1011-1083,1025,1025100400,Construction & Modernization of national Forensic Facilities-,1025100407,Upgrade and Expansion of APFIS,exp,3111100,"Purchase of Specialised Plant, Equipment and Machinery",843000000,850000000,0,0,0,0,122,yes
fy-2026-27-development-book-volume-1-1011-1083,1025,1025100400,Construction & Modernization of national Forensic Facilities-,1025100407,Upgrade and Expansion of APFIS,financing,1420200,Receipts from Administrative Fees and Charges,500000000,500000000,0,0,0,0,122,yes
fy-2026-27-development-book-volume-1-1011-1083,1025,1025100400,Construction & Modernization of national Forensic Facilities-,1025100408,Maintenance of Systems,exp,3111100,"Purchase of Specialised Plant, Equipment and Machinery",182000000,182000000,0,0,0,0,122,yes
fy-2026-27-development-book-volume-1-1011-1083,1025,1025100500,Constructions Police stations and Police Housing for the DCI.,1025100510,Refurbishment of DCI National Criminal Investigations Academy,exp,3110300,Refurbishment of Buildings,10000000,40000000,0,0,0,0,123,yes
fy-2026-27-development-book-volume-1-1011-1083,1025,1025100600,"Construction of Police stations, Housing & other facilities for GSU.",1025100603,"Proposed constructions of barracks, classrooms and staff houses at",exp,3110200,Construction of Building,17247750,17250000,0,0,0,0,123,yes
fy-2026-27-development-book-volume-1-1011-1083,1025,1025100900,Public Participation Projects.,1025100901,Completion of ongoing Sub-County police HQs Central Ward,exp,3110200,Construction of Building,10000000,0,0,0,0,0,124,yes
fy-2026-27-development-book-volume-1-1011-1083,1025,1025100900,Public Participation Projects.,1025100902,Construction of police post at Ochoria Area in Muhoroni/Koru,exp,3110200,Construction of Building,10000000,0,0,0,0,0,124,yes
fy-2026-27-development-book-volume-1-1011-1083,1025,1025100900,Public Participation Projects.,1025100903,Construction of police camp in Obunga,exp,3110200,Construction of Building,6000000,0,0,0,0,0,124,yes
fy-2026-27-development-book-volume-1-1011-1083,1025,1025100900,Public Participation Projects.,1025100905,Construction of Ogwedhi Police Station,exp,3110200,Construction of Building,10000000,0,0,0,0,0,124,yes
fy-2026-27-development-book-volume-1-1011-1083,1025,1025101400,Kenanie EPZ - Police Post.,1025101401,Kenanie EPZ - Police Post,exp,3110200,Construction of Building,18680000,0,0,0,0,0,125,yes
fy-2026-27-development-book-volume-1-1011-1083,1025,1025101600,Construction of Police Posts and Stations.,1025101601,Turi Ndenderu Forest Line Police Post,exp,3110200,Construction of Building,20000000,0,0,0,0,0,125,yes
fy-2026-27-development-book-volume-1-1011-1083,1025,1025101600,Construction of Police Posts and Stations.,1025101602,Keben Sirikwa Police Station,exp,3110200,Construction of Building,20000000,0,0,0,0,0,125,yes
fy-2026-27-development-book-volume-1-1011-1083,1025,1025101600,Construction of Police Posts and Stations.,1025101603,Emitik Center - Kuresoi North,exp,3110200,Construction of Building,20000000,0,0,0,0,0,125,yes
fy-2026-27-development-book-volume-1-1011-1083,1025,1025101600,Construction of Police Posts and Stations.,1025101604,Nesuit Police Post - Njoro,exp,3110200,Construction of Building,20000000,0,0,0,0,0,126,yes
fy-2026-27-development-book-volume-1-1011-1083,1025,1025101600,Construction of Police Posts and Stations.,1025101605,Gilgil Police Station,exp,3110200,Construction of Building,20000000,0,0,0,0,0,126,yes
fy-2026-27-development-book-volume-1-1011-1083,1025,1025101600,Construction of Police Posts and Stations.,1025101606,Westgate Police Station - Rongai,exp,3110200,Construction of Building,20000000,0,0,0,0,0,126,yes
fy-2026-27-development-book-volume-1-1011-1083,1025,1025100100,Police Modernization Programme-BETA.,1025100101,Police Modernization Programme,gross,,Gross,200000000,539784030,0,0,0,0,119,yes
fy-2026-27-development-book-volume-1-1011-1083,1025,1025100100,Police Modernization Programme-BETA.,1025100101,Police Modernization Programme,net,,Net,200000000,539784030,0,0,0,0,119,yes
fy-2026-27-development-book-volume-1-1011-1083,1025,1025100100,Police Modernization Programme-BETA.,1025100104,Construction of the National Police Service Hospital,gross,,Gross,65611912,768010000,0,0,0,0,119,yes
fy-2026-27-development-book-volume-1-1011-1083,1025,1025100100,Police Modernization Programme-BETA.,1025100104,Construction of the National Police Service Hospital,net,,Net,65611912,768010000,0,0,0,0,119,yes
fy-2026-27-development-book-volume-1-1011-1083,1025,1025100200,Constructions Police stations and Police Housing for the Kenya,1025100212,Construction of Admin Block & 12 No Type E flats at Laisamis,gross,,Gross,0,11855970,0,0,0,0,120,yes
fy-2026-27-development-book-volume-1-1011-1083,1025,1025100200,Constructions Police stations and Police Housing for the Kenya,1025100212,Construction of Admin Block & 12 No Type E flats at Laisamis,net,,Net,0,11855970,0,0,0,0,120,yes
fy-2026-27-development-book-volume-1-1011-1083,1025,1025100200,Constructions Police stations and Police Housing for the Kenya,1025100217,"Construction of Flats, Admin block at Chemolingot Police Station-",gross,,Gross,0,25170000,0,0,0,0,120,yes
fy-2026-27-development-book-volume-1-1011-1083,1025,1025100200,Constructions Police stations and Police Housing for the Kenya,1025100217,"Construction of Flats, Admin block at Chemolingot Police Station-",net,,Net,0,25170000,0,0,0,0,120,yes
fy-2026-27-development-book-volume-1-1011-1083,1025,1025100200,Constructions Police stations and Police Housing for the Kenya,1025100221,Erection and Completion of block of flats at Ugunja police S,gross,,Gross,13555000,0,0,0,0,0,120,yes
fy-2026-27-development-book-volume-1-1011-1083,1025,1025100200,Constructions Police stations and Police Housing for the Kenya,1025100221,Erection and Completion of block of flats at Ugunja police S,net,,Net,13555000,0,0,0,0,0,120,yes
fy-2026-27-development-book-volume-1-1011-1083,1025,1025100200,Constructions Police stations and Police Housing for the Kenya,1025100229,"Completion of Police Houses at Kamukunji, Pangani and Central",gross,,Gross,7340260,0,0,0,0,0,120,yes
fy-2026-27-development-book-volume-1-1011-1083,1025,1025100200,Constructions Police stations and Police Housing for the Kenya,1025100229,"Completion of Police Houses at Kamukunji, Pangani and Central",net,,Net,7340260,0,0,0,0,0,120,yes
fy-2026-27-development-book-volume-1-1011-1083,1025,1025100200,Constructions Police stations and Police Housing for the Kenya,1025100231,"Expansion of training colleges (NPSC Kiganjo, Regional Training",gross,,Gross,5000000,30000000,0,0,0,0,120,yes
fy-2026-27-development-book-volume-1-1011-1083,1025,1025100200,Constructions Police stations and Police Housing for the Kenya,1025100231,"Expansion of training colleges (NPSC Kiganjo, Regional Training",net,,Net,5000000,30000000,0,0,0,0,120,yes
fy-2026-27-development-book-volume-1-1011-1083,1025,1025100200,Constructions Police stations and Police Housing for the Kenya,1025100244,Construction of 12 No. housing type E flats in Karatina,gross,,Gross,0,19830000,0,0,0,0,121,yes
fy-2026-27-development-book-volume-1-1011-1083,1025,1025100200,Constructions Police stations and Police Housing for the Kenya,1025100244,Construction of 12 No. housing type E flats in Karatina,net,,Net,0,19830000,0,0,0,0,121,yes
fy-2026-27-development-book-volume-1-1011-1083,1025,1025100200,Constructions Police stations and Police Housing for the Kenya,1025100298,Siaya West Police Station,gross,,Gross,20000000,0,0,0,0,0,121,yes
fy-2026-27-development-book-volume-1-1011-1083,1025,1025100200,Constructions Police stations and Police Housing for the Kenya,1025100298,Siaya West Police Station,net,,Net,20000000,0,0,0,0,0,121,yes
fy-2026-27-development-book-volume-1-1011-1083,1025,1025100200,Constructions Police stations and Police Housing for the Kenya,1025100299,Construction of Himaki Police Station,gross,,Gross,0,20000000,0,0,0,0,121,yes
fy-2026-27-development-book-volume-1-1011-1083,1025,1025100200,Constructions Police stations and Police Housing for the Kenya,1025100299,Construction of Himaki Police Station,net,,Net,0,20000000,0,0,0,0,121,yes
fy-2026-27-development-book-volume-1-1011-1083,1025,1025100300,Construction of Police stations & Housing for Administration,1025100303,Expansion of APTC -Embakasi,gross,,Gross,46237622,0,0,0,0,0,121,yes
fy-2026-27-development-book-volume-1-1011-1083,1025,1025100300,Construction of Police stations & Housing for Administration,1025100303,Expansion of APTC -Embakasi,net,,Net,46237622,0,0,0,0,0,121,yes
fy-2026-27-development-book-volume-1-1011-1083,1025,1025100300,Construction of Police stations & Housing for Administration,1025100361,Expansion of National Police Service Border Police Training,gross,,Gross,3142378,10000000,0,0,0,0,122,yes
fy-2026-27-development-book-volume-1-1011-1083,1025,1025100300,Construction of Police stations & Housing for Administration,1025100361,Expansion of National Police Service Border Police Training,net,,Net,3142378,10000000,0,0,0,0,122,yes
fy-2026-27-development-book-volume-1-1011-1083,1025,1025100400,Construction & Modernization of national Forensic Facilities-,1025100402,Equipping the Forensic Lab,gross,,Gross,125000000,300000000,0,0,0,0,122,yes
fy-2026-27-development-book-volume-1-1011-1083,1025,1025100400,Construction & Modernization of national Forensic Facilities-,1025100402,Equipping the Forensic Lab,net,,Net,125000000,300000000,0,0,0,0,122,yes
fy-2026-27-development-book-volume-1-1011-1083,1025,1025100400,Construction & Modernization of national Forensic Facilities-,1025100407,Upgrade and Expansion of APFIS,gross,,Gross,843000000,850000000,0,0,0,0,122,yes
fy-2026-27-development-book-volume-1-1011-1083,1025,1025100400,Construction & Modernization of national Forensic Facilities-,1025100407,Upgrade and Expansion of APFIS,appropriations_in_aid,,Appropriations In Aid,500000000,500000000,0,0,0,0,122,yes
fy-2026-27-development-book-volume-1-1011-1083,1025,1025100400,Construction & Modernization of national Forensic Facilities-,1025100407,Upgrade and Expansion of APFIS,net,,Net,343000000,350000000,0,0,0,0,122,yes
fy-2026-27-development-book-volume-1-1011-1083,1025,1025100400,Construction & Modernization of national Forensic Facilities-,1025100408,Maintenance of Systems,gross,,Gross,182000000,182000000,0,0,0,0,122,yes
fy-2026-27-development-book-volume-1-1011-1083,1025,1025100400,Construction & Modernization of national Forensic Facilities-,1025100408,Maintenance of Systems,net,,Net,182000000,182000000,0,0,0,0,122,yes
fy-2026-27-development-book-volume-1-1011-1083,1025,1025100500,Constructions Police stations and Police Housing for the DCI.,1025100510,Refurbishment of DCI National Criminal Investigations Academy,gross,,Gross,10000000,40000000,0,0,0,0,123,yes
fy-2026-27-development-book-volume-1-1011-1083,1025,1025100500,Constructions Police stations and Police Housing for the DCI.,1025100510,Refurbishment of DCI National Criminal Investigations Academy,net,,Net,10000000,40000000,0,0,0,0,123,yes
fy-2026-27-development-book-volume-1-1011-1083,1025,1025100600,"Construction of Police stations, Housing & other facilities for GSU.",1025100603,"Proposed constructions of barracks, classrooms and staff houses at",gross,,Gross,17247750,17250000,0,0,0,0,123,yes
fy-2026-27-development-book-volume-1-1011-1083,1025,1025100600,"Construction of Police stations, Housing & other facilities for GSU.",1025100603,"Proposed constructions of barracks, classrooms and staff houses at",net,,Net,17247750,17250000,0,0,0,0,123,yes
fy-2026-27-development-book-volume-1-1011-1083,1025,1025100900,Public Participation Projects.,1025100901,Completion of ongoing Sub-County police HQs Central Ward,gross,,Gross,10000000,0,0,0,0,0,124,yes
fy-2026-27-development-book-volume-1-1011-1083,1025,1025100900,Public Participation Projects.,1025100901,Completion of ongoing Sub-County police HQs Central Ward,net,,Net,10000000,0,0,0,0,0,124,yes
fy-2026-27-development-book-volume-1-1011-1083,1025,1025100900,Public Participation Projects.,1025100902,Construction of police post at Ochoria Area in Muhoroni/Koru,gross,,Gross,10000000,0,0,0,0,0,124,yes
fy-2026-27-development-book-volume-1-1011-1083,1025,1025100900,Public Participation Projects.,1025100902,Construction of police post at Ochoria Area in Muhoroni/Koru,net,,Net,10000000,0,0,0,0,0,124,yes
fy-2026-27-development-book-volume-1-1011-1083,1025,1025100900,Public Participation Projects.,1025100903,Construction of police camp in Obunga,gross,,Gross,6000000,0,0,0,0,0,124,yes
fy-2026-27-development-book-volume-1-1011-1083,1025,1025100900,Public Participation Projects.,1025100903,Construction of police camp in Obunga,net,,Net,6000000,0,0,0,0,0,124,yes
fy-2026-27-development-book-volume-1-1011-1083,1025,1025100900,Public Participation Projects.,1025100905,Construction of Ogwedhi Police Station,gross,,Gross,10000000,0,0,0,0,0,124,yes
fy-2026-27-development-book-volume-1-1011-1083,1025,1025100900,Public Participation Projects.,1025100905,Construction of Ogwedhi Police Station,net,,Net,10000000,0,0,0,0,0,124,yes
fy-2026-27-development-book-volume-1-1011-1083,1025,1025101400,Kenanie EPZ - Police Post.,1025101401,Kenanie EPZ - Police Post,gross,,Gross,18680000,0,0,0,0,0,125,yes
fy-2026-27-development-book-volume-1-1011-1083,1025,1025101400,Kenanie EPZ - Police Post.,1025101401,Kenanie EPZ - Police Post,net,,Net,18680000,0,0,0,0,0,125,yes
fy-2026-27-development-book-volume-1-1011-1083,1025,1025101600,Construction of Police Posts and Stations.,1025101601,Turi Ndenderu Forest Line Police Post,gross,,Gross,20000000,0,0,0,0,0,125,yes
fy-2026-27-development-book-volume-1-1011-1083,1025,1025101600,Construction of Police Posts and Stations.,1025101601,Turi Ndenderu Forest Line Police Post,net,,Net,20000000,0,0,0,0,0,125,yes
fy-2026-27-development-book-volume-1-1011-1083,1025,1025101600,Construction of Police Posts and Stations.,1025101602,Keben Sirikwa Police Station,gross,,Gross,20000000,0,0,0,0,0,125,yes
fy-2026-27-development-book-volume-1-1011-1083,1025,1025101600,Construction of Police Posts and Stations.,1025101602,Keben Sirikwa Police Station,net,,Net,20000000,0,0,0,0,0,125,yes
fy-2026-27-development-book-volume-1-1011-1083,1025,1025101600,Construction of Police Posts and Stations.,1025101603,Emitik Center - Kuresoi North,gross,,Gross,20000000,0,0,0,0,0,125,yes
fy-2026-27-development-book-volume-1-1011-1083,1025,1025101600,Construction of Police Posts and Stations.,1025101603,Emitik Center - Kuresoi North,net,,Net,20000000,0,0,0,0,0,125,yes
fy-2026-27-development-book-volume-1-1011-1083,1025,1025101600,Construction of Police Posts and Stations.,1025101604,Nesuit Police Post - Njoro,gross,,Gross,20000000,0,0,0,0,0,126,yes
fy-2026-27-development-book-volume-1-1011-1083,1025,1025101600,Construction of Police Posts and Stations.,1025101604,Nesuit Police Post - Njoro,net,,Net,20000000,0,0,0,0,0,126,yes
fy-2026-27-development-book-volume-1-1011-1083,1025,1025101600,Construction of Police Posts and Stations.,1025101605,Gilgil Police Station,gross,,Gross,20000000,0,0,0,0,0,126,yes
fy-2026-27-development-book-volume-1-1011-1083,1025,1025101600,Construction of Police Posts and Stations.,1025101605,Gilgil Police Station,net,,Net,20000000,0,0,0,0,0,126,yes
fy-2026-27-development-book-volume-1-1011-1083,1025,1025101600,Construction of Police Posts and Stations.,1025101606,Westgate Police Station - Rongai,gross,,Gross,20000000,0,0,0,0,0,126,yes
fy-2026-27-development-book-volume-1-1011-1083,1025,1025101600,Construction of Police Posts and Stations.,1025101606,Westgate Police Station - Rongai,net,,Net,20000000,0,0,0,0,0,126,yes
fy-2026-27-development-book-volume-1-1011-1083,1026,1026100900,"Construction of Regional, County and Sub County offices.",1026100912,Tigania West,exp,3110200,Construction of Building,6000000,0,0,0,0,0,138,yes
fy-2026-27-development-book-volume-1-1011-1083,1026,1026100900,"Construction of Regional, County and Sub County offices.",1026100916,Taita Taveta County,exp,3110200,Construction of Building,10000000,0,0,0,0,0,138,yes
fy-2026-27-development-book-volume-1-1011-1083,1026,1026100900,"Construction of Regional, County and Sub County offices.",1026100918,Tigania East,exp,3110200,Construction of Building,0,12448750,0,0,0,0,138,yes
fy-2026-27-development-book-volume-1-1011-1083,1026,1026100900,"Construction of Regional, County and Sub County offices.",1026100922,Habaswein,exp,3110200,Construction of Building,0,10030000,0,0,0,0,138,yes
fy-2026-27-development-book-volume-1-1011-1083,1026,1026100900,"Construction of Regional, County and Sub County offices.",1026100931,Marakwet West,exp,3110200,Construction of Building,5000000,0,0,0,0,0,139,yes
fy-2026-27-development-book-volume-1-1011-1083,1026,1026100900,"Construction of Regional, County and Sub County offices.",1026100940,Igembe North,exp,3110200,Construction of Building,0,12755138,0,0,0,0,139,yes
fy-2026-27-development-book-volume-1-1011-1083,1026,1026100900,"Construction of Regional, County and Sub County offices.",1026100941,Bomet County Headquarters,exp,3110200,Construction of Building,20000000,40000000,0,0,0,0,139,yes
fy-2026-27-development-book-volume-1-1011-1083,1026,1026100900,"Construction of Regional, County and Sub County offices.",1026100960,Bunyala Sub County Administration Block,exp,3110200,Construction of Building,0,15000000,0,0,0,0,139,yes
fy-2026-27-development-book-volume-1-1011-1083,1026,1026100900,"Construction of Regional, County and Sub County offices.",1026100961,Kyuso sub- county headquarters.,exp,3110200,Construction of Building,10000000,0,0,0,0,0,139,yes
fy-2026-27-development-book-volume-1-1011-1083,1026,1026100900,"Construction of Regional, County and Sub County offices.",1026100971,Construction of Sub-County Headquarters,exp,3110200,Construction of Building,39900000,235942400,0,0,0,0,140,yes
fy-2026-27-development-book-volume-1-1011-1083,1026,1026100900,"Construction of Regional, County and Sub County offices.",1026100993,Construction of The DCC's Office - Chesumei,exp,3110200,Construction of Building,11800000,0,0,0,0,0,140,yes
fy-2026-27-development-book-volume-1-1011-1083,1026,1026100900,"Construction of Regional, County and Sub County offices.",1026100995,Naivasha DCC's Office,exp,3110200,Construction of Building,10000000,20000000,0,0,0,0,140,yes
fy-2026-27-development-book-volume-1-1011-1083,1026,1026101000,Refurbishment of Sub County Offices.,1026101018,Refurbishment of Harambee hse,exp,3110200,Construction of Building,20000000,25000000,0,0,0,0,140,yes
fy-2026-27-development-book-volume-1-1011-1083,1026,1026101000,Refurbishment of Sub County Offices.,1026101019,Expansion of Kenya School of Adventure and Leadership,exp,3110200,Construction of Building,40777277,40000000,0,0,0,0,141,yes
fy-2026-27-development-book-volume-1-1011-1083,1026,1026101000,Refurbishment of Sub County Offices.,1026101020,Security Roads and Airstrips,exp,3110200,Construction of Building,20000000,320000000,0,0,0,0,141,yes
fy-2026-27-development-book-volume-1-1011-1083,1026,1026101000,Refurbishment of Sub County Offices.,1026101023,Refurbishment of Regional and County field administration offices,exp,3110200,Construction of Building,0,21417257,0,0,0,0,141,yes
fy-2026-27-development-book-volume-1-1011-1083,1026,1026101100,Construction Of Newly Gazetted Sub County Headqs & Other New,1026101106,Kilifi South,exp,3110200,Construction of Building,5000000,0,0,0,0,0,141,yes
fy-2026-27-development-book-volume-1-1011-1083,1026,1026101100,Construction Of Newly Gazetted Sub County Headqs & Other New,1026101124,Kipkomo,exp,3110200,Construction of Building,4000000,0,0,0,0,0,142,yes
fy-2026-27-development-book-volume-1-1011-1083,1026,1026101100,Construction Of Newly Gazetted Sub County Headqs & Other New,1026101125,Tigania Central,exp,3110200,Construction of Building,10000000,0,0,0,0,0,142,yes
fy-2026-27-development-book-volume-1-1011-1083,1026,1026101100,Construction Of Newly Gazetted Sub County Headqs & Other New,1026101128,Kabete,exp,3110200,Construction of Building,4800000,0,0,0,0,0,142,yes
fy-2026-27-development-book-volume-1-1011-1083,1026,1026101100,Construction Of Newly Gazetted Sub County Headqs & Other New,1026101135,Rangwe,exp,3110200,Construction of Building,7000000,0,0,0,0,0,142,yes
fy-2026-27-development-book-volume-1-1011-1083,1026,1026101100,Construction Of Newly Gazetted Sub County Headqs & Other New,1026101164,Buuri East DCCs Office,exp,3110200,Construction of Building,10000000,0,0,0,0,0,142,yes
fy-2026-27-development-book-volume-1-1011-1083,1026,1026101100,Construction Of Newly Gazetted Sub County Headqs & Other New,1026101175,Kotulo Sub County Administration Block & DCC Residence,exp,3110200,Construction of Building,14000000,37134592,0,0,0,0,143,yes
fy-2026-27-development-book-volume-1-1011-1083,1026,1026104200,Construction & Refurbishment of County Commissioners,1026104201,Construction of DCCs Office - Kwanza,exp,3110200,Construction of Building,3500000,0,0,0,0,0,143,yes
fy-2026-27-development-book-volume-1-1011-1083,1026,1026106000,Expansion & refurbishment of Govt. chemist labs in Nbi and,1026106001,Expansion & refurbishment of Govt. chemist labs in Nbi and,exp,3110200,Construction of Building,33000000,40000000,0,0,0,0,143,yes
fy-2026-27-development-book-volume-1-1011-1083,1026,1026106300,Kenya Coast Guard Services-BETA.,1026106301,Equipping of Kenya Coast Guard Services,exp,3110200,Construction of Building,80000000,100000000,0,0,0,0,144,yes
fy-2026-27-development-book-volume-1-1011-1083,1026,1026107300,Construction of Miritini Treatment and Rehabilitation Center-,1026107301,Construction of Miritini Treatment and Rehabilitation Center,exp,3110200,Construction of Building,65000000,80000000,0,0,0,0,144,yes
fy-2026-27-development-book-volume-1-1011-1083,1026,1026108700,Construction of NGA Offices.,1026108705,Igembe South Sub County Office,exp,3110200,Construction of Building,10000000,20030000,0,0,0,0,145,yes
fy-2026-27-development-book-volume-1-1011-1083,1026,1026108800,Construction of the Newly Gazetted Sub County Headquarters.,1026108809,Tiaty East Sub County Office,exp,3110200,Construction of Building,0,30000000,0,0,0,0,145,yes
fy-2026-27-development-book-volume-1-1011-1083,1026,1026108900,Refurbishment of Sub County Field Administration Offices.,1026108901,Refurbishment of Sub County Field Administration Offices,exp,3110200,Construction of Building,20000000,40000000,0,0,0,0,145,yes
fy-2026-27-development-book-volume-1-1011-1083,1026,1026109300,Construction and Operationalization of Sub-county Offices.,1026109309,Samburu West Sub County Administration Block,exp,3110200,Construction of Building,30000000,0,0,0,0,0,146,yes
fy-2026-27-development-book-volume-1-1011-1083,1026,1026109300,Construction and Operationalization of Sub-county Offices.,1026109310,Construction and Equiping of Riana Chiefs Office - Bonchari,exp,3110200,Construction of Building,10000000,0,0,0,0,0,146,yes
fy-2026-27-development-book-volume-1-1011-1083,1026,1026109400,Construction of Administration Units.,1026109402,Ndeiya,exp,3110200,Construction of Building,10000000,0,0,0,0,0,146,yes
fy-2026-27-development-book-volume-1-1011-1083,1026,1026109500,Construction of Gathanje Sub-County DCC Office - Ngano.,1026109501,Construction of Gathanje Sub-County DCC Office - Ngano,exp,3110200,Construction of Building,0,7496891,0,0,0,0,147,yes
fy-2026-27-development-book-volume-1-1011-1083,1026,1026109700,Construction of Sub-County Offices.,1026109709,Sirisia DCC Office,exp,3110200,Construction of Building,0,17440426,0,0,0,0,147,yes
fy-2026-27-development-book-volume-1-1011-1083,1026,1026109700,Construction of Sub-County Offices.,1026109714,Siaya West Sub County HQ,exp,3110200,Construction of Building,35000000,0,0,0,0,0,147,yes
fy-2026-27-development-book-volume-1-1011-1083,1026,1026109700,Construction of Sub-County Offices.,1026109715,Kiegoi-Antubochiu Sub-County Headquarters,exp,3110200,Construction of Building,17223629,0,0,0,0,0,148,yes
fy-2026-27-development-book-volume-1-1011-1083,1026,1026109700,Construction of Sub-County Offices.,1026109716,Construction of Eldas Sub-County DCC House & Fence,exp,3110200,Construction of Building,40000000,0,0,0,0,0,148,yes
fy-2026-27-development-book-volume-1-1011-1083,1026,1026109800,National Police Service Modernization Project.,1026109801,National Police Service Modernization Project,exp,3111100,"Purchase of Specialised Plant, Equipment and Machinery",5400000000,6500000000,0,0,0,0,148,yes
fy-2026-27-development-book-volume-1-1011-1083,1026,1026110000,Public Participation Projects.,1026110006,Akachiu Sub County HQs,exp,3110200,Construction of Building,0,4600000,0,0,0,0,149,yes
fy-2026-27-development-book-volume-1-1011-1083,1026,1026110000,Public Participation Projects.,1026110009,Construction of DCC Office in Kiminini,exp,3110200,Construction of Building,10000000,15000000,0,0,0,0,149,yes
fy-2026-27-development-book-volume-1-1011-1083,1026,1026110000,Public Participation Projects.,1026110010,Construction of DCC Office in Saboti,exp,3110200,Construction of Building,10000000,15000000,0,0,0,0,149,yes
fy-2026-27-development-book-volume-1-1011-1083,1026,1026110000,Public Participation Projects.,1026110011,Operationalization of New Kikumbulyu Division - ACC Office,exp,3110200,Construction of Building,5000000,0,0,0,0,0,149,yes
fy-2026-27-development-book-volume-1-1011-1083,1026,1026110000,Public Participation Projects.,1026110012,Operationalization of New Kavete Division - ACC Office,exp,3110200,Construction of Building,5000000,0,0,0,0,0,149,yes
fy-2026-27-development-book-volume-1-1011-1083,1026,1026110000,Public Participation Projects.,1026110013,Construction of DCC Office at Kambu Sub County,exp,3110200,Construction of Building,5000000,0,0,0,0,0,150,yes
fy-2026-27-development-book-volume-1-1011-1083,1026,1026110200,National Intergrated Security Command and Control System,1026110201,National Intergrated Security Command and Control System,exp,3111100,"Purchase of Specialised Plant, Equipment and Machinery",2000000000,2000000000,0,0,0,0,150,yes
fy-2026-27-development-book-volume-1-1011-1083,1026,1026100900,"Construction of Regional, County and Sub County offices.",1026100912,Tigania West,gross,,Gross,6000000,0,0,0,0,0,138,yes
fy-2026-27-development-book-volume-1-1011-1083,1026,1026100900,"Construction of Regional, County and Sub County offices.",1026100912,Tigania West,net,,Net,6000000,0,0,0,0,0,138,yes
fy-2026-27-development-book-volume-1-1011-1083,1026,1026100900,"Construction of Regional, County and Sub County offices.",1026100916,Taita Taveta County,gross,,Gross,10000000,0,0,0,0,0,138,yes
fy-2026-27-development-book-volume-1-1011-1083,1026,1026100900,"Construction of Regional, County and Sub County offices.",1026100916,Taita Taveta County,net,,Net,10000000,0,0,0,0,0,138,yes
fy-2026-27-development-book-volume-1-1011-1083,1026,1026100900,"Construction of Regional, County and Sub County offices.",1026100918,Tigania East,gross,,Gross,0,12448750,0,0,0,0,138,yes
fy-2026-27-development-book-volume-1-1011-1083,1026,1026100900,"Construction of Regional, County and Sub County offices.",1026100918,Tigania East,net,,Net,0,12448750,0,0,0,0,138,yes
fy-2026-27-development-book-volume-1-1011-1083,1026,1026100900,"Construction of Regional, County and Sub County offices.",1026100922,Habaswein,gross,,Gross,0,10030000,0,0,0,0,138,yes
fy-2026-27-development-book-volume-1-1011-1083,1026,1026100900,"Construction of Regional, County and Sub County offices.",1026100922,Habaswein,net,,Net,0,10030000,0,0,0,0,138,yes
fy-2026-27-development-book-volume-1-1011-1083,1026,1026100900,"Construction of Regional, County and Sub County offices.",1026100931,Marakwet West,gross,,Gross,5000000,0,0,0,0,0,139,yes
fy-2026-27-development-book-volume-1-1011-1083,1026,1026100900,"Construction of Regional, County and Sub County offices.",1026100931,Marakwet West,net,,Net,5000000,0,0,0,0,0,139,yes
fy-2026-27-development-book-volume-1-1011-1083,1026,1026100900,"Construction of Regional, County and Sub County offices.",1026100940,Igembe North,gross,,Gross,0,12755138,0,0,0,0,139,yes
fy-2026-27-development-book-volume-1-1011-1083,1026,1026100900,"Construction of Regional, County and Sub County offices.",1026100940,Igembe North,net,,Net,0,12755138,0,0,0,0,139,yes
fy-2026-27-development-book-volume-1-1011-1083,1026,1026100900,"Construction of Regional, County and Sub County offices.",1026100941,Bomet County Headquarters,gross,,Gross,20000000,40000000,0,0,0,0,139,yes
fy-2026-27-development-book-volume-1-1011-1083,1026,1026100900,"Construction of Regional, County and Sub County offices.",1026100941,Bomet County Headquarters,net,,Net,20000000,40000000,0,0,0,0,139,yes
fy-2026-27-development-book-volume-1-1011-1083,1026,1026100900,"Construction of Regional, County and Sub County offices.",1026100960,Bunyala Sub County Administration Block,gross,,Gross,0,15000000,0,0,0,0,139,yes
fy-2026-27-development-book-volume-1-1011-1083,1026,1026100900,"Construction of Regional, County and Sub County offices.",1026100960,Bunyala Sub County Administration Block,net,,Net,0,15000000,0,0,0,0,139,yes
fy-2026-27-development-book-volume-1-1011-1083,1026,1026100900,"Construction of Regional, County and Sub County offices.",1026100961,Kyuso sub- county headquarters.,gross,,Gross,10000000,0,0,0,0,0,139,yes
fy-2026-27-development-book-volume-1-1011-1083,1026,1026100900,"Construction of Regional, County and Sub County offices.",1026100961,Kyuso sub- county headquarters.,net,,Net,10000000,0,0,0,0,0,139,yes
fy-2026-27-development-book-volume-1-1011-1083,1026,1026100900,"Construction of Regional, County and Sub County offices.",1026100971,Construction of Sub-County Headquarters,gross,,Gross,39900000,235942400,0,0,0,0,140,yes
fy-2026-27-development-book-volume-1-1011-1083,1026,1026100900,"Construction of Regional, County and Sub County offices.",1026100971,Construction of Sub-County Headquarters,net,,Net,39900000,235942400,0,0,0,0,140,yes
fy-2026-27-development-book-volume-1-1011-1083,1026,1026100900,"Construction of Regional, County and Sub County offices.",1026100993,Construction of The DCC's Office - Chesumei,gross,,Gross,11800000,0,0,0,0,0,140,yes
fy-2026-27-development-book-volume-1-1011-1083,1026,1026100900,"Construction of Regional, County and Sub County offices.",1026100993,Construction of The DCC's Office - Chesumei,net,,Net,11800000,0,0,0,0,0,140,yes
fy-2026-27-development-book-volume-1-1011-1083,1026,1026100900,"Construction of Regional, County and Sub County offices.",1026100995,Naivasha DCC's Office,gross,,Gross,10000000,20000000,0,0,0,0,140,yes
fy-2026-27-development-book-volume-1-1011-1083,1026,1026100900,"Construction of Regional, County and Sub County offices.",1026100995,Naivasha DCC's Office,net,,Net,10000000,20000000,0,0,0,0,140,yes
fy-2026-27-development-book-volume-1-1011-1083,1026,1026101000,Refurbishment of Sub County Offices.,1026101018,Refurbishment of Harambee hse,gross,,Gross,20000000,25000000,0,0,0,0,140,yes
fy-2026-27-development-book-volume-1-1011-1083,1026,1026101000,Refurbishment of Sub County Offices.,1026101018,Refurbishment of Harambee hse,net,,Net,20000000,25000000,0,0,0,0,140,yes
fy-2026-27-development-book-volume-1-1011-1083,1026,1026101000,Refurbishment of Sub County Offices.,1026101019,Expansion of Kenya School of Adventure and Leadership,gross,,Gross,40777277,40000000,0,0,0,0,141,yes
fy-2026-27-development-book-volume-1-1011-1083,1026,1026101000,Refurbishment of Sub County Offices.,1026101019,Expansion of Kenya School of Adventure and Leadership,net,,Net,40777277,40000000,0,0,0,0,141,yes
fy-2026-27-development-book-volume-1-1011-1083,1026,1026101000,Refurbishment of Sub County Offices.,1026101020,Security Roads and Airstrips,gross,,Gross,20000000,320000000,0,0,0,0,141,yes
fy-2026-27-development-book-volume-1-1011-1083,1026,1026101000,Refurbishment of Sub County Offices.,1026101020,Security Roads and Airstrips,net,,Net,20000000,320000000,0,0,0,0,141,yes
fy-2026-27-development-book-volume-1-1011-1083,1026,1026101000,Refurbishment of Sub County Offices.,1026101023,Refurbishment of Regional and County field administration offices,gross,,Gross,0,21417257,0,0,0,0,141,yes
fy-2026-27-development-book-volume-1-1011-1083,1026,1026101000,Refurbishment of Sub County Offices.,1026101023,Refurbishment of Regional and County field administration offices,net,,Net,0,21417257,0,0,0,0,141,yes
fy-2026-27-development-book-volume-1-1011-1083,1026,1026101100,Construction Of Newly Gazetted Sub County Headqs & Other New,1026101106,Kilifi South,gross,,Gross,5000000,0,0,0,0,0,141,yes
fy-2026-27-development-book-volume-1-1011-1083,1026,1026101100,Construction Of Newly Gazetted Sub County Headqs & Other New,1026101106,Kilifi South,net,,Net,5000000,0,0,0,0,0,141,yes
fy-2026-27-development-book-volume-1-1011-1083,1026,1026101100,Construction Of Newly Gazetted Sub County Headqs & Other New,1026101124,Kipkomo,gross,,Gross,4000000,0,0,0,0,0,142,yes
fy-2026-27-development-book-volume-1-1011-1083,1026,1026101100,Construction Of Newly Gazetted Sub County Headqs & Other New,1026101124,Kipkomo,net,,Net,4000000,0,0,0,0,0,142,yes
fy-2026-27-development-book-volume-1-1011-1083,1026,1026101100,Construction Of Newly Gazetted Sub County Headqs & Other New,1026101125,Tigania Central,gross,,Gross,10000000,0,0,0,0,0,142,yes
fy-2026-27-development-book-volume-1-1011-1083,1026,1026101100,Construction Of Newly Gazetted Sub County Headqs & Other New,1026101125,Tigania Central,net,,Net,10000000,0,0,0,0,0,142,yes
fy-2026-27-development-book-volume-1-1011-1083,1026,1026101100,Construction Of Newly Gazetted Sub County Headqs & Other New,1026101128,Kabete,gross,,Gross,4800000,0,0,0,0,0,142,yes
fy-2026-27-development-book-volume-1-1011-1083,1026,1026101100,Construction Of Newly Gazetted Sub County Headqs & Other New,1026101128,Kabete,net,,Net,4800000,0,0,0,0,0,142,yes
fy-2026-27-development-book-volume-1-1011-1083,1026,1026101100,Construction Of Newly Gazetted Sub County Headqs & Other New,1026101135,Rangwe,gross,,Gross,7000000,0,0,0,0,0,142,yes
fy-2026-27-development-book-volume-1-1011-1083,1026,1026101100,Construction Of Newly Gazetted Sub County Headqs & Other New,1026101135,Rangwe,net,,Net,7000000,0,0,0,0,0,142,yes
fy-2026-27-development-book-volume-1-1011-1083,1026,1026101100,Construction Of Newly Gazetted Sub County Headqs & Other New,1026101164,Buuri East DCCs Office,gross,,Gross,10000000,0,0,0,0,0,142,yes
fy-2026-27-development-book-volume-1-1011-1083,1026,1026101100,Construction Of Newly Gazetted Sub County Headqs & Other New,1026101164,Buuri East DCCs Office,net,,Net,10000000,0,0,0,0,0,142,yes
fy-2026-27-development-book-volume-1-1011-1083,1026,1026101100,Construction Of Newly Gazetted Sub County Headqs & Other New,1026101175,Kotulo Sub County Administration Block & DCC Residence,gross,,Gross,14000000,37134592,0,0,0,0,143,yes
fy-2026-27-development-book-volume-1-1011-1083,1026,1026101100,Construction Of Newly Gazetted Sub County Headqs & Other New,1026101175,Kotulo Sub County Administration Block & DCC Residence,net,,Net,14000000,37134592,0,0,0,0,143,yes
fy-2026-27-development-book-volume-1-1011-1083,1026,1026104200,Construction & Refurbishment of County Commissioners,1026104201,Construction of DCCs Office - Kwanza,gross,,Gross,3500000,0,0,0,0,0,143,yes
fy-2026-27-development-book-volume-1-1011-1083,1026,1026104200,Construction & Refurbishment of County Commissioners,1026104201,Construction of DCCs Office - Kwanza,net,,Net,3500000,0,0,0,0,0,143,yes
fy-2026-27-development-book-volume-1-1011-1083,1026,1026106000,Expansion & refurbishment of Govt. chemist labs in Nbi and,1026106001,Expansion & refurbishment of Govt. chemist labs in Nbi and,gross,,Gross,33000000,40000000,0,0,0,0,143,yes
fy-2026-27-development-book-volume-1-1011-1083,1026,1026106000,Expansion & refurbishment of Govt. chemist labs in Nbi and,1026106001,Expansion & refurbishment of Govt. chemist labs in Nbi and,net,,Net,33000000,40000000,0,0,0,0,143,yes
fy-2026-27-development-book-volume-1-1011-1083,1026,1026106300,Kenya Coast Guard Services-BETA.,1026106301,Equipping of Kenya Coast Guard Services,gross,,Gross,80000000,100000000,0,0,0,0,144,yes
fy-2026-27-development-book-volume-1-1011-1083,1026,1026106300,Kenya Coast Guard Services-BETA.,1026106301,Equipping of Kenya Coast Guard Services,net,,Net,80000000,100000000,0,0,0,0,144,yes
fy-2026-27-development-book-volume-1-1011-1083,1026,1026107300,Construction of Miritini Treatment and Rehabilitation Center-,1026107301,Construction of Miritini Treatment and Rehabilitation Center,gross,,Gross,65000000,80000000,0,0,0,0,144,yes
fy-2026-27-development-book-volume-1-1011-1083,1026,1026107300,Construction of Miritini Treatment and Rehabilitation Center-,1026107301,Construction of Miritini Treatment and Rehabilitation Center,net,,Net,65000000,80000000,0,0,0,0,144,yes
fy-2026-27-development-book-volume-1-1011-1083,1026,1026108700,Construction of NGA Offices.,1026108705,Igembe South Sub County Office,gross,,Gross,10000000,20030000,0,0,0,0,145,yes
fy-2026-27-development-book-volume-1-1011-1083,1026,1026108700,Construction of NGA Offices.,1026108705,Igembe South Sub County Office,net,,Net,10000000,20030000,0,0,0,0,145,yes
fy-2026-27-development-book-volume-1-1011-1083,1026,1026108800,Construction of the Newly Gazetted Sub County Headquarters.,1026108809,Tiaty East Sub County Office,gross,,Gross,0,30000000,0,0,0,0,145,yes
fy-2026-27-development-book-volume-1-1011-1083,1026,1026108800,Construction of the Newly Gazetted Sub County Headquarters.,1026108809,Tiaty East Sub County Office,net,,Net,0,30000000,0,0,0,0,145,yes
fy-2026-27-development-book-volume-1-1011-1083,1026,1026108900,Refurbishment of Sub County Field Administration Offices.,1026108901,Refurbishment of Sub County Field Administration Offices,gross,,Gross,20000000,40000000,0,0,0,0,145,yes
fy-2026-27-development-book-volume-1-1011-1083,1026,1026108900,Refurbishment of Sub County Field Administration Offices.,1026108901,Refurbishment of Sub County Field Administration Offices,net,,Net,20000000,40000000,0,0,0,0,145,yes
fy-2026-27-development-book-volume-1-1011-1083,1026,1026109300,Construction and Operationalization of Sub-county Offices.,1026109309,Samburu West Sub County Administration Block,gross,,Gross,30000000,0,0,0,0,0,146,yes
fy-2026-27-development-book-volume-1-1011-1083,1026,1026109300,Construction and Operationalization of Sub-county Offices.,1026109309,Samburu West Sub County Administration Block,net,,Net,30000000,0,0,0,0,0,146,yes
fy-2026-27-development-book-volume-1-1011-1083,1026,1026109300,Construction and Operationalization of Sub-county Offices.,1026109310,Construction and Equiping of Riana Chiefs Office - Bonchari,gross,,Gross,10000000,0,0,0,0,0,146,yes
fy-2026-27-development-book-volume-1-1011-1083,1026,1026109300,Construction and Operationalization of Sub-county Offices.,1026109310,Construction and Equiping of Riana Chiefs Office - Bonchari,net,,Net,10000000,0,0,0,0,0,146,yes
fy-2026-27-development-book-volume-1-1011-1083,1026,1026109400,Construction of Administration Units.,1026109402,Ndeiya,gross,,Gross,10000000,0,0,0,0,0,146,yes
fy-2026-27-development-book-volume-1-1011-1083,1026,1026109400,Construction of Administration Units.,1026109402,Ndeiya,net,,Net,10000000,0,0,0,0,0,146,yes
fy-2026-27-development-book-volume-1-1011-1083,1026,1026109500,Construction of Gathanje Sub-County DCC Office - Ngano.,1026109501,Construction of Gathanje Sub-County DCC Office - Ngano,gross,,Gross,0,7496891,0,0,0,0,147,yes
fy-2026-27-development-book-volume-1-1011-1083,1026,1026109500,Construction of Gathanje Sub-County DCC Office - Ngano.,1026109501,Construction of Gathanje Sub-County DCC Office - Ngano,net,,Net,0,7496891,0,0,0,0,147,yes
fy-2026-27-development-book-volume-1-1011-1083,1026,1026109700,Construction of Sub-County Offices.,1026109709,Sirisia DCC Office,gross,,Gross,0,17440426,0,0,0,0,147,yes
fy-2026-27-development-book-volume-1-1011-1083,1026,1026109700,Construction of Sub-County Offices.,1026109709,Sirisia DCC Office,net,,Net,0,17440426,0,0,0,0,147,yes
fy-2026-27-development-book-volume-1-1011-1083,1026,1026109700,Construction of Sub-County Offices.,1026109714,Siaya West Sub County HQ,gross,,Gross,35000000,0,0,0,0,0,147,yes
fy-2026-27-development-book-volume-1-1011-1083,1026,1026109700,Construction of Sub-County Offices.,1026109714,Siaya West Sub County HQ,net,,Net,35000000,0,0,0,0,0,147,yes
fy-2026-27-development-book-volume-1-1011-1083,1026,1026109700,Construction of Sub-County Offices.,1026109715,Kiegoi-Antubochiu Sub-County Headquarters,gross,,Gross,17223629,0,0,0,0,0,148,yes
fy-2026-27-development-book-volume-1-1011-1083,1026,1026109700,Construction of Sub-County Offices.,1026109715,Kiegoi-Antubochiu Sub-County Headquarters,net,,Net,17223629,0,0,0,0,0,148,yes
fy-2026-27-development-book-volume-1-1011-1083,1026,1026109700,Construction of Sub-County Offices.,1026109716,Construction of Eldas Sub-County DCC House & Fence,gross,,Gross,40000000,0,0,0,0,0,148,yes
fy-2026-27-development-book-volume-1-1011-1083,1026,1026109700,Construction of Sub-County Offices.,1026109716,Construction of Eldas Sub-County DCC House & Fence,net,,Net,40000000,0,0,0,0,0,148,yes
fy-2026-27-development-book-volume-1-1011-1083,1026,1026109800,National Police Service Modernization Project.,1026109801,National Police Service Modernization Project,gross,,Gross,5400000000,6500000000,0,0,0,0,148,yes
fy-2026-27-development-book-volume-1-1011-1083,1026,1026109800,National Police Service Modernization Project.,1026109801,National Police Service Modernization Project,net,,Net,5400000000,6500000000,0,0,0,0,148,yes
fy-2026-27-development-book-volume-1-1011-1083,1026,1026110000,Public Participation Projects.,1026110006,Akachiu Sub County HQs,gross,,Gross,0,4600000,0,0,0,0,149,yes
fy-2026-27-development-book-volume-1-1011-1083,1026,1026110000,Public Participation Projects.,1026110006,Akachiu Sub County HQs,net,,Net,0,4600000,0,0,0,0,149,yes
fy-2026-27-development-book-volume-1-1011-1083,1026,1026110000,Public Participation Projects.,1026110009,Construction of DCC Office in Kiminini,gross,,Gross,10000000,15000000,0,0,0,0,149,yes
fy-2026-27-development-book-volume-1-1011-1083,1026,1026110000,Public Participation Projects.,1026110009,Construction of DCC Office in Kiminini,net,,Net,10000000,15000000,0,0,0,0,149,yes
fy-2026-27-development-book-volume-1-1011-1083,1026,1026110000,Public Participation Projects.,1026110010,Construction of DCC Office in Saboti,gross,,Gross,10000000,15000000,0,0,0,0,149,yes
fy-2026-27-development-book-volume-1-1011-1083,1026,1026110000,Public Participation Projects.,1026110010,Construction of DCC Office in Saboti,net,,Net,10000000,15000000,0,0,0,0,149,yes
fy-2026-27-development-book-volume-1-1011-1083,1026,1026110000,Public Participation Projects.,1026110011,Operationalization of New Kikumbulyu Division - ACC Office,gross,,Gross,5000000,0,0,0,0,0,149,yes
fy-2026-27-development-book-volume-1-1011-1083,1026,1026110000,Public Participation Projects.,1026110011,Operationalization of New Kikumbulyu Division - ACC Office,net,,Net,5000000,0,0,0,0,0,149,yes
fy-2026-27-development-book-volume-1-1011-1083,1026,1026110000,Public Participation Projects.,1026110012,Operationalization of New Kavete Division - ACC Office,gross,,Gross,5000000,0,0,0,0,0,149,yes
fy-2026-27-development-book-volume-1-1011-1083,1026,1026110000,Public Participation Projects.,1026110012,Operationalization of New Kavete Division - ACC Office,net,,Net,5000000,0,0,0,0,0,149,yes
fy-2026-27-development-book-volume-1-1011-1083,1026,1026110000,Public Participation Projects.,1026110013,Construction of DCC Office at Kambu Sub County,gross,,Gross,5000000,0,0,0,0,0,150,yes
fy-2026-27-development-book-volume-1-1011-1083,1026,1026110000,Public Participation Projects.,1026110013,Construction of DCC Office at Kambu Sub County,net,,Net,5000000,0,0,0,0,0,150,yes
fy-2026-27-development-book-volume-1-1011-1083,1026,1026110200,National Intergrated Security Command and Control System,1026110201,National Intergrated Security Command and Control System,gross,,Gross,2000000000,2000000000,0,0,0,0,150,yes
fy-2026-27-development-book-volume-1-1011-1083,1026,1026110200,National Intergrated Security Command and Control System,1026110201,National Intergrated Security Command and Control System,net,,Net,2000000000,2000000000,0,0,0,0,150,yes
fy-2026-27-development-book-volume-1-1011-1083,1032,1032106100,Maarifa Centre for Knowledge Management Among Counties.,1032106101,Maarifa Centre for Knowledge Management Among Counties,exp,2630200,Capital Grants to Government Agencies and other Levels of Government,30000000,25430000,0,0,0,0,153,yes
fy-2026-27-development-book-volume-1-1011-1083,1032,1032106300,Kenya Devolution Support Programme II (KDSP II).,1032106301,Kenya Devolution Support Programme II (KDSP II),exp,2211300,Other Operating Expenses,80000000,147670000,0,0,0,0,153,yes
fy-2026-27-development-book-volume-1-1011-1083,1032,1032106300,Kenya Devolution Support Programme II (KDSP II).,1032106301,Kenya Devolution Support Programme II (KDSP II),exp,2630200,Capital Grants to Government Agencies and other Levels of Government,11401253500,9569216000,0,0,0,9569216000,153,yes
fy-2026-27-development-book-volume-1-1011-1083,1032,1032106300,Kenya Devolution Support Programme II (KDSP II).,1032106301,Kenya Devolution Support Programme II (KDSP II),exp,2640500,Other Capital Grants and Transfers,2664869042,706984000,0,0,0,606984000,153,yes
fy-2026-27-development-book-volume-1-1011-1083,1032,1032106400,Joint Devolution Programme II.,1032106401,Joint Devolution Programme II,exp,2211300,Other Operating Expenses,0,10000000,0,0,0,0,154,yes
fy-2026-27-development-book-volume-1-1011-1083,1032,1032106400,Joint Devolution Programme II.,1032106401,Joint Devolution Programme II,exp,2640500,Other Capital Grants and Transfers,0,160000000,160000000,0,0,0,154,yes
fy-2026-27-development-book-volume-1-1011-1083,1032,1032106400,Joint Devolution Programme II.,1032106401,Joint Devolution Programme II,financing,1320200,Grants from International Organizations,0,160000000,160000000,0,0,0,154,yes
fy-2026-27-development-book-volume-1-1011-1083,1032,1032106100,Maarifa Centre for Knowledge Management Among Counties.,1032106101,Maarifa Centre for Knowledge Management Among Counties,gross,,Gross,30000000,25430000,0,0,0,0,153,yes
fy-2026-27-development-book-volume-1-1011-1083,1032,1032106100,Maarifa Centre for Knowledge Management Among Counties.,1032106101,Maarifa Centre for Knowledge Management Among Counties,net,,Net,30000000,25430000,0,0,0,0,153,yes
fy-2026-27-development-book-volume-1-1011-1083,1032,1032106300,Kenya Devolution Support Programme II (KDSP II).,1032106301,Kenya Devolution Support Programme II (KDSP II),gross,,Gross,14146122542,10423870000,0,0,0,10176200000,153,yes
fy-2026-27-development-book-volume-1-1011-1083,1032,1032106300,Kenya Devolution Support Programme II (KDSP II).,1032106301,Kenya Devolution Support Programme II (KDSP II),net,,Net,14146122542,10423870000,0,0,0,10176200000,153,yes
fy-2026-27-development-book-volume-1-1011-1083,1032,1032106400,Joint Devolution Programme II.,1032106401,Joint Devolution Programme II,gross,,Gross,0,170000000,160000000,0,0,0,154,yes
fy-2026-27-development-book-volume-1-1011-1083,1032,1032106400,Joint Devolution Programme II.,1032106401,Joint Devolution Programme II,appropriations_in_aid,,Appropriations In Aid,0,160000000,160000000,0,0,0,154,yes
fy-2026-27-development-book-volume-1-1011-1083,1032,1032106400,Joint Devolution Programme II.,1032106401,Joint Devolution Programme II,net,,Net,0,10000000,0,0,0,0,154,yes
fy-2026-27-development-book-volume-1-1011-1083,1033,1033100900,National Drought Emergency Fund (NDEF).,1033100901,National Drought Emergency Fund (NDEF),exp,2630200,Capital Grants to Government Agencies and other Levels of Government,165602460,165000000,0,0,0,0,157,yes
fy-2026-27-development-book-volume-1-1011-1083,1033,1033100900,National Drought Emergency Fund (NDEF).,1033100901,National Drought Emergency Fund (NDEF),gross,,Gross,165602460,165000000,0,0,0,0,157,yes
fy-2026-27-development-book-volume-1-1011-1083,1033,1033100900,National Drought Emergency Fund (NDEF).,1033100901,National Drought Emergency Fund (NDEF),net,,Net,165602460,165000000,0,0,0,0,157,yes
fy-2026-27-development-book-volume-1-1011-1083,1036,1036101300,Drought Response & Resilience in Arid & Semi-Arid Areas of,1036101302,Mashaptatit Water Pan Lomut,exp,3110500,Construction and Civil Works,30000000,0,0,0,0,0,186,yes
fy-2026-27-development-book-volume-1-1011-1083,1036,1036101300,Drought Response & Resilience in Arid & Semi-Arid Areas of,1036101303,Loperot Water Pan Orwa,exp,3110500,Construction and Civil Works,30000000,0,0,0,0,0,186,yes
fy-2026-27-development-book-volume-1-1011-1083,1036,1036101300,Drought Response & Resilience in Arid & Semi-Arid Areas of,1036101306,Camel Restocking Pokot Central,exp,3111300,"Purchase of Certified Seeds, Breeding Stock and Live Animals",15000000,0,0,0,0,0,186,yes
fy-2026-27-development-book-volume-1-1011-1083,1036,1036101300,Drought Response & Resilience in Arid & Semi-Arid Areas of,1036101307,Koloa (DRMPA) Monument Borehole - Tiaty,exp,3110500,Construction and Civil Works,10000000,0,0,0,0,0,186,yes
fy-2026-27-development-book-volume-1-1011-1083,1036,1036101300,Drought Response & Resilience in Arid & Semi-Arid Areas of,1036101308,Napeyelel Water Pan Kiwawa,exp,3110500,Construction and Civil Works,30000000,0,0,0,0,0,187,yes
fy-2026-27-development-book-volume-1-1011-1083,1036,1036101300,Drought Response & Resilience in Arid & Semi-Arid Areas of,1036101309,Akiriamet Village Borehole Alale,exp,3110500,Construction and Civil Works,10000000,0,0,0,0,0,187,yes
fy-2026-27-development-book-volume-1-1011-1083,1036,1036101300,Drought Response & Resilience in Arid & Semi-Arid Areas of,1036101310,Akodong Water Pan (Turkana West),exp,3110500,Construction and Civil Works,30000000,0,0,0,0,0,187,yes
fy-2026-27-development-book-volume-1-1011-1083,1036,1036101300,Drought Response & Resilience in Arid & Semi-Arid Areas of,1036101311,Migujini Water Pan Ganze,exp,3110500,Construction and Civil Works,30000000,0,0,0,0,0,187,yes
fy-2026-27-development-book-volume-1-1011-1083,1036,1036101300,Drought Response & Resilience in Arid & Semi-Arid Areas of,1036101312,Alany Water Pan Desilting,exp,3110500,Construction and Civil Works,10000000,0,0,0,0,0,187,yes
fy-2026-27-development-book-volume-1-1011-1083,1036,1036101300,Drought Response & Resilience in Arid & Semi-Arid Areas of,1036101313,Lotongot Borehole Masol,exp,3110500,Construction and Civil Works,10000000,0,0,0,0,0,188,yes
fy-2026-27-development-book-volume-1-1011-1083,1036,1036101300,Drought Response & Resilience in Arid & Semi-Arid Areas of,1036101314,Magwede Village Borehole Voi,exp,3110500,Construction and Civil Works,10000000,0,0,0,0,0,188,yes
fy-2026-27-development-book-volume-1-1011-1083,1036,1036101300,Drought Response & Resilience in Arid & Semi-Arid Areas of,1036101317,Lometermer Water Pan,exp,3110500,Construction and Civil Works,30000000,0,0,0,0,0,188,yes
fy-2026-27-development-book-volume-1-1011-1083,1036,1036101300,Drought Response & Resilience in Arid & Semi-Arid Areas of,1036101334,Sakale Sec School Borehole,exp,3110500,Construction and Civil Works,10000000,0,0,0,0,0,188,yes
fy-2026-27-development-book-volume-1-1011-1083,1036,1036101300,Drought Response & Resilience in Arid & Semi-Arid Areas of,1036101335,Mukuri Borehole Losam,exp,3110500,Construction and Civil Works,10000000,0,0,0,0,0,188,yes
fy-2026-27-development-book-volume-1-1011-1083,1036,1036101300,Drought Response & Resilience in Arid & Semi-Arid Areas of,1036101336,Oltiasilele Borehole (Kajiado South),exp,3110500,Construction and Civil Works,10000000,0,0,0,0,0,189,yes
fy-2026-27-development-book-volume-1-1011-1083,1036,1036101300,Drought Response & Resilience in Arid & Semi-Arid Areas of,1036101344,Rehabilitation of Chemorongion Water Pan,exp,3110500,Construction and Civil Works,20000000,0,0,0,0,0,189,yes
fy-2026-27-development-book-volume-1-1011-1083,1036,1036101300,Drought Response & Resilience in Arid & Semi-Arid Areas of,1036101345,Auskuyon Primary Kapenguria Borehole,exp,3110500,Construction and Civil Works,10000000,0,0,0,0,0,189,yes
fy-2026-27-development-book-volume-1-1011-1083,1036,1036101400,Kenya Social and Economic Inclusion Project-BETA.,1036101401,Kenya Social and Economic Inclusion Project,exp,2630200,Capital Grants to Government Agencies and other Levels of Government,0,400750000,0,0,0,400750000,189,yes
fy-2026-27-development-book-volume-1-1011-1083,1036,1036101600,Ending Drought Emergencies: Support to Resilient Livelihood II.,1036101601,Ending Drought Emergencies: Support to Resilient Livelihood II,exp,2630200,Capital Grants to Government Agencies and other Levels of Government,45000000,60000000,0,0,0,0,190,yes
fy-2026-27-development-book-volume-1-1011-1083,1036,1036102500,Sustainable Food Systems and Resilience Livelihood Activities-,1036102501,Sustainable Food Systems and Resilience Livelihood Activities,exp,2210300,"Domestic Travel and Subsistence, and Other Transportation Costs",8800000,19000000,0,0,0,0,190,yes
fy-2026-27-development-book-volume-1-1011-1083,1036,1036102500,Sustainable Food Systems and Resilience Livelihood Activities-,1036102501,Sustainable Food Systems and Resilience Livelihood Activities,exp,2210800,Hospitality Supplies and Services,3200000,11000000,0,0,0,0,190,yes
fy-2026-27-development-book-volume-1-1011-1083,1036,1036102800,"Ending Drought Emergencies, Ecosystem Based Adapt in ASAL -",1036102801,"Ending Drought Emergencies, Ecosystem Based Adapt. in ASAL -",exp,2630200,Capital Grants to Government Agencies and other Levels of Government,207530000,420540000,150000000,150000000,0,0,191,yes
fy-2026-27-development-book-volume-1-1011-1083,1036,1036102800,"Ending Drought Emergencies, Ecosystem Based Adapt in ASAL -",1036102801,"Ending Drought Emergencies, Ecosystem Based Adapt. in ASAL -",financing,1320100,Grants from International Organizations - Cash through Exchequer,0,150000000,150000000,0,0,0,191,yes
fy-2026-27-development-book-volume-1-1011-1083,1036,1036102900,Sustainable Food Systems and Livelihoods.,1036102902,Garissa River Bank Flood Protection,exp,2630200,Capital Grants to Government Agencies and other Levels of Government,15000000,7746362,0,0,0,0,191,yes
fy-2026-27-development-book-volume-1-1011-1083,1036,1036103200,Dry Land Climate Action for Community Drought Resilience.,1036103201,Dry Land Climate Action for Community Drought Resilience,exp,2630200,Capital Grants to Government Agencies and other Levels of Government,555000000,850000000,0,720000000,0,0,191,yes
fy-2026-27-development-book-volume-1-1011-1083,1036,1036103300,Gum Arabic and Resins Integrated Development Programme-,1036103301,Gum Arabic and Resins Integrated Development Programme -,exp,2630200,Capital Grants to Government Agencies and other Levels of Government,116000000,0,0,0,0,0,192,yes
fy-2026-27-development-book-volume-1-1011-1083,1036,1036103600,Tana Delta Rice Irrigation Project (TDIP) - BETA.,1036103601,Tana Delta Rice Irrigation Project (TDIP) - Headquarters - BETA,exp,2630200,Capital Grants to Government Agencies and other Levels of Government,21000000,59650000,0,0,0,0,192,yes
fy-2026-27-development-book-volume-1-1011-1083,1036,1036103800,Ewaso Ngiro Leather Factory - BETA.,1036103801,Ewaso Ngiro Leather Factory - Headquarters,exp,2630200,Capital Grants to Government Agencies and other Levels of Government,20000000,44650000,0,0,0,0,193,yes
fy-2026-27-development-book-volume-1-1011-1083,1036,1036103900,Integrated Bamboo commercialisation and Value addition-BETA.,1036103901,Integrated Bamboo commercialisation and Value addition -,exp,2630200,Capital Grants to Government Agencies and other Levels of Government,0,15000000,0,0,0,0,193,yes
fy-2026-27-development-book-volume-1-1011-1083,1036,1036104100,Wei Wei Phase 3 Irrigation Project - BETA.,1036104101,Wei Wei Phase 3 Irrigation Project - Headquarters,exp,2630200,Capital Grants to Government Agencies and other Levels of Government,292000000,30000000,0,0,0,0,193,yes
fy-2026-27-development-book-volume-1-1011-1083,1036,1036104100,Wei Wei Phase 3 Irrigation Project - BETA.,1036104101,Wei Wei Phase 3 Irrigation Project - Headquarters,financing,5120200,Foreign Borrowing - Direct Payments,272000000,0,0,0,0,0,194,yes
fy-2026-27-development-book-volume-1-1011-1083,1036,1036104200,Mango Value Chain Programme-BETA.,1036104201,Mango Value Chain Programme - Headquarters,exp,2630200,Capital Grants to Government Agencies and other Levels of Government,0,20000000,0,0,0,0,194,yes
fy-2026-27-development-book-volume-1-1011-1083,1036,1036104300,Integrated Fruit and Honey Processing - BETA.,1036104301,Integrated Fruit and Honey Processing - Headquarters,exp,2630200,Capital Grants to Government Agencies and other Levels of Government,0,20000000,0,0,0,0,194,yes
fy-2026-27-development-book-volume-1-1011-1083,1036,1036105600,Boji Farmers Irrigation Project - BETA.,1036105601,Boji Farmers Irrigation Project,exp,2630200,Capital Grants to Government Agencies and other Levels of Government,0,49650000,0,0,0,0,195,yes
fy-2026-27-development-book-volume-1-1011-1083,1036,1036105700,Wananchi Cottages in Kilifi County-BETA.,1036105701,Wananchi Cottages in Kilifi County,exp,2630200,Capital Grants to Government Agencies and other Levels of Government,20000000,119000000,0,0,0,0,195,yes
fy-2026-27-development-book-volume-1-1011-1083,1036,1036106100,Oloitokitok Agro Processing Factory Project.,1036106101,Oloitokitok Agro Processing Factory Project,exp,2630200,Capital Grants to Government Agencies and other Levels of Government,0,185510000,0,0,0,0,196,yes
fy-2026-27-development-book-volume-1-1011-1083,1036,1036108000,Malindi Integrated Social & Health Dev. Programme (MISHDP) -,1036108001,MISHDP - Phase II,exp,2210300,"Domestic Travel and Subsistence, and Other Transportation Costs",0,400000000,0,0,0,400000000,196,yes
fy-2026-27-development-book-volume-1-1011-1083,1036,1036108000,Malindi Integrated Social & Health Dev. Programme (MISHDP) -,1036108001,MISHDP - Phase II,exp,2630200,Capital Grants to Government Agencies and other Levels of Government,300000000,0,0,0,0,0,196,yes
fy-2026-27-development-book-volume-1-1011-1083,1036,1036108100,Kimira-Oluch Smallholder Farm Improvement Project - LBDA-,1036108101,Kimira-Oluch Smallholder Farm Improvement Project - LBDA,exp,2630200,Capital Grants to Government Agencies and other Levels of Government,19500000,39650000,0,0,0,0,196,yes
fy-2026-27-development-book-volume-1-1011-1083,1036,1036111000,Rehabilitation of Strategic Water Facilities.,1036111002,Coast Development Authority - CDA,exp,2630200,Capital Grants to Government Agencies and other Levels of Government,100000000,0,0,0,0,0,197,yes
fy-2026-27-development-book-volume-1-1011-1083,1036,1036112200,Drought Mitigation - TARDA.,1036112209,Gwakanju Market - TARDA,exp,2630200,Capital Grants to Government Agencies and other Levels of Government,15000000,0,0,0,0,0,197,yes
fy-2026-27-development-book-volume-1-1011-1083,1036,1036112200,Drought Mitigation - TARDA.,1036112210,Muthunjara Primary School - TARDA,exp,2630200,Capital Grants to Government Agencies and other Levels of Government,15000000,0,0,0,0,0,197,yes
fy-2026-27-development-book-volume-1-1011-1083,1036,1036112200,Drought Mitigation - TARDA.,1036112211,Pipeline Primary School - TARDA,exp,2630200,Capital Grants to Government Agencies and other Levels of Government,15000000,0,0,0,0,0,198,yes
fy-2026-27-development-book-volume-1-1011-1083,1036,1036112300,Drought Mitigation - KVDA.,1036112322,Kasegon Water Pan (Chepareria Ward) - KVDA,exp,2630200,Capital Grants to Government Agencies and other Levels of Government,30000000,0,0,0,0,0,198,yes
fy-2026-27-development-book-volume-1-1011-1083,1036,1036112300,Drought Mitigation - KVDA.,1036112323,Tirken Borehole (Chepareria Ward) - KVDA,exp,2630200,Capital Grants to Government Agencies and other Levels of Government,10000000,0,0,0,0,0,198,yes
fy-2026-27-development-book-volume-1-1011-1083,1036,1036112300,Drought Mitigation - KVDA.,1036112324,Kakitongin Borehole Lomur - KVDA,exp,2630200,Capital Grants to Government Agencies and other Levels of Government,10000000,0,0,0,0,0,198,yes
fy-2026-27-development-book-volume-1-1011-1083,1036,1036112300,Drought Mitigation - KVDA.,1036112325,Drought Mitigation Livelihood Support - KVDA,exp,2630200,Capital Grants to Government Agencies and other Levels of Government,15000000,0,0,0,0,0,199,yes
fy-2026-27-development-book-volume-1-1011-1083,1036,1036112300,Drought Mitigation - KVDA.,1036112326,Chemkengen Secondary School Borehole - KVDA,exp,2630200,Capital Grants to Government Agencies and other Levels of Government,10000000,0,0,0,0,0,199,yes
fy-2026-27-development-book-volume-1-1011-1083,1036,1036112300,Drought Mitigation - KVDA.,1036112327,Seketet Borehole - KVDA,exp,2630200,Capital Grants to Government Agencies and other Levels of Government,10000000,0,0,0,0,0,199,yes
fy-2026-27-development-book-volume-1-1011-1083,1036,1036112300,Drought Mitigation - KVDA.,1036112328,Distribution of Seedlings - KVDA (Elgeyo Marakwet County),exp,2630200,Capital Grants to Government Agencies and other Levels of Government,20000000,0,0,0,0,0,199,yes
fy-2026-27-development-book-volume-1-1011-1083,1036,1036112300,Drought Mitigation - KVDA.,1036112329,Desilting and trenching of Lesoit Dam - KVDA,exp,2630200,Capital Grants to Government Agencies and other Levels of Government,5000000,0,0,0,0,0,199,yes
fy-2026-27-development-book-volume-1-1011-1083,1036,1036112300,Drought Mitigation - KVDA.,1036112330,Drilling of Nontoto Borehole - KVDA,exp,2630200,Capital Grants to Government Agencies and other Levels of Government,10000000,0,0,0,0,0,200,yes
fy-2026-27-development-book-volume-1-1011-1083,1036,1036112300,Drought Mitigation - KVDA.,1036112332,Arror-Keu Water Project - KVDA,exp,2630200,Capital Grants to Government Agencies and other Levels of Government,0,100000000,0,0,0,0,200,yes
fy-2026-27-development-book-volume-1-1011-1083,1036,1036112300,Drought Mitigation - KVDA.,1036112333,Barasin Dam Plumbing and Distribution - KVDA,exp,2630200,Capital Grants to Government Agencies and other Levels of Government,0,30000000,0,0,0,0,200,yes
fy-2026-27-development-book-volume-1-1011-1083,1036,1036112400,Drought Mitigation - ENSDA.,1036112426,Entarara Secondary School Borehole (Kajiado South) - ENSDA,exp,2630200,Capital Grants to Government Agencies and other Levels of Government,10000000,0,0,0,0,0,200,yes
fy-2026-27-development-book-volume-1-1011-1083,1036,1036112400,Drought Mitigation - ENSDA.,1036112427,Kilgoris Water Project - ENSDA,exp,2630200,Capital Grants to Government Agencies and other Levels of Government,30000000,0,0,0,0,0,201,yes
fy-2026-27-development-book-volume-1-1011-1083,1036,1036112400,Drought Mitigation - ENSDA.,1036112429,Lenkism Water Pan (Kajiado South) - ENSDA,exp,2630200,Capital Grants to Government Agencies and other Levels of Government,20000000,0,0,0,0,0,201,yes
fy-2026-27-development-book-volume-1-1011-1083,1036,1036112400,Drought Mitigation - ENSDA.,1036112430,Loodokulani Water Pan (Kajiado Central) - ENSDA,exp,2630200,Capital Grants to Government Agencies and other Levels of Government,20000000,0,0,0,0,0,201,yes
fy-2026-27-development-book-volume-1-1011-1083,1036,1036112400,Drought Mitigation - ENSDA.,1036112431,Narok High School Borehole (Narok North) - ENSDA,exp,2630200,Capital Grants to Government Agencies and other Levels of Government,10000000,0,0,0,0,0,201,yes
fy-2026-27-development-book-volume-1-1011-1083,1036,1036112400,Drought Mitigation - ENSDA.,1036112432,Narosura/Purko Farm Water Pan (Narok South) - ENSDA,exp,2630200,Capital Grants to Government Agencies and other Levels of Government,20000000,0,0,0,0,0,201,yes
fy-2026-27-development-book-volume-1-1011-1083,1036,1036112400,Drought Mitigation - ENSDA.,1036112433,Ngosuani/Olkinyei Borehole (Narok West) - ENSDA,exp,2630200,Capital Grants to Government Agencies and other Levels of Government,10000000,0,0,0,0,0,202,yes
fy-2026-27-development-book-volume-1-1011-1083,1036,1036112400,Drought Mitigation - ENSDA.,1036112434,Nosidan/Merrueshi Village Borehole (Kajiado East) - ENSDA,exp,2630200,Capital Grants to Government Agencies and other Levels of Government,10000000,0,0,0,0,0,202,yes
fy-2026-27-development-book-volume-1-1011-1083,1036,1036112400,Drought Mitigation - ENSDA.,1036112435,Oldanyati/Leshuta Borehole (Kajiado West) - ENSDA,exp,2630200,Capital Grants to Government Agencies and other Levels of Government,10000000,0,0,0,0,0,202,yes
fy-2026-27-development-book-volume-1-1011-1083,1036,1036112400,Drought Mitigation - ENSDA.,1036112436,Olgulului Borehole (Kajiado South) - ENSDA,exp,2630200,Capital Grants to Government Agencies and other Levels of Government,10000000,0,0,0,0,0,202,yes
fy-2026-27-development-book-volume-1-1011-1083,1036,1036112400,Drought Mitigation - ENSDA.,1036112437,Olkimitare Water Pan (Narok North) - ENSDA,exp,2630200,Capital Grants to Government Agencies and other Levels of Government,20000000,0,0,0,0,0,202,yes
fy-2026-27-development-book-volume-1-1011-1083,1036,1036112400,Drought Mitigation - ENSDA.,1036112438,Olkinyei/Ngosuani Water (Narok West) - ENSDA,exp,2630200,Capital Grants to Government Agencies and other Levels of Government,20000000,0,0,0,0,0,203,yes
fy-2026-27-development-book-volume-1-1011-1083,1036,1036112400,Drought Mitigation - ENSDA.,1036112439,Ololulunga Boys Borehole (Narok South) - ENSDA,exp,2630200,Capital Grants to Government Agencies and other Levels of Government,10000000,0,0,0,0,0,203,yes
fy-2026-27-development-book-volume-1-1011-1083,1036,1036112400,Drought Mitigation - ENSDA.,1036112440,Orgirra Rombo Borehole (Kajiado South) - ENSDA,exp,2630200,Capital Grants to Government Agencies and other Levels of Government,10000000,0,0,0,0,0,203,yes
fy-2026-27-development-book-volume-1-1011-1083,1036,1036112400,Drought Mitigation - ENSDA.,1036112441,Parbush Community Borehole (Narok South) - ENSDA,exp,2630200,Capital Grants to Government Agencies and other Levels of Government,10000000,0,0,0,0,0,203,yes
fy-2026-27-development-book-volume-1-1011-1083,1036,1036112400,Drought Mitigation - ENSDA.,1036112442,Purko Water Pan (Kajiado Central) - ENSDA,exp,2630200,Capital Grants to Government Agencies and other Levels of Government,20000000,0,0,0,0,0,203,yes
fy-2026-27-development-book-volume-1-1011-1083,1036,1036112500,Construction of Peace Dams.,1036112516,Construction of Wayam Lencho Snake Dam (Mandera),exp,2630200,Capital Grants to Government Agencies and other Levels of Government,120000000,0,0,0,0,0,204,yes
fy-2026-27-development-book-volume-1-1011-1083,1036,1036112600,Cherengany Watershed Conservation Programme.,1036112601,Cherengany Watershed Conservation Programme,exp,2630200,Capital Grants to Government Agencies and other Levels of Government,110000000,39650000,0,0,0,0,204,yes
fy-2026-27-development-book-volume-1-1011-1083,1036,1036112700,Northern Kenya Integrated Camel Development Programme.,1036112701,Northern Kenya Integrated Camel Development Programme,exp,2630200,Capital Grants to Government Agencies and other Levels of Government,0,45140000,0,0,0,0,205,yes
fy-2026-27-development-book-volume-1-1011-1083,1036,1036112800,Ewaso Ngiro N. Integrated Water Drought & Food Security Dev.,1036112801,Ewaso Ngiro N. Integrated Water Drought & Food Security Dev.,exp,2630200,Capital Grants to Government Agencies and other Levels of Government,100000000,0,0,0,0,0,205,yes
fy-2026-27-development-book-volume-1-1011-1083,1036,1036113300,Della Water Supply Project - ENNDA.,1036113301,Drought Mitigation ENNDA,exp,2630200,Capital Grants to Government Agencies and other Levels of Government,30000000,0,0,0,0,0,205,yes
fy-2026-27-development-book-volume-1-1011-1083,1036,1036113500,Integrated Resilience for Sustainable Food Systems - BETA.,1036113501,Integrated Resilience for Sustainable Food Systems,exp,2210300,"Domestic Travel and Subsistence, and Other Transportation Costs",4500000,19000000,0,0,0,0,206,yes
fy-2026-27-development-book-volume-1-1011-1083,1036,1036113500,Integrated Resilience for Sustainable Food Systems - BETA.,1036113501,Integrated Resilience for Sustainable Food Systems,exp,2210800,Hospitality Supplies and Services,10159612,21000000,0,0,0,0,206,yes
fy-2026-27-development-book-volume-1-1011-1083,1036,1036114500,Drought Mitigation Interventions - CDA.,1036114517,Kalembe Village Borehole - CDA,exp,2630200,Capital Grants to Government Agencies and other Levels of Government,10000000,0,0,0,0,0,206,yes
fy-2026-27-development-book-volume-1-1011-1083,1036,1036114500,Drought Mitigation Interventions - CDA.,1036114518,Abbas - Kamuthe - Fafi - CDA,exp,2630200,Capital Grants to Government Agencies and other Levels of Government,50000000,0,0,0,0,0,206,yes
fy-2026-27-development-book-volume-1-1011-1083,1036,1036114600,Drought Mitigation Interventions - KVDA.,1036114611,Chemeron Dam Phase II - Baringo,exp,2630200,Capital Grants to Government Agencies and other Levels of Government,130000000,0,0,0,0,0,207,yes
fy-2026-27-development-book-volume-1-1011-1083,1036,1036114800,Drought Mitigation Interventions - ENNDA.,1036114816,Ntarakwa Water Pan Pending Bill - ENNDA,exp,2630200,Capital Grants to Government Agencies and other Levels of Government,13000000,0,0,0,0,0,207,yes
fy-2026-27-development-book-volume-1-1011-1083,1036,1036114800,Drought Mitigation Interventions - ENNDA.,1036114817,Flood Control - ENNDA,exp,2630200,Capital Grants to Government Agencies and other Levels of Government,50000000,0,0,0,0,0,207,yes
fy-2026-27-development-book-volume-1-1011-1083,1036,1036114800,Drought Mitigation Interventions - ENNDA.,1036114818,Las Anod Water Pan,exp,2630200,Capital Grants to Government Agencies and other Levels of Government,10000000,7700000,0,0,0,0,208,yes
fy-2026-27-development-book-volume-1-1011-1083,1036,1036114800,Drought Mitigation Interventions - ENNDA.,1036114819,Malayley Water Pan,exp,2630200,Capital Grants to Government Agencies and other Levels of Government,10000000,7700000,0,0,0,0,208,yes
fy-2026-27-development-book-volume-1-1011-1083,1036,1036114800,Drought Mitigation Interventions - ENNDA.,1036114820,Construction of Qumbiso Water Pan - ENDDA,exp,2630200,Capital Grants to Government Agencies and other Levels of Government,0,16250000,0,0,0,0,208,yes
fy-2026-27-development-book-volume-1-1011-1083,1036,1036114800,Drought Mitigation Interventions - ENNDA.,1036114821,Construction of Dudhgeri Center Water Pan - ENDDA,exp,2630200,Capital Grants to Government Agencies and other Levels of Government,0,16250000,0,0,0,0,208,yes
fy-2026-27-development-book-volume-1-1011-1083,1036,1036114800,Drought Mitigation Interventions - ENNDA.,1036114822,Construction of El- Danaba Water Pan - ENDDA,exp,2630200,Capital Grants to Government Agencies and other Levels of Government,0,16250000,0,0,0,0,208,yes
fy-2026-27-development-book-volume-1-1011-1083,1036,1036114800,Drought Mitigation Interventions - ENNDA.,1036114823,Construction of Samburu North Seren Water Pan - ENDDA,exp,2630200,Capital Grants to Government Agencies and other Levels of Government,0,16250000,0,0,0,0,209,yes
fy-2026-27-development-book-volume-1-1011-1083,1036,1036114800,Drought Mitigation Interventions - ENNDA.,1036114824,Kilepoi Pan-Nyiro Samburu - ENNDA,exp,2630200,Capital Grants to Government Agencies and other Levels of Government,0,50000000,0,0,0,0,209,yes
fy-2026-27-development-book-volume-1-1011-1083,1036,1036115100,Tana and Athi river Catchment Management Program -TARDA.,1036115101,Tana and Athi river Catchment Management Program,exp,2630200,Capital Grants to Government Agencies and other Levels of Government,0,30000000,0,0,0,0,209,yes
fy-2026-27-development-book-volume-1-1011-1083,1036,1036116000,BETA Priorities and Flood Control -KVDA.,1036116053,Chemoibon Dam (Keiyo South),exp,2630200,Capital Grants to Government Agencies and other Levels of Government,25000000,0,0,0,0,0,210,yes
fy-2026-27-development-book-volume-1-1011-1083,1036,1036116000,BETA Priorities and Flood Control -KVDA.,1036116054,Arur Dam (Masol),exp,2630200,Capital Grants to Government Agencies and other Levels of Government,25000000,0,0,0,0,0,210,yes
fy-2026-27-development-book-volume-1-1011-1083,1036,1036116000,BETA Priorities and Flood Control -KVDA.,1036116055,Chelakatet borehole (Batei),exp,2630200,Capital Grants to Government Agencies and other Levels of Government,10000000,0,0,0,0,0,210,yes
fy-2026-27-development-book-volume-1-1011-1083,1036,1036116000,BETA Priorities and Flood Control -KVDA.,1036116056,Nkeju Emuny Borehole,exp,2630200,Capital Grants to Government Agencies and other Levels of Government,10000000,0,0,0,0,0,210,yes
fy-2026-27-development-book-volume-1-1011-1083,1036,1036116000,BETA Priorities and Flood Control -KVDA.,1036116057,Angata Ronkai borehole,exp,2630200,Capital Grants to Government Agencies and other Levels of Government,10000000,0,0,0,0,0,210,yes
fy-2026-27-development-book-volume-1-1011-1083,1036,1036116000,BETA Priorities and Flood Control -KVDA.,1036116058,Nomotion borehole,exp,2630200,Capital Grants to Government Agencies and other Levels of Government,10000000,0,0,0,0,0,211,yes
fy-2026-27-development-book-volume-1-1011-1083,1036,1036116000,BETA Priorities and Flood Control -KVDA.,1036116059,Sekete borehole,exp,2630200,Capital Grants to Government Agencies and other Levels of Government,10000000,0,0,0,0,0,211,yes
fy-2026-27-development-book-volume-1-1011-1083,1036,1036116100,BETA Priorities and Flood Control-ENNDA.,1036116141,Haro Girisa - Qilta location,exp,2630200,Capital Grants to Government Agencies and other Levels of Government,10000000,0,0,0,0,0,211,yes
fy-2026-27-development-book-volume-1-1011-1083,1036,1036116100,BETA Priorities and Flood Control-ENNDA.,1036116142,Rehabilitation of Ramaadey Water Pan (Wajir North),exp,2630200,Capital Grants to Government Agencies and other Levels of Government,30000000,0,0,0,0,0,211,yes
fy-2026-27-development-book-volume-1-1011-1083,1036,1036116100,BETA Priorities and Flood Control-ENNDA.,1036116143,Rehabilitation of Kunjure Water Pan,exp,2630200,Capital Grants to Government Agencies and other Levels of Government,30000000,0,0,0,0,0,212,yes
fy-2026-27-development-book-volume-1-1011-1083,1036,1036116100,BETA Priorities and Flood Control-ENNDA.,1036116144,Kilkiley livestock market water supply (Wajir),exp,2630200,Capital Grants to Government Agencies and other Levels of Government,20000000,0,0,0,0,0,212,yes
fy-2026-27-development-book-volume-1-1011-1083,1036,1036116100,BETA Priorities and Flood Control-ENNDA.,1036116145,Rehabilitation of Hote Livestock Pan,exp,2630200,Capital Grants to Government Agencies and other Levels of Government,25000000,0,0,0,0,0,212,yes
fy-2026-27-development-book-volume-1-1011-1083,1036,1036116100,BETA Priorities and Flood Control-ENNDA.,1036116146,Rehabilitation of Baqaqa Water Pan (Wajir North),exp,2630200,Capital Grants to Government Agencies and other Levels of Government,30000000,0,0,0,0,0,212,yes
fy-2026-27-development-book-volume-1-1011-1083,1036,1036116100,BETA Priorities and Flood Control-ENNDA.,1036116147,Rehabilitation of Bute Wayamo Water Pan,exp,2630200,Capital Grants to Government Agencies and other Levels of Government,30000000,0,0,0,0,0,212,yes
fy-2026-27-development-book-volume-1-1011-1083,1036,1036116100,BETA Priorities and Flood Control-ENNDA.,1036116148,Rehabilitation of Rabso Water Pan,exp,2630200,Capital Grants to Government Agencies and other Levels of Government,30000000,0,0,0,0,0,213,yes
fy-2026-27-development-book-volume-1-1011-1083,1036,1036116100,BETA Priorities and Flood Control-ENNDA.,1036116149,Rehabilitation of Jithey Water Pan (Korondille),exp,2630200,Capital Grants to Government Agencies and other Levels of Government,30000000,0,0,0,0,0,213,yes
fy-2026-27-development-book-volume-1-1011-1083,1036,1036116100,BETA Priorities and Flood Control-ENNDA.,1036116150,Tokojo water pan desilting,exp,2630200,Capital Grants to Government Agencies and other Levels of Government,15000000,0,0,0,0,0,213,yes
fy-2026-27-development-book-volume-1-1011-1083,1036,1036116100,BETA Priorities and Flood Control-ENNDA.,1036116151,Desilting of Basakurow water pan,exp,2630200,Capital Grants to Government Agencies and other Levels of Government,15000000,0,0,0,0,0,213,yes
fy-2026-27-development-book-volume-1-1011-1083,1036,1036116100,BETA Priorities and Flood Control-ENNDA.,1036116152,Kubihalo Water pan (Mandera West),exp,2630200,Capital Grants to Government Agencies and other Levels of Government,30000000,0,0,0,0,0,213,yes
fy-2026-27-development-book-volume-1-1011-1083,1036,1036116100,BETA Priorities and Flood Control-ENNDA.,1036116153,Sere Rongai water pan,exp,2630200,Capital Grants to Government Agencies and other Levels of Government,30000000,0,0,0,0,0,214,yes
fy-2026-27-development-book-volume-1-1011-1083,1036,1036116100,BETA Priorities and Flood Control-ENNDA.,1036116154,Desilting of lago karo water pan in Dandu (Mandera West),exp,2630200,Capital Grants to Government Agencies and other Levels of Government,30000000,0,0,0,0,0,214,yes
fy-2026-27-development-book-volume-1-1011-1083,1036,1036116100,BETA Priorities and Flood Control-ENNDA.,1036116155,Desilting and expansion of Shimbir water pan (Mandera South),exp,2630200,Capital Grants to Government Agencies and other Levels of Government,30000000,0,0,0,0,0,214,yes
fy-2026-27-development-book-volume-1-1011-1083,1036,1036116100,BETA Priorities and Flood Control-ENNDA.,1036116156,Marille Danaba borehole (Banissa),exp,2630200,Capital Grants to Government Agencies and other Levels of Government,20000000,0,0,0,0,0,214,yes
fy-2026-27-development-book-volume-1-1011-1083,1036,1036116100,BETA Priorities and Flood Control-ENNDA.,1036116157,Ardahallo Water pan (Mandera West),exp,2630200,Capital Grants to Government Agencies and other Levels of Government,20000000,0,0,0,0,0,214,yes
fy-2026-27-development-book-volume-1-1011-1083,1036,1036116100,BETA Priorities and Flood Control-ENNDA.,1036116158,Choroqo water Pan,exp,2630200,Capital Grants to Government Agencies and other Levels of Government,15000000,0,0,0,0,0,215,yes
fy-2026-27-development-book-volume-1-1011-1083,1036,1036116200,BETA Priorities and Flood Control - TARDA.,1036116209,Mukuria Day Sec School borehole (Kyeni East),exp,2630200,Capital Grants to Government Agencies and other Levels of Government,15000000,0,0,0,0,0,215,yes
fy-2026-27-development-book-volume-1-1011-1083,1036,1036116200,BETA Priorities and Flood Control - TARDA.,1036116210,Mathakwaini Secondary School Borehole (Tetu),exp,2630200,Capital Grants to Government Agencies and other Levels of Government,15000000,0,0,0,0,0,215,yes
fy-2026-27-development-book-volume-1-1011-1083,1036,1036116200,BETA Priorities and Flood Control - TARDA.,1036116211,Kyangulumi Sub Chiefs Office borehole,exp,2630200,Capital Grants to Government Agencies and other Levels of Government,10000000,0,0,0,0,0,215,yes
fy-2026-27-development-book-volume-1-1011-1083,1036,1036116300,BETA Priorities and Flood Control - LBDA.,1036116348,Nyangande community water pan,exp,2630200,Capital Grants to Government Agencies and other Levels of Government,20000000,0,0,0,0,0,216,yes
fy-2026-27-development-book-volume-1-1011-1083,1036,1036116300,BETA Priorities and Flood Control - LBDA.,1036116349,Oboro community water pan,exp,2630200,Capital Grants to Government Agencies and other Levels of Government,20000000,0,0,0,0,0,216,yes
fy-2026-27-development-book-volume-1-1011-1083,1036,1036116300,BETA Priorities and Flood Control - LBDA.,1036116350,Bar Olengo community water pan,exp,2630200,Capital Grants to Government Agencies and other Levels of Government,20000000,0,0,0,0,0,216,yes
fy-2026-27-development-book-volume-1-1011-1083,1036,1036116300,BETA Priorities and Flood Control - LBDA.,1036116351,Nyamage Water pan/dam East Gem Ward,exp,2630200,Capital Grants to Government Agencies and other Levels of Government,15000000,0,0,0,0,0,216,yes
fy-2026-27-development-book-volume-1-1011-1083,1036,1036116300,BETA Priorities and Flood Control - LBDA.,1036116352,Riege Water pan Genga Location West Gem Ward,exp,2630200,Capital Grants to Government Agencies and other Levels of Government,15000000,0,0,0,0,0,217,yes
fy-2026-27-development-book-volume-1-1011-1083,1036,1036116400,BETA Priorities and Flood Control - CDA.,1036116412,Marungu - Mwanda water pan (Wundanyi),exp,2630200,Capital Grants to Government Agencies and other Levels of Government,30000000,0,0,0,0,0,217,yes
fy-2026-27-development-book-volume-1-1011-1083,1036,1036116400,BETA Priorities and Flood Control - CDA.,1036116413,Kulikila borehole (Buguta location),exp,2630200,Capital Grants to Government Agencies and other Levels of Government,10000000,0,0,0,0,0,217,yes
fy-2026-27-development-book-volume-1-1011-1083,1036,1036116400,BETA Priorities and Flood Control - CDA.,1036116414,Zungulukani borehole (Makwasinyi location),exp,2630200,Capital Grants to Government Agencies and other Levels of Government,10000000,0,0,0,0,0,217,yes
fy-2026-27-development-book-volume-1-1011-1083,1036,1036116400,BETA Priorities and Flood Control - CDA.,1036116415,Kwa Nzovuni Water pan (Bamba ward),exp,2630200,Capital Grants to Government Agencies and other Levels of Government,20000000,0,0,0,0,0,218,yes
fy-2026-27-development-book-volume-1-1011-1083,1036,1036117000,Construction of Dykes.,1036117001,"Construction of Dykes in Muhoroni and Nyando Constituencies,",exp,2630200,Capital Grants to Government Agencies and other Levels of Government,100000000,80000000,0,0,0,0,218,yes
fy-2026-27-development-book-volume-1-1011-1083,1036,1036119000,Etio Phase II Water Distribution Supply.,1036119001,Etio Phase II Water Distribution Supply,exp,2630200,Capital Grants to Government Agencies and other Levels of Government,120000000,130000000,0,0,0,0,218,yes
fy-2026-27-development-book-volume-1-1011-1083,1036,1036119100,National Drought Management Authority.,1036119107,Bangale Water Dam,exp,2630200,Capital Grants to Government Agencies and other Levels of Government,20000000,0,0,0,0,0,219,yes
fy-2026-27-development-book-volume-1-1011-1083,1036,1036119100,National Drought Management Authority.,1036119108,Harshilmi Dam,exp,2630200,Capital Grants to Government Agencies and other Levels of Government,20000000,0,0,0,0,0,219,yes
fy-2026-27-development-book-volume-1-1011-1083,1036,1036119100,National Drought Management Authority.,1036119109,Mansa Dam,exp,2630200,Capital Grants to Government Agencies and other Levels of Government,20000000,0,0,0,0,0,219,yes
fy-2026-27-development-book-volume-1-1011-1083,1036,1036119100,National Drought Management Authority.,1036119110,Ochilo Dam,exp,2630200,Capital Grants to Government Agencies and other Levels of Government,25000000,0,0,0,0,0,219,yes
fy-2026-27-development-book-volume-1-1011-1083,1036,1036119100,National Drought Management Authority.,1036119111,Orno Dam,exp,2630200,Capital Grants to Government Agencies and other Levels of Government,20000000,0,0,0,0,0,220,yes
fy-2026-27-development-book-volume-1-1011-1083,1036,1036119100,National Drought Management Authority.,1036119112,Rubu Waterpan,exp,2630200,Capital Grants to Government Agencies and other Levels of Government,20000000,0,0,0,0,0,220,yes
fy-2026-27-development-book-volume-1-1011-1083,1036,1036119100,National Drought Management Authority.,1036119113,Waa Dam,exp,2630200,Capital Grants to Government Agencies and other Levels of Government,25000000,0,0,0,0,0,220,yes
fy-2026-27-development-book-volume-1-1011-1083,1036,1036119100,National Drought Management Authority.,1036119117,Goda Water pan (Wajir South),exp,2630200,Capital Grants to Government Agencies and other Levels of Government,20000000,0,0,0,0,0,220,yes
fy-2026-27-development-book-volume-1-1011-1083,1036,1036119100,National Drought Management Authority.,1036119118,Solarization and Fencing of Qurehay Farm,exp,2630200,Capital Grants to Government Agencies and other Levels of Government,15000000,0,0,0,0,0,220,yes
fy-2026-27-development-book-volume-1-1011-1083,1036,1036119100,National Drought Management Authority.,1036119119,Desilting and Rehabilitation of Segera earth dam (Laikipia East),exp,2630200,Capital Grants to Government Agencies and other Levels of Government,15000000,0,0,0,0,0,221,yes
fy-2026-27-development-book-volume-1-1011-1083,1036,1036119100,National Drought Management Authority.,1036119120,Mbingoni Borehole,exp,2630200,Capital Grants to Government Agencies and other Levels of Government,15000000,0,0,0,0,0,221,yes
fy-2026-27-development-book-volume-1-1011-1083,1036,1036119100,National Drought Management Authority.,1036119121,Desilting Boji water pan Isiolo,exp,2630200,Capital Grants to Government Agencies and other Levels of Government,15000000,0,0,0,0,0,221,yes
fy-2026-27-development-book-volume-1-1011-1083,1036,1036119100,National Drought Management Authority.,1036119122,Pamba pan desilting (Seker),exp,2630200,Capital Grants to Government Agencies and other Levels of Government,15000000,0,0,0,0,0,221,yes
fy-2026-27-development-book-volume-1-1011-1083,1036,1036119100,National Drought Management Authority.,1036119123,Lowoi pan desilting (Kiwawa),exp,2630200,Capital Grants to Government Agencies and other Levels of Government,15000000,0,0,0,0,0,221,yes
fy-2026-27-development-book-volume-1-1011-1083,1036,1036119700,ASALs Fodder Production.,1036119701,ASALs Fodder Production,exp,3111400,"Research, Feasibility Studies, Project Preparation and Design, Project S",0,20000000,0,0,0,0,222,yes
fy-2026-27-development-book-volume-1-1011-1083,1036,1036119800,Production of 5Billion Fruit Tree seedling.,1036119801,Production of 5Billion Fruit Tree seedling,exp,2630200,Capital Grants to Government Agencies and other Levels of Government,50000000,0,0,0,0,0,222,yes
fy-2026-27-development-book-volume-1-1011-1083,1036,1036120100,Eldas Lakoley South Water Supply Project - ENNDA.,1036120101,Eldas Lakoley South Water Supply Project - ENNDA,exp,2630200,Capital Grants to Government Agencies and other Levels of Government,10000000,0,0,0,0,0,223,yes
fy-2026-27-development-book-volume-1-1011-1083,1036,1036120200,Sololo Ramata Water Supply Project.,1036120201,Sololo Ramata Water Supply Project,exp,2630200,Capital Grants to Government Agencies and other Levels of Government,10000000,0,0,0,0,0,223,yes
fy-2026-27-development-book-volume-1-1011-1083,1036,1036120400,Pulunga Borehole - ENSDA.,1036120401,Pulunga Borehole - ENSDA,exp,2630200,Capital Grants to Government Agencies and other Levels of Government,10000000,0,0,0,0,0,223,yes
fy-2026-27-development-book-volume-1-1011-1083,1036,1036120500,Kiserian (Ereteti Village KJD)- ENSDA.,1036120501,Kiserian (Ereteti Village KJD) - ENSDA,exp,2630200,Capital Grants to Government Agencies and other Levels of Government,10000000,0,0,0,0,0,224,yes
fy-2026-27-development-book-volume-1-1011-1083,1036,1036120600,Ololtoto Borehole- ENSDA.,1036120601,Ololtoto Borehole - ENSDA,exp,2630200,Capital Grants to Government Agencies and other Levels of Government,10000000,0,0,0,0,0,224,yes
fy-2026-27-development-book-volume-1-1011-1083,1036,1036121000,St Celestino Nyangubo girls water project - ( LBDA).,1036121001,St Celestino Nyangubo girls water project - ( LBDA),exp,2630200,Capital Grants to Government Agencies and other Levels of Government,15000000,0,0,0,0,0,225,yes
fy-2026-27-development-book-volume-1-1011-1083,1036,1036121100,St Francis Wiga girls water project - ( LBDA).,1036121101,St Francis Wiga girls water project - ( LBDA),exp,2630200,Capital Grants to Government Agencies and other Levels of Government,15000000,0,0,0,0,0,225,yes
fy-2026-27-development-book-volume-1-1011-1083,1036,1036121200,Sibuoche mixed water project - ( LBDA).,1036121201,Sibuoche mixed water project - ( LBDA),exp,2630200,Capital Grants to Government Agencies and other Levels of Government,15000000,0,0,0,0,0,225,yes
fy-2026-27-development-book-volume-1-1011-1083,1036,1036121600,Modernizing Ndhiwa Honey Processing Plant.,1036121601,Modernizing Ndhiwa Honey Processing Plant,exp,2630200,Capital Grants to Government Agencies and other Levels of Government,100000000,0,0,0,0,0,226,yes
fy-2026-27-development-book-volume-1-1011-1083,1036,1036121700,Khalaba Dam.,1036121701,Khalaba Dam,exp,3110500,Construction and Civil Works,30000000,0,0,0,0,0,226,yes
fy-2026-27-development-book-volume-1-1011-1083,1036,1036121800,Madhgasi Water Dam.,1036121801,Madhgasi Water Dam,exp,2630200,Capital Grants to Government Agencies and other Levels of Government,50000000,0,0,0,0,0,227,yes
fy-2026-27-development-book-volume-1-1011-1083,1036,1036121900,Ewaso Ng'iro North Catchment Conservation Project - HQ.,1036121901,Ewaso Ng'iro North Catchment Conservation Project - HQ,exp,2630200,Capital Grants to Government Agencies and other Levels of Government,100000000,0,0,0,0,0,227,yes
fy-2026-27-development-book-volume-1-1011-1083,1036,1036122000,Loyapat Surface Irrigation Scheme- KVDA.,1036122001,Loyapat Surface Irrigation Scheme- KVDA,exp,2630200,Capital Grants to Government Agencies and other Levels of Government,50000000,0,0,0,0,0,227,yes
fy-2026-27-development-book-volume-1-1011-1083,1036,1036122100,Drilling and equipping of 11 water boreholes -KVDA.,1036122101,Drilling and equipping of 11 water boreholes -KVDA,exp,2630200,Capital Grants to Government Agencies and other Levels of Government,120000000,0,0,0,0,0,228,yes
fy-2026-27-development-book-volume-1-1011-1083,1036,1036122200,"Construction of a water Pan in Lokakwan, Kibish-KVDA.",1036122201,"Construction of a water Pan in Lokakwan, Kibish-KVDA",exp,2630200,Capital Grants to Government Agencies and other Levels of Government,20000000,0,0,0,0,0,228,yes
fy-2026-27-development-book-volume-1-1011-1083,1036,1036122300,Climate Smart Integrated Pasture Production in Song'ot-KVDA.,1036122301,Climate Smart Integrated Pasture Production in Song'ot-KVDA,exp,2630200,Capital Grants to Government Agencies and other Levels of Government,30000000,0,0,0,0,0,229,yes
fy-2026-27-development-book-volume-1-1011-1083,1036,1036122400,Construction of Napuu Farm Guest House-KVDA.,1036122401,Construction of Napuu Farm Guest House-KVDA,exp,2630200,Capital Grants to Government Agencies and other Levels of Government,30000000,0,0,0,0,0,229,yes
fy-2026-27-development-book-volume-1-1011-1083,1036,1036122600,Construction of Chemaluk Water Project in Uasin Gishu - KVDA.,1036122601,Construction of Chemaluk Water Project in Uasin Gishu - KVDA,exp,2630200,Capital Grants to Government Agencies and other Levels of Government,0,26700000,0,0,0,0,229,yes
fy-2026-27-development-book-volume-1-1011-1083,1036,1036122700,Community Lead Initiative - Climate Adaptation & Rights,1036122701,Community Lead Initiative - Climate Adaptation & Rights,exp,2630200,Capital Grants to Government Agencies and other Levels of Government,0,100000000,0,100000000,0,0,230,yes
fy-2026-27-development-book-volume-1-1011-1083,1036,1036101300,Drought Response & Resilience in Arid & Semi-Arid Areas of,1036101302,Mashaptatit Water Pan Lomut,gross,,Gross,30000000,0,0,0,0,0,186,yes
fy-2026-27-development-book-volume-1-1011-1083,1036,1036101300,Drought Response & Resilience in Arid & Semi-Arid Areas of,1036101302,Mashaptatit Water Pan Lomut,net,,Net,30000000,0,0,0,0,0,186,yes
fy-2026-27-development-book-volume-1-1011-1083,1036,1036101300,Drought Response & Resilience in Arid & Semi-Arid Areas of,1036101303,Loperot Water Pan Orwa,gross,,Gross,30000000,0,0,0,0,0,186,yes
fy-2026-27-development-book-volume-1-1011-1083,1036,1036101300,Drought Response & Resilience in Arid & Semi-Arid Areas of,1036101303,Loperot Water Pan Orwa,net,,Net,30000000,0,0,0,0,0,186,yes
fy-2026-27-development-book-volume-1-1011-1083,1036,1036101300,Drought Response & Resilience in Arid & Semi-Arid Areas of,1036101306,Camel Restocking Pokot Central,gross,,Gross,15000000,0,0,0,0,0,186,yes
fy-2026-27-development-book-volume-1-1011-1083,1036,1036101300,Drought Response & Resilience in Arid & Semi-Arid Areas of,1036101306,Camel Restocking Pokot Central,net,,Net,15000000,0,0,0,0,0,186,yes
fy-2026-27-development-book-volume-1-1011-1083,1036,1036101300,Drought Response & Resilience in Arid & Semi-Arid Areas of,1036101307,Koloa (DRMPA) Monument Borehole - Tiaty,gross,,Gross,10000000,0,0,0,0,0,186,yes
fy-2026-27-development-book-volume-1-1011-1083,1036,1036101300,Drought Response & Resilience in Arid & Semi-Arid Areas of,1036101307,Koloa (DRMPA) Monument Borehole - Tiaty,net,,Net,10000000,0,0,0,0,0,186,yes
fy-2026-27-development-book-volume-1-1011-1083,1036,1036101300,Drought Response & Resilience in Arid & Semi-Arid Areas of,1036101308,Napeyelel Water Pan Kiwawa,gross,,Gross,30000000,0,0,0,0,0,187,yes
fy-2026-27-development-book-volume-1-1011-1083,1036,1036101300,Drought Response & Resilience in Arid & Semi-Arid Areas of,1036101308,Napeyelel Water Pan Kiwawa,net,,Net,30000000,0,0,0,0,0,187,yes
fy-2026-27-development-book-volume-1-1011-1083,1036,1036101300,Drought Response & Resilience in Arid & Semi-Arid Areas of,1036101309,Akiriamet Village Borehole Alale,gross,,Gross,10000000,0,0,0,0,0,187,yes
fy-2026-27-development-book-volume-1-1011-1083,1036,1036101300,Drought Response & Resilience in Arid & Semi-Arid Areas of,1036101309,Akiriamet Village Borehole Alale,net,,Net,10000000,0,0,0,0,0,187,yes
fy-2026-27-development-book-volume-1-1011-1083,1036,1036101300,Drought Response & Resilience in Arid & Semi-Arid Areas of,1036101310,Akodong Water Pan (Turkana West),gross,,Gross,30000000,0,0,0,0,0,187,yes
fy-2026-27-development-book-volume-1-1011-1083,1036,1036101300,Drought Response & Resilience in Arid & Semi-Arid Areas of,1036101310,Akodong Water Pan (Turkana West),net,,Net,30000000,0,0,0,0,0,187,yes
fy-2026-27-development-book-volume-1-1011-1083,1036,1036101300,Drought Response & Resilience in Arid & Semi-Arid Areas of,1036101311,Migujini Water Pan Ganze,gross,,Gross,30000000,0,0,0,0,0,187,yes
fy-2026-27-development-book-volume-1-1011-1083,1036,1036101300,Drought Response & Resilience in Arid & Semi-Arid Areas of,1036101311,Migujini Water Pan Ganze,net,,Net,30000000,0,0,0,0,0,187,yes
fy-2026-27-development-book-volume-1-1011-1083,1036,1036101300,Drought Response & Resilience in Arid & Semi-Arid Areas of,1036101312,Alany Water Pan Desilting,gross,,Gross,10000000,0,0,0,0,0,187,yes
fy-2026-27-development-book-volume-1-1011-1083,1036,1036101300,Drought Response & Resilience in Arid & Semi-Arid Areas of,1036101312,Alany Water Pan Desilting,net,,Net,10000000,0,0,0,0,0,187,yes
fy-2026-27-development-book-volume-1-1011-1083,1036,1036101300,Drought Response & Resilience in Arid & Semi-Arid Areas of,1036101313,Lotongot Borehole Masol,gross,,Gross,10000000,0,0,0,0,0,188,yes
fy-2026-27-development-book-volume-1-1011-1083,1036,1036101300,Drought Response & Resilience in Arid & Semi-Arid Areas of,1036101313,Lotongot Borehole Masol,net,,Net,10000000,0,0,0,0,0,188,yes
fy-2026-27-development-book-volume-1-1011-1083,1036,1036101300,Drought Response & Resilience in Arid & Semi-Arid Areas of,1036101314,Magwede Village Borehole Voi,gross,,Gross,10000000,0,0,0,0,0,188,yes
fy-2026-27-development-book-volume-1-1011-1083,1036,1036101300,Drought Response & Resilience in Arid & Semi-Arid Areas of,1036101314,Magwede Village Borehole Voi,net,,Net,10000000,0,0,0,0,0,188,yes
fy-2026-27-development-book-volume-1-1011-1083,1036,1036101300,Drought Response & Resilience in Arid & Semi-Arid Areas of,1036101317,Lometermer Water Pan,gross,,Gross,30000000,0,0,0,0,0,188,yes
fy-2026-27-development-book-volume-1-1011-1083,1036,1036101300,Drought Response & Resilience in Arid & Semi-Arid Areas of,1036101317,Lometermer Water Pan,net,,Net,30000000,0,0,0,0,0,188,yes
fy-2026-27-development-book-volume-1-1011-1083,1036,1036101300,Drought Response & Resilience in Arid & Semi-Arid Areas of,1036101334,Sakale Sec School Borehole,gross,,Gross,10000000,0,0,0,0,0,188,yes
fy-2026-27-development-book-volume-1-1011-1083,1036,1036101300,Drought Response & Resilience in Arid & Semi-Arid Areas of,1036101334,Sakale Sec School Borehole,net,,Net,10000000,0,0,0,0,0,188,yes
fy-2026-27-development-book-volume-1-1011-1083,1036,1036101300,Drought Response & Resilience in Arid & Semi-Arid Areas of,1036101335,Mukuri Borehole Losam,gross,,Gross,10000000,0,0,0,0,0,188,yes
fy-2026-27-development-book-volume-1-1011-1083,1036,1036101300,Drought Response & Resilience in Arid & Semi-Arid Areas of,1036101335,Mukuri Borehole Losam,net,,Net,10000000,0,0,0,0,0,188,yes
fy-2026-27-development-book-volume-1-1011-1083,1036,1036101300,Drought Response & Resilience in Arid & Semi-Arid Areas of,1036101336,Oltiasilele Borehole (Kajiado South),gross,,Gross,10000000,0,0,0,0,0,189,yes
fy-2026-27-development-book-volume-1-1011-1083,1036,1036101300,Drought Response & Resilience in Arid & Semi-Arid Areas of,1036101336,Oltiasilele Borehole (Kajiado South),net,,Net,10000000,0,0,0,0,0,189,yes
fy-2026-27-development-book-volume-1-1011-1083,1036,1036101300,Drought Response & Resilience in Arid & Semi-Arid Areas of,1036101344,Rehabilitation of Chemorongion Water Pan,gross,,Gross,20000000,0,0,0,0,0,189,yes
fy-2026-27-development-book-volume-1-1011-1083,1036,1036101300,Drought Response & Resilience in Arid & Semi-Arid Areas of,1036101344,Rehabilitation of Chemorongion Water Pan,net,,Net,20000000,0,0,0,0,0,189,yes
fy-2026-27-development-book-volume-1-1011-1083,1036,1036101300,Drought Response & Resilience in Arid & Semi-Arid Areas of,1036101345,Auskuyon Primary Kapenguria Borehole,gross,,Gross,10000000,0,0,0,0,0,189,yes
fy-2026-27-development-book-volume-1-1011-1083,1036,1036101300,Drought Response & Resilience in Arid & Semi-Arid Areas of,1036101345,Auskuyon Primary Kapenguria Borehole,net,,Net,10000000,0,0,0,0,0,189,yes
fy-2026-27-development-book-volume-1-1011-1083,1036,1036101400,Kenya Social and Economic Inclusion Project-BETA.,1036101401,Kenya Social and Economic Inclusion Project,gross,,Gross,0,400750000,0,0,0,400750000,189,yes
fy-2026-27-development-book-volume-1-1011-1083,1036,1036101400,Kenya Social and Economic Inclusion Project-BETA.,1036101401,Kenya Social and Economic Inclusion Project,net,,Net,0,400750000,0,0,0,400750000,189,yes
fy-2026-27-development-book-volume-1-1011-1083,1036,1036101600,Ending Drought Emergencies: Support to Resilient Livelihood II.,1036101601,Ending Drought Emergencies: Support to Resilient Livelihood II,gross,,Gross,45000000,60000000,0,0,0,0,190,yes
fy-2026-27-development-book-volume-1-1011-1083,1036,1036101600,Ending Drought Emergencies: Support to Resilient Livelihood II.,1036101601,Ending Drought Emergencies: Support to Resilient Livelihood II,net,,Net,45000000,60000000,0,0,0,0,190,yes
fy-2026-27-development-book-volume-1-1011-1083,1036,1036102500,Sustainable Food Systems and Resilience Livelihood Activities-,1036102501,Sustainable Food Systems and Resilience Livelihood Activities,gross,,Gross,12000000,30000000,0,0,0,0,190,yes
fy-2026-27-development-book-volume-1-1011-1083,1036,1036102500,Sustainable Food Systems and Resilience Livelihood Activities-,1036102501,Sustainable Food Systems and Resilience Livelihood Activities,net,,Net,12000000,30000000,0,0,0,0,190,yes
fy-2026-27-development-book-volume-1-1011-1083,1036,1036102800,"Ending Drought Emergencies, Ecosystem Based Adapt in ASAL -",1036102801,"Ending Drought Emergencies, Ecosystem Based Adapt. in ASAL -",gross,,Gross,207530000,420540000,150000000,150000000,0,0,191,yes
fy-2026-27-development-book-volume-1-1011-1083,1036,1036102800,"Ending Drought Emergencies, Ecosystem Based Adapt in ASAL -",1036102801,"Ending Drought Emergencies, Ecosystem Based Adapt. in ASAL -",appropriations_in_aid,,Appropriations In Aid,0,150000000,150000000,0,0,0,191,yes
fy-2026-27-development-book-volume-1-1011-1083,1036,1036102800,"Ending Drought Emergencies, Ecosystem Based Adapt in ASAL -",1036102801,"Ending Drought Emergencies, Ecosystem Based Adapt. in ASAL -",net,,Net,207530000,270540000,0,150000000,0,0,191,yes
fy-2026-27-development-book-volume-1-1011-1083,1036,1036102900,Sustainable Food Systems and Livelihoods.,1036102902,Garissa River Bank Flood Protection,gross,,Gross,15000000,7746362,0,0,0,0,191,yes
fy-2026-27-development-book-volume-1-1011-1083,1036,1036102900,Sustainable Food Systems and Livelihoods.,1036102902,Garissa River Bank Flood Protection,net,,Net,15000000,7746362,0,0,0,0,191,yes
fy-2026-27-development-book-volume-1-1011-1083,1036,1036103200,Dry Land Climate Action for Community Drought Resilience.,1036103201,Dry Land Climate Action for Community Drought Resilience,gross,,Gross,555000000,850000000,0,720000000,0,0,192,yes
fy-2026-27-development-book-volume-1-1011-1083,1036,1036103200,Dry Land Climate Action for Community Drought Resilience.,1036103201,Dry Land Climate Action for Community Drought Resilience,net,,Net,555000000,850000000,0,720000000,0,0,192,yes
fy-2026-27-development-book-volume-1-1011-1083,1036,1036103300,Gum Arabic and Resins Integrated Development Programme-,1036103301,Gum Arabic and Resins Integrated Development Programme -,gross,,Gross,116000000,0,0,0,0,0,192,yes
fy-2026-27-development-book-volume-1-1011-1083,1036,1036103300,Gum Arabic and Resins Integrated Development Programme-,1036103301,Gum Arabic and Resins Integrated Development Programme -,net,,Net,116000000,0,0,0,0,0,192,yes
fy-2026-27-development-book-volume-1-1011-1083,1036,1036103600,Tana Delta Rice Irrigation Project (TDIP) - BETA.,1036103601,Tana Delta Rice Irrigation Project (TDIP) - Headquarters - BETA,gross,,Gross,21000000,59650000,0,0,0,0,192,yes
fy-2026-27-development-book-volume-1-1011-1083,1036,1036103600,Tana Delta Rice Irrigation Project (TDIP) - BETA.,1036103601,Tana Delta Rice Irrigation Project (TDIP) - Headquarters - BETA,net,,Net,21000000,59650000,0,0,0,0,192,yes
fy-2026-27-development-book-volume-1-1011-1083,1036,1036103800,Ewaso Ngiro Leather Factory - BETA.,1036103801,Ewaso Ngiro Leather Factory - Headquarters,gross,,Gross,20000000,44650000,0,0,0,0,193,yes
fy-2026-27-development-book-volume-1-1011-1083,1036,1036103800,Ewaso Ngiro Leather Factory - BETA.,1036103801,Ewaso Ngiro Leather Factory - Headquarters,net,,Net,20000000,44650000,0,0,0,0,193,yes
fy-2026-27-development-book-volume-1-1011-1083,1036,1036103900,Integrated Bamboo commercialisation and Value addition-BETA.,1036103901,Integrated Bamboo commercialisation and Value addition -,gross,,Gross,0,15000000,0,0,0,0,193,yes
fy-2026-27-development-book-volume-1-1011-1083,1036,1036103900,Integrated Bamboo commercialisation and Value addition-BETA.,1036103901,Integrated Bamboo commercialisation and Value addition -,net,,Net,0,15000000,0,0,0,0,193,yes
fy-2026-27-development-book-volume-1-1011-1083,1036,1036104100,Wei Wei Phase 3 Irrigation Project - BETA.,1036104101,Wei Wei Phase 3 Irrigation Project - Headquarters,gross,,Gross,292000000,30000000,0,0,0,0,194,yes
fy-2026-27-development-book-volume-1-1011-1083,1036,1036104100,Wei Wei Phase 3 Irrigation Project - BETA.,1036104101,Wei Wei Phase 3 Irrigation Project - Headquarters,appropriations_in_aid,,Appropriations In Aid,272000000,0,0,0,0,0,194,yes
fy-2026-27-development-book-volume-1-1011-1083,1036,1036104100,Wei Wei Phase 3 Irrigation Project - BETA.,1036104101,Wei Wei Phase 3 Irrigation Project - Headquarters,net,,Net,20000000,30000000,0,0,0,0,194,yes
fy-2026-27-development-book-volume-1-1011-1083,1036,1036104200,Mango Value Chain Programme-BETA.,1036104201,Mango Value Chain Programme - Headquarters,gross,,Gross,0,20000000,0,0,0,0,194,yes
fy-2026-27-development-book-volume-1-1011-1083,1036,1036104200,Mango Value Chain Programme-BETA.,1036104201,Mango Value Chain Programme - Headquarters,net,,Net,0,20000000,0,0,0,0,194,yes
fy-2026-27-development-book-volume-1-1011-1083,1036,1036104300,Integrated Fruit and Honey Processing - BETA.,1036104301,Integrated Fruit and Honey Processing - Headquarters,gross,,Gross,0,20000000,0,0,0,0,194,yes
fy-2026-27-development-book-volume-1-1011-1083,1036,1036104300,Integrated Fruit and Honey Processing - BETA.,1036104301,Integrated Fruit and Honey Processing - Headquarters,net,,Net,0,20000000,0,0,0,0,194,yes
fy-2026-27-development-book-volume-1-1011-1083,1036,1036105600,Boji Farmers Irrigation Project - BETA.,1036105601,Boji Farmers Irrigation Project,gross,,Gross,0,49650000,0,0,0,0,195,yes
fy-2026-27-development-book-volume-1-1011-1083,1036,1036105600,Boji Farmers Irrigation Project - BETA.,1036105601,Boji Farmers Irrigation Project,net,,Net,0,49650000,0,0,0,0,195,yes
fy-2026-27-development-book-volume-1-1011-1083,1036,1036105700,Wananchi Cottages in Kilifi County-BETA.,1036105701,Wananchi Cottages in Kilifi County,gross,,Gross,20000000,119000000,0,0,0,0,195,yes
fy-2026-27-development-book-volume-1-1011-1083,1036,1036105700,Wananchi Cottages in Kilifi County-BETA.,1036105701,Wananchi Cottages in Kilifi County,net,,Net,20000000,119000000,0,0,0,0,195,yes
fy-2026-27-development-book-volume-1-1011-1083,1036,1036106100,Oloitokitok Agro Processing Factory Project.,1036106101,Oloitokitok Agro Processing Factory Project,gross,,Gross,0,185510000,0,0,0,0,196,yes
fy-2026-27-development-book-volume-1-1011-1083,1036,1036106100,Oloitokitok Agro Processing Factory Project.,1036106101,Oloitokitok Agro Processing Factory Project,net,,Net,0,185510000,0,0,0,0,196,yes
fy-2026-27-development-book-volume-1-1011-1083,1036,1036108000,Malindi Integrated Social & Health Dev. Programme (MISHDP) -,1036108001,MISHDP - Phase II,gross,,Gross,300000000,400000000,0,0,0,400000000,196,yes
fy-2026-27-development-book-volume-1-1011-1083,1036,1036108000,Malindi Integrated Social & Health Dev. Programme (MISHDP) -,1036108001,MISHDP - Phase II,net,,Net,300000000,400000000,0,0,0,400000000,196,yes
fy-2026-27-development-book-volume-1-1011-1083,1036,1036108100,Kimira-Oluch Smallholder Farm Improvement Project - LBDA-,1036108101,Kimira-Oluch Smallholder Farm Improvement Project - LBDA,gross,,Gross,19500000,39650000,0,0,0,0,197,yes
fy-2026-27-development-book-volume-1-1011-1083,1036,1036108100,Kimira-Oluch Smallholder Farm Improvement Project - LBDA-,1036108101,Kimira-Oluch Smallholder Farm Improvement Project - LBDA,net,,Net,19500000,39650000,0,0,0,0,197,yes
fy-2026-27-development-book-volume-1-1011-1083,1036,1036111000,Rehabilitation of Strategic Water Facilities.,1036111002,Coast Development Authority - CDA,gross,,Gross,100000000,0,0,0,0,0,197,yes
fy-2026-27-development-book-volume-1-1011-1083,1036,1036111000,Rehabilitation of Strategic Water Facilities.,1036111002,Coast Development Authority - CDA,net,,Net,100000000,0,0,0,0,0,197,yes
fy-2026-27-development-book-volume-1-1011-1083,1036,1036112200,Drought Mitigation - TARDA.,1036112209,Gwakanju Market - TARDA,gross,,Gross,15000000,0,0,0,0,0,197,yes
fy-2026-27-development-book-volume-1-1011-1083,1036,1036112200,Drought Mitigation - TARDA.,1036112209,Gwakanju Market - TARDA,net,,Net,15000000,0,0,0,0,0,197,yes
fy-2026-27-development-book-volume-1-1011-1083,1036,1036112200,Drought Mitigation - TARDA.,1036112210,Muthunjara Primary School - TARDA,gross,,Gross,15000000,0,0,0,0,0,198,yes
fy-2026-27-development-book-volume-1-1011-1083,1036,1036112200,Drought Mitigation - TARDA.,1036112210,Muthunjara Primary School - TARDA,net,,Net,15000000,0,0,0,0,0,198,yes
fy-2026-27-development-book-volume-1-1011-1083,1036,1036112200,Drought Mitigation - TARDA.,1036112211,Pipeline Primary School - TARDA,gross,,Gross,15000000,0,0,0,0,0,198,yes
fy-2026-27-development-book-volume-1-1011-1083,1036,1036112200,Drought Mitigation - TARDA.,1036112211,Pipeline Primary School - TARDA,net,,Net,15000000,0,0,0,0,0,198,yes
fy-2026-27-development-book-volume-1-1011-1083,1036,1036112300,Drought Mitigation - KVDA.,1036112322,Kasegon Water Pan (Chepareria Ward) - KVDA,gross,,Gross,30000000,0,0,0,0,0,198,yes
fy-2026-27-development-book-volume-1-1011-1083,1036,1036112300,Drought Mitigation - KVDA.,1036112322,Kasegon Water Pan (Chepareria Ward) - KVDA,net,,Net,30000000,0,0,0,0,0,198,yes
fy-2026-27-development-book-volume-1-1011-1083,1036,1036112300,Drought Mitigation - KVDA.,1036112323,Tirken Borehole (Chepareria Ward) - KVDA,gross,,Gross,10000000,0,0,0,0,0,198,yes
fy-2026-27-development-book-volume-1-1011-1083,1036,1036112300,Drought Mitigation - KVDA.,1036112323,Tirken Borehole (Chepareria Ward) - KVDA,net,,Net,10000000,0,0,0,0,0,198,yes
fy-2026-27-development-book-volume-1-1011-1083,1036,1036112300,Drought Mitigation - KVDA.,1036112324,Kakitongin Borehole Lomur - KVDA,gross,,Gross,10000000,0,0,0,0,0,199,yes
fy-2026-27-development-book-volume-1-1011-1083,1036,1036112300,Drought Mitigation - KVDA.,1036112324,Kakitongin Borehole Lomur - KVDA,net,,Net,10000000,0,0,0,0,0,199,yes
fy-2026-27-development-book-volume-1-1011-1083,1036,1036112300,Drought Mitigation - KVDA.,1036112325,Drought Mitigation Livelihood Support - KVDA,gross,,Gross,15000000,0,0,0,0,0,199,yes
fy-2026-27-development-book-volume-1-1011-1083,1036,1036112300,Drought Mitigation - KVDA.,1036112325,Drought Mitigation Livelihood Support - KVDA,net,,Net,15000000,0,0,0,0,0,199,yes
fy-2026-27-development-book-volume-1-1011-1083,1036,1036112300,Drought Mitigation - KVDA.,1036112326,Chemkengen Secondary School Borehole - KVDA,gross,,Gross,10000000,0,0,0,0,0,199,yes
fy-2026-27-development-book-volume-1-1011-1083,1036,1036112300,Drought Mitigation - KVDA.,1036112326,Chemkengen Secondary School Borehole - KVDA,net,,Net,10000000,0,0,0,0,0,199,yes
fy-2026-27-development-book-volume-1-1011-1083,1036,1036112300,Drought Mitigation - KVDA.,1036112327,Seketet Borehole - KVDA,gross,,Gross,10000000,0,0,0,0,0,199,yes
fy-2026-27-development-book-volume-1-1011-1083,1036,1036112300,Drought Mitigation - KVDA.,1036112327,Seketet Borehole - KVDA,net,,Net,10000000,0,0,0,0,0,199,yes
fy-2026-27-development-book-volume-1-1011-1083,1036,1036112300,Drought Mitigation - KVDA.,1036112328,Distribution of Seedlings - KVDA (Elgeyo Marakwet County),gross,,Gross,20000000,0,0,0,0,0,199,yes
fy-2026-27-development-book-volume-1-1011-1083,1036,1036112300,Drought Mitigation - KVDA.,1036112328,Distribution of Seedlings - KVDA (Elgeyo Marakwet County),net,,Net,20000000,0,0,0,0,0,199,yes
fy-2026-27-development-book-volume-1-1011-1083,1036,1036112300,Drought Mitigation - KVDA.,1036112329,Desilting and trenching of Lesoit Dam - KVDA,gross,,Gross,5000000,0,0,0,0,0,200,yes
fy-2026-27-development-book-volume-1-1011-1083,1036,1036112300,Drought Mitigation - KVDA.,1036112329,Desilting and trenching of Lesoit Dam - KVDA,net,,Net,5000000,0,0,0,0,0,200,yes
fy-2026-27-development-book-volume-1-1011-1083,1036,1036112300,Drought Mitigation - KVDA.,1036112330,Drilling of Nontoto Borehole - KVDA,gross,,Gross,10000000,0,0,0,0,0,200,yes
fy-2026-27-development-book-volume-1-1011-1083,1036,1036112300,Drought Mitigation - KVDA.,1036112330,Drilling of Nontoto Borehole - KVDA,net,,Net,10000000,0,0,0,0,0,200,yes
fy-2026-27-development-book-volume-1-1011-1083,1036,1036112300,Drought Mitigation - KVDA.,1036112332,Arror-Keu Water Project - KVDA,gross,,Gross,0,100000000,0,0,0,0,200,yes
fy-2026-27-development-book-volume-1-1011-1083,1036,1036112300,Drought Mitigation - KVDA.,1036112332,Arror-Keu Water Project - KVDA,net,,Net,0,100000000,0,0,0,0,200,yes
fy-2026-27-development-book-volume-1-1011-1083,1036,1036112300,Drought Mitigation - KVDA.,1036112333,Barasin Dam Plumbing and Distribution - KVDA,gross,,Gross,0,30000000,0,0,0,0,200,yes
fy-2026-27-development-book-volume-1-1011-1083,1036,1036112300,Drought Mitigation - KVDA.,1036112333,Barasin Dam Plumbing and Distribution - KVDA,net,,Net,0,30000000,0,0,0,0,200,yes
fy-2026-27-development-book-volume-1-1011-1083,1036,1036112400,Drought Mitigation - ENSDA.,1036112426,Entarara Secondary School Borehole (Kajiado South) - ENSDA,gross,,Gross,10000000,0,0,0,0,0,201,yes
fy-2026-27-development-book-volume-1-1011-1083,1036,1036112400,Drought Mitigation - ENSDA.,1036112426,Entarara Secondary School Borehole (Kajiado South) - ENSDA,net,,Net,10000000,0,0,0,0,0,201,yes
fy-2026-27-development-book-volume-1-1011-1083,1036,1036112400,Drought Mitigation - ENSDA.,1036112427,Kilgoris Water Project - ENSDA,gross,,Gross,30000000,0,0,0,0,0,201,yes
fy-2026-27-development-book-volume-1-1011-1083,1036,1036112400,Drought Mitigation - ENSDA.,1036112427,Kilgoris Water Project - ENSDA,net,,Net,30000000,0,0,0,0,0,201,yes
fy-2026-27-development-book-volume-1-1011-1083,1036,1036112400,Drought Mitigation - ENSDA.,1036112429,Lenkism Water Pan (Kajiado South) - ENSDA,gross,,Gross,20000000,0,0,0,0,0,201,yes
fy-2026-27-development-book-volume-1-1011-1083,1036,1036112400,Drought Mitigation - ENSDA.,1036112429,Lenkism Water Pan (Kajiado South) - ENSDA,net,,Net,20000000,0,0,0,0,0,201,yes
fy-2026-27-development-book-volume-1-1011-1083,1036,1036112400,Drought Mitigation - ENSDA.,1036112430,Loodokulani Water Pan (Kajiado Central) - ENSDA,gross,,Gross,20000000,0,0,0,0,0,201,yes
fy-2026-27-development-book-volume-1-1011-1083,1036,1036112400,Drought Mitigation - ENSDA.,1036112430,Loodokulani Water Pan (Kajiado Central) - ENSDA,net,,Net,20000000,0,0,0,0,0,201,yes
fy-2026-27-development-book-volume-1-1011-1083,1036,1036112400,Drought Mitigation - ENSDA.,1036112431,Narok High School Borehole (Narok North) - ENSDA,gross,,Gross,10000000,0,0,0,0,0,201,yes
fy-2026-27-development-book-volume-1-1011-1083,1036,1036112400,Drought Mitigation - ENSDA.,1036112431,Narok High School Borehole (Narok North) - ENSDA,net,,Net,10000000,0,0,0,0,0,201,yes
fy-2026-27-development-book-volume-1-1011-1083,1036,1036112400,Drought Mitigation - ENSDA.,1036112432,Narosura/Purko Farm Water Pan (Narok South) - ENSDA,gross,,Gross,20000000,0,0,0,0,0,202,yes
fy-2026-27-development-book-volume-1-1011-1083,1036,1036112400,Drought Mitigation - ENSDA.,1036112432,Narosura/Purko Farm Water Pan (Narok South) - ENSDA,net,,Net,20000000,0,0,0,0,0,202,yes
fy-2026-27-development-book-volume-1-1011-1083,1036,1036112400,Drought Mitigation - ENSDA.,1036112433,Ngosuani/Olkinyei Borehole (Narok West) - ENSDA,gross,,Gross,10000000,0,0,0,0,0,202,yes
fy-2026-27-development-book-volume-1-1011-1083,1036,1036112400,Drought Mitigation - ENSDA.,1036112433,Ngosuani/Olkinyei Borehole (Narok West) - ENSDA,net,,Net,10000000,0,0,0,0,0,202,yes
fy-2026-27-development-book-volume-1-1011-1083,1036,1036112400,Drought Mitigation - ENSDA.,1036112434,Nosidan/Merrueshi Village Borehole (Kajiado East) - ENSDA,gross,,Gross,10000000,0,0,0,0,0,202,yes
fy-2026-27-development-book-volume-1-1011-1083,1036,1036112400,Drought Mitigation - ENSDA.,1036112434,Nosidan/Merrueshi Village Borehole (Kajiado East) - ENSDA,net,,Net,10000000,0,0,0,0,0,202,yes
fy-2026-27-development-book-volume-1-1011-1083,1036,1036112400,Drought Mitigation - ENSDA.,1036112435,Oldanyati/Leshuta Borehole (Kajiado West) - ENSDA,gross,,Gross,10000000,0,0,0,0,0,202,yes
fy-2026-27-development-book-volume-1-1011-1083,1036,1036112400,Drought Mitigation - ENSDA.,1036112435,Oldanyati/Leshuta Borehole (Kajiado West) - ENSDA,net,,Net,10000000,0,0,0,0,0,202,yes
fy-2026-27-development-book-volume-1-1011-1083,1036,1036112400,Drought Mitigation - ENSDA.,1036112436,Olgulului Borehole (Kajiado South) - ENSDA,gross,,Gross,10000000,0,0,0,0,0,202,yes
fy-2026-27-development-book-volume-1-1011-1083,1036,1036112400,Drought Mitigation - ENSDA.,1036112436,Olgulului Borehole (Kajiado South) - ENSDA,net,,Net,10000000,0,0,0,0,0,202,yes
fy-2026-27-development-book-volume-1-1011-1083,1036,1036112400,Drought Mitigation - ENSDA.,1036112437,Olkimitare Water Pan (Narok North) - ENSDA,gross,,Gross,20000000,0,0,0,0,0,203,yes
fy-2026-27-development-book-volume-1-1011-1083,1036,1036112400,Drought Mitigation - ENSDA.,1036112437,Olkimitare Water Pan (Narok North) - ENSDA,net,,Net,20000000,0,0,0,0,0,203,yes
fy-2026-27-development-book-volume-1-1011-1083,1036,1036112400,Drought Mitigation - ENSDA.,1036112438,Olkinyei/Ngosuani Water (Narok West) - ENSDA,gross,,Gross,20000000,0,0,0,0,0,203,yes
fy-2026-27-development-book-volume-1-1011-1083,1036,1036112400,Drought Mitigation - ENSDA.,1036112438,Olkinyei/Ngosuani Water (Narok West) - ENSDA,net,,Net,20000000,0,0,0,0,0,203,yes
fy-2026-27-development-book-volume-1-1011-1083,1036,1036112400,Drought Mitigation - ENSDA.,1036112439,Ololulunga Boys Borehole (Narok South) - ENSDA,gross,,Gross,10000000,0,0,0,0,0,203,yes
fy-2026-27-development-book-volume-1-1011-1083,1036,1036112400,Drought Mitigation - ENSDA.,1036112439,Ololulunga Boys Borehole (Narok South) - ENSDA,net,,Net,10000000,0,0,0,0,0,203,yes
fy-2026-27-development-book-volume-1-1011-1083,1036,1036112400,Drought Mitigation - ENSDA.,1036112440,Orgirra Rombo Borehole (Kajiado South) - ENSDA,gross,,Gross,10000000,0,0,0,0,0,203,yes
fy-2026-27-development-book-volume-1-1011-1083,1036,1036112400,Drought Mitigation - ENSDA.,1036112440,Orgirra Rombo Borehole (Kajiado South) - ENSDA,net,,Net,10000000,0,0,0,0,0,203,yes
fy-2026-27-development-book-volume-1-1011-1083,1036,1036112400,Drought Mitigation - ENSDA.,1036112441,Parbush Community Borehole (Narok South) - ENSDA,gross,,Gross,10000000,0,0,0,0,0,203,yes
fy-2026-27-development-book-volume-1-1011-1083,1036,1036112400,Drought Mitigation - ENSDA.,1036112441,Parbush Community Borehole (Narok South) - ENSDA,net,,Net,10000000,0,0,0,0,0,203,yes
fy-2026-27-development-book-volume-1-1011-1083,1036,1036112400,Drought Mitigation - ENSDA.,1036112442,Purko Water Pan (Kajiado Central) - ENSDA,gross,,Gross,20000000,0,0,0,0,0,204,yes
fy-2026-27-development-book-volume-1-1011-1083,1036,1036112400,Drought Mitigation - ENSDA.,1036112442,Purko Water Pan (Kajiado Central) - ENSDA,net,,Net,20000000,0,0,0,0,0,204,yes
fy-2026-27-development-book-volume-1-1011-1083,1036,1036112500,Construction of Peace Dams.,1036112516,Construction of Wayam Lencho Snake Dam (Mandera),gross,,Gross,120000000,0,0,0,0,0,204,yes
fy-2026-27-development-book-volume-1-1011-1083,1036,1036112500,Construction of Peace Dams.,1036112516,Construction of Wayam Lencho Snake Dam (Mandera),net,,Net,120000000,0,0,0,0,0,204,yes
fy-2026-27-development-book-volume-1-1011-1083,1036,1036112600,Cherengany Watershed Conservation Programme.,1036112601,Cherengany Watershed Conservation Programme,gross,,Gross,110000000,39650000,0,0,0,0,204,yes
fy-2026-27-development-book-volume-1-1011-1083,1036,1036112600,Cherengany Watershed Conservation Programme.,1036112601,Cherengany Watershed Conservation Programme,net,,Net,110000000,39650000,0,0,0,0,204,yes
fy-2026-27-development-book-volume-1-1011-1083,1036,1036112700,Northern Kenya Integrated Camel Development Programme.,1036112701,Northern Kenya Integrated Camel Development Programme,gross,,Gross,0,45140000,0,0,0,0,205,yes
fy-2026-27-development-book-volume-1-1011-1083,1036,1036112700,Northern Kenya Integrated Camel Development Programme.,1036112701,Northern Kenya Integrated Camel Development Programme,net,,Net,0,45140000,0,0,0,0,205,yes
fy-2026-27-development-book-volume-1-1011-1083,1036,1036112800,Ewaso Ngiro N. Integrated Water Drought & Food Security Dev.,1036112801,Ewaso Ngiro N. Integrated Water Drought & Food Security Dev.,gross,,Gross,100000000,0,0,0,0,0,205,yes
fy-2026-27-development-book-volume-1-1011-1083,1036,1036112800,Ewaso Ngiro N. Integrated Water Drought & Food Security Dev.,1036112801,Ewaso Ngiro N. Integrated Water Drought & Food Security Dev.,net,,Net,100000000,0,0,0,0,0,205,yes
fy-2026-27-development-book-volume-1-1011-1083,1036,1036113300,Della Water Supply Project - ENNDA.,1036113301,Drought Mitigation ENNDA,gross,,Gross,30000000,0,0,0,0,0,206,yes
fy-2026-27-development-book-volume-1-1011-1083,1036,1036113300,Della Water Supply Project - ENNDA.,1036113301,Drought Mitigation ENNDA,net,,Net,30000000,0,0,0,0,0,206,yes
fy-2026-27-development-book-volume-1-1011-1083,1036,1036113500,Integrated Resilience for Sustainable Food Systems - BETA.,1036113501,Integrated Resilience for Sustainable Food Systems,gross,,Gross,14659612,40000000,0,0,0,0,206,yes
fy-2026-27-development-book-volume-1-1011-1083,1036,1036113500,Integrated Resilience for Sustainable Food Systems - BETA.,1036113501,Integrated Resilience for Sustainable Food Systems,net,,Net,14659612,40000000,0,0,0,0,206,yes
fy-2026-27-development-book-volume-1-1011-1083,1036,1036114500,Drought Mitigation Interventions - CDA.,1036114517,Kalembe Village Borehole - CDA,gross,,Gross,10000000,0,0,0,0,0,206,yes
fy-2026-27-development-book-volume-1-1011-1083,1036,1036114500,Drought Mitigation Interventions - CDA.,1036114517,Kalembe Village Borehole - CDA,net,,Net,10000000,0,0,0,0,0,206,yes
fy-2026-27-development-book-volume-1-1011-1083,1036,1036114500,Drought Mitigation Interventions - CDA.,1036114518,Abbas - Kamuthe - Fafi - CDA,gross,,Gross,50000000,0,0,0,0,0,207,yes
fy-2026-27-development-book-volume-1-1011-1083,1036,1036114500,Drought Mitigation Interventions - CDA.,1036114518,Abbas - Kamuthe - Fafi - CDA,net,,Net,50000000,0,0,0,0,0,207,yes
fy-2026-27-development-book-volume-1-1011-1083,1036,1036114600,Drought Mitigation Interventions - KVDA.,1036114611,Chemeron Dam Phase II - Baringo,gross,,Gross,130000000,0,0,0,0,0,207,yes
fy-2026-27-development-book-volume-1-1011-1083,1036,1036114600,Drought Mitigation Interventions - KVDA.,1036114611,Chemeron Dam Phase II - Baringo,net,,Net,130000000,0,0,0,0,0,207,yes
fy-2026-27-development-book-volume-1-1011-1083,1036,1036114800,Drought Mitigation Interventions - ENNDA.,1036114816,Ntarakwa Water Pan Pending Bill - ENNDA,gross,,Gross,13000000,0,0,0,0,0,207,yes
fy-2026-27-development-book-volume-1-1011-1083,1036,1036114800,Drought Mitigation Interventions - ENNDA.,1036114816,Ntarakwa Water Pan Pending Bill - ENNDA,net,,Net,13000000,0,0,0,0,0,207,yes
fy-2026-27-development-book-volume-1-1011-1083,1036,1036114800,Drought Mitigation Interventions - ENNDA.,1036114817,Flood Control - ENNDA,gross,,Gross,50000000,0,0,0,0,0,208,yes
fy-2026-27-development-book-volume-1-1011-1083,1036,1036114800,Drought Mitigation Interventions - ENNDA.,1036114817,Flood Control - ENNDA,net,,Net,50000000,0,0,0,0,0,208,yes
fy-2026-27-development-book-volume-1-1011-1083,1036,1036114800,Drought Mitigation Interventions - ENNDA.,1036114818,Las Anod Water Pan,gross,,Gross,10000000,7700000,0,0,0,0,208,yes
fy-2026-27-development-book-volume-1-1011-1083,1036,1036114800,Drought Mitigation Interventions - ENNDA.,1036114818,Las Anod Water Pan,net,,Net,10000000,7700000,0,0,0,0,208,yes
fy-2026-27-development-book-volume-1-1011-1083,1036,1036114800,Drought Mitigation Interventions - ENNDA.,1036114819,Malayley Water Pan,gross,,Gross,10000000,7700000,0,0,0,0,208,yes
fy-2026-27-development-book-volume-1-1011-1083,1036,1036114800,Drought Mitigation Interventions - ENNDA.,1036114819,Malayley Water Pan,net,,Net,10000000,7700000,0,0,0,0,208,yes
fy-2026-27-development-book-volume-1-1011-1083,1036,1036114800,Drought Mitigation Interventions - ENNDA.,1036114820,Construction of Qumbiso Water Pan - ENDDA,gross,,Gross,0,16250000,0,0,0,0,208,yes
fy-2026-27-development-book-volume-1-1011-1083,1036,1036114800,Drought Mitigation Interventions - ENNDA.,1036114820,Construction of Qumbiso Water Pan - ENDDA,net,,Net,0,16250000,0,0,0,0,208,yes
fy-2026-27-development-book-volume-1-1011-1083,1036,1036114800,Drought Mitigation Interventions - ENNDA.,1036114821,Construction of Dudhgeri Center Water Pan - ENDDA,gross,,Gross,0,16250000,0,0,0,0,208,yes
fy-2026-27-development-book-volume-1-1011-1083,1036,1036114800,Drought Mitigation Interventions - ENNDA.,1036114821,Construction of Dudhgeri Center Water Pan - ENDDA,net,,Net,0,16250000,0,0,0,0,208,yes
fy-2026-27-development-book-volume-1-1011-1083,1036,1036114800,Drought Mitigation Interventions - ENNDA.,1036114822,Construction of El- Danaba Water Pan - ENDDA,gross,,Gross,0,16250000,0,0,0,0,209,yes
fy-2026-27-development-book-volume-1-1011-1083,1036,1036114800,Drought Mitigation Interventions - ENNDA.,1036114822,Construction of El- Danaba Water Pan - ENDDA,net,,Net,0,16250000,0,0,0,0,209,yes
fy-2026-27-development-book-volume-1-1011-1083,1036,1036114800,Drought Mitigation Interventions - ENNDA.,1036114823,Construction of Samburu North Seren Water Pan - ENDDA,gross,,Gross,0,16250000,0,0,0,0,209,yes
fy-2026-27-development-book-volume-1-1011-1083,1036,1036114800,Drought Mitigation Interventions - ENNDA.,1036114823,Construction of Samburu North Seren Water Pan - ENDDA,net,,Net,0,16250000,0,0,0,0,209,yes
fy-2026-27-development-book-volume-1-1011-1083,1036,1036114800,Drought Mitigation Interventions - ENNDA.,1036114824,Kilepoi Pan-Nyiro Samburu - ENNDA,gross,,Gross,0,50000000,0,0,0,0,209,yes
fy-2026-27-development-book-volume-1-1011-1083,1036,1036114800,Drought Mitigation Interventions - ENNDA.,1036114824,Kilepoi Pan-Nyiro Samburu - ENNDA,net,,Net,0,50000000,0,0,0,0,209,yes
fy-2026-27-development-book-volume-1-1011-1083,1036,1036115100,Tana and Athi river Catchment Management Program -TARDA.,1036115101,Tana and Athi river Catchment Management Program,gross,,Gross,0,30000000,0,0,0,0,209,yes
fy-2026-27-development-book-volume-1-1011-1083,1036,1036115100,Tana and Athi river Catchment Management Program -TARDA.,1036115101,Tana and Athi river Catchment Management Program,net,,Net,0,30000000,0,0,0,0,209,yes
fy-2026-27-development-book-volume-1-1011-1083,1036,1036116000,BETA Priorities and Flood Control -KVDA.,1036116053,Chemoibon Dam (Keiyo South),gross,,Gross,25000000,0,0,0,0,0,210,yes
fy-2026-27-development-book-volume-1-1011-1083,1036,1036116000,BETA Priorities and Flood Control -KVDA.,1036116053,Chemoibon Dam (Keiyo South),net,,Net,25000000,0,0,0,0,0,210,yes
fy-2026-27-development-book-volume-1-1011-1083,1036,1036116000,BETA Priorities and Flood Control -KVDA.,1036116054,Arur Dam (Masol),gross,,Gross,25000000,0,0,0,0,0,210,yes
fy-2026-27-development-book-volume-1-1011-1083,1036,1036116000,BETA Priorities and Flood Control -KVDA.,1036116054,Arur Dam (Masol),net,,Net,25000000,0,0,0,0,0,210,yes
fy-2026-27-development-book-volume-1-1011-1083,1036,1036116000,BETA Priorities and Flood Control -KVDA.,1036116055,Chelakatet borehole (Batei),gross,,Gross,10000000,0,0,0,0,0,210,yes
fy-2026-27-development-book-volume-1-1011-1083,1036,1036116000,BETA Priorities and Flood Control -KVDA.,1036116055,Chelakatet borehole (Batei),net,,Net,10000000,0,0,0,0,0,210,yes
fy-2026-27-development-book-volume-1-1011-1083,1036,1036116000,BETA Priorities and Flood Control -KVDA.,1036116056,Nkeju Emuny Borehole,gross,,Gross,10000000,0,0,0,0,0,210,yes
fy-2026-27-development-book-volume-1-1011-1083,1036,1036116000,BETA Priorities and Flood Control -KVDA.,1036116056,Nkeju Emuny Borehole,net,,Net,10000000,0,0,0,0,0,210,yes
fy-2026-27-development-book-volume-1-1011-1083,1036,1036116000,BETA Priorities and Flood Control -KVDA.,1036116057,Angata Ronkai borehole,gross,,Gross,10000000,0,0,0,0,0,211,yes
fy-2026-27-development-book-volume-1-1011-1083,1036,1036116000,BETA Priorities and Flood Control -KVDA.,1036116057,Angata Ronkai borehole,net,,Net,10000000,0,0,0,0,0,211,yes
fy-2026-27-development-book-volume-1-1011-1083,1036,1036116000,BETA Priorities and Flood Control -KVDA.,1036116058,Nomotion borehole,gross,,Gross,10000000,0,0,0,0,0,211,yes
fy-2026-27-development-book-volume-1-1011-1083,1036,1036116000,BETA Priorities and Flood Control -KVDA.,1036116058,Nomotion borehole,net,,Net,10000000,0,0,0,0,0,211,yes
fy-2026-27-development-book-volume-1-1011-1083,1036,1036116000,BETA Priorities and Flood Control -KVDA.,1036116059,Sekete borehole,gross,,Gross,10000000,0,0,0,0,0,211,yes
fy-2026-27-development-book-volume-1-1011-1083,1036,1036116000,BETA Priorities and Flood Control -KVDA.,1036116059,Sekete borehole,net,,Net,10000000,0,0,0,0,0,211,yes
fy-2026-27-development-book-volume-1-1011-1083,1036,1036116100,BETA Priorities and Flood Control-ENNDA.,1036116141,Haro Girisa - Qilta location,gross,,Gross,10000000,0,0,0,0,0,211,yes
fy-2026-27-development-book-volume-1-1011-1083,1036,1036116100,BETA Priorities and Flood Control-ENNDA.,1036116141,Haro Girisa - Qilta location,net,,Net,10000000,0,0,0,0,0,211,yes
fy-2026-27-development-book-volume-1-1011-1083,1036,1036116100,BETA Priorities and Flood Control-ENNDA.,1036116142,Rehabilitation of Ramaadey Water Pan (Wajir North),gross,,Gross,30000000,0,0,0,0,0,212,yes
fy-2026-27-development-book-volume-1-1011-1083,1036,1036116100,BETA Priorities and Flood Control-ENNDA.,1036116142,Rehabilitation of Ramaadey Water Pan (Wajir North),net,,Net,30000000,0,0,0,0,0,212,yes
fy-2026-27-development-book-volume-1-1011-1083,1036,1036116100,BETA Priorities and Flood Control-ENNDA.,1036116143,Rehabilitation of Kunjure Water Pan,gross,,Gross,30000000,0,0,0,0,0,212,yes
fy-2026-27-development-book-volume-1-1011-1083,1036,1036116100,BETA Priorities and Flood Control-ENNDA.,1036116143,Rehabilitation of Kunjure Water Pan,net,,Net,30000000,0,0,0,0,0,212,yes
fy-2026-27-development-book-volume-1-1011-1083,1036,1036116100,BETA Priorities and Flood Control-ENNDA.,1036116144,Kilkiley livestock market water supply (Wajir),gross,,Gross,20000000,0,0,0,0,0,212,yes
fy-2026-27-development-book-volume-1-1011-1083,1036,1036116100,BETA Priorities and Flood Control-ENNDA.,1036116144,Kilkiley livestock market water supply (Wajir),net,,Net,20000000,0,0,0,0,0,212,yes
fy-2026-27-development-book-volume-1-1011-1083,1036,1036116100,BETA Priorities and Flood Control-ENNDA.,1036116145,Rehabilitation of Hote Livestock Pan,gross,,Gross,25000000,0,0,0,0,0,212,yes
fy-2026-27-development-book-volume-1-1011-1083,1036,1036116100,BETA Priorities and Flood Control-ENNDA.,1036116145,Rehabilitation of Hote Livestock Pan,net,,Net,25000000,0,0,0,0,0,212,yes
fy-2026-27-development-book-volume-1-1011-1083,1036,1036116100,BETA Priorities and Flood Control-ENNDA.,1036116146,Rehabilitation of Baqaqa Water Pan (Wajir North),gross,,Gross,30000000,0,0,0,0,0,212,yes
fy-2026-27-development-book-volume-1-1011-1083,1036,1036116100,BETA Priorities and Flood Control-ENNDA.,1036116146,Rehabilitation of Baqaqa Water Pan (Wajir North),net,,Net,30000000,0,0,0,0,0,212,yes
fy-2026-27-development-book-volume-1-1011-1083,1036,1036116100,BETA Priorities and Flood Control-ENNDA.,1036116147,Rehabilitation of Bute Wayamo Water Pan,gross,,Gross,30000000,0,0,0,0,0,213,yes
fy-2026-27-development-book-volume-1-1011-1083,1036,1036116100,BETA Priorities and Flood Control-ENNDA.,1036116147,Rehabilitation of Bute Wayamo Water Pan,net,,Net,30000000,0,0,0,0,0,213,yes
fy-2026-27-development-book-volume-1-1011-1083,1036,1036116100,BETA Priorities and Flood Control-ENNDA.,1036116148,Rehabilitation of Rabso Water Pan,gross,,Gross,30000000,0,0,0,0,0,213,yes
fy-2026-27-development-book-volume-1-1011-1083,1036,1036116100,BETA Priorities and Flood Control-ENNDA.,1036116148,Rehabilitation of Rabso Water Pan,net,,Net,30000000,0,0,0,0,0,213,yes
fy-2026-27-development-book-volume-1-1011-1083,1036,1036116100,BETA Priorities and Flood Control-ENNDA.,1036116149,Rehabilitation of Jithey Water Pan (Korondille),gross,,Gross,30000000,0,0,0,0,0,213,yes
fy-2026-27-development-book-volume-1-1011-1083,1036,1036116100,BETA Priorities and Flood Control-ENNDA.,1036116149,Rehabilitation of Jithey Water Pan (Korondille),net,,Net,30000000,0,0,0,0,0,213,yes
fy-2026-27-development-book-volume-1-1011-1083,1036,1036116100,BETA Priorities and Flood Control-ENNDA.,1036116150,Tokojo water pan desilting,gross,,Gross,15000000,0,0,0,0,0,213,yes
fy-2026-27-development-book-volume-1-1011-1083,1036,1036116100,BETA Priorities and Flood Control-ENNDA.,1036116150,Tokojo water pan desilting,net,,Net,15000000,0,0,0,0,0,213,yes
fy-2026-27-development-book-volume-1-1011-1083,1036,1036116100,BETA Priorities and Flood Control-ENNDA.,1036116151,Desilting of Basakurow water pan,gross,,Gross,15000000,0,0,0,0,0,213,yes
fy-2026-27-development-book-volume-1-1011-1083,1036,1036116100,BETA Priorities and Flood Control-ENNDA.,1036116151,Desilting of Basakurow water pan,net,,Net,15000000,0,0,0,0,0,213,yes
fy-2026-27-development-book-volume-1-1011-1083,1036,1036116100,BETA Priorities and Flood Control-ENNDA.,1036116152,Kubihalo Water pan (Mandera West),gross,,Gross,30000000,0,0,0,0,0,214,yes
fy-2026-27-development-book-volume-1-1011-1083,1036,1036116100,BETA Priorities and Flood Control-ENNDA.,1036116152,Kubihalo Water pan (Mandera West),net,,Net,30000000,0,0,0,0,0,214,yes
fy-2026-27-development-book-volume-1-1011-1083,1036,1036116100,BETA Priorities and Flood Control-ENNDA.,1036116153,Sere Rongai water pan,gross,,Gross,30000000,0,0,0,0,0,214,yes
fy-2026-27-development-book-volume-1-1011-1083,1036,1036116100,BETA Priorities and Flood Control-ENNDA.,1036116153,Sere Rongai water pan,net,,Net,30000000,0,0,0,0,0,214,yes
fy-2026-27-development-book-volume-1-1011-1083,1036,1036116100,BETA Priorities and Flood Control-ENNDA.,1036116154,Desilting of lago karo water pan in Dandu (Mandera West),gross,,Gross,30000000,0,0,0,0,0,214,yes
fy-2026-27-development-book-volume-1-1011-1083,1036,1036116100,BETA Priorities and Flood Control-ENNDA.,1036116154,Desilting of lago karo water pan in Dandu (Mandera West),net,,Net,30000000,0,0,0,0,0,214,yes
fy-2026-27-development-book-volume-1-1011-1083,1036,1036116100,BETA Priorities and Flood Control-ENNDA.,1036116155,Desilting and expansion of Shimbir water pan (Mandera South),gross,,Gross,30000000,0,0,0,0,0,214,yes
fy-2026-27-development-book-volume-1-1011-1083,1036,1036116100,BETA Priorities and Flood Control-ENNDA.,1036116155,Desilting and expansion of Shimbir water pan (Mandera South),net,,Net,30000000,0,0,0,0,0,214,yes
fy-2026-27-development-book-volume-1-1011-1083,1036,1036116100,BETA Priorities and Flood Control-ENNDA.,1036116156,Marille Danaba borehole (Banissa),gross,,Gross,20000000,0,0,0,0,0,214,yes
fy-2026-27-development-book-volume-1-1011-1083,1036,1036116100,BETA Priorities and Flood Control-ENNDA.,1036116156,Marille Danaba borehole (Banissa),net,,Net,20000000,0,0,0,0,0,214,yes
fy-2026-27-development-book-volume-1-1011-1083,1036,1036116100,BETA Priorities and Flood Control-ENNDA.,1036116157,Ardahallo Water pan (Mandera West),gross,,Gross,20000000,0,0,0,0,0,215,yes
fy-2026-27-development-book-volume-1-1011-1083,1036,1036116100,BETA Priorities and Flood Control-ENNDA.,1036116157,Ardahallo Water pan (Mandera West),net,,Net,20000000,0,0,0,0,0,215,yes
fy-2026-27-development-book-volume-1-1011-1083,1036,1036116100,BETA Priorities and Flood Control-ENNDA.,1036116158,Choroqo water Pan,gross,,Gross,15000000,0,0,0,0,0,215,yes
fy-2026-27-development-book-volume-1-1011-1083,1036,1036116100,BETA Priorities and Flood Control-ENNDA.,1036116158,Choroqo water Pan,net,,Net,15000000,0,0,0,0,0,215,yes
fy-2026-27-development-book-volume-1-1011-1083,1036,1036116200,BETA Priorities and Flood Control - TARDA.,1036116209,Mukuria Day Sec School borehole (Kyeni East),gross,,Gross,15000000,0,0,0,0,0,215,yes
fy-2026-27-development-book-volume-1-1011-1083,1036,1036116200,BETA Priorities and Flood Control - TARDA.,1036116209,Mukuria Day Sec School borehole (Kyeni East),net,,Net,15000000,0,0,0,0,0,215,yes
fy-2026-27-development-book-volume-1-1011-1083,1036,1036116200,BETA Priorities and Flood Control - TARDA.,1036116210,Mathakwaini Secondary School Borehole (Tetu),gross,,Gross,15000000,0,0,0,0,0,215,yes
fy-2026-27-development-book-volume-1-1011-1083,1036,1036116200,BETA Priorities and Flood Control - TARDA.,1036116210,Mathakwaini Secondary School Borehole (Tetu),net,,Net,15000000,0,0,0,0,0,215,yes
fy-2026-27-development-book-volume-1-1011-1083,1036,1036116200,BETA Priorities and Flood Control - TARDA.,1036116211,Kyangulumi Sub Chiefs Office borehole,gross,,Gross,10000000,0,0,0,0,0,216,yes
fy-2026-27-development-book-volume-1-1011-1083,1036,1036116200,BETA Priorities and Flood Control - TARDA.,1036116211,Kyangulumi Sub Chiefs Office borehole,net,,Net,10000000,0,0,0,0,0,216,yes
fy-2026-27-development-book-volume-1-1011-1083,1036,1036116300,BETA Priorities and Flood Control - LBDA.,1036116348,Nyangande community water pan,gross,,Gross,20000000,0,0,0,0,0,216,yes
fy-2026-27-development-book-volume-1-1011-1083,1036,1036116300,BETA Priorities and Flood Control - LBDA.,1036116348,Nyangande community water pan,net,,Net,20000000,0,0,0,0,0,216,yes
fy-2026-27-development-book-volume-1-1011-1083,1036,1036116300,BETA Priorities and Flood Control - LBDA.,1036116349,Oboro community water pan,gross,,Gross,20000000,0,0,0,0,0,216,yes
fy-2026-27-development-book-volume-1-1011-1083,1036,1036116300,BETA Priorities and Flood Control - LBDA.,1036116349,Oboro community water pan,net,,Net,20000000,0,0,0,0,0,216,yes
fy-2026-27-development-book-volume-1-1011-1083,1036,1036116300,BETA Priorities and Flood Control - LBDA.,1036116350,Bar Olengo community water pan,gross,,Gross,20000000,0,0,0,0,0,216,yes
fy-2026-27-development-book-volume-1-1011-1083,1036,1036116300,BETA Priorities and Flood Control - LBDA.,1036116350,Bar Olengo community water pan,net,,Net,20000000,0,0,0,0,0,216,yes
fy-2026-27-development-book-volume-1-1011-1083,1036,1036116300,BETA Priorities and Flood Control - LBDA.,1036116351,Nyamage Water pan/dam East Gem Ward,gross,,Gross,15000000,0,0,0,0,0,217,yes
fy-2026-27-development-book-volume-1-1011-1083,1036,1036116300,BETA Priorities and Flood Control - LBDA.,1036116351,Nyamage Water pan/dam East Gem Ward,net,,Net,15000000,0,0,0,0,0,217,yes
fy-2026-27-development-book-volume-1-1011-1083,1036,1036116300,BETA Priorities and Flood Control - LBDA.,1036116352,Riege Water pan Genga Location West Gem Ward,gross,,Gross,15000000,0,0,0,0,0,217,yes
fy-2026-27-development-book-volume-1-1011-1083,1036,1036116300,BETA Priorities and Flood Control - LBDA.,1036116352,Riege Water pan Genga Location West Gem Ward,net,,Net,15000000,0,0,0,0,0,217,yes
fy-2026-27-development-book-volume-1-1011-1083,1036,1036116400,BETA Priorities and Flood Control - CDA.,1036116412,Marungu - Mwanda water pan (Wundanyi),gross,,Gross,30000000,0,0,0,0,0,217,yes
fy-2026-27-development-book-volume-1-1011-1083,1036,1036116400,BETA Priorities and Flood Control - CDA.,1036116412,Marungu - Mwanda water pan (Wundanyi),net,,Net,30000000,0,0,0,0,0,217,yes
fy-2026-27-development-book-volume-1-1011-1083,1036,1036116400,BETA Priorities and Flood Control - CDA.,1036116413,Kulikila borehole (Buguta location),gross,,Gross,10000000,0,0,0,0,0,217,yes
fy-2026-27-development-book-volume-1-1011-1083,1036,1036116400,BETA Priorities and Flood Control - CDA.,1036116413,Kulikila borehole (Buguta location),net,,Net,10000000,0,0,0,0,0,217,yes
fy-2026-27-development-book-volume-1-1011-1083,1036,1036116400,BETA Priorities and Flood Control - CDA.,1036116414,Zungulukani borehole (Makwasinyi location),gross,,Gross,10000000,0,0,0,0,0,218,yes
fy-2026-27-development-book-volume-1-1011-1083,1036,1036116400,BETA Priorities and Flood Control - CDA.,1036116414,Zungulukani borehole (Makwasinyi location),net,,Net,10000000,0,0,0,0,0,218,yes
fy-2026-27-development-book-volume-1-1011-1083,1036,1036116400,BETA Priorities and Flood Control - CDA.,1036116415,Kwa Nzovuni Water pan (Bamba ward),gross,,Gross,20000000,0,0,0,0,0,218,yes
fy-2026-27-development-book-volume-1-1011-1083,1036,1036116400,BETA Priorities and Flood Control - CDA.,1036116415,Kwa Nzovuni Water pan (Bamba ward),net,,Net,20000000,0,0,0,0,0,218,yes
fy-2026-27-development-book-volume-1-1011-1083,1036,1036117000,Construction of Dykes.,1036117001,"Construction of Dykes in Muhoroni and Nyando Constituencies,",gross,,Gross,100000000,80000000,0,0,0,0,218,yes
fy-2026-27-development-book-volume-1-1011-1083,1036,1036117000,Construction of Dykes.,1036117001,"Construction of Dykes in Muhoroni and Nyando Constituencies,",net,,Net,100000000,80000000,0,0,0,0,218,yes
fy-2026-27-development-book-volume-1-1011-1083,1036,1036119000,Etio Phase II Water Distribution Supply.,1036119001,Etio Phase II Water Distribution Supply,gross,,Gross,120000000,130000000,0,0,0,0,219,yes
fy-2026-27-development-book-volume-1-1011-1083,1036,1036119000,Etio Phase II Water Distribution Supply.,1036119001,Etio Phase II Water Distribution Supply,net,,Net,120000000,130000000,0,0,0,0,219,yes
fy-2026-27-development-book-volume-1-1011-1083,1036,1036119100,National Drought Management Authority.,1036119107,Bangale Water Dam,gross,,Gross,20000000,0,0,0,0,0,219,yes
fy-2026-27-development-book-volume-1-1011-1083,1036,1036119100,National Drought Management Authority.,1036119107,Bangale Water Dam,net,,Net,20000000,0,0,0,0,0,219,yes
fy-2026-27-development-book-volume-1-1011-1083,1036,1036119100,National Drought Management Authority.,1036119108,Harshilmi Dam,gross,,Gross,20000000,0,0,0,0,0,219,yes
fy-2026-27-development-book-volume-1-1011-1083,1036,1036119100,National Drought Management Authority.,1036119108,Harshilmi Dam,net,,Net,20000000,0,0,0,0,0,219,yes
fy-2026-27-development-book-volume-1-1011-1083,1036,1036119100,National Drought Management Authority.,1036119109,Mansa Dam,gross,,Gross,20000000,0,0,0,0,0,219,yes
fy-2026-27-development-book-volume-1-1011-1083,1036,1036119100,National Drought Management Authority.,1036119109,Mansa Dam,net,,Net,20000000,0,0,0,0,0,219,yes
fy-2026-27-development-book-volume-1-1011-1083,1036,1036119100,National Drought Management Authority.,1036119110,Ochilo Dam,gross,,Gross,25000000,0,0,0,0,0,220,yes
fy-2026-27-development-book-volume-1-1011-1083,1036,1036119100,National Drought Management Authority.,1036119110,Ochilo Dam,net,,Net,25000000,0,0,0,0,0,220,yes
fy-2026-27-development-book-volume-1-1011-1083,1036,1036119100,National Drought Management Authority.,1036119111,Orno Dam,gross,,Gross,20000000,0,0,0,0,0,220,yes
fy-2026-27-development-book-volume-1-1011-1083,1036,1036119100,National Drought Management Authority.,1036119111,Orno Dam,net,,Net,20000000,0,0,0,0,0,220,yes
fy-2026-27-development-book-volume-1-1011-1083,1036,1036119100,National Drought Management Authority.,1036119112,Rubu Waterpan,gross,,Gross,20000000,0,0,0,0,0,220,yes
fy-2026-27-development-book-volume-1-1011-1083,1036,1036119100,National Drought Management Authority.,1036119112,Rubu Waterpan,net,,Net,20000000,0,0,0,0,0,220,yes
fy-2026-27-development-book-volume-1-1011-1083,1036,1036119100,National Drought Management Authority.,1036119113,Waa Dam,gross,,Gross,25000000,0,0,0,0,0,220,yes
fy-2026-27-development-book-volume-1-1011-1083,1036,1036119100,National Drought Management Authority.,1036119113,Waa Dam,net,,Net,25000000,0,0,0,0,0,220,yes
fy-2026-27-development-book-volume-1-1011-1083,1036,1036119100,National Drought Management Authority.,1036119117,Goda Water pan (Wajir South),gross,,Gross,20000000,0,0,0,0,0,220,yes
fy-2026-27-development-book-volume-1-1011-1083,1036,1036119100,National Drought Management Authority.,1036119117,Goda Water pan (Wajir South),net,,Net,20000000,0,0,0,0,0,220,yes
fy-2026-27-development-book-volume-1-1011-1083,1036,1036119100,National Drought Management Authority.,1036119118,Solarization and Fencing of Qurehay Farm,gross,,Gross,15000000,0,0,0,0,0,221,yes
fy-2026-27-development-book-volume-1-1011-1083,1036,1036119100,National Drought Management Authority.,1036119118,Solarization and Fencing of Qurehay Farm,net,,Net,15000000,0,0,0,0,0,221,yes
fy-2026-27-development-book-volume-1-1011-1083,1036,1036119100,National Drought Management Authority.,1036119119,Desilting and Rehabilitation of Segera earth dam (Laikipia East),gross,,Gross,15000000,0,0,0,0,0,221,yes
fy-2026-27-development-book-volume-1-1011-1083,1036,1036119100,National Drought Management Authority.,1036119119,Desilting and Rehabilitation of Segera earth dam (Laikipia East),net,,Net,15000000,0,0,0,0,0,221,yes
fy-2026-27-development-book-volume-1-1011-1083,1036,1036119100,National Drought Management Authority.,1036119120,Mbingoni Borehole,gross,,Gross,15000000,0,0,0,0,0,221,yes
fy-2026-27-development-book-volume-1-1011-1083,1036,1036119100,National Drought Management Authority.,1036119120,Mbingoni Borehole,net,,Net,15000000,0,0,0,0,0,221,yes
fy-2026-27-development-book-volume-1-1011-1083,1036,1036119100,National Drought Management Authority.,1036119121,Desilting Boji water pan Isiolo,gross,,Gross,15000000,0,0,0,0,0,221,yes
fy-2026-27-development-book-volume-1-1011-1083,1036,1036119100,National Drought Management Authority.,1036119121,Desilting Boji water pan Isiolo,net,,Net,15000000,0,0,0,0,0,221,yes
fy-2026-27-development-book-volume-1-1011-1083,1036,1036119100,National Drought Management Authority.,1036119122,Pamba pan desilting (Seker),gross,,Gross,15000000,0,0,0,0,0,221,yes
fy-2026-27-development-book-volume-1-1011-1083,1036,1036119100,National Drought Management Authority.,1036119122,Pamba pan desilting (Seker),net,,Net,15000000,0,0,0,0,0,221,yes
fy-2026-27-development-book-volume-1-1011-1083,1036,1036119100,National Drought Management Authority.,1036119123,Lowoi pan desilting (Kiwawa),gross,,Gross,15000000,0,0,0,0,0,222,yes
fy-2026-27-development-book-volume-1-1011-1083,1036,1036119100,National Drought Management Authority.,1036119123,Lowoi pan desilting (Kiwawa),net,,Net,15000000,0,0,0,0,0,222,yes
fy-2026-27-development-book-volume-1-1011-1083,1036,1036119700,ASALs Fodder Production.,1036119701,ASALs Fodder Production,gross,,Gross,0,20000000,0,0,0,0,222,yes
fy-2026-27-development-book-volume-1-1011-1083,1036,1036119700,ASALs Fodder Production.,1036119701,ASALs Fodder Production,net,,Net,0,20000000,0,0,0,0,222,yes
fy-2026-27-development-book-volume-1-1011-1083,1036,1036119800,Production of 5Billion Fruit Tree seedling.,1036119801,Production of 5Billion Fruit Tree seedling,gross,,Gross,50000000,0,0,0,0,0,222,yes
fy-2026-27-development-book-volume-1-1011-1083,1036,1036119800,Production of 5Billion Fruit Tree seedling.,1036119801,Production of 5Billion Fruit Tree seedling,net,,Net,50000000,0,0,0,0,0,222,yes
fy-2026-27-development-book-volume-1-1011-1083,1036,1036120100,Eldas Lakoley South Water Supply Project - ENNDA.,1036120101,Eldas Lakoley South Water Supply Project - ENNDA,gross,,Gross,10000000,0,0,0,0,0,223,yes
fy-2026-27-development-book-volume-1-1011-1083,1036,1036120100,Eldas Lakoley South Water Supply Project - ENNDA.,1036120101,Eldas Lakoley South Water Supply Project - ENNDA,net,,Net,10000000,0,0,0,0,0,223,yes
fy-2026-27-development-book-volume-1-1011-1083,1036,1036120200,Sololo Ramata Water Supply Project.,1036120201,Sololo Ramata Water Supply Project,gross,,Gross,10000000,0,0,0,0,0,223,yes
fy-2026-27-development-book-volume-1-1011-1083,1036,1036120200,Sololo Ramata Water Supply Project.,1036120201,Sololo Ramata Water Supply Project,net,,Net,10000000,0,0,0,0,0,223,yes
fy-2026-27-development-book-volume-1-1011-1083,1036,1036120400,Pulunga Borehole - ENSDA.,1036120401,Pulunga Borehole - ENSDA,gross,,Gross,10000000,0,0,0,0,0,224,yes
fy-2026-27-development-book-volume-1-1011-1083,1036,1036120400,Pulunga Borehole - ENSDA.,1036120401,Pulunga Borehole - ENSDA,net,,Net,10000000,0,0,0,0,0,224,yes
fy-2026-27-development-book-volume-1-1011-1083,1036,1036120500,Kiserian (Ereteti Village KJD)- ENSDA.,1036120501,Kiserian (Ereteti Village KJD) - ENSDA,gross,,Gross,10000000,0,0,0,0,0,224,yes
fy-2026-27-development-book-volume-1-1011-1083,1036,1036120500,Kiserian (Ereteti Village KJD)- ENSDA.,1036120501,Kiserian (Ereteti Village KJD) - ENSDA,net,,Net,10000000,0,0,0,0,0,224,yes
fy-2026-27-development-book-volume-1-1011-1083,1036,1036120600,Ololtoto Borehole- ENSDA.,1036120601,Ololtoto Borehole - ENSDA,gross,,Gross,10000000,0,0,0,0,0,224,yes
fy-2026-27-development-book-volume-1-1011-1083,1036,1036120600,Ololtoto Borehole- ENSDA.,1036120601,Ololtoto Borehole - ENSDA,net,,Net,10000000,0,0,0,0,0,224,yes
fy-2026-27-development-book-volume-1-1011-1083,1036,1036121000,St Celestino Nyangubo girls water project - ( LBDA).,1036121001,St Celestino Nyangubo girls water project - ( LBDA),gross,,Gross,15000000,0,0,0,0,0,225,yes
fy-2026-27-development-book-volume-1-1011-1083,1036,1036121000,St Celestino Nyangubo girls water project - ( LBDA).,1036121001,St Celestino Nyangubo girls water project - ( LBDA),net,,Net,15000000,0,0,0,0,0,225,yes
fy-2026-27-development-book-volume-1-1011-1083,1036,1036121100,St Francis Wiga girls water project - ( LBDA).,1036121101,St Francis Wiga girls water project - ( LBDA),gross,,Gross,15000000,0,0,0,0,0,225,yes
fy-2026-27-development-book-volume-1-1011-1083,1036,1036121100,St Francis Wiga girls water project - ( LBDA).,1036121101,St Francis Wiga girls water project - ( LBDA),net,,Net,15000000,0,0,0,0,0,225,yes
fy-2026-27-development-book-volume-1-1011-1083,1036,1036121200,Sibuoche mixed water project - ( LBDA).,1036121201,Sibuoche mixed water project - ( LBDA),gross,,Gross,15000000,0,0,0,0,0,226,yes
fy-2026-27-development-book-volume-1-1011-1083,1036,1036121200,Sibuoche mixed water project - ( LBDA).,1036121201,Sibuoche mixed water project - ( LBDA),net,,Net,15000000,0,0,0,0,0,226,yes
fy-2026-27-development-book-volume-1-1011-1083,1036,1036121600,Modernizing Ndhiwa Honey Processing Plant.,1036121601,Modernizing Ndhiwa Honey Processing Plant,gross,,Gross,100000000,0,0,0,0,0,226,yes
fy-2026-27-development-book-volume-1-1011-1083,1036,1036121600,Modernizing Ndhiwa Honey Processing Plant.,1036121601,Modernizing Ndhiwa Honey Processing Plant,net,,Net,100000000,0,0,0,0,0,226,yes
fy-2026-27-development-book-volume-1-1011-1083,1036,1036121700,Khalaba Dam.,1036121701,Khalaba Dam,gross,,Gross,30000000,0,0,0,0,0,226,yes
fy-2026-27-development-book-volume-1-1011-1083,1036,1036121700,Khalaba Dam.,1036121701,Khalaba Dam,net,,Net,30000000,0,0,0,0,0,226,yes
fy-2026-27-development-book-volume-1-1011-1083,1036,1036121800,Madhgasi Water Dam.,1036121801,Madhgasi Water Dam,gross,,Gross,50000000,0,0,0,0,0,227,yes
fy-2026-27-development-book-volume-1-1011-1083,1036,1036121800,Madhgasi Water Dam.,1036121801,Madhgasi Water Dam,net,,Net,50000000,0,0,0,0,0,227,yes
fy-2026-27-development-book-volume-1-1011-1083,1036,1036121900,Ewaso Ng'iro North Catchment Conservation Project - HQ.,1036121901,Ewaso Ng'iro North Catchment Conservation Project - HQ,gross,,Gross,100000000,0,0,0,0,0,227,yes
fy-2026-27-development-book-volume-1-1011-1083,1036,1036121900,Ewaso Ng'iro North Catchment Conservation Project - HQ.,1036121901,Ewaso Ng'iro North Catchment Conservation Project - HQ,net,,Net,100000000,0,0,0,0,0,227,yes
fy-2026-27-development-book-volume-1-1011-1083,1036,1036122000,Loyapat Surface Irrigation Scheme- KVDA.,1036122001,Loyapat Surface Irrigation Scheme- KVDA,gross,,Gross,50000000,0,0,0,0,0,228,yes
fy-2026-27-development-book-volume-1-1011-1083,1036,1036122000,Loyapat Surface Irrigation Scheme- KVDA.,1036122001,Loyapat Surface Irrigation Scheme- KVDA,net,,Net,50000000,0,0,0,0,0,228,yes
fy-2026-27-development-book-volume-1-1011-1083,1036,1036122100,Drilling and equipping of 11 water boreholes -KVDA.,1036122101,Drilling and equipping of 11 water boreholes -KVDA,gross,,Gross,120000000,0,0,0,0,0,228,yes
fy-2026-27-development-book-volume-1-1011-1083,1036,1036122100,Drilling and equipping of 11 water boreholes -KVDA.,1036122101,Drilling and equipping of 11 water boreholes -KVDA,net,,Net,120000000,0,0,0,0,0,228,yes
fy-2026-27-development-book-volume-1-1011-1083,1036,1036122200,"Construction of a water Pan in Lokakwan, Kibish-KVDA.",1036122201,"Construction of a water Pan in Lokakwan, Kibish-KVDA",gross,,Gross,20000000,0,0,0,0,0,228,yes
fy-2026-27-development-book-volume-1-1011-1083,1036,1036122200,"Construction of a water Pan in Lokakwan, Kibish-KVDA.",1036122201,"Construction of a water Pan in Lokakwan, Kibish-KVDA",net,,Net,20000000,0,0,0,0,0,228,yes
fy-2026-27-development-book-volume-1-1011-1083,1036,1036122300,Climate Smart Integrated Pasture Production in Song'ot-KVDA.,1036122301,Climate Smart Integrated Pasture Production in Song'ot-KVDA,gross,,Gross,30000000,0,0,0,0,0,229,yes
fy-2026-27-development-book-volume-1-1011-1083,1036,1036122300,Climate Smart Integrated Pasture Production in Song'ot-KVDA.,1036122301,Climate Smart Integrated Pasture Production in Song'ot-KVDA,net,,Net,30000000,0,0,0,0,0,229,yes
fy-2026-27-development-book-volume-1-1011-1083,1036,1036122400,Construction of Napuu Farm Guest House-KVDA.,1036122401,Construction of Napuu Farm Guest House-KVDA,gross,,Gross,30000000,0,0,0,0,0,229,yes
fy-2026-27-development-book-volume-1-1011-1083,1036,1036122400,Construction of Napuu Farm Guest House-KVDA.,1036122401,Construction of Napuu Farm Guest House-KVDA,net,,Net,30000000,0,0,0,0,0,229,yes
fy-2026-27-development-book-volume-1-1011-1083,1036,1036122600,Construction of Chemaluk Water Project in Uasin Gishu - KVDA.,1036122601,Construction of Chemaluk Water Project in Uasin Gishu - KVDA,gross,,Gross,0,26700000,0,0,0,0,230,yes
fy-2026-27-development-book-volume-1-1011-1083,1036,1036122600,Construction of Chemaluk Water Project in Uasin Gishu - KVDA.,1036122601,Construction of Chemaluk Water Project in Uasin Gishu - KVDA,net,,Net,0,26700000,0,0,0,0,230,yes
fy-2026-27-development-book-volume-1-1011-1083,1036,1036122700,Community Lead Initiative - Climate Adaptation & Rights,1036122701,Community Lead Initiative - Climate Adaptation & Rights,gross,,Gross,0,100000000,0,100000000,0,0,230,yes
fy-2026-27-development-book-volume-1-1011-1083,1036,1036122700,Community Lead Initiative - Climate Adaptation & Rights,1036122701,Community Lead Initiative - Climate Adaptation & Rights,net,,Net,0,100000000,0,100000000,0,0,230,yes
fy-2026-27-development-book-volume-1-1011-1083,1041,1041100300,Modernization Programme-BETA.,1041100301,Modernization Programme,exp,2630200,Capital Grants to Government Agencies and other Levels of Government,3900000000,9800400000,0,0,6100400000,0,233,yes
fy-2026-27-development-book-volume-1-1011-1083,1041,1041100300,Modernization Programme-BETA.,1041100301,Modernization Programme,exp,3110200,Construction of Building,534000000,534000000,0,0,0,0,233,yes
fy-2026-27-development-book-volume-1-1011-1083,1041,1041100300,Modernization Programme-BETA.,1041100301,Modernization Programme,financing,5120200,Foreign Borrowing - Direct Payments,3100000000,6100400000,0,0,0,0,233,yes
fy-2026-27-development-book-volume-1-1011-1083,1041,1041100300,Modernization Programme-BETA.,1041100301,Modernization Programme,financing,1410400,Rents,534000000,534000000,0,0,0,0,233,yes
fy-2026-27-development-book-volume-1-1011-1083,1041,1041100500,Kenya Meat Commission.,1041100501,Kenya Meat Commission,exp,2630200,Capital Grants to Government Agencies and other Levels of Government,200000000,300000000,0,0,0,0,233,yes
fy-2026-27-development-book-volume-1-1011-1083,1041,1041100300,Modernization Programme-BETA.,1041100301,Modernization Programme,gross,,Gross,4434000000,10334400000,0,0,6100400000,0,233,yes
fy-2026-27-development-book-volume-1-1011-1083,1041,1041100300,Modernization Programme-BETA.,1041100301,Modernization Programme,appropriations_in_aid,,Appropriations In Aid,3634000000,6634400000,0,0,0,0,233,yes
fy-2026-27-development-book-volume-1-1011-1083,1041,1041100300,Modernization Programme-BETA.,1041100301,Modernization Programme,net,,Net,800000000,3700000000,0,0,0,0,233,yes
fy-2026-27-development-book-volume-1-1011-1083,1041,1041100500,Kenya Meat Commission.,1041100501,Kenya Meat Commission,gross,,Gross,200000000,300000000,0,0,0,0,233,yes
fy-2026-27-development-book-volume-1-1011-1083,1041,1041100500,Kenya Meat Commission.,1041100501,Kenya Meat Commission,net,,Net,200000000,300000000,0,0,0,0,233,yes
fy-2026-27-development-book-volume-1-1011-1083,1053,1053100200,Construction and Various Renovations in Pretoria.,1053100201,Construction and Various Renovations in Pretoria,exp,3110300,Refurbishment of Buildings,15000000,0,0,0,0,0,244,yes
fy-2026-27-development-book-volume-1-1011-1083,1053,1053100300,Construction and refurbishment of an office block in Mogadishu.,1053100301,Construction and refurbishment of an office block in Mogadishu,exp,3110300,Refurbishment of Buildings,30000000,0,0,0,0,0,244,yes
fy-2026-27-development-book-volume-1-1011-1083,1053,1053100400,Renovation of government owned properties in Washington DC.,1053100401,Renovation of government owned properties in Washington DC,exp,3110300,Refurbishment of Buildings,35000000,0,0,0,0,0,245,yes
fy-2026-27-development-book-volume-1-1011-1083,1053,1053100500,Upgrading and renovations of ambassador's residence in London.,1053100501,Upgrading and renovations of ambassador's residence in London,exp,3110300,Refurbishment of Buildings,18000000,50000000,0,0,0,0,245,yes
fy-2026-27-development-book-volume-1-1011-1083,1053,1053100600,Renovation of government owned property in Stockholm Sweden.,1053100601,Renovation of government owned property in Stockholm Sweden,exp,3110300,Refurbishment of Buildings,15000000,0,0,0,0,0,245,yes
fy-2026-27-development-book-volume-1-1011-1083,1053,1053100700,Chancery Renovation in Abuja.,1053100701,Chancery Renovation in Abuja,exp,3110300,Refurbishment of Buildings,10000000,20000000,0,0,0,0,246,yes
fy-2026-27-development-book-volume-1-1011-1083,1053,1053100800,Renovation of ambassadors residence in Dar-es-Salaam.,1053100801,Renovation of ambassadors residence in Dar-es-Salaam,exp,3110300,Refurbishment of Buildings,5300000,0,0,0,0,0,246,yes
fy-2026-27-development-book-volume-1-1011-1083,1053,1053100900,Construction of chancery in Islamabad.,1053100901,Construction of chancery in Islamabad,exp,3110300,Refurbishment of Buildings,35000000,0,0,0,0,0,247,yes
fy-2026-27-development-book-volume-1-1011-1083,1053,1053101100,Renovation of government owned properties in Kinshasa.,1053101101,Renovation of government owned properties in Kinshasa,exp,3110300,Refurbishment of Buildings,120000000,150000000,0,0,0,0,247,yes
fy-2026-27-development-book-volume-1-1011-1083,1053,1053101200,Renovation of government owned properties in Addis Ababa.,1053101201,Renovation of government owned properties in Addis Ababa,exp,3110300,Refurbishment of Buildings,150000000,30000000,0,0,0,0,247,yes
fy-2026-27-development-book-volume-1-1011-1083,1053,1053101300,Renovation of government properties in New York.,1053101301,Renovation of government properties in New York,exp,3110300,Refurbishment of Buildings,550000000,623200000,0,0,0,0,248,yes
fy-2026-27-development-book-volume-1-1011-1083,1053,1053101400,Renovation of government owned properties in Lusaka.,1053101401,Renovation of government owned properties in Lusaka,exp,3110300,Refurbishment of Buildings,170000000,100000000,0,0,0,0,248,yes
fy-2026-27-development-book-volume-1-1011-1083,1053,1053101500,Alterations of chancery and security enhancement in Kampala.,1053101501,Alterations of chancery and security enhancement in Kampala,exp,3110300,Refurbishment of Buildings,10000000,100000000,0,0,0,0,249,yes
fy-2026-27-development-book-volume-1-1011-1083,1053,1053101700,Repairs of Embassy roof in Paris.,1053101701,Repairs of Embassy roof in Paris,exp,3110300,Refurbishment of Buildings,35000000,50000000,0,0,0,0,249,yes
fy-2026-27-development-book-volume-1-1011-1083,1053,1053101800,Repairs of Ambassador's residence in Hague.,1053101801,Repairs of Ambassador's residence in Hague,exp,3110300,Refurbishment of Buildings,25000000,20000000,0,0,0,0,249,yes
fy-2026-27-development-book-volume-1-1011-1083,1053,1053102600,Kenya International Technical Co-operation Facility.,1053102601,Kenya International Technical Co-operation Facility,exp,2630200,Capital Grants to Government Agencies and other Levels of Government,150000000,200000000,0,0,0,0,250,yes
fy-2026-27-development-book-volume-1-1011-1083,1053,1053102800,Refurbishment of Headquarters Building.,1053102801,Refurbishment of Headquarters Building,exp,3110300,Refurbishment of Buildings,45000000,50000000,0,0,0,0,250,yes
fy-2026-27-development-book-volume-1-1011-1083,1053,1053103000,Purchase of Chancery offices for UN HABITAT/UNON.,1053103001,Purchase of Chancery offices for UN HABITAT/UNON,exp,3110100,Purchase of Buildings,100000000,250000000,0,0,0,0,251,yes
fy-2026-27-development-book-volume-1-1011-1083,1053,1053103400,Construction of Embassy and residence in Burundi.,1053103401,Construction of Embassy and residence in Burundi,exp,3110200,Construction of Building,0,100000000,0,0,0,0,251,yes
fy-2026-27-development-book-volume-1-1011-1083,1053,1053103800,"Construction of Chancery, residence and fencing in Juba.",1053103801,"Construction of Chancery, residence and fencing in Juba",exp,3110200,Construction of Building,0,120000000,0,0,0,0,251,yes
fy-2026-27-development-book-volume-1-1011-1083,1053,1053104200,Renovation of Embassy and Ambassador's residence in Beijing.,1053104201,Renovation of Embassy and Ambassador's residence in Beijing,exp,3110300,Refurbishment of Buildings,5000000,30000000,0,0,0,0,252,yes
fy-2026-27-development-book-volume-1-1011-1083,1053,1053104300,Renovation of properties in Harare.,1053104301,Renovation of properties in Harare,exp,3110300,Refurbishment of Buildings,10000000,20000000,0,0,0,0,252,yes
fy-2026-27-development-book-volume-1-1011-1083,1053,1053104400,Renovation of Embassy and Ambassador's residence in Riyadh.,1053104401,Renovation of Embassy and Ambassador's residence in Riyadh,exp,3110300,Refurbishment of Buildings,0,30000000,0,0,0,0,253,yes
fy-2026-27-development-book-volume-1-1011-1083,1053,1053104700,ICT Infrastructure in Missions abroad.,1053104701,ICT Infrastructure in Missions abroad,exp,3111100,"Purchase of Specialised Plant, Equipment and Machinery",93100000,93100000,0,0,0,0,253,yes
fy-2026-27-development-book-volume-1-1011-1083,1053,1053105100,Construction of Ministry of Foreign Affairs Headquarters Building.,1053105101,Construction of Ministry of Foreign Affairs Headquarters Building,exp,3110200,Construction of Building,100000000,75000000,0,0,0,0,253,yes
fy-2026-27-development-book-volume-1-1011-1083,1053,1053105100,Construction of Ministry of Foreign Affairs Headquarters Building.,1053105101,Construction of Ministry of Foreign Affairs Headquarters Building,exp,3111400,"Research, Feasibility Studies, Project Preparation and Design, Project S",0,25000000,0,0,0,0,253,yes
fy-2026-27-development-book-volume-1-1011-1083,1053,1053105200,Purchase of Chancery - London.,1053105201,Purchase of Chancery - London,exp,3110100,Purchase of Buildings,550000000,0,0,0,0,0,254,yes
fy-2026-27-development-book-volume-1-1011-1083,1053,1053105400,Renovation of Ambassador's Residence in Berlin.,1053105401,Renovation of Ambassador's Residence in Berlin,exp,3110300,Refurbishment of Buildings,30000000,0,0,0,0,0,254,yes
fy-2026-27-development-book-volume-1-1011-1083,1053,1053105500,Renovation and fencing of GoK owned property in Tokyo.,1053105501,Renovation and fencing of GoK owned property in Tokyo,exp,3110300,Refurbishment of Buildings,40000000,0,0,0,0,0,255,yes
fy-2026-27-development-book-volume-1-1011-1083,1053,1053105600,"Construction of Chancery in Cairo, Egypt.",1053105601,"Construction of Chancery in Cairo, Egypt",exp,3110200,Construction of Building,0,150000000,0,0,0,0,255,yes
fy-2026-27-development-book-volume-1-1011-1083,1053,1053105700,Refurbishment of GoK owned properties in Ottawa.,1053105701,Refurbishment of GoK owned properties in Ottawa,exp,3110300,Refurbishment of Buildings,0,40000000,0,0,0,0,255,yes
fy-2026-27-development-book-volume-1-1011-1083,1053,1053105800,Construction and fencing of diplomatic properties in Dodoma.,1053105801,Construction and fencing of diplomatic properties in Dodoma,exp,3110200,Construction of Building,0,30000000,0,0,0,0,256,yes
fy-2026-27-development-book-volume-1-1011-1083,1053,1053100200,Construction and Various Renovations in Pretoria.,1053100201,Construction and Various Renovations in Pretoria,gross,,Gross,15000000,0,0,0,0,0,244,yes
fy-2026-27-development-book-volume-1-1011-1083,1053,1053100200,Construction and Various Renovations in Pretoria.,1053100201,Construction and Various Renovations in Pretoria,net,,Net,15000000,0,0,0,0,0,244,yes
fy-2026-27-development-book-volume-1-1011-1083,1053,1053100300,Construction and refurbishment of an office block in Mogadishu.,1053100301,Construction and refurbishment of an office block in Mogadishu,gross,,Gross,30000000,0,0,0,0,0,244,yes
fy-2026-27-development-book-volume-1-1011-1083,1053,1053100300,Construction and refurbishment of an office block in Mogadishu.,1053100301,Construction and refurbishment of an office block in Mogadishu,net,,Net,30000000,0,0,0,0,0,244,yes
fy-2026-27-development-book-volume-1-1011-1083,1053,1053100400,Renovation of government owned properties in Washington DC.,1053100401,Renovation of government owned properties in Washington DC,gross,,Gross,35000000,0,0,0,0,0,245,yes
fy-2026-27-development-book-volume-1-1011-1083,1053,1053100400,Renovation of government owned properties in Washington DC.,1053100401,Renovation of government owned properties in Washington DC,net,,Net,35000000,0,0,0,0,0,245,yes
fy-2026-27-development-book-volume-1-1011-1083,1053,1053100500,Upgrading and renovations of ambassador's residence in London.,1053100501,Upgrading and renovations of ambassador's residence in London,gross,,Gross,18000000,50000000,0,0,0,0,245,yes
fy-2026-27-development-book-volume-1-1011-1083,1053,1053100500,Upgrading and renovations of ambassador's residence in London.,1053100501,Upgrading and renovations of ambassador's residence in London,net,,Net,18000000,50000000,0,0,0,0,245,yes
fy-2026-27-development-book-volume-1-1011-1083,1053,1053100600,Renovation of government owned property in Stockholm Sweden.,1053100601,Renovation of government owned property in Stockholm Sweden,gross,,Gross,15000000,0,0,0,0,0,245,yes
fy-2026-27-development-book-volume-1-1011-1083,1053,1053100600,Renovation of government owned property in Stockholm Sweden.,1053100601,Renovation of government owned property in Stockholm Sweden,net,,Net,15000000,0,0,0,0,0,245,yes
fy-2026-27-development-book-volume-1-1011-1083,1053,1053100700,Chancery Renovation in Abuja.,1053100701,Chancery Renovation in Abuja,gross,,Gross,10000000,20000000,0,0,0,0,246,yes
fy-2026-27-development-book-volume-1-1011-1083,1053,1053100700,Chancery Renovation in Abuja.,1053100701,Chancery Renovation in Abuja,net,,Net,10000000,20000000,0,0,0,0,246,yes
fy-2026-27-development-book-volume-1-1011-1083,1053,1053100800,Renovation of ambassadors residence in Dar-es-Salaam.,1053100801,Renovation of ambassadors residence in Dar-es-Salaam,gross,,Gross,5300000,0,0,0,0,0,246,yes
fy-2026-27-development-book-volume-1-1011-1083,1053,1053100800,Renovation of ambassadors residence in Dar-es-Salaam.,1053100801,Renovation of ambassadors residence in Dar-es-Salaam,net,,Net,5300000,0,0,0,0,0,246,yes
fy-2026-27-development-book-volume-1-1011-1083,1053,1053100900,Construction of chancery in Islamabad.,1053100901,Construction of chancery in Islamabad,gross,,Gross,35000000,0,0,0,0,0,247,yes
fy-2026-27-development-book-volume-1-1011-1083,1053,1053100900,Construction of chancery in Islamabad.,1053100901,Construction of chancery in Islamabad,net,,Net,35000000,0,0,0,0,0,247,yes
fy-2026-27-development-book-volume-1-1011-1083,1053,1053101100,Renovation of government owned properties in Kinshasa.,1053101101,Renovation of government owned properties in Kinshasa,gross,,Gross,120000000,150000000,0,0,0,0,247,yes
fy-2026-27-development-book-volume-1-1011-1083,1053,1053101100,Renovation of government owned properties in Kinshasa.,1053101101,Renovation of government owned properties in Kinshasa,net,,Net,120000000,150000000,0,0,0,0,247,yes
fy-2026-27-development-book-volume-1-1011-1083,1053,1053101200,Renovation of government owned properties in Addis Ababa.,1053101201,Renovation of government owned properties in Addis Ababa,gross,,Gross,150000000,30000000,0,0,0,0,247,yes
fy-2026-27-development-book-volume-1-1011-1083,1053,1053101200,Renovation of government owned properties in Addis Ababa.,1053101201,Renovation of government owned properties in Addis Ababa,net,,Net,150000000,30000000,0,0,0,0,247,yes
fy-2026-27-development-book-volume-1-1011-1083,1053,1053101300,Renovation of government properties in New York.,1053101301,Renovation of government properties in New York,gross,,Gross,550000000,623200000,0,0,0,0,248,yes
fy-2026-27-development-book-volume-1-1011-1083,1053,1053101300,Renovation of government properties in New York.,1053101301,Renovation of government properties in New York,net,,Net,550000000,623200000,0,0,0,0,248,yes
fy-2026-27-development-book-volume-1-1011-1083,1053,1053101400,Renovation of government owned properties in Lusaka.,1053101401,Renovation of government owned properties in Lusaka,gross,,Gross,170000000,100000000,0,0,0,0,248,yes
fy-2026-27-development-book-volume-1-1011-1083,1053,1053101400,Renovation of government owned properties in Lusaka.,1053101401,Renovation of government owned properties in Lusaka,net,,Net,170000000,100000000,0,0,0,0,248,yes
fy-2026-27-development-book-volume-1-1011-1083,1053,1053101500,Alterations of chancery and security enhancement in Kampala.,1053101501,Alterations of chancery and security enhancement in Kampala,gross,,Gross,10000000,100000000,0,0,0,0,249,yes
fy-2026-27-development-book-volume-1-1011-1083,1053,1053101500,Alterations of chancery and security enhancement in Kampala.,1053101501,Alterations of chancery and security enhancement in Kampala,net,,Net,10000000,100000000,0,0,0,0,249,yes
fy-2026-27-development-book-volume-1-1011-1083,1053,1053101700,Repairs of Embassy roof in Paris.,1053101701,Repairs of Embassy roof in Paris,gross,,Gross,35000000,50000000,0,0,0,0,249,yes
fy-2026-27-development-book-volume-1-1011-1083,1053,1053101700,Repairs of Embassy roof in Paris.,1053101701,Repairs of Embassy roof in Paris,net,,Net,35000000,50000000,0,0,0,0,249,yes
fy-2026-27-development-book-volume-1-1011-1083,1053,1053101800,Repairs of Ambassador's residence in Hague.,1053101801,Repairs of Ambassador's residence in Hague,gross,,Gross,25000000,20000000,0,0,0,0,249,yes
fy-2026-27-development-book-volume-1-1011-1083,1053,1053101800,Repairs of Ambassador's residence in Hague.,1053101801,Repairs of Ambassador's residence in Hague,net,,Net,25000000,20000000,0,0,0,0,249,yes
fy-2026-27-development-book-volume-1-1011-1083,1053,1053102600,Kenya International Technical Co-operation Facility.,1053102601,Kenya International Technical Co-operation Facility,gross,,Gross,150000000,200000000,0,0,0,0,250,yes
fy-2026-27-development-book-volume-1-1011-1083,1053,1053102600,Kenya International Technical Co-operation Facility.,1053102601,Kenya International Technical Co-operation Facility,net,,Net,150000000,200000000,0,0,0,0,250,yes
fy-2026-27-development-book-volume-1-1011-1083,1053,1053102800,Refurbishment of Headquarters Building.,1053102801,Refurbishment of Headquarters Building,gross,,Gross,45000000,50000000,0,0,0,0,250,yes
fy-2026-27-development-book-volume-1-1011-1083,1053,1053102800,Refurbishment of Headquarters Building.,1053102801,Refurbishment of Headquarters Building,net,,Net,45000000,50000000,0,0,0,0,250,yes
fy-2026-27-development-book-volume-1-1011-1083,1053,1053103000,Purchase of Chancery offices for UN HABITAT/UNON.,1053103001,Purchase of Chancery offices for UN HABITAT/UNON,gross,,Gross,100000000,250000000,0,0,0,0,251,yes
fy-2026-27-development-book-volume-1-1011-1083,1053,1053103000,Purchase of Chancery offices for UN HABITAT/UNON.,1053103001,Purchase of Chancery offices for UN HABITAT/UNON,net,,Net,100000000,250000000,0,0,0,0,251,yes
fy-2026-27-development-book-volume-1-1011-1083,1053,1053103400,Construction of Embassy and residence in Burundi.,1053103401,Construction of Embassy and residence in Burundi,gross,,Gross,0,100000000,0,0,0,0,251,yes
fy-2026-27-development-book-volume-1-1011-1083,1053,1053103400,Construction of Embassy and residence in Burundi.,1053103401,Construction of Embassy and residence in Burundi,net,,Net,0,100000000,0,0,0,0,251,yes
fy-2026-27-development-book-volume-1-1011-1083,1053,1053103800,"Construction of Chancery, residence and fencing in Juba.",1053103801,"Construction of Chancery, residence and fencing in Juba",gross,,Gross,0,120000000,0,0,0,0,251,yes
fy-2026-27-development-book-volume-1-1011-1083,1053,1053103800,"Construction of Chancery, residence and fencing in Juba.",1053103801,"Construction of Chancery, residence and fencing in Juba",net,,Net,0,120000000,0,0,0,0,251,yes
fy-2026-27-development-book-volume-1-1011-1083,1053,1053104200,Renovation of Embassy and Ambassador's residence in Beijing.,1053104201,Renovation of Embassy and Ambassador's residence in Beijing,gross,,Gross,5000000,30000000,0,0,0,0,252,yes
fy-2026-27-development-book-volume-1-1011-1083,1053,1053104200,Renovation of Embassy and Ambassador's residence in Beijing.,1053104201,Renovation of Embassy and Ambassador's residence in Beijing,net,,Net,5000000,30000000,0,0,0,0,252,yes
fy-2026-27-development-book-volume-1-1011-1083,1053,1053104300,Renovation of properties in Harare.,1053104301,Renovation of properties in Harare,gross,,Gross,10000000,20000000,0,0,0,0,252,yes
fy-2026-27-development-book-volume-1-1011-1083,1053,1053104300,Renovation of properties in Harare.,1053104301,Renovation of properties in Harare,net,,Net,10000000,20000000,0,0,0,0,252,yes
fy-2026-27-development-book-volume-1-1011-1083,1053,1053104400,Renovation of Embassy and Ambassador's residence in Riyadh.,1053104401,Renovation of Embassy and Ambassador's residence in Riyadh,gross,,Gross,0,30000000,0,0,0,0,253,yes
fy-2026-27-development-book-volume-1-1011-1083,1053,1053104400,Renovation of Embassy and Ambassador's residence in Riyadh.,1053104401,Renovation of Embassy and Ambassador's residence in Riyadh,net,,Net,0,30000000,0,0,0,0,253,yes
fy-2026-27-development-book-volume-1-1011-1083,1053,1053104700,ICT Infrastructure in Missions abroad.,1053104701,ICT Infrastructure in Missions abroad,gross,,Gross,93100000,93100000,0,0,0,0,253,yes
fy-2026-27-development-book-volume-1-1011-1083,1053,1053104700,ICT Infrastructure in Missions abroad.,1053104701,ICT Infrastructure in Missions abroad,net,,Net,93100000,93100000,0,0,0,0,253,yes
fy-2026-27-development-book-volume-1-1011-1083,1053,1053105100,Construction of Ministry of Foreign Affairs Headquarters Building.,1053105101,Construction of Ministry of Foreign Affairs Headquarters Building,gross,,Gross,100000000,100000000,0,0,0,0,253,yes
fy-2026-27-development-book-volume-1-1011-1083,1053,1053105100,Construction of Ministry of Foreign Affairs Headquarters Building.,1053105101,Construction of Ministry of Foreign Affairs Headquarters Building,net,,Net,100000000,100000000,0,0,0,0,253,yes
fy-2026-27-development-book-volume-1-1011-1083,1053,1053105200,Purchase of Chancery - London.,1053105201,Purchase of Chancery - London,gross,,Gross,550000000,0,0,0,0,0,254,yes
fy-2026-27-development-book-volume-1-1011-1083,1053,1053105200,Purchase of Chancery - London.,1053105201,Purchase of Chancery - London,net,,Net,550000000,0,0,0,0,0,254,yes
fy-2026-27-development-book-volume-1-1011-1083,1053,1053105400,Renovation of Ambassador's Residence in Berlin.,1053105401,Renovation of Ambassador's Residence in Berlin,gross,,Gross,30000000,0,0,0,0,0,254,yes
fy-2026-27-development-book-volume-1-1011-1083,1053,1053105400,Renovation of Ambassador's Residence in Berlin.,1053105401,Renovation of Ambassador's Residence in Berlin,net,,Net,30000000,0,0,0,0,0,254,yes
fy-2026-27-development-book-volume-1-1011-1083,1053,1053105500,Renovation and fencing of GoK owned property in Tokyo.,1053105501,Renovation and fencing of GoK owned property in Tokyo,gross,,Gross,40000000,0,0,0,0,0,255,yes
fy-2026-27-development-book-volume-1-1011-1083,1053,1053105500,Renovation and fencing of GoK owned property in Tokyo.,1053105501,Renovation and fencing of GoK owned property in Tokyo,net,,Net,40000000,0,0,0,0,0,255,yes
fy-2026-27-development-book-volume-1-1011-1083,1053,1053105600,"Construction of Chancery in Cairo, Egypt.",1053105601,"Construction of Chancery in Cairo, Egypt",gross,,Gross,0,150000000,0,0,0,0,255,yes
fy-2026-27-development-book-volume-1-1011-1083,1053,1053105600,"Construction of Chancery in Cairo, Egypt.",1053105601,"Construction of Chancery in Cairo, Egypt",net,,Net,0,150000000,0,0,0,0,255,yes
fy-2026-27-development-book-volume-1-1011-1083,1053,1053105700,Refurbishment of GoK owned properties in Ottawa.,1053105701,Refurbishment of GoK owned properties in Ottawa,gross,,Gross,0,40000000,0,0,0,0,255,yes
fy-2026-27-development-book-volume-1-1011-1083,1053,1053105700,Refurbishment of GoK owned properties in Ottawa.,1053105701,Refurbishment of GoK owned properties in Ottawa,net,,Net,0,40000000,0,0,0,0,255,yes
fy-2026-27-development-book-volume-1-1011-1083,1053,1053105800,Construction and fencing of diplomatic properties in Dodoma.,1053105801,Construction and fencing of diplomatic properties in Dodoma,gross,,Gross,0,30000000,0,0,0,0,256,yes
fy-2026-27-development-book-volume-1-1011-1083,1053,1053105800,Construction and fencing of diplomatic properties in Dodoma.,1053105801,Construction and fencing of diplomatic properties in Dodoma,net,,Net,0,30000000,0,0,0,0,256,yes
fy-2026-27-development-book-volume-1-1011-1083,1064,1064101100,38 GOK-AfDB TTIs PHASE II.,1064101101,Wajir TTI,exp,2630200,Capital Grants to Government Agencies and other Levels of Government,0,12740000,0,0,0,0,288,yes
fy-2026-27-development-book-volume-1-1011-1083,1064,1064101100,38 GOK-AfDB TTIs PHASE II.,1064101115,Kisumu Polytechnic,exp,2630200,Capital Grants to Government Agencies and other Levels of Government,0,12740000,0,0,0,0,288,yes
fy-2026-27-development-book-volume-1-1011-1083,1064,1064101100,38 GOK-AfDB TTIs PHASE II.,1064101124,Thika TTI,exp,2630200,Capital Grants to Government Agencies and other Levels of Government,0,18721013,0,0,0,0,288,yes
fy-2026-27-development-book-volume-1-1011-1083,1064,1064101100,38 GOK-AfDB TTIs PHASE II.,1064101133,Coast TTI,exp,2630200,Capital Grants to Government Agencies and other Levels of Government,0,3915680,0,0,0,0,288,yes
fy-2026-27-development-book-volume-1-1011-1083,1064,1064101400,GOK KIPKABUS AND MURANGA TTIs.,1064101402,Kipkabus,exp,2630200,Capital Grants to Government Agencies and other Levels of Government,0,3185000,0,0,0,0,289,yes
fy-2026-27-development-book-volume-1-1011-1083,1064,1064101500,GoK 60 TTIs EQUIPPING.,1064101507,Ijara TTI,exp,2630200,Capital Grants to Government Agencies and other Levels of Government,0,30925000,0,0,0,0,289,yes
fy-2026-27-development-book-volume-1-1011-1083,1064,1064101500,GoK 60 TTIs EQUIPPING.,1064101518,Kipipiri TTI,exp,2630200,Capital Grants to Government Agencies and other Levels of Government,0,6370000,0,0,0,0,289,yes
fy-2026-27-development-book-volume-1-1011-1083,1064,1064101500,GoK 60 TTIs EQUIPPING.,1064101520,Gacharu TTI,exp,2630200,Capital Grants to Government Agencies and other Levels of Government,0,7310221,0,0,0,0,290,yes
fy-2026-27-development-book-volume-1-1011-1083,1064,1064101500,GoK 60 TTIs EQUIPPING.,1064101522,Lari TTI,exp,2630200,Capital Grants to Government Agencies and other Levels of Government,0,6370000,0,0,0,0,290,yes
fy-2026-27-development-book-volume-1-1011-1083,1064,1064101500,GoK 60 TTIs EQUIPPING.,1064101526,Endebess TTI - Trans Nzoia,exp,2630200,Capital Grants to Government Agencies and other Levels of Government,10000000,6370000,0,0,0,0,290,yes
fy-2026-27-development-book-volume-1-1011-1083,1064,1064101500,GoK 60 TTIs EQUIPPING.,1064101541,Ugenya TTI,exp,2630200,Capital Grants to Government Agencies and other Levels of Government,25000000,6370000,0,0,0,0,290,yes
fy-2026-27-development-book-volume-1-1011-1083,1064,1064101500,GoK 60 TTIs EQUIPPING.,1064101557,Mathioya TTI,exp,2630200,Capital Grants to Government Agencies and other Levels of Government,0,4267900,0,0,0,0,290,yes
fy-2026-27-development-book-volume-1-1011-1083,1064,1064101500,GoK 60 TTIs EQUIPPING.,1064101558,Sotik TTI,exp,2630200,Capital Grants to Government Agencies and other Levels of Government,0,6370000,0,0,0,0,291,yes
fy-2026-27-development-book-volume-1-1011-1083,1064,1064101500,GoK 60 TTIs EQUIPPING.,1064101559,Leisamis TTI,exp,2630200,Capital Grants to Government Agencies and other Levels of Government,0,6370000,0,0,0,0,291,yes
fy-2026-27-development-book-volume-1-1011-1083,1064,1064101500,GoK 60 TTIs EQUIPPING.,1064101560,Nachu TTI,exp,2630200,Capital Grants to Government Agencies and other Levels of Government,0,6370000,0,0,0,0,291,yes
fy-2026-27-development-book-volume-1-1011-1083,1064,1064101600,Construction and Equipping of TTIs.,1064101626,Narok South TTI,exp,2630200,Capital Grants to Government Agencies and other Levels of Government,0,6370000,0,0,0,0,291,yes
fy-2026-27-development-book-volume-1-1011-1083,1064,1064101600,Construction and Equipping of TTIs.,1064101637,Tarbaj TTI - Wajir,exp,2630200,Capital Grants to Government Agencies and other Levels of Government,15000000,0,0,0,0,0,292,yes
fy-2026-27-development-book-volume-1-1011-1083,1064,1064101600,Construction and Equipping of TTIs.,1064101656,Gichugu TTI,exp,2630200,Capital Grants to Government Agencies and other Levels of Government,0,4083610,0,0,0,0,292,yes
fy-2026-27-development-book-volume-1-1011-1083,1064,1064101600,Construction and Equipping of TTIs.,1064101679,Uriri Technical Training Institute - Migori,exp,2630200,Capital Grants to Government Agencies and other Levels of Government,60000000,0,0,0,0,0,292,yes
fy-2026-27-development-book-volume-1-1011-1083,1064,1064101600,Construction and Equipping of TTIs.,1064101680,Cardinal Otunga TTI - Tulumba (Bumula),exp,2630200,Capital Grants to Government Agencies and other Levels of Government,25000000,9555000,0,0,0,0,292,yes
fy-2026-27-development-book-volume-1-1011-1083,1064,1064103600,Matili TTI.,1064103601,construction of tuition Block and Sewer System,exp,2630200,Capital Grants to Government Agencies and other Levels of Government,0,7204325,0,0,0,0,293,yes
fy-2026-27-development-book-volume-1-1011-1083,1064,1064103600,Matili TTI.,1064103602,Equipping TTI,exp,2630200,Capital Grants to Government Agencies and other Levels of Government,0,25013509,0,0,0,0,293,yes
fy-2026-27-development-book-volume-1-1011-1083,1064,1064103900,Michuki TTI.,1064103901,construction of Food and Beverage Workshop,exp,2630200,Capital Grants to Government Agencies and other Levels of Government,0,7310222,0,0,0,0,293,yes
fy-2026-27-development-book-volume-1-1011-1083,1064,1064103900,Michuki TTI.,1064103902,Equipping TTI,exp,2630200,Capital Grants to Government Agencies and other Levels of Government,0,6370000,0,0,0,0,293,yes
fy-2026-27-development-book-volume-1-1011-1083,1064,1064104100,Mombasa TTI.,1064104101,construction of virtual Learning Centre,exp,2630200,Capital Grants to Government Agencies and other Levels of Government,0,7737813,0,0,0,0,294,yes
fy-2026-27-development-book-volume-1-1011-1083,1064,1064104100,Mombasa TTI.,1064104102,Equipping TTI,exp,2630200,Capital Grants to Government Agencies and other Levels of Government,0,24206000,0,0,0,0,294,yes
fy-2026-27-development-book-volume-1-1011-1083,1064,1064104900,Ol'Lessos TTI.,1064104903,Construction of Tuition and Applied Sciences Block,exp,2630200,Capital Grants to Government Agencies and other Levels of Government,0,6370000,0,0,0,0,294,yes
fy-2026-27-development-book-volume-1-1011-1083,1064,1064105100,Rift Valley TTI.,1064105101,construction of Library Block,exp,2630200,Capital Grants to Government Agencies and other Levels of Government,0,31850000,0,0,0,0,295,yes
fy-2026-27-development-book-volume-1-1011-1083,1064,1064105700,Wote TTI.,1064105702,Equipping TTI,exp,2630200,Capital Grants to Government Agencies and other Levels of Government,0,12740000,0,0,0,0,295,yes
fy-2026-27-development-book-volume-1-1011-1083,1064,1064105700,Wote TTI.,1064105703,construction of Perimeter wall,exp,2630200,Capital Grants to Government Agencies and other Levels of Government,0,8206248,0,0,0,0,295,yes
fy-2026-27-development-book-volume-1-1011-1083,1064,1064106100,Gusii IT.,1064106101,Construction of a Tuition Complex,exp,2630200,Capital Grants to Government Agencies and other Levels of Government,0,19110000,0,0,0,0,296,yes
fy-2026-27-development-book-volume-1-1011-1083,1064,1064106300,Nyandarua IST.,1064106301,Completion of Library Phase I,exp,2630200,Capital Grants to Government Agencies and other Levels of Government,0,25480000,0,0,0,0,296,yes
fy-2026-27-development-book-volume-1-1011-1083,1064,1064107000,Sikri TTI for the Blind and Deaf.,1064107002,Construction of Dining Hall,exp,2630200,Capital Grants to Government Agencies and other Levels of Government,15000000,12740000,0,0,0,0,297,yes
fy-2026-27-development-book-volume-1-1011-1083,1064,1064107000,Sikri TTI for the Blind and Deaf.,1064107004,Infrastructure Support,exp,2630200,Capital Grants to Government Agencies and other Levels of Government,30000000,0,0,0,0,0,297,yes
fy-2026-27-development-book-volume-1-1011-1083,1064,1064107100,Machakos Technical Institute for the Blind.,1064107102,Construction of Dining Hall,exp,2630200,Capital Grants to Government Agencies and other Levels of Government,10000000,12740000,0,0,0,0,297,yes
fy-2026-27-development-book-volume-1-1011-1083,1064,1064107300,St. Joseph's Technical Institute for the Deaf.,1064107302,Construction of Dining Hall,exp,2630200,Capital Grants to Government Agencies and other Levels of Government,10000000,12740000,0,0,0,0,298,yes
fy-2026-27-development-book-volume-1-1011-1083,1064,1064108000,Mandera TTI.,1064108001,Mandera TTI,exp,2630200,Capital Grants to Government Agencies and other Levels of Government,0,30861816,0,0,0,0,298,yes
fy-2026-27-development-book-volume-1-1011-1083,1064,1064108500,GoK - China Phase II 134 TTIs Equipping - BETA.,1064108501,GoK - China Phase II 134 TTIs Equipping,exp,2640500,Other Capital Grants and Transfers,0,88255000,0,0,0,0,298,yes
fy-2026-27-development-book-volume-1-1011-1083,1064,1064108700,Construction of Thirty New TTIs.,1064108703,Construction of Suba South TTI,exp,2630200,Capital Grants to Government Agencies and other Levels of Government,0,6370000,0,0,0,0,299,yes
fy-2026-27-development-book-volume-1-1011-1083,1064,1064108700,Construction of Thirty New TTIs.,1064108710,Construction of Mt. Elgon TTI,exp,2630200,Capital Grants to Government Agencies and other Levels of Government,0,6370000,0,0,0,0,299,yes
fy-2026-27-development-book-volume-1-1011-1083,1064,1064108700,Construction of Thirty New TTIs.,1064108724,Construction of Gilgil TTI,exp,2630200,Capital Grants to Government Agencies and other Levels of Government,0,6370000,0,0,0,0,299,yes
fy-2026-27-development-book-volume-1-1011-1083,1064,1064108800,East Africa Skills Transformation and Reginal Integration.,1064108801,East Africa Skills Transformation and Reginal Integration,exp,2210200,"Communication, Supplies and Services",4000000,0,0,0,0,0,300,yes
fy-2026-27-development-book-volume-1-1011-1083,1064,1064108800,East Africa Skills Transformation and Reginal Integration.,1064108801,East Africa Skills Transformation and Reginal Integration,exp,2210300,"Domestic Travel and Subsistence, and Other Transportation Costs",22500000,0,0,0,0,0,300,yes
fy-2026-27-development-book-volume-1-1011-1083,1064,1064108800,East Africa Skills Transformation and Reginal Integration.,1064108801,East Africa Skills Transformation and Reginal Integration,exp,2210400,"Foreign Travel and Subsistence, and other transportation costs",14000000,0,0,0,0,0,300,yes
fy-2026-27-development-book-volume-1-1011-1083,1064,1064108800,East Africa Skills Transformation and Reginal Integration.,1064108801,East Africa Skills Transformation and Reginal Integration,exp,2210500,"Printing , Advertising and Information Supplies and Services",1500000,0,0,0,0,0,300,yes
fy-2026-27-development-book-volume-1-1011-1083,1064,1064108800,East Africa Skills Transformation and Reginal Integration.,1064108801,East Africa Skills Transformation and Reginal Integration,exp,2210700,Training Expenses,10000000,0,0,0,0,0,300,yes
fy-2026-27-development-book-volume-1-1011-1083,1064,1064108800,East Africa Skills Transformation and Reginal Integration.,1064108801,East Africa Skills Transformation and Reginal Integration,exp,2210800,Hospitality Supplies and Services,20000000,0,0,0,0,0,300,yes
fy-2026-27-development-book-volume-1-1011-1083,1064,1064108800,East Africa Skills Transformation and Reginal Integration.,1064108801,East Africa Skills Transformation and Reginal Integration,exp,2211200,Fuel Oil and Lubricants,5000000,0,0,0,0,0,300,yes
fy-2026-27-development-book-volume-1-1011-1083,1064,1064108800,East Africa Skills Transformation and Reginal Integration.,1064108801,East Africa Skills Transformation and Reginal Integration,exp,2211300,Other Operating Expenses,50000000,0,0,0,0,0,300,yes
fy-2026-27-development-book-volume-1-1011-1083,1064,1064108800,East Africa Skills Transformation and Reginal Integration.,1064108801,East Africa Skills Transformation and Reginal Integration,exp,2630200,Capital Grants to Government Agencies and other Levels of Government,473000000,500000000,0,0,0,500000000,300,yes
fy-2026-27-development-book-volume-1-1011-1083,1064,1064109300,TVET Infrastructure Support.,1064109307,Kieni TTI,exp,2630200,Capital Grants to Government Agencies and other Levels of Government,0,9594023,0,0,0,0,300,yes
fy-2026-27-development-book-volume-1-1011-1083,1064,1064109300,TVET Infrastructure Support.,1064109312,Construction of an administration block at Bungoma North TTI,exp,2630200,Capital Grants to Government Agencies and other Levels of Government,0,6774456,0,0,0,0,301,yes
fy-2026-27-development-book-volume-1-1011-1083,1064,1064109300,TVET Infrastructure Support.,1064109314,Construction of phase 2 Engineering Workshop Complex at Kisiwa,exp,2630200,Capital Grants to Government Agencies and other Levels of Government,0,6370000,0,0,0,0,301,yes
fy-2026-27-development-book-volume-1-1011-1083,1064,1064109300,TVET Infrastructure Support.,1064109321,Kiharu TTI Infrastructural Development,exp,2630200,Capital Grants to Government Agencies and other Levels of Government,0,6370000,0,0,0,0,301,yes
fy-2026-27-development-book-volume-1-1011-1083,1064,1064109300,TVET Infrastructure Support.,1064109323,Suna West TTI,exp,2630200,Capital Grants to Government Agencies and other Levels of Government,29000000,0,0,0,0,0,301,yes
fy-2026-27-development-book-volume-1-1011-1083,1064,1064109300,TVET Infrastructure Support.,1064109334,Phase II Construction of science complex at Bungoma North TTI,exp,2630200,Capital Grants to Government Agencies and other Levels of Government,20000000,0,0,0,0,0,301,yes
fy-2026-27-development-book-volume-1-1011-1083,1064,1064109500,Promotion of Youth Employment and Vocational Training in,1064109501,Promotion of Youth Employment and Vocational Training in,exp,2210300,"Domestic Travel and Subsistence, and Other Transportation Costs",6350000,0,0,0,0,0,302,yes
fy-2026-27-development-book-volume-1-1011-1083,1064,1064109500,Promotion of Youth Employment and Vocational Training in,1064109501,Promotion of Youth Employment and Vocational Training in,exp,2210500,"Printing , Advertising and Information Supplies and Services",1000000,0,0,0,0,0,302,yes
fy-2026-27-development-book-volume-1-1011-1083,1064,1064109500,Promotion of Youth Employment and Vocational Training in,1064109501,Promotion of Youth Employment and Vocational Training in,exp,2210700,Training Expenses,2500000,0,0,0,0,0,302,yes
fy-2026-27-development-book-volume-1-1011-1083,1064,1064109500,Promotion of Youth Employment and Vocational Training in,1064109501,Promotion of Youth Employment and Vocational Training in,exp,2211000,Specialised Materials and Supplies,11048300,0,0,0,0,0,302,yes
fy-2026-27-development-book-volume-1-1011-1083,1064,1064109500,Promotion of Youth Employment and Vocational Training in,1064109501,Promotion of Youth Employment and Vocational Training in,exp,2211100,Office and General Supplies and Services,2500000,0,0,0,0,0,302,yes
fy-2026-27-development-book-volume-1-1011-1083,1064,1064109500,Promotion of Youth Employment and Vocational Training in,1064109501,Promotion of Youth Employment and Vocational Training in,exp,2211200,Fuel Oil and Lubricants,2500000,0,0,0,0,0,302,yes
fy-2026-27-development-book-volume-1-1011-1083,1064,1064109500,Promotion of Youth Employment and Vocational Training in,1064109501,Promotion of Youth Employment and Vocational Training in,exp,2211300,Other Operating Expenses,55000000,0,0,0,0,0,302,yes
fy-2026-27-development-book-volume-1-1011-1083,1064,1064109500,Promotion of Youth Employment and Vocational Training in,1064109501,Promotion of Youth Employment and Vocational Training in,exp,2640500,Other Capital Grants and Transfers,0,909555000,50000000,0,850000000,0,302,yes
fy-2026-27-development-book-volume-1-1011-1083,1064,1064109500,Promotion of Youth Employment and Vocational Training in,1064109501,Promotion of Youth Employment and Vocational Training in,exp,3110200,Construction of Building,273951700,0,0,0,0,0,302,yes
fy-2026-27-development-book-volume-1-1011-1083,1064,1064109500,Promotion of Youth Employment and Vocational Training in,1064109501,Promotion of Youth Employment and Vocational Training in,exp,3111000,Purchase of Office Furniture and General Equipment,4000000,0,0,0,0,0,302,yes
fy-2026-27-development-book-volume-1-1011-1083,1064,1064109500,Promotion of Youth Employment and Vocational Training in,1064109501,Promotion of Youth Employment and Vocational Training in,financing,5120200,Foreign Borrowing - Direct Payments,300000000,850000000,0,0,0,0,302,yes
fy-2026-27-development-book-volume-1-1011-1083,1064,1064109500,Promotion of Youth Employment and Vocational Training in,1064109501,Promotion of Youth Employment and Vocational Training in,financing,1310100,Grants from Foreign Governments - Cash Through Exchequer,40000000,50000000,50000000,0,0,0,302,yes
fy-2026-27-development-book-volume-1-1011-1083,1064,1064109600,"GoK-AfDB Technical, Vocational Education Training &",1064109601,"GoK-AfDB Technical, Vocational Education Training &",exp,2211300,Other Operating Expenses,66250000,0,0,0,0,0,303,yes
fy-2026-27-development-book-volume-1-1011-1083,1064,1064109600,"GoK-AfDB Technical, Vocational Education Training &",1064109601,"GoK-AfDB Technical, Vocational Education Training &",exp,2640500,Other Capital Grants and Transfers,500000000,1544590000,0,0,1500000000,0,303,yes
fy-2026-27-development-book-volume-1-1011-1083,1064,1064109600,"GoK-AfDB Technical, Vocational Education Training &",1064109601,"GoK-AfDB Technical, Vocational Education Training &",financing,5120200,Foreign Borrowing - Direct Payments,500000000,1500000000,0,0,0,0,303,yes
fy-2026-27-development-book-volume-1-1011-1083,1064,1064109700,Promotion of Youth Employment and Vocational Training in,1064109701,Promotion of Youth Employment and Vocational Training in,exp,2211300,Other Operating Expenses,50000000,600000000,0,0,600000000,0,303,yes
fy-2026-27-development-book-volume-1-1011-1083,1064,1064109700,Promotion of Youth Employment and Vocational Training in,1064109701,Promotion of Youth Employment and Vocational Training in,financing,5120200,Foreign Borrowing - Direct Payments,50000000,600000000,0,0,0,0,303,yes
fy-2026-27-development-book-volume-1-1011-1083,1064,1064109900,Public Participation Projects.,1064109903,Ebunagwe TTI - Infrastructure Support,exp,2630200,Capital Grants to Government Agencies and other Levels of Government,10000000,0,0,0,0,0,304,yes
fy-2026-27-development-book-volume-1-1011-1083,1064,1064109900,Public Participation Projects.,1064109904,Bushiangala TTI - Infrastructure Support,exp,2630200,Capital Grants to Government Agencies and other Levels of Government,0,6370000,0,0,0,0,304,yes
fy-2026-27-development-book-volume-1-1011-1083,1064,1064109900,Public Participation Projects.,1064109907,Infrastructure Development - Musakasa TTI,exp,2630200,Capital Grants to Government Agencies and other Levels of Government,5000000,3185000,0,0,0,0,304,yes
fy-2026-27-development-book-volume-1-1011-1083,1064,1064109900,Public Participation Projects.,1064109910,Construction of ablution block and fencing-Chepalungu TTI,exp,2630200,Capital Grants to Government Agencies and other Levels of Government,0,6370000,0,0,0,0,304,yes
fy-2026-27-development-book-volume-1-1011-1083,1064,1064109900,Public Participation Projects.,1064109911,Construction of 4 workshops -Chemasire TTI,exp,2630200,Capital Grants to Government Agencies and other Levels of Government,9300990,3185000,0,0,0,0,305,yes
fy-2026-27-development-book-volume-1-1011-1083,1064,1064109900,Public Participation Projects.,1064109913,Construction of Perimeter Wall at Loima TVC,exp,2630200,Capital Grants to Government Agencies and other Levels of Government,0,6370000,0,0,0,0,305,yes
fy-2026-27-development-book-volume-1-1011-1083,1064,1064109900,Public Participation Projects.,1064109914,Construction of student classrooms at Turkana East TVC Lokori,exp,2630200,Capital Grants to Government Agencies and other Levels of Government,0,6370000,0,0,0,0,305,yes
fy-2026-27-development-book-volume-1-1011-1083,1064,1064110000,Promotion of Youth Employment thro Scholarships Ph 2-Wings,1064110001,Promotion of Youth Employment thro' Scholarships Ph 2-Wings to,exp,2640100,Scholarships and other Educational Benefits,462000000,300000000,300000000,0,0,0,305,yes
fy-2026-27-development-book-volume-1-1011-1083,1064,1064110000,Promotion of Youth Employment thro Scholarships Ph 2-Wings,1064110001,Promotion of Youth Employment thro' Scholarships Ph 2-Wings to,financing,1310100,Grants from Foreign Governments - Cash Through Exchequer,462000000,300000000,300000000,0,0,0,306,yes
fy-2026-27-development-book-volume-1-1011-1083,1064,1064110200,Construction of 52 TTIs - BETA.,1064110202,Construction of Matungu TTI,exp,2630200,Capital Grants to Government Agencies and other Levels of Government,12138889,18313750,0,0,0,0,306,yes
fy-2026-27-development-book-volume-1-1011-1083,1064,1064110200,Construction of 52 TTIs - BETA.,1064110203,Construction of Kibwezi East TTI,exp,2630200,Capital Grants to Government Agencies and other Levels of Government,10000000,18402222,0,0,0,0,306,yes
fy-2026-27-development-book-volume-1-1011-1083,1064,1064110200,Construction of 52 TTIs - BETA.,1064110204,Construction of Kiambaa TTI,exp,2630200,Capital Grants to Government Agencies and other Levels of Government,12138889,18313750,0,0,0,0,306,yes
fy-2026-27-development-book-volume-1-1011-1083,1064,1064110200,Construction of 52 TTIs - BETA.,1064110206,Construction of Sigowet/Soin TTI,exp,2630200,Capital Grants to Government Agencies and other Levels of Government,12138889,73313750,0,0,0,0,306,yes
fy-2026-27-development-book-volume-1-1011-1083,1064,1064110200,Construction of 52 TTIs - BETA.,1064110207,Construction of Mwingi West TTI,exp,2630200,Capital Grants to Government Agencies and other Levels of Government,12138889,18313750,0,0,0,0,307,yes
fy-2026-27-development-book-volume-1-1011-1083,1064,1064110200,Construction of 52 TTIs - BETA.,1064110208,Construction of Kilifi South TTI,exp,2630200,Capital Grants to Government Agencies and other Levels of Government,12138889,18313750,0,0,0,0,307,yes
fy-2026-27-development-book-volume-1-1011-1083,1064,1064110200,Construction of 52 TTIs - BETA.,1064110209,Construction of Nyali TTI,exp,2630200,Capital Grants to Government Agencies and other Levels of Government,12138889,18313750,0,0,0,0,307,yes
fy-2026-27-development-book-volume-1-1011-1083,1064,1064110200,Construction of 52 TTIs - BETA.,1064110210,Construction of Muhoroni TTI,exp,2630200,Capital Grants to Government Agencies and other Levels of Government,12138889,18313750,0,0,0,0,307,yes
fy-2026-27-development-book-volume-1-1011-1083,1064,1064110200,Construction of 52 TTIs - BETA.,1064110211,Construction of Kibra TTI,exp,2630200,Capital Grants to Government Agencies and other Levels of Government,12138889,18313750,0,0,0,0,307,yes
fy-2026-27-development-book-volume-1-1011-1083,1064,1064110200,Construction of 52 TTIs - BETA.,1064110212,Construction of Kwanza TTI,exp,2630200,Capital Grants to Government Agencies and other Levels of Government,12138889,18313750,0,0,0,0,308,yes
fy-2026-27-development-book-volume-1-1011-1083,1064,1064110200,Construction of 52 TTIs - BETA.,1064110213,Construction of Wajir West TTI,exp,2630200,Capital Grants to Government Agencies and other Levels of Government,12138889,18313750,0,0,0,0,308,yes
fy-2026-27-development-book-volume-1-1011-1083,1064,1064110200,Construction of 52 TTIs - BETA.,1064110214,Construction of Subukia TTI,exp,2630200,Capital Grants to Government Agencies and other Levels of Government,12138889,18313750,0,0,0,0,308,yes
fy-2026-27-development-book-volume-1-1011-1083,1064,1064110200,Construction of 52 TTIs - BETA.,1064110215,Construction of Narok North TTI,exp,2630200,Capital Grants to Government Agencies and other Levels of Government,12138889,18313750,0,0,0,0,308,yes
fy-2026-27-development-book-volume-1-1011-1083,1064,1064110200,Construction of 52 TTIs - BETA.,1064110216,Construction of Kajiado South TTI,exp,2630200,Capital Grants to Government Agencies and other Levels of Government,12138889,18313750,0,0,0,0,308,yes
fy-2026-27-development-book-volume-1-1011-1083,1064,1064110200,Construction of 52 TTIs - BETA.,1064110217,Chevaywa Technical Training Institute,exp,2630200,Capital Grants to Government Agencies and other Levels of Government,12138889,18313750,0,0,0,0,309,yes
fy-2026-27-development-book-volume-1-1011-1083,1064,1064110200,Construction of 52 TTIs - BETA.,1064110218,Kenneth Matiba Technical Training Institute,exp,2630200,Capital Grants to Government Agencies and other Levels of Government,12138889,18313750,0,0,0,0,309,yes
fy-2026-27-development-book-volume-1-1011-1083,1064,1064110200,Construction of 52 TTIs - BETA.,1064110220,Construction of Webuye East TTI,exp,2630200,Capital Grants to Government Agencies and other Levels of Government,12138889,18313750,0,0,0,0,309,yes
fy-2026-27-development-book-volume-1-1011-1083,1064,1064110300,Youth Entreprenuership & Innovation (YEI MDTF).,1064110301,Youth Entreprenuership & Innovation (YEI MDTF),exp,2640500,Other Capital Grants and Transfers,190000000,68000000,0,68000000,0,0,309,yes
fy-2026-27-development-book-volume-1-1011-1083,1064,1064110300,Youth Entreprenuership & Innovation (YEI MDTF).,1064110301,Youth Entreprenuership & Innovation (YEI MDTF),financing,1320200,Grants from International Organizations,128000000,0,0,0,0,0,310,yes
fy-2026-27-development-book-volume-1-1011-1083,1064,1064110400,Promotion of Young People Through Scholarships - Phase V.,1064110401,Promotion of Young People Through Scholarships - Phase V,exp,2640100,Scholarships and other Educational Benefits,692000000,419110000,400000000,0,0,0,310,yes
fy-2026-27-development-book-volume-1-1011-1083,1064,1064110400,Promotion of Young People Through Scholarships - Phase V.,1064110401,Promotion of Young People Through Scholarships - Phase V,financing,1310100,Grants from Foreign Governments - Cash Through Exchequer,692000000,400000000,400000000,0,0,0,310,yes
fy-2026-27-development-book-volume-1-1011-1083,1064,1064111500,Tinderet Special Needs Integrated Institute.,1064111501,Infrastructure Development,exp,2630200,Capital Grants to Government Agencies and other Levels of Government,5000000,14332500,0,0,0,0,310,yes
fy-2026-27-development-book-volume-1-1011-1083,1064,1064111800,Establishment of Eldoret Cooperative College - TVET.,1064111801,Establishment of Eldoret Cooperative College - TVET,exp,2630200,Capital Grants to Government Agencies and other Levels of Government,70000000,6370000,0,0,0,0,311,yes
fy-2026-27-development-book-volume-1-1011-1083,1064,1064112000,Kitui East TVET.,1064112001,Infrastructure development,exp,2630200,Capital Grants to Government Agencies and other Levels of Government,0,6370000,0,0,0,0,311,yes
fy-2026-27-development-book-volume-1-1011-1083,1064,1064112200,Nyakeiboreire TVET.,1064112201,Infrastructure development,exp,2630200,Capital Grants to Government Agencies and other Levels of Government,0,5734205,0,0,0,0,312,yes
fy-2026-27-development-book-volume-1-1011-1083,1064,1064112300,Molo TVET.,1064112301,Infrastructure development,exp,2630200,Capital Grants to Government Agencies and other Levels of Government,10000000,6370000,0,0,0,0,312,yes
fy-2026-27-development-book-volume-1-1011-1083,1064,1064112400,AU Skills Initiative for Africa(SIFA).,1064112401,AU Skills Initiative for Africa(SIFA),exp,2640500,Other Capital Grants and Transfers,65000000,56370000,50000000,0,0,0,312,yes
fy-2026-27-development-book-volume-1-1011-1083,1064,1064112400,AU Skills Initiative for Africa(SIFA).,1064112401,AU Skills Initiative for Africa(SIFA),financing,1320100,Grants from International Organizations - Cash through Exchequer,55000000,50000000,50000000,0,0,0,313,yes
fy-2026-27-development-book-volume-1-1011-1083,1064,1064112500,Kenya School of TVET Infrastructure Improvement.,1064112502,Kenya School of TVET - Ebunangwe,exp,2630200,Capital Grants to Government Agencies and other Levels of Government,20000000,6370000,0,0,0,0,313,yes
fy-2026-27-development-book-volume-1-1011-1083,1064,1064112500,Kenya School of TVET Infrastructure Improvement.,1064112503,Kenya School of TVET - Tinderet,exp,2630200,Capital Grants to Government Agencies and other Levels of Government,20000000,6370000,0,0,0,0,313,yes
fy-2026-27-development-book-volume-1-1011-1083,1064,1064112500,Kenya School of TVET Infrastructure Improvement.,1064112504,Kenya School of TVET - Moiben,exp,2630200,Capital Grants to Government Agencies and other Levels of Government,20000000,12740000,0,0,0,0,313,yes
fy-2026-27-development-book-volume-1-1011-1083,1064,1064112600,Infrastructure Support to TTIs.,1064112602,Balambala TVC,exp,2630200,Capital Grants to Government Agencies and other Levels of Government,11300594,15956755,0,0,0,0,314,yes
fy-2026-27-development-book-volume-1-1011-1083,1064,1064112600,Infrastructure Support to TTIs.,1064112603,Bushiangala TTI,exp,2630200,Capital Grants to Government Agencies and other Levels of Government,5000000,0,0,0,0,0,314,yes
fy-2026-27-development-book-volume-1-1011-1083,1064,1064112600,Infrastructure Support to TTIs.,1064112604,Butere TTI,exp,2630200,Capital Grants to Government Agencies and other Levels of Government,5000000,12740000,0,0,0,0,314,yes
fy-2026-27-development-book-volume-1-1011-1083,1064,1064112600,Infrastructure Support to TTIs.,1064112605,Butula TTI,exp,2630200,Capital Grants to Government Agencies and other Levels of Government,55000000,6370000,0,0,0,0,314,yes
fy-2026-27-development-book-volume-1-1011-1083,1064,1064112600,Infrastructure Support to TTIs.,1064112606,Chamasir TTI,exp,2630200,Capital Grants to Government Agencies and other Levels of Government,5000000,3185000,0,0,0,0,315,yes
fy-2026-27-development-book-volume-1-1011-1083,1064,1064112600,Infrastructure Support to TTIs.,1064112607,Chuka TTI,exp,2630200,Capital Grants to Government Agencies and other Levels of Government,5000000,9555000,0,0,0,0,315,yes
fy-2026-27-development-book-volume-1-1011-1083,1064,1064112600,Infrastructure Support to TTIs.,1064112608,Ekerubo Getai TTI,exp,2630200,Capital Grants to Government Agencies and other Levels of Government,5000000,10190795,0,0,0,0,315,yes
fy-2026-27-development-book-volume-1-1011-1083,1064,1064112600,Infrastructure Support to TTIs.,1064112609,Eldas TVC,exp,2630200,Capital Grants to Government Agencies and other Levels of Government,3439072,6370000,0,0,0,0,315,yes
fy-2026-27-development-book-volume-1-1011-1083,1064,1064112600,Infrastructure Support to TTIs.,1064112610,Elwak TTI,exp,2630200,Capital Grants to Government Agencies and other Levels of Government,15000000,6370000,0,0,0,0,315,yes
fy-2026-27-development-book-volume-1-1011-1083,1064,1064112600,Infrastructure Support to TTIs.,1064112611,Emining TTI,exp,2630200,Capital Grants to Government Agencies and other Levels of Government,5000000,9555000,0,0,0,0,316,yes
fy-2026-27-development-book-volume-1-1011-1083,1064,1064112600,Infrastructure Support to TTIs.,1064112612,Gamba TTI,exp,2630200,Capital Grants to Government Agencies and other Levels of Government,30000000,3185000,0,0,0,0,316,yes
fy-2026-27-development-book-volume-1-1011-1083,1064,1064112600,Infrastructure Support to TTIs.,1064112613,Garbatulla TTI,exp,2630200,Capital Grants to Government Agencies and other Levels of Government,5000000,6370000,0,0,0,0,316,yes
fy-2026-27-development-book-volume-1-1011-1083,1064,1064112600,Infrastructure Support to TTIs.,1064112614,Igembe South TTI,exp,2630200,Capital Grants to Government Agencies and other Levels of Government,5000000,3185000,0,0,0,0,316,yes
fy-2026-27-development-book-volume-1-1011-1083,1064,1064112600,Infrastructure Support to TTIs.,1064112615,Igembe Central,exp,2630200,Capital Grants to Government Agencies and other Levels of Government,1666585,3185000,0,0,0,0,316,yes
fy-2026-27-development-book-volume-1-1011-1083,1064,1064112600,Infrastructure Support to TTIs.,1064112616,Ikutha TTI,exp,2630200,Capital Grants to Government Agencies and other Levels of Government,5000000,4459000,0,0,0,0,317,yes
fy-2026-27-development-book-volume-1-1011-1083,1064,1064112600,Infrastructure Support to TTIs.,1064112617,Kabete TTI,exp,2630200,Capital Grants to Government Agencies and other Levels of Government,5000000,0,0,0,0,0,317,yes
fy-2026-27-development-book-volume-1-1011-1083,1064,1064112600,Infrastructure Support to TTIs.,1064112618,Kacheliba TTI,exp,2630200,Capital Grants to Government Agencies and other Levels of Government,5000000,4459000,0,0,0,0,317,yes
fy-2026-27-development-book-volume-1-1011-1083,1064,1064112600,Infrastructure Support to TTIs.,1064112619,Kaelo TTI,exp,2630200,Capital Grants to Government Agencies and other Levels of Government,5000000,3185000,0,0,0,0,317,yes
fy-2026-27-development-book-volume-1-1011-1083,1064,1064112600,Infrastructure Support to TTIs.,1064112620,Kakrao TVC,exp,2630200,Capital Grants to Government Agencies and other Levels of Government,5000000,4459000,0,0,0,0,317,yes
fy-2026-27-development-book-volume-1-1011-1083,1064,1064112600,Infrastructure Support to TTIs.,1064112621,Kamwangi TTI,exp,2630200,Capital Grants to Government Agencies and other Levels of Government,15000000,9555000,0,0,0,0,318,yes
fy-2026-27-development-book-volume-1-1011-1083,1064,1064112600,Infrastructure Support to TTIs.,1064112622,Kapchepkor TTI,exp,2630200,Capital Grants to Government Agencies and other Levels of Government,15000000,3185000,0,0,0,0,318,yes
fy-2026-27-development-book-volume-1-1011-1083,1064,1064112600,Infrastructure Support to TTIs.,1064112623,Karumo TTI,exp,2630200,Capital Grants to Government Agencies and other Levels of Government,5000000,16562000,0,0,0,0,318,yes
fy-2026-27-development-book-volume-1-1011-1083,1064,1064112600,Infrastructure Support to TTIs.,1064112624,Karura Kanyungu TTI,exp,2630200,Capital Grants to Government Agencies and other Levels of Government,5000000,15925000,0,0,0,0,318,yes
fy-2026-27-development-book-volume-1-1011-1083,1064,1064112600,Infrastructure Support to TTIs.,1064112625,Kasarani TVC,exp,2630200,Capital Grants to Government Agencies and other Levels of Government,10000000,3185000,0,0,0,0,318,yes
fy-2026-27-development-book-volume-1-1011-1083,1064,1064112600,Infrastructure Support to TTIs.,1064112626,Katine TTI,exp,2630200,Capital Grants to Government Agencies and other Levels of Government,10000000,15925000,0,0,0,0,319,yes
fy-2026-27-development-book-volume-1-1011-1083,1064,1064112600,Infrastructure Support to TTIs.,1064112627,Khwisero TVC,exp,2630200,Capital Grants to Government Agencies and other Levels of Government,2988000,3185000,0,0,0,0,319,yes
fy-2026-27-development-book-volume-1-1011-1083,1064,1064112600,Infrastructure Support to TTIs.,1064112628,Kiirua TTI,exp,2630200,Capital Grants to Government Agencies and other Levels of Government,5000000,6370000,0,0,0,0,319,yes
fy-2026-27-development-book-volume-1-1011-1083,1064,1064112600,Infrastructure Support to TTIs.,1064112629,Kilgoris TTI,exp,2630200,Capital Grants to Government Agencies and other Levels of Government,5000000,15925000,0,0,0,0,319,yes
fy-2026-27-development-book-volume-1-1011-1083,1064,1064112600,Infrastructure Support to TTIs.,1064112630,Kilome TVC,exp,2630200,Capital Grants to Government Agencies and other Levels of Government,8335420,0,0,0,0,0,319,yes
fy-2026-27-development-book-volume-1-1011-1083,1064,1064112600,Infrastructure Support to TTIs.,1064112631,Kinangop TTI,exp,2630200,Capital Grants to Government Agencies and other Levels of Government,5000000,3185000,0,0,0,0,320,yes
fy-2026-27-development-book-volume-1-1011-1083,1064,1064112600,Infrastructure Support to TTIs.,1064112632,Kirinyaga Central TTI,exp,2630200,Capital Grants to Government Agencies and other Levels of Government,5000000,3185000,0,0,0,0,320,yes
fy-2026-27-development-book-volume-1-1011-1083,1064,1064112600,Infrastructure Support to TTIs.,1064112633,Kitui Central TVC,exp,2630200,Capital Grants to Government Agencies and other Levels of Government,5000000,9555000,0,0,0,0,320,yes
fy-2026-27-development-book-volume-1-1011-1083,1064,1064112600,Infrastructure Support to TTIs.,1064112634,Kitui West TTI,exp,2630200,Capital Grants to Government Agencies and other Levels of Government,20000000,3185000,0,0,0,0,320,yes
fy-2026-27-development-book-volume-1-1011-1083,1064,1064112600,Infrastructure Support to TTIs.,1064112635,Kitutu Chache South TVC,exp,2630200,Capital Grants to Government Agencies and other Levels of Government,15000000,13377000,0,0,0,0,320,yes
fy-2026-27-development-book-volume-1-1011-1083,1064,1064112600,Infrastructure Support to TTIs.,1064112636,Kitutu Chache TTI,exp,2630200,Capital Grants to Government Agencies and other Levels of Government,5000000,0,0,0,0,0,321,yes
fy-2026-27-development-book-volume-1-1011-1083,1064,1064112600,Infrastructure Support to TTIs.,1064112637,Konoin TTI,exp,2630200,Capital Grants to Government Agencies and other Levels of Government,25000000,9555000,0,0,0,0,321,yes
fy-2026-27-development-book-volume-1-1011-1083,1064,1064112600,Infrastructure Support to TTIs.,1064112638,Lamu West TVC,exp,2630200,Capital Grants to Government Agencies and other Levels of Government,15000000,9555000,0,0,0,0,321,yes
fy-2026-27-development-book-volume-1-1011-1083,1064,1064112600,Infrastructure Support to TTIs.,1064112639,Langata TTI,exp,2630200,Capital Grants to Government Agencies and other Levels of Government,5000000,3185000,0,0,0,0,321,yes
fy-2026-27-development-book-volume-1-1011-1083,1064,1064112600,Infrastructure Support to TTIs.,1064112640,Luanda TVC,exp,2630200,Capital Grants to Government Agencies and other Levels of Government,32442421,3185000,0,0,0,0,321,yes
fy-2026-27-development-book-volume-1-1011-1083,1064,1064112600,Infrastructure Support to TTIs.,1064112641,Maasai Mara TTI,exp,2630200,Capital Grants to Government Agencies and other Levels of Government,5000000,6370000,0,0,0,0,322,yes
fy-2026-27-development-book-volume-1-1011-1083,1064,1064112600,Infrastructure Support to TTIs.,1064112642,Machakos Town TTI,exp,2630200,Capital Grants to Government Agencies and other Levels of Government,15000000,12740000,0,0,0,0,322,yes
fy-2026-27-development-book-volume-1-1011-1083,1064,1064112600,Infrastructure Support to TTIs.,1064112643,Magarini TVC,exp,2630200,Capital Grants to Government Agencies and other Levels of Government,2066463,3185000,0,0,0,0,322,yes
fy-2026-27-development-book-volume-1-1011-1083,1064,1064112600,Infrastructure Support to TTIs.,1064112644,Masai TTI,exp,2630200,Capital Grants to Government Agencies and other Levels of Government,10000000,6370000,0,0,0,0,322,yes
fy-2026-27-development-book-volume-1-1011-1083,1064,1064112600,Infrastructure Support to TTIs.,1064112645,Mathare TTI,exp,2630200,Capital Grants to Government Agencies and other Levels of Government,5000000,6370000,0,0,0,0,322,yes
fy-2026-27-development-book-volume-1-1011-1083,1064,1064112600,Infrastructure Support to TTIs.,1064112646,Mathenge TTI,exp,2630200,Capital Grants to Government Agencies and other Levels of Government,5000000,10678740,0,0,0,0,323,yes
fy-2026-27-development-book-volume-1-1011-1083,1064,1064112600,Infrastructure Support to TTIs.,1064112647,Matuga TTI,exp,2630200,Capital Grants to Government Agencies and other Levels of Government,5000000,3185000,0,0,0,0,323,yes
fy-2026-27-development-book-volume-1-1011-1083,1064,1064112600,Infrastructure Support to TTIs.,1064112648,Mbeere North TTI,exp,2630200,Capital Grants to Government Agencies and other Levels of Government,5000000,3185000,0,0,0,0,323,yes
fy-2026-27-development-book-volume-1-1011-1083,1064,1064112600,Infrastructure Support to TTIs.,1064112649,Mbita TTI,exp,2630200,Capital Grants to Government Agencies and other Levels of Government,10000000,0,0,0,0,0,323,yes
fy-2026-27-development-book-volume-1-1011-1083,1064,1064112600,Infrastructure Support to TTIs.,1064112650,Mbita TVC,exp,2630200,Capital Grants to Government Agencies and other Levels of Government,4640564,6370000,0,0,0,0,323,yes
fy-2026-27-development-book-volume-1-1011-1083,1064,1064112600,Infrastructure Support to TTIs.,1064112651,Moiben TTI,exp,2630200,Capital Grants to Government Agencies and other Levels of Government,10000000,9555000,0,0,0,0,324,yes
fy-2026-27-development-book-volume-1-1011-1083,1064,1064112600,Infrastructure Support to TTIs.,1064112652,Mount Elgon TVC,exp,2630200,Capital Grants to Government Agencies and other Levels of Government,12227800,3185000,0,0,0,0,324,yes
fy-2026-27-development-book-volume-1-1011-1083,1064,1064112600,Infrastructure Support to TTIs.,1064112653,Moyale TTI,exp,2630200,Capital Grants to Government Agencies and other Levels of Government,5000000,14014000,0,0,0,0,324,yes
fy-2026-27-development-book-volume-1-1011-1083,1064,1064112600,Infrastructure Support to TTIs.,1064112654,Ndhiwa TVET,exp,2630200,Capital Grants to Government Agencies and other Levels of Government,5000000,9555000,0,0,0,0,324,yes
fy-2026-27-development-book-volume-1-1011-1083,1064,1064112600,Infrastructure Support to TTIs.,1064112655,Ngeria TVC,exp,2630200,Capital Grants to Government Agencies and other Levels of Government,7420424,3185000,0,0,0,0,324,yes
fy-2026-27-development-book-volume-1-1011-1083,1064,1064112600,Infrastructure Support to TTIs.,1064112656,North Rift TTI,exp,2630200,Capital Grants to Government Agencies and other Levels of Government,5000000,15925000,0,0,0,0,325,yes
fy-2026-27-development-book-volume-1-1011-1083,1064,1064112600,Infrastructure Support to TTIs.,1064112657,Nyakach TTI,exp,2630200,Capital Grants to Government Agencies and other Levels of Government,5000000,9555000,0,0,0,0,325,yes
fy-2026-27-development-book-volume-1-1011-1083,1064,1064112600,Infrastructure Support to TTIs.,1064112658,Nyando TTI,exp,2630200,Capital Grants to Government Agencies and other Levels of Government,10000000,3185000,0,0,0,0,325,yes
fy-2026-27-development-book-volume-1-1011-1083,1064,1064112600,Infrastructure Support to TTIs.,1064112659,Okame TTI,exp,2630200,Capital Grants to Government Agencies and other Levels of Government,15000000,3185000,0,0,0,0,325,yes
fy-2026-27-development-book-volume-1-1011-1083,1064,1064112600,Infrastructure Support to TTIs.,1064112660,Olessos TTI,exp,2630200,Capital Grants to Government Agencies and other Levels of Government,40000000,6370000,0,0,0,0,325,yes
fy-2026-27-development-book-volume-1-1011-1083,1064,1064112600,Infrastructure Support to TTIs.,1064112661,Omuga TTI,exp,2630200,Capital Grants to Government Agencies and other Levels of Government,15000000,3185000,0,0,0,0,326,yes
fy-2026-27-development-book-volume-1-1011-1083,1064,1064112600,Infrastructure Support to TTIs.,1064112662,Rabai TVC,exp,2630200,Capital Grants to Government Agencies and other Levels of Government,5000000,6370000,0,0,0,0,326,yes
fy-2026-27-development-book-volume-1-1011-1083,1064,1064112600,Infrastructure Support to TTIs.,1064112663,Rachuonyo TVC,exp,2630200,Capital Grants to Government Agencies and other Levels of Government,2168500,3185000,0,0,0,0,326,yes
fy-2026-27-development-book-volume-1-1011-1083,1064,1064112600,Infrastructure Support to TTIs.,1064112664,Rarienda TVC,exp,2630200,Capital Grants to Government Agencies and other Levels of Government,2883480,3185000,0,0,0,0,326,yes
fy-2026-27-development-book-volume-1-1011-1083,1064,1064112600,Infrastructure Support to TTIs.,1064112665,Runyenjes TTI,exp,2630200,Capital Grants to Government Agencies and other Levels of Government,5000000,12740000,0,0,0,0,326,yes
fy-2026-27-development-book-volume-1-1011-1083,1064,1064112600,Infrastructure Support to TTIs.,1064112666,Samburu West TVC,exp,2630200,Capital Grants to Government Agencies and other Levels of Government,5000000,3185000,0,0,0,0,327,yes
fy-2026-27-development-book-volume-1-1011-1083,1064,1064112600,Infrastructure Support to TTIs.,1064112667,Sigor TVC,exp,2630200,Capital Grants to Government Agencies and other Levels of Government,15713035,3185000,0,0,0,0,327,yes
fy-2026-27-development-book-volume-1-1011-1083,1064,1064112600,Infrastructure Support to TTIs.,1064112668,Sirisia TVC,exp,2630200,Capital Grants to Government Agencies and other Levels of Government,6277813,3185000,0,0,0,0,327,yes
fy-2026-27-development-book-volume-1-1011-1083,1064,1064112600,Infrastructure Support to TTIs.,1064112669,South Mugirango TVC,exp,2630200,Capital Grants to Government Agencies and other Levels of Government,13000000,13377000,0,0,0,0,327,yes
fy-2026-27-development-book-volume-1-1011-1083,1064,1064112600,Infrastructure Support to TTIs.,1064112670,Suba TVC,exp,2630200,Capital Grants to Government Agencies and other Levels of Government,5994710,3185000,0,0,0,0,327,yes
fy-2026-27-development-book-volume-1-1011-1083,1064,1064112600,Infrastructure Support to TTIs.,1064112671,Suna West TVC,exp,2630200,Capital Grants to Government Agencies and other Levels of Government,5000000,15925000,0,0,0,0,328,yes
fy-2026-27-development-book-volume-1-1011-1083,1064,1064112600,Infrastructure Support to TTIs.,1064112672,Tinderet TTI,exp,2630200,Capital Grants to Government Agencies and other Levels of Government,15000000,4881321,0,0,0,0,328,yes
fy-2026-27-development-book-volume-1-1011-1083,1064,1064112600,Infrastructure Support to TTIs.,1064112673,Ugunja TTI,exp,2630200,Capital Grants to Government Agencies and other Levels of Government,5000000,16562000,0,0,0,0,328,yes
fy-2026-27-development-book-volume-1-1011-1083,1064,1064112600,Infrastructure Support to TTIs.,1064112674,Wajir North TTI,exp,2630200,Capital Grants to Government Agencies and other Levels of Government,5000000,15925000,0,0,0,0,328,yes
fy-2026-27-development-book-volume-1-1011-1083,1064,1064112600,Infrastructure Support to TTIs.,1064112675,West Mugirango TVC,exp,2630200,Capital Grants to Government Agencies and other Levels of Government,7435119,6370000,0,0,0,0,328,yes
fy-2026-27-development-book-volume-1-1011-1083,1064,1064112600,Infrastructure Support to TTIs.,1064112676,Yatta TTI,exp,2630200,Capital Grants to Government Agencies and other Levels of Government,5000000,9873500,0,0,0,0,329,yes
fy-2026-27-development-book-volume-1-1011-1083,1064,1064112600,Infrastructure Support to TTIs.,1064112677,Chevaywa Technical Training Institute,exp,2630200,Capital Grants to Government Agencies and other Levels of Government,5000000,0,0,0,0,0,329,yes
fy-2026-27-development-book-volume-1-1011-1083,1064,1064112600,Infrastructure Support to TTIs.,1064112678,Kaimosi National Polytechnic,exp,2630200,Capital Grants to Government Agencies and other Levels of Government,10000000,0,0,0,0,0,329,yes
fy-2026-27-development-book-volume-1-1011-1083,1064,1064112600,Infrastructure Support to TTIs.,1064112679,Moiben school of TVET,exp,2630200,Capital Grants to Government Agencies and other Levels of Government,5000000,0,0,0,0,0,329,yes
fy-2026-27-development-book-volume-1-1011-1083,1064,1064112600,Infrastructure Support to TTIs.,1064112680,Navakholo Technical Training Institute,exp,2630200,Capital Grants to Government Agencies and other Levels of Government,15000000,0,0,0,0,0,329,yes
fy-2026-27-development-book-volume-1-1011-1083,1064,1064112600,Infrastructure Support to TTIs.,1064112681,Ndia Technical Training Institute,exp,2630200,Capital Grants to Government Agencies and other Levels of Government,10000000,0,0,0,0,0,330,yes
fy-2026-27-development-book-volume-1-1011-1083,1064,1064112600,Infrastructure Support to TTIs.,1064112682,Njoro Technical Training Institute,exp,2630200,Capital Grants to Government Agencies and other Levels of Government,10000000,0,0,0,0,0,330,yes
fy-2026-27-development-book-volume-1-1011-1083,1064,1064112600,Infrastructure Support to TTIs.,1064112683,Rift Valley Institute of Science and Technology,exp,2630200,Capital Grants to Government Agencies and other Levels of Government,20000000,0,0,0,0,0,330,yes
fy-2026-27-development-book-volume-1-1011-1083,1064,1064112700,Infrastructure Support to National Polytechnics.,1064112702,Bumbe National Polytechnic,exp,2630200,Capital Grants to Government Agencies and other Levels of Government,10000000,9555000,0,0,0,0,330,yes
fy-2026-27-development-book-volume-1-1011-1083,1064,1064112700,Infrastructure Support to National Polytechnics.,1064112703,Bungoma National Polytechnic,exp,2630200,Capital Grants to Government Agencies and other Levels of Government,15000000,19927719,0,0,0,0,331,yes
fy-2026-27-development-book-volume-1-1011-1083,1064,1064112700,Infrastructure Support to National Polytechnics.,1064112704,Eldoret National Polytechnic,exp,2630200,Capital Grants to Government Agencies and other Levels of Government,20000000,22295000,0,0,0,0,331,yes
fy-2026-27-development-book-volume-1-1011-1083,1064,1064112700,Infrastructure Support to National Polytechnics.,1064112705,Kabete National Polytechnic,exp,2630200,Capital Grants to Government Agencies and other Levels of Government,20000000,9555000,0,0,0,0,331,yes
fy-2026-27-development-book-volume-1-1011-1083,1064,1064112700,Infrastructure Support to National Polytechnics.,1064112706,Kaiboi National Polytechnic,exp,2630200,Capital Grants to Government Agencies and other Levels of Government,20000000,18473000,0,0,0,0,331,yes
fy-2026-27-development-book-volume-1-1011-1083,1064,1064112700,Infrastructure Support to National Polytechnics.,1064112707,Kaimosi Friends National Polytechnic,exp,2630200,Capital Grants to Government Agencies and other Levels of Government,10000000,12740000,0,0,0,0,331,yes
fy-2026-27-development-book-volume-1-1011-1083,1064,1064112700,Infrastructure Support to National Polytechnics.,1064112708,Kajiado National Polytechnic,exp,2630200,Capital Grants to Government Agencies and other Levels of Government,10000000,12740000,0,0,0,0,332,yes
fy-2026-27-development-book-volume-1-1011-1083,1064,1064112700,Infrastructure Support to National Polytechnics.,1064112709,Kitale National Polytechnic,exp,2630200,Capital Grants to Government Agencies and other Levels of Government,20000000,9555000,0,0,0,0,332,yes
fy-2026-27-development-book-volume-1-1011-1083,1064,1064112700,Infrastructure Support to National Polytechnics.,1064112710,Mawego National Polytechnic,exp,2630200,Capital Grants to Government Agencies and other Levels of Government,15000000,9555000,0,0,0,0,332,yes
fy-2026-27-development-book-volume-1-1011-1083,1064,1064112700,Infrastructure Support to National Polytechnics.,1064112711,Meru National Polytechnic,exp,2630200,Capital Grants to Government Agencies and other Levels of Government,30000000,9555000,0,0,0,0,332,yes
fy-2026-27-development-book-volume-1-1011-1083,1064,1064112700,Infrastructure Support to National Polytechnics.,1064112712,Nyeri National Polytechnic,exp,2630200,Capital Grants to Government Agencies and other Levels of Government,30000000,9555000,0,0,0,0,332,yes
fy-2026-27-development-book-volume-1-1011-1083,1064,1064112700,Infrastructure Support to National Polytechnics.,1064112713,Rift Valley National Polytechnic,exp,2630200,Capital Grants to Government Agencies and other Levels of Government,30000000,12740000,0,0,0,0,333,yes
fy-2026-27-development-book-volume-1-1011-1083,1064,1064112700,Infrastructure Support to National Polytechnics.,1064112714,Siaya National Polytechnic,exp,2630200,Capital Grants to Government Agencies and other Levels of Government,20000000,12740000,0,0,0,0,333,yes
fy-2026-27-development-book-volume-1-1011-1083,1064,1064112700,Infrastructure Support to National Polytechnics.,1064112715,Tseikuru National Polytechnic,exp,2630200,Capital Grants to Government Agencies and other Levels of Government,10000000,9555000,0,0,0,0,333,yes
fy-2026-27-development-book-volume-1-1011-1083,1064,1064112700,Infrastructure Support to National Polytechnics.,1064112716,North Eastern National Polytechnic,exp,2630200,Capital Grants to Government Agencies and other Levels of Government,0,15918000,0,0,0,0,333,yes
fy-2026-27-development-book-volume-1-1011-1083,1064,1064112800,Kenya - China TVET Project Phase (III).,1064112801,Kenya - China TVET Project Phase (III),exp,2640500,Other Capital Grants and Transfers,2600000000,1280529854,0,0,1190664417,0,334,yes
fy-2026-27-development-book-volume-1-1011-1083,1064,1064112800,Kenya - China TVET Project Phase (III).,1064112801,Kenya - China TVET Project Phase (III),financing,5120200,Foreign Borrowing - Direct Payments,2600000000,1190664417,0,0,0,0,334,yes
fy-2026-27-development-book-volume-1-1011-1083,1064,1064112900,"Establishment of Cooperative College I-TVET, Kileges.",1064112901,"Cooperative College I-TVET, Kileges",exp,2630200,Capital Grants to Government Agencies and other Levels of Government,0,42000000,0,0,0,0,334,yes
fy-2026-27-development-book-volume-1-1011-1083,1064,1064113000,Machakos TTI for the Deaf.,1064113001,Infrastructure Support,exp,2630200,Capital Grants to Government Agencies and other Levels of Government,20000000,0,0,0,0,0,334,yes
fy-2026-27-development-book-volume-1-1011-1083,1064,1064113100,St. Joseph Musakava.,1064113101,Infrastructure Support,exp,2630200,Capital Grants to Government Agencies and other Levels of Government,10000000,0,0,0,0,0,335,yes
fy-2026-27-development-book-volume-1-1011-1083,1064,1064113200,Bomet TVET.,1064113201,Bomet TVET,exp,2630200,Capital Grants to Government Agencies and other Levels of Government,15000000,0,0,0,0,0,335,yes
fy-2026-27-development-book-volume-1-1011-1083,1064,1064113300,Digitalization for Technical & Vocational Education & Training.,1064113301,Digitalization for Technical & Vocational Education & Training,exp,2640500,Other Capital Grants and Transfers,0,702900000,0,282900000,420000000,0,336,yes
fy-2026-27-development-book-volume-1-1011-1083,1064,1064113300,Digitalization for Technical & Vocational Education & Training.,1064113301,Digitalization for Technical & Vocational Education & Training,financing,5120200,Foreign Borrowing - Direct Payments,0,420000000,0,0,0,0,336,yes
fy-2026-27-development-book-volume-1-1011-1083,1064,1064101100,38 GOK-AfDB TTIs PHASE II.,1064101101,Wajir TTI,gross,,Gross,0,12740000,0,0,0,0,288,yes
fy-2026-27-development-book-volume-1-1011-1083,1064,1064101100,38 GOK-AfDB TTIs PHASE II.,1064101101,Wajir TTI,net,,Net,0,12740000,0,0,0,0,288,yes
fy-2026-27-development-book-volume-1-1011-1083,1064,1064101100,38 GOK-AfDB TTIs PHASE II.,1064101115,Kisumu Polytechnic,gross,,Gross,0,12740000,0,0,0,0,288,yes
fy-2026-27-development-book-volume-1-1011-1083,1064,1064101100,38 GOK-AfDB TTIs PHASE II.,1064101115,Kisumu Polytechnic,net,,Net,0,12740000,0,0,0,0,288,yes
fy-2026-27-development-book-volume-1-1011-1083,1064,1064101100,38 GOK-AfDB TTIs PHASE II.,1064101124,Thika TTI,gross,,Gross,0,18721013,0,0,0,0,288,yes
fy-2026-27-development-book-volume-1-1011-1083,1064,1064101100,38 GOK-AfDB TTIs PHASE II.,1064101124,Thika TTI,net,,Net,0,18721013,0,0,0,0,288,yes
fy-2026-27-development-book-volume-1-1011-1083,1064,1064101100,38 GOK-AfDB TTIs PHASE II.,1064101133,Coast TTI,gross,,Gross,0,3915680,0,0,0,0,288,yes
fy-2026-27-development-book-volume-1-1011-1083,1064,1064101100,38 GOK-AfDB TTIs PHASE II.,1064101133,Coast TTI,net,,Net,0,3915680,0,0,0,0,288,yes
fy-2026-27-development-book-volume-1-1011-1083,1064,1064101400,GOK KIPKABUS AND MURANGA TTIs.,1064101402,Kipkabus,gross,,Gross,0,3185000,0,0,0,0,289,yes
fy-2026-27-development-book-volume-1-1011-1083,1064,1064101400,GOK KIPKABUS AND MURANGA TTIs.,1064101402,Kipkabus,net,,Net,0,3185000,0,0,0,0,289,yes
fy-2026-27-development-book-volume-1-1011-1083,1064,1064101500,GoK 60 TTIs EQUIPPING.,1064101507,Ijara TTI,gross,,Gross,0,30925000,0,0,0,0,289,yes
fy-2026-27-development-book-volume-1-1011-1083,1064,1064101500,GoK 60 TTIs EQUIPPING.,1064101507,Ijara TTI,net,,Net,0,30925000,0,0,0,0,289,yes
fy-2026-27-development-book-volume-1-1011-1083,1064,1064101500,GoK 60 TTIs EQUIPPING.,1064101518,Kipipiri TTI,gross,,Gross,0,6370000,0,0,0,0,289,yes
fy-2026-27-development-book-volume-1-1011-1083,1064,1064101500,GoK 60 TTIs EQUIPPING.,1064101518,Kipipiri TTI,net,,Net,0,6370000,0,0,0,0,289,yes
fy-2026-27-development-book-volume-1-1011-1083,1064,1064101500,GoK 60 TTIs EQUIPPING.,1064101520,Gacharu TTI,gross,,Gross,0,7310221,0,0,0,0,290,yes
fy-2026-27-development-book-volume-1-1011-1083,1064,1064101500,GoK 60 TTIs EQUIPPING.,1064101520,Gacharu TTI,net,,Net,0,7310221,0,0,0,0,290,yes
fy-2026-27-development-book-volume-1-1011-1083,1064,1064101500,GoK 60 TTIs EQUIPPING.,1064101522,Lari TTI,gross,,Gross,0,6370000,0,0,0,0,290,yes
fy-2026-27-development-book-volume-1-1011-1083,1064,1064101500,GoK 60 TTIs EQUIPPING.,1064101522,Lari TTI,net,,Net,0,6370000,0,0,0,0,290,yes
fy-2026-27-development-book-volume-1-1011-1083,1064,1064101500,GoK 60 TTIs EQUIPPING.,1064101526,Endebess TTI - Trans Nzoia,gross,,Gross,10000000,6370000,0,0,0,0,290,yes
fy-2026-27-development-book-volume-1-1011-1083,1064,1064101500,GoK 60 TTIs EQUIPPING.,1064101526,Endebess TTI - Trans Nzoia,net,,Net,10000000,6370000,0,0,0,0,290,yes
fy-2026-27-development-book-volume-1-1011-1083,1064,1064101500,GoK 60 TTIs EQUIPPING.,1064101541,Ugenya TTI,gross,,Gross,25000000,6370000,0,0,0,0,290,yes
fy-2026-27-development-book-volume-1-1011-1083,1064,1064101500,GoK 60 TTIs EQUIPPING.,1064101541,Ugenya TTI,net,,Net,25000000,6370000,0,0,0,0,290,yes
fy-2026-27-development-book-volume-1-1011-1083,1064,1064101500,GoK 60 TTIs EQUIPPING.,1064101557,Mathioya TTI,gross,,Gross,0,4267900,0,0,0,0,290,yes
fy-2026-27-development-book-volume-1-1011-1083,1064,1064101500,GoK 60 TTIs EQUIPPING.,1064101557,Mathioya TTI,net,,Net,0,4267900,0,0,0,0,290,yes
fy-2026-27-development-book-volume-1-1011-1083,1064,1064101500,GoK 60 TTIs EQUIPPING.,1064101558,Sotik TTI,gross,,Gross,0,6370000,0,0,0,0,291,yes
fy-2026-27-development-book-volume-1-1011-1083,1064,1064101500,GoK 60 TTIs EQUIPPING.,1064101558,Sotik TTI,net,,Net,0,6370000,0,0,0,0,291,yes
fy-2026-27-development-book-volume-1-1011-1083,1064,1064101500,GoK 60 TTIs EQUIPPING.,1064101559,Leisamis TTI,gross,,Gross,0,6370000,0,0,0,0,291,yes
fy-2026-27-development-book-volume-1-1011-1083,1064,1064101500,GoK 60 TTIs EQUIPPING.,1064101559,Leisamis TTI,net,,Net,0,6370000,0,0,0,0,291,yes
fy-2026-27-development-book-volume-1-1011-1083,1064,1064101500,GoK 60 TTIs EQUIPPING.,1064101560,Nachu TTI,gross,,Gross,0,6370000,0,0,0,0,291,yes
fy-2026-27-development-book-volume-1-1011-1083,1064,1064101500,GoK 60 TTIs EQUIPPING.,1064101560,Nachu TTI,net,,Net,0,6370000,0,0,0,0,291,yes
fy-2026-27-development-book-volume-1-1011-1083,1064,1064101600,Construction and Equipping of TTIs.,1064101626,Narok South TTI,gross,,Gross,0,6370000,0,0,0,0,291,yes
fy-2026-27-development-book-volume-1-1011-1083,1064,1064101600,Construction and Equipping of TTIs.,1064101626,Narok South TTI,net,,Net,0,6370000,0,0,0,0,291,yes
fy-2026-27-development-book-volume-1-1011-1083,1064,1064101600,Construction and Equipping of TTIs.,1064101637,Tarbaj TTI - Wajir,gross,,Gross,15000000,0,0,0,0,0,292,yes
fy-2026-27-development-book-volume-1-1011-1083,1064,1064101600,Construction and Equipping of TTIs.,1064101637,Tarbaj TTI - Wajir,net,,Net,15000000,0,0,0,0,0,292,yes
fy-2026-27-development-book-volume-1-1011-1083,1064,1064101600,Construction and Equipping of TTIs.,1064101656,Gichugu TTI,gross,,Gross,0,4083610,0,0,0,0,292,yes
fy-2026-27-development-book-volume-1-1011-1083,1064,1064101600,Construction and Equipping of TTIs.,1064101656,Gichugu TTI,net,,Net,0,4083610,0,0,0,0,292,yes
fy-2026-27-development-book-volume-1-1011-1083,1064,1064101600,Construction and Equipping of TTIs.,1064101679,Uriri Technical Training Institute - Migori,gross,,Gross,60000000,0,0,0,0,0,292,yes
fy-2026-27-development-book-volume-1-1011-1083,1064,1064101600,Construction and Equipping of TTIs.,1064101679,Uriri Technical Training Institute - Migori,net,,Net,60000000,0,0,0,0,0,292,yes
fy-2026-27-development-book-volume-1-1011-1083,1064,1064101600,Construction and Equipping of TTIs.,1064101680,Cardinal Otunga TTI - Tulumba (Bumula),gross,,Gross,25000000,9555000,0,0,0,0,292,yes
fy-2026-27-development-book-volume-1-1011-1083,1064,1064101600,Construction and Equipping of TTIs.,1064101680,Cardinal Otunga TTI - Tulumba (Bumula),net,,Net,25000000,9555000,0,0,0,0,292,yes
fy-2026-27-development-book-volume-1-1011-1083,1064,1064103600,Matili TTI.,1064103601,construction of tuition Block and Sewer System,gross,,Gross,0,7204325,0,0,0,0,293,yes
fy-2026-27-development-book-volume-1-1011-1083,1064,1064103600,Matili TTI.,1064103601,construction of tuition Block and Sewer System,net,,Net,0,7204325,0,0,0,0,293,yes
fy-2026-27-development-book-volume-1-1011-1083,1064,1064103600,Matili TTI.,1064103602,Equipping TTI,gross,,Gross,0,25013509,0,0,0,0,293,yes
fy-2026-27-development-book-volume-1-1011-1083,1064,1064103600,Matili TTI.,1064103602,Equipping TTI,net,,Net,0,25013509,0,0,0,0,293,yes
fy-2026-27-development-book-volume-1-1011-1083,1064,1064103900,Michuki TTI.,1064103901,construction of Food and Beverage Workshop,gross,,Gross,0,7310222,0,0,0,0,293,yes
fy-2026-27-development-book-volume-1-1011-1083,1064,1064103900,Michuki TTI.,1064103901,construction of Food and Beverage Workshop,net,,Net,0,7310222,0,0,0,0,293,yes
fy-2026-27-development-book-volume-1-1011-1083,1064,1064103900,Michuki TTI.,1064103902,Equipping TTI,gross,,Gross,0,6370000,0,0,0,0,293,yes
fy-2026-27-development-book-volume-1-1011-1083,1064,1064103900,Michuki TTI.,1064103902,Equipping TTI,net,,Net,0,6370000,0,0,0,0,293,yes
fy-2026-27-development-book-volume-1-1011-1083,1064,1064104100,Mombasa TTI.,1064104101,construction of virtual Learning Centre,gross,,Gross,0,7737813,0,0,0,0,294,yes
fy-2026-27-development-book-volume-1-1011-1083,1064,1064104100,Mombasa TTI.,1064104101,construction of virtual Learning Centre,net,,Net,0,7737813,0,0,0,0,294,yes
fy-2026-27-development-book-volume-1-1011-1083,1064,1064104100,Mombasa TTI.,1064104102,Equipping TTI,gross,,Gross,0,24206000,0,0,0,0,294,yes
fy-2026-27-development-book-volume-1-1011-1083,1064,1064104100,Mombasa TTI.,1064104102,Equipping TTI,net,,Net,0,24206000,0,0,0,0,294,yes
fy-2026-27-development-book-volume-1-1011-1083,1064,1064104900,Ol'Lessos TTI.,1064104903,Construction of Tuition and Applied Sciences Block,gross,,Gross,0,6370000,0,0,0,0,294,yes
fy-2026-27-development-book-volume-1-1011-1083,1064,1064104900,Ol'Lessos TTI.,1064104903,Construction of Tuition and Applied Sciences Block,net,,Net,0,6370000,0,0,0,0,294,yes
fy-2026-27-development-book-volume-1-1011-1083,1064,1064105100,Rift Valley TTI.,1064105101,construction of Library Block,gross,,Gross,0,31850000,0,0,0,0,295,yes
fy-2026-27-development-book-volume-1-1011-1083,1064,1064105100,Rift Valley TTI.,1064105101,construction of Library Block,net,,Net,0,31850000,0,0,0,0,295,yes
fy-2026-27-development-book-volume-1-1011-1083,1064,1064105700,Wote TTI.,1064105702,Equipping TTI,gross,,Gross,0,12740000,0,0,0,0,295,yes
fy-2026-27-development-book-volume-1-1011-1083,1064,1064105700,Wote TTI.,1064105702,Equipping TTI,net,,Net,0,12740000,0,0,0,0,295,yes
fy-2026-27-development-book-volume-1-1011-1083,1064,1064105700,Wote TTI.,1064105703,construction of Perimeter wall,gross,,Gross,0,8206248,0,0,0,0,295,yes
fy-2026-27-development-book-volume-1-1011-1083,1064,1064105700,Wote TTI.,1064105703,construction of Perimeter wall,net,,Net,0,8206248,0,0,0,0,295,yes
fy-2026-27-development-book-volume-1-1011-1083,1064,1064106100,Gusii IT.,1064106101,Construction of a Tuition Complex,gross,,Gross,0,19110000,0,0,0,0,296,yes
fy-2026-27-development-book-volume-1-1011-1083,1064,1064106100,Gusii IT.,1064106101,Construction of a Tuition Complex,net,,Net,0,19110000,0,0,0,0,296,yes
fy-2026-27-development-book-volume-1-1011-1083,1064,1064106300,Nyandarua IST.,1064106301,Completion of Library Phase I,gross,,Gross,0,25480000,0,0,0,0,296,yes
fy-2026-27-development-book-volume-1-1011-1083,1064,1064106300,Nyandarua IST.,1064106301,Completion of Library Phase I,net,,Net,0,25480000,0,0,0,0,296,yes
fy-2026-27-development-book-volume-1-1011-1083,1064,1064107000,Sikri TTI for the Blind and Deaf.,1064107002,Construction of Dining Hall,gross,,Gross,15000000,12740000,0,0,0,0,297,yes
fy-2026-27-development-book-volume-1-1011-1083,1064,1064107000,Sikri TTI for the Blind and Deaf.,1064107002,Construction of Dining Hall,net,,Net,15000000,12740000,0,0,0,0,297,yes
fy-2026-27-development-book-volume-1-1011-1083,1064,1064107000,Sikri TTI for the Blind and Deaf.,1064107004,Infrastructure Support,gross,,Gross,30000000,0,0,0,0,0,297,yes
fy-2026-27-development-book-volume-1-1011-1083,1064,1064107000,Sikri TTI for the Blind and Deaf.,1064107004,Infrastructure Support,net,,Net,30000000,0,0,0,0,0,297,yes
fy-2026-27-development-book-volume-1-1011-1083,1064,1064107100,Machakos Technical Institute for the Blind.,1064107102,Construction of Dining Hall,gross,,Gross,10000000,12740000,0,0,0,0,297,yes
fy-2026-27-development-book-volume-1-1011-1083,1064,1064107100,Machakos Technical Institute for the Blind.,1064107102,Construction of Dining Hall,net,,Net,10000000,12740000,0,0,0,0,297,yes
fy-2026-27-development-book-volume-1-1011-1083,1064,1064107300,St. Joseph's Technical Institute for the Deaf.,1064107302,Construction of Dining Hall,gross,,Gross,10000000,12740000,0,0,0,0,298,yes
fy-2026-27-development-book-volume-1-1011-1083,1064,1064107300,St. Joseph's Technical Institute for the Deaf.,1064107302,Construction of Dining Hall,net,,Net,10000000,12740000,0,0,0,0,298,yes
fy-2026-27-development-book-volume-1-1011-1083,1064,1064108000,Mandera TTI.,1064108001,Mandera TTI,gross,,Gross,0,30861816,0,0,0,0,298,yes
fy-2026-27-development-book-volume-1-1011-1083,1064,1064108000,Mandera TTI.,1064108001,Mandera TTI,net,,Net,0,30861816,0,0,0,0,298,yes
fy-2026-27-development-book-volume-1-1011-1083,1064,1064108500,GoK - China Phase II 134 TTIs Equipping - BETA.,1064108501,GoK - China Phase II 134 TTIs Equipping,gross,,Gross,0,88255000,0,0,0,0,298,yes
fy-2026-27-development-book-volume-1-1011-1083,1064,1064108500,GoK - China Phase II 134 TTIs Equipping - BETA.,1064108501,GoK - China Phase II 134 TTIs Equipping,net,,Net,0,88255000,0,0,0,0,298,yes
fy-2026-27-development-book-volume-1-1011-1083,1064,1064108700,Construction of Thirty New TTIs.,1064108703,Construction of Suba South TTI,gross,,Gross,0,6370000,0,0,0,0,299,yes
fy-2026-27-development-book-volume-1-1011-1083,1064,1064108700,Construction of Thirty New TTIs.,1064108703,Construction of Suba South TTI,net,,Net,0,6370000,0,0,0,0,299,yes
fy-2026-27-development-book-volume-1-1011-1083,1064,1064108700,Construction of Thirty New TTIs.,1064108710,Construction of Mt. Elgon TTI,gross,,Gross,0,6370000,0,0,0,0,299,yes
fy-2026-27-development-book-volume-1-1011-1083,1064,1064108700,Construction of Thirty New TTIs.,1064108710,Construction of Mt. Elgon TTI,net,,Net,0,6370000,0,0,0,0,299,yes
fy-2026-27-development-book-volume-1-1011-1083,1064,1064108700,Construction of Thirty New TTIs.,1064108724,Construction of Gilgil TTI,gross,,Gross,0,6370000,0,0,0,0,299,yes
fy-2026-27-development-book-volume-1-1011-1083,1064,1064108700,Construction of Thirty New TTIs.,1064108724,Construction of Gilgil TTI,net,,Net,0,6370000,0,0,0,0,299,yes
fy-2026-27-development-book-volume-1-1011-1083,1064,1064108800,East Africa Skills Transformation and Reginal Integration.,1064108801,East Africa Skills Transformation and Reginal Integration,gross,,Gross,600000000,500000000,0,0,0,500000000,300,yes
fy-2026-27-development-book-volume-1-1011-1083,1064,1064108800,East Africa Skills Transformation and Reginal Integration.,1064108801,East Africa Skills Transformation and Reginal Integration,net,,Net,600000000,500000000,0,0,0,500000000,300,yes
fy-2026-27-development-book-volume-1-1011-1083,1064,1064109300,TVET Infrastructure Support.,1064109307,Kieni TTI,gross,,Gross,0,9594023,0,0,0,0,300,yes
fy-2026-27-development-book-volume-1-1011-1083,1064,1064109300,TVET Infrastructure Support.,1064109307,Kieni TTI,net,,Net,0,9594023,0,0,0,0,300,yes
fy-2026-27-development-book-volume-1-1011-1083,1064,1064109300,TVET Infrastructure Support.,1064109312,Construction of an administration block at Bungoma North TTI,gross,,Gross,0,6774456,0,0,0,0,301,yes
fy-2026-27-development-book-volume-1-1011-1083,1064,1064109300,TVET Infrastructure Support.,1064109312,Construction of an administration block at Bungoma North TTI,net,,Net,0,6774456,0,0,0,0,301,yes
fy-2026-27-development-book-volume-1-1011-1083,1064,1064109300,TVET Infrastructure Support.,1064109314,Construction of phase 2 Engineering Workshop Complex at Kisiwa,gross,,Gross,0,6370000,0,0,0,0,301,yes
fy-2026-27-development-book-volume-1-1011-1083,1064,1064109300,TVET Infrastructure Support.,1064109314,Construction of phase 2 Engineering Workshop Complex at Kisiwa,net,,Net,0,6370000,0,0,0,0,301,yes
fy-2026-27-development-book-volume-1-1011-1083,1064,1064109300,TVET Infrastructure Support.,1064109321,Kiharu TTI Infrastructural Development,gross,,Gross,0,6370000,0,0,0,0,301,yes
fy-2026-27-development-book-volume-1-1011-1083,1064,1064109300,TVET Infrastructure Support.,1064109321,Kiharu TTI Infrastructural Development,net,,Net,0,6370000,0,0,0,0,301,yes
fy-2026-27-development-book-volume-1-1011-1083,1064,1064109300,TVET Infrastructure Support.,1064109323,Suna West TTI,gross,,Gross,29000000,0,0,0,0,0,301,yes
fy-2026-27-development-book-volume-1-1011-1083,1064,1064109300,TVET Infrastructure Support.,1064109323,Suna West TTI,net,,Net,29000000,0,0,0,0,0,301,yes
fy-2026-27-development-book-volume-1-1011-1083,1064,1064109300,TVET Infrastructure Support.,1064109334,Phase II Construction of science complex at Bungoma North TTI,gross,,Gross,20000000,0,0,0,0,0,301,yes
fy-2026-27-development-book-volume-1-1011-1083,1064,1064109300,TVET Infrastructure Support.,1064109334,Phase II Construction of science complex at Bungoma North TTI,net,,Net,20000000,0,0,0,0,0,301,yes
fy-2026-27-development-book-volume-1-1011-1083,1064,1064109500,Promotion of Youth Employment and Vocational Training in,1064109501,Promotion of Youth Employment and Vocational Training in,gross,,Gross,358850000,909555000,50000000,0,850000000,0,302,yes
fy-2026-27-development-book-volume-1-1011-1083,1064,1064109500,Promotion of Youth Employment and Vocational Training in,1064109501,Promotion of Youth Employment and Vocational Training in,appropriations_in_aid,,Appropriations In Aid,340000000,900000000,50000000,0,0,0,302,yes
fy-2026-27-development-book-volume-1-1011-1083,1064,1064109500,Promotion of Youth Employment and Vocational Training in,1064109501,Promotion of Youth Employment and Vocational Training in,net,,Net,18850000,9555000,0,0,0,0,302,yes
fy-2026-27-development-book-volume-1-1011-1083,1064,1064109600,"GoK-AfDB Technical, Vocational Education Training &",1064109601,"GoK-AfDB Technical, Vocational Education Training &",gross,,Gross,566250000,1544590000,0,0,1500000000,0,303,yes
fy-2026-27-development-book-volume-1-1011-1083,1064,1064109600,"GoK-AfDB Technical, Vocational Education Training &",1064109601,"GoK-AfDB Technical, Vocational Education Training &",appropriations_in_aid,,Appropriations In Aid,500000000,1500000000,0,0,0,0,303,yes
fy-2026-27-development-book-volume-1-1011-1083,1064,1064109600,"GoK-AfDB Technical, Vocational Education Training &",1064109601,"GoK-AfDB Technical, Vocational Education Training &",net,,Net,66250000,44590000,0,0,0,0,303,yes
fy-2026-27-development-book-volume-1-1011-1083,1064,1064109700,Promotion of Youth Employment and Vocational Training in,1064109701,Promotion of Youth Employment and Vocational Training in,gross,,Gross,50000000,600000000,0,0,600000000,0,303,yes
fy-2026-27-development-book-volume-1-1011-1083,1064,1064109700,Promotion of Youth Employment and Vocational Training in,1064109701,Promotion of Youth Employment and Vocational Training in,appropriations_in_aid,,Appropriations In Aid,50000000,600000000,0,0,0,0,303,yes
fy-2026-27-development-book-volume-1-1011-1083,1064,1064109700,Promotion of Youth Employment and Vocational Training in,1064109701,Promotion of Youth Employment and Vocational Training in,net,,Net,0,0,0,0,0,0,303,yes
fy-2026-27-development-book-volume-1-1011-1083,1064,1064109900,Public Participation Projects.,1064109903,Ebunagwe TTI - Infrastructure Support,gross,,Gross,10000000,0,0,0,0,0,304,yes
fy-2026-27-development-book-volume-1-1011-1083,1064,1064109900,Public Participation Projects.,1064109903,Ebunagwe TTI - Infrastructure Support,net,,Net,10000000,0,0,0,0,0,304,yes
fy-2026-27-development-book-volume-1-1011-1083,1064,1064109900,Public Participation Projects.,1064109904,Bushiangala TTI - Infrastructure Support,gross,,Gross,0,6370000,0,0,0,0,304,yes
fy-2026-27-development-book-volume-1-1011-1083,1064,1064109900,Public Participation Projects.,1064109904,Bushiangala TTI - Infrastructure Support,net,,Net,0,6370000,0,0,0,0,304,yes
fy-2026-27-development-book-volume-1-1011-1083,1064,1064109900,Public Participation Projects.,1064109907,Infrastructure Development - Musakasa TTI,gross,,Gross,5000000,3185000,0,0,0,0,304,yes
fy-2026-27-development-book-volume-1-1011-1083,1064,1064109900,Public Participation Projects.,1064109907,Infrastructure Development - Musakasa TTI,net,,Net,5000000,3185000,0,0,0,0,304,yes
fy-2026-27-development-book-volume-1-1011-1083,1064,1064109900,Public Participation Projects.,1064109910,Construction of ablution block and fencing-Chepalungu TTI,gross,,Gross,0,6370000,0,0,0,0,304,yes
fy-2026-27-development-book-volume-1-1011-1083,1064,1064109900,Public Participation Projects.,1064109910,Construction of ablution block and fencing-Chepalungu TTI,net,,Net,0,6370000,0,0,0,0,304,yes
fy-2026-27-development-book-volume-1-1011-1083,1064,1064109900,Public Participation Projects.,1064109911,Construction of 4 workshops -Chemasire TTI,gross,,Gross,9300990,3185000,0,0,0,0,305,yes
fy-2026-27-development-book-volume-1-1011-1083,1064,1064109900,Public Participation Projects.,1064109911,Construction of 4 workshops -Chemasire TTI,net,,Net,9300990,3185000,0,0,0,0,305,yes
fy-2026-27-development-book-volume-1-1011-1083,1064,1064109900,Public Participation Projects.,1064109913,Construction of Perimeter Wall at Loima TVC,gross,,Gross,0,6370000,0,0,0,0,305,yes
fy-2026-27-development-book-volume-1-1011-1083,1064,1064109900,Public Participation Projects.,1064109913,Construction of Perimeter Wall at Loima TVC,net,,Net,0,6370000,0,0,0,0,305,yes
fy-2026-27-development-book-volume-1-1011-1083,1064,1064109900,Public Participation Projects.,1064109914,Construction of student classrooms at Turkana East TVC Lokori,gross,,Gross,0,6370000,0,0,0,0,305,yes
fy-2026-27-development-book-volume-1-1011-1083,1064,1064109900,Public Participation Projects.,1064109914,Construction of student classrooms at Turkana East TVC Lokori,net,,Net,0,6370000,0,0,0,0,305,yes
fy-2026-27-development-book-volume-1-1011-1083,1064,1064110000,Promotion of Youth Employment thro Scholarships Ph 2-Wings,1064110001,Promotion of Youth Employment thro' Scholarships Ph 2-Wings to,gross,,Gross,462000000,300000000,300000000,0,0,0,306,yes
fy-2026-27-development-book-volume-1-1011-1083,1064,1064110000,Promotion of Youth Employment thro Scholarships Ph 2-Wings,1064110001,Promotion of Youth Employment thro' Scholarships Ph 2-Wings to,appropriations_in_aid,,Appropriations In Aid,462000000,300000000,300000000,0,0,0,306,yes
fy-2026-27-development-book-volume-1-1011-1083,1064,1064110000,Promotion of Youth Employment thro Scholarships Ph 2-Wings,1064110001,Promotion of Youth Employment thro' Scholarships Ph 2-Wings to,net,,Net,0,0,0,0,0,0,306,yes
fy-2026-27-development-book-volume-1-1011-1083,1064,1064110200,Construction of 52 TTIs - BETA.,1064110202,Construction of Matungu TTI,gross,,Gross,12138889,18313750,0,0,0,0,306,yes
fy-2026-27-development-book-volume-1-1011-1083,1064,1064110200,Construction of 52 TTIs - BETA.,1064110202,Construction of Matungu TTI,net,,Net,12138889,18313750,0,0,0,0,306,yes
fy-2026-27-development-book-volume-1-1011-1083,1064,1064110200,Construction of 52 TTIs - BETA.,1064110203,Construction of Kibwezi East TTI,gross,,Gross,10000000,18402222,0,0,0,0,306,yes
fy-2026-27-development-book-volume-1-1011-1083,1064,1064110200,Construction of 52 TTIs - BETA.,1064110203,Construction of Kibwezi East TTI,net,,Net,10000000,18402222,0,0,0,0,306,yes
fy-2026-27-development-book-volume-1-1011-1083,1064,1064110200,Construction of 52 TTIs - BETA.,1064110204,Construction of Kiambaa TTI,gross,,Gross,12138889,18313750,0,0,0,0,306,yes
fy-2026-27-development-book-volume-1-1011-1083,1064,1064110200,Construction of 52 TTIs - BETA.,1064110204,Construction of Kiambaa TTI,net,,Net,12138889,18313750,0,0,0,0,306,yes
fy-2026-27-development-book-volume-1-1011-1083,1064,1064110200,Construction of 52 TTIs - BETA.,1064110206,Construction of Sigowet/Soin TTI,gross,,Gross,12138889,73313750,0,0,0,0,307,yes
fy-2026-27-development-book-volume-1-1011-1083,1064,1064110200,Construction of 52 TTIs - BETA.,1064110206,Construction of Sigowet/Soin TTI,net,,Net,12138889,73313750,0,0,0,0,307,yes
fy-2026-27-development-book-volume-1-1011-1083,1064,1064110200,Construction of 52 TTIs - BETA.,1064110207,Construction of Mwingi West TTI,gross,,Gross,12138889,18313750,0,0,0,0,307,yes
fy-2026-27-development-book-volume-1-1011-1083,1064,1064110200,Construction of 52 TTIs - BETA.,1064110207,Construction of Mwingi West TTI,net,,Net,12138889,18313750,0,0,0,0,307,yes
fy-2026-27-development-book-volume-1-1011-1083,1064,1064110200,Construction of 52 TTIs - BETA.,1064110208,Construction of Kilifi South TTI,gross,,Gross,12138889,18313750,0,0,0,0,307,yes
fy-2026-27-development-book-volume-1-1011-1083,1064,1064110200,Construction of 52 TTIs - BETA.,1064110208,Construction of Kilifi South TTI,net,,Net,12138889,18313750,0,0,0,0,307,yes
fy-2026-27-development-book-volume-1-1011-1083,1064,1064110200,Construction of 52 TTIs - BETA.,1064110209,Construction of Nyali TTI,gross,,Gross,12138889,18313750,0,0,0,0,307,yes
fy-2026-27-development-book-volume-1-1011-1083,1064,1064110200,Construction of 52 TTIs - BETA.,1064110209,Construction of Nyali TTI,net,,Net,12138889,18313750,0,0,0,0,307,yes
fy-2026-27-development-book-volume-1-1011-1083,1064,1064110200,Construction of 52 TTIs - BETA.,1064110210,Construction of Muhoroni TTI,gross,,Gross,12138889,18313750,0,0,0,0,307,yes
fy-2026-27-development-book-volume-1-1011-1083,1064,1064110200,Construction of 52 TTIs - BETA.,1064110210,Construction of Muhoroni TTI,net,,Net,12138889,18313750,0,0,0,0,307,yes
fy-2026-27-development-book-volume-1-1011-1083,1064,1064110200,Construction of 52 TTIs - BETA.,1064110211,Construction of Kibra TTI,gross,,Gross,12138889,18313750,0,0,0,0,308,yes
fy-2026-27-development-book-volume-1-1011-1083,1064,1064110200,Construction of 52 TTIs - BETA.,1064110211,Construction of Kibra TTI,net,,Net,12138889,18313750,0,0,0,0,308,yes
fy-2026-27-development-book-volume-1-1011-1083,1064,1064110200,Construction of 52 TTIs - BETA.,1064110212,Construction of Kwanza TTI,gross,,Gross,12138889,18313750,0,0,0,0,308,yes
fy-2026-27-development-book-volume-1-1011-1083,1064,1064110200,Construction of 52 TTIs - BETA.,1064110212,Construction of Kwanza TTI,net,,Net,12138889,18313750,0,0,0,0,308,yes
fy-2026-27-development-book-volume-1-1011-1083,1064,1064110200,Construction of 52 TTIs - BETA.,1064110213,Construction of Wajir West TTI,gross,,Gross,12138889,18313750,0,0,0,0,308,yes
fy-2026-27-development-book-volume-1-1011-1083,1064,1064110200,Construction of 52 TTIs - BETA.,1064110213,Construction of Wajir West TTI,net,,Net,12138889,18313750,0,0,0,0,308,yes
fy-2026-27-development-book-volume-1-1011-1083,1064,1064110200,Construction of 52 TTIs - BETA.,1064110214,Construction of Subukia TTI,gross,,Gross,12138889,18313750,0,0,0,0,308,yes
fy-2026-27-development-book-volume-1-1011-1083,1064,1064110200,Construction of 52 TTIs - BETA.,1064110214,Construction of Subukia TTI,net,,Net,12138889,18313750,0,0,0,0,308,yes
fy-2026-27-development-book-volume-1-1011-1083,1064,1064110200,Construction of 52 TTIs - BETA.,1064110215,Construction of Narok North TTI,gross,,Gross,12138889,18313750,0,0,0,0,308,yes
fy-2026-27-development-book-volume-1-1011-1083,1064,1064110200,Construction of 52 TTIs - BETA.,1064110215,Construction of Narok North TTI,net,,Net,12138889,18313750,0,0,0,0,308,yes
fy-2026-27-development-book-volume-1-1011-1083,1064,1064110200,Construction of 52 TTIs - BETA.,1064110216,Construction of Kajiado South TTI,gross,,Gross,12138889,18313750,0,0,0,0,309,yes
fy-2026-27-development-book-volume-1-1011-1083,1064,1064110200,Construction of 52 TTIs - BETA.,1064110216,Construction of Kajiado South TTI,net,,Net,12138889,18313750,0,0,0,0,309,yes
fy-2026-27-development-book-volume-1-1011-1083,1064,1064110200,Construction of 52 TTIs - BETA.,1064110217,Chevaywa Technical Training Institute,gross,,Gross,12138889,18313750,0,0,0,0,309,yes
fy-2026-27-development-book-volume-1-1011-1083,1064,1064110200,Construction of 52 TTIs - BETA.,1064110217,Chevaywa Technical Training Institute,net,,Net,12138889,18313750,0,0,0,0,309,yes
fy-2026-27-development-book-volume-1-1011-1083,1064,1064110200,Construction of 52 TTIs - BETA.,1064110218,Kenneth Matiba Technical Training Institute,gross,,Gross,12138889,18313750,0,0,0,0,309,yes
fy-2026-27-development-book-volume-1-1011-1083,1064,1064110200,Construction of 52 TTIs - BETA.,1064110218,Kenneth Matiba Technical Training Institute,net,,Net,12138889,18313750,0,0,0,0,309,yes
fy-2026-27-development-book-volume-1-1011-1083,1064,1064110200,Construction of 52 TTIs - BETA.,1064110220,Construction of Webuye East TTI,gross,,Gross,12138889,18313750,0,0,0,0,309,yes
fy-2026-27-development-book-volume-1-1011-1083,1064,1064110200,Construction of 52 TTIs - BETA.,1064110220,Construction of Webuye East TTI,net,,Net,12138889,18313750,0,0,0,0,309,yes
fy-2026-27-development-book-volume-1-1011-1083,1064,1064110300,Youth Entreprenuership & Innovation (YEI MDTF).,1064110301,Youth Entreprenuership & Innovation (YEI MDTF),gross,,Gross,190000000,68000000,0,68000000,0,0,310,yes
fy-2026-27-development-book-volume-1-1011-1083,1064,1064110300,Youth Entreprenuership & Innovation (YEI MDTF).,1064110301,Youth Entreprenuership & Innovation (YEI MDTF),appropriations_in_aid,,Appropriations In Aid,128000000,0,0,0,0,0,310,yes
fy-2026-27-development-book-volume-1-1011-1083,1064,1064110300,Youth Entreprenuership & Innovation (YEI MDTF).,1064110301,Youth Entreprenuership & Innovation (YEI MDTF),net,,Net,62000000,68000000,0,68000000,0,0,310,yes
fy-2026-27-development-book-volume-1-1011-1083,1064,1064110400,Promotion of Young People Through Scholarships - Phase V.,1064110401,Promotion of Young People Through Scholarships - Phase V,gross,,Gross,692000000,419110000,400000000,0,0,0,310,yes
fy-2026-27-development-book-volume-1-1011-1083,1064,1064110400,Promotion of Young People Through Scholarships - Phase V.,1064110401,Promotion of Young People Through Scholarships - Phase V,appropriations_in_aid,,Appropriations In Aid,692000000,400000000,400000000,0,0,0,310,yes
fy-2026-27-development-book-volume-1-1011-1083,1064,1064110400,Promotion of Young People Through Scholarships - Phase V.,1064110401,Promotion of Young People Through Scholarships - Phase V,net,,Net,0,19110000,0,0,0,0,310,yes
fy-2026-27-development-book-volume-1-1011-1083,1064,1064111500,Tinderet Special Needs Integrated Institute.,1064111501,Infrastructure Development,gross,,Gross,5000000,14332500,0,0,0,0,311,yes
fy-2026-27-development-book-volume-1-1011-1083,1064,1064111500,Tinderet Special Needs Integrated Institute.,1064111501,Infrastructure Development,net,,Net,5000000,14332500,0,0,0,0,311,yes
fy-2026-27-development-book-volume-1-1011-1083,1064,1064111800,Establishment of Eldoret Cooperative College - TVET.,1064111801,Establishment of Eldoret Cooperative College - TVET,gross,,Gross,70000000,6370000,0,0,0,0,311,yes
fy-2026-27-development-book-volume-1-1011-1083,1064,1064111800,Establishment of Eldoret Cooperative College - TVET.,1064111801,Establishment of Eldoret Cooperative College - TVET,net,,Net,70000000,6370000,0,0,0,0,311,yes
fy-2026-27-development-book-volume-1-1011-1083,1064,1064112000,Kitui East TVET.,1064112001,Infrastructure development,gross,,Gross,0,6370000,0,0,0,0,311,yes
fy-2026-27-development-book-volume-1-1011-1083,1064,1064112000,Kitui East TVET.,1064112001,Infrastructure development,net,,Net,0,6370000,0,0,0,0,311,yes
fy-2026-27-development-book-volume-1-1011-1083,1064,1064112200,Nyakeiboreire TVET.,1064112201,Infrastructure development,gross,,Gross,0,5734205,0,0,0,0,312,yes
fy-2026-27-development-book-volume-1-1011-1083,1064,1064112200,Nyakeiboreire TVET.,1064112201,Infrastructure development,net,,Net,0,5734205,0,0,0,0,312,yes
fy-2026-27-development-book-volume-1-1011-1083,1064,1064112300,Molo TVET.,1064112301,Infrastructure development,gross,,Gross,10000000,6370000,0,0,0,0,312,yes
fy-2026-27-development-book-volume-1-1011-1083,1064,1064112300,Molo TVET.,1064112301,Infrastructure development,net,,Net,10000000,6370000,0,0,0,0,312,yes
fy-2026-27-development-book-volume-1-1011-1083,1064,1064112400,AU Skills Initiative for Africa(SIFA).,1064112401,AU Skills Initiative for Africa(SIFA),gross,,Gross,65000000,56370000,50000000,0,0,0,313,yes
fy-2026-27-development-book-volume-1-1011-1083,1064,1064112400,AU Skills Initiative for Africa(SIFA).,1064112401,AU Skills Initiative for Africa(SIFA),appropriations_in_aid,,Appropriations In Aid,55000000,50000000,50000000,0,0,0,313,yes
fy-2026-27-development-book-volume-1-1011-1083,1064,1064112400,AU Skills Initiative for Africa(SIFA).,1064112401,AU Skills Initiative for Africa(SIFA),net,,Net,10000000,6370000,0,0,0,0,313,yes
fy-2026-27-development-book-volume-1-1011-1083,1064,1064112500,Kenya School of TVET Infrastructure Improvement.,1064112502,Kenya School of TVET - Ebunangwe,gross,,Gross,20000000,6370000,0,0,0,0,313,yes
fy-2026-27-development-book-volume-1-1011-1083,1064,1064112500,Kenya School of TVET Infrastructure Improvement.,1064112502,Kenya School of TVET - Ebunangwe,net,,Net,20000000,6370000,0,0,0,0,313,yes
fy-2026-27-development-book-volume-1-1011-1083,1064,1064112500,Kenya School of TVET Infrastructure Improvement.,1064112503,Kenya School of TVET - Tinderet,gross,,Gross,20000000,6370000,0,0,0,0,313,yes
fy-2026-27-development-book-volume-1-1011-1083,1064,1064112500,Kenya School of TVET Infrastructure Improvement.,1064112503,Kenya School of TVET - Tinderet,net,,Net,20000000,6370000,0,0,0,0,313,yes
fy-2026-27-development-book-volume-1-1011-1083,1064,1064112500,Kenya School of TVET Infrastructure Improvement.,1064112504,Kenya School of TVET - Moiben,gross,,Gross,20000000,12740000,0,0,0,0,313,yes
fy-2026-27-development-book-volume-1-1011-1083,1064,1064112500,Kenya School of TVET Infrastructure Improvement.,1064112504,Kenya School of TVET - Moiben,net,,Net,20000000,12740000,0,0,0,0,313,yes
fy-2026-27-development-book-volume-1-1011-1083,1064,1064112600,Infrastructure Support to TTIs.,1064112602,Balambala TVC,gross,,Gross,11300594,15956755,0,0,0,0,314,yes
fy-2026-27-development-book-volume-1-1011-1083,1064,1064112600,Infrastructure Support to TTIs.,1064112602,Balambala TVC,net,,Net,11300594,15956755,0,0,0,0,314,yes
fy-2026-27-development-book-volume-1-1011-1083,1064,1064112600,Infrastructure Support to TTIs.,1064112603,Bushiangala TTI,gross,,Gross,5000000,0,0,0,0,0,314,yes
fy-2026-27-development-book-volume-1-1011-1083,1064,1064112600,Infrastructure Support to TTIs.,1064112603,Bushiangala TTI,net,,Net,5000000,0,0,0,0,0,314,yes
fy-2026-27-development-book-volume-1-1011-1083,1064,1064112600,Infrastructure Support to TTIs.,1064112604,Butere TTI,gross,,Gross,5000000,12740000,0,0,0,0,314,yes
fy-2026-27-development-book-volume-1-1011-1083,1064,1064112600,Infrastructure Support to TTIs.,1064112604,Butere TTI,net,,Net,5000000,12740000,0,0,0,0,314,yes
fy-2026-27-development-book-volume-1-1011-1083,1064,1064112600,Infrastructure Support to TTIs.,1064112605,Butula TTI,gross,,Gross,55000000,6370000,0,0,0,0,314,yes
fy-2026-27-development-book-volume-1-1011-1083,1064,1064112600,Infrastructure Support to TTIs.,1064112605,Butula TTI,net,,Net,55000000,6370000,0,0,0,0,314,yes
fy-2026-27-development-book-volume-1-1011-1083,1064,1064112600,Infrastructure Support to TTIs.,1064112606,Chamasir TTI,gross,,Gross,5000000,3185000,0,0,0,0,315,yes
fy-2026-27-development-book-volume-1-1011-1083,1064,1064112600,Infrastructure Support to TTIs.,1064112606,Chamasir TTI,net,,Net,5000000,3185000,0,0,0,0,315,yes
fy-2026-27-development-book-volume-1-1011-1083,1064,1064112600,Infrastructure Support to TTIs.,1064112607,Chuka TTI,gross,,Gross,5000000,9555000,0,0,0,0,315,yes
fy-2026-27-development-book-volume-1-1011-1083,1064,1064112600,Infrastructure Support to TTIs.,1064112607,Chuka TTI,net,,Net,5000000,9555000,0,0,0,0,315,yes
fy-2026-27-development-book-volume-1-1011-1083,1064,1064112600,Infrastructure Support to TTIs.,1064112608,Ekerubo Getai TTI,gross,,Gross,5000000,10190795,0,0,0,0,315,yes
fy-2026-27-development-book-volume-1-1011-1083,1064,1064112600,Infrastructure Support to TTIs.,1064112608,Ekerubo Getai TTI,net,,Net,5000000,10190795,0,0,0,0,315,yes
fy-2026-27-development-book-volume-1-1011-1083,1064,1064112600,Infrastructure Support to TTIs.,1064112609,Eldas TVC,gross,,Gross,3439072,6370000,0,0,0,0,315,yes
fy-2026-27-development-book-volume-1-1011-1083,1064,1064112600,Infrastructure Support to TTIs.,1064112609,Eldas TVC,net,,Net,3439072,6370000,0,0,0,0,315,yes
fy-2026-27-development-book-volume-1-1011-1083,1064,1064112600,Infrastructure Support to TTIs.,1064112610,Elwak TTI,gross,,Gross,15000000,6370000,0,0,0,0,315,yes
fy-2026-27-development-book-volume-1-1011-1083,1064,1064112600,Infrastructure Support to TTIs.,1064112610,Elwak TTI,net,,Net,15000000,6370000,0,0,0,0,315,yes
fy-2026-27-development-book-volume-1-1011-1083,1064,1064112600,Infrastructure Support to TTIs.,1064112611,Emining TTI,gross,,Gross,5000000,9555000,0,0,0,0,316,yes
fy-2026-27-development-book-volume-1-1011-1083,1064,1064112600,Infrastructure Support to TTIs.,1064112611,Emining TTI,net,,Net,5000000,9555000,0,0,0,0,316,yes
fy-2026-27-development-book-volume-1-1011-1083,1064,1064112600,Infrastructure Support to TTIs.,1064112612,Gamba TTI,gross,,Gross,30000000,3185000,0,0,0,0,316,yes
fy-2026-27-development-book-volume-1-1011-1083,1064,1064112600,Infrastructure Support to TTIs.,1064112612,Gamba TTI,net,,Net,30000000,3185000,0,0,0,0,316,yes
fy-2026-27-development-book-volume-1-1011-1083,1064,1064112600,Infrastructure Support to TTIs.,1064112613,Garbatulla TTI,gross,,Gross,5000000,6370000,0,0,0,0,316,yes
fy-2026-27-development-book-volume-1-1011-1083,1064,1064112600,Infrastructure Support to TTIs.,1064112613,Garbatulla TTI,net,,Net,5000000,6370000,0,0,0,0,316,yes
fy-2026-27-development-book-volume-1-1011-1083,1064,1064112600,Infrastructure Support to TTIs.,1064112614,Igembe South TTI,gross,,Gross,5000000,3185000,0,0,0,0,316,yes
fy-2026-27-development-book-volume-1-1011-1083,1064,1064112600,Infrastructure Support to TTIs.,1064112614,Igembe South TTI,net,,Net,5000000,3185000,0,0,0,0,316,yes
fy-2026-27-development-book-volume-1-1011-1083,1064,1064112600,Infrastructure Support to TTIs.,1064112615,Igembe Central,gross,,Gross,1666585,3185000,0,0,0,0,316,yes
fy-2026-27-development-book-volume-1-1011-1083,1064,1064112600,Infrastructure Support to TTIs.,1064112615,Igembe Central,net,,Net,1666585,3185000,0,0,0,0,316,yes
fy-2026-27-development-book-volume-1-1011-1083,1064,1064112600,Infrastructure Support to TTIs.,1064112616,Ikutha TTI,gross,,Gross,5000000,4459000,0,0,0,0,317,yes
fy-2026-27-development-book-volume-1-1011-1083,1064,1064112600,Infrastructure Support to TTIs.,1064112616,Ikutha TTI,net,,Net,5000000,4459000,0,0,0,0,317,yes
fy-2026-27-development-book-volume-1-1011-1083,1064,1064112600,Infrastructure Support to TTIs.,1064112617,Kabete TTI,gross,,Gross,5000000,0,0,0,0,0,317,yes
fy-2026-27-development-book-volume-1-1011-1083,1064,1064112600,Infrastructure Support to TTIs.,1064112617,Kabete TTI,net,,Net,5000000,0,0,0,0,0,317,yes
fy-2026-27-development-book-volume-1-1011-1083,1064,1064112600,Infrastructure Support to TTIs.,1064112618,Kacheliba TTI,gross,,Gross,5000000,4459000,0,0,0,0,317,yes
fy-2026-27-development-book-volume-1-1011-1083,1064,1064112600,Infrastructure Support to TTIs.,1064112618,Kacheliba TTI,net,,Net,5000000,4459000,0,0,0,0,317,yes
fy-2026-27-development-book-volume-1-1011-1083,1064,1064112600,Infrastructure Support to TTIs.,1064112619,Kaelo TTI,gross,,Gross,5000000,3185000,0,0,0,0,317,yes
fy-2026-27-development-book-volume-1-1011-1083,1064,1064112600,Infrastructure Support to TTIs.,1064112619,Kaelo TTI,net,,Net,5000000,3185000,0,0,0,0,317,yes
fy-2026-27-development-book-volume-1-1011-1083,1064,1064112600,Infrastructure Support to TTIs.,1064112620,Kakrao TVC,gross,,Gross,5000000,4459000,0,0,0,0,317,yes
fy-2026-27-development-book-volume-1-1011-1083,1064,1064112600,Infrastructure Support to TTIs.,1064112620,Kakrao TVC,net,,Net,5000000,4459000,0,0,0,0,317,yes
fy-2026-27-development-book-volume-1-1011-1083,1064,1064112600,Infrastructure Support to TTIs.,1064112621,Kamwangi TTI,gross,,Gross,15000000,9555000,0,0,0,0,318,yes
fy-2026-27-development-book-volume-1-1011-1083,1064,1064112600,Infrastructure Support to TTIs.,1064112621,Kamwangi TTI,net,,Net,15000000,9555000,0,0,0,0,318,yes
fy-2026-27-development-book-volume-1-1011-1083,1064,1064112600,Infrastructure Support to TTIs.,1064112622,Kapchepkor TTI,gross,,Gross,15000000,3185000,0,0,0,0,318,yes
fy-2026-27-development-book-volume-1-1011-1083,1064,1064112600,Infrastructure Support to TTIs.,1064112622,Kapchepkor TTI,net,,Net,15000000,3185000,0,0,0,0,318,yes
fy-2026-27-development-book-volume-1-1011-1083,1064,1064112600,Infrastructure Support to TTIs.,1064112623,Karumo TTI,gross,,Gross,5000000,16562000,0,0,0,0,318,yes
fy-2026-27-development-book-volume-1-1011-1083,1064,1064112600,Infrastructure Support to TTIs.,1064112623,Karumo TTI,net,,Net,5000000,16562000,0,0,0,0,318,yes
fy-2026-27-development-book-volume-1-1011-1083,1064,1064112600,Infrastructure Support to TTIs.,1064112624,Karura Kanyungu TTI,gross,,Gross,5000000,15925000,0,0,0,0,318,yes
fy-2026-27-development-book-volume-1-1011-1083,1064,1064112600,Infrastructure Support to TTIs.,1064112624,Karura Kanyungu TTI,net,,Net,5000000,15925000,0,0,0,0,318,yes
fy-2026-27-development-book-volume-1-1011-1083,1064,1064112600,Infrastructure Support to TTIs.,1064112625,Kasarani TVC,gross,,Gross,10000000,3185000,0,0,0,0,318,yes
fy-2026-27-development-book-volume-1-1011-1083,1064,1064112600,Infrastructure Support to TTIs.,1064112625,Kasarani TVC,net,,Net,10000000,3185000,0,0,0,0,318,yes
fy-2026-27-development-book-volume-1-1011-1083,1064,1064112600,Infrastructure Support to TTIs.,1064112626,Katine TTI,gross,,Gross,10000000,15925000,0,0,0,0,319,yes
fy-2026-27-development-book-volume-1-1011-1083,1064,1064112600,Infrastructure Support to TTIs.,1064112626,Katine TTI,net,,Net,10000000,15925000,0,0,0,0,319,yes
fy-2026-27-development-book-volume-1-1011-1083,1064,1064112600,Infrastructure Support to TTIs.,1064112627,Khwisero TVC,gross,,Gross,2988000,3185000,0,0,0,0,319,yes
fy-2026-27-development-book-volume-1-1011-1083,1064,1064112600,Infrastructure Support to TTIs.,1064112627,Khwisero TVC,net,,Net,2988000,3185000,0,0,0,0,319,yes
fy-2026-27-development-book-volume-1-1011-1083,1064,1064112600,Infrastructure Support to TTIs.,1064112628,Kiirua TTI,gross,,Gross,5000000,6370000,0,0,0,0,319,yes
fy-2026-27-development-book-volume-1-1011-1083,1064,1064112600,Infrastructure Support to TTIs.,1064112628,Kiirua TTI,net,,Net,5000000,6370000,0,0,0,0,319,yes
fy-2026-27-development-book-volume-1-1011-1083,1064,1064112600,Infrastructure Support to TTIs.,1064112629,Kilgoris TTI,gross,,Gross,5000000,15925000,0,0,0,0,319,yes
fy-2026-27-development-book-volume-1-1011-1083,1064,1064112600,Infrastructure Support to TTIs.,1064112629,Kilgoris TTI,net,,Net,5000000,15925000,0,0,0,0,319,yes
fy-2026-27-development-book-volume-1-1011-1083,1064,1064112600,Infrastructure Support to TTIs.,1064112630,Kilome TVC,gross,,Gross,8335420,0,0,0,0,0,319,yes
fy-2026-27-development-book-volume-1-1011-1083,1064,1064112600,Infrastructure Support to TTIs.,1064112630,Kilome TVC,net,,Net,8335420,0,0,0,0,0,319,yes
fy-2026-27-development-book-volume-1-1011-1083,1064,1064112600,Infrastructure Support to TTIs.,1064112631,Kinangop TTI,gross,,Gross,5000000,3185000,0,0,0,0,320,yes
fy-2026-27-development-book-volume-1-1011-1083,1064,1064112600,Infrastructure Support to TTIs.,1064112631,Kinangop TTI,net,,Net,5000000,3185000,0,0,0,0,320,yes
fy-2026-27-development-book-volume-1-1011-1083,1064,1064112600,Infrastructure Support to TTIs.,1064112632,Kirinyaga Central TTI,gross,,Gross,5000000,3185000,0,0,0,0,320,yes
fy-2026-27-development-book-volume-1-1011-1083,1064,1064112600,Infrastructure Support to TTIs.,1064112632,Kirinyaga Central TTI,net,,Net,5000000,3185000,0,0,0,0,320,yes
fy-2026-27-development-book-volume-1-1011-1083,1064,1064112600,Infrastructure Support to TTIs.,1064112633,Kitui Central TVC,gross,,Gross,5000000,9555000,0,0,0,0,320,yes
fy-2026-27-development-book-volume-1-1011-1083,1064,1064112600,Infrastructure Support to TTIs.,1064112633,Kitui Central TVC,net,,Net,5000000,9555000,0,0,0,0,320,yes
fy-2026-27-development-book-volume-1-1011-1083,1064,1064112600,Infrastructure Support to TTIs.,1064112634,Kitui West TTI,gross,,Gross,20000000,3185000,0,0,0,0,320,yes
fy-2026-27-development-book-volume-1-1011-1083,1064,1064112600,Infrastructure Support to TTIs.,1064112634,Kitui West TTI,net,,Net,20000000,3185000,0,0,0,0,320,yes
fy-2026-27-development-book-volume-1-1011-1083,1064,1064112600,Infrastructure Support to TTIs.,1064112635,Kitutu Chache South TVC,gross,,Gross,15000000,13377000,0,0,0,0,320,yes
fy-2026-27-development-book-volume-1-1011-1083,1064,1064112600,Infrastructure Support to TTIs.,1064112635,Kitutu Chache South TVC,net,,Net,15000000,13377000,0,0,0,0,320,yes
fy-2026-27-development-book-volume-1-1011-1083,1064,1064112600,Infrastructure Support to TTIs.,1064112636,Kitutu Chache TTI,gross,,Gross,5000000,0,0,0,0,0,321,yes
fy-2026-27-development-book-volume-1-1011-1083,1064,1064112600,Infrastructure Support to TTIs.,1064112636,Kitutu Chache TTI,net,,Net,5000000,0,0,0,0,0,321,yes
fy-2026-27-development-book-volume-1-1011-1083,1064,1064112600,Infrastructure Support to TTIs.,1064112637,Konoin TTI,gross,,Gross,25000000,9555000,0,0,0,0,321,yes
fy-2026-27-development-book-volume-1-1011-1083,1064,1064112600,Infrastructure Support to TTIs.,1064112637,Konoin TTI,net,,Net,25000000,9555000,0,0,0,0,321,yes
fy-2026-27-development-book-volume-1-1011-1083,1064,1064112600,Infrastructure Support to TTIs.,1064112638,Lamu West TVC,gross,,Gross,15000000,9555000,0,0,0,0,321,yes
fy-2026-27-development-book-volume-1-1011-1083,1064,1064112600,Infrastructure Support to TTIs.,1064112638,Lamu West TVC,net,,Net,15000000,9555000,0,0,0,0,321,yes
fy-2026-27-development-book-volume-1-1011-1083,1064,1064112600,Infrastructure Support to TTIs.,1064112639,Langata TTI,gross,,Gross,5000000,3185000,0,0,0,0,321,yes
fy-2026-27-development-book-volume-1-1011-1083,1064,1064112600,Infrastructure Support to TTIs.,1064112639,Langata TTI,net,,Net,5000000,3185000,0,0,0,0,321,yes
fy-2026-27-development-book-volume-1-1011-1083,1064,1064112600,Infrastructure Support to TTIs.,1064112640,Luanda TVC,gross,,Gross,32442421,3185000,0,0,0,0,321,yes
fy-2026-27-development-book-volume-1-1011-1083,1064,1064112600,Infrastructure Support to TTIs.,1064112640,Luanda TVC,net,,Net,32442421,3185000,0,0,0,0,321,yes
fy-2026-27-development-book-volume-1-1011-1083,1064,1064112600,Infrastructure Support to TTIs.,1064112641,Maasai Mara TTI,gross,,Gross,5000000,6370000,0,0,0,0,322,yes
fy-2026-27-development-book-volume-1-1011-1083,1064,1064112600,Infrastructure Support to TTIs.,1064112641,Maasai Mara TTI,net,,Net,5000000,6370000,0,0,0,0,322,yes
fy-2026-27-development-book-volume-1-1011-1083,1064,1064112600,Infrastructure Support to TTIs.,1064112642,Machakos Town TTI,gross,,Gross,15000000,12740000,0,0,0,0,322,yes
fy-2026-27-development-book-volume-1-1011-1083,1064,1064112600,Infrastructure Support to TTIs.,1064112642,Machakos Town TTI,net,,Net,15000000,12740000,0,0,0,0,322,yes
fy-2026-27-development-book-volume-1-1011-1083,1064,1064112600,Infrastructure Support to TTIs.,1064112643,Magarini TVC,gross,,Gross,2066463,3185000,0,0,0,0,322,yes
fy-2026-27-development-book-volume-1-1011-1083,1064,1064112600,Infrastructure Support to TTIs.,1064112643,Magarini TVC,net,,Net,2066463,3185000,0,0,0,0,322,yes
fy-2026-27-development-book-volume-1-1011-1083,1064,1064112600,Infrastructure Support to TTIs.,1064112644,Masai TTI,gross,,Gross,10000000,6370000,0,0,0,0,322,yes
fy-2026-27-development-book-volume-1-1011-1083,1064,1064112600,Infrastructure Support to TTIs.,1064112644,Masai TTI,net,,Net,10000000,6370000,0,0,0,0,322,yes
fy-2026-27-development-book-volume-1-1011-1083,1064,1064112600,Infrastructure Support to TTIs.,1064112645,Mathare TTI,gross,,Gross,5000000,6370000,0,0,0,0,322,yes
fy-2026-27-development-book-volume-1-1011-1083,1064,1064112600,Infrastructure Support to TTIs.,1064112645,Mathare TTI,net,,Net,5000000,6370000,0,0,0,0,322,yes
fy-2026-27-development-book-volume-1-1011-1083,1064,1064112600,Infrastructure Support to TTIs.,1064112646,Mathenge TTI,gross,,Gross,5000000,10678740,0,0,0,0,323,yes
fy-2026-27-development-book-volume-1-1011-1083,1064,1064112600,Infrastructure Support to TTIs.,1064112646,Mathenge TTI,net,,Net,5000000,10678740,0,0,0,0,323,yes
fy-2026-27-development-book-volume-1-1011-1083,1064,1064112600,Infrastructure Support to TTIs.,1064112647,Matuga TTI,gross,,Gross,5000000,3185000,0,0,0,0,323,yes
fy-2026-27-development-book-volume-1-1011-1083,1064,1064112600,Infrastructure Support to TTIs.,1064112647,Matuga TTI,net,,Net,5000000,3185000,0,0,0,0,323,yes
fy-2026-27-development-book-volume-1-1011-1083,1064,1064112600,Infrastructure Support to TTIs.,1064112648,Mbeere North TTI,gross,,Gross,5000000,3185000,0,0,0,0,323,yes
fy-2026-27-development-book-volume-1-1011-1083,1064,1064112600,Infrastructure Support to TTIs.,1064112648,Mbeere North TTI,net,,Net,5000000,3185000,0,0,0,0,323,yes
fy-2026-27-development-book-volume-1-1011-1083,1064,1064112600,Infrastructure Support to TTIs.,1064112649,Mbita TTI,gross,,Gross,10000000,0,0,0,0,0,323,yes
fy-2026-27-development-book-volume-1-1011-1083,1064,1064112600,Infrastructure Support to TTIs.,1064112649,Mbita TTI,net,,Net,10000000,0,0,0,0,0,323,yes
fy-2026-27-development-book-volume-1-1011-1083,1064,1064112600,Infrastructure Support to TTIs.,1064112650,Mbita TVC,gross,,Gross,4640564,6370000,0,0,0,0,323,yes
fy-2026-27-development-book-volume-1-1011-1083,1064,1064112600,Infrastructure Support to TTIs.,1064112650,Mbita TVC,net,,Net,4640564,6370000,0,0,0,0,323,yes
fy-2026-27-development-book-volume-1-1011-1083,1064,1064112600,Infrastructure Support to TTIs.,1064112651,Moiben TTI,gross,,Gross,10000000,9555000,0,0,0,0,324,yes
fy-2026-27-development-book-volume-1-1011-1083,1064,1064112600,Infrastructure Support to TTIs.,1064112651,Moiben TTI,net,,Net,10000000,9555000,0,0,0,0,324,yes
fy-2026-27-development-book-volume-1-1011-1083,1064,1064112600,Infrastructure Support to TTIs.,1064112652,Mount Elgon TVC,gross,,Gross,12227800,3185000,0,0,0,0,324,yes
fy-2026-27-development-book-volume-1-1011-1083,1064,1064112600,Infrastructure Support to TTIs.,1064112652,Mount Elgon TVC,net,,Net,12227800,3185000,0,0,0,0,324,yes
fy-2026-27-development-book-volume-1-1011-1083,1064,1064112600,Infrastructure Support to TTIs.,1064112653,Moyale TTI,gross,,Gross,5000000,14014000,0,0,0,0,324,yes
fy-2026-27-development-book-volume-1-1011-1083,1064,1064112600,Infrastructure Support to TTIs.,1064112653,Moyale TTI,net,,Net,5000000,14014000,0,0,0,0,324,yes
fy-2026-27-development-book-volume-1-1011-1083,1064,1064112600,Infrastructure Support to TTIs.,1064112654,Ndhiwa TVET,gross,,Gross,5000000,9555000,0,0,0,0,324,yes
fy-2026-27-development-book-volume-1-1011-1083,1064,1064112600,Infrastructure Support to TTIs.,1064112654,Ndhiwa TVET,net,,Net,5000000,9555000,0,0,0,0,324,yes
fy-2026-27-development-book-volume-1-1011-1083,1064,1064112600,Infrastructure Support to TTIs.,1064112655,Ngeria TVC,gross,,Gross,7420424,3185000,0,0,0,0,324,yes
fy-2026-27-development-book-volume-1-1011-1083,1064,1064112600,Infrastructure Support to TTIs.,1064112655,Ngeria TVC,net,,Net,7420424,3185000,0,0,0,0,324,yes
fy-2026-27-development-book-volume-1-1011-1083,1064,1064112600,Infrastructure Support to TTIs.,1064112656,North Rift TTI,gross,,Gross,5000000,15925000,0,0,0,0,325,yes
fy-2026-27-development-book-volume-1-1011-1083,1064,1064112600,Infrastructure Support to TTIs.,1064112656,North Rift TTI,net,,Net,5000000,15925000,0,0,0,0,325,yes
fy-2026-27-development-book-volume-1-1011-1083,1064,1064112600,Infrastructure Support to TTIs.,1064112657,Nyakach TTI,gross,,Gross,5000000,9555000,0,0,0,0,325,yes
fy-2026-27-development-book-volume-1-1011-1083,1064,1064112600,Infrastructure Support to TTIs.,1064112657,Nyakach TTI,net,,Net,5000000,9555000,0,0,0,0,325,yes
fy-2026-27-development-book-volume-1-1011-1083,1064,1064112600,Infrastructure Support to TTIs.,1064112658,Nyando TTI,gross,,Gross,10000000,3185000,0,0,0,0,325,yes
fy-2026-27-development-book-volume-1-1011-1083,1064,1064112600,Infrastructure Support to TTIs.,1064112658,Nyando TTI,net,,Net,10000000,3185000,0,0,0,0,325,yes
fy-2026-27-development-book-volume-1-1011-1083,1064,1064112600,Infrastructure Support to TTIs.,1064112659,Okame TTI,gross,,Gross,15000000,3185000,0,0,0,0,325,yes
fy-2026-27-development-book-volume-1-1011-1083,1064,1064112600,Infrastructure Support to TTIs.,1064112659,Okame TTI,net,,Net,15000000,3185000,0,0,0,0,325,yes
fy-2026-27-development-book-volume-1-1011-1083,1064,1064112600,Infrastructure Support to TTIs.,1064112660,Olessos TTI,gross,,Gross,40000000,6370000,0,0,0,0,325,yes
fy-2026-27-development-book-volume-1-1011-1083,1064,1064112600,Infrastructure Support to TTIs.,1064112660,Olessos TTI,net,,Net,40000000,6370000,0,0,0,0,325,yes
fy-2026-27-development-book-volume-1-1011-1083,1064,1064112600,Infrastructure Support to TTIs.,1064112661,Omuga TTI,gross,,Gross,15000000,3185000,0,0,0,0,326,yes
fy-2026-27-development-book-volume-1-1011-1083,1064,1064112600,Infrastructure Support to TTIs.,1064112661,Omuga TTI,net,,Net,15000000,3185000,0,0,0,0,326,yes
fy-2026-27-development-book-volume-1-1011-1083,1064,1064112600,Infrastructure Support to TTIs.,1064112662,Rabai TVC,gross,,Gross,5000000,6370000,0,0,0,0,326,yes
fy-2026-27-development-book-volume-1-1011-1083,1064,1064112600,Infrastructure Support to TTIs.,1064112662,Rabai TVC,net,,Net,5000000,6370000,0,0,0,0,326,yes
fy-2026-27-development-book-volume-1-1011-1083,1064,1064112600,Infrastructure Support to TTIs.,1064112663,Rachuonyo TVC,gross,,Gross,2168500,3185000,0,0,0,0,326,yes
fy-2026-27-development-book-volume-1-1011-1083,1064,1064112600,Infrastructure Support to TTIs.,1064112663,Rachuonyo TVC,net,,Net,2168500,3185000,0,0,0,0,326,yes
fy-2026-27-development-book-volume-1-1011-1083,1064,1064112600,Infrastructure Support to TTIs.,1064112664,Rarienda TVC,gross,,Gross,2883480,3185000,0,0,0,0,326,yes
fy-2026-27-development-book-volume-1-1011-1083,1064,1064112600,Infrastructure Support to TTIs.,1064112664,Rarienda TVC,net,,Net,2883480,3185000,0,0,0,0,326,yes
fy-2026-27-development-book-volume-1-1011-1083,1064,1064112600,Infrastructure Support to TTIs.,1064112665,Runyenjes TTI,gross,,Gross,5000000,12740000,0,0,0,0,326,yes
fy-2026-27-development-book-volume-1-1011-1083,1064,1064112600,Infrastructure Support to TTIs.,1064112665,Runyenjes TTI,net,,Net,5000000,12740000,0,0,0,0,326,yes
fy-2026-27-development-book-volume-1-1011-1083,1064,1064112600,Infrastructure Support to TTIs.,1064112666,Samburu West TVC,gross,,Gross,5000000,3185000,0,0,0,0,327,yes
fy-2026-27-development-book-volume-1-1011-1083,1064,1064112600,Infrastructure Support to TTIs.,1064112666,Samburu West TVC,net,,Net,5000000,3185000,0,0,0,0,327,yes
fy-2026-27-development-book-volume-1-1011-1083,1064,1064112600,Infrastructure Support to TTIs.,1064112667,Sigor TVC,gross,,Gross,15713035,3185000,0,0,0,0,327,yes
fy-2026-27-development-book-volume-1-1011-1083,1064,1064112600,Infrastructure Support to TTIs.,1064112667,Sigor TVC,net,,Net,15713035,3185000,0,0,0,0,327,yes
fy-2026-27-development-book-volume-1-1011-1083,1064,1064112600,Infrastructure Support to TTIs.,1064112668,Sirisia TVC,gross,,Gross,6277813,3185000,0,0,0,0,327,yes
fy-2026-27-development-book-volume-1-1011-1083,1064,1064112600,Infrastructure Support to TTIs.,1064112668,Sirisia TVC,net,,Net,6277813,3185000,0,0,0,0,327,yes
fy-2026-27-development-book-volume-1-1011-1083,1064,1064112600,Infrastructure Support to TTIs.,1064112669,South Mugirango TVC,gross,,Gross,13000000,13377000,0,0,0,0,327,yes
fy-2026-27-development-book-volume-1-1011-1083,1064,1064112600,Infrastructure Support to TTIs.,1064112669,South Mugirango TVC,net,,Net,13000000,13377000,0,0,0,0,327,yes
fy-2026-27-development-book-volume-1-1011-1083,1064,1064112600,Infrastructure Support to TTIs.,1064112670,Suba TVC,gross,,Gross,5994710,3185000,0,0,0,0,327,yes
fy-2026-27-development-book-volume-1-1011-1083,1064,1064112600,Infrastructure Support to TTIs.,1064112670,Suba TVC,net,,Net,5994710,3185000,0,0,0,0,327,yes
fy-2026-27-development-book-volume-1-1011-1083,1064,1064112600,Infrastructure Support to TTIs.,1064112671,Suna West TVC,gross,,Gross,5000000,15925000,0,0,0,0,328,yes
fy-2026-27-development-book-volume-1-1011-1083,1064,1064112600,Infrastructure Support to TTIs.,1064112671,Suna West TVC,net,,Net,5000000,15925000,0,0,0,0,328,yes
fy-2026-27-development-book-volume-1-1011-1083,1064,1064112600,Infrastructure Support to TTIs.,1064112672,Tinderet TTI,gross,,Gross,15000000,4881321,0,0,0,0,328,yes
fy-2026-27-development-book-volume-1-1011-1083,1064,1064112600,Infrastructure Support to TTIs.,1064112672,Tinderet TTI,net,,Net,15000000,4881321,0,0,0,0,328,yes
fy-2026-27-development-book-volume-1-1011-1083,1064,1064112600,Infrastructure Support to TTIs.,1064112673,Ugunja TTI,gross,,Gross,5000000,16562000,0,0,0,0,328,yes
fy-2026-27-development-book-volume-1-1011-1083,1064,1064112600,Infrastructure Support to TTIs.,1064112673,Ugunja TTI,net,,Net,5000000,16562000,0,0,0,0,328,yes
fy-2026-27-development-book-volume-1-1011-1083,1064,1064112600,Infrastructure Support to TTIs.,1064112674,Wajir North TTI,gross,,Gross,5000000,15925000,0,0,0,0,328,yes
fy-2026-27-development-book-volume-1-1011-1083,1064,1064112600,Infrastructure Support to TTIs.,1064112674,Wajir North TTI,net,,Net,5000000,15925000,0,0,0,0,328,yes
fy-2026-27-development-book-volume-1-1011-1083,1064,1064112600,Infrastructure Support to TTIs.,1064112675,West Mugirango TVC,gross,,Gross,7435119,6370000,0,0,0,0,328,yes
fy-2026-27-development-book-volume-1-1011-1083,1064,1064112600,Infrastructure Support to TTIs.,1064112675,West Mugirango TVC,net,,Net,7435119,6370000,0,0,0,0,328,yes
fy-2026-27-development-book-volume-1-1011-1083,1064,1064112600,Infrastructure Support to TTIs.,1064112676,Yatta TTI,gross,,Gross,5000000,9873500,0,0,0,0,329,yes
fy-2026-27-development-book-volume-1-1011-1083,1064,1064112600,Infrastructure Support to TTIs.,1064112676,Yatta TTI,net,,Net,5000000,9873500,0,0,0,0,329,yes
fy-2026-27-development-book-volume-1-1011-1083,1064,1064112600,Infrastructure Support to TTIs.,1064112677,Chevaywa Technical Training Institute,gross,,Gross,5000000,0,0,0,0,0,329,yes
fy-2026-27-development-book-volume-1-1011-1083,1064,1064112600,Infrastructure Support to TTIs.,1064112677,Chevaywa Technical Training Institute,net,,Net,5000000,0,0,0,0,0,329,yes
fy-2026-27-development-book-volume-1-1011-1083,1064,1064112600,Infrastructure Support to TTIs.,1064112678,Kaimosi National Polytechnic,gross,,Gross,10000000,0,0,0,0,0,329,yes
fy-2026-27-development-book-volume-1-1011-1083,1064,1064112600,Infrastructure Support to TTIs.,1064112678,Kaimosi National Polytechnic,net,,Net,10000000,0,0,0,0,0,329,yes
fy-2026-27-development-book-volume-1-1011-1083,1064,1064112600,Infrastructure Support to TTIs.,1064112679,Moiben school of TVET,gross,,Gross,5000000,0,0,0,0,0,329,yes
fy-2026-27-development-book-volume-1-1011-1083,1064,1064112600,Infrastructure Support to TTIs.,1064112679,Moiben school of TVET,net,,Net,5000000,0,0,0,0,0,329,yes
fy-2026-27-development-book-volume-1-1011-1083,1064,1064112600,Infrastructure Support to TTIs.,1064112680,Navakholo Technical Training Institute,gross,,Gross,15000000,0,0,0,0,0,329,yes
fy-2026-27-development-book-volume-1-1011-1083,1064,1064112600,Infrastructure Support to TTIs.,1064112680,Navakholo Technical Training Institute,net,,Net,15000000,0,0,0,0,0,329,yes
fy-2026-27-development-book-volume-1-1011-1083,1064,1064112600,Infrastructure Support to TTIs.,1064112681,Ndia Technical Training Institute,gross,,Gross,10000000,0,0,0,0,0,330,yes
fy-2026-27-development-book-volume-1-1011-1083,1064,1064112600,Infrastructure Support to TTIs.,1064112681,Ndia Technical Training Institute,net,,Net,10000000,0,0,0,0,0,330,yes
fy-2026-27-development-book-volume-1-1011-1083,1064,1064112600,Infrastructure Support to TTIs.,1064112682,Njoro Technical Training Institute,gross,,Gross,10000000,0,0,0,0,0,330,yes
fy-2026-27-development-book-volume-1-1011-1083,1064,1064112600,Infrastructure Support to TTIs.,1064112682,Njoro Technical Training Institute,net,,Net,10000000,0,0,0,0,0,330,yes
fy-2026-27-development-book-volume-1-1011-1083,1064,1064112600,Infrastructure Support to TTIs.,1064112683,Rift Valley Institute of Science and Technology,gross,,Gross,20000000,0,0,0,0,0,330,yes
fy-2026-27-development-book-volume-1-1011-1083,1064,1064112600,Infrastructure Support to TTIs.,1064112683,Rift Valley Institute of Science and Technology,net,,Net,20000000,0,0,0,0,0,330,yes
fy-2026-27-development-book-volume-1-1011-1083,1064,1064112700,Infrastructure Support to National Polytechnics.,1064112702,Bumbe National Polytechnic,gross,,Gross,10000000,9555000,0,0,0,0,330,yes
fy-2026-27-development-book-volume-1-1011-1083,1064,1064112700,Infrastructure Support to National Polytechnics.,1064112702,Bumbe National Polytechnic,net,,Net,10000000,9555000,0,0,0,0,330,yes
fy-2026-27-development-book-volume-1-1011-1083,1064,1064112700,Infrastructure Support to National Polytechnics.,1064112703,Bungoma National Polytechnic,gross,,Gross,15000000,19927719,0,0,0,0,331,yes
fy-2026-27-development-book-volume-1-1011-1083,1064,1064112700,Infrastructure Support to National Polytechnics.,1064112703,Bungoma National Polytechnic,net,,Net,15000000,19927719,0,0,0,0,331,yes
fy-2026-27-development-book-volume-1-1011-1083,1064,1064112700,Infrastructure Support to National Polytechnics.,1064112704,Eldoret National Polytechnic,gross,,Gross,20000000,22295000,0,0,0,0,331,yes
fy-2026-27-development-book-volume-1-1011-1083,1064,1064112700,Infrastructure Support to National Polytechnics.,1064112704,Eldoret National Polytechnic,net,,Net,20000000,22295000,0,0,0,0,331,yes
fy-2026-27-development-book-volume-1-1011-1083,1064,1064112700,Infrastructure Support to National Polytechnics.,1064112705,Kabete National Polytechnic,gross,,Gross,20000000,9555000,0,0,0,0,331,yes
fy-2026-27-development-book-volume-1-1011-1083,1064,1064112700,Infrastructure Support to National Polytechnics.,1064112705,Kabete National Polytechnic,net,,Net,20000000,9555000,0,0,0,0,331,yes
fy-2026-27-development-book-volume-1-1011-1083,1064,1064112700,Infrastructure Support to National Polytechnics.,1064112706,Kaiboi National Polytechnic,gross,,Gross,20000000,18473000,0,0,0,0,331,yes
fy-2026-27-development-book-volume-1-1011-1083,1064,1064112700,Infrastructure Support to National Polytechnics.,1064112706,Kaiboi National Polytechnic,net,,Net,20000000,18473000,0,0,0,0,331,yes
fy-2026-27-development-book-volume-1-1011-1083,1064,1064112700,Infrastructure Support to National Polytechnics.,1064112707,Kaimosi Friends National Polytechnic,gross,,Gross,10000000,12740000,0,0,0,0,331,yes
fy-2026-27-development-book-volume-1-1011-1083,1064,1064112700,Infrastructure Support to National Polytechnics.,1064112707,Kaimosi Friends National Polytechnic,net,,Net,10000000,12740000,0,0,0,0,331,yes
fy-2026-27-development-book-volume-1-1011-1083,1064,1064112700,Infrastructure Support to National Polytechnics.,1064112708,Kajiado National Polytechnic,gross,,Gross,10000000,12740000,0,0,0,0,332,yes
fy-2026-27-development-book-volume-1-1011-1083,1064,1064112700,Infrastructure Support to National Polytechnics.,1064112708,Kajiado National Polytechnic,net,,Net,10000000,12740000,0,0,0,0,332,yes
fy-2026-27-development-book-volume-1-1011-1083,1064,1064112700,Infrastructure Support to National Polytechnics.,1064112709,Kitale National Polytechnic,gross,,Gross,20000000,9555000,0,0,0,0,332,yes
fy-2026-27-development-book-volume-1-1011-1083,1064,1064112700,Infrastructure Support to National Polytechnics.,1064112709,Kitale National Polytechnic,net,,Net,20000000,9555000,0,0,0,0,332,yes
fy-2026-27-development-book-volume-1-1011-1083,1064,1064112700,Infrastructure Support to National Polytechnics.,1064112710,Mawego National Polytechnic,gross,,Gross,15000000,9555000,0,0,0,0,332,yes
fy-2026-27-development-book-volume-1-1011-1083,1064,1064112700,Infrastructure Support to National Polytechnics.,1064112710,Mawego National Polytechnic,net,,Net,15000000,9555000,0,0,0,0,332,yes
fy-2026-27-development-book-volume-1-1011-1083,1064,1064112700,Infrastructure Support to National Polytechnics.,1064112711,Meru National Polytechnic,gross,,Gross,30000000,9555000,0,0,0,0,332,yes
fy-2026-27-development-book-volume-1-1011-1083,1064,1064112700,Infrastructure Support to National Polytechnics.,1064112711,Meru National Polytechnic,net,,Net,30000000,9555000,0,0,0,0,332,yes
fy-2026-27-development-book-volume-1-1011-1083,1064,1064112700,Infrastructure Support to National Polytechnics.,1064112712,Nyeri National Polytechnic,gross,,Gross,30000000,9555000,0,0,0,0,332,yes
fy-2026-27-development-book-volume-1-1011-1083,1064,1064112700,Infrastructure Support to National Polytechnics.,1064112712,Nyeri National Polytechnic,net,,Net,30000000,9555000,0,0,0,0,332,yes
fy-2026-27-development-book-volume-1-1011-1083,1064,1064112700,Infrastructure Support to National Polytechnics.,1064112713,Rift Valley National Polytechnic,gross,,Gross,30000000,12740000,0,0,0,0,333,yes
fy-2026-27-development-book-volume-1-1011-1083,1064,1064112700,Infrastructure Support to National Polytechnics.,1064112713,Rift Valley National Polytechnic,net,,Net,30000000,12740000,0,0,0,0,333,yes
fy-2026-27-development-book-volume-1-1011-1083,1064,1064112700,Infrastructure Support to National Polytechnics.,1064112714,Siaya National Polytechnic,gross,,Gross,20000000,12740000,0,0,0,0,333,yes
fy-2026-27-development-book-volume-1-1011-1083,1064,1064112700,Infrastructure Support to National Polytechnics.,1064112714,Siaya National Polytechnic,net,,Net,20000000,12740000,0,0,0,0,333,yes
fy-2026-27-development-book-volume-1-1011-1083,1064,1064112700,Infrastructure Support to National Polytechnics.,1064112715,Tseikuru National Polytechnic,gross,,Gross,10000000,9555000,0,0,0,0,333,yes
fy-2026-27-development-book-volume-1-1011-1083,1064,1064112700,Infrastructure Support to National Polytechnics.,1064112715,Tseikuru National Polytechnic,net,,Net,10000000,9555000,0,0,0,0,333,yes
fy-2026-27-development-book-volume-1-1011-1083,1064,1064112700,Infrastructure Support to National Polytechnics.,1064112716,North Eastern National Polytechnic,gross,,Gross,0,15918000,0,0,0,0,333,yes
fy-2026-27-development-book-volume-1-1011-1083,1064,1064112700,Infrastructure Support to National Polytechnics.,1064112716,North Eastern National Polytechnic,net,,Net,0,15918000,0,0,0,0,333,yes
fy-2026-27-development-book-volume-1-1011-1083,1064,1064112800,Kenya - China TVET Project Phase (III).,1064112801,Kenya - China TVET Project Phase (III),gross,,Gross,2600000000,1280529854,0,0,1190664417,0,334,yes
fy-2026-27-development-book-volume-1-1011-1083,1064,1064112800,Kenya - China TVET Project Phase (III).,1064112801,Kenya - China TVET Project Phase (III),appropriations_in_aid,,Appropriations In Aid,2600000000,1190664417,0,0,0,0,334,yes
fy-2026-27-development-book-volume-1-1011-1083,1064,1064112800,Kenya - China TVET Project Phase (III).,1064112801,Kenya - China TVET Project Phase (III),net,,Net,0,89865437,0,0,0,0,334,yes
fy-2026-27-development-book-volume-1-1011-1083,1064,1064112900,"Establishment of Cooperative College I-TVET, Kileges.",1064112901,"Cooperative College I-TVET, Kileges",gross,,Gross,0,42000000,0,0,0,0,334,yes
fy-2026-27-development-book-volume-1-1011-1083,1064,1064112900,"Establishment of Cooperative College I-TVET, Kileges.",1064112901,"Cooperative College I-TVET, Kileges",net,,Net,0,42000000,0,0,0,0,334,yes
fy-2026-27-development-book-volume-1-1011-1083,1064,1064113000,Machakos TTI for the Deaf.,1064113001,Infrastructure Support,gross,,Gross,20000000,0,0,0,0,0,335,yes
fy-2026-27-development-book-volume-1-1011-1083,1064,1064113000,Machakos TTI for the Deaf.,1064113001,Infrastructure Support,net,,Net,20000000,0,0,0,0,0,335,yes
fy-2026-27-development-book-volume-1-1011-1083,1064,1064113100,St. Joseph Musakava.,1064113101,Infrastructure Support,gross,,Gross,10000000,0,0,0,0,0,335,yes
fy-2026-27-development-book-volume-1-1011-1083,1064,1064113100,St. Joseph Musakava.,1064113101,Infrastructure Support,net,,Net,10000000,0,0,0,0,0,335,yes
fy-2026-27-development-book-volume-1-1011-1083,1064,1064113200,Bomet TVET.,1064113201,Bomet TVET,gross,,Gross,15000000,0,0,0,0,0,335,yes
fy-2026-27-development-book-volume-1-1011-1083,1064,1064113200,Bomet TVET.,1064113201,Bomet TVET,net,,Net,15000000,0,0,0,0,0,335,yes
fy-2026-27-development-book-volume-1-1011-1083,1064,1064113300,Digitalization for Technical & Vocational Education & Training.,1064113301,Digitalization for Technical & Vocational Education & Training,gross,,Gross,0,702900000,0,282900000,420000000,0,336,yes
fy-2026-27-development-book-volume-1-1011-1083,1064,1064113300,Digitalization for Technical & Vocational Education & Training.,1064113301,Digitalization for Technical & Vocational Education & Training,appropriations_in_aid,,Appropriations In Aid,0,420000000,0,0,0,0,336,yes
fy-2026-27-development-book-volume-1-1011-1083,1064,1064113300,Digitalization for Technical & Vocational Education & Training.,1064113301,Digitalization for Technical & Vocational Education & Training,net,,Net,0,282900000,0,282900000,0,0,336,yes
fy-2026-27-development-book-volume-1-1011-1083,1065,1065100300,Technical University of Kenya.,1065100303,Construction of Administration and Tuition Block,exp,2630200,Capital Grants to Government Agencies and other Levels of Government,25000000,81000000,0,0,0,0,355,yes
fy-2026-27-development-book-volume-1-1011-1083,1065,1065100400,University of Nairobi.,1065100409,UoN Engineering and Science Complex Project,exp,2630200,Capital Grants to Government Agencies and other Levels of Government,100000000,1779382390,0,97296600,0,1682085790,355,yes
fy-2026-27-development-book-volume-1-1011-1083,1065,1065100400,University of Nairobi.,1065100415,GoK/UNFPA 10th CP - PSRI,exp,2630200,Capital Grants to Government Agencies and other Levels of Government,0,5000000,0,5000000,0,0,355,yes
fy-2026-27-development-book-volume-1-1011-1083,1065,1065100400,University of Nairobi.,1065100416,GoK/UNFPA 10th CP - ACCAF,exp,2630200,Capital Grants to Government Agencies and other Levels of Government,12796400,5000000,0,5000000,0,0,356,yes
fy-2026-27-development-book-volume-1-1011-1083,1065,1065100500,Murang'a University.,1065100507,Construction of Hostel Block Phase III,exp,2630200,Capital Grants to Government Agencies and other Levels of Government,0,81000000,0,0,0,0,356,yes
fy-2026-27-development-book-volume-1-1011-1083,1065,1065100500,Murang'a University.,1065100508,Construction of Science Complex,exp,2630200,Capital Grants to Government Agencies and other Levels of Government,50000000,0,0,0,0,0,356,yes
fy-2026-27-development-book-volume-1-1011-1083,1065,1065100500,Murang'a University.,1065100509,Asbestos Removal and Replacement,exp,2630200,Capital Grants to Government Agencies and other Levels of Government,19000000,0,0,0,0,0,356,yes
fy-2026-27-development-book-volume-1-1011-1083,1065,1065100700,Egerton University.,1065100705,Establish. of International Centre for Genetic Engineering &,exp,2630200,Capital Grants to Government Agencies and other Levels of Government,0,80000000,0,0,0,0,357,yes
fy-2026-27-development-book-volume-1-1011-1083,1065,1065100800,Jomo Kenyatta University of Agriculture and Techno.,1065100803,Construction of College of Engineering - Tuition Block,exp,2630200,Capital Grants to Government Agencies and other Levels of Government,15000000,80000000,0,0,0,0,357,yes
fy-2026-27-development-book-volume-1-1011-1083,1065,1065100900,Maseno University.,1065100903,Construction of College Tuition & Admin Block,exp,2630200,Capital Grants to Government Agencies and other Levels of Government,50000000,0,0,0,0,0,358,yes
fy-2026-27-development-book-volume-1-1011-1083,1065,1065100900,Maseno University.,1065100905,Construction of Modern Science Laboratories,exp,2630200,Capital Grants to Government Agencies and other Levels of Government,0,80000000,0,0,0,0,358,yes
fy-2026-27-development-book-volume-1-1011-1083,1065,1065101000,Moi University.,1065101001,Construction of Library At Annex,exp,2630200,Capital Grants to Government Agencies and other Levels of Government,0,55000000,0,0,0,0,358,yes
fy-2026-27-development-book-volume-1-1011-1083,1065,1065101000,Moi University.,1065101006,Renovation of Student Hostels,exp,2630200,Capital Grants to Government Agencies and other Levels of Government,13000000,0,0,0,0,0,358,yes
fy-2026-27-development-book-volume-1-1011-1083,1065,1065101000,Moi University.,1065101007,Construction of Amphitheatre,exp,2630200,Capital Grants to Government Agencies and other Levels of Government,0,93000000,0,0,0,0,359,yes
fy-2026-27-development-book-volume-1-1011-1083,1065,1065101000,Moi University.,1065101009,Infrastructure Support,exp,2630200,Capital Grants to Government Agencies and other Levels of Government,1000000000,0,0,0,0,0,359,yes
fy-2026-27-development-book-volume-1-1011-1083,1065,1065101100,Masinde Muliro University.,1065101108,Construction of Engineering and TVET Complex,exp,2630200,Capital Grants to Government Agencies and other Levels of Government,15000000,80000000,0,0,0,0,359,yes
fy-2026-27-development-book-volume-1-1011-1083,1065,1065101200,Koitalel Arap Samoei University College.,1065101201,Construction of Administration block and Lecture theatre,exp,2630200,Capital Grants to Government Agencies and other Levels of Government,495000000,100000000,0,0,0,0,360,yes
fy-2026-27-development-book-volume-1-1011-1083,1065,1065101300,Gatundu University College.,1065101301,Construction of Administration block and Lecture theatre,exp,2630200,Capital Grants to Government Agencies and other Levels of Government,40000000,100000000,0,0,0,0,360,yes
fy-2026-27-development-book-volume-1-1011-1083,1065,1065101400,Bomet University College.,1065101401,"Construction of Administration Block, Lecture Theatre & Assoc.",exp,2630200,Capital Grants to Government Agencies and other Levels of Government,40000000,100000000,0,0,0,0,360,yes
fy-2026-27-development-book-volume-1-1011-1083,1065,1065101500,Tom Mboya University.,1065101501,Construction of Administration Block and Lecture Theatre,exp,2630200,Capital Grants to Government Agencies and other Levels of Government,40000000,100000000,0,0,0,0,361,yes
fy-2026-27-development-book-volume-1-1011-1083,1065,1065101600,Alupe University.,1065101601,C onstruction of Administration Block and Lecture Theatre,exp,2630200,Capital Grants to Government Agencies and other Levels of Government,40000000,100000000,0,0,0,0,361,yes
fy-2026-27-development-book-volume-1-1011-1083,1065,1065101700,Kaimosi University.,1065101702,Construction of Ultra Modern Library,exp,2630200,Capital Grants to Government Agencies and other Levels of Government,25000000,100000000,0,0,0,0,362,yes
fy-2026-27-development-book-volume-1-1011-1083,1065,1065101800,Kibabii University.,1065101806,Construction of a Students' Centre,exp,2630200,Capital Grants to Government Agencies and other Levels of Government,41000000,0,0,0,0,0,362,yes
fy-2026-27-development-book-volume-1-1011-1083,1065,1065101800,Kibabii University.,1065101807,Purchase of Laboratory Equipment,exp,2630200,Capital Grants to Government Agencies and other Levels of Government,0,35000000,0,0,0,0,362,yes
fy-2026-27-development-book-volume-1-1011-1083,1065,1065101800,Kibabii University.,1065101808,Construction of a Games/ Sports Field,exp,2630200,Capital Grants to Government Agencies and other Levels of Government,0,2000000,0,0,0,0,362,yes
fy-2026-27-development-book-volume-1-1011-1083,1065,1065101900,South Eastern Kenya University.,1065101918,Construction of Humanities and Social Sciences Lecture halls,exp,2630200,Capital Grants to Government Agencies and other Levels of Government,42177865,0,0,0,0,0,363,yes
fy-2026-27-development-book-volume-1-1011-1083,1065,1065101900,South Eastern Kenya University.,1065101919,Infrastructure Support - Mwingi Campus -S. Eastern Kenya,exp,2630200,Capital Grants to Government Agencies and other Levels of Government,0,53000000,0,0,0,0,363,yes
fy-2026-27-development-book-volume-1-1011-1083,1065,1065102000,Pwani University.,1065102008,Expansion of School of Humanities & Social Sciences Building,exp,2630200,Capital Grants to Government Agencies and other Levels of Government,12500000,12000000,0,0,0,0,363,yes
fy-2026-27-development-book-volume-1-1011-1083,1065,1065102000,Pwani University.,1065102009,Expansion of School of Agricultural Sciences & Agribusiness,exp,2630200,Capital Grants to Government Agencies and other Levels of Government,0,80000000,0,0,0,0,364,yes
fy-2026-27-development-book-volume-1-1011-1083,1065,1065102100,The Chuka University.,1065102101,Construction of Men's Hostel,exp,2630200,Capital Grants to Government Agencies and other Levels of Government,12500000,80000000,0,0,0,0,364,yes
fy-2026-27-development-book-volume-1-1011-1083,1065,1065102200,Kisii University.,1065102201,Construction of ICT Center,exp,2630200,Capital Grants to Government Agencies and other Levels of Government,20081524,30000000,0,0,0,0,364,yes
fy-2026-27-development-book-volume-1-1011-1083,1065,1065102200,Kisii University.,1065102202,Construction of Lecture Theatres,exp,2630200,Capital Grants to Government Agencies and other Levels of Government,2552033,0,0,0,0,0,365,yes
fy-2026-27-development-book-volume-1-1011-1083,1065,1065102200,Kisii University.,1065102203,Construction of Hostels,exp,2630200,Capital Grants to Government Agencies and other Levels of Government,28850000,0,0,0,0,0,365,yes
fy-2026-27-development-book-volume-1-1011-1083,1065,1065102300,Laikipia University of Technology.,1065102301,Construction of Tuition Block,exp,2630200,Capital Grants to Government Agencies and other Levels of Government,23000000,87000000,0,0,0,0,365,yes
fy-2026-27-development-book-volume-1-1011-1083,1065,1065102300,Laikipia University of Technology.,1065102306,Construction of Science Laboratories,exp,2630200,Capital Grants to Government Agencies and other Levels of Government,0,20000000,0,0,0,0,365,yes
fy-2026-27-development-book-volume-1-1011-1083,1065,1065102400,Meru University of Science and Technology.,1065102402,Construction of Engineering Complex,exp,2630200,Capital Grants to Government Agencies and other Levels of Government,7000000,0,0,0,0,0,366,yes
fy-2026-27-development-book-volume-1-1011-1083,1065,1065102400,Meru University of Science and Technology.,1065102411,Construction of Nursing & Public Health Building,exp,2630200,Capital Grants to Government Agencies and other Levels of Government,25000000,130000000,0,0,0,0,366,yes
fy-2026-27-development-book-volume-1-1011-1083,1065,1065102500,Multimedia University of Kenya.,1065102508,Construction of Library,exp,2630200,Capital Grants to Government Agencies and other Levels of Government,55000000,58000000,0,0,0,0,366,yes
fy-2026-27-development-book-volume-1-1011-1083,1065,1065102600,Maasai Mara University.,1065102605,Construction of Ultra-Modern Library,exp,2630200,Capital Grants to Government Agencies and other Levels of Government,15000000,80000000,0,0,0,0,367,yes
fy-2026-27-development-book-volume-1-1011-1083,1065,1065102700,University of Kabianga.,1065102709,Construction of Library,exp,2630200,Capital Grants to Government Agencies and other Levels of Government,15000000,80000000,0,0,0,0,367,yes
fy-2026-27-development-book-volume-1-1011-1083,1065,1065102800,University of Eldoret.,1065102801,Construction of Education Complex,exp,2630200,Capital Grants to Government Agencies and other Levels of Government,200000000,0,0,0,0,0,368,yes
fy-2026-27-development-book-volume-1-1011-1083,1065,1065102900,Karatina University.,1065102905,Construction of Library - Phase 1,exp,2630200,Capital Grants to Government Agencies and other Levels of Government,22516443,92000000,0,0,0,0,368,yes
fy-2026-27-development-book-volume-1-1011-1083,1065,1065103000,Jaramogi Oginga Odinga University of Science and Technology.,1065103002,Construction of Modern Library (Bondo),exp,2630200,Capital Grants to Government Agencies and other Levels of Government,5000000,0,0,0,0,0,368,yes
fy-2026-27-development-book-volume-1-1011-1083,1065,1065103000,Jaramogi Oginga Odinga University of Science and Technology.,1065103005,Construction of Tuition Block,exp,2630200,Capital Grants to Government Agencies and other Levels of Government,50000000,60000000,0,0,0,0,369,yes
fy-2026-27-development-book-volume-1-1011-1083,1065,1065103000,Jaramogi Oginga Odinga University of Science and Technology.,1065103006,Construction of Research Centre,exp,2630200,Capital Grants to Government Agencies and other Levels of Government,150000000,37000000,0,0,0,0,369,yes
fy-2026-27-development-book-volume-1-1011-1083,1065,1065103100,Machakos University.,1065103112,Construction of Tuition Block,exp,2630200,Capital Grants to Government Agencies and other Levels of Government,20000000,80000000,0,0,0,0,369,yes
fy-2026-27-development-book-volume-1-1011-1083,1065,1065103200,Embu University.,1065103215,Construction of a Tuition Block,exp,2630200,Capital Grants to Government Agencies and other Levels of Government,45000000,100000000,0,0,0,0,370,yes
fy-2026-27-development-book-volume-1-1011-1083,1065,1065103300,Rongo University.,1065103301,Construction of Tuition Block,exp,2630200,Capital Grants to Government Agencies and other Levels of Government,114000000,40000000,0,0,0,0,370,yes
fy-2026-27-development-book-volume-1-1011-1083,1065,1065103300,Rongo University.,1065103307,Construction of a Library,exp,2630200,Capital Grants to Government Agencies and other Levels of Government,0,100000000,0,0,0,0,370,yes
fy-2026-27-development-book-volume-1-1011-1083,1065,1065103400,Co-operative University of Kenya.,1065103402,Construction of Library,exp,2630200,Capital Grants to Government Agencies and other Levels of Government,25000000,155000000,0,0,0,0,371,yes
fy-2026-27-development-book-volume-1-1011-1083,1065,1065103400,Co-operative University of Kenya.,1065103403,Kenya Rural Transformation Centres Digital Platform,exp,2630200,Capital Grants to Government Agencies and other Levels of Government,40000000,0,0,0,0,0,371,yes
fy-2026-27-development-book-volume-1-1011-1083,1065,1065103400,Co-operative University of Kenya.,1065103403,Kenya Rural Transformation Centres Digital Platform,financing,1310200,Grants from Foreign Governments - Direct Payments,40000000,0,0,0,0,0,371,yes
fy-2026-27-development-book-volume-1-1011-1083,1065,1065103500,Garissa University.,1065103502,Construction of a Modern Hostel and Administration Block,exp,2630200,Capital Grants to Government Agencies and other Levels of Government,0,107154541,0,0,0,0,371,yes
fy-2026-27-development-book-volume-1-1011-1083,1065,1065103500,Garissa University.,1065103503,Tuition Block,exp,2630200,Capital Grants to Government Agencies and other Levels of Government,30000000,0,0,0,0,0,371,yes
fy-2026-27-development-book-volume-1-1011-1083,1065,1065103500,Garissa University.,1065103504,Library Complex - School of Information Science,exp,2630200,Capital Grants to Government Agencies and other Levels of Government,100000000,70000000,0,0,0,0,372,yes
fy-2026-27-development-book-volume-1-1011-1083,1065,1065103500,Garissa University.,1065103505,Water Storage Borehole,exp,2630200,Capital Grants to Government Agencies and other Levels of Government,16000000,0,0,0,0,0,372,yes
fy-2026-27-development-book-volume-1-1011-1083,1065,1065103600,Kirinyaga University.,1065103610,Construction of Tuition Complex,exp,2630200,Capital Grants to Government Agencies and other Levels of Government,0,80000000,0,0,0,0,372,yes
fy-2026-27-development-book-volume-1-1011-1083,1065,1065103600,Kirinyaga University.,1065103611,Construction of a multi-purpose Lecture Theatre,exp,2630200,Capital Grants to Government Agencies and other Levels of Government,20000000,0,0,0,0,0,372,yes
fy-2026-27-development-book-volume-1-1011-1083,1065,1065103700,Dedan Kimathi University of Technology.,1065103701,Construction of an Academic Block,exp,2630200,Capital Grants to Government Agencies and other Levels of Government,0,60000000,0,0,0,0,373,yes
fy-2026-27-development-book-volume-1-1011-1083,1065,1065103700,Dedan Kimathi University of Technology.,1065103702,Construction of Resource Center III (Library & Offices),exp,2630200,Capital Grants to Government Agencies and other Levels of Government,20000000,50000000,0,0,0,0,373,yes
fy-2026-27-development-book-volume-1-1011-1083,1065,1065103800,Taita Taveta University.,1065103807,Fencing of Taveta Plot & Construction of office block,exp,2630200,Capital Grants to Government Agencies and other Levels of Government,20000000,90000000,0,0,0,0,373,yes
fy-2026-27-development-book-volume-1-1011-1083,1065,1065104200,Tharaka University College.,1065104201,Construction of Administration Block,exp,2630200,Capital Grants to Government Agencies and other Levels of Government,0,100000000,0,0,0,0,374,yes
fy-2026-27-development-book-volume-1-1011-1083,1065,1065104200,Tharaka University College.,1065104203,Construction of Library,exp,2630200,Capital Grants to Government Agencies and other Levels of Government,45000000,0,0,0,0,0,374,yes
fy-2026-27-development-book-volume-1-1011-1083,1065,1065104400,Mariene Research Institute.,1065104401,Construction of Administration & Lecture Theatre,exp,2630200,Capital Grants to Government Agencies and other Levels of Government,0,50000000,0,0,0,0,374,yes
fy-2026-27-development-book-volume-1-1011-1083,1065,1065104400,Mariene Research Institute.,1065104404,Construction of Modern Library,exp,2630200,Capital Grants to Government Agencies and other Levels of Government,45000000,0,0,0,0,0,375,yes
fy-2026-27-development-book-volume-1-1011-1083,1065,1065104600,Turkana University College.,1065104601,Construction of Hostel and Tuition Block,exp,2630200,Capital Grants to Government Agencies and other Levels of Government,45000000,100000000,0,0,0,0,375,yes
fy-2026-27-development-book-volume-1-1011-1083,1065,1065104700,GoK/ UNFPA 10th Country Programme - PSRI.,1065104701,GoK/ UNFPA 10th Country Programme - PSRI,exp,2630200,Capital Grants to Government Agencies and other Levels of Government,5000000,0,0,0,0,0,375,yes
fy-2026-27-development-book-volume-1-1011-1083,1065,1065104900,Open University of Kenya.,1065104901,Infrastructure Development Including ERP System,exp,2630200,Capital Grants to Government Agencies and other Levels of Government,235000000,235000000,0,0,0,0,376,yes
fy-2026-27-development-book-volume-1-1011-1083,1065,1065105000,Support for Higher Education Science and Technology - Phase II.,1065105001,Support for Higher Education Science and Technology - Phase II,exp,2630200,Capital Grants to Government Agencies and other Levels of Government,0,2719041639,0,0,2015041639,0,376,yes
fy-2026-27-development-book-volume-1-1011-1083,1065,1065105000,Support for Higher Education Science and Technology - Phase II.,1065105001,Support for Higher Education Science and Technology - Phase II,financing,5120200,Foreign Borrowing - Direct Payments,0,2015041639,0,0,0,0,376,yes
fy-2026-27-development-book-volume-1-1011-1083,1065,1065105100,Infrastructure Support to Public Universities.,1065105102,Construction of Administration block - Baringo University College,exp,2630200,Capital Grants to Government Agencies and other Levels of Government,40000000,0,0,0,0,0,377,yes
fy-2026-27-development-book-volume-1-1011-1083,1065,1065105100,Infrastructure Support to Public Universities.,1065105103,Construction of Men's Hostel - Chuka University. - Chuka,exp,2630200,Capital Grants to Government Agencies and other Levels of Government,30000000,0,0,0,0,0,377,yes
fy-2026-27-development-book-volume-1-1011-1083,1065,1065105100,Infrastructure Support to Public Universities.,1065105104,Construction of Hostel - Garissa University College.,exp,2630200,Capital Grants to Government Agencies and other Levels of Government,80000000,0,0,0,0,0,377,yes
fy-2026-27-development-book-volume-1-1011-1083,1065,1065105100,Infrastructure Support to Public Universities.,1065105105,Construction of College of Engineering - Tuition Block - JKUAT,exp,2630200,Capital Grants to Government Agencies and other Levels of Government,35000000,0,0,0,0,0,377,yes
fy-2026-27-development-book-volume-1-1011-1083,1065,1065105100,Infrastructure Support to Public Universities.,1065105106,Support to Kobujoi campus - Kaimosi University,exp,2630200,Capital Grants to Government Agencies and other Levels of Government,35000000,100000000,0,0,0,0,378,yes
fy-2026-27-development-book-volume-1-1011-1083,1065,1065105100,Infrastructure Support to Public Universities.,1065105107,Construction of Library - Phase 1 - Karatina University,exp,2630200,Capital Grants to Government Agencies and other Levels of Government,20000000,0,0,0,0,0,378,yes
fy-2026-27-development-book-volume-1-1011-1083,1065,1065105100,Infrastructure Support to Public Universities.,1065105108,Construction of a Games- Sports Field - Kibabii University,exp,2630200,Capital Grants to Government Agencies and other Levels of Government,25000000,0,0,0,0,0,378,yes
fy-2026-27-development-book-volume-1-1011-1083,1065,1065105100,Infrastructure Support to Public Universities.,1065105109,Construction of ICT Center - Kisii University,exp,2630200,Capital Grants to Government Agencies and other Levels of Government,25000000,0,0,0,0,0,378,yes
fy-2026-27-development-book-volume-1-1011-1083,1065,1065105100,Infrastructure Support to Public Universities.,1065105110,"Const. Admin Blk., Lecture theatre-Koitalel Arap Samoei Uni.",exp,2630200,Capital Grants to Government Agencies and other Levels of Government,35000000,0,0,0,0,0,378,yes
fy-2026-27-development-book-volume-1-1011-1083,1065,1065105100,Infrastructure Support to Public Universities.,1065105111,Construction of Modern Library - Mariene Research Institute.,exp,2630200,Capital Grants to Government Agencies and other Levels of Government,30000000,0,0,0,0,0,379,yes
fy-2026-27-development-book-volume-1-1011-1083,1065,1065105100,Infrastructure Support to Public Universities.,1065105112,Construction of Nursing & Public Health Building - Meru,exp,2630200,Capital Grants to Government Agencies and other Levels of Government,25000000,0,0,0,0,0,379,yes
fy-2026-27-development-book-volume-1-1011-1083,1065,1065105100,Infrastructure Support to Public Universities.,1065105113,Construction of Science complex - Murang'a University,exp,2630200,Capital Grants to Government Agencies and other Levels of Government,30000000,0,0,0,0,0,379,yes
fy-2026-27-development-book-volume-1-1011-1083,1065,1065105100,Infrastructure Support to Public Universities.,1065105114,Construction of Humanities and Social Sciences Lecture Halls -,exp,2630200,Capital Grants to Government Agencies and other Levels of Government,25000000,0,0,0,0,0,379,yes
fy-2026-27-development-book-volume-1-1011-1083,1065,1065105100,Infrastructure Support to Public Universities.,1065105115,Construction of office block - Taita Taveta University,exp,2630200,Capital Grants to Government Agencies and other Levels of Government,30000000,0,0,0,0,0,379,yes
fy-2026-27-development-book-volume-1-1011-1083,1065,1065105100,Infrastructure Support to Public Universities.,1065105116,Construction of Administration Block - Tharaka University,exp,2630200,Capital Grants to Government Agencies and other Levels of Government,25000000,0,0,0,0,0,380,yes
fy-2026-27-development-book-volume-1-1011-1083,1065,1065105100,Infrastructure Support to Public Universities.,1065105117,Const. of Admin. Blk and Lecture theatre - Tom Mboya Uni.,exp,2630200,Capital Grants to Government Agencies and other Levels of Government,35000000,0,0,0,0,0,380,yes
fy-2026-27-development-book-volume-1-1011-1083,1065,1065105100,Infrastructure Support to Public Universities.,1065105118,Construction of Tuition block - Turkana University,exp,2630200,Capital Grants to Government Agencies and other Levels of Government,20000000,0,0,0,0,0,380,yes
fy-2026-27-development-book-volume-1-1011-1083,1065,1065105100,Infrastructure Support to Public Universities.,1065105119,Construction of Dental school - University of Nairobi,exp,2630200,Capital Grants to Government Agencies and other Levels of Government,55000000,0,0,0,0,0,380,yes
fy-2026-27-development-book-volume-1-1011-1083,1065,1065105100,Infrastructure Support to Public Universities.,1065105120,Completion of the Nursing and Health Sciences Complex - Baraton,exp,2640500,Other Capital Grants and Transfers,60000000,0,0,0,0,0,380,yes
fy-2026-27-development-book-volume-1-1011-1083,1065,1065105200,Samburu University College (Maralal).,1065105201,Infrastructure Development,exp,2630200,Capital Grants to Government Agencies and other Levels of Government,150000000,100000000,0,0,0,0,381,yes
fy-2026-27-development-book-volume-1-1011-1083,1065,1065105300,Kabarnet University College.,1065105301,Infrastructure Development,exp,2630200,Capital Grants to Government Agencies and other Levels of Government,650000000,500000000,0,0,0,0,381,yes
fy-2026-27-development-book-volume-1-1011-1083,1065,1065105400,Nyandarua University College.,1065105401,Establishment of Nyandarua Campus,exp,2630200,Capital Grants to Government Agencies and other Levels of Government,0,146000000,0,0,0,0,382,yes
fy-2026-27-development-book-volume-1-1011-1083,1065,1065100300,Technical University of Kenya.,1065100303,Construction of Administration and Tuition Block,gross,,Gross,25000000,81000000,0,0,0,0,355,yes
fy-2026-27-development-book-volume-1-1011-1083,1065,1065100300,Technical University of Kenya.,1065100303,Construction of Administration and Tuition Block,net,,Net,25000000,81000000,0,0,0,0,355,yes
fy-2026-27-development-book-volume-1-1011-1083,1065,1065100400,University of Nairobi.,1065100409,UoN Engineering and Science Complex Project,gross,,Gross,100000000,1779382390,0,97296600,0,1682085790,355,yes
fy-2026-27-development-book-volume-1-1011-1083,1065,1065100400,University of Nairobi.,1065100409,UoN Engineering and Science Complex Project,net,,Net,100000000,1779382390,0,97296600,0,1682085790,355,yes
fy-2026-27-development-book-volume-1-1011-1083,1065,1065100400,University of Nairobi.,1065100415,GoK/UNFPA 10th CP - PSRI,gross,,Gross,0,5000000,0,5000000,0,0,355,yes
fy-2026-27-development-book-volume-1-1011-1083,1065,1065100400,University of Nairobi.,1065100415,GoK/UNFPA 10th CP - PSRI,net,,Net,0,5000000,0,5000000,0,0,355,yes
fy-2026-27-development-book-volume-1-1011-1083,1065,1065100400,University of Nairobi.,1065100416,GoK/UNFPA 10th CP - ACCAF,gross,,Gross,12796400,5000000,0,5000000,0,0,356,yes
fy-2026-27-development-book-volume-1-1011-1083,1065,1065100400,University of Nairobi.,1065100416,GoK/UNFPA 10th CP - ACCAF,net,,Net,12796400,5000000,0,5000000,0,0,356,yes
fy-2026-27-development-book-volume-1-1011-1083,1065,1065100500,Murang'a University.,1065100507,Construction of Hostel Block Phase III,gross,,Gross,0,81000000,0,0,0,0,356,yes
fy-2026-27-development-book-volume-1-1011-1083,1065,1065100500,Murang'a University.,1065100507,Construction of Hostel Block Phase III,net,,Net,0,81000000,0,0,0,0,356,yes
fy-2026-27-development-book-volume-1-1011-1083,1065,1065100500,Murang'a University.,1065100508,Construction of Science Complex,gross,,Gross,50000000,0,0,0,0,0,356,yes
fy-2026-27-development-book-volume-1-1011-1083,1065,1065100500,Murang'a University.,1065100508,Construction of Science Complex,net,,Net,50000000,0,0,0,0,0,356,yes
fy-2026-27-development-book-volume-1-1011-1083,1065,1065100500,Murang'a University.,1065100509,Asbestos Removal and Replacement,gross,,Gross,19000000,0,0,0,0,0,356,yes
fy-2026-27-development-book-volume-1-1011-1083,1065,1065100500,Murang'a University.,1065100509,Asbestos Removal and Replacement,net,,Net,19000000,0,0,0,0,0,356,yes
fy-2026-27-development-book-volume-1-1011-1083,1065,1065100700,Egerton University.,1065100705,Establish. of International Centre for Genetic Engineering &,gross,,Gross,0,80000000,0,0,0,0,357,yes
fy-2026-27-development-book-volume-1-1011-1083,1065,1065100700,Egerton University.,1065100705,Establish. of International Centre for Genetic Engineering &,net,,Net,0,80000000,0,0,0,0,357,yes
fy-2026-27-development-book-volume-1-1011-1083,1065,1065100800,Jomo Kenyatta University of Agriculture and Techno.,1065100803,Construction of College of Engineering - Tuition Block,gross,,Gross,15000000,80000000,0,0,0,0,357,yes
fy-2026-27-development-book-volume-1-1011-1083,1065,1065100800,Jomo Kenyatta University of Agriculture and Techno.,1065100803,Construction of College of Engineering - Tuition Block,net,,Net,15000000,80000000,0,0,0,0,357,yes
fy-2026-27-development-book-volume-1-1011-1083,1065,1065100900,Maseno University.,1065100903,Construction of College Tuition & Admin Block,gross,,Gross,50000000,0,0,0,0,0,358,yes
fy-2026-27-development-book-volume-1-1011-1083,1065,1065100900,Maseno University.,1065100903,Construction of College Tuition & Admin Block,net,,Net,50000000,0,0,0,0,0,358,yes
fy-2026-27-development-book-volume-1-1011-1083,1065,1065100900,Maseno University.,1065100905,Construction of Modern Science Laboratories,gross,,Gross,0,80000000,0,0,0,0,358,yes
fy-2026-27-development-book-volume-1-1011-1083,1065,1065100900,Maseno University.,1065100905,Construction of Modern Science Laboratories,net,,Net,0,80000000,0,0,0,0,358,yes
fy-2026-27-development-book-volume-1-1011-1083,1065,1065101000,Moi University.,1065101001,Construction of Library At Annex,gross,,Gross,0,55000000,0,0,0,0,358,yes
fy-2026-27-development-book-volume-1-1011-1083,1065,1065101000,Moi University.,1065101001,Construction of Library At Annex,net,,Net,0,55000000,0,0,0,0,358,yes
fy-2026-27-development-book-volume-1-1011-1083,1065,1065101000,Moi University.,1065101006,Renovation of Student Hostels,gross,,Gross,13000000,0,0,0,0,0,358,yes
fy-2026-27-development-book-volume-1-1011-1083,1065,1065101000,Moi University.,1065101006,Renovation of Student Hostels,net,,Net,13000000,0,0,0,0,0,358,yes
fy-2026-27-development-book-volume-1-1011-1083,1065,1065101000,Moi University.,1065101007,Construction of Amphitheatre,gross,,Gross,0,93000000,0,0,0,0,359,yes
fy-2026-27-development-book-volume-1-1011-1083,1065,1065101000,Moi University.,1065101007,Construction of Amphitheatre,net,,Net,0,93000000,0,0,0,0,359,yes
fy-2026-27-development-book-volume-1-1011-1083,1065,1065101000,Moi University.,1065101009,Infrastructure Support,gross,,Gross,1000000000,0,0,0,0,0,359,yes
fy-2026-27-development-book-volume-1-1011-1083,1065,1065101000,Moi University.,1065101009,Infrastructure Support,net,,Net,1000000000,0,0,0,0,0,359,yes
fy-2026-27-development-book-volume-1-1011-1083,1065,1065101100,Masinde Muliro University.,1065101108,Construction of Engineering and TVET Complex,gross,,Gross,15000000,80000000,0,0,0,0,359,yes
fy-2026-27-development-book-volume-1-1011-1083,1065,1065101100,Masinde Muliro University.,1065101108,Construction of Engineering and TVET Complex,net,,Net,15000000,80000000,0,0,0,0,359,yes
fy-2026-27-development-book-volume-1-1011-1083,1065,1065101200,Koitalel Arap Samoei University College.,1065101201,Construction of Administration block and Lecture theatre,gross,,Gross,495000000,100000000,0,0,0,0,360,yes
fy-2026-27-development-book-volume-1-1011-1083,1065,1065101200,Koitalel Arap Samoei University College.,1065101201,Construction of Administration block and Lecture theatre,net,,Net,495000000,100000000,0,0,0,0,360,yes
fy-2026-27-development-book-volume-1-1011-1083,1065,1065101300,Gatundu University College.,1065101301,Construction of Administration block and Lecture theatre,gross,,Gross,40000000,100000000,0,0,0,0,360,yes
fy-2026-27-development-book-volume-1-1011-1083,1065,1065101300,Gatundu University College.,1065101301,Construction of Administration block and Lecture theatre,net,,Net,40000000,100000000,0,0,0,0,360,yes
fy-2026-27-development-book-volume-1-1011-1083,1065,1065101400,Bomet University College.,1065101401,"Construction of Administration Block, Lecture Theatre & Assoc.",gross,,Gross,40000000,100000000,0,0,0,0,360,yes
fy-2026-27-development-book-volume-1-1011-1083,1065,1065101400,Bomet University College.,1065101401,"Construction of Administration Block, Lecture Theatre & Assoc.",net,,Net,40000000,100000000,0,0,0,0,360,yes
fy-2026-27-development-book-volume-1-1011-1083,1065,1065101500,Tom Mboya University.,1065101501,Construction of Administration Block and Lecture Theatre,gross,,Gross,40000000,100000000,0,0,0,0,361,yes
fy-2026-27-development-book-volume-1-1011-1083,1065,1065101500,Tom Mboya University.,1065101501,Construction of Administration Block and Lecture Theatre,net,,Net,40000000,100000000,0,0,0,0,361,yes
fy-2026-27-development-book-volume-1-1011-1083,1065,1065101600,Alupe University.,1065101601,C onstruction of Administration Block and Lecture Theatre,gross,,Gross,40000000,100000000,0,0,0,0,361,yes
fy-2026-27-development-book-volume-1-1011-1083,1065,1065101600,Alupe University.,1065101601,C onstruction of Administration Block and Lecture Theatre,net,,Net,40000000,100000000,0,0,0,0,361,yes
fy-2026-27-development-book-volume-1-1011-1083,1065,1065101700,Kaimosi University.,1065101702,Construction of Ultra Modern Library,gross,,Gross,25000000,100000000,0,0,0,0,362,yes
fy-2026-27-development-book-volume-1-1011-1083,1065,1065101700,Kaimosi University.,1065101702,Construction of Ultra Modern Library,net,,Net,25000000,100000000,0,0,0,0,362,yes
fy-2026-27-development-book-volume-1-1011-1083,1065,1065101800,Kibabii University.,1065101806,Construction of a Students' Centre,gross,,Gross,41000000,0,0,0,0,0,362,yes
fy-2026-27-development-book-volume-1-1011-1083,1065,1065101800,Kibabii University.,1065101806,Construction of a Students' Centre,net,,Net,41000000,0,0,0,0,0,362,yes
fy-2026-27-development-book-volume-1-1011-1083,1065,1065101800,Kibabii University.,1065101807,Purchase of Laboratory Equipment,gross,,Gross,0,35000000,0,0,0,0,362,yes
fy-2026-27-development-book-volume-1-1011-1083,1065,1065101800,Kibabii University.,1065101807,Purchase of Laboratory Equipment,net,,Net,0,35000000,0,0,0,0,362,yes
fy-2026-27-development-book-volume-1-1011-1083,1065,1065101800,Kibabii University.,1065101808,Construction of a Games/ Sports Field,gross,,Gross,0,2000000,0,0,0,0,362,yes
fy-2026-27-development-book-volume-1-1011-1083,1065,1065101800,Kibabii University.,1065101808,Construction of a Games/ Sports Field,net,,Net,0,2000000,0,0,0,0,362,yes
fy-2026-27-development-book-volume-1-1011-1083,1065,1065101900,South Eastern Kenya University.,1065101918,Construction of Humanities and Social Sciences Lecture halls,gross,,Gross,42177865,0,0,0,0,0,363,yes
fy-2026-27-development-book-volume-1-1011-1083,1065,1065101900,South Eastern Kenya University.,1065101918,Construction of Humanities and Social Sciences Lecture halls,net,,Net,42177865,0,0,0,0,0,363,yes
fy-2026-27-development-book-volume-1-1011-1083,1065,1065101900,South Eastern Kenya University.,1065101919,Infrastructure Support - Mwingi Campus -S. Eastern Kenya,gross,,Gross,0,53000000,0,0,0,0,363,yes
fy-2026-27-development-book-volume-1-1011-1083,1065,1065101900,South Eastern Kenya University.,1065101919,Infrastructure Support - Mwingi Campus -S. Eastern Kenya,net,,Net,0,53000000,0,0,0,0,363,yes
fy-2026-27-development-book-volume-1-1011-1083,1065,1065102000,Pwani University.,1065102008,Expansion of School of Humanities & Social Sciences Building,gross,,Gross,12500000,12000000,0,0,0,0,363,yes
fy-2026-27-development-book-volume-1-1011-1083,1065,1065102000,Pwani University.,1065102008,Expansion of School of Humanities & Social Sciences Building,net,,Net,12500000,12000000,0,0,0,0,363,yes
fy-2026-27-development-book-volume-1-1011-1083,1065,1065102000,Pwani University.,1065102009,Expansion of School of Agricultural Sciences & Agribusiness,gross,,Gross,0,80000000,0,0,0,0,364,yes
fy-2026-27-development-book-volume-1-1011-1083,1065,1065102000,Pwani University.,1065102009,Expansion of School of Agricultural Sciences & Agribusiness,net,,Net,0,80000000,0,0,0,0,364,yes
fy-2026-27-development-book-volume-1-1011-1083,1065,1065102100,The Chuka University.,1065102101,Construction of Men's Hostel,gross,,Gross,12500000,80000000,0,0,0,0,364,yes
fy-2026-27-development-book-volume-1-1011-1083,1065,1065102100,The Chuka University.,1065102101,Construction of Men's Hostel,net,,Net,12500000,80000000,0,0,0,0,364,yes
fy-2026-27-development-book-volume-1-1011-1083,1065,1065102200,Kisii University.,1065102201,Construction of ICT Center,gross,,Gross,20081524,30000000,0,0,0,0,364,yes
fy-2026-27-development-book-volume-1-1011-1083,1065,1065102200,Kisii University.,1065102201,Construction of ICT Center,net,,Net,20081524,30000000,0,0,0,0,364,yes
fy-2026-27-development-book-volume-1-1011-1083,1065,1065102200,Kisii University.,1065102202,Construction of Lecture Theatres,gross,,Gross,2552033,0,0,0,0,0,365,yes
fy-2026-27-development-book-volume-1-1011-1083,1065,1065102200,Kisii University.,1065102202,Construction of Lecture Theatres,net,,Net,2552033,0,0,0,0,0,365,yes
fy-2026-27-development-book-volume-1-1011-1083,1065,1065102200,Kisii University.,1065102203,Construction of Hostels,gross,,Gross,28850000,0,0,0,0,0,365,yes
fy-2026-27-development-book-volume-1-1011-1083,1065,1065102200,Kisii University.,1065102203,Construction of Hostels,net,,Net,28850000,0,0,0,0,0,365,yes
fy-2026-27-development-book-volume-1-1011-1083,1065,1065102300,Laikipia University of Technology.,1065102301,Construction of Tuition Block,gross,,Gross,23000000,87000000,0,0,0,0,365,yes
fy-2026-27-development-book-volume-1-1011-1083,1065,1065102300,Laikipia University of Technology.,1065102301,Construction of Tuition Block,net,,Net,23000000,87000000,0,0,0,0,365,yes
fy-2026-27-development-book-volume-1-1011-1083,1065,1065102300,Laikipia University of Technology.,1065102306,Construction of Science Laboratories,gross,,Gross,0,20000000,0,0,0,0,365,yes
fy-2026-27-development-book-volume-1-1011-1083,1065,1065102300,Laikipia University of Technology.,1065102306,Construction of Science Laboratories,net,,Net,0,20000000,0,0,0,0,365,yes
fy-2026-27-development-book-volume-1-1011-1083,1065,1065102400,Meru University of Science and Technology.,1065102402,Construction of Engineering Complex,gross,,Gross,7000000,0,0,0,0,0,366,yes
fy-2026-27-development-book-volume-1-1011-1083,1065,1065102400,Meru University of Science and Technology.,1065102402,Construction of Engineering Complex,net,,Net,7000000,0,0,0,0,0,366,yes
fy-2026-27-development-book-volume-1-1011-1083,1065,1065102400,Meru University of Science and Technology.,1065102411,Construction of Nursing & Public Health Building,gross,,Gross,25000000,130000000,0,0,0,0,366,yes
fy-2026-27-development-book-volume-1-1011-1083,1065,1065102400,Meru University of Science and Technology.,1065102411,Construction of Nursing & Public Health Building,net,,Net,25000000,130000000,0,0,0,0,366,yes
fy-2026-27-development-book-volume-1-1011-1083,1065,1065102500,Multimedia University of Kenya.,1065102508,Construction of Library,gross,,Gross,55000000,58000000,0,0,0,0,366,yes
fy-2026-27-development-book-volume-1-1011-1083,1065,1065102500,Multimedia University of Kenya.,1065102508,Construction of Library,net,,Net,55000000,58000000,0,0,0,0,366,yes
fy-2026-27-development-book-volume-1-1011-1083,1065,1065102600,Maasai Mara University.,1065102605,Construction of Ultra-Modern Library,gross,,Gross,15000000,80000000,0,0,0,0,367,yes
fy-2026-27-development-book-volume-1-1011-1083,1065,1065102600,Maasai Mara University.,1065102605,Construction of Ultra-Modern Library,net,,Net,15000000,80000000,0,0,0,0,367,yes
fy-2026-27-development-book-volume-1-1011-1083,1065,1065102700,University of Kabianga.,1065102709,Construction of Library,gross,,Gross,15000000,80000000,0,0,0,0,367,yes
fy-2026-27-development-book-volume-1-1011-1083,1065,1065102700,University of Kabianga.,1065102709,Construction of Library,net,,Net,15000000,80000000,0,0,0,0,367,yes
fy-2026-27-development-book-volume-1-1011-1083,1065,1065102800,University of Eldoret.,1065102801,Construction of Education Complex,gross,,Gross,200000000,0,0,0,0,0,368,yes
fy-2026-27-development-book-volume-1-1011-1083,1065,1065102800,University of Eldoret.,1065102801,Construction of Education Complex,net,,Net,200000000,0,0,0,0,0,368,yes
fy-2026-27-development-book-volume-1-1011-1083,1065,1065102900,Karatina University.,1065102905,Construction of Library - Phase 1,gross,,Gross,22516443,92000000,0,0,0,0,368,yes
fy-2026-27-development-book-volume-1-1011-1083,1065,1065102900,Karatina University.,1065102905,Construction of Library - Phase 1,net,,Net,22516443,92000000,0,0,0,0,368,yes
fy-2026-27-development-book-volume-1-1011-1083,1065,1065103000,Jaramogi Oginga Odinga University of Science and Technology.,1065103002,Construction of Modern Library (Bondo),gross,,Gross,5000000,0,0,0,0,0,368,yes
fy-2026-27-development-book-volume-1-1011-1083,1065,1065103000,Jaramogi Oginga Odinga University of Science and Technology.,1065103002,Construction of Modern Library (Bondo),net,,Net,5000000,0,0,0,0,0,368,yes
fy-2026-27-development-book-volume-1-1011-1083,1065,1065103000,Jaramogi Oginga Odinga University of Science and Technology.,1065103005,Construction of Tuition Block,gross,,Gross,50000000,60000000,0,0,0,0,369,yes
fy-2026-27-development-book-volume-1-1011-1083,1065,1065103000,Jaramogi Oginga Odinga University of Science and Technology.,1065103005,Construction of Tuition Block,net,,Net,50000000,60000000,0,0,0,0,369,yes
fy-2026-27-development-book-volume-1-1011-1083,1065,1065103000,Jaramogi Oginga Odinga University of Science and Technology.,1065103006,Construction of Research Centre,gross,,Gross,150000000,37000000,0,0,0,0,369,yes
fy-2026-27-development-book-volume-1-1011-1083,1065,1065103000,Jaramogi Oginga Odinga University of Science and Technology.,1065103006,Construction of Research Centre,net,,Net,150000000,37000000,0,0,0,0,369,yes
fy-2026-27-development-book-volume-1-1011-1083,1065,1065103100,Machakos University.,1065103112,Construction of Tuition Block,gross,,Gross,20000000,80000000,0,0,0,0,369,yes
fy-2026-27-development-book-volume-1-1011-1083,1065,1065103100,Machakos University.,1065103112,Construction of Tuition Block,net,,Net,20000000,80000000,0,0,0,0,369,yes
fy-2026-27-development-book-volume-1-1011-1083,1065,1065103200,Embu University.,1065103215,Construction of a Tuition Block,gross,,Gross,45000000,100000000,0,0,0,0,370,yes
fy-2026-27-development-book-volume-1-1011-1083,1065,1065103200,Embu University.,1065103215,Construction of a Tuition Block,net,,Net,45000000,100000000,0,0,0,0,370,yes
fy-2026-27-development-book-volume-1-1011-1083,1065,1065103300,Rongo University.,1065103301,Construction of Tuition Block,gross,,Gross,114000000,40000000,0,0,0,0,370,yes
fy-2026-27-development-book-volume-1-1011-1083,1065,1065103300,Rongo University.,1065103301,Construction of Tuition Block,net,,Net,114000000,40000000,0,0,0,0,370,yes
fy-2026-27-development-book-volume-1-1011-1083,1065,1065103300,Rongo University.,1065103307,Construction of a Library,gross,,Gross,0,100000000,0,0,0,0,370,yes
fy-2026-27-development-book-volume-1-1011-1083,1065,1065103300,Rongo University.,1065103307,Construction of a Library,net,,Net,0,100000000,0,0,0,0,370,yes
fy-2026-27-development-book-volume-1-1011-1083,1065,1065103400,Co-operative University of Kenya.,1065103402,Construction of Library,gross,,Gross,25000000,155000000,0,0,0,0,371,yes
fy-2026-27-development-book-volume-1-1011-1083,1065,1065103400,Co-operative University of Kenya.,1065103402,Construction of Library,net,,Net,25000000,155000000,0,0,0,0,371,yes
fy-2026-27-development-book-volume-1-1011-1083,1065,1065103400,Co-operative University of Kenya.,1065103403,Kenya Rural Transformation Centres Digital Platform,gross,,Gross,40000000,0,0,0,0,0,371,yes
fy-2026-27-development-book-volume-1-1011-1083,1065,1065103400,Co-operative University of Kenya.,1065103403,Kenya Rural Transformation Centres Digital Platform,appropriations_in_aid,,Appropriations In Aid,40000000,0,0,0,0,0,371,yes
fy-2026-27-development-book-volume-1-1011-1083,1065,1065103400,Co-operative University of Kenya.,1065103403,Kenya Rural Transformation Centres Digital Platform,net,,Net,0,0,0,0,0,0,371,yes
fy-2026-27-development-book-volume-1-1011-1083,1065,1065103500,Garissa University.,1065103502,Construction of a Modern Hostel and Administration Block,gross,,Gross,0,107154541,0,0,0,0,371,yes
fy-2026-27-development-book-volume-1-1011-1083,1065,1065103500,Garissa University.,1065103502,Construction of a Modern Hostel and Administration Block,net,,Net,0,107154541,0,0,0,0,371,yes
fy-2026-27-development-book-volume-1-1011-1083,1065,1065103500,Garissa University.,1065103503,Tuition Block,gross,,Gross,30000000,0,0,0,0,0,372,yes
fy-2026-27-development-book-volume-1-1011-1083,1065,1065103500,Garissa University.,1065103503,Tuition Block,net,,Net,30000000,0,0,0,0,0,372,yes
fy-2026-27-development-book-volume-1-1011-1083,1065,1065103500,Garissa University.,1065103504,Library Complex - School of Information Science,gross,,Gross,100000000,70000000,0,0,0,0,372,yes
fy-2026-27-development-book-volume-1-1011-1083,1065,1065103500,Garissa University.,1065103504,Library Complex - School of Information Science,net,,Net,100000000,70000000,0,0,0,0,372,yes
fy-2026-27-development-book-volume-1-1011-1083,1065,1065103500,Garissa University.,1065103505,Water Storage Borehole,gross,,Gross,16000000,0,0,0,0,0,372,yes
fy-2026-27-development-book-volume-1-1011-1083,1065,1065103500,Garissa University.,1065103505,Water Storage Borehole,net,,Net,16000000,0,0,0,0,0,372,yes
fy-2026-27-development-book-volume-1-1011-1083,1065,1065103600,Kirinyaga University.,1065103610,Construction of Tuition Complex,gross,,Gross,0,80000000,0,0,0,0,372,yes
fy-2026-27-development-book-volume-1-1011-1083,1065,1065103600,Kirinyaga University.,1065103610,Construction of Tuition Complex,net,,Net,0,80000000,0,0,0,0,372,yes
fy-2026-27-development-book-volume-1-1011-1083,1065,1065103600,Kirinyaga University.,1065103611,Construction of a multi-purpose Lecture Theatre,gross,,Gross,20000000,0,0,0,0,0,373,yes
fy-2026-27-development-book-volume-1-1011-1083,1065,1065103600,Kirinyaga University.,1065103611,Construction of a multi-purpose Lecture Theatre,net,,Net,20000000,0,0,0,0,0,373,yes
fy-2026-27-development-book-volume-1-1011-1083,1065,1065103700,Dedan Kimathi University of Technology.,1065103701,Construction of an Academic Block,gross,,Gross,0,60000000,0,0,0,0,373,yes
fy-2026-27-development-book-volume-1-1011-1083,1065,1065103700,Dedan Kimathi University of Technology.,1065103701,Construction of an Academic Block,net,,Net,0,60000000,0,0,0,0,373,yes
fy-2026-27-development-book-volume-1-1011-1083,1065,1065103700,Dedan Kimathi University of Technology.,1065103702,Construction of Resource Center III (Library & Offices),gross,,Gross,20000000,50000000,0,0,0,0,373,yes
fy-2026-27-development-book-volume-1-1011-1083,1065,1065103700,Dedan Kimathi University of Technology.,1065103702,Construction of Resource Center III (Library & Offices),net,,Net,20000000,50000000,0,0,0,0,373,yes
fy-2026-27-development-book-volume-1-1011-1083,1065,1065103800,Taita Taveta University.,1065103807,Fencing of Taveta Plot & Construction of office block,gross,,Gross,20000000,90000000,0,0,0,0,374,yes
fy-2026-27-development-book-volume-1-1011-1083,1065,1065103800,Taita Taveta University.,1065103807,Fencing of Taveta Plot & Construction of office block,net,,Net,20000000,90000000,0,0,0,0,374,yes
fy-2026-27-development-book-volume-1-1011-1083,1065,1065104200,Tharaka University College.,1065104201,Construction of Administration Block,gross,,Gross,0,100000000,0,0,0,0,374,yes
fy-2026-27-development-book-volume-1-1011-1083,1065,1065104200,Tharaka University College.,1065104201,Construction of Administration Block,net,,Net,0,100000000,0,0,0,0,374,yes
fy-2026-27-development-book-volume-1-1011-1083,1065,1065104200,Tharaka University College.,1065104203,Construction of Library,gross,,Gross,45000000,0,0,0,0,0,374,yes
fy-2026-27-development-book-volume-1-1011-1083,1065,1065104200,Tharaka University College.,1065104203,Construction of Library,net,,Net,45000000,0,0,0,0,0,374,yes
fy-2026-27-development-book-volume-1-1011-1083,1065,1065104400,Mariene Research Institute.,1065104401,Construction of Administration & Lecture Theatre,gross,,Gross,0,50000000,0,0,0,0,375,yes
fy-2026-27-development-book-volume-1-1011-1083,1065,1065104400,Mariene Research Institute.,1065104401,Construction of Administration & Lecture Theatre,net,,Net,0,50000000,0,0,0,0,375,yes
fy-2026-27-development-book-volume-1-1011-1083,1065,1065104400,Mariene Research Institute.,1065104404,Construction of Modern Library,gross,,Gross,45000000,0,0,0,0,0,375,yes
fy-2026-27-development-book-volume-1-1011-1083,1065,1065104400,Mariene Research Institute.,1065104404,Construction of Modern Library,net,,Net,45000000,0,0,0,0,0,375,yes
fy-2026-27-development-book-volume-1-1011-1083,1065,1065104600,Turkana University College.,1065104601,Construction of Hostel and Tuition Block,gross,,Gross,45000000,100000000,0,0,0,0,375,yes
fy-2026-27-development-book-volume-1-1011-1083,1065,1065104600,Turkana University College.,1065104601,Construction of Hostel and Tuition Block,net,,Net,45000000,100000000,0,0,0,0,375,yes
fy-2026-27-development-book-volume-1-1011-1083,1065,1065104700,GoK/ UNFPA 10th Country Programme - PSRI.,1065104701,GoK/ UNFPA 10th Country Programme - PSRI,gross,,Gross,5000000,0,0,0,0,0,376,yes
fy-2026-27-development-book-volume-1-1011-1083,1065,1065104700,GoK/ UNFPA 10th Country Programme - PSRI.,1065104701,GoK/ UNFPA 10th Country Programme - PSRI,net,,Net,5000000,0,0,0,0,0,376,yes
fy-2026-27-development-book-volume-1-1011-1083,1065,1065104900,Open University of Kenya.,1065104901,Infrastructure Development Including ERP System,gross,,Gross,235000000,235000000,0,0,0,0,376,yes
fy-2026-27-development-book-volume-1-1011-1083,1065,1065104900,Open University of Kenya.,1065104901,Infrastructure Development Including ERP System,net,,Net,235000000,235000000,0,0,0,0,376,yes
fy-2026-27-development-book-volume-1-1011-1083,1065,1065105000,Support for Higher Education Science and Technology - Phase II.,1065105001,Support for Higher Education Science and Technology - Phase II,gross,,Gross,0,2719041639,0,0,2015041639,0,376,yes
fy-2026-27-development-book-volume-1-1011-1083,1065,1065105000,Support for Higher Education Science and Technology - Phase II.,1065105001,Support for Higher Education Science and Technology - Phase II,appropriations_in_aid,,Appropriations In Aid,0,2015041639,0,0,0,0,376,yes
fy-2026-27-development-book-volume-1-1011-1083,1065,1065105000,Support for Higher Education Science and Technology - Phase II.,1065105001,Support for Higher Education Science and Technology - Phase II,net,,Net,0,704000000,0,0,0,0,376,yes
fy-2026-27-development-book-volume-1-1011-1083,1065,1065105100,Infrastructure Support to Public Universities.,1065105102,Construction of Administration block - Baringo University College,gross,,Gross,40000000,0,0,0,0,0,377,yes
fy-2026-27-development-book-volume-1-1011-1083,1065,1065105100,Infrastructure Support to Public Universities.,1065105102,Construction of Administration block - Baringo University College,net,,Net,40000000,0,0,0,0,0,377,yes
fy-2026-27-development-book-volume-1-1011-1083,1065,1065105100,Infrastructure Support to Public Universities.,1065105103,Construction of Men's Hostel - Chuka University. - Chuka,gross,,Gross,30000000,0,0,0,0,0,377,yes
fy-2026-27-development-book-volume-1-1011-1083,1065,1065105100,Infrastructure Support to Public Universities.,1065105103,Construction of Men's Hostel - Chuka University. - Chuka,net,,Net,30000000,0,0,0,0,0,377,yes
fy-2026-27-development-book-volume-1-1011-1083,1065,1065105100,Infrastructure Support to Public Universities.,1065105104,Construction of Hostel - Garissa University College.,gross,,Gross,80000000,0,0,0,0,0,377,yes
fy-2026-27-development-book-volume-1-1011-1083,1065,1065105100,Infrastructure Support to Public Universities.,1065105104,Construction of Hostel - Garissa University College.,net,,Net,80000000,0,0,0,0,0,377,yes
fy-2026-27-development-book-volume-1-1011-1083,1065,1065105100,Infrastructure Support to Public Universities.,1065105105,Construction of College of Engineering - Tuition Block - JKUAT,gross,,Gross,35000000,0,0,0,0,0,377,yes
fy-2026-27-development-book-volume-1-1011-1083,1065,1065105100,Infrastructure Support to Public Universities.,1065105105,Construction of College of Engineering - Tuition Block - JKUAT,net,,Net,35000000,0,0,0,0,0,377,yes
fy-2026-27-development-book-volume-1-1011-1083,1065,1065105100,Infrastructure Support to Public Universities.,1065105106,Support to Kobujoi campus - Kaimosi University,gross,,Gross,35000000,100000000,0,0,0,0,378,yes
fy-2026-27-development-book-volume-1-1011-1083,1065,1065105100,Infrastructure Support to Public Universities.,1065105106,Support to Kobujoi campus - Kaimosi University,net,,Net,35000000,100000000,0,0,0,0,378,yes
fy-2026-27-development-book-volume-1-1011-1083,1065,1065105100,Infrastructure Support to Public Universities.,1065105107,Construction of Library - Phase 1 - Karatina University,gross,,Gross,20000000,0,0,0,0,0,378,yes
fy-2026-27-development-book-volume-1-1011-1083,1065,1065105100,Infrastructure Support to Public Universities.,1065105107,Construction of Library - Phase 1 - Karatina University,net,,Net,20000000,0,0,0,0,0,378,yes
fy-2026-27-development-book-volume-1-1011-1083,1065,1065105100,Infrastructure Support to Public Universities.,1065105108,Construction of a Games- Sports Field - Kibabii University,gross,,Gross,25000000,0,0,0,0,0,378,yes
fy-2026-27-development-book-volume-1-1011-1083,1065,1065105100,Infrastructure Support to Public Universities.,1065105108,Construction of a Games- Sports Field - Kibabii University,net,,Net,25000000,0,0,0,0,0,378,yes
fy-2026-27-development-book-volume-1-1011-1083,1065,1065105100,Infrastructure Support to Public Universities.,1065105109,Construction of ICT Center - Kisii University,gross,,Gross,25000000,0,0,0,0,0,378,yes
fy-2026-27-development-book-volume-1-1011-1083,1065,1065105100,Infrastructure Support to Public Universities.,1065105109,Construction of ICT Center - Kisii University,net,,Net,25000000,0,0,0,0,0,378,yes
fy-2026-27-development-book-volume-1-1011-1083,1065,1065105100,Infrastructure Support to Public Universities.,1065105110,"Const. Admin Blk., Lecture theatre-Koitalel Arap Samoei Uni.",gross,,Gross,35000000,0,0,0,0,0,378,yes
fy-2026-27-development-book-volume-1-1011-1083,1065,1065105100,Infrastructure Support to Public Universities.,1065105110,"Const. Admin Blk., Lecture theatre-Koitalel Arap Samoei Uni.",net,,Net,35000000,0,0,0,0,0,378,yes
fy-2026-27-development-book-volume-1-1011-1083,1065,1065105100,Infrastructure Support to Public Universities.,1065105111,Construction of Modern Library - Mariene Research Institute.,gross,,Gross,30000000,0,0,0,0,0,379,yes
fy-2026-27-development-book-volume-1-1011-1083,1065,1065105100,Infrastructure Support to Public Universities.,1065105111,Construction of Modern Library - Mariene Research Institute.,net,,Net,30000000,0,0,0,0,0,379,yes
fy-2026-27-development-book-volume-1-1011-1083,1065,1065105100,Infrastructure Support to Public Universities.,1065105112,Construction of Nursing & Public Health Building - Meru,gross,,Gross,25000000,0,0,0,0,0,379,yes
fy-2026-27-development-book-volume-1-1011-1083,1065,1065105100,Infrastructure Support to Public Universities.,1065105112,Construction of Nursing & Public Health Building - Meru,net,,Net,25000000,0,0,0,0,0,379,yes
fy-2026-27-development-book-volume-1-1011-1083,1065,1065105100,Infrastructure Support to Public Universities.,1065105113,Construction of Science complex - Murang'a University,gross,,Gross,30000000,0,0,0,0,0,379,yes
fy-2026-27-development-book-volume-1-1011-1083,1065,1065105100,Infrastructure Support to Public Universities.,1065105113,Construction of Science complex - Murang'a University,net,,Net,30000000,0,0,0,0,0,379,yes
fy-2026-27-development-book-volume-1-1011-1083,1065,1065105100,Infrastructure Support to Public Universities.,1065105114,Construction of Humanities and Social Sciences Lecture Halls -,gross,,Gross,25000000,0,0,0,0,0,379,yes
fy-2026-27-development-book-volume-1-1011-1083,1065,1065105100,Infrastructure Support to Public Universities.,1065105114,Construction of Humanities and Social Sciences Lecture Halls -,net,,Net,25000000,0,0,0,0,0,379,yes
fy-2026-27-development-book-volume-1-1011-1083,1065,1065105100,Infrastructure Support to Public Universities.,1065105115,Construction of office block - Taita Taveta University,gross,,Gross,30000000,0,0,0,0,0,379,yes
fy-2026-27-development-book-volume-1-1011-1083,1065,1065105100,Infrastructure Support to Public Universities.,1065105115,Construction of office block - Taita Taveta University,net,,Net,30000000,0,0,0,0,0,379,yes
fy-2026-27-development-book-volume-1-1011-1083,1065,1065105100,Infrastructure Support to Public Universities.,1065105116,Construction of Administration Block - Tharaka University,gross,,Gross,25000000,0,0,0,0,0,380,yes
fy-2026-27-development-book-volume-1-1011-1083,1065,1065105100,Infrastructure Support to Public Universities.,1065105116,Construction of Administration Block - Tharaka University,net,,Net,25000000,0,0,0,0,0,380,yes
fy-2026-27-development-book-volume-1-1011-1083,1065,1065105100,Infrastructure Support to Public Universities.,1065105117,Const. of Admin. Blk and Lecture theatre - Tom Mboya Uni.,gross,,Gross,35000000,0,0,0,0,0,380,yes
fy-2026-27-development-book-volume-1-1011-1083,1065,1065105100,Infrastructure Support to Public Universities.,1065105117,Const. of Admin. Blk and Lecture theatre - Tom Mboya Uni.,net,,Net,35000000,0,0,0,0,0,380,yes
fy-2026-27-development-book-volume-1-1011-1083,1065,1065105100,Infrastructure Support to Public Universities.,1065105118,Construction of Tuition block - Turkana University,gross,,Gross,20000000,0,0,0,0,0,380,yes
fy-2026-27-development-book-volume-1-1011-1083,1065,1065105100,Infrastructure Support to Public Universities.,1065105118,Construction of Tuition block - Turkana University,net,,Net,20000000,0,0,0,0,0,380,yes
fy-2026-27-development-book-volume-1-1011-1083,1065,1065105100,Infrastructure Support to Public Universities.,1065105119,Construction of Dental school - University of Nairobi,gross,,Gross,55000000,0,0,0,0,0,380,yes
fy-2026-27-development-book-volume-1-1011-1083,1065,1065105100,Infrastructure Support to Public Universities.,1065105119,Construction of Dental school - University of Nairobi,net,,Net,55000000,0,0,0,0,0,380,yes
fy-2026-27-development-book-volume-1-1011-1083,1065,1065105100,Infrastructure Support to Public Universities.,1065105120,Completion of the Nursing and Health Sciences Complex - Baraton,gross,,Gross,60000000,0,0,0,0,0,380,yes
fy-2026-27-development-book-volume-1-1011-1083,1065,1065105100,Infrastructure Support to Public Universities.,1065105120,Completion of the Nursing and Health Sciences Complex - Baraton,net,,Net,60000000,0,0,0,0,0,380,yes
fy-2026-27-development-book-volume-1-1011-1083,1065,1065105200,Samburu University College (Maralal).,1065105201,Infrastructure Development,gross,,Gross,150000000,100000000,0,0,0,0,381,yes
fy-2026-27-development-book-volume-1-1011-1083,1065,1065105200,Samburu University College (Maralal).,1065105201,Infrastructure Development,net,,Net,150000000,100000000,0,0,0,0,381,yes
fy-2026-27-development-book-volume-1-1011-1083,1065,1065105300,Kabarnet University College.,1065105301,Infrastructure Development,gross,,Gross,650000000,500000000,0,0,0,0,381,yes
fy-2026-27-development-book-volume-1-1011-1083,1065,1065105300,Kabarnet University College.,1065105301,Infrastructure Development,net,,Net,650000000,500000000,0,0,0,0,381,yes
fy-2026-27-development-book-volume-1-1011-1083,1065,1065105400,Nyandarua University College.,1065105401,Establishment of Nyandarua Campus,gross,,Gross,0,146000000,0,0,0,0,382,yes
fy-2026-27-development-book-volume-1-1011-1083,1065,1065105400,Nyandarua University College.,1065105401,Establishment of Nyandarua Campus,net,,Net,0,146000000,0,0,0,0,382,yes
fy-2026-27-development-book-volume-1-1011-1083,1066,1066100100,School Infrastructure in North Nyamira/ Borabu.,1066100101,Headquarters,exp,2630200,Capital Grants to Government Agencies and other Levels of Government,739311207,604735840,0,0,500000000,0,426,yes
fy-2026-27-development-book-volume-1-1011-1083,1066,1066100100,School Infrastructure in North Nyamira/ Borabu.,1066100101,Headquarters,financing,5120200,Foreign Borrowing - Direct Payments,706477207,500000000,0,0,0,0,426,yes
fy-2026-27-development-book-volume-1-1011-1083,1066,1066101500,Primary Schools infrastructure Improvement.,1066101501,Primary Schools infrastructure Improvement,exp,2630200,Capital Grants to Government Agencies and other Levels of Government,300000000,770264160,0,0,0,0,426,yes
fy-2026-27-development-book-volume-1-1011-1083,1066,1066101500,Primary Schools infrastructure Improvement.,1066101599,Construction of classrooms & ablution blocks in 5 primary schools,exp,2630200,Capital Grants to Government Agencies and other Levels of Government,61800000,0,0,0,0,0,426,yes
fy-2026-27-development-book-volume-1-1011-1083,1066,1066101800,Construction of New TTCs .,1066101810,Kitui TTC,exp,2630200,Capital Grants to Government Agencies and other Levels of Government,50000000,0,0,0,0,0,427,yes
fy-2026-27-development-book-volume-1-1011-1083,1066,1066101800,Construction of New TTCs .,1066101818,Galana TTC,exp,2630200,Capital Grants to Government Agencies and other Levels of Government,0,40000000,0,0,0,0,427,yes
fy-2026-27-development-book-volume-1-1011-1083,1066,1066101800,Construction of New TTCs .,1066101824,Eldas TTC,exp,2630200,Capital Grants to Government Agencies and other Levels of Government,40000000,107154541,0,0,0,0,427,yes
fy-2026-27-development-book-volume-1-1011-1083,1066,1066101800,Construction of New TTCs .,1066101830,Kong'asis Teachers College,exp,2630200,Capital Grants to Government Agencies and other Levels of Government,0,50000000,0,0,0,0,427,yes
fy-2026-27-development-book-volume-1-1011-1083,1066,1066101800,Construction of New TTCs .,1066101831,Tarbaj TTC,exp,2630200,Capital Grants to Government Agencies and other Levels of Government,0,30000000,0,0,0,0,428,yes
fy-2026-27-development-book-volume-1-1011-1083,1066,1066101900,Rehabilitation of Old TTCs.,1066101902,Moi BaringoTTC,exp,2630200,Capital Grants to Government Agencies and other Levels of Government,70000000,20000000,0,0,0,0,428,yes
fy-2026-27-development-book-volume-1-1011-1083,1066,1066101900,Rehabilitation of Old TTCs.,1066101907,Tambach TTC,exp,2630200,Capital Grants to Government Agencies and other Levels of Government,230000000,0,0,0,0,0,428,yes
fy-2026-27-development-book-volume-1-1011-1083,1066,1066101900,Rehabilitation of Old TTCs.,1066101917,Solai Teachers Training College,exp,2630200,Capital Grants to Government Agencies and other Levels of Government,50000000,0,0,0,0,0,428,yes
fy-2026-27-development-book-volume-1-1011-1083,1066,1066101900,Rehabilitation of Old TTCs.,1066101918,Kitui Central TTC,exp,2630200,Capital Grants to Government Agencies and other Levels of Government,10000000,0,0,0,0,0,429,yes
fy-2026-27-development-book-volume-1-1011-1083,1066,1066101900,Rehabilitation of Old TTCs.,1066101919,Chesta TTC,exp,2630200,Capital Grants to Government Agencies and other Levels of Government,0,20000000,0,0,0,0,429,yes
fy-2026-27-development-book-volume-1-1011-1083,1066,1066101900,Rehabilitation of Old TTCs.,1066101920,Borabu TTC,exp,2630200,Capital Grants to Government Agencies and other Levels of Government,0,20000000,0,0,0,0,429,yes
fy-2026-27-development-book-volume-1-1011-1083,1066,1066101900,Rehabilitation of Old TTCs.,1066101921,Seme TTC,exp,2630200,Capital Grants to Government Agencies and other Levels of Government,0,20000000,0,0,0,0,429,yes
fy-2026-27-development-book-volume-1-1011-1083,1066,1066101900,Rehabilitation of Old TTCs.,1066101922,Kitui TTC,exp,2630200,Capital Grants to Government Agencies and other Levels of Government,0,20000000,0,0,0,0,429,yes
fy-2026-27-development-book-volume-1-1011-1083,1066,1066101900,Rehabilitation of Old TTCs.,1066101923,Kenyenya TTC,exp,2630200,Capital Grants to Government Agencies and other Levels of Government,0,20000000,0,0,0,0,430,yes
fy-2026-27-development-book-volume-1-1011-1083,1066,1066101900,Rehabilitation of Old TTCs.,1066101924,Kibabii TTC,exp,2630200,Capital Grants to Government Agencies and other Levels of Government,0,20000000,0,0,0,0,430,yes
fy-2026-27-development-book-volume-1-1011-1083,1066,1066101900,Rehabilitation of Old TTCs.,1066101925,Bondo TTC,exp,2630200,Capital Grants to Government Agencies and other Levels of Government,0,20000000,0,0,0,0,430,yes
fy-2026-27-development-book-volume-1-1011-1083,1066,1066101900,Rehabilitation of Old TTCs.,1066101926,Narok TTC,exp,2630200,Capital Grants to Government Agencies and other Levels of Government,0,20000000,0,0,0,0,430,yes
fy-2026-27-development-book-volume-1-1011-1083,1066,1066101900,Rehabilitation of Old TTCs.,1066101927,Mosoriot TTC,exp,2630200,Capital Grants to Government Agencies and other Levels of Government,0,20000000,0,0,0,0,430,yes
fy-2026-27-development-book-volume-1-1011-1083,1066,1066102100,Construct & Equip the National Psycho-Education Assessment,10661021001,Construct & Equip the National Psycho-Education Assessment,exp,2630200,Capital Grants to Government Agencies and other Levels of Government,0,239000000,0,0,0,0,431,yes
fy-2026-27-development-book-volume-1-1011-1083,1066,1066102400,Secondary School Infrastructure Improvement .,1066102401,Secondary School Infrastructure Improvement,exp,2630200,Capital Grants to Government Agencies and other Levels of Government,700000000,2230000000,0,0,0,0,431,yes
fy-2026-27-development-book-volume-1-1011-1083,1066,1066102600,ICT integration in Secondary Schools.,1066102601,ICT integration in Secondary Schools,exp,2630200,Capital Grants to Government Agencies and other Levels of Government,0,50000000,0,0,0,0,432,yes
fy-2026-27-development-book-volume-1-1011-1083,1066,1066102600,ICT integration in Secondary Schools.,1066102601,ICT integration in Secondary Schools,exp,3111000,Purchase of Office Furniture and General Equipment,152946000,0,0,0,0,0,432,yes
fy-2026-27-development-book-volume-1-1011-1083,1066,1066102800,Establishment of Lugari Diploma Teachers Training College.,10661028001,Establishment of Lugari Diploma Teachers Training College,exp,2630200,Capital Grants to Government Agencies and other Levels of Government,0,100000000,0,0,0,0,432,yes
fy-2026-27-development-book-volume-1-1011-1083,1066,1066102900,Establishment of Kibabii Diploma Teachers Training College.,10661029001,Establishment of Kibabii Diploma Teachers Training College,exp,2630200,Capital Grants to Government Agencies and other Levels of Government,0,100000000,0,0,0,0,432,yes
fy-2026-27-development-book-volume-1-1011-1083,1066,1066103100,Infrastructure Improvement-Kagumo Diploma Teachers Training,10661031001,Infrastructure Improvement-Kagumo Diploma Teachers Training,exp,2630200,Capital Grants to Government Agencies and other Levels of Government,0,50000000,0,0,0,0,433,yes
fy-2026-27-development-book-volume-1-1011-1083,1066,1066103600,Construction of Education Resource Centre at KICD-Phase I.,10661036001,Construction of Education Resource Centre at KICD-Phase I,exp,2630200,Capital Grants to Government Agencies and other Levels of Government,0,153000000,0,0,0,0,433,yes
fy-2026-27-development-book-volume-1-1011-1083,1066,1066104700,Procurement of Digital Machines to Print OMR Forms.,1066104701,Procurement of Digital Machines to Print OMR Forms,exp,2630200,Capital Grants to Government Agencies and other Levels of Government,0,147000000,0,0,0,0,434,yes
fy-2026-27-development-book-volume-1-1011-1083,1066,1066105000,ICT Infrastructure to Support Competency Based Assessment -,1066105001,ICT Infrastructure to Support Competency Based Assessment,exp,2630200,Capital Grants to Government Agencies and other Levels of Government,25000000,25000000,0,0,0,0,434,yes
fy-2026-27-development-book-volume-1-1011-1083,1066,1066105100,Promotion of Youth Employment thro Scholarships Ph 2-Wings,1066105101,Promotion of Youth Employment thro' Scholarships Ph 2-Wings to,exp,2640500,Other Capital Grants and Transfers,280000000,120000000,120000000,0,0,0,434,yes
fy-2026-27-development-book-volume-1-1011-1083,1066,1066105100,Promotion of Youth Employment thro Scholarships Ph 2-Wings,1066105101,Promotion of Youth Employment thro' Scholarships Ph 2-Wings to,financing,1310200,Grants from Foreign Governments - Direct Payments,280000000,120000000,120000000,0,0,0,435,yes
fy-2026-27-development-book-volume-1-1011-1083,1066,1066105200,Kenya Primary Education Equity in Learning Program.,1066105201,Kenya Primary Education Equity in Learning Program,exp,2640500,Other Capital Grants and Transfers,8733220000,7089000000,0,4500000000,0,2239000000,435,yes
fy-2026-27-development-book-volume-1-1011-1083,1066,1066105300,Junior Secondary School Infrastructure Improvement - BETA.,1066105302,Construction of Classrooms in JSS,exp,2630200,Capital Grants to Government Agencies and other Levels of Government,26647879,0,0,0,0,0,435,yes
fy-2026-27-development-book-volume-1-1011-1083,1066,1066105300,Junior Secondary School Infrastructure Improvement - BETA.,1066105303,Construction of Grade 9 classrooms,exp,2630200,Capital Grants to Government Agencies and other Levels of Government,64000000,0,0,0,0,0,436,yes
fy-2026-27-development-book-volume-1-1011-1083,1066,1066105300,Junior Secondary School Infrastructure Improvement - BETA.,1066105304,Nina Primary JSS,exp,2630200,Capital Grants to Government Agencies and other Levels of Government,10000000,0,0,0,0,0,436,yes
fy-2026-27-development-book-volume-1-1011-1083,1066,1066105300,Junior Secondary School Infrastructure Improvement - BETA.,1066105305,Awelo Primary JSS,exp,2630200,Capital Grants to Government Agencies and other Levels of Government,10000000,0,0,0,0,0,436,yes
fy-2026-27-development-book-volume-1-1011-1083,1066,1066105300,Junior Secondary School Infrastructure Improvement - BETA.,1066105306,Nyajuok Primary JSS,exp,2630200,Capital Grants to Government Agencies and other Levels of Government,10000000,0,0,0,0,0,436,yes
fy-2026-27-development-book-volume-1-1011-1083,1066,1066105300,Junior Secondary School Infrastructure Improvement - BETA.,1066105307,Sigana Primary JSS,exp,2630200,Capital Grants to Government Agencies and other Levels of Government,10000000,0,0,0,0,0,436,yes
fy-2026-27-development-book-volume-1-1011-1083,1066,1066105400,VVOB Education for Development.,1066105401,VVOB Education for Development,exp,2640500,Other Capital Grants and Transfers,10000000,140000000,140000000,0,0,0,437,yes
fy-2026-27-development-book-volume-1-1011-1083,1066,1066105400,VVOB Education for Development.,1066105401,VVOB Education for Development,financing,1310200,Grants from Foreign Governments - Direct Payments,10000000,140000000,140000000,0,0,0,437,yes
fy-2026-27-development-book-volume-1-1011-1083,1066,1066105500,Assembly of Assistive Devices - KISE.,1066105501,Assembly of Assistive Devices - KISE,exp,2630200,Capital Grants to Government Agencies and other Levels of Government,218200000,200000000,0,0,0,0,437,yes
fy-2026-27-development-book-volume-1-1011-1083,1066,1066105700,Secondary Infrastructure Improvement II.,1066105757,Kapngetuny Secondary,exp,2630200,Capital Grants to Government Agencies and other Levels of Government,30000000,0,0,0,0,0,438,yes
fy-2026-27-development-book-volume-1-1011-1083,1066,1066105900,Primary and Secondary School Infrastructure.,1066105995,Barding Secondary School,exp,2630200,Capital Grants to Government Agencies and other Levels of Government,10000000,0,0,0,0,0,438,yes
fy-2026-27-development-book-volume-1-1011-1083,1066,1066105900,Primary and Secondary School Infrastructure.,1066105996,Mbaga Girls High School,exp,2630200,Capital Grants to Government Agencies and other Levels of Government,10000000,0,0,0,0,0,438,yes
fy-2026-27-development-book-volume-1-1011-1083,1066,1066105900,Primary and Secondary School Infrastructure.,1066105997,Upanda Secondary School,exp,2630200,Capital Grants to Government Agencies and other Levels of Government,10000000,0,0,0,0,0,438,yes
fy-2026-27-development-book-volume-1-1011-1083,1066,1066105900,Primary and Secondary School Infrastructure.,1066105999,Kapsumbeiywet High School - Soy,exp,2630200,Capital Grants to Government Agencies and other Levels of Government,20000000,0,0,0,0,0,439,yes
fy-2026-27-development-book-volume-1-1011-1083,1066,1066106000,Kenya Secondary Education Equity Improvement Program.,1066106001,Kenya Secondary Education Equity Improvement Program,exp,2640500,Other Capital Grants and Transfers,4000000000,4654000000,0,2572000000,0,2082000000,439,yes
fy-2026-27-development-book-volume-1-1011-1083,1066,1066106100,Primary & Secondary Schools Infrastructure Improvement II.,1066106101,Limnyomoi Primary School,exp,2630200,Capital Grants to Government Agencies and other Levels of Government,5000000,0,0,0,0,0,439,yes
fy-2026-27-development-book-volume-1-1011-1083,1066,1066106100,Primary & Secondary Schools Infrastructure Improvement II.,1066106189,St. Jonathan Day Secondary Rongo - Migori,exp,2630200,Capital Grants to Government Agencies and other Levels of Government,10000000,0,0,0,0,0,440,yes
fy-2026-27-development-book-volume-1-1011-1083,1066,1066106100,Primary & Secondary Schools Infrastructure Improvement II.,1066106190,St. Mary's Naifarm Boys Secondary School - Trans Nzoia,exp,2630200,Capital Grants to Government Agencies and other Levels of Government,10000000,0,0,0,0,0,440,yes
fy-2026-27-development-book-volume-1-1011-1083,1066,1066106100,Primary & Secondary Schools Infrastructure Improvement II.,1066106191,Serengonik UPEC Primary School - Trans Nzoia,exp,2630200,Capital Grants to Government Agencies and other Levels of Government,10000000,0,0,0,0,0,440,yes
fy-2026-27-development-book-volume-1-1011-1083,1066,1066106100,Primary & Secondary Schools Infrastructure Improvement II.,1066106192,Mwalukombe Girls Secondary School - Kwale,exp,2630200,Capital Grants to Government Agencies and other Levels of Government,5000000,0,0,0,0,0,440,yes
fy-2026-27-development-book-volume-1-1011-1083,1066,1066106100,Primary & Secondary Schools Infrastructure Improvement II.,1066106193,Virugani Secondary School - Kwale,exp,2630200,Capital Grants to Government Agencies and other Levels of Government,5000000,0,0,0,0,0,440,yes
fy-2026-27-development-book-volume-1-1011-1083,1066,1066106100,Primary & Secondary Schools Infrastructure Improvement II.,1066106194,Taru Girls Secondary School - Kwale,exp,2630200,Capital Grants to Government Agencies and other Levels of Government,5000000,0,0,0,0,0,441,yes
fy-2026-27-development-book-volume-1-1011-1083,1066,1066106100,Primary & Secondary Schools Infrastructure Improvement II.,1066106195,Mwavumbo Secondary School - Kwale,exp,2630200,Capital Grants to Government Agencies and other Levels of Government,5000000,0,0,0,0,0,441,yes
fy-2026-27-development-book-volume-1-1011-1083,1066,1066106100,Primary & Secondary Schools Infrastructure Improvement II.,1066106196,Mwereni Secondary School - Kwale,exp,2630200,Capital Grants to Government Agencies and other Levels of Government,8000000,0,0,0,0,0,441,yes
fy-2026-27-development-book-volume-1-1011-1083,1066,1066106100,Primary & Secondary Schools Infrastructure Improvement II.,1066106197,Mikimani Primary School - Kwale,exp,2630200,Capital Grants to Government Agencies and other Levels of Government,3500000,0,0,0,0,0,441,yes
fy-2026-27-development-book-volume-1-1011-1083,1066,1066106100,Primary & Secondary Schools Infrastructure Improvement II.,1066106198,Mkono Wa Ndugu Primary School - Kwale,exp,2630200,Capital Grants to Government Agencies and other Levels of Government,3500000,0,0,0,0,0,441,yes
fy-2026-27-development-book-volume-1-1011-1083,1066,1066106100,Primary & Secondary Schools Infrastructure Improvement II.,1066106199,Wajir Special School for the Mentally Handicapped,exp,2630200,Capital Grants to Government Agencies and other Levels of Government,15000000,0,0,0,0,0,442,yes
fy-2026-27-development-book-volume-1-1011-1083,1066,1066106200,Primary & Secondary Schools Infrastructure Improvement III.,1066106201,Elnur Secondary School - Wajir,exp,2630200,Capital Grants to Government Agencies and other Levels of Government,20000000,0,0,0,0,0,442,yes
fy-2026-27-development-book-volume-1-1011-1083,1066,1066106200,Primary & Secondary Schools Infrastructure Improvement III.,1066106202,Horote Primary School - Wajir,exp,2630200,Capital Grants to Government Agencies and other Levels of Government,5000000,0,0,0,0,0,442,yes
fy-2026-27-development-book-volume-1-1011-1083,1066,1066106200,Primary & Secondary Schools Infrastructure Improvement III.,1066106203,Kahuho Primary School - Nyeri,exp,2630200,Capital Grants to Government Agencies and other Levels of Government,2000000,0,0,0,0,0,442,yes
fy-2026-27-development-book-volume-1-1011-1083,1066,1066106200,Primary & Secondary Schools Infrastructure Improvement III.,1066106204,Manyata Primary School - Nyeri,exp,2630200,Capital Grants to Government Agencies and other Levels of Government,2000000,0,0,0,0,0,443,yes
fy-2026-27-development-book-volume-1-1011-1083,1066,1066106200,Primary & Secondary Schools Infrastructure Improvement III.,1066106205,Kirinyaga Primary School - Nyeri,exp,2630200,Capital Grants to Government Agencies and other Levels of Government,2000000,0,0,0,0,0,443,yes
fy-2026-27-development-book-volume-1-1011-1083,1066,1066106200,Primary & Secondary Schools Infrastructure Improvement III.,1066106206,Milimani Primamy School - Nyeri,exp,2630200,Capital Grants to Government Agencies and other Levels of Government,2000000,0,0,0,0,0,443,yes
fy-2026-27-development-book-volume-1-1011-1083,1066,1066106200,Primary & Secondary Schools Infrastructure Improvement III.,1066106207,Mapema Primary School - Nyeri,exp,2630200,Capital Grants to Government Agencies and other Levels of Government,2000000,0,0,0,0,0,443,yes
fy-2026-27-development-book-volume-1-1011-1083,1066,1066106200,Primary & Secondary Schools Infrastructure Improvement III.,1066106208,Kabaru Primary School - Nyeri,exp,2630200,Capital Grants to Government Agencies and other Levels of Government,2000000,0,0,0,0,0,443,yes
fy-2026-27-development-book-volume-1-1011-1083,1066,1066106200,Primary & Secondary Schools Infrastructure Improvement III.,1066106209,Airstrip Primary School - Nyeri,exp,2630200,Capital Grants to Government Agencies and other Levels of Government,2000000,0,0,0,0,0,444,yes
fy-2026-27-development-book-volume-1-1011-1083,1066,1066106200,Primary & Secondary Schools Infrastructure Improvement III.,1066106210,Kamatongu Primary School - Nyeri,exp,2630200,Capital Grants to Government Agencies and other Levels of Government,2000000,0,0,0,0,0,444,yes
fy-2026-27-development-book-volume-1-1011-1083,1066,1066106200,Primary & Secondary Schools Infrastructure Improvement III.,1066106211,Bondeni Primary School - Nyeri,exp,2630200,Capital Grants to Government Agencies and other Levels of Government,2000000,0,0,0,0,0,444,yes
fy-2026-27-development-book-volume-1-1011-1083,1066,1066106200,Primary & Secondary Schools Infrastructure Improvement III.,1066106212,Honi Primary School - Nyeri,exp,2630200,Capital Grants to Government Agencies and other Levels of Government,2000000,0,0,0,0,0,444,yes
fy-2026-27-development-book-volume-1-1011-1083,1066,1066106200,Primary & Secondary Schools Infrastructure Improvement III.,1066106213,Kihuriro Primary School - Nyeri,exp,2630200,Capital Grants to Government Agencies and other Levels of Government,2000000,0,0,0,0,0,444,yes
fy-2026-27-development-book-volume-1-1011-1083,1066,1066106200,Primary & Secondary Schools Infrastructure Improvement III.,1066106214,Gakanga Primary School - Nyeri,exp,2630200,Capital Grants to Government Agencies and other Levels of Government,2000000,0,0,0,0,0,445,yes
fy-2026-27-development-book-volume-1-1011-1083,1066,1066106200,Primary & Secondary Schools Infrastructure Improvement III.,1066106215,Githura Primary School - Nyeri,exp,2630200,Capital Grants to Government Agencies and other Levels of Government,2000000,0,0,0,0,0,445,yes
fy-2026-27-development-book-volume-1-1011-1083,1066,1066106200,Primary & Secondary Schools Infrastructure Improvement III.,1066106216,Ruai Primary School - Nyeri,exp,2630200,Capital Grants to Government Agencies and other Levels of Government,2000000,0,0,0,0,0,445,yes
fy-2026-27-development-book-volume-1-1011-1083,1066,1066106200,Primary & Secondary Schools Infrastructure Improvement III.,1066106217,Muthangira Primary School - Nyeri,exp,2630200,Capital Grants to Government Agencies and other Levels of Government,2000000,0,0,0,0,0,445,yes
fy-2026-27-development-book-volume-1-1011-1083,1066,1066106200,Primary & Secondary Schools Infrastructure Improvement III.,1066106218,Kilungu Boys High School - Makueni,exp,2630200,Capital Grants to Government Agencies and other Levels of Government,5000000,0,0,0,0,0,445,yes
fy-2026-27-development-book-volume-1-1011-1083,1066,1066106200,Primary & Secondary Schools Infrastructure Improvement III.,1066106219,Nyaluru Junior Secondary School in Kojwach Ward - Homabay,exp,2630200,Capital Grants to Government Agencies and other Levels of Government,2000000,0,0,0,0,0,446,yes
fy-2026-27-development-book-volume-1-1011-1083,1066,1066106200,Primary & Secondary Schools Infrastructure Improvement III.,1066106220,Got Rateng' Junior School in Kabondo West Ward - Homabay,exp,2630200,Capital Grants to Government Agencies and other Levels of Government,2000000,0,0,0,0,0,446,yes
fy-2026-27-development-book-volume-1-1011-1083,1066,1066106200,Primary & Secondary Schools Infrastructure Improvement III.,1066106221,Kaplelwo Day Secondary School - Baringo,exp,2630200,Capital Grants to Government Agencies and other Levels of Government,10000000,0,0,0,0,0,446,yes
fy-2026-27-development-book-volume-1-1011-1083,1066,1066106200,Primary & Secondary Schools Infrastructure Improvement III.,1066106222,Orus High School - Baringo,exp,2630200,Capital Grants to Government Agencies and other Levels of Government,10000000,0,0,0,0,0,446,yes
fy-2026-27-development-book-volume-1-1011-1083,1066,1066106200,Primary & Secondary Schools Infrastructure Improvement III.,1066106223,Kivaywa Boys High School - Kakamega,exp,2630200,Capital Grants to Government Agencies and other Levels of Government,15000000,0,0,0,0,0,446,yes
fy-2026-27-development-book-volume-1-1011-1083,1066,1066106200,Primary & Secondary Schools Infrastructure Improvement III.,1066106224,Khwisero Girls - Kakamega,exp,2630200,Capital Grants to Government Agencies and other Levels of Government,10000000,0,0,0,0,0,447,yes
fy-2026-27-development-book-volume-1-1011-1083,1066,1066106200,Primary & Secondary Schools Infrastructure Improvement III.,1066106225,Ntulele Secondary School - Narok,exp,2630200,Capital Grants to Government Agencies and other Levels of Government,5000000,0,0,0,0,0,447,yes
fy-2026-27-development-book-volume-1-1011-1083,1066,1066106200,Primary & Secondary Schools Infrastructure Improvement III.,1066106226,Oloirowua Primary School - Narok,exp,2630200,Capital Grants to Government Agencies and other Levels of Government,5000000,0,0,0,0,0,447,yes
fy-2026-27-development-book-volume-1-1011-1083,1066,1066106200,Primary & Secondary Schools Infrastructure Improvement III.,1066106227,Oloserian Hills Secondary School - Narok,exp,2630200,Capital Grants to Government Agencies and other Levels of Government,5000000,0,0,0,0,0,447,yes
fy-2026-27-development-book-volume-1-1011-1083,1066,1066106200,Primary & Secondary Schools Infrastructure Improvement III.,1066106228,Lemek Primary School - Narok,exp,2630200,Capital Grants to Government Agencies and other Levels of Government,5000000,0,0,0,0,0,447,yes
fy-2026-27-development-book-volume-1-1011-1083,1066,1066106200,Primary & Secondary Schools Infrastructure Improvement III.,1066106229,Nkorkori Model Sec. School - Narok,exp,2630200,Capital Grants to Government Agencies and other Levels of Government,5000000,0,0,0,0,0,448,yes
fy-2026-27-development-book-volume-1-1011-1083,1066,1066106200,Primary & Secondary Schools Infrastructure Improvement III.,1066106230,Olulunga Boys High School - Narok,exp,2630200,Capital Grants to Government Agencies and other Levels of Government,5000000,0,0,0,0,0,448,yes
fy-2026-27-development-book-volume-1-1011-1083,1066,1066106200,Primary & Secondary Schools Infrastructure Improvement III.,1066106231,Murkan Girls Secondary School - Narok,exp,2630200,Capital Grants to Government Agencies and other Levels of Government,10000000,0,0,0,0,0,448,yes
fy-2026-27-development-book-volume-1-1011-1083,1066,1066106200,Primary & Secondary Schools Infrastructure Improvement III.,1066106233,Malukiloriti Secondary School - Taita Taveta,exp,2630200,Capital Grants to Government Agencies and other Levels of Government,10000000,0,0,0,0,0,448,yes
fy-2026-27-development-book-volume-1-1011-1083,1066,1066106200,Primary & Secondary Schools Infrastructure Improvement III.,1066106234,Njukini Secondary School - Taita Taveta,exp,2630200,Capital Grants to Government Agencies and other Levels of Government,10000000,0,0,0,0,0,448,yes
fy-2026-27-development-book-volume-1-1011-1083,1066,1066106200,Primary & Secondary Schools Infrastructure Improvement III.,1066106235,Nkurare Primary School - Meru,exp,2630200,Capital Grants to Government Agencies and other Levels of Government,5000000,0,0,0,0,0,449,yes
fy-2026-27-development-book-volume-1-1011-1083,1066,1066106200,Primary & Secondary Schools Infrastructure Improvement III.,1066106236,Edelvale Primary School - Nairobi,exp,2630200,Capital Grants to Government Agencies and other Levels of Government,15000000,0,0,0,0,0,449,yes
fy-2026-27-development-book-volume-1-1011-1083,1066,1066106200,Primary & Secondary Schools Infrastructure Improvement III.,1066106237,Embakasi Primary School - Nairobi,exp,2630200,Capital Grants to Government Agencies and other Levels of Government,15000000,0,0,0,0,0,449,yes
fy-2026-27-development-book-volume-1-1011-1083,1066,1066106200,Primary & Secondary Schools Infrastructure Improvement III.,1066106238,MCC Primary School - Nairobi,exp,2630200,Capital Grants to Government Agencies and other Levels of Government,9500000,0,0,0,0,0,449,yes
fy-2026-27-development-book-volume-1-1011-1083,1066,1066106200,Primary & Secondary Schools Infrastructure Improvement III.,1066106239,Ruai Primary School - Nairobi,exp,2630200,Capital Grants to Government Agencies and other Levels of Government,9500000,0,0,0,0,0,449,yes
fy-2026-27-development-book-volume-1-1011-1083,1066,1066106200,Primary & Secondary Schools Infrastructure Improvement III.,1066106240,Thawabu Primary School - Nairobi,exp,2630200,Capital Grants to Government Agencies and other Levels of Government,9500000,0,0,0,0,0,450,yes
fy-2026-27-development-book-volume-1-1011-1083,1066,1066106200,Primary & Secondary Schools Infrastructure Improvement III.,1066106241,Bondeni Primary School - Nairobi,exp,2630200,Capital Grants to Government Agencies and other Levels of Government,9500000,0,0,0,0,0,450,yes
fy-2026-27-development-book-volume-1-1011-1083,1066,1066106200,Primary & Secondary Schools Infrastructure Improvement III.,1066106242,Kariobangi South Primary School - Nairobi,exp,2630200,Capital Grants to Government Agencies and other Levels of Government,9500000,0,0,0,0,0,450,yes
fy-2026-27-development-book-volume-1-1011-1083,1066,1066106200,Primary & Secondary Schools Infrastructure Improvement III.,1066106243,Utawala Academy Primary School - Nairobi,exp,2630200,Capital Grants to Government Agencies and other Levels of Government,15000000,0,0,0,0,0,450,yes
fy-2026-27-development-book-volume-1-1011-1083,1066,1066106200,Primary & Secondary Schools Infrastructure Improvement III.,1066106244,Mihango Primary School - Nairobi,exp,2630200,Capital Grants to Government Agencies and other Levels of Government,15000000,0,0,0,0,0,450,yes
fy-2026-27-development-book-volume-1-1011-1083,1066,1066106200,Primary & Secondary Schools Infrastructure Improvement III.,1066106245,Maua Primary School - Nairobi,exp,2630200,Capital Grants to Government Agencies and other Levels of Government,17500000,0,0,0,0,0,451,yes
fy-2026-27-development-book-volume-1-1011-1083,1066,1066106200,Primary & Secondary Schools Infrastructure Improvement III.,1066106246,Infrastructure Improvement in Mogoga CBC Primary School,exp,2630200,Capital Grants to Government Agencies and other Levels of Government,5000000,0,0,0,0,0,451,yes
fy-2026-27-development-book-volume-1-1011-1083,1066,1066106200,Primary & Secondary Schools Infrastructure Improvement III.,1066106247,Bogitaa EELCK Secondary School,exp,2630200,Capital Grants to Government Agencies and other Levels of Government,5000000,0,0,0,0,0,451,yes
fy-2026-27-development-book-volume-1-1011-1083,1066,1066106200,Primary & Secondary Schools Infrastructure Improvement III.,1066106248,Agoro Oyombe Primary School,exp,2630200,Capital Grants to Government Agencies and other Levels of Government,7255000,0,0,0,0,0,451,yes
fy-2026-27-development-book-volume-1-1011-1083,1066,1066106200,Primary & Secondary Schools Infrastructure Improvement III.,1066106249,Bar Olengo Primary School,exp,2630200,Capital Grants to Government Agencies and other Levels of Government,5000000,0,0,0,0,0,451,yes
fy-2026-27-development-book-volume-1-1011-1083,1066,1066106200,Primary & Secondary Schools Infrastructure Improvement III.,1066106250,Chemoinoi Primary,exp,2630200,Capital Grants to Government Agencies and other Levels of Government,4000000,0,0,0,0,0,452,yes
fy-2026-27-development-book-volume-1-1011-1083,1066,1066106200,Primary & Secondary Schools Infrastructure Improvement III.,1066106251,Emining Primary,exp,2630200,Capital Grants to Government Agencies and other Levels of Government,4000000,0,0,0,0,0,452,yes
fy-2026-27-development-book-volume-1-1011-1083,1066,1066106200,Primary & Secondary Schools Infrastructure Improvement III.,1066106252,Got Oenga Primary,exp,2630200,Capital Grants to Government Agencies and other Levels of Government,4000000,0,0,0,0,0,452,yes
fy-2026-27-development-book-volume-1-1011-1083,1066,1066106200,Primary & Secondary Schools Infrastructure Improvement III.,1066106253,Kapsok Emining Primary,exp,2630200,Capital Grants to Government Agencies and other Levels of Government,4000000,0,0,0,0,0,452,yes
fy-2026-27-development-book-volume-1-1011-1083,1066,1066106200,Primary & Secondary Schools Infrastructure Improvement III.,1066106254,Lomanira Primary,exp,2630200,Capital Grants to Government Agencies and other Levels of Government,4000000,0,0,0,0,0,452,yes
fy-2026-27-development-book-volume-1-1011-1083,1066,1066106200,Primary & Secondary Schools Infrastructure Improvement III.,1066106255,Matera Primary School,exp,2630200,Capital Grants to Government Agencies and other Levels of Government,5000000,0,0,0,0,0,453,yes
fy-2026-27-development-book-volume-1-1011-1083,1066,1066106200,Primary & Secondary Schools Infrastructure Improvement III.,1066106256,Nyadhi Primary,exp,2630200,Capital Grants to Government Agencies and other Levels of Government,5000000,0,0,0,0,0,453,yes
fy-2026-27-development-book-volume-1-1011-1083,1066,1066106200,Primary & Secondary Schools Infrastructure Improvement III.,1066106257,Nyalaji Primary,exp,2630200,Capital Grants to Government Agencies and other Levels of Government,4000000,0,0,0,0,0,453,yes
fy-2026-27-development-book-volume-1-1011-1083,1066,1066106200,Primary & Secondary Schools Infrastructure Improvement III.,1066106258,Nyaluanga Primary,exp,2630200,Capital Grants to Government Agencies and other Levels of Government,4000000,0,0,0,0,0,453,yes
fy-2026-27-development-book-volume-1-1011-1083,1066,1066106200,Primary & Secondary Schools Infrastructure Improvement III.,1066106259,Nyasita Primary,exp,2630200,Capital Grants to Government Agencies and other Levels of Government,4000000,0,0,0,0,0,453,yes
fy-2026-27-development-book-volume-1-1011-1083,1066,1066106200,Primary & Secondary Schools Infrastructure Improvement III.,1066106260,Osoro Primary,exp,2630200,Capital Grants to Government Agencies and other Levels of Government,4000000,0,0,0,0,0,454,yes
fy-2026-27-development-book-volume-1-1011-1083,1066,1066106200,Primary & Secondary Schools Infrastructure Improvement III.,1066106261,Palpal Primary,exp,2630200,Capital Grants to Government Agencies and other Levels of Government,5000000,0,0,0,0,0,454,yes
fy-2026-27-development-book-volume-1-1011-1083,1066,1066106200,Primary & Secondary Schools Infrastructure Improvement III.,1066106262,Rasugu Primary,exp,2630200,Capital Grants to Government Agencies and other Levels of Government,4000000,0,0,0,0,0,454,yes
fy-2026-27-development-book-volume-1-1011-1083,1066,1066106200,Primary & Secondary Schools Infrastructure Improvement III.,1066106263,Udamaayi Primary School,exp,2630200,Capital Grants to Government Agencies and other Levels of Government,5000000,0,0,0,0,0,454,yes
fy-2026-27-development-book-volume-1-1011-1083,1066,1066106200,Primary & Secondary Schools Infrastructure Improvement III.,1066106264,Udenda Primary,exp,2630200,Capital Grants to Government Agencies and other Levels of Government,5000000,0,0,0,0,0,454,yes
fy-2026-27-development-book-volume-1-1011-1083,1066,1066106200,Primary & Secondary Schools Infrastructure Improvement III.,1066106265,Uloma Kodero Primary,exp,2630200,Capital Grants to Government Agencies and other Levels of Government,5000000,0,0,0,0,0,455,yes
fy-2026-27-development-book-volume-1-1011-1083,1066,1066106200,Primary & Secondary Schools Infrastructure Improvement III.,1066106266,AIC Nanam Primary,exp,2630200,Capital Grants to Government Agencies and other Levels of Government,2255000,0,0,0,0,0,455,yes
fy-2026-27-development-book-volume-1-1011-1083,1066,1066106200,Primary & Secondary Schools Infrastructure Improvement III.,1066106267,Akitesi Primary School,exp,2630200,Capital Grants to Government Agencies and other Levels of Government,755000,0,0,0,0,0,455,yes
fy-2026-27-development-book-volume-1-1011-1083,1066,1066106200,Primary & Secondary Schools Infrastructure Improvement III.,1066106268,Andingo Primary School,exp,2630200,Capital Grants to Government Agencies and other Levels of Government,755000,0,0,0,0,0,455,yes
fy-2026-27-development-book-volume-1-1011-1083,1066,1066106200,Primary & Secondary Schools Infrastructure Improvement III.,1066106269,Ayany Primary School,exp,2630200,Capital Grants to Government Agencies and other Levels of Government,1255000,0,0,0,0,0,455,yes
fy-2026-27-development-book-volume-1-1011-1083,1066,1066106200,Primary & Secondary Schools Infrastructure Improvement III.,1066106270,Burangasi Primary,exp,2630200,Capital Grants to Government Agencies and other Levels of Government,2255000,0,0,0,0,0,456,yes
fy-2026-27-development-book-volume-1-1011-1083,1066,1066106200,Primary & Secondary Schools Infrastructure Improvement III.,1066106271,Chandera Comprehensive School,exp,2630200,Capital Grants to Government Agencies and other Levels of Government,2255000,0,0,0,0,0,456,yes
fy-2026-27-development-book-volume-1-1011-1083,1066,1066106200,Primary & Secondary Schools Infrastructure Improvement III.,1066106272,Charifuda Primary,exp,2630200,Capital Grants to Government Agencies and other Levels of Government,755000,0,0,0,0,0,456,yes
fy-2026-27-development-book-volume-1-1011-1083,1066,1066106200,Primary & Secondary Schools Infrastructure Improvement III.,1066106273,Chepkitile Js Primary,exp,2630200,Capital Grants to Government Agencies and other Levels of Government,2255000,0,0,0,0,0,456,yes
fy-2026-27-development-book-volume-1-1011-1083,1066,1066106200,Primary & Secondary Schools Infrastructure Improvement III.,1066106274,Cherungut JS Primary,exp,2630200,Capital Grants to Government Agencies and other Levels of Government,2255000,0,0,0,0,0,456,yes
fy-2026-27-development-book-volume-1-1011-1083,1066,1066106200,Primary & Secondary Schools Infrastructure Improvement III.,1066106275,Dibuoro Primary School,exp,2630200,Capital Grants to Government Agencies and other Levels of Government,2755000,0,0,0,0,0,457,yes
fy-2026-27-development-book-volume-1-1011-1083,1066,1066106200,Primary & Secondary Schools Infrastructure Improvement III.,1066106276,Ebulonga Primary School,exp,2630200,Capital Grants to Government Agencies and other Levels of Government,755000,0,0,0,0,0,457,yes
fy-2026-27-development-book-volume-1-1011-1083,1066,1066106200,Primary & Secondary Schools Infrastructure Improvement III.,1066106277,El Tula Primary School,exp,2630200,Capital Grants to Government Agencies and other Levels of Government,755000,0,0,0,0,0,457,yes
fy-2026-27-development-book-volume-1-1011-1083,1066,1066106200,Primary & Secondary Schools Infrastructure Improvement III.,1066106278,Elwak Girls Primary,exp,2630200,Capital Grants to Government Agencies and other Levels of Government,755000,0,0,0,0,0,457,yes
fy-2026-27-development-book-volume-1-1011-1083,1066,1066106200,Primary & Secondary Schools Infrastructure Improvement III.,1066106279,Entanda PAG Girls Boarding Primary School,exp,2630200,Capital Grants to Government Agencies and other Levels of Government,755000,0,0,0,0,0,457,yes
fy-2026-27-development-book-volume-1-1011-1083,1066,1066106200,Primary & Secondary Schools Infrastructure Improvement III.,1066106280,Gendro Primary School,exp,2630200,Capital Grants to Government Agencies and other Levels of Government,2255000,0,0,0,0,0,458,yes
fy-2026-27-development-book-volume-1-1011-1083,1066,1066106200,Primary & Secondary Schools Infrastructure Improvement III.,1066106281,Gombe Komolo Primary School,exp,2630200,Capital Grants to Government Agencies and other Levels of Government,2755000,0,0,0,0,0,458,yes
fy-2026-27-development-book-volume-1-1011-1083,1066,1066106200,Primary & Secondary Schools Infrastructure Improvement III.,1066106282,Ibubi Primary School,exp,2630200,Capital Grants to Government Agencies and other Levels of Government,755000,0,0,0,0,0,458,yes
fy-2026-27-development-book-volume-1-1011-1083,1066,1066106200,Primary & Secondary Schools Infrastructure Improvement III.,1066106283,Ikuywa Primary,exp,2630200,Capital Grants to Government Agencies and other Levels of Government,2255000,0,0,0,0,0,458,yes
fy-2026-27-development-book-volume-1-1011-1083,1066,1066106200,Primary & Secondary Schools Infrastructure Improvement III.,1066106284,Kaalotwari Comprehensive School,exp,2630200,Capital Grants to Government Agencies and other Levels of Government,2255000,0,0,0,0,0,458,yes
fy-2026-27-development-book-volume-1-1011-1083,1066,1066106200,Primary & Secondary Schools Infrastructure Improvement III.,1066106285,Kaburgei Primary,exp,2630200,Capital Grants to Government Agencies and other Levels of Government,755000,0,0,0,0,0,459,yes
fy-2026-27-development-book-volume-1-1011-1083,1066,1066106200,Primary & Secondary Schools Infrastructure Improvement III.,1066106286,Kadunyi DEB Primary School,exp,2630200,Capital Grants to Government Agencies and other Levels of Government,4000000,0,0,0,0,0,459,yes
fy-2026-27-development-book-volume-1-1011-1083,1066,1066106200,Primary & Secondary Schools Infrastructure Improvement III.,1066106287,Kamuiru Comprehensive School,exp,2630200,Capital Grants to Government Agencies and other Levels of Government,2255000,0,0,0,0,0,459,yes
fy-2026-27-development-book-volume-1-1011-1083,1066,1066106200,Primary & Secondary Schools Infrastructure Improvement III.,1066106288,Kamuwe Primary School,exp,2630200,Capital Grants to Government Agencies and other Levels of Government,755000,0,0,0,0,0,459,yes
fy-2026-27-development-book-volume-1-1011-1083,1066,1066106200,Primary & Secondary Schools Infrastructure Improvement III.,1066106289,Kandondo Primary,exp,2630200,Capital Grants to Government Agencies and other Levels of Government,2255000,0,0,0,0,0,459,yes
fy-2026-27-development-book-volume-1-1011-1083,1066,1066106200,Primary & Secondary Schools Infrastructure Improvement III.,1066106290,Kanyaltin Comprehensive School,exp,2630200,Capital Grants to Government Agencies and other Levels of Government,2255000,0,0,0,0,0,460,yes
fy-2026-27-development-book-volume-1-1011-1083,1066,1066106200,Primary & Secondary Schools Infrastructure Improvement III.,1066106292,Kapchepkisa Primary School,exp,2630200,Capital Grants to Government Agencies and other Levels of Government,3010000,0,0,0,0,0,460,yes
fy-2026-27-development-book-volume-1-1011-1083,1066,1066106200,Primary & Secondary Schools Infrastructure Improvement III.,1066106293,Kaplamai Primary,exp,2630200,Capital Grants to Government Agencies and other Levels of Government,2255000,0,0,0,0,0,460,yes
fy-2026-27-development-book-volume-1-1011-1083,1066,1066106200,Primary & Secondary Schools Infrastructure Improvement III.,1066106294,Kapsokio Js Primary,exp,2630200,Capital Grants to Government Agencies and other Levels of Government,2255000,0,0,0,0,0,460,yes
fy-2026-27-development-book-volume-1-1011-1083,1066,1066106200,Primary & Secondary Schools Infrastructure Improvement III.,1066106295,Kaptebengwo Js Primary,exp,2630200,Capital Grants to Government Agencies and other Levels of Government,2255000,0,0,0,0,0,460,yes
fy-2026-27-development-book-volume-1-1011-1083,1066,1066106200,Primary & Secondary Schools Infrastructure Improvement III.,1066106296,Kipsasuron Primary,exp,2630200,Capital Grants to Government Agencies and other Levels of Government,2255000,0,0,0,0,0,461,yes
fy-2026-27-development-book-volume-1-1011-1083,1066,1066106200,Primary & Secondary Schools Infrastructure Improvement III.,1066106297,Kivaywa Primary School,exp,2630200,Capital Grants to Government Agencies and other Levels of Government,755000,0,0,0,0,0,461,yes
fy-2026-27-development-book-volume-1-1011-1083,1066,1066106200,Primary & Secondary Schools Infrastructure Improvement III.,1066106298,Koitoror Primary,exp,2630200,Capital Grants to Government Agencies and other Levels of Government,755000,0,0,0,0,0,461,yes
fy-2026-27-development-book-volume-1-1011-1083,1066,1066106200,Primary & Secondary Schools Infrastructure Improvement III.,1066106299,Loromoru Primary,exp,2630200,Capital Grants to Government Agencies and other Levels of Government,2255000,0,0,0,0,0,461,yes
fy-2026-27-development-book-volume-1-1011-1083,1066,1066106300,Infrastructure Support to Primary Special Needs Schools.,1066106301,Infrastructure Support to Primary Special Needs Schools,exp,2630200,Capital Grants to Government Agencies and other Levels of Government,100000000,0,0,0,0,0,462,yes
fy-2026-27-development-book-volume-1-1011-1083,1066,1066106400,Infrastructure Support to Teachers' Training Colleges.,1066106401,Infrastructure Support to Teachers' Training Colleges,exp,2630200,Capital Grants to Government Agencies and other Levels of Government,100000000,0,0,0,0,0,462,yes
fy-2026-27-development-book-volume-1-1011-1083,1066,1066106500,Construction of Education Assessment Resource Centres (EARCs).,1066106501,Construction of Education Assessment Resource Centres (EARCs),exp,2630200,Capital Grants to Government Agencies and other Levels of Government,50000000,0,0,0,0,0,462,yes
fy-2026-27-development-book-volume-1-1011-1083,1066,1066106600,Infrastructure Support to Secondary Special Needs Schools.,1066106601,Infrastructure Support to Secondary Special Needs Schools,exp,2630200,Capital Grants to Government Agencies and other Levels of Government,100000000,0,0,0,0,0,463,yes
fy-2026-27-development-book-volume-1-1011-1083,1066,1066106700,Primary & Secondary Schools Infrastructure Improvement IV.,1066106701,Lower Kihara Comprehensive School,exp,2630200,Capital Grants to Government Agencies and other Levels of Government,2255000,0,0,0,0,0,463,yes
fy-2026-27-development-book-volume-1-1011-1083,1066,1066106700,Primary & Secondary Schools Infrastructure Improvement IV.,1066106702,Lusumu Comprehensive School,exp,2630200,Capital Grants to Government Agencies and other Levels of Government,2255000,0,0,0,0,0,463,yes
fy-2026-27-development-book-volume-1-1011-1083,1066,1066106700,Primary & Secondary Schools Infrastructure Improvement IV.,1066106703,Marula Primary School,exp,2630200,Capital Grants to Government Agencies and other Levels of Government,755000,0,0,0,0,0,464,yes
fy-2026-27-development-book-volume-1-1011-1083,1066,1066106700,Primary & Secondary Schools Infrastructure Improvement IV.,1066106704,Matutu Pag Primary School,exp,2630200,Capital Grants to Government Agencies and other Levels of Government,755000,0,0,0,0,0,464,yes
fy-2026-27-development-book-volume-1-1011-1083,1066,1066106700,Primary & Secondary Schools Infrastructure Improvement IV.,1066106705,Meteitei Js Primary,exp,2630200,Capital Grants to Government Agencies and other Levels of Government,2555000,0,0,0,0,0,464,yes
fy-2026-27-development-book-volume-1-1011-1083,1066,1066106700,Primary & Secondary Schools Infrastructure Improvement IV.,1066106706,Mirugi Kariuki Primary,exp,2630200,Capital Grants to Government Agencies and other Levels of Government,2255000,0,0,0,0,0,464,yes
fy-2026-27-development-book-volume-1-1011-1083,1066,1066106700,Primary & Secondary Schools Infrastructure Improvement IV.,1066106708,Miuine Primary School,exp,2630200,Capital Grants to Government Agencies and other Levels of Government,3010000,0,0,0,0,0,464,yes
fy-2026-27-development-book-volume-1-1011-1083,1066,1066106700,Primary & Secondary Schools Infrastructure Improvement IV.,1066106709,Mombor Primary,exp,2630200,Capital Grants to Government Agencies and other Levels of Government,2255000,0,0,0,0,0,465,yes
fy-2026-27-development-book-volume-1-1011-1083,1066,1066106700,Primary & Secondary Schools Infrastructure Improvement IV.,1066106710,Mong'oni Primary School,exp,2630200,Capital Grants to Government Agencies and other Levels of Government,755000,0,0,0,0,0,465,yes
fy-2026-27-development-book-volume-1-1011-1083,1066,1066106700,Primary & Secondary Schools Infrastructure Improvement IV.,1066106711,Moses Wetangula Primary School Lurare,exp,2630200,Capital Grants to Government Agencies and other Levels of Government,6090000,0,0,0,0,0,465,yes
fy-2026-27-development-book-volume-1-1011-1083,1066,1066106700,Primary & Secondary Schools Infrastructure Improvement IV.,1066106712,Muchukwo Primary School,exp,2630200,Capital Grants to Government Agencies and other Levels of Government,755000,0,0,0,0,0,465,yes
fy-2026-27-development-book-volume-1-1011-1083,1066,1066106700,Primary & Secondary Schools Infrastructure Improvement IV.,1066106713,Mudhiero Primary School,exp,2630200,Capital Grants to Government Agencies and other Levels of Government,755000,0,0,0,0,0,465,yes
fy-2026-27-development-book-volume-1-1011-1083,1066,1066106700,Primary & Secondary Schools Infrastructure Improvement IV.,1066106714,Mugunya Primary,exp,2630200,Capital Grants to Government Agencies and other Levels of Government,1755000,0,0,0,0,0,466,yes
fy-2026-27-development-book-volume-1-1011-1083,1066,1066106700,Primary & Secondary Schools Infrastructure Improvement IV.,1066106715,Musaga Comprehensive School,exp,2630200,Capital Grants to Government Agencies and other Levels of Government,2255000,0,0,0,0,0,466,yes
fy-2026-27-development-book-volume-1-1011-1083,1066,1066106700,Primary & Secondary Schools Infrastructure Improvement IV.,1066106716,Mwangi Muchuki Comprehensive School,exp,2630200,Capital Grants to Government Agencies and other Levels of Government,2255000,0,0,0,0,0,466,yes
fy-2026-27-development-book-volume-1-1011-1083,1066,1066106700,Primary & Secondary Schools Infrastructure Improvement IV.,1066106717,Naakurtolukuny Primary School,exp,2630200,Capital Grants to Government Agencies and other Levels of Government,755000,0,0,0,0,0,466,yes
fy-2026-27-development-book-volume-1-1011-1083,1066,1066106700,Primary & Secondary Schools Infrastructure Improvement IV.,1066106718,Nakaje Primary,exp,2630200,Capital Grants to Government Agencies and other Levels of Government,2255000,0,0,0,0,0,466,yes
fy-2026-27-development-book-volume-1-1011-1083,1066,1066106700,Primary & Secondary Schools Infrastructure Improvement IV.,1066106719,Namaika Primary School,exp,2630200,Capital Grants to Government Agencies and other Levels of Government,5000000,0,0,0,0,0,467,yes
fy-2026-27-development-book-volume-1-1011-1083,1066,1066106700,Primary & Secondary Schools Infrastructure Improvement IV.,1066106720,Nawountos Primary,exp,2630200,Capital Grants to Government Agencies and other Levels of Government,2255000,0,0,0,0,0,467,yes
fy-2026-27-development-book-volume-1-1011-1083,1066,1066106700,Primary & Secondary Schools Infrastructure Improvement IV.,1066106721,Ndimu Comprehensive School,exp,2630200,Capital Grants to Government Agencies and other Levels of Government,2255000,0,0,0,0,0,467,yes
fy-2026-27-development-book-volume-1-1011-1083,1066,1066106700,Primary & Secondary Schools Infrastructure Improvement IV.,1066106722,Nduroto Primary,exp,2630200,Capital Grants to Government Agencies and other Levels of Government,1755000,0,0,0,0,0,467,yes
fy-2026-27-development-book-volume-1-1011-1083,1066,1066106700,Primary & Secondary Schools Infrastructure Improvement IV.,1066106723,Ngelecha Primary,exp,2630200,Capital Grants to Government Agencies and other Levels of Government,2255000,0,0,0,0,0,467,yes
fy-2026-27-development-book-volume-1-1011-1083,1066,1066106700,Primary & Secondary Schools Infrastructure Improvement IV.,1066106724,Nkamathi Special School,exp,2630200,Capital Grants to Government Agencies and other Levels of Government,755000,0,0,0,0,0,468,yes
fy-2026-27-development-book-volume-1-1011-1083,1066,1066106700,Primary & Secondary Schools Infrastructure Improvement IV.,1066106725,Nyagaari Primary,exp,2630200,Capital Grants to Government Agencies and other Levels of Government,2255000,0,0,0,0,0,468,yes
fy-2026-27-development-book-volume-1-1011-1083,1066,1066106700,Primary & Secondary Schools Infrastructure Improvement IV.,1066106726,Nyagancha Deb Primary School,exp,2630200,Capital Grants to Government Agencies and other Levels of Government,755000,0,0,0,0,0,468,yes
fy-2026-27-development-book-volume-1-1011-1083,1066,1066106700,Primary & Secondary Schools Infrastructure Improvement IV.,1066106727,Nyajuok Primary School,exp,2630200,Capital Grants to Government Agencies and other Levels of Government,2755000,0,0,0,0,0,468,yes
fy-2026-27-development-book-volume-1-1011-1083,1066,1066106700,Primary & Secondary Schools Infrastructure Improvement IV.,1066106728,Old Kibera Primary School,exp,2630200,Capital Grants to Government Agencies and other Levels of Government,1255000,0,0,0,0,0,468,yes
fy-2026-27-development-book-volume-1-1011-1083,1066,1066106700,Primary & Secondary Schools Infrastructure Improvement IV.,1066106729,Oloonamuka Primary School,exp,2630200,Capital Grants to Government Agencies and other Levels of Government,755000,0,0,0,0,0,469,yes
fy-2026-27-development-book-volume-1-1011-1083,1066,1066106700,Primary & Secondary Schools Infrastructure Improvement IV.,1066106730,Onding Primary School,exp,2630200,Capital Grants to Government Agencies and other Levels of Government,755000,0,0,0,0,0,469,yes
fy-2026-27-development-book-volume-1-1011-1083,1066,1066106700,Primary & Secondary Schools Infrastructure Improvement IV.,1066106731,Ongoro Primary School,exp,2630200,Capital Grants to Government Agencies and other Levels of Government,755000,0,0,0,0,0,469,yes
fy-2026-27-development-book-volume-1-1011-1083,1066,1066106700,Primary & Secondary Schools Infrastructure Improvement IV.,1066106732,Opokot Primary School,exp,2630200,Capital Grants to Government Agencies and other Levels of Government,755000,0,0,0,0,0,469,yes
fy-2026-27-development-book-volume-1-1011-1083,1066,1066106700,Primary & Secondary Schools Infrastructure Improvement IV.,1066106733,Oseno Komolo Primary School,exp,2630200,Capital Grants to Government Agencies and other Levels of Government,2755000,0,0,0,0,0,469,yes
fy-2026-27-development-book-volume-1-1011-1083,1066,1066106700,Primary & Secondary Schools Infrastructure Improvement IV.,1066106734,Osuri Primary School,exp,2630200,Capital Grants to Government Agencies and other Levels of Government,755000,0,0,0,0,0,470,yes
fy-2026-27-development-book-volume-1-1011-1083,1066,1066106700,Primary & Secondary Schools Infrastructure Improvement IV.,1066106735,Palam Primary School,exp,2630200,Capital Grants to Government Agencies and other Levels of Government,755000,0,0,0,0,0,470,yes
fy-2026-27-development-book-volume-1-1011-1083,1066,1066106700,Primary & Secondary Schools Infrastructure Improvement IV.,1066106736,Presidential Directive Projects,exp,2630200,Capital Grants to Government Agencies and other Levels of Government,96000000,0,0,0,0,0,470,yes
fy-2026-27-development-book-volume-1-1011-1083,1066,1066106700,Primary & Secondary Schools Infrastructure Improvement IV.,1066106737,Ramacha Primary,exp,2630200,Capital Grants to Government Agencies and other Levels of Government,2255000,0,0,0,0,0,470,yes
fy-2026-27-development-book-volume-1-1011-1083,1066,1066106700,Primary & Secondary Schools Infrastructure Improvement IV.,1066106738,Seiyo Primary,exp,2630200,Capital Grants to Government Agencies and other Levels of Government,755000,0,0,0,0,0,470,yes
fy-2026-27-development-book-volume-1-1011-1083,1066,1066106700,Primary & Secondary Schools Infrastructure Improvement IV.,1066106739,Sesoi Primary,exp,2630200,Capital Grants to Government Agencies and other Levels of Government,2255000,0,0,0,0,0,471,yes
fy-2026-27-development-book-volume-1-1011-1083,1066,1066106700,Primary & Secondary Schools Infrastructure Improvement IV.,1066106740,Shabwali Primary,exp,2630200,Capital Grants to Government Agencies and other Levels of Government,2255000,0,0,0,0,0,471,yes
fy-2026-27-development-book-volume-1-1011-1083,1066,1066106700,Primary & Secondary Schools Infrastructure Improvement IV.,1066106741,Siaya Township Primary School,exp,2630200,Capital Grants to Government Agencies and other Levels of Government,2755000,0,0,0,0,0,471,yes
fy-2026-27-development-book-volume-1-1011-1083,1066,1066106700,Primary & Secondary Schools Infrastructure Improvement IV.,1066106742,Sidok Primary School,exp,2630200,Capital Grants to Government Agencies and other Levels of Government,2755000,0,0,0,0,0,471,yes
fy-2026-27-development-book-volume-1-1011-1083,1066,1066106700,Primary & Secondary Schools Infrastructure Improvement IV.,1066106743,Simakina Comprehensive School,exp,2630200,Capital Grants to Government Agencies and other Levels of Government,2255000,0,0,0,0,0,471,yes
fy-2026-27-development-book-volume-1-1011-1083,1066,1066106700,Primary & Secondary Schools Infrastructure Improvement IV.,1066106744,St Mathew Maraba Primary,exp,2630200,Capital Grants to Government Agencies and other Levels of Government,1755000,0,0,0,0,0,472,yes
fy-2026-27-development-book-volume-1-1011-1083,1066,1066106700,Primary & Secondary Schools Infrastructure Improvement IV.,1066106745,St Paul Kibisem JS Primary,exp,2630200,Capital Grants to Government Agencies and other Levels of Government,1755000,0,0,0,0,0,472,yes
fy-2026-27-development-book-volume-1-1011-1083,1066,1066106700,Primary & Secondary Schools Infrastructure Improvement IV.,1066106746,St Peter Kaplamaiywo JS Primary,exp,2630200,Capital Grants to Government Agencies and other Levels of Government,2255000,0,0,0,0,0,472,yes
fy-2026-27-development-book-volume-1-1011-1083,1066,1066106700,Primary & Secondary Schools Infrastructure Improvement IV.,1066106747,St. John Primary,exp,2630200,Capital Grants to Government Agencies and other Levels of Government,2255000,0,0,0,0,0,472,yes
fy-2026-27-development-book-volume-1-1011-1083,1066,1066106700,Primary & Secondary Schools Infrastructure Improvement IV.,1066106748,The Salvation Army Soysambu Primary School,exp,2630200,Capital Grants to Government Agencies and other Levels of Government,4000000,0,0,0,0,0,472,yes
fy-2026-27-development-book-volume-1-1011-1083,1066,1066106700,Primary & Secondary Schools Infrastructure Improvement IV.,1066106749,Tiloi Primary,exp,2630200,Capital Grants to Government Agencies and other Levels of Government,2255000,0,0,0,0,0,473,yes
fy-2026-27-development-book-volume-1-1011-1083,1066,1066106700,Primary & Secondary Schools Infrastructure Improvement IV.,1066106750,Tulwap Primary School,exp,2630200,Capital Grants to Government Agencies and other Levels of Government,2255000,0,0,0,0,0,473,yes
fy-2026-27-development-book-volume-1-1011-1083,1066,1066106700,Primary & Secondary Schools Infrastructure Improvement IV.,1066106751,Umala Primary School,exp,2630200,Capital Grants to Government Agencies and other Levels of Government,2755000,0,0,0,0,0,473,yes
fy-2026-27-development-book-volume-1-1011-1083,1066,1066106700,Primary & Secondary Schools Infrastructure Improvement IV.,1066106752,Uyoma Kobare Primary School,exp,2630200,Capital Grants to Government Agencies and other Levels of Government,2755000,0,0,0,0,0,473,yes
fy-2026-27-development-book-volume-1-1011-1083,1066,1066106700,Primary & Secondary Schools Infrastructure Improvement IV.,1066106753,Wacholi Primary School,exp,2630200,Capital Grants to Government Agencies and other Levels of Government,5000000,0,0,0,0,0,473,yes
fy-2026-27-development-book-volume-1-1011-1083,1066,1066106700,Primary & Secondary Schools Infrastructure Improvement IV.,1066106754,ACK Kapkoimur Secondary,exp,2630200,Capital Grants to Government Agencies and other Levels of Government,2616600,0,0,0,0,0,474,yes
fy-2026-27-development-book-volume-1-1011-1083,1066,1066106700,Primary & Secondary Schools Infrastructure Improvement IV.,1066106755,Aic Chepkemei Secondary,exp,2630200,Capital Grants to Government Agencies and other Levels of Government,2616600,0,0,0,0,0,474,yes
fy-2026-27-development-book-volume-1-1011-1083,1066,1066106700,Primary & Secondary Schools Infrastructure Improvement IV.,1066106756,Borehole 11 Mixed Secondary,exp,2630200,Capital Grants to Government Agencies and other Levels of Government,4576600,0,0,0,0,0,474,yes
fy-2026-27-development-book-volume-1-1011-1083,1066,1066106700,Primary & Secondary Schools Infrastructure Improvement IV.,1066106757,Charity Secondary School,exp,2630200,Capital Grants to Government Agencies and other Levels of Government,2616600,0,0,0,0,0,474,yes
fy-2026-27-development-book-volume-1-1011-1083,1066,1066106700,Primary & Secondary Schools Infrastructure Improvement IV.,1066106758,Chebirbelek Secondary,exp,2630200,Capital Grants to Government Agencies and other Levels of Government,2616600,0,0,0,0,0,474,yes
fy-2026-27-development-book-volume-1-1011-1083,1066,1066106700,Primary & Secondary Schools Infrastructure Improvement IV.,1066106759,Cheburbur Secondary,exp,2630200,Capital Grants to Government Agencies and other Levels of Government,4576600,0,0,0,0,0,475,yes
fy-2026-27-development-book-volume-1-1011-1083,1066,1066106700,Primary & Secondary Schools Infrastructure Improvement IV.,1066106760,Chemalal Secondary,exp,2630200,Capital Grants to Government Agencies and other Levels of Government,4576600,0,0,0,0,0,475,yes
fy-2026-27-development-book-volume-1-1011-1083,1066,1066106700,Primary & Secondary Schools Infrastructure Improvement IV.,1066106761,Chemkengen Secondary School,exp,2630200,Capital Grants to Government Agencies and other Levels of Government,2616600,0,0,0,0,0,475,yes
fy-2026-27-development-book-volume-1-1011-1083,1066,1066106700,Primary & Secondary Schools Infrastructure Improvement IV.,1066106762,Chemundu Secondary,exp,2630200,Capital Grants to Government Agencies and other Levels of Government,4576600,0,0,0,0,0,475,yes
fy-2026-27-development-book-volume-1-1011-1083,1066,1066106700,Primary & Secondary Schools Infrastructure Improvement IV.,1066106763,Cheplelachbei Secondary,exp,2630200,Capital Grants to Government Agencies and other Levels of Government,2616600,0,0,0,0,0,475,yes
fy-2026-27-development-book-volume-1-1011-1083,1066,1066106700,Primary & Secondary Schools Infrastructure Improvement IV.,1066106764,Chepterwai Girls Secondary,exp,2630200,Capital Grants to Government Agencies and other Levels of Government,4576600,0,0,0,0,0,476,yes
fy-2026-27-development-book-volume-1-1011-1083,1066,1066106700,Primary & Secondary Schools Infrastructure Improvement IV.,1066106765,Ciada High School,exp,2630200,Capital Grants to Government Agencies and other Levels of Government,3596600,0,0,0,0,0,476,yes
fy-2026-27-development-book-volume-1-1011-1083,1066,1066106700,Primary & Secondary Schools Infrastructure Improvement IV.,1066106766,Dennis Obara,exp,2630200,Capital Grants to Government Agencies and other Levels of Government,4576600,0,0,0,0,0,476,yes
fy-2026-27-development-book-volume-1-1011-1083,1066,1066106700,Primary & Secondary Schools Infrastructure Improvement IV.,1066106767,Ebusakami Girls Secondary,exp,2630200,Capital Grants to Government Agencies and other Levels of Government,4576600,0,0,0,0,0,476,yes
fy-2026-27-development-book-volume-1-1011-1083,1066,1066106700,Primary & Secondary Schools Infrastructure Improvement IV.,1066106768,Ebwali Secondary,exp,2630200,Capital Grants to Government Agencies and other Levels of Government,4576600,0,0,0,0,0,476,yes
fy-2026-27-development-book-volume-1-1011-1083,1066,1066106700,Primary & Secondary Schools Infrastructure Improvement IV.,1066106769,Ekambuli Secondary School,exp,2630200,Capital Grants to Government Agencies and other Levels of Government,3596600,0,0,0,0,0,477,yes
fy-2026-27-development-book-volume-1-1011-1083,1066,1066106700,Primary & Secondary Schools Infrastructure Improvement IV.,1066106770,ELCK Terero Girls Secondary School Ptoyo,exp,2630200,Capital Grants to Government Agencies and other Levels of Government,3596600,0,0,0,0,0,477,yes
fy-2026-27-development-book-volume-1-1011-1083,1066,1066106700,Primary & Secondary Schools Infrastructure Improvement IV.,1066106771,Eldas Girls Secondary School,exp,2630200,Capital Grants to Government Agencies and other Levels of Government,3596600,0,0,0,0,0,477,yes
fy-2026-27-development-book-volume-1-1011-1083,1066,1066106700,Primary & Secondary Schools Infrastructure Improvement IV.,1066106772,Embosos Secondary,exp,2630200,Capital Grants to Government Agencies and other Levels of Government,2616600,0,0,0,0,0,477,yes
fy-2026-27-development-book-volume-1-1011-1083,1066,1066106700,Primary & Secondary Schools Infrastructure Improvement IV.,1066106773,Entiyani Secondary School,exp,2630200,Capital Grants to Government Agencies and other Levels of Government,3596600,0,0,0,0,0,477,yes
fy-2026-27-development-book-volume-1-1011-1083,1066,1066106700,Primary & Secondary Schools Infrastructure Improvement IV.,1066106774,Gatero Girls High School,exp,2630200,Capital Grants to Government Agencies and other Levels of Government,3596600,0,0,0,0,0,478,yes
fy-2026-27-development-book-volume-1-1011-1083,1066,1066106700,Primary & Secondary Schools Infrastructure Improvement IV.,1066106775,Gitige Secondary School,exp,2630200,Capital Grants to Government Agencies and other Levels of Government,3596600,0,0,0,0,0,478,yes
fy-2026-27-development-book-volume-1-1011-1083,1066,1066106700,Primary & Secondary Schools Infrastructure Improvement IV.,1066106776,Hashaka Secondary School,exp,2630200,Capital Grants to Government Agencies and other Levels of Government,3596600,0,0,0,0,0,478,yes
fy-2026-27-development-book-volume-1-1011-1083,1066,1066106700,Primary & Secondary Schools Infrastructure Improvement IV.,1066106777,Hill Crest Secondary,exp,2630200,Capital Grants to Government Agencies and other Levels of Government,2616600,0,0,0,0,0,478,yes
fy-2026-27-development-book-volume-1-1011-1083,1066,1066106700,Primary & Secondary Schools Infrastructure Improvement IV.,1066106778,Hobunaka Girls,exp,2630200,Capital Grants to Government Agencies and other Levels of Government,4576600,0,0,0,0,0,478,yes
fy-2026-27-development-book-volume-1-1011-1083,1066,1066106700,Primary & Secondary Schools Infrastructure Improvement IV.,1066106779,Ibanja Secondary,exp,2630200,Capital Grants to Government Agencies and other Levels of Government,4576600,0,0,0,0,0,479,yes
fy-2026-27-development-book-volume-1-1011-1083,1066,1066106700,Primary & Secondary Schools Infrastructure Improvement IV.,1066106780,Imalaba Secondary School,exp,2630200,Capital Grants to Government Agencies and other Levels of Government,2616600,0,0,0,0,0,479,yes
fy-2026-27-development-book-volume-1-1011-1083,1066,1066106700,Primary & Secondary Schools Infrastructure Improvement IV.,1066106781,Ingilot Secondary School,exp,2630200,Capital Grants to Government Agencies and other Levels of Government,2616600,0,0,0,0,0,479,yes
fy-2026-27-development-book-volume-1-1011-1083,1066,1066106700,Primary & Secondary Schools Infrastructure Improvement IV.,1066106782,Inungo Secondary School,exp,2630200,Capital Grants to Government Agencies and other Levels of Government,3596600,0,0,0,0,0,479,yes
fy-2026-27-development-book-volume-1-1011-1083,1066,1066106700,Primary & Secondary Schools Infrastructure Improvement IV.,1066106783,Itibo Boys High School,exp,2630200,Capital Grants to Government Agencies and other Levels of Government,3596600,0,0,0,0,0,479,yes
fy-2026-27-development-book-volume-1-1011-1083,1066,1066106700,Primary & Secondary Schools Infrastructure Improvement IV.,1066106784,Itigo Girls Secondary,exp,2630200,Capital Grants to Government Agencies and other Levels of Government,4576600,0,0,0,0,0,480,yes
fy-2026-27-development-book-volume-1-1011-1083,1066,1066106700,Primary & Secondary Schools Infrastructure Improvement IV.,1066106785,Kabolebo Secondary,exp,2630200,Capital Grants to Government Agencies and other Levels of Government,4576600,0,0,0,0,0,480,yes
fy-2026-27-development-book-volume-1-1011-1083,1066,1066106700,Primary & Secondary Schools Infrastructure Improvement IV.,1066106786,Kabwareng Secondary,exp,2630200,Capital Grants to Government Agencies and other Levels of Government,2616600,0,0,0,0,0,480,yes
fy-2026-27-development-book-volume-1-1011-1083,1066,1066106700,Primary & Secondary Schools Infrastructure Improvement IV.,1066106787,Kalyet Secondary School,exp,2630200,Capital Grants to Government Agencies and other Levels of Government,2616600,0,0,0,0,0,480,yes
fy-2026-27-development-book-volume-1-1011-1083,1066,1066106700,Primary & Secondary Schools Infrastructure Improvement IV.,1066106788,Kamuiru Comprehensive School Infrastructure,exp,2630200,Capital Grants to Government Agencies and other Levels of Government,5000000,0,0,0,0,0,480,yes
fy-2026-27-development-book-volume-1-1011-1083,1066,1066106700,Primary & Secondary Schools Infrastructure Improvement IV.,1066106789,Kapkenyeloi Secondary,exp,2630200,Capital Grants to Government Agencies and other Levels of Government,2616600,0,0,0,0,0,481,yes
fy-2026-27-development-book-volume-1-1011-1083,1066,1066106700,Primary & Secondary Schools Infrastructure Improvement IV.,1066106790,Kapkoigaa Girls Multipurpose Hall,exp,2630200,Capital Grants to Government Agencies and other Levels of Government,5000000,0,0,0,0,0,481,yes
fy-2026-27-development-book-volume-1-1011-1083,1066,1066106700,Primary & Secondary Schools Infrastructure Improvement IV.,1066106791,Kapkondoo Secondary School,exp,2630200,Capital Grants to Government Agencies and other Levels of Government,2616600,0,0,0,0,0,481,yes
fy-2026-27-development-book-volume-1-1011-1083,1066,1066106700,Primary & Secondary Schools Infrastructure Improvement IV.,1066106792,Kaplolo Secondary School,exp,2630200,Capital Grants to Government Agencies and other Levels of Government,4576600,0,0,0,0,0,481,yes
fy-2026-27-development-book-volume-1-1011-1083,1066,1066106700,Primary & Secondary Schools Infrastructure Improvement IV.,1066106793,Karichu Day Secondary,exp,2630200,Capital Grants to Government Agencies and other Levels of Government,4576600,0,0,0,0,0,481,yes
fy-2026-27-development-book-volume-1-1011-1083,1066,1066106700,Primary & Secondary Schools Infrastructure Improvement IV.,1066106794,Kathaka Secondary,exp,2630200,Capital Grants to Government Agencies and other Levels of Government,2616600,0,0,0,0,0,482,yes
fy-2026-27-development-book-volume-1-1011-1083,1066,1066106700,Primary & Secondary Schools Infrastructure Improvement IV.,1066106795,Kenyerere Pag Secondary School,exp,2630200,Capital Grants to Government Agencies and other Levels of Government,4576600,0,0,0,0,0,482,yes
fy-2026-27-development-book-volume-1-1011-1083,1066,1066106700,Primary & Secondary Schools Infrastructure Improvement IV.,1066106796,Kiandangae Secondary,exp,2630200,Capital Grants to Government Agencies and other Levels of Government,2616600,0,0,0,0,0,482,yes
fy-2026-27-development-book-volume-1-1011-1083,1066,1066106700,Primary & Secondary Schools Infrastructure Improvement IV.,1066106797,Kilgoris Girls Secondary School,exp,2630200,Capital Grants to Government Agencies and other Levels of Government,3596600,0,0,0,0,0,482,yes
fy-2026-27-development-book-volume-1-1011-1083,1066,1066106700,Primary & Secondary Schools Infrastructure Improvement IV.,1066106798,Kimoning Secondary School,exp,2630200,Capital Grants to Government Agencies and other Levels of Government,4576600,0,0,0,0,0,482,yes
fy-2026-27-development-book-volume-1-1011-1083,1066,1066106700,Primary & Secondary Schools Infrastructure Improvement IV.,1066106799,Kimonio Secondary School,exp,2630200,Capital Grants to Government Agencies and other Levels of Government,2616600,0,0,0,0,0,483,yes
fy-2026-27-development-book-volume-1-1011-1083,1066,1066106800,Primary & Secondary Schools Infrastructure Improvement V.,1066106801,Kimwani Secondary,exp,2630200,Capital Grants to Government Agencies and other Levels of Government,9476600,0,0,0,0,0,483,yes
fy-2026-27-development-book-volume-1-1011-1083,1066,1066106800,Primary & Secondary Schools Infrastructure Improvement V.,1066106802,Kinyach Secondary,exp,2630200,Capital Grants to Government Agencies and other Levels of Government,4576600,0,0,0,0,0,483,yes
fy-2026-27-development-book-volume-1-1011-1083,1066,1066106800,Primary & Secondary Schools Infrastructure Improvement V.,1066106803,Kiptenden Secondary School,exp,2630200,Capital Grants to Government Agencies and other Levels of Government,2616600,0,0,0,0,0,483,yes
fy-2026-27-development-book-volume-1-1011-1083,1066,1066106800,Primary & Secondary Schools Infrastructure Improvement V.,1066106804,Kirisia Boys High School,exp,2630200,Capital Grants to Government Agencies and other Levels of Government,1636600,0,0,0,0,0,484,yes
fy-2026-27-development-book-volume-1-1011-1083,1066,1066106800,Primary & Secondary Schools Infrastructure Improvement V.,1066106805,Koiban Secondary,exp,2630200,Capital Grants to Government Agencies and other Levels of Government,2616600,0,0,0,0,0,484,yes
fy-2026-27-development-book-volume-1-1011-1083,1066,1066106800,Primary & Secondary Schools Infrastructure Improvement V.,1066106806,Kore Model Mixed Secondary,exp,2630200,Capital Grants to Government Agencies and other Levels of Government,4576600,0,0,0,0,0,484,yes
fy-2026-27-development-book-volume-1-1011-1083,1066,1066106800,Primary & Secondary Schools Infrastructure Improvement V.,1066106807,Kubwe Mixed Secondary Boys,exp,2630200,Capital Grants to Government Agencies and other Levels of Government,3596600,0,0,0,0,0,484,yes
fy-2026-27-development-book-volume-1-1011-1083,1066,1066106800,Primary & Secondary Schools Infrastructure Improvement V.,1066106808,Kuikui Secondary,exp,2630200,Capital Grants to Government Agencies and other Levels of Government,4576600,0,0,0,0,0,484,yes
fy-2026-27-development-book-volume-1-1011-1083,1066,1066106800,Primary & Secondary Schools Infrastructure Improvement V.,1066106809,Kuywa Girls Secondary School,exp,2630200,Capital Grants to Government Agencies and other Levels of Government,7840000,0,0,0,0,0,485,yes
fy-2026-27-development-book-volume-1-1011-1083,1066,1066106800,Primary & Secondary Schools Infrastructure Improvement V.,1066106810,Lafey Boys Secondary School,exp,2630200,Capital Grants to Government Agencies and other Levels of Government,3596600,0,0,0,0,0,485,yes
fy-2026-27-development-book-volume-1-1011-1083,1066,1066106800,Primary & Secondary Schools Infrastructure Improvement V.,1066106811,Langalanga Secondary,exp,2630200,Capital Grants to Government Agencies and other Levels of Government,2616600,0,0,0,0,0,485,yes
fy-2026-27-development-book-volume-1-1011-1083,1066,1066106800,Primary & Secondary Schools Infrastructure Improvement V.,1066106812,Lirhembe Girls Secondary School,exp,2630200,Capital Grants to Government Agencies and other Levels of Government,2616600,0,0,0,0,0,485,yes
fy-2026-27-development-book-volume-1-1011-1083,1066,1066106800,Primary & Secondary Schools Infrastructure Improvement V.,1066106813,Logologo Girls High School,exp,2630200,Capital Grants to Government Agencies and other Levels of Government,3596600,0,0,0,0,0,485,yes
fy-2026-27-development-book-volume-1-1011-1083,1066,1066106800,Primary & Secondary Schools Infrastructure Improvement V.,1066106814,Lorngoswa Secondary School,exp,2630200,Capital Grants to Government Agencies and other Levels of Government,2616600,0,0,0,0,0,486,yes
fy-2026-27-development-book-volume-1-1011-1083,1066,1066106800,Primary & Secondary Schools Infrastructure Improvement V.,1066106815,Lower Kihara Comprehensive School Infrastructure,exp,2630200,Capital Grants to Government Agencies and other Levels of Government,5000000,0,0,0,0,0,486,yes
fy-2026-27-development-book-volume-1-1011-1083,1066,1066106800,Primary & Secondary Schools Infrastructure Improvement V.,1066106816,Luanda Lugari Secondary,exp,2630200,Capital Grants to Government Agencies and other Levels of Government,3596600,0,0,0,0,0,486,yes
fy-2026-27-development-book-volume-1-1011-1083,1066,1066106800,Primary & Secondary Schools Infrastructure Improvement V.,1066106817,Maagonga Secondary School,exp,2630200,Capital Grants to Government Agencies and other Levels of Government,4576600,0,0,0,0,0,486,yes
fy-2026-27-development-book-volume-1-1011-1083,1066,1066106800,Primary & Secondary Schools Infrastructure Improvement V.,1066106818,Makindu Secondary School,exp,2630200,Capital Grants to Government Agencies and other Levels of Government,3596600,0,0,0,0,0,486,yes
fy-2026-27-development-book-volume-1-1011-1083,1066,1066106800,Primary & Secondary Schools Infrastructure Improvement V.,1066106819,Manman Secondary,exp,2630200,Capital Grants to Government Agencies and other Levels of Government,2616600,0,0,0,0,0,487,yes
fy-2026-27-development-book-volume-1-1011-1083,1066,1066106800,Primary & Secondary Schools Infrastructure Improvement V.,1066106820,Maralal High School,exp,2630200,Capital Grants to Government Agencies and other Levels of Government,3596600,0,0,0,0,0,487,yes
fy-2026-27-development-book-volume-1-1011-1083,1066,1066106800,Primary & Secondary Schools Infrastructure Improvement V.,1066106821,Marigat Boys High School,exp,2630200,Capital Grants to Government Agencies and other Levels of Government,3596600,0,0,0,0,0,487,yes
fy-2026-27-development-book-volume-1-1011-1083,1066,1066106800,Primary & Secondary Schools Infrastructure Improvement V.,1066106822,Matumbei Secondary School,exp,2630200,Capital Grants to Government Agencies and other Levels of Government,2616600,0,0,0,0,0,487,yes
fy-2026-27-development-book-volume-1-1011-1083,1066,1066106800,Primary & Secondary Schools Infrastructure Improvement V.,1066106823,Mbaga Secondary Day School,exp,2630200,Capital Grants to Government Agencies and other Levels of Government,3596600,0,0,0,0,0,487,yes
fy-2026-27-development-book-volume-1-1011-1083,1066,1066106800,Primary & Secondary Schools Infrastructure Improvement V.,1066106824,Mbagathi Road Secondary School,exp,2630200,Capital Grants to Government Agencies and other Levels of Government,4576600,0,0,0,0,0,488,yes
fy-2026-27-development-book-volume-1-1011-1083,1066,1066106800,Primary & Secondary Schools Infrastructure Improvement V.,1066106825,Meteitei Secondary School,exp,2630200,Capital Grants to Government Agencies and other Levels of Government,4900000,0,0,0,0,0,488,yes
fy-2026-27-development-book-volume-1-1011-1083,1066,1066106800,Primary & Secondary Schools Infrastructure Improvement V.,1066106826,Mghalu High School,exp,2630200,Capital Grants to Government Agencies and other Levels of Government,1636600,0,0,0,0,0,488,yes
fy-2026-27-development-book-volume-1-1011-1083,1066,1066106800,Primary & Secondary Schools Infrastructure Improvement V.,1066106827,Mihango Secondary School,exp,2630200,Capital Grants to Government Agencies and other Levels of Government,3596600,0,0,0,0,0,488,yes
fy-2026-27-development-book-volume-1-1011-1083,1066,1066106800,Primary & Secondary Schools Infrastructure Improvement V.,1066106828,Miriri Secondary School,exp,2630200,Capital Grants to Government Agencies and other Levels of Government,4576600,0,0,0,0,0,488,yes
fy-2026-27-development-book-volume-1-1011-1083,1066,1066106800,Primary & Secondary Schools Infrastructure Improvement V.,1066106829,Momoniat Secondary School,exp,2630200,Capital Grants to Government Agencies and other Levels of Government,2616600,0,0,0,0,0,489,yes
fy-2026-27-development-book-volume-1-1011-1083,1066,1066106800,Primary & Secondary Schools Infrastructure Improvement V.,1066106830,Morao Secondary School,exp,2630200,Capital Grants to Government Agencies and other Levels of Government,2616600,0,0,0,0,0,489,yes
fy-2026-27-development-book-volume-1-1011-1083,1066,1066106800,Primary & Secondary Schools Infrastructure Improvement V.,1066106831,Mukutani Secondary,exp,2630200,Capital Grants to Government Agencies and other Levels of Government,2616600,0,0,0,0,0,489,yes
fy-2026-27-development-book-volume-1-1011-1083,1066,1066106800,Primary & Secondary Schools Infrastructure Improvement V.,1066106832,Murray Girls,exp,2630200,Capital Grants to Government Agencies and other Levels of Government,1636600,0,0,0,0,0,489,yes
fy-2026-27-development-book-volume-1-1011-1083,1066,1066106800,Primary & Secondary Schools Infrastructure Improvement V.,1066106833,Mutumon Secondary,exp,2630200,Capital Grants to Government Agencies and other Levels of Government,9476600,0,0,0,0,0,489,yes
fy-2026-27-development-book-volume-1-1011-1083,1066,1066106800,Primary & Secondary Schools Infrastructure Improvement V.,1066106834,Mutwala Girls Secondary Muhoroni,exp,2630200,Capital Grants to Government Agencies and other Levels of Government,3596600,0,0,0,0,0,490,yes
fy-2026-27-development-book-volume-1-1011-1083,1066,1066106800,Primary & Secondary Schools Infrastructure Improvement V.,1066106835,Namanze Secondary School,exp,2630200,Capital Grants to Government Agencies and other Levels of Government,2616600,0,0,0,0,0,490,yes
fy-2026-27-development-book-volume-1-1011-1083,1066,1066106800,Primary & Secondary Schools Infrastructure Improvement V.,1066106836,Ngano Secondary School,exp,2630200,Capital Grants to Government Agencies and other Levels of Government,3596600,0,0,0,0,0,490,yes
fy-2026-27-development-book-volume-1-1011-1083,1066,1066106800,Primary & Secondary Schools Infrastructure Improvement V.,1066106837,Ntaki Day Secondary,exp,2630200,Capital Grants to Government Agencies and other Levels of Government,4576600,0,0,0,0,0,490,yes
fy-2026-27-development-book-volume-1-1011-1083,1066,1066106800,Primary & Secondary Schools Infrastructure Improvement V.,1066106838,Nthaara Secondary,exp,2630200,Capital Grants to Government Agencies and other Levels of Government,2616600,0,0,0,0,0,490,yes
fy-2026-27-development-book-volume-1-1011-1083,1066,1066106800,Primary & Secondary Schools Infrastructure Improvement V.,1066106839,Nyaibasa Secondary School,exp,2630200,Capital Grants to Government Agencies and other Levels of Government,4576600,0,0,0,0,0,491,yes
fy-2026-27-development-book-volume-1-1011-1083,1066,1066106800,Primary & Secondary Schools Infrastructure Improvement V.,1066106840,Nyansiongo Boys High School,exp,2630200,Capital Grants to Government Agencies and other Levels of Government,4576600,0,0,0,0,0,491,yes
fy-2026-27-development-book-volume-1-1011-1083,1066,1066106800,Primary & Secondary Schools Infrastructure Improvement V.,1066106841,Ogiek Kwanza Secondary School,exp,2630200,Capital Grants to Government Agencies and other Levels of Government,2616600,0,0,0,0,0,491,yes
fy-2026-27-development-book-volume-1-1011-1083,1066,1066106800,Primary & Secondary Schools Infrastructure Improvement V.,1066106842,Olmariko Secondary School,exp,2630200,Capital Grants to Government Agencies and other Levels of Government,3596600,0,0,0,0,0,491,yes
fy-2026-27-development-book-volume-1-1011-1083,1066,1066106800,Primary & Secondary Schools Infrastructure Improvement V.,1066106843,Oloontulugum Secondary School,exp,2630200,Capital Grants to Government Agencies and other Levels of Government,2616600,0,0,0,0,0,491,yes
fy-2026-27-development-book-volume-1-1011-1083,1066,1066106800,Primary & Secondary Schools Infrastructure Improvement V.,1066106844,Olympic Secondary School,exp,2630200,Capital Grants to Government Agencies and other Levels of Government,4576600,0,0,0,0,0,492,yes
fy-2026-27-development-book-volume-1-1011-1083,1066,1066106800,Primary & Secondary Schools Infrastructure Improvement V.,1066106845,Omoche Secondary School,exp,2630200,Capital Grants to Government Agencies and other Levels of Government,3596600,0,0,0,0,0,492,yes
fy-2026-27-development-book-volume-1-1011-1083,1066,1066106800,Primary & Secondary Schools Infrastructure Improvement V.,1066106846,Ongata Oloirien Mixed Secondary School,exp,2630200,Capital Grants to Government Agencies and other Levels of Government,3596600,0,0,0,0,0,492,yes
fy-2026-27-development-book-volume-1-1011-1083,1066,1066106800,Primary & Secondary Schools Infrastructure Improvement V.,1066106847,Othoro Secondary School,exp,2630200,Capital Grants to Government Agencies and other Levels of Government,4576600,0,0,0,0,0,492,yes
fy-2026-27-development-book-volume-1-1011-1083,1066,1066106800,Primary & Secondary Schools Infrastructure Improvement V.,1066106848,Presidential Directive Projects,exp,2630200,Capital Grants to Government Agencies and other Levels of Government,285000000,0,0,0,0,0,492,yes
fy-2026-27-development-book-volume-1-1011-1083,1066,1066106800,Primary & Secondary Schools Infrastructure Improvement V.,1066106849,Ramacha Secondary,exp,2630200,Capital Grants to Government Agencies and other Levels of Government,2616600,0,0,0,0,0,493,yes
fy-2026-27-development-book-volume-1-1011-1083,1066,1066106800,Primary & Secondary Schools Infrastructure Improvement V.,1066106850,Ringa Boys School,exp,2630200,Capital Grants to Government Agencies and other Levels of Government,4576600,0,0,0,0,0,493,yes
fy-2026-27-development-book-volume-1-1011-1083,1066,1066106800,Primary & Secondary Schools Infrastructure Improvement V.,1066106851,Riomanga Secondary School,exp,2630200,Capital Grants to Government Agencies and other Levels of Government,4576600,0,0,0,0,0,493,yes
fy-2026-27-development-book-volume-1-1011-1083,1066,1066106800,Primary & Secondary Schools Infrastructure Improvement V.,1066106852,Sagam Mixed Secondary School,exp,2630200,Capital Grants to Government Agencies and other Levels of Government,3596600,0,0,0,0,0,493,yes
fy-2026-27-development-book-volume-1-1011-1083,1066,1066106800,Primary & Secondary Schools Infrastructure Improvement V.,1066106853,Sagana Secondary,exp,2630200,Capital Grants to Government Agencies and other Levels of Government,2616600,0,0,0,0,0,493,yes
fy-2026-27-development-book-volume-1-1011-1083,1066,1066106800,Primary & Secondary Schools Infrastructure Improvement V.,1066106854,Samoei Secondary,exp,2630200,Capital Grants to Government Agencies and other Levels of Government,4576600,0,0,0,0,0,494,yes
fy-2026-27-development-book-volume-1-1011-1083,1066,1066106800,Primary & Secondary Schools Infrastructure Improvement V.,1066106855,Sarwot Secondary,exp,2630200,Capital Grants to Government Agencies and other Levels of Government,9476600,0,0,0,0,0,494,yes
fy-2026-27-development-book-volume-1-1011-1083,1066,1066106800,Primary & Secondary Schools Infrastructure Improvement V.,1066106856,Shadrack Kimalel Secondary,exp,2630200,Capital Grants to Government Agencies and other Levels of Government,4576600,0,0,0,0,0,494,yes
fy-2026-27-development-book-volume-1-1011-1083,1066,1066106800,Primary & Secondary Schools Infrastructure Improvement V.,1066106857,Siaya Township Secondary School,exp,2630200,Capital Grants to Government Agencies and other Levels of Government,18596600,0,0,0,0,0,494,yes
fy-2026-27-development-book-volume-1-1011-1083,1066,1066106800,Primary & Secondary Schools Infrastructure Improvement V.,1066106858,Sigot Secondary,exp,2630200,Capital Grants to Government Agencies and other Levels of Government,2616600,0,0,0,0,0,494,yes
fy-2026-27-development-book-volume-1-1011-1083,1066,1066106800,Primary & Secondary Schools Infrastructure Improvement V.,1066106859,St Anne Angorom Secondary,exp,2630200,Capital Grants to Government Agencies and other Levels of Government,4576600,0,0,0,0,0,495,yes
fy-2026-27-development-book-volume-1-1011-1083,1066,1066106800,Primary & Secondary Schools Infrastructure Improvement V.,1066106860,St Bridgit Akoreet Special School for the Deaf,exp,2630200,Capital Grants to Government Agencies and other Levels of Government,4576600,0,0,0,0,0,495,yes
fy-2026-27-development-book-volume-1-1011-1083,1066,1066106800,Primary & Secondary Schools Infrastructure Improvement V.,1066106861,St Brigit Siumbwa Secondary School,exp,2630200,Capital Grants to Government Agencies and other Levels of Government,8496600,0,0,0,0,0,495,yes
fy-2026-27-development-book-volume-1-1011-1083,1066,1066106800,Primary & Secondary Schools Infrastructure Improvement V.,1066106862,St Cecilia Girls Mautuma,exp,2630200,Capital Grants to Government Agencies and other Levels of Government,3596600,0,0,0,0,0,495,yes
fy-2026-27-development-book-volume-1-1011-1083,1066,1066106800,Primary & Secondary Schools Infrastructure Improvement V.,1066106863,St Francis Majengo Secondary,exp,2630200,Capital Grants to Government Agencies and other Levels of Government,3596600,0,0,0,0,0,495,yes
fy-2026-27-development-book-volume-1-1011-1083,1066,1066106800,Primary & Secondary Schools Infrastructure Improvement V.,1066106864,St Francis Wiga Girls Secondary School,exp,2630200,Capital Grants to Government Agencies and other Levels of Government,3596600,0,0,0,0,0,496,yes
fy-2026-27-development-book-volume-1-1011-1083,1066,1066106800,Primary & Secondary Schools Infrastructure Improvement V.,1066106865,St Mary's Namatotoa Secondary School,exp,2630200,Capital Grants to Government Agencies and other Levels of Government,6134800,0,0,0,0,0,496,yes
fy-2026-27-development-book-volume-1-1011-1083,1066,1066106800,Primary & Secondary Schools Infrastructure Improvement V.,1066106866,St Paul Kitum Girls,exp,2630200,Capital Grants to Government Agencies and other Levels of Government,3596600,0,0,0,0,0,496,yes
fy-2026-27-development-book-volume-1-1011-1083,1066,1066106800,Primary & Secondary Schools Infrastructure Improvement V.,1066106867,St Peter's Jina Secondary School,exp,2630200,Capital Grants to Government Agencies and other Levels of Government,4576600,0,0,0,0,0,496,yes
fy-2026-27-development-book-volume-1-1011-1083,1066,1066106800,Primary & Secondary Schools Infrastructure Improvement V.,1066106868,St Peter's Ojamong Secondary,exp,2630200,Capital Grants to Government Agencies and other Levels of Government,4576600,0,0,0,0,0,496,yes
fy-2026-27-development-book-volume-1-1011-1083,1066,1066106800,Primary & Secondary Schools Infrastructure Improvement V.,1066106869,St Ursila Girls Tungutu Secondary,exp,2630200,Capital Grants to Government Agencies and other Levels of Government,3596600,0,0,0,0,0,497,yes
fy-2026-27-development-book-volume-1-1011-1083,1066,1066106800,Primary & Secondary Schools Infrastructure Improvement V.,1066106870,St. Anns Mukhweya Secondary School,exp,2630200,Capital Grants to Government Agencies and other Levels of Government,7840000,0,0,0,0,0,497,yes
fy-2026-27-development-book-volume-1-1011-1083,1066,1066106800,Primary & Secondary Schools Infrastructure Improvement V.,1066106871,St. Elizabeth Chepkunyuk,exp,2630200,Capital Grants to Government Agencies and other Levels of Government,4576600,0,0,0,0,0,497,yes
fy-2026-27-development-book-volume-1-1011-1083,1066,1066106800,Primary & Secondary Schools Infrastructure Improvement V.,1066106872,St. Gabriel Kombe Secondary,exp,2630200,Capital Grants to Government Agencies and other Levels of Government,4576600,0,0,0,0,0,497,yes
fy-2026-27-development-book-volume-1-1011-1083,1066,1066106800,Primary & Secondary Schools Infrastructure Improvement V.,1066106873,St. John's Secondary School Laboratory,exp,2630200,Capital Grants to Government Agencies and other Levels of Government,3596600,0,0,0,0,0,497,yes
fy-2026-27-development-book-volume-1-1011-1083,1066,1066106800,Primary & Secondary Schools Infrastructure Improvement V.,1066106874,St. Patricks Chemnoet Secondary,exp,2630200,Capital Grants to Government Agencies and other Levels of Government,2616600,0,0,0,0,0,498,yes
fy-2026-27-development-book-volume-1-1011-1083,1066,1066106800,Primary & Secondary Schools Infrastructure Improvement V.,1066106876,St.Kizito- Mayanja Secondary,exp,2630200,Capital Grants to Government Agencies and other Levels of Government,7840000,0,0,0,0,0,498,yes
fy-2026-27-development-book-volume-1-1011-1083,1066,1066106800,Primary & Secondary Schools Infrastructure Improvement V.,1066106877,St.Philips Secondary,exp,2630200,Capital Grants to Government Agencies and other Levels of Government,2616600,0,0,0,0,0,498,yes
fy-2026-27-development-book-volume-1-1011-1083,1066,1066106800,Primary & Secondary Schools Infrastructure Improvement V.,1066106878,Tanyilel Girls,exp,2630200,Capital Grants to Government Agencies and other Levels of Government,4576600,0,0,0,0,0,498,yes
fy-2026-27-development-book-volume-1-1011-1083,1066,1066106800,Primary & Secondary Schools Infrastructure Improvement V.,1066106879,Testai Secondary School,exp,2630200,Capital Grants to Government Agencies and other Levels of Government,2616600,0,0,0,0,0,498,yes
fy-2026-27-development-book-volume-1-1011-1083,1066,1066106800,Primary & Secondary Schools Infrastructure Improvement V.,1066106880,Thika High School,exp,2630200,Capital Grants to Government Agencies and other Levels of Government,14576600,0,0,0,0,0,499,yes
fy-2026-27-development-book-volume-1-1011-1083,1066,1066106800,Primary & Secondary Schools Infrastructure Improvement V.,1066106881,Thika High School Computer Lab,exp,2630200,Capital Grants to Government Agencies and other Levels of Government,10000000,0,0,0,0,0,499,yes
fy-2026-27-development-book-volume-1-1011-1083,1066,1066106800,Primary & Secondary Schools Infrastructure Improvement V.,1066106882,Titmet Secondary School,exp,2630200,Capital Grants to Government Agencies and other Levels of Government,2616600,0,0,0,0,0,499,yes
fy-2026-27-development-book-volume-1-1011-1083,1066,1066106800,Primary & Secondary Schools Infrastructure Improvement V.,1066106883,Togomin Secondary,exp,2630200,Capital Grants to Government Agencies and other Levels of Government,2616600,0,0,0,0,0,499,yes
fy-2026-27-development-book-volume-1-1011-1083,1066,1066106800,Primary & Secondary Schools Infrastructure Improvement V.,1066106884,Ugoti Day Secondary School,exp,2630200,Capital Grants to Government Agencies and other Levels of Government,3596600,0,0,0,0,0,499,yes
fy-2026-27-development-book-volume-1-1011-1083,1066,1066106800,Primary & Secondary Schools Infrastructure Improvement V.,1066106885,Upper Hill Secondary,exp,2630200,Capital Grants to Government Agencies and other Levels of Government,2616600,0,0,0,0,0,500,yes
fy-2026-27-development-book-volume-1-1011-1083,1066,1066106800,Primary & Secondary Schools Infrastructure Improvement V.,1066106886,Wargadud Mixed Secondary,exp,2630200,Capital Grants to Government Agencies and other Levels of Government,4576600,0,0,0,0,0,500,yes
fy-2026-27-development-book-volume-1-1011-1083,1066,1066106800,Primary & Secondary Schools Infrastructure Improvement V.,1066106887,Yala Township Mixed Secondary School,exp,2630200,Capital Grants to Government Agencies and other Levels of Government,3596600,0,0,0,0,0,500,yes
fy-2026-27-development-book-volume-1-1011-1083,1066,1066106800,Primary & Secondary Schools Infrastructure Improvement V.,1066106888,Nyamasare Girls Secondary School,exp,2630200,Capital Grants to Government Agencies and other Levels of Government,11000000,0,0,0,0,0,500,yes
fy-2026-27-development-book-volume-1-1011-1083,1066,1066106800,Primary & Secondary Schools Infrastructure Improvement V.,1066106889,Aduwa Primary,exp,2630200,Capital Grants to Government Agencies and other Levels of Government,5000000,0,0,0,0,0,500,yes
fy-2026-27-development-book-volume-1-1011-1083,1066,1066106800,Primary & Secondary Schools Infrastructure Improvement V.,1066106890,Aluny Primary,exp,2630200,Capital Grants to Government Agencies and other Levels of Government,5000000,0,0,0,0,0,501,yes
fy-2026-27-development-book-volume-1-1011-1083,1066,1066106800,Primary & Secondary Schools Infrastructure Improvement V.,1066106891,Bar Agulu Primary School,exp,2630200,Capital Grants to Government Agencies and other Levels of Government,5000000,0,0,0,0,0,501,yes
fy-2026-27-development-book-volume-1-1011-1083,1066,1066106800,Primary & Secondary Schools Infrastructure Improvement V.,1066106892,Bar Kodhiambo Primary School,exp,2630200,Capital Grants to Government Agencies and other Levels of Government,5000000,0,0,0,0,0,501,yes
fy-2026-27-development-book-volume-1-1011-1083,1066,1066106800,Primary & Secondary Schools Infrastructure Improvement V.,1066106893,"Construction of classrooms, Lab., Admin block at Nyamira DEB",exp,2630200,Capital Grants to Government Agencies and other Levels of Government,10000000,0,0,0,0,0,501,yes
fy-2026-27-development-book-volume-1-1011-1083,1066,1066106800,Primary & Secondary Schools Infrastructure Improvement V.,1066106894,Goro Primary School,exp,2630200,Capital Grants to Government Agencies and other Levels of Government,5000000,0,0,0,0,0,501,yes
fy-2026-27-development-book-volume-1-1011-1083,1066,1066106800,Primary & Secondary Schools Infrastructure Improvement V.,1066106895,Kipao Primary & Junior School - Construction of Perimeter Fence,exp,2630200,Capital Grants to Government Agencies and other Levels of Government,5000000,0,0,0,0,0,502,yes
fy-2026-27-development-book-volume-1-1011-1083,1066,1066106800,Primary & Secondary Schools Infrastructure Improvement V.,1066106896,Magungu Primary,exp,2630200,Capital Grants to Government Agencies and other Levels of Government,5000000,0,0,0,0,0,502,yes
fy-2026-27-development-book-volume-1-1011-1083,1066,1066106800,Primary & Secondary Schools Infrastructure Improvement V.,1066106897,Mahola Primary,exp,2630200,Capital Grants to Government Agencies and other Levels of Government,5000000,0,0,0,0,0,502,yes
fy-2026-27-development-book-volume-1-1011-1083,1066,1066106800,Primary & Secondary Schools Infrastructure Improvement V.,1066106898,Ndai Primary,exp,2630200,Capital Grants to Government Agencies and other Levels of Government,5000000,0,0,0,0,0,502,yes
fy-2026-27-development-book-volume-1-1011-1083,1066,1066106800,Primary & Secondary Schools Infrastructure Improvement V.,1066106899,Nyanganga Primary School,exp,2630200,Capital Grants to Government Agencies and other Levels of Government,5000000,0,0,0,0,0,502,yes
fy-2026-27-development-book-volume-1-1011-1083,1066,1066106900,Integrated Mechanism for Poverty Eradication & Sustainable,1066106901,Integrated Mechanism for Poverty Eradication & Sustainable,exp,2630200,Capital Grants to Government Agencies and other Levels of Government,45000000,251000000,0,0,234000000,0,503,yes
fy-2026-27-development-book-volume-1-1011-1083,1066,1066106900,Integrated Mechanism for Poverty Eradication & Sustainable,1066106901,Integrated Mechanism for Poverty Eradication & Sustainable,financing,5120200,Foreign Borrowing - Direct Payments,45000000,234000000,0,0,0,0,503,yes
fy-2026-27-development-book-volume-1-1011-1083,1066,1066107000,Primary & Secondary Schools Infrastructure Improvement VI.,1066107001,Obambo Secondary School,exp,2630200,Capital Grants to Government Agencies and other Levels of Government,5000000,0,0,0,0,0,503,yes
fy-2026-27-development-book-volume-1-1011-1083,1066,1066107000,Primary & Secondary Schools Infrastructure Improvement VI.,1066107002,Ogaka Primary School (Public Participation),exp,2630200,Capital Grants to Government Agencies and other Levels of Government,10000000,0,0,0,0,0,504,yes
fy-2026-27-development-book-volume-1-1011-1083,1066,1066107000,Primary & Secondary Schools Infrastructure Improvement VI.,1066107003,Ojwando Primary,exp,2630200,Capital Grants to Government Agencies and other Levels of Government,5000000,0,0,0,0,0,504,yes
fy-2026-27-development-book-volume-1-1011-1083,1066,1066107000,Primary & Secondary Schools Infrastructure Improvement VI.,1066107004,Pap Gori Primary,exp,2630200,Capital Grants to Government Agencies and other Levels of Government,5000000,0,0,0,0,0,504,yes
fy-2026-27-development-book-volume-1-1011-1083,1066,1066107000,Primary & Secondary Schools Infrastructure Improvement VI.,1066107005,St Paul's Parochial Comprehensive School,exp,2630200,Capital Grants to Government Agencies and other Levels of Government,10000000,0,0,0,0,0,504,yes
fy-2026-27-development-book-volume-1-1011-1083,1066,1066107000,Primary & Secondary Schools Infrastructure Improvement VI.,1066107006,Tido Primary School,exp,2630200,Capital Grants to Government Agencies and other Levels of Government,5000000,0,0,0,0,0,504,yes
fy-2026-27-development-book-volume-1-1011-1083,1066,1066107000,Primary & Secondary Schools Infrastructure Improvement VI.,1066107007,Urim Primary - school reconstruction,exp,2630200,Capital Grants to Government Agencies and other Levels of Government,10000000,0,0,0,0,0,505,yes
fy-2026-27-development-book-volume-1-1011-1083,1066,1066107000,Primary & Secondary Schools Infrastructure Improvement VI.,1066107008,Usula Primary School,exp,2630200,Capital Grants to Government Agencies and other Levels of Government,5000000,0,0,0,0,0,505,yes
fy-2026-27-development-book-volume-1-1011-1083,1066,1066107000,Primary & Secondary Schools Infrastructure Improvement VI.,1066107009,Uwasi Primary,exp,2630200,Capital Grants to Government Agencies and other Levels of Government,5000000,0,0,0,0,0,505,yes
fy-2026-27-development-book-volume-1-1011-1083,1066,1066107000,Primary & Secondary Schools Infrastructure Improvement VI.,1066107010,Wangchieng Primary,exp,2630200,Capital Grants to Government Agencies and other Levels of Government,5000000,0,0,0,0,0,505,yes
fy-2026-27-development-book-volume-1-1011-1083,1066,1066107000,Primary & Secondary Schools Infrastructure Improvement VI.,1066107011,Barding High School,exp,2630200,Capital Grants to Government Agencies and other Levels of Government,20000000,0,0,0,0,0,505,yes
fy-2026-27-development-book-volume-1-1011-1083,1066,1066107000,Primary & Secondary Schools Infrastructure Improvement VI.,1066107012,Dibuoro Secondary School,exp,2630200,Capital Grants to Government Agencies and other Levels of Government,5000000,0,0,0,0,0,506,yes
fy-2026-27-development-book-volume-1-1011-1083,1066,1066107000,Primary & Secondary Schools Infrastructure Improvement VI.,1066107013,Inungo Secondary School tuition block,exp,2630200,Capital Grants to Government Agencies and other Levels of Government,10000000,0,0,0,0,0,506,yes
fy-2026-27-development-book-volume-1-1011-1083,1066,1066107000,Primary & Secondary Schools Infrastructure Improvement VI.,1066107014,Khwisero Girls Secondary Multipurpose Hall,exp,2630200,Capital Grants to Government Agencies and other Levels of Government,10000000,0,0,0,0,0,506,yes
fy-2026-27-development-book-volume-1-1011-1083,1066,1066107000,Primary & Secondary Schools Infrastructure Improvement VI.,1066107015,Lavington Girls,exp,2630200,Capital Grants to Government Agencies and other Levels of Government,10000000,0,0,0,0,0,506,yes
fy-2026-27-development-book-volume-1-1011-1083,1066,1066107000,Primary & Secondary Schools Infrastructure Improvement VI.,1066107016,Mahero Secondary School,exp,2630200,Capital Grants to Government Agencies and other Levels of Government,5000000,0,0,0,0,0,506,yes
fy-2026-27-development-book-volume-1-1011-1083,1066,1066107000,Primary & Secondary Schools Infrastructure Improvement VI.,1066107017,Mahola Secondary School,exp,2630200,Capital Grants to Government Agencies and other Levels of Government,5000000,0,0,0,0,0,507,yes
fy-2026-27-development-book-volume-1-1011-1083,1066,1066107000,Primary & Secondary Schools Infrastructure Improvement VI.,1066107018,Nyalula Secondary School,exp,2630200,Capital Grants to Government Agencies and other Levels of Government,5000000,0,0,0,0,0,507,yes
fy-2026-27-development-book-volume-1-1011-1083,1066,1066107000,Primary & Secondary Schools Infrastructure Improvement VI.,1066107019,Nyambare Secondary,exp,2630200,Capital Grants to Government Agencies and other Levels of Government,5000000,0,0,0,0,0,507,yes
fy-2026-27-development-book-volume-1-1011-1083,1066,1066107000,Primary & Secondary Schools Infrastructure Improvement VI.,1066107020,"Ojijo Oteko Mixed Sec Sch - Science & Computer Labs, Dining",exp,2630200,Capital Grants to Government Agencies and other Levels of Government,10000000,0,0,0,0,0,507,yes
fy-2026-27-development-book-volume-1-1011-1083,1066,1066107000,Primary & Secondary Schools Infrastructure Improvement VI.,1066107021,Segere Secondary School,exp,2630200,Capital Grants to Government Agencies and other Levels of Government,5000000,0,0,0,0,0,507,yes
fy-2026-27-development-book-volume-1-1011-1083,1066,1066107000,Primary & Secondary Schools Infrastructure Improvement VI.,1066107022,Sirwa Secondary School,exp,2630200,Capital Grants to Government Agencies and other Levels of Government,5000000,0,0,0,0,0,508,yes
fy-2026-27-development-book-volume-1-1011-1083,1066,1066107000,Primary & Secondary Schools Infrastructure Improvement VI.,1066107023,Usula Secondary School,exp,2630200,Capital Grants to Government Agencies and other Levels of Government,5000000,0,0,0,0,0,508,yes
fy-2026-27-development-book-volume-1-1011-1083,1066,1066100100,School Infrastructure in North Nyamira/ Borabu.,1066100101,Headquarters,gross,,Gross,739311207,604735840,0,0,500000000,0,426,yes
fy-2026-27-development-book-volume-1-1011-1083,1066,1066100100,School Infrastructure in North Nyamira/ Borabu.,1066100101,Headquarters,appropriations_in_aid,,Appropriations In Aid,706477207,500000000,0,0,0,0,426,yes
fy-2026-27-development-book-volume-1-1011-1083,1066,1066100100,School Infrastructure in North Nyamira/ Borabu.,1066100101,Headquarters,net,,Net,32834000,104735840,0,0,0,0,426,yes
fy-2026-27-development-book-volume-1-1011-1083,1066,1066101500,Primary Schools infrastructure Improvement.,1066101501,Primary Schools infrastructure Improvement,gross,,Gross,300000000,770264160,0,0,0,0,426,yes
fy-2026-27-development-book-volume-1-1011-1083,1066,1066101500,Primary Schools infrastructure Improvement.,1066101501,Primary Schools infrastructure Improvement,net,,Net,300000000,770264160,0,0,0,0,426,yes
fy-2026-27-development-book-volume-1-1011-1083,1066,1066101500,Primary Schools infrastructure Improvement.,1066101599,Construction of classrooms & ablution blocks in 5 primary schools,gross,,Gross,61800000,0,0,0,0,0,427,yes
fy-2026-27-development-book-volume-1-1011-1083,1066,1066101500,Primary Schools infrastructure Improvement.,1066101599,Construction of classrooms & ablution blocks in 5 primary schools,net,,Net,61800000,0,0,0,0,0,427,yes
fy-2026-27-development-book-volume-1-1011-1083,1066,1066101800,Construction of New TTCs .,1066101810,Kitui TTC,gross,,Gross,50000000,0,0,0,0,0,427,yes
fy-2026-27-development-book-volume-1-1011-1083,1066,1066101800,Construction of New TTCs .,1066101810,Kitui TTC,net,,Net,50000000,0,0,0,0,0,427,yes
fy-2026-27-development-book-volume-1-1011-1083,1066,1066101800,Construction of New TTCs .,1066101818,Galana TTC,gross,,Gross,0,40000000,0,0,0,0,427,yes
fy-2026-27-development-book-volume-1-1011-1083,1066,1066101800,Construction of New TTCs .,1066101818,Galana TTC,net,,Net,0,40000000,0,0,0,0,427,yes
fy-2026-27-development-book-volume-1-1011-1083,1066,1066101800,Construction of New TTCs .,1066101824,Eldas TTC,gross,,Gross,40000000,107154541,0,0,0,0,427,yes
fy-2026-27-development-book-volume-1-1011-1083,1066,1066101800,Construction of New TTCs .,1066101824,Eldas TTC,net,,Net,40000000,107154541,0,0,0,0,427,yes
fy-2026-27-development-book-volume-1-1011-1083,1066,1066101800,Construction of New TTCs .,1066101830,Kong'asis Teachers College,gross,,Gross,0,50000000,0,0,0,0,428,yes
fy-2026-27-development-book-volume-1-1011-1083,1066,1066101800,Construction of New TTCs .,1066101830,Kong'asis Teachers College,net,,Net,0,50000000,0,0,0,0,428,yes
fy-2026-27-development-book-volume-1-1011-1083,1066,1066101800,Construction of New TTCs .,1066101831,Tarbaj TTC,gross,,Gross,0,30000000,0,0,0,0,428,yes
fy-2026-27-development-book-volume-1-1011-1083,1066,1066101800,Construction of New TTCs .,1066101831,Tarbaj TTC,net,,Net,0,30000000,0,0,0,0,428,yes
fy-2026-27-development-book-volume-1-1011-1083,1066,1066101900,Rehabilitation of Old TTCs.,1066101902,Moi BaringoTTC,gross,,Gross,70000000,20000000,0,0,0,0,428,yes
fy-2026-27-development-book-volume-1-1011-1083,1066,1066101900,Rehabilitation of Old TTCs.,1066101902,Moi BaringoTTC,net,,Net,70000000,20000000,0,0,0,0,428,yes
fy-2026-27-development-book-volume-1-1011-1083,1066,1066101900,Rehabilitation of Old TTCs.,1066101907,Tambach TTC,gross,,Gross,230000000,0,0,0,0,0,428,yes
fy-2026-27-development-book-volume-1-1011-1083,1066,1066101900,Rehabilitation of Old TTCs.,1066101907,Tambach TTC,net,,Net,230000000,0,0,0,0,0,428,yes
fy-2026-27-development-book-volume-1-1011-1083,1066,1066101900,Rehabilitation of Old TTCs.,1066101917,Solai Teachers Training College,gross,,Gross,50000000,0,0,0,0,0,429,yes
fy-2026-27-development-book-volume-1-1011-1083,1066,1066101900,Rehabilitation of Old TTCs.,1066101917,Solai Teachers Training College,net,,Net,50000000,0,0,0,0,0,429,yes
fy-2026-27-development-book-volume-1-1011-1083,1066,1066101900,Rehabilitation of Old TTCs.,1066101918,Kitui Central TTC,gross,,Gross,10000000,0,0,0,0,0,429,yes
fy-2026-27-development-book-volume-1-1011-1083,1066,1066101900,Rehabilitation of Old TTCs.,1066101918,Kitui Central TTC,net,,Net,10000000,0,0,0,0,0,429,yes
fy-2026-27-development-book-volume-1-1011-1083,1066,1066101900,Rehabilitation of Old TTCs.,1066101919,Chesta TTC,gross,,Gross,0,20000000,0,0,0,0,429,yes
fy-2026-27-development-book-volume-1-1011-1083,1066,1066101900,Rehabilitation of Old TTCs.,1066101919,Chesta TTC,net,,Net,0,20000000,0,0,0,0,429,yes
fy-2026-27-development-book-volume-1-1011-1083,1066,1066101900,Rehabilitation of Old TTCs.,1066101920,Borabu TTC,gross,,Gross,0,20000000,0,0,0,0,429,yes
fy-2026-27-development-book-volume-1-1011-1083,1066,1066101900,Rehabilitation of Old TTCs.,1066101920,Borabu TTC,net,,Net,0,20000000,0,0,0,0,429,yes
fy-2026-27-development-book-volume-1-1011-1083,1066,1066101900,Rehabilitation of Old TTCs.,1066101921,Seme TTC,gross,,Gross,0,20000000,0,0,0,0,429,yes
fy-2026-27-development-book-volume-1-1011-1083,1066,1066101900,Rehabilitation of Old TTCs.,1066101921,Seme TTC,net,,Net,0,20000000,0,0,0,0,429,yes
fy-2026-27-development-book-volume-1-1011-1083,1066,1066101900,Rehabilitation of Old TTCs.,1066101922,Kitui TTC,gross,,Gross,0,20000000,0,0,0,0,430,yes
fy-2026-27-development-book-volume-1-1011-1083,1066,1066101900,Rehabilitation of Old TTCs.,1066101922,Kitui TTC,net,,Net,0,20000000,0,0,0,0,430,yes
fy-2026-27-development-book-volume-1-1011-1083,1066,1066101900,Rehabilitation of Old TTCs.,1066101923,Kenyenya TTC,gross,,Gross,0,20000000,0,0,0,0,430,yes
fy-2026-27-development-book-volume-1-1011-1083,1066,1066101900,Rehabilitation of Old TTCs.,1066101923,Kenyenya TTC,net,,Net,0,20000000,0,0,0,0,430,yes
fy-2026-27-development-book-volume-1-1011-1083,1066,1066101900,Rehabilitation of Old TTCs.,1066101924,Kibabii TTC,gross,,Gross,0,20000000,0,0,0,0,430,yes
fy-2026-27-development-book-volume-1-1011-1083,1066,1066101900,Rehabilitation of Old TTCs.,1066101924,Kibabii TTC,net,,Net,0,20000000,0,0,0,0,430,yes
fy-2026-27-development-book-volume-1-1011-1083,1066,1066101900,Rehabilitation of Old TTCs.,1066101925,Bondo TTC,gross,,Gross,0,20000000,0,0,0,0,430,yes
fy-2026-27-development-book-volume-1-1011-1083,1066,1066101900,Rehabilitation of Old TTCs.,1066101925,Bondo TTC,net,,Net,0,20000000,0,0,0,0,430,yes
fy-2026-27-development-book-volume-1-1011-1083,1066,1066101900,Rehabilitation of Old TTCs.,1066101926,Narok TTC,gross,,Gross,0,20000000,0,0,0,0,430,yes
fy-2026-27-development-book-volume-1-1011-1083,1066,1066101900,Rehabilitation of Old TTCs.,1066101926,Narok TTC,net,,Net,0,20000000,0,0,0,0,430,yes
fy-2026-27-development-book-volume-1-1011-1083,1066,1066101900,Rehabilitation of Old TTCs.,1066101927,Mosoriot TTC,gross,,Gross,0,20000000,0,0,0,0,431,yes
fy-2026-27-development-book-volume-1-1011-1083,1066,1066101900,Rehabilitation of Old TTCs.,1066101927,Mosoriot TTC,net,,Net,0,20000000,0,0,0,0,431,yes
fy-2026-27-development-book-volume-1-1011-1083,1066,1066102100,Construct & Equip the National Psycho-Education Assessment,10661021001,Construct & Equip the National Psycho-Education Assessment,gross,,Gross,0,239000000,0,0,0,0,431,yes
fy-2026-27-development-book-volume-1-1011-1083,1066,1066102100,Construct & Equip the National Psycho-Education Assessment,10661021001,Construct & Equip the National Psycho-Education Assessment,net,,Net,0,239000000,0,0,0,0,431,yes
fy-2026-27-development-book-volume-1-1011-1083,1066,1066102400,Secondary School Infrastructure Improvement .,1066102401,Secondary School Infrastructure Improvement,gross,,Gross,700000000,2230000000,0,0,0,0,431,yes
fy-2026-27-development-book-volume-1-1011-1083,1066,1066102400,Secondary School Infrastructure Improvement .,1066102401,Secondary School Infrastructure Improvement,net,,Net,700000000,2230000000,0,0,0,0,431,yes
fy-2026-27-development-book-volume-1-1011-1083,1066,1066102600,ICT integration in Secondary Schools.,1066102601,ICT integration in Secondary Schools,gross,,Gross,152946000,50000000,0,0,0,0,432,yes
fy-2026-27-development-book-volume-1-1011-1083,1066,1066102600,ICT integration in Secondary Schools.,1066102601,ICT integration in Secondary Schools,net,,Net,152946000,50000000,0,0,0,0,432,yes
fy-2026-27-development-book-volume-1-1011-1083,1066,1066102800,Establishment of Lugari Diploma Teachers Training College.,10661028001,Establishment of Lugari Diploma Teachers Training College,gross,,Gross,0,100000000,0,0,0,0,432,yes
fy-2026-27-development-book-volume-1-1011-1083,1066,1066102800,Establishment of Lugari Diploma Teachers Training College.,10661028001,Establishment of Lugari Diploma Teachers Training College,net,,Net,0,100000000,0,0,0,0,432,yes
fy-2026-27-development-book-volume-1-1011-1083,1066,1066102900,Establishment of Kibabii Diploma Teachers Training College.,10661029001,Establishment of Kibabii Diploma Teachers Training College,gross,,Gross,0,100000000,0,0,0,0,433,yes
fy-2026-27-development-book-volume-1-1011-1083,1066,1066102900,Establishment of Kibabii Diploma Teachers Training College.,10661029001,Establishment of Kibabii Diploma Teachers Training College,net,,Net,0,100000000,0,0,0,0,433,yes
fy-2026-27-development-book-volume-1-1011-1083,1066,1066103100,Infrastructure Improvement-Kagumo Diploma Teachers Training,10661031001,Infrastructure Improvement-Kagumo Diploma Teachers Training,gross,,Gross,0,50000000,0,0,0,0,433,yes
fy-2026-27-development-book-volume-1-1011-1083,1066,1066103100,Infrastructure Improvement-Kagumo Diploma Teachers Training,10661031001,Infrastructure Improvement-Kagumo Diploma Teachers Training,net,,Net,0,50000000,0,0,0,0,433,yes
fy-2026-27-development-book-volume-1-1011-1083,1066,1066103600,Construction of Education Resource Centre at KICD-Phase I.,10661036001,Construction of Education Resource Centre at KICD-Phase I,gross,,Gross,0,153000000,0,0,0,0,433,yes
fy-2026-27-development-book-volume-1-1011-1083,1066,1066103600,Construction of Education Resource Centre at KICD-Phase I.,10661036001,Construction of Education Resource Centre at KICD-Phase I,net,,Net,0,153000000,0,0,0,0,433,yes
fy-2026-27-development-book-volume-1-1011-1083,1066,1066104700,Procurement of Digital Machines to Print OMR Forms.,1066104701,Procurement of Digital Machines to Print OMR Forms,gross,,Gross,0,147000000,0,0,0,0,434,yes
fy-2026-27-development-book-volume-1-1011-1083,1066,1066104700,Procurement of Digital Machines to Print OMR Forms.,1066104701,Procurement of Digital Machines to Print OMR Forms,net,,Net,0,147000000,0,0,0,0,434,yes
fy-2026-27-development-book-volume-1-1011-1083,1066,1066105000,ICT Infrastructure to Support Competency Based Assessment -,1066105001,ICT Infrastructure to Support Competency Based Assessment,gross,,Gross,25000000,25000000,0,0,0,0,434,yes
fy-2026-27-development-book-volume-1-1011-1083,1066,1066105000,ICT Infrastructure to Support Competency Based Assessment -,1066105001,ICT Infrastructure to Support Competency Based Assessment,net,,Net,25000000,25000000,0,0,0,0,434,yes
fy-2026-27-development-book-volume-1-1011-1083,1066,1066105100,Promotion of Youth Employment thro Scholarships Ph 2-Wings,1066105101,Promotion of Youth Employment thro' Scholarships Ph 2-Wings to,gross,,Gross,280000000,120000000,120000000,0,0,0,435,yes
fy-2026-27-development-book-volume-1-1011-1083,1066,1066105100,Promotion of Youth Employment thro Scholarships Ph 2-Wings,1066105101,Promotion of Youth Employment thro' Scholarships Ph 2-Wings to,appropriations_in_aid,,Appropriations In Aid,280000000,120000000,120000000,0,0,0,435,yes
fy-2026-27-development-book-volume-1-1011-1083,1066,1066105100,Promotion of Youth Employment thro Scholarships Ph 2-Wings,1066105101,Promotion of Youth Employment thro' Scholarships Ph 2-Wings to,net,,Net,0,0,0,0,0,0,435,yes
fy-2026-27-development-book-volume-1-1011-1083,1066,1066105200,Kenya Primary Education Equity in Learning Program.,1066105201,Kenya Primary Education Equity in Learning Program,gross,,Gross,8733220000,7089000000,0,4500000000,0,2239000000,435,yes
fy-2026-27-development-book-volume-1-1011-1083,1066,1066105200,Kenya Primary Education Equity in Learning Program.,1066105201,Kenya Primary Education Equity in Learning Program,net,,Net,8733220000,7089000000,0,4500000000,0,2239000000,435,yes
fy-2026-27-development-book-volume-1-1011-1083,1066,1066105300,Junior Secondary School Infrastructure Improvement - BETA.,1066105302,Construction of Classrooms in JSS,gross,,Gross,26647879,0,0,0,0,0,435,yes
fy-2026-27-development-book-volume-1-1011-1083,1066,1066105300,Junior Secondary School Infrastructure Improvement - BETA.,1066105302,Construction of Classrooms in JSS,net,,Net,26647879,0,0,0,0,0,435,yes
fy-2026-27-development-book-volume-1-1011-1083,1066,1066105300,Junior Secondary School Infrastructure Improvement - BETA.,1066105303,Construction of Grade 9 classrooms,gross,,Gross,64000000,0,0,0,0,0,436,yes
fy-2026-27-development-book-volume-1-1011-1083,1066,1066105300,Junior Secondary School Infrastructure Improvement - BETA.,1066105303,Construction of Grade 9 classrooms,net,,Net,64000000,0,0,0,0,0,436,yes
fy-2026-27-development-book-volume-1-1011-1083,1066,1066105300,Junior Secondary School Infrastructure Improvement - BETA.,1066105304,Nina Primary JSS,gross,,Gross,10000000,0,0,0,0,0,436,yes
fy-2026-27-development-book-volume-1-1011-1083,1066,1066105300,Junior Secondary School Infrastructure Improvement - BETA.,1066105304,Nina Primary JSS,net,,Net,10000000,0,0,0,0,0,436,yes
fy-2026-27-development-book-volume-1-1011-1083,1066,1066105300,Junior Secondary School Infrastructure Improvement - BETA.,1066105305,Awelo Primary JSS,gross,,Gross,10000000,0,0,0,0,0,436,yes
fy-2026-27-development-book-volume-1-1011-1083,1066,1066105300,Junior Secondary School Infrastructure Improvement - BETA.,1066105305,Awelo Primary JSS,net,,Net,10000000,0,0,0,0,0,436,yes
fy-2026-27-development-book-volume-1-1011-1083,1066,1066105300,Junior Secondary School Infrastructure Improvement - BETA.,1066105306,Nyajuok Primary JSS,gross,,Gross,10000000,0,0,0,0,0,436,yes
fy-2026-27-development-book-volume-1-1011-1083,1066,1066105300,Junior Secondary School Infrastructure Improvement - BETA.,1066105306,Nyajuok Primary JSS,net,,Net,10000000,0,0,0,0,0,436,yes
fy-2026-27-development-book-volume-1-1011-1083,1066,1066105300,Junior Secondary School Infrastructure Improvement - BETA.,1066105307,Sigana Primary JSS,gross,,Gross,10000000,0,0,0,0,0,436,yes
fy-2026-27-development-book-volume-1-1011-1083,1066,1066105300,Junior Secondary School Infrastructure Improvement - BETA.,1066105307,Sigana Primary JSS,net,,Net,10000000,0,0,0,0,0,436,yes
fy-2026-27-development-book-volume-1-1011-1083,1066,1066105400,VVOB Education for Development.,1066105401,VVOB Education for Development,gross,,Gross,10000000,140000000,140000000,0,0,0,437,yes
fy-2026-27-development-book-volume-1-1011-1083,1066,1066105400,VVOB Education for Development.,1066105401,VVOB Education for Development,appropriations_in_aid,,Appropriations In Aid,10000000,140000000,140000000,0,0,0,437,yes
fy-2026-27-development-book-volume-1-1011-1083,1066,1066105400,VVOB Education for Development.,1066105401,VVOB Education for Development,net,,Net,0,0,0,0,0,0,437,yes
fy-2026-27-development-book-volume-1-1011-1083,1066,1066105500,Assembly of Assistive Devices - KISE.,1066105501,Assembly of Assistive Devices - KISE,gross,,Gross,218200000,200000000,0,0,0,0,437,yes
fy-2026-27-development-book-volume-1-1011-1083,1066,1066105500,Assembly of Assistive Devices - KISE.,1066105501,Assembly of Assistive Devices - KISE,net,,Net,218200000,200000000,0,0,0,0,437,yes
fy-2026-27-development-book-volume-1-1011-1083,1066,1066105700,Secondary Infrastructure Improvement II.,1066105757,Kapngetuny Secondary,gross,,Gross,30000000,0,0,0,0,0,438,yes
fy-2026-27-development-book-volume-1-1011-1083,1066,1066105700,Secondary Infrastructure Improvement II.,1066105757,Kapngetuny Secondary,net,,Net,30000000,0,0,0,0,0,438,yes
fy-2026-27-development-book-volume-1-1011-1083,1066,1066105900,Primary and Secondary School Infrastructure.,1066105995,Barding Secondary School,gross,,Gross,10000000,0,0,0,0,0,438,yes
fy-2026-27-development-book-volume-1-1011-1083,1066,1066105900,Primary and Secondary School Infrastructure.,1066105995,Barding Secondary School,net,,Net,10000000,0,0,0,0,0,438,yes
fy-2026-27-development-book-volume-1-1011-1083,1066,1066105900,Primary and Secondary School Infrastructure.,1066105996,Mbaga Girls High School,gross,,Gross,10000000,0,0,0,0,0,438,yes
fy-2026-27-development-book-volume-1-1011-1083,1066,1066105900,Primary and Secondary School Infrastructure.,1066105996,Mbaga Girls High School,net,,Net,10000000,0,0,0,0,0,438,yes
fy-2026-27-development-book-volume-1-1011-1083,1066,1066105900,Primary and Secondary School Infrastructure.,1066105997,Upanda Secondary School,gross,,Gross,10000000,0,0,0,0,0,439,yes
fy-2026-27-development-book-volume-1-1011-1083,1066,1066105900,Primary and Secondary School Infrastructure.,1066105997,Upanda Secondary School,net,,Net,10000000,0,0,0,0,0,439,yes
fy-2026-27-development-book-volume-1-1011-1083,1066,1066105900,Primary and Secondary School Infrastructure.,1066105999,Kapsumbeiywet High School - Soy,gross,,Gross,20000000,0,0,0,0,0,439,yes
fy-2026-27-development-book-volume-1-1011-1083,1066,1066105900,Primary and Secondary School Infrastructure.,1066105999,Kapsumbeiywet High School - Soy,net,,Net,20000000,0,0,0,0,0,439,yes
fy-2026-27-development-book-volume-1-1011-1083,1066,1066106000,Kenya Secondary Education Equity Improvement Program.,1066106001,Kenya Secondary Education Equity Improvement Program,gross,,Gross,4000000000,4654000000,0,2572000000,0,2082000000,439,yes
fy-2026-27-development-book-volume-1-1011-1083,1066,1066106000,Kenya Secondary Education Equity Improvement Program.,1066106001,Kenya Secondary Education Equity Improvement Program,net,,Net,4000000000,4654000000,0,2572000000,0,2082000000,439,yes
fy-2026-27-development-book-volume-1-1011-1083,1066,1066106100,Primary & Secondary Schools Infrastructure Improvement II.,1066106101,Limnyomoi Primary School,gross,,Gross,5000000,0,0,0,0,0,440,yes
fy-2026-27-development-book-volume-1-1011-1083,1066,1066106100,Primary & Secondary Schools Infrastructure Improvement II.,1066106101,Limnyomoi Primary School,net,,Net,5000000,0,0,0,0,0,440,yes
fy-2026-27-development-book-volume-1-1011-1083,1066,1066106100,Primary & Secondary Schools Infrastructure Improvement II.,1066106189,St. Jonathan Day Secondary Rongo - Migori,gross,,Gross,10000000,0,0,0,0,0,440,yes
fy-2026-27-development-book-volume-1-1011-1083,1066,1066106100,Primary & Secondary Schools Infrastructure Improvement II.,1066106189,St. Jonathan Day Secondary Rongo - Migori,net,,Net,10000000,0,0,0,0,0,440,yes
fy-2026-27-development-book-volume-1-1011-1083,1066,1066106100,Primary & Secondary Schools Infrastructure Improvement II.,1066106190,St. Mary's Naifarm Boys Secondary School - Trans Nzoia,gross,,Gross,10000000,0,0,0,0,0,440,yes
fy-2026-27-development-book-volume-1-1011-1083,1066,1066106100,Primary & Secondary Schools Infrastructure Improvement II.,1066106190,St. Mary's Naifarm Boys Secondary School - Trans Nzoia,net,,Net,10000000,0,0,0,0,0,440,yes
fy-2026-27-development-book-volume-1-1011-1083,1066,1066106100,Primary & Secondary Schools Infrastructure Improvement II.,1066106191,Serengonik UPEC Primary School - Trans Nzoia,gross,,Gross,10000000,0,0,0,0,0,440,yes
fy-2026-27-development-book-volume-1-1011-1083,1066,1066106100,Primary & Secondary Schools Infrastructure Improvement II.,1066106191,Serengonik UPEC Primary School - Trans Nzoia,net,,Net,10000000,0,0,0,0,0,440,yes
fy-2026-27-development-book-volume-1-1011-1083,1066,1066106100,Primary & Secondary Schools Infrastructure Improvement II.,1066106192,Mwalukombe Girls Secondary School - Kwale,gross,,Gross,5000000,0,0,0,0,0,440,yes
fy-2026-27-development-book-volume-1-1011-1083,1066,1066106100,Primary & Secondary Schools Infrastructure Improvement II.,1066106192,Mwalukombe Girls Secondary School - Kwale,net,,Net,5000000,0,0,0,0,0,440,yes
fy-2026-27-development-book-volume-1-1011-1083,1066,1066106100,Primary & Secondary Schools Infrastructure Improvement II.,1066106193,Virugani Secondary School - Kwale,gross,,Gross,5000000,0,0,0,0,0,441,yes
fy-2026-27-development-book-volume-1-1011-1083,1066,1066106100,Primary & Secondary Schools Infrastructure Improvement II.,1066106193,Virugani Secondary School - Kwale,net,,Net,5000000,0,0,0,0,0,441,yes
fy-2026-27-development-book-volume-1-1011-1083,1066,1066106100,Primary & Secondary Schools Infrastructure Improvement II.,1066106194,Taru Girls Secondary School - Kwale,gross,,Gross,5000000,0,0,0,0,0,441,yes
fy-2026-27-development-book-volume-1-1011-1083,1066,1066106100,Primary & Secondary Schools Infrastructure Improvement II.,1066106194,Taru Girls Secondary School - Kwale,net,,Net,5000000,0,0,0,0,0,441,yes
fy-2026-27-development-book-volume-1-1011-1083,1066,1066106100,Primary & Secondary Schools Infrastructure Improvement II.,1066106195,Mwavumbo Secondary School - Kwale,gross,,Gross,5000000,0,0,0,0,0,441,yes
fy-2026-27-development-book-volume-1-1011-1083,1066,1066106100,Primary & Secondary Schools Infrastructure Improvement II.,1066106195,Mwavumbo Secondary School - Kwale,net,,Net,5000000,0,0,0,0,0,441,yes
fy-2026-27-development-book-volume-1-1011-1083,1066,1066106100,Primary & Secondary Schools Infrastructure Improvement II.,1066106196,Mwereni Secondary School - Kwale,gross,,Gross,8000000,0,0,0,0,0,441,yes
fy-2026-27-development-book-volume-1-1011-1083,1066,1066106100,Primary & Secondary Schools Infrastructure Improvement II.,1066106196,Mwereni Secondary School - Kwale,net,,Net,8000000,0,0,0,0,0,441,yes
fy-2026-27-development-book-volume-1-1011-1083,1066,1066106100,Primary & Secondary Schools Infrastructure Improvement II.,1066106197,Mikimani Primary School - Kwale,gross,,Gross,3500000,0,0,0,0,0,441,yes
fy-2026-27-development-book-volume-1-1011-1083,1066,1066106100,Primary & Secondary Schools Infrastructure Improvement II.,1066106197,Mikimani Primary School - Kwale,net,,Net,3500000,0,0,0,0,0,441,yes
fy-2026-27-development-book-volume-1-1011-1083,1066,1066106100,Primary & Secondary Schools Infrastructure Improvement II.,1066106198,Mkono Wa Ndugu Primary School - Kwale,gross,,Gross,3500000,0,0,0,0,0,442,yes
fy-2026-27-development-book-volume-1-1011-1083,1066,1066106100,Primary & Secondary Schools Infrastructure Improvement II.,1066106198,Mkono Wa Ndugu Primary School - Kwale,net,,Net,3500000,0,0,0,0,0,442,yes
fy-2026-27-development-book-volume-1-1011-1083,1066,1066106100,Primary & Secondary Schools Infrastructure Improvement II.,1066106199,Wajir Special School for the Mentally Handicapped,gross,,Gross,15000000,0,0,0,0,0,442,yes
fy-2026-27-development-book-volume-1-1011-1083,1066,1066106100,Primary & Secondary Schools Infrastructure Improvement II.,1066106199,Wajir Special School for the Mentally Handicapped,net,,Net,15000000,0,0,0,0,0,442,yes
fy-2026-27-development-book-volume-1-1011-1083,1066,1066106200,Primary & Secondary Schools Infrastructure Improvement III.,1066106201,Elnur Secondary School - Wajir,gross,,Gross,20000000,0,0,0,0,0,442,yes
fy-2026-27-development-book-volume-1-1011-1083,1066,1066106200,Primary & Secondary Schools Infrastructure Improvement III.,1066106201,Elnur Secondary School - Wajir,net,,Net,20000000,0,0,0,0,0,442,yes
fy-2026-27-development-book-volume-1-1011-1083,1066,1066106200,Primary & Secondary Schools Infrastructure Improvement III.,1066106202,Horote Primary School - Wajir,gross,,Gross,5000000,0,0,0,0,0,442,yes
fy-2026-27-development-book-volume-1-1011-1083,1066,1066106200,Primary & Secondary Schools Infrastructure Improvement III.,1066106202,Horote Primary School - Wajir,net,,Net,5000000,0,0,0,0,0,442,yes
fy-2026-27-development-book-volume-1-1011-1083,1066,1066106200,Primary & Secondary Schools Infrastructure Improvement III.,1066106203,Kahuho Primary School - Nyeri,gross,,Gross,2000000,0,0,0,0,0,443,yes
fy-2026-27-development-book-volume-1-1011-1083,1066,1066106200,Primary & Secondary Schools Infrastructure Improvement III.,1066106203,Kahuho Primary School - Nyeri,net,,Net,2000000,0,0,0,0,0,443,yes
fy-2026-27-development-book-volume-1-1011-1083,1066,1066106200,Primary & Secondary Schools Infrastructure Improvement III.,1066106204,Manyata Primary School - Nyeri,gross,,Gross,2000000,0,0,0,0,0,443,yes
fy-2026-27-development-book-volume-1-1011-1083,1066,1066106200,Primary & Secondary Schools Infrastructure Improvement III.,1066106204,Manyata Primary School - Nyeri,net,,Net,2000000,0,0,0,0,0,443,yes
fy-2026-27-development-book-volume-1-1011-1083,1066,1066106200,Primary & Secondary Schools Infrastructure Improvement III.,1066106205,Kirinyaga Primary School - Nyeri,gross,,Gross,2000000,0,0,0,0,0,443,yes
fy-2026-27-development-book-volume-1-1011-1083,1066,1066106200,Primary & Secondary Schools Infrastructure Improvement III.,1066106205,Kirinyaga Primary School - Nyeri,net,,Net,2000000,0,0,0,0,0,443,yes
fy-2026-27-development-book-volume-1-1011-1083,1066,1066106200,Primary & Secondary Schools Infrastructure Improvement III.,1066106206,Milimani Primamy School - Nyeri,gross,,Gross,2000000,0,0,0,0,0,443,yes
fy-2026-27-development-book-volume-1-1011-1083,1066,1066106200,Primary & Secondary Schools Infrastructure Improvement III.,1066106206,Milimani Primamy School - Nyeri,net,,Net,2000000,0,0,0,0,0,443,yes
fy-2026-27-development-book-volume-1-1011-1083,1066,1066106200,Primary & Secondary Schools Infrastructure Improvement III.,1066106207,Mapema Primary School - Nyeri,gross,,Gross,2000000,0,0,0,0,0,443,yes
fy-2026-27-development-book-volume-1-1011-1083,1066,1066106200,Primary & Secondary Schools Infrastructure Improvement III.,1066106207,Mapema Primary School - Nyeri,net,,Net,2000000,0,0,0,0,0,443,yes
fy-2026-27-development-book-volume-1-1011-1083,1066,1066106200,Primary & Secondary Schools Infrastructure Improvement III.,1066106208,Kabaru Primary School - Nyeri,gross,,Gross,2000000,0,0,0,0,0,444,yes
fy-2026-27-development-book-volume-1-1011-1083,1066,1066106200,Primary & Secondary Schools Infrastructure Improvement III.,1066106208,Kabaru Primary School - Nyeri,net,,Net,2000000,0,0,0,0,0,444,yes
fy-2026-27-development-book-volume-1-1011-1083,1066,1066106200,Primary & Secondary Schools Infrastructure Improvement III.,1066106209,Airstrip Primary School - Nyeri,gross,,Gross,2000000,0,0,0,0,0,444,yes
fy-2026-27-development-book-volume-1-1011-1083,1066,1066106200,Primary & Secondary Schools Infrastructure Improvement III.,1066106209,Airstrip Primary School - Nyeri,net,,Net,2000000,0,0,0,0,0,444,yes
fy-2026-27-development-book-volume-1-1011-1083,1066,1066106200,Primary & Secondary Schools Infrastructure Improvement III.,1066106210,Kamatongu Primary School - Nyeri,gross,,Gross,2000000,0,0,0,0,0,444,yes
fy-2026-27-development-book-volume-1-1011-1083,1066,1066106200,Primary & Secondary Schools Infrastructure Improvement III.,1066106210,Kamatongu Primary School - Nyeri,net,,Net,2000000,0,0,0,0,0,444,yes
fy-2026-27-development-book-volume-1-1011-1083,1066,1066106200,Primary & Secondary Schools Infrastructure Improvement III.,1066106211,Bondeni Primary School - Nyeri,gross,,Gross,2000000,0,0,0,0,0,444,yes
fy-2026-27-development-book-volume-1-1011-1083,1066,1066106200,Primary & Secondary Schools Infrastructure Improvement III.,1066106211,Bondeni Primary School - Nyeri,net,,Net,2000000,0,0,0,0,0,444,yes
fy-2026-27-development-book-volume-1-1011-1083,1066,1066106200,Primary & Secondary Schools Infrastructure Improvement III.,1066106212,Honi Primary School - Nyeri,gross,,Gross,2000000,0,0,0,0,0,444,yes
fy-2026-27-development-book-volume-1-1011-1083,1066,1066106200,Primary & Secondary Schools Infrastructure Improvement III.,1066106212,Honi Primary School - Nyeri,net,,Net,2000000,0,0,0,0,0,444,yes
fy-2026-27-development-book-volume-1-1011-1083,1066,1066106200,Primary & Secondary Schools Infrastructure Improvement III.,1066106213,Kihuriro Primary School - Nyeri,gross,,Gross,2000000,0,0,0,0,0,445,yes
fy-2026-27-development-book-volume-1-1011-1083,1066,1066106200,Primary & Secondary Schools Infrastructure Improvement III.,1066106213,Kihuriro Primary School - Nyeri,net,,Net,2000000,0,0,0,0,0,445,yes
fy-2026-27-development-book-volume-1-1011-1083,1066,1066106200,Primary & Secondary Schools Infrastructure Improvement III.,1066106214,Gakanga Primary School - Nyeri,gross,,Gross,2000000,0,0,0,0,0,445,yes
fy-2026-27-development-book-volume-1-1011-1083,1066,1066106200,Primary & Secondary Schools Infrastructure Improvement III.,1066106214,Gakanga Primary School - Nyeri,net,,Net,2000000,0,0,0,0,0,445,yes
fy-2026-27-development-book-volume-1-1011-1083,1066,1066106200,Primary & Secondary Schools Infrastructure Improvement III.,1066106215,Githura Primary School - Nyeri,gross,,Gross,2000000,0,0,0,0,0,445,yes
fy-2026-27-development-book-volume-1-1011-1083,1066,1066106200,Primary & Secondary Schools Infrastructure Improvement III.,1066106215,Githura Primary School - Nyeri,net,,Net,2000000,0,0,0,0,0,445,yes
fy-2026-27-development-book-volume-1-1011-1083,1066,1066106200,Primary & Secondary Schools Infrastructure Improvement III.,1066106216,Ruai Primary School - Nyeri,gross,,Gross,2000000,0,0,0,0,0,445,yes
fy-2026-27-development-book-volume-1-1011-1083,1066,1066106200,Primary & Secondary Schools Infrastructure Improvement III.,1066106216,Ruai Primary School - Nyeri,net,,Net,2000000,0,0,0,0,0,445,yes
fy-2026-27-development-book-volume-1-1011-1083,1066,1066106200,Primary & Secondary Schools Infrastructure Improvement III.,1066106217,Muthangira Primary School - Nyeri,gross,,Gross,2000000,0,0,0,0,0,445,yes
fy-2026-27-development-book-volume-1-1011-1083,1066,1066106200,Primary & Secondary Schools Infrastructure Improvement III.,1066106217,Muthangira Primary School - Nyeri,net,,Net,2000000,0,0,0,0,0,445,yes
fy-2026-27-development-book-volume-1-1011-1083,1066,1066106200,Primary & Secondary Schools Infrastructure Improvement III.,1066106218,Kilungu Boys High School - Makueni,gross,,Gross,5000000,0,0,0,0,0,446,yes
fy-2026-27-development-book-volume-1-1011-1083,1066,1066106200,Primary & Secondary Schools Infrastructure Improvement III.,1066106218,Kilungu Boys High School - Makueni,net,,Net,5000000,0,0,0,0,0,446,yes
fy-2026-27-development-book-volume-1-1011-1083,1066,1066106200,Primary & Secondary Schools Infrastructure Improvement III.,1066106219,Nyaluru Junior Secondary School in Kojwach Ward - Homabay,gross,,Gross,2000000,0,0,0,0,0,446,yes
fy-2026-27-development-book-volume-1-1011-1083,1066,1066106200,Primary & Secondary Schools Infrastructure Improvement III.,1066106219,Nyaluru Junior Secondary School in Kojwach Ward - Homabay,net,,Net,2000000,0,0,0,0,0,446,yes
fy-2026-27-development-book-volume-1-1011-1083,1066,1066106200,Primary & Secondary Schools Infrastructure Improvement III.,1066106220,Got Rateng' Junior School in Kabondo West Ward - Homabay,gross,,Gross,2000000,0,0,0,0,0,446,yes
fy-2026-27-development-book-volume-1-1011-1083,1066,1066106200,Primary & Secondary Schools Infrastructure Improvement III.,1066106220,Got Rateng' Junior School in Kabondo West Ward - Homabay,net,,Net,2000000,0,0,0,0,0,446,yes
fy-2026-27-development-book-volume-1-1011-1083,1066,1066106200,Primary & Secondary Schools Infrastructure Improvement III.,1066106221,Kaplelwo Day Secondary School - Baringo,gross,,Gross,10000000,0,0,0,0,0,446,yes
fy-2026-27-development-book-volume-1-1011-1083,1066,1066106200,Primary & Secondary Schools Infrastructure Improvement III.,1066106221,Kaplelwo Day Secondary School - Baringo,net,,Net,10000000,0,0,0,0,0,446,yes
fy-2026-27-development-book-volume-1-1011-1083,1066,1066106200,Primary & Secondary Schools Infrastructure Improvement III.,1066106222,Orus High School - Baringo,gross,,Gross,10000000,0,0,0,0,0,446,yes
fy-2026-27-development-book-volume-1-1011-1083,1066,1066106200,Primary & Secondary Schools Infrastructure Improvement III.,1066106222,Orus High School - Baringo,net,,Net,10000000,0,0,0,0,0,446,yes
fy-2026-27-development-book-volume-1-1011-1083,1066,1066106200,Primary & Secondary Schools Infrastructure Improvement III.,1066106223,Kivaywa Boys High School - Kakamega,gross,,Gross,15000000,0,0,0,0,0,447,yes
fy-2026-27-development-book-volume-1-1011-1083,1066,1066106200,Primary & Secondary Schools Infrastructure Improvement III.,1066106223,Kivaywa Boys High School - Kakamega,net,,Net,15000000,0,0,0,0,0,447,yes
fy-2026-27-development-book-volume-1-1011-1083,1066,1066106200,Primary & Secondary Schools Infrastructure Improvement III.,1066106224,Khwisero Girls - Kakamega,gross,,Gross,10000000,0,0,0,0,0,447,yes
fy-2026-27-development-book-volume-1-1011-1083,1066,1066106200,Primary & Secondary Schools Infrastructure Improvement III.,1066106224,Khwisero Girls - Kakamega,net,,Net,10000000,0,0,0,0,0,447,yes
fy-2026-27-development-book-volume-1-1011-1083,1066,1066106200,Primary & Secondary Schools Infrastructure Improvement III.,1066106225,Ntulele Secondary School - Narok,gross,,Gross,5000000,0,0,0,0,0,447,yes
fy-2026-27-development-book-volume-1-1011-1083,1066,1066106200,Primary & Secondary Schools Infrastructure Improvement III.,1066106225,Ntulele Secondary School - Narok,net,,Net,5000000,0,0,0,0,0,447,yes
fy-2026-27-development-book-volume-1-1011-1083,1066,1066106200,Primary & Secondary Schools Infrastructure Improvement III.,1066106226,Oloirowua Primary School - Narok,gross,,Gross,5000000,0,0,0,0,0,447,yes
fy-2026-27-development-book-volume-1-1011-1083,1066,1066106200,Primary & Secondary Schools Infrastructure Improvement III.,1066106226,Oloirowua Primary School - Narok,net,,Net,5000000,0,0,0,0,0,447,yes
fy-2026-27-development-book-volume-1-1011-1083,1066,1066106200,Primary & Secondary Schools Infrastructure Improvement III.,1066106227,Oloserian Hills Secondary School - Narok,gross,,Gross,5000000,0,0,0,0,0,447,yes
fy-2026-27-development-book-volume-1-1011-1083,1066,1066106200,Primary & Secondary Schools Infrastructure Improvement III.,1066106227,Oloserian Hills Secondary School - Narok,net,,Net,5000000,0,0,0,0,0,447,yes
fy-2026-27-development-book-volume-1-1011-1083,1066,1066106200,Primary & Secondary Schools Infrastructure Improvement III.,1066106228,Lemek Primary School - Narok,gross,,Gross,5000000,0,0,0,0,0,448,yes
fy-2026-27-development-book-volume-1-1011-1083,1066,1066106200,Primary & Secondary Schools Infrastructure Improvement III.,1066106228,Lemek Primary School - Narok,net,,Net,5000000,0,0,0,0,0,448,yes
fy-2026-27-development-book-volume-1-1011-1083,1066,1066106200,Primary & Secondary Schools Infrastructure Improvement III.,1066106229,Nkorkori Model Sec. School - Narok,gross,,Gross,5000000,0,0,0,0,0,448,yes
fy-2026-27-development-book-volume-1-1011-1083,1066,1066106200,Primary & Secondary Schools Infrastructure Improvement III.,1066106229,Nkorkori Model Sec. School - Narok,net,,Net,5000000,0,0,0,0,0,448,yes
fy-2026-27-development-book-volume-1-1011-1083,1066,1066106200,Primary & Secondary Schools Infrastructure Improvement III.,1066106230,Olulunga Boys High School - Narok,gross,,Gross,5000000,0,0,0,0,0,448,yes
fy-2026-27-development-book-volume-1-1011-1083,1066,1066106200,Primary & Secondary Schools Infrastructure Improvement III.,1066106230,Olulunga Boys High School - Narok,net,,Net,5000000,0,0,0,0,0,448,yes
fy-2026-27-development-book-volume-1-1011-1083,1066,1066106200,Primary & Secondary Schools Infrastructure Improvement III.,1066106231,Murkan Girls Secondary School - Narok,gross,,Gross,10000000,0,0,0,0,0,448,yes
fy-2026-27-development-book-volume-1-1011-1083,1066,1066106200,Primary & Secondary Schools Infrastructure Improvement III.,1066106231,Murkan Girls Secondary School - Narok,net,,Net,10000000,0,0,0,0,0,448,yes
fy-2026-27-development-book-volume-1-1011-1083,1066,1066106200,Primary & Secondary Schools Infrastructure Improvement III.,1066106233,Malukiloriti Secondary School - Taita Taveta,gross,,Gross,10000000,0,0,0,0,0,448,yes
fy-2026-27-development-book-volume-1-1011-1083,1066,1066106200,Primary & Secondary Schools Infrastructure Improvement III.,1066106233,Malukiloriti Secondary School - Taita Taveta,net,,Net,10000000,0,0,0,0,0,448,yes
fy-2026-27-development-book-volume-1-1011-1083,1066,1066106200,Primary & Secondary Schools Infrastructure Improvement III.,1066106234,Njukini Secondary School - Taita Taveta,gross,,Gross,10000000,0,0,0,0,0,449,yes
fy-2026-27-development-book-volume-1-1011-1083,1066,1066106200,Primary & Secondary Schools Infrastructure Improvement III.,1066106234,Njukini Secondary School - Taita Taveta,net,,Net,10000000,0,0,0,0,0,449,yes
fy-2026-27-development-book-volume-1-1011-1083,1066,1066106200,Primary & Secondary Schools Infrastructure Improvement III.,1066106235,Nkurare Primary School - Meru,gross,,Gross,5000000,0,0,0,0,0,449,yes
fy-2026-27-development-book-volume-1-1011-1083,1066,1066106200,Primary & Secondary Schools Infrastructure Improvement III.,1066106235,Nkurare Primary School - Meru,net,,Net,5000000,0,0,0,0,0,449,yes
fy-2026-27-development-book-volume-1-1011-1083,1066,1066106200,Primary & Secondary Schools Infrastructure Improvement III.,1066106236,Edelvale Primary School - Nairobi,gross,,Gross,15000000,0,0,0,0,0,449,yes
fy-2026-27-development-book-volume-1-1011-1083,1066,1066106200,Primary & Secondary Schools Infrastructure Improvement III.,1066106236,Edelvale Primary School - Nairobi,net,,Net,15000000,0,0,0,0,0,449,yes
fy-2026-27-development-book-volume-1-1011-1083,1066,1066106200,Primary & Secondary Schools Infrastructure Improvement III.,1066106237,Embakasi Primary School - Nairobi,gross,,Gross,15000000,0,0,0,0,0,449,yes
fy-2026-27-development-book-volume-1-1011-1083,1066,1066106200,Primary & Secondary Schools Infrastructure Improvement III.,1066106237,Embakasi Primary School - Nairobi,net,,Net,15000000,0,0,0,0,0,449,yes
fy-2026-27-development-book-volume-1-1011-1083,1066,1066106200,Primary & Secondary Schools Infrastructure Improvement III.,1066106238,MCC Primary School - Nairobi,gross,,Gross,9500000,0,0,0,0,0,449,yes
fy-2026-27-development-book-volume-1-1011-1083,1066,1066106200,Primary & Secondary Schools Infrastructure Improvement III.,1066106238,MCC Primary School - Nairobi,net,,Net,9500000,0,0,0,0,0,449,yes
fy-2026-27-development-book-volume-1-1011-1083,1066,1066106200,Primary & Secondary Schools Infrastructure Improvement III.,1066106239,Ruai Primary School - Nairobi,gross,,Gross,9500000,0,0,0,0,0,450,yes
fy-2026-27-development-book-volume-1-1011-1083,1066,1066106200,Primary & Secondary Schools Infrastructure Improvement III.,1066106239,Ruai Primary School - Nairobi,net,,Net,9500000,0,0,0,0,0,450,yes
fy-2026-27-development-book-volume-1-1011-1083,1066,1066106200,Primary & Secondary Schools Infrastructure Improvement III.,1066106240,Thawabu Primary School - Nairobi,gross,,Gross,9500000,0,0,0,0,0,450,yes
fy-2026-27-development-book-volume-1-1011-1083,1066,1066106200,Primary & Secondary Schools Infrastructure Improvement III.,1066106240,Thawabu Primary School - Nairobi,net,,Net,9500000,0,0,0,0,0,450,yes
fy-2026-27-development-book-volume-1-1011-1083,1066,1066106200,Primary & Secondary Schools Infrastructure Improvement III.,1066106241,Bondeni Primary School - Nairobi,gross,,Gross,9500000,0,0,0,0,0,450,yes
fy-2026-27-development-book-volume-1-1011-1083,1066,1066106200,Primary & Secondary Schools Infrastructure Improvement III.,1066106241,Bondeni Primary School - Nairobi,net,,Net,9500000,0,0,0,0,0,450,yes
fy-2026-27-development-book-volume-1-1011-1083,1066,1066106200,Primary & Secondary Schools Infrastructure Improvement III.,1066106242,Kariobangi South Primary School - Nairobi,gross,,Gross,9500000,0,0,0,0,0,450,yes
fy-2026-27-development-book-volume-1-1011-1083,1066,1066106200,Primary & Secondary Schools Infrastructure Improvement III.,1066106242,Kariobangi South Primary School - Nairobi,net,,Net,9500000,0,0,0,0,0,450,yes
fy-2026-27-development-book-volume-1-1011-1083,1066,1066106200,Primary & Secondary Schools Infrastructure Improvement III.,1066106243,Utawala Academy Primary School - Nairobi,gross,,Gross,15000000,0,0,0,0,0,450,yes
fy-2026-27-development-book-volume-1-1011-1083,1066,1066106200,Primary & Secondary Schools Infrastructure Improvement III.,1066106243,Utawala Academy Primary School - Nairobi,net,,Net,15000000,0,0,0,0,0,450,yes
fy-2026-27-development-book-volume-1-1011-1083,1066,1066106200,Primary & Secondary Schools Infrastructure Improvement III.,1066106244,Mihango Primary School - Nairobi,gross,,Gross,15000000,0,0,0,0,0,451,yes
fy-2026-27-development-book-volume-1-1011-1083,1066,1066106200,Primary & Secondary Schools Infrastructure Improvement III.,1066106244,Mihango Primary School - Nairobi,net,,Net,15000000,0,0,0,0,0,451,yes
fy-2026-27-development-book-volume-1-1011-1083,1066,1066106200,Primary & Secondary Schools Infrastructure Improvement III.,1066106245,Maua Primary School - Nairobi,gross,,Gross,17500000,0,0,0,0,0,451,yes
fy-2026-27-development-book-volume-1-1011-1083,1066,1066106200,Primary & Secondary Schools Infrastructure Improvement III.,1066106245,Maua Primary School - Nairobi,net,,Net,17500000,0,0,0,0,0,451,yes
fy-2026-27-development-book-volume-1-1011-1083,1066,1066106200,Primary & Secondary Schools Infrastructure Improvement III.,1066106246,Infrastructure Improvement in Mogoga CBC Primary School,gross,,Gross,5000000,0,0,0,0,0,451,yes
fy-2026-27-development-book-volume-1-1011-1083,1066,1066106200,Primary & Secondary Schools Infrastructure Improvement III.,1066106246,Infrastructure Improvement in Mogoga CBC Primary School,net,,Net,5000000,0,0,0,0,0,451,yes
fy-2026-27-development-book-volume-1-1011-1083,1066,1066106200,Primary & Secondary Schools Infrastructure Improvement III.,1066106247,Bogitaa EELCK Secondary School,gross,,Gross,5000000,0,0,0,0,0,451,yes
fy-2026-27-development-book-volume-1-1011-1083,1066,1066106200,Primary & Secondary Schools Infrastructure Improvement III.,1066106247,Bogitaa EELCK Secondary School,net,,Net,5000000,0,0,0,0,0,451,yes
fy-2026-27-development-book-volume-1-1011-1083,1066,1066106200,Primary & Secondary Schools Infrastructure Improvement III.,1066106248,Agoro Oyombe Primary School,gross,,Gross,7255000,0,0,0,0,0,451,yes
fy-2026-27-development-book-volume-1-1011-1083,1066,1066106200,Primary & Secondary Schools Infrastructure Improvement III.,1066106248,Agoro Oyombe Primary School,net,,Net,7255000,0,0,0,0,0,451,yes
fy-2026-27-development-book-volume-1-1011-1083,1066,1066106200,Primary & Secondary Schools Infrastructure Improvement III.,1066106249,Bar Olengo Primary School,gross,,Gross,5000000,0,0,0,0,0,452,yes
fy-2026-27-development-book-volume-1-1011-1083,1066,1066106200,Primary & Secondary Schools Infrastructure Improvement III.,1066106249,Bar Olengo Primary School,net,,Net,5000000,0,0,0,0,0,452,yes
fy-2026-27-development-book-volume-1-1011-1083,1066,1066106200,Primary & Secondary Schools Infrastructure Improvement III.,1066106250,Chemoinoi Primary,gross,,Gross,4000000,0,0,0,0,0,452,yes
fy-2026-27-development-book-volume-1-1011-1083,1066,1066106200,Primary & Secondary Schools Infrastructure Improvement III.,1066106250,Chemoinoi Primary,net,,Net,4000000,0,0,0,0,0,452,yes
fy-2026-27-development-book-volume-1-1011-1083,1066,1066106200,Primary & Secondary Schools Infrastructure Improvement III.,1066106251,Emining Primary,gross,,Gross,4000000,0,0,0,0,0,452,yes
fy-2026-27-development-book-volume-1-1011-1083,1066,1066106200,Primary & Secondary Schools Infrastructure Improvement III.,1066106251,Emining Primary,net,,Net,4000000,0,0,0,0,0,452,yes
fy-2026-27-development-book-volume-1-1011-1083,1066,1066106200,Primary & Secondary Schools Infrastructure Improvement III.,1066106252,Got Oenga Primary,gross,,Gross,4000000,0,0,0,0,0,452,yes
fy-2026-27-development-book-volume-1-1011-1083,1066,1066106200,Primary & Secondary Schools Infrastructure Improvement III.,1066106252,Got Oenga Primary,net,,Net,4000000,0,0,0,0,0,452,yes
fy-2026-27-development-book-volume-1-1011-1083,1066,1066106200,Primary & Secondary Schools Infrastructure Improvement III.,1066106253,Kapsok Emining Primary,gross,,Gross,4000000,0,0,0,0,0,452,yes
fy-2026-27-development-book-volume-1-1011-1083,1066,1066106200,Primary & Secondary Schools Infrastructure Improvement III.,1066106253,Kapsok Emining Primary,net,,Net,4000000,0,0,0,0,0,452,yes
fy-2026-27-development-book-volume-1-1011-1083,1066,1066106200,Primary & Secondary Schools Infrastructure Improvement III.,1066106254,Lomanira Primary,gross,,Gross,4000000,0,0,0,0,0,453,yes
fy-2026-27-development-book-volume-1-1011-1083,1066,1066106200,Primary & Secondary Schools Infrastructure Improvement III.,1066106254,Lomanira Primary,net,,Net,4000000,0,0,0,0,0,453,yes
fy-2026-27-development-book-volume-1-1011-1083,1066,1066106200,Primary & Secondary Schools Infrastructure Improvement III.,1066106255,Matera Primary School,gross,,Gross,5000000,0,0,0,0,0,453,yes
fy-2026-27-development-book-volume-1-1011-1083,1066,1066106200,Primary & Secondary Schools Infrastructure Improvement III.,1066106255,Matera Primary School,net,,Net,5000000,0,0,0,0,0,453,yes
fy-2026-27-development-book-volume-1-1011-1083,1066,1066106200,Primary & Secondary Schools Infrastructure Improvement III.,1066106256,Nyadhi Primary,gross,,Gross,5000000,0,0,0,0,0,453,yes
fy-2026-27-development-book-volume-1-1011-1083,1066,1066106200,Primary & Secondary Schools Infrastructure Improvement III.,1066106256,Nyadhi Primary,net,,Net,5000000,0,0,0,0,0,453,yes
fy-2026-27-development-book-volume-1-1011-1083,1066,1066106200,Primary & Secondary Schools Infrastructure Improvement III.,1066106257,Nyalaji Primary,gross,,Gross,4000000,0,0,0,0,0,453,yes
fy-2026-27-development-book-volume-1-1011-1083,1066,1066106200,Primary & Secondary Schools Infrastructure Improvement III.,1066106257,Nyalaji Primary,net,,Net,4000000,0,0,0,0,0,453,yes
fy-2026-27-development-book-volume-1-1011-1083,1066,1066106200,Primary & Secondary Schools Infrastructure Improvement III.,1066106258,Nyaluanga Primary,gross,,Gross,4000000,0,0,0,0,0,453,yes
fy-2026-27-development-book-volume-1-1011-1083,1066,1066106200,Primary & Secondary Schools Infrastructure Improvement III.,1066106258,Nyaluanga Primary,net,,Net,4000000,0,0,0,0,0,453,yes
fy-2026-27-development-book-volume-1-1011-1083,1066,1066106200,Primary & Secondary Schools Infrastructure Improvement III.,1066106259,Nyasita Primary,gross,,Gross,4000000,0,0,0,0,0,454,yes
fy-2026-27-development-book-volume-1-1011-1083,1066,1066106200,Primary & Secondary Schools Infrastructure Improvement III.,1066106259,Nyasita Primary,net,,Net,4000000,0,0,0,0,0,454,yes
fy-2026-27-development-book-volume-1-1011-1083,1066,1066106200,Primary & Secondary Schools Infrastructure Improvement III.,1066106260,Osoro Primary,gross,,Gross,4000000,0,0,0,0,0,454,yes
fy-2026-27-development-book-volume-1-1011-1083,1066,1066106200,Primary & Secondary Schools Infrastructure Improvement III.,1066106260,Osoro Primary,net,,Net,4000000,0,0,0,0,0,454,yes
fy-2026-27-development-book-volume-1-1011-1083,1066,1066106200,Primary & Secondary Schools Infrastructure Improvement III.,1066106261,Palpal Primary,gross,,Gross,5000000,0,0,0,0,0,454,yes
fy-2026-27-development-book-volume-1-1011-1083,1066,1066106200,Primary & Secondary Schools Infrastructure Improvement III.,1066106261,Palpal Primary,net,,Net,5000000,0,0,0,0,0,454,yes
fy-2026-27-development-book-volume-1-1011-1083,1066,1066106200,Primary & Secondary Schools Infrastructure Improvement III.,1066106262,Rasugu Primary,gross,,Gross,4000000,0,0,0,0,0,454,yes
fy-2026-27-development-book-volume-1-1011-1083,1066,1066106200,Primary & Secondary Schools Infrastructure Improvement III.,1066106262,Rasugu Primary,net,,Net,4000000,0,0,0,0,0,454,yes
fy-2026-27-development-book-volume-1-1011-1083,1066,1066106200,Primary & Secondary Schools Infrastructure Improvement III.,1066106263,Udamaayi Primary School,gross,,Gross,5000000,0,0,0,0,0,454,yes
fy-2026-27-development-book-volume-1-1011-1083,1066,1066106200,Primary & Secondary Schools Infrastructure Improvement III.,1066106263,Udamaayi Primary School,net,,Net,5000000,0,0,0,0,0,454,yes
fy-2026-27-development-book-volume-1-1011-1083,1066,1066106200,Primary & Secondary Schools Infrastructure Improvement III.,1066106264,Udenda Primary,gross,,Gross,5000000,0,0,0,0,0,455,yes
fy-2026-27-development-book-volume-1-1011-1083,1066,1066106200,Primary & Secondary Schools Infrastructure Improvement III.,1066106264,Udenda Primary,net,,Net,5000000,0,0,0,0,0,455,yes
fy-2026-27-development-book-volume-1-1011-1083,1066,1066106200,Primary & Secondary Schools Infrastructure Improvement III.,1066106265,Uloma Kodero Primary,gross,,Gross,5000000,0,0,0,0,0,455,yes
fy-2026-27-development-book-volume-1-1011-1083,1066,1066106200,Primary & Secondary Schools Infrastructure Improvement III.,1066106265,Uloma Kodero Primary,net,,Net,5000000,0,0,0,0,0,455,yes
fy-2026-27-development-book-volume-1-1011-1083,1066,1066106200,Primary & Secondary Schools Infrastructure Improvement III.,1066106266,AIC Nanam Primary,gross,,Gross,2255000,0,0,0,0,0,455,yes
fy-2026-27-development-book-volume-1-1011-1083,1066,1066106200,Primary & Secondary Schools Infrastructure Improvement III.,1066106266,AIC Nanam Primary,net,,Net,2255000,0,0,0,0,0,455,yes
fy-2026-27-development-book-volume-1-1011-1083,1066,1066106200,Primary & Secondary Schools Infrastructure Improvement III.,1066106267,Akitesi Primary School,gross,,Gross,755000,0,0,0,0,0,455,yes
fy-2026-27-development-book-volume-1-1011-1083,1066,1066106200,Primary & Secondary Schools Infrastructure Improvement III.,1066106267,Akitesi Primary School,net,,Net,755000,0,0,0,0,0,455,yes
fy-2026-27-development-book-volume-1-1011-1083,1066,1066106200,Primary & Secondary Schools Infrastructure Improvement III.,1066106268,Andingo Primary School,gross,,Gross,755000,0,0,0,0,0,455,yes
fy-2026-27-development-book-volume-1-1011-1083,1066,1066106200,Primary & Secondary Schools Infrastructure Improvement III.,1066106268,Andingo Primary School,net,,Net,755000,0,0,0,0,0,455,yes
fy-2026-27-development-book-volume-1-1011-1083,1066,1066106200,Primary & Secondary Schools Infrastructure Improvement III.,1066106269,Ayany Primary School,gross,,Gross,1255000,0,0,0,0,0,456,yes
fy-2026-27-development-book-volume-1-1011-1083,1066,1066106200,Primary & Secondary Schools Infrastructure Improvement III.,1066106269,Ayany Primary School,net,,Net,1255000,0,0,0,0,0,456,yes
fy-2026-27-development-book-volume-1-1011-1083,1066,1066106200,Primary & Secondary Schools Infrastructure Improvement III.,1066106270,Burangasi Primary,gross,,Gross,2255000,0,0,0,0,0,456,yes
fy-2026-27-development-book-volume-1-1011-1083,1066,1066106200,Primary & Secondary Schools Infrastructure Improvement III.,1066106270,Burangasi Primary,net,,Net,2255000,0,0,0,0,0,456,yes
fy-2026-27-development-book-volume-1-1011-1083,1066,1066106200,Primary & Secondary Schools Infrastructure Improvement III.,1066106271,Chandera Comprehensive School,gross,,Gross,2255000,0,0,0,0,0,456,yes
fy-2026-27-development-book-volume-1-1011-1083,1066,1066106200,Primary & Secondary Schools Infrastructure Improvement III.,1066106271,Chandera Comprehensive School,net,,Net,2255000,0,0,0,0,0,456,yes
fy-2026-27-development-book-volume-1-1011-1083,1066,1066106200,Primary & Secondary Schools Infrastructure Improvement III.,1066106272,Charifuda Primary,gross,,Gross,755000,0,0,0,0,0,456,yes
fy-2026-27-development-book-volume-1-1011-1083,1066,1066106200,Primary & Secondary Schools Infrastructure Improvement III.,1066106272,Charifuda Primary,net,,Net,755000,0,0,0,0,0,456,yes
fy-2026-27-development-book-volume-1-1011-1083,1066,1066106200,Primary & Secondary Schools Infrastructure Improvement III.,1066106273,Chepkitile Js Primary,gross,,Gross,2255000,0,0,0,0,0,456,yes
fy-2026-27-development-book-volume-1-1011-1083,1066,1066106200,Primary & Secondary Schools Infrastructure Improvement III.,1066106273,Chepkitile Js Primary,net,,Net,2255000,0,0,0,0,0,456,yes
fy-2026-27-development-book-volume-1-1011-1083,1066,1066106200,Primary & Secondary Schools Infrastructure Improvement III.,1066106274,Cherungut JS Primary,gross,,Gross,2255000,0,0,0,0,0,457,yes
fy-2026-27-development-book-volume-1-1011-1083,1066,1066106200,Primary & Secondary Schools Infrastructure Improvement III.,1066106274,Cherungut JS Primary,net,,Net,2255000,0,0,0,0,0,457,yes
fy-2026-27-development-book-volume-1-1011-1083,1066,1066106200,Primary & Secondary Schools Infrastructure Improvement III.,1066106275,Dibuoro Primary School,gross,,Gross,2755000,0,0,0,0,0,457,yes
fy-2026-27-development-book-volume-1-1011-1083,1066,1066106200,Primary & Secondary Schools Infrastructure Improvement III.,1066106275,Dibuoro Primary School,net,,Net,2755000,0,0,0,0,0,457,yes
fy-2026-27-development-book-volume-1-1011-1083,1066,1066106200,Primary & Secondary Schools Infrastructure Improvement III.,1066106276,Ebulonga Primary School,gross,,Gross,755000,0,0,0,0,0,457,yes
fy-2026-27-development-book-volume-1-1011-1083,1066,1066106200,Primary & Secondary Schools Infrastructure Improvement III.,1066106276,Ebulonga Primary School,net,,Net,755000,0,0,0,0,0,457,yes
fy-2026-27-development-book-volume-1-1011-1083,1066,1066106200,Primary & Secondary Schools Infrastructure Improvement III.,1066106277,El Tula Primary School,gross,,Gross,755000,0,0,0,0,0,457,yes
fy-2026-27-development-book-volume-1-1011-1083,1066,1066106200,Primary & Secondary Schools Infrastructure Improvement III.,1066106277,El Tula Primary School,net,,Net,755000,0,0,0,0,0,457,yes
fy-2026-27-development-book-volume-1-1011-1083,1066,1066106200,Primary & Secondary Schools Infrastructure Improvement III.,1066106278,Elwak Girls Primary,gross,,Gross,755000,0,0,0,0,0,457,yes
fy-2026-27-development-book-volume-1-1011-1083,1066,1066106200,Primary & Secondary Schools Infrastructure Improvement III.,1066106278,Elwak Girls Primary,net,,Net,755000,0,0,0,0,0,457,yes
fy-2026-27-development-book-volume-1-1011-1083,1066,1066106200,Primary & Secondary Schools Infrastructure Improvement III.,1066106279,Entanda PAG Girls Boarding Primary School,gross,,Gross,755000,0,0,0,0,0,458,yes
fy-2026-27-development-book-volume-1-1011-1083,1066,1066106200,Primary & Secondary Schools Infrastructure Improvement III.,1066106279,Entanda PAG Girls Boarding Primary School,net,,Net,755000,0,0,0,0,0,458,yes
fy-2026-27-development-book-volume-1-1011-1083,1066,1066106200,Primary & Secondary Schools Infrastructure Improvement III.,1066106280,Gendro Primary School,gross,,Gross,2255000,0,0,0,0,0,458,yes
fy-2026-27-development-book-volume-1-1011-1083,1066,1066106200,Primary & Secondary Schools Infrastructure Improvement III.,1066106280,Gendro Primary School,net,,Net,2255000,0,0,0,0,0,458,yes
fy-2026-27-development-book-volume-1-1011-1083,1066,1066106200,Primary & Secondary Schools Infrastructure Improvement III.,1066106281,Gombe Komolo Primary School,gross,,Gross,2755000,0,0,0,0,0,458,yes
fy-2026-27-development-book-volume-1-1011-1083,1066,1066106200,Primary & Secondary Schools Infrastructure Improvement III.,1066106281,Gombe Komolo Primary School,net,,Net,2755000,0,0,0,0,0,458,yes
fy-2026-27-development-book-volume-1-1011-1083,1066,1066106200,Primary & Secondary Schools Infrastructure Improvement III.,1066106282,Ibubi Primary School,gross,,Gross,755000,0,0,0,0,0,458,yes
fy-2026-27-development-book-volume-1-1011-1083,1066,1066106200,Primary & Secondary Schools Infrastructure Improvement III.,1066106282,Ibubi Primary School,net,,Net,755000,0,0,0,0,0,458,yes
fy-2026-27-development-book-volume-1-1011-1083,1066,1066106200,Primary & Secondary Schools Infrastructure Improvement III.,1066106283,Ikuywa Primary,gross,,Gross,2255000,0,0,0,0,0,458,yes
fy-2026-27-development-book-volume-1-1011-1083,1066,1066106200,Primary & Secondary Schools Infrastructure Improvement III.,1066106283,Ikuywa Primary,net,,Net,2255000,0,0,0,0,0,458,yes
fy-2026-27-development-book-volume-1-1011-1083,1066,1066106200,Primary & Secondary Schools Infrastructure Improvement III.,1066106284,Kaalotwari Comprehensive School,gross,,Gross,2255000,0,0,0,0,0,459,yes
fy-2026-27-development-book-volume-1-1011-1083,1066,1066106200,Primary & Secondary Schools Infrastructure Improvement III.,1066106284,Kaalotwari Comprehensive School,net,,Net,2255000,0,0,0,0,0,459,yes
fy-2026-27-development-book-volume-1-1011-1083,1066,1066106200,Primary & Secondary Schools Infrastructure Improvement III.,1066106285,Kaburgei Primary,gross,,Gross,755000,0,0,0,0,0,459,yes
fy-2026-27-development-book-volume-1-1011-1083,1066,1066106200,Primary & Secondary Schools Infrastructure Improvement III.,1066106285,Kaburgei Primary,net,,Net,755000,0,0,0,0,0,459,yes
fy-2026-27-development-book-volume-1-1011-1083,1066,1066106200,Primary & Secondary Schools Infrastructure Improvement III.,1066106286,Kadunyi DEB Primary School,gross,,Gross,4000000,0,0,0,0,0,459,yes
fy-2026-27-development-book-volume-1-1011-1083,1066,1066106200,Primary & Secondary Schools Infrastructure Improvement III.,1066106286,Kadunyi DEB Primary School,net,,Net,4000000,0,0,0,0,0,459,yes
fy-2026-27-development-book-volume-1-1011-1083,1066,1066106200,Primary & Secondary Schools Infrastructure Improvement III.,1066106287,Kamuiru Comprehensive School,gross,,Gross,2255000,0,0,0,0,0,459,yes
fy-2026-27-development-book-volume-1-1011-1083,1066,1066106200,Primary & Secondary Schools Infrastructure Improvement III.,1066106287,Kamuiru Comprehensive School,net,,Net,2255000,0,0,0,0,0,459,yes
fy-2026-27-development-book-volume-1-1011-1083,1066,1066106200,Primary & Secondary Schools Infrastructure Improvement III.,1066106288,Kamuwe Primary School,gross,,Gross,755000,0,0,0,0,0,459,yes
fy-2026-27-development-book-volume-1-1011-1083,1066,1066106200,Primary & Secondary Schools Infrastructure Improvement III.,1066106288,Kamuwe Primary School,net,,Net,755000,0,0,0,0,0,459,yes
fy-2026-27-development-book-volume-1-1011-1083,1066,1066106200,Primary & Secondary Schools Infrastructure Improvement III.,1066106289,Kandondo Primary,gross,,Gross,2255000,0,0,0,0,0,460,yes
fy-2026-27-development-book-volume-1-1011-1083,1066,1066106200,Primary & Secondary Schools Infrastructure Improvement III.,1066106289,Kandondo Primary,net,,Net,2255000,0,0,0,0,0,460,yes
fy-2026-27-development-book-volume-1-1011-1083,1066,1066106200,Primary & Secondary Schools Infrastructure Improvement III.,1066106290,Kanyaltin Comprehensive School,gross,,Gross,2255000,0,0,0,0,0,460,yes
fy-2026-27-development-book-volume-1-1011-1083,1066,1066106200,Primary & Secondary Schools Infrastructure Improvement III.,1066106290,Kanyaltin Comprehensive School,net,,Net,2255000,0,0,0,0,0,460,yes
fy-2026-27-development-book-volume-1-1011-1083,1066,1066106200,Primary & Secondary Schools Infrastructure Improvement III.,1066106292,Kapchepkisa Primary School,gross,,Gross,3010000,0,0,0,0,0,460,yes
fy-2026-27-development-book-volume-1-1011-1083,1066,1066106200,Primary & Secondary Schools Infrastructure Improvement III.,1066106292,Kapchepkisa Primary School,net,,Net,3010000,0,0,0,0,0,460,yes
fy-2026-27-development-book-volume-1-1011-1083,1066,1066106200,Primary & Secondary Schools Infrastructure Improvement III.,1066106293,Kaplamai Primary,gross,,Gross,2255000,0,0,0,0,0,460,yes
fy-2026-27-development-book-volume-1-1011-1083,1066,1066106200,Primary & Secondary Schools Infrastructure Improvement III.,1066106293,Kaplamai Primary,net,,Net,2255000,0,0,0,0,0,460,yes
fy-2026-27-development-book-volume-1-1011-1083,1066,1066106200,Primary & Secondary Schools Infrastructure Improvement III.,1066106294,Kapsokio Js Primary,gross,,Gross,2255000,0,0,0,0,0,460,yes
fy-2026-27-development-book-volume-1-1011-1083,1066,1066106200,Primary & Secondary Schools Infrastructure Improvement III.,1066106294,Kapsokio Js Primary,net,,Net,2255000,0,0,0,0,0,460,yes
fy-2026-27-development-book-volume-1-1011-1083,1066,1066106200,Primary & Secondary Schools Infrastructure Improvement III.,1066106295,Kaptebengwo Js Primary,gross,,Gross,2255000,0,0,0,0,0,461,yes
fy-2026-27-development-book-volume-1-1011-1083,1066,1066106200,Primary & Secondary Schools Infrastructure Improvement III.,1066106295,Kaptebengwo Js Primary,net,,Net,2255000,0,0,0,0,0,461,yes
fy-2026-27-development-book-volume-1-1011-1083,1066,1066106200,Primary & Secondary Schools Infrastructure Improvement III.,1066106296,Kipsasuron Primary,gross,,Gross,2255000,0,0,0,0,0,461,yes
fy-2026-27-development-book-volume-1-1011-1083,1066,1066106200,Primary & Secondary Schools Infrastructure Improvement III.,1066106296,Kipsasuron Primary,net,,Net,2255000,0,0,0,0,0,461,yes
fy-2026-27-development-book-volume-1-1011-1083,1066,1066106200,Primary & Secondary Schools Infrastructure Improvement III.,1066106297,Kivaywa Primary School,gross,,Gross,755000,0,0,0,0,0,461,yes
fy-2026-27-development-book-volume-1-1011-1083,1066,1066106200,Primary & Secondary Schools Infrastructure Improvement III.,1066106297,Kivaywa Primary School,net,,Net,755000,0,0,0,0,0,461,yes
fy-2026-27-development-book-volume-1-1011-1083,1066,1066106200,Primary & Secondary Schools Infrastructure Improvement III.,1066106298,Koitoror Primary,gross,,Gross,755000,0,0,0,0,0,461,yes
fy-2026-27-development-book-volume-1-1011-1083,1066,1066106200,Primary & Secondary Schools Infrastructure Improvement III.,1066106298,Koitoror Primary,net,,Net,755000,0,0,0,0,0,461,yes
fy-2026-27-development-book-volume-1-1011-1083,1066,1066106200,Primary & Secondary Schools Infrastructure Improvement III.,1066106299,Loromoru Primary,gross,,Gross,2255000,0,0,0,0,0,461,yes
fy-2026-27-development-book-volume-1-1011-1083,1066,1066106200,Primary & Secondary Schools Infrastructure Improvement III.,1066106299,Loromoru Primary,net,,Net,2255000,0,0,0,0,0,461,yes
fy-2026-27-development-book-volume-1-1011-1083,1066,1066106300,Infrastructure Support to Primary Special Needs Schools.,1066106301,Infrastructure Support to Primary Special Needs Schools,gross,,Gross,100000000,0,0,0,0,0,462,yes
fy-2026-27-development-book-volume-1-1011-1083,1066,1066106300,Infrastructure Support to Primary Special Needs Schools.,1066106301,Infrastructure Support to Primary Special Needs Schools,net,,Net,100000000,0,0,0,0,0,462,yes
fy-2026-27-development-book-volume-1-1011-1083,1066,1066106400,Infrastructure Support to Teachers' Training Colleges.,1066106401,Infrastructure Support to Teachers' Training Colleges,gross,,Gross,100000000,0,0,0,0,0,462,yes
fy-2026-27-development-book-volume-1-1011-1083,1066,1066106400,Infrastructure Support to Teachers' Training Colleges.,1066106401,Infrastructure Support to Teachers' Training Colleges,net,,Net,100000000,0,0,0,0,0,462,yes
fy-2026-27-development-book-volume-1-1011-1083,1066,1066106500,Construction of Education Assessment Resource Centres (EARCs).,1066106501,Construction of Education Assessment Resource Centres (EARCs),gross,,Gross,50000000,0,0,0,0,0,463,yes
fy-2026-27-development-book-volume-1-1011-1083,1066,1066106500,Construction of Education Assessment Resource Centres (EARCs).,1066106501,Construction of Education Assessment Resource Centres (EARCs),net,,Net,50000000,0,0,0,0,0,463,yes
fy-2026-27-development-book-volume-1-1011-1083,1066,1066106600,Infrastructure Support to Secondary Special Needs Schools.,1066106601,Infrastructure Support to Secondary Special Needs Schools,gross,,Gross,100000000,0,0,0,0,0,463,yes
fy-2026-27-development-book-volume-1-1011-1083,1066,1066106600,Infrastructure Support to Secondary Special Needs Schools.,1066106601,Infrastructure Support to Secondary Special Needs Schools,net,,Net,100000000,0,0,0,0,0,463,yes
fy-2026-27-development-book-volume-1-1011-1083,1066,1066106700,Primary & Secondary Schools Infrastructure Improvement IV.,1066106701,Lower Kihara Comprehensive School,gross,,Gross,2255000,0,0,0,0,0,463,yes
fy-2026-27-development-book-volume-1-1011-1083,1066,1066106700,Primary & Secondary Schools Infrastructure Improvement IV.,1066106701,Lower Kihara Comprehensive School,net,,Net,2255000,0,0,0,0,0,463,yes
fy-2026-27-development-book-volume-1-1011-1083,1066,1066106700,Primary & Secondary Schools Infrastructure Improvement IV.,1066106702,Lusumu Comprehensive School,gross,,Gross,2255000,0,0,0,0,0,464,yes
fy-2026-27-development-book-volume-1-1011-1083,1066,1066106700,Primary & Secondary Schools Infrastructure Improvement IV.,1066106702,Lusumu Comprehensive School,net,,Net,2255000,0,0,0,0,0,464,yes
fy-2026-27-development-book-volume-1-1011-1083,1066,1066106700,Primary & Secondary Schools Infrastructure Improvement IV.,1066106703,Marula Primary School,gross,,Gross,755000,0,0,0,0,0,464,yes
fy-2026-27-development-book-volume-1-1011-1083,1066,1066106700,Primary & Secondary Schools Infrastructure Improvement IV.,1066106703,Marula Primary School,net,,Net,755000,0,0,0,0,0,464,yes
fy-2026-27-development-book-volume-1-1011-1083,1066,1066106700,Primary & Secondary Schools Infrastructure Improvement IV.,1066106704,Matutu Pag Primary School,gross,,Gross,755000,0,0,0,0,0,464,yes
fy-2026-27-development-book-volume-1-1011-1083,1066,1066106700,Primary & Secondary Schools Infrastructure Improvement IV.,1066106704,Matutu Pag Primary School,net,,Net,755000,0,0,0,0,0,464,yes
fy-2026-27-development-book-volume-1-1011-1083,1066,1066106700,Primary & Secondary Schools Infrastructure Improvement IV.,1066106705,Meteitei Js Primary,gross,,Gross,2555000,0,0,0,0,0,464,yes
fy-2026-27-development-book-volume-1-1011-1083,1066,1066106700,Primary & Secondary Schools Infrastructure Improvement IV.,1066106705,Meteitei Js Primary,net,,Net,2555000,0,0,0,0,0,464,yes
fy-2026-27-development-book-volume-1-1011-1083,1066,1066106700,Primary & Secondary Schools Infrastructure Improvement IV.,1066106706,Mirugi Kariuki Primary,gross,,Gross,2255000,0,0,0,0,0,464,yes
fy-2026-27-development-book-volume-1-1011-1083,1066,1066106700,Primary & Secondary Schools Infrastructure Improvement IV.,1066106706,Mirugi Kariuki Primary,net,,Net,2255000,0,0,0,0,0,464,yes
fy-2026-27-development-book-volume-1-1011-1083,1066,1066106700,Primary & Secondary Schools Infrastructure Improvement IV.,1066106708,Miuine Primary School,gross,,Gross,3010000,0,0,0,0,0,465,yes
fy-2026-27-development-book-volume-1-1011-1083,1066,1066106700,Primary & Secondary Schools Infrastructure Improvement IV.,1066106708,Miuine Primary School,net,,Net,3010000,0,0,0,0,0,465,yes
fy-2026-27-development-book-volume-1-1011-1083,1066,1066106700,Primary & Secondary Schools Infrastructure Improvement IV.,1066106709,Mombor Primary,gross,,Gross,2255000,0,0,0,0,0,465,yes
fy-2026-27-development-book-volume-1-1011-1083,1066,1066106700,Primary & Secondary Schools Infrastructure Improvement IV.,1066106709,Mombor Primary,net,,Net,2255000,0,0,0,0,0,465,yes
fy-2026-27-development-book-volume-1-1011-1083,1066,1066106700,Primary & Secondary Schools Infrastructure Improvement IV.,1066106710,Mong'oni Primary School,gross,,Gross,755000,0,0,0,0,0,465,yes
fy-2026-27-development-book-volume-1-1011-1083,1066,1066106700,Primary & Secondary Schools Infrastructure Improvement IV.,1066106710,Mong'oni Primary School,net,,Net,755000,0,0,0,0,0,465,yes
fy-2026-27-development-book-volume-1-1011-1083,1066,1066106700,Primary & Secondary Schools Infrastructure Improvement IV.,1066106711,Moses Wetangula Primary School Lurare,gross,,Gross,6090000,0,0,0,0,0,465,yes
fy-2026-27-development-book-volume-1-1011-1083,1066,1066106700,Primary & Secondary Schools Infrastructure Improvement IV.,1066106711,Moses Wetangula Primary School Lurare,net,,Net,6090000,0,0,0,0,0,465,yes
fy-2026-27-development-book-volume-1-1011-1083,1066,1066106700,Primary & Secondary Schools Infrastructure Improvement IV.,1066106712,Muchukwo Primary School,gross,,Gross,755000,0,0,0,0,0,465,yes
fy-2026-27-development-book-volume-1-1011-1083,1066,1066106700,Primary & Secondary Schools Infrastructure Improvement IV.,1066106712,Muchukwo Primary School,net,,Net,755000,0,0,0,0,0,465,yes
fy-2026-27-development-book-volume-1-1011-1083,1066,1066106700,Primary & Secondary Schools Infrastructure Improvement IV.,1066106713,Mudhiero Primary School,gross,,Gross,755000,0,0,0,0,0,466,yes
fy-2026-27-development-book-volume-1-1011-1083,1066,1066106700,Primary & Secondary Schools Infrastructure Improvement IV.,1066106713,Mudhiero Primary School,net,,Net,755000,0,0,0,0,0,466,yes
fy-2026-27-development-book-volume-1-1011-1083,1066,1066106700,Primary & Secondary Schools Infrastructure Improvement IV.,1066106714,Mugunya Primary,gross,,Gross,1755000,0,0,0,0,0,466,yes
fy-2026-27-development-book-volume-1-1011-1083,1066,1066106700,Primary & Secondary Schools Infrastructure Improvement IV.,1066106714,Mugunya Primary,net,,Net,1755000,0,0,0,0,0,466,yes
fy-2026-27-development-book-volume-1-1011-1083,1066,1066106700,Primary & Secondary Schools Infrastructure Improvement IV.,1066106715,Musaga Comprehensive School,gross,,Gross,2255000,0,0,0,0,0,466,yes
fy-2026-27-development-book-volume-1-1011-1083,1066,1066106700,Primary & Secondary Schools Infrastructure Improvement IV.,1066106715,Musaga Comprehensive School,net,,Net,2255000,0,0,0,0,0,466,yes
fy-2026-27-development-book-volume-1-1011-1083,1066,1066106700,Primary & Secondary Schools Infrastructure Improvement IV.,1066106716,Mwangi Muchuki Comprehensive School,gross,,Gross,2255000,0,0,0,0,0,466,yes
fy-2026-27-development-book-volume-1-1011-1083,1066,1066106700,Primary & Secondary Schools Infrastructure Improvement IV.,1066106716,Mwangi Muchuki Comprehensive School,net,,Net,2255000,0,0,0,0,0,466,yes
fy-2026-27-development-book-volume-1-1011-1083,1066,1066106700,Primary & Secondary Schools Infrastructure Improvement IV.,1066106717,Naakurtolukuny Primary School,gross,,Gross,755000,0,0,0,0,0,466,yes
fy-2026-27-development-book-volume-1-1011-1083,1066,1066106700,Primary & Secondary Schools Infrastructure Improvement IV.,1066106717,Naakurtolukuny Primary School,net,,Net,755000,0,0,0,0,0,466,yes
fy-2026-27-development-book-volume-1-1011-1083,1066,1066106700,Primary & Secondary Schools Infrastructure Improvement IV.,1066106718,Nakaje Primary,gross,,Gross,2255000,0,0,0,0,0,467,yes
fy-2026-27-development-book-volume-1-1011-1083,1066,1066106700,Primary & Secondary Schools Infrastructure Improvement IV.,1066106718,Nakaje Primary,net,,Net,2255000,0,0,0,0,0,467,yes
fy-2026-27-development-book-volume-1-1011-1083,1066,1066106700,Primary & Secondary Schools Infrastructure Improvement IV.,1066106719,Namaika Primary School,gross,,Gross,5000000,0,0,0,0,0,467,yes
fy-2026-27-development-book-volume-1-1011-1083,1066,1066106700,Primary & Secondary Schools Infrastructure Improvement IV.,1066106719,Namaika Primary School,net,,Net,5000000,0,0,0,0,0,467,yes
fy-2026-27-development-book-volume-1-1011-1083,1066,1066106700,Primary & Secondary Schools Infrastructure Improvement IV.,1066106720,Nawountos Primary,gross,,Gross,2255000,0,0,0,0,0,467,yes
fy-2026-27-development-book-volume-1-1011-1083,1066,1066106700,Primary & Secondary Schools Infrastructure Improvement IV.,1066106720,Nawountos Primary,net,,Net,2255000,0,0,0,0,0,467,yes
fy-2026-27-development-book-volume-1-1011-1083,1066,1066106700,Primary & Secondary Schools Infrastructure Improvement IV.,1066106721,Ndimu Comprehensive School,gross,,Gross,2255000,0,0,0,0,0,467,yes
fy-2026-27-development-book-volume-1-1011-1083,1066,1066106700,Primary & Secondary Schools Infrastructure Improvement IV.,1066106721,Ndimu Comprehensive School,net,,Net,2255000,0,0,0,0,0,467,yes
fy-2026-27-development-book-volume-1-1011-1083,1066,1066106700,Primary & Secondary Schools Infrastructure Improvement IV.,1066106722,Nduroto Primary,gross,,Gross,1755000,0,0,0,0,0,467,yes
fy-2026-27-development-book-volume-1-1011-1083,1066,1066106700,Primary & Secondary Schools Infrastructure Improvement IV.,1066106722,Nduroto Primary,net,,Net,1755000,0,0,0,0,0,467,yes
fy-2026-27-development-book-volume-1-1011-1083,1066,1066106700,Primary & Secondary Schools Infrastructure Improvement IV.,1066106723,Ngelecha Primary,gross,,Gross,2255000,0,0,0,0,0,468,yes
fy-2026-27-development-book-volume-1-1011-1083,1066,1066106700,Primary & Secondary Schools Infrastructure Improvement IV.,1066106723,Ngelecha Primary,net,,Net,2255000,0,0,0,0,0,468,yes
fy-2026-27-development-book-volume-1-1011-1083,1066,1066106700,Primary & Secondary Schools Infrastructure Improvement IV.,1066106724,Nkamathi Special School,gross,,Gross,755000,0,0,0,0,0,468,yes
fy-2026-27-development-book-volume-1-1011-1083,1066,1066106700,Primary & Secondary Schools Infrastructure Improvement IV.,1066106724,Nkamathi Special School,net,,Net,755000,0,0,0,0,0,468,yes
fy-2026-27-development-book-volume-1-1011-1083,1066,1066106700,Primary & Secondary Schools Infrastructure Improvement IV.,1066106725,Nyagaari Primary,gross,,Gross,2255000,0,0,0,0,0,468,yes
fy-2026-27-development-book-volume-1-1011-1083,1066,1066106700,Primary & Secondary Schools Infrastructure Improvement IV.,1066106725,Nyagaari Primary,net,,Net,2255000,0,0,0,0,0,468,yes
fy-2026-27-development-book-volume-1-1011-1083,1066,1066106700,Primary & Secondary Schools Infrastructure Improvement IV.,1066106726,Nyagancha Deb Primary School,gross,,Gross,755000,0,0,0,0,0,468,yes
fy-2026-27-development-book-volume-1-1011-1083,1066,1066106700,Primary & Secondary Schools Infrastructure Improvement IV.,1066106726,Nyagancha Deb Primary School,net,,Net,755000,0,0,0,0,0,468,yes
fy-2026-27-development-book-volume-1-1011-1083,1066,1066106700,Primary & Secondary Schools Infrastructure Improvement IV.,1066106727,Nyajuok Primary School,gross,,Gross,2755000,0,0,0,0,0,468,yes
fy-2026-27-development-book-volume-1-1011-1083,1066,1066106700,Primary & Secondary Schools Infrastructure Improvement IV.,1066106727,Nyajuok Primary School,net,,Net,2755000,0,0,0,0,0,468,yes
fy-2026-27-development-book-volume-1-1011-1083,1066,1066106700,Primary & Secondary Schools Infrastructure Improvement IV.,1066106728,Old Kibera Primary School,gross,,Gross,1255000,0,0,0,0,0,469,yes
fy-2026-27-development-book-volume-1-1011-1083,1066,1066106700,Primary & Secondary Schools Infrastructure Improvement IV.,1066106728,Old Kibera Primary School,net,,Net,1255000,0,0,0,0,0,469,yes
fy-2026-27-development-book-volume-1-1011-1083,1066,1066106700,Primary & Secondary Schools Infrastructure Improvement IV.,1066106729,Oloonamuka Primary School,gross,,Gross,755000,0,0,0,0,0,469,yes
fy-2026-27-development-book-volume-1-1011-1083,1066,1066106700,Primary & Secondary Schools Infrastructure Improvement IV.,1066106729,Oloonamuka Primary School,net,,Net,755000,0,0,0,0,0,469,yes
fy-2026-27-development-book-volume-1-1011-1083,1066,1066106700,Primary & Secondary Schools Infrastructure Improvement IV.,1066106730,Onding Primary School,gross,,Gross,755000,0,0,0,0,0,469,yes
fy-2026-27-development-book-volume-1-1011-1083,1066,1066106700,Primary & Secondary Schools Infrastructure Improvement IV.,1066106730,Onding Primary School,net,,Net,755000,0,0,0,0,0,469,yes
fy-2026-27-development-book-volume-1-1011-1083,1066,1066106700,Primary & Secondary Schools Infrastructure Improvement IV.,1066106731,Ongoro Primary School,gross,,Gross,755000,0,0,0,0,0,469,yes
fy-2026-27-development-book-volume-1-1011-1083,1066,1066106700,Primary & Secondary Schools Infrastructure Improvement IV.,1066106731,Ongoro Primary School,net,,Net,755000,0,0,0,0,0,469,yes
fy-2026-27-development-book-volume-1-1011-1083,1066,1066106700,Primary & Secondary Schools Infrastructure Improvement IV.,1066106732,Opokot Primary School,gross,,Gross,755000,0,0,0,0,0,469,yes
fy-2026-27-development-book-volume-1-1011-1083,1066,1066106700,Primary & Secondary Schools Infrastructure Improvement IV.,1066106732,Opokot Primary School,net,,Net,755000,0,0,0,0,0,469,yes
fy-2026-27-development-book-volume-1-1011-1083,1066,1066106700,Primary & Secondary Schools Infrastructure Improvement IV.,1066106733,Oseno Komolo Primary School,gross,,Gross,2755000,0,0,0,0,0,470,yes
fy-2026-27-development-book-volume-1-1011-1083,1066,1066106700,Primary & Secondary Schools Infrastructure Improvement IV.,1066106733,Oseno Komolo Primary School,net,,Net,2755000,0,0,0,0,0,470,yes
fy-2026-27-development-book-volume-1-1011-1083,1066,1066106700,Primary & Secondary Schools Infrastructure Improvement IV.,1066106734,Osuri Primary School,gross,,Gross,755000,0,0,0,0,0,470,yes
fy-2026-27-development-book-volume-1-1011-1083,1066,1066106700,Primary & Secondary Schools Infrastructure Improvement IV.,1066106734,Osuri Primary School,net,,Net,755000,0,0,0,0,0,470,yes
fy-2026-27-development-book-volume-1-1011-1083,1066,1066106700,Primary & Secondary Schools Infrastructure Improvement IV.,1066106735,Palam Primary School,gross,,Gross,755000,0,0,0,0,0,470,yes
fy-2026-27-development-book-volume-1-1011-1083,1066,1066106700,Primary & Secondary Schools Infrastructure Improvement IV.,1066106735,Palam Primary School,net,,Net,755000,0,0,0,0,0,470,yes
fy-2026-27-development-book-volume-1-1011-1083,1066,1066106700,Primary & Secondary Schools Infrastructure Improvement IV.,1066106736,Presidential Directive Projects,gross,,Gross,96000000,0,0,0,0,0,470,yes
fy-2026-27-development-book-volume-1-1011-1083,1066,1066106700,Primary & Secondary Schools Infrastructure Improvement IV.,1066106736,Presidential Directive Projects,net,,Net,96000000,0,0,0,0,0,470,yes
fy-2026-27-development-book-volume-1-1011-1083,1066,1066106700,Primary & Secondary Schools Infrastructure Improvement IV.,1066106737,Ramacha Primary,gross,,Gross,2255000,0,0,0,0,0,470,yes
fy-2026-27-development-book-volume-1-1011-1083,1066,1066106700,Primary & Secondary Schools Infrastructure Improvement IV.,1066106737,Ramacha Primary,net,,Net,2255000,0,0,0,0,0,470,yes
fy-2026-27-development-book-volume-1-1011-1083,1066,1066106700,Primary & Secondary Schools Infrastructure Improvement IV.,1066106738,Seiyo Primary,gross,,Gross,755000,0,0,0,0,0,471,yes
fy-2026-27-development-book-volume-1-1011-1083,1066,1066106700,Primary & Secondary Schools Infrastructure Improvement IV.,1066106738,Seiyo Primary,net,,Net,755000,0,0,0,0,0,471,yes
fy-2026-27-development-book-volume-1-1011-1083,1066,1066106700,Primary & Secondary Schools Infrastructure Improvement IV.,1066106739,Sesoi Primary,gross,,Gross,2255000,0,0,0,0,0,471,yes
fy-2026-27-development-book-volume-1-1011-1083,1066,1066106700,Primary & Secondary Schools Infrastructure Improvement IV.,1066106739,Sesoi Primary,net,,Net,2255000,0,0,0,0,0,471,yes
fy-2026-27-development-book-volume-1-1011-1083,1066,1066106700,Primary & Secondary Schools Infrastructure Improvement IV.,1066106740,Shabwali Primary,gross,,Gross,2255000,0,0,0,0,0,471,yes
fy-2026-27-development-book-volume-1-1011-1083,1066,1066106700,Primary & Secondary Schools Infrastructure Improvement IV.,1066106740,Shabwali Primary,net,,Net,2255000,0,0,0,0,0,471,yes
fy-2026-27-development-book-volume-1-1011-1083,1066,1066106700,Primary & Secondary Schools Infrastructure Improvement IV.,1066106741,Siaya Township Primary School,gross,,Gross,2755000,0,0,0,0,0,471,yes
fy-2026-27-development-book-volume-1-1011-1083,1066,1066106700,Primary & Secondary Schools Infrastructure Improvement IV.,1066106741,Siaya Township Primary School,net,,Net,2755000,0,0,0,0,0,471,yes
fy-2026-27-development-book-volume-1-1011-1083,1066,1066106700,Primary & Secondary Schools Infrastructure Improvement IV.,1066106742,Sidok Primary School,gross,,Gross,2755000,0,0,0,0,0,471,yes
fy-2026-27-development-book-volume-1-1011-1083,1066,1066106700,Primary & Secondary Schools Infrastructure Improvement IV.,1066106742,Sidok Primary School,net,,Net,2755000,0,0,0,0,0,471,yes
fy-2026-27-development-book-volume-1-1011-1083,1066,1066106700,Primary & Secondary Schools Infrastructure Improvement IV.,1066106743,Simakina Comprehensive School,gross,,Gross,2255000,0,0,0,0,0,472,yes
fy-2026-27-development-book-volume-1-1011-1083,1066,1066106700,Primary & Secondary Schools Infrastructure Improvement IV.,1066106743,Simakina Comprehensive School,net,,Net,2255000,0,0,0,0,0,472,yes
fy-2026-27-development-book-volume-1-1011-1083,1066,1066106700,Primary & Secondary Schools Infrastructure Improvement IV.,1066106744,St Mathew Maraba Primary,gross,,Gross,1755000,0,0,0,0,0,472,yes
fy-2026-27-development-book-volume-1-1011-1083,1066,1066106700,Primary & Secondary Schools Infrastructure Improvement IV.,1066106744,St Mathew Maraba Primary,net,,Net,1755000,0,0,0,0,0,472,yes
fy-2026-27-development-book-volume-1-1011-1083,1066,1066106700,Primary & Secondary Schools Infrastructure Improvement IV.,1066106745,St Paul Kibisem JS Primary,gross,,Gross,1755000,0,0,0,0,0,472,yes
fy-2026-27-development-book-volume-1-1011-1083,1066,1066106700,Primary & Secondary Schools Infrastructure Improvement IV.,1066106745,St Paul Kibisem JS Primary,net,,Net,1755000,0,0,0,0,0,472,yes
fy-2026-27-development-book-volume-1-1011-1083,1066,1066106700,Primary & Secondary Schools Infrastructure Improvement IV.,1066106746,St Peter Kaplamaiywo JS Primary,gross,,Gross,2255000,0,0,0,0,0,472,yes
fy-2026-27-development-book-volume-1-1011-1083,1066,1066106700,Primary & Secondary Schools Infrastructure Improvement IV.,1066106746,St Peter Kaplamaiywo JS Primary,net,,Net,2255000,0,0,0,0,0,472,yes
fy-2026-27-development-book-volume-1-1011-1083,1066,1066106700,Primary & Secondary Schools Infrastructure Improvement IV.,1066106747,St. John Primary,gross,,Gross,2255000,0,0,0,0,0,472,yes
fy-2026-27-development-book-volume-1-1011-1083,1066,1066106700,Primary & Secondary Schools Infrastructure Improvement IV.,1066106747,St. John Primary,net,,Net,2255000,0,0,0,0,0,472,yes
fy-2026-27-development-book-volume-1-1011-1083,1066,1066106700,Primary & Secondary Schools Infrastructure Improvement IV.,1066106748,The Salvation Army Soysambu Primary School,gross,,Gross,4000000,0,0,0,0,0,473,yes
fy-2026-27-development-book-volume-1-1011-1083,1066,1066106700,Primary & Secondary Schools Infrastructure Improvement IV.,1066106748,The Salvation Army Soysambu Primary School,net,,Net,4000000,0,0,0,0,0,473,yes
fy-2026-27-development-book-volume-1-1011-1083,1066,1066106700,Primary & Secondary Schools Infrastructure Improvement IV.,1066106749,Tiloi Primary,gross,,Gross,2255000,0,0,0,0,0,473,yes
fy-2026-27-development-book-volume-1-1011-1083,1066,1066106700,Primary & Secondary Schools Infrastructure Improvement IV.,1066106749,Tiloi Primary,net,,Net,2255000,0,0,0,0,0,473,yes
fy-2026-27-development-book-volume-1-1011-1083,1066,1066106700,Primary & Secondary Schools Infrastructure Improvement IV.,1066106750,Tulwap Primary School,gross,,Gross,2255000,0,0,0,0,0,473,yes
fy-2026-27-development-book-volume-1-1011-1083,1066,1066106700,Primary & Secondary Schools Infrastructure Improvement IV.,1066106750,Tulwap Primary School,net,,Net,2255000,0,0,0,0,0,473,yes
fy-2026-27-development-book-volume-1-1011-1083,1066,1066106700,Primary & Secondary Schools Infrastructure Improvement IV.,1066106751,Umala Primary School,gross,,Gross,2755000,0,0,0,0,0,473,yes
fy-2026-27-development-book-volume-1-1011-1083,1066,1066106700,Primary & Secondary Schools Infrastructure Improvement IV.,1066106751,Umala Primary School,net,,Net,2755000,0,0,0,0,0,473,yes
fy-2026-27-development-book-volume-1-1011-1083,1066,1066106700,Primary & Secondary Schools Infrastructure Improvement IV.,1066106752,Uyoma Kobare Primary School,gross,,Gross,2755000,0,0,0,0,0,473,yes
fy-2026-27-development-book-volume-1-1011-1083,1066,1066106700,Primary & Secondary Schools Infrastructure Improvement IV.,1066106752,Uyoma Kobare Primary School,net,,Net,2755000,0,0,0,0,0,473,yes
fy-2026-27-development-book-volume-1-1011-1083,1066,1066106700,Primary & Secondary Schools Infrastructure Improvement IV.,1066106753,Wacholi Primary School,gross,,Gross,5000000,0,0,0,0,0,474,yes
fy-2026-27-development-book-volume-1-1011-1083,1066,1066106700,Primary & Secondary Schools Infrastructure Improvement IV.,1066106753,Wacholi Primary School,net,,Net,5000000,0,0,0,0,0,474,yes
fy-2026-27-development-book-volume-1-1011-1083,1066,1066106700,Primary & Secondary Schools Infrastructure Improvement IV.,1066106754,ACK Kapkoimur Secondary,gross,,Gross,2616600,0,0,0,0,0,474,yes
fy-2026-27-development-book-volume-1-1011-1083,1066,1066106700,Primary & Secondary Schools Infrastructure Improvement IV.,1066106754,ACK Kapkoimur Secondary,net,,Net,2616600,0,0,0,0,0,474,yes
fy-2026-27-development-book-volume-1-1011-1083,1066,1066106700,Primary & Secondary Schools Infrastructure Improvement IV.,1066106755,Aic Chepkemei Secondary,gross,,Gross,2616600,0,0,0,0,0,474,yes
fy-2026-27-development-book-volume-1-1011-1083,1066,1066106700,Primary & Secondary Schools Infrastructure Improvement IV.,1066106755,Aic Chepkemei Secondary,net,,Net,2616600,0,0,0,0,0,474,yes
fy-2026-27-development-book-volume-1-1011-1083,1066,1066106700,Primary & Secondary Schools Infrastructure Improvement IV.,1066106756,Borehole 11 Mixed Secondary,gross,,Gross,4576600,0,0,0,0,0,474,yes
fy-2026-27-development-book-volume-1-1011-1083,1066,1066106700,Primary & Secondary Schools Infrastructure Improvement IV.,1066106756,Borehole 11 Mixed Secondary,net,,Net,4576600,0,0,0,0,0,474,yes
fy-2026-27-development-book-volume-1-1011-1083,1066,1066106700,Primary & Secondary Schools Infrastructure Improvement IV.,1066106757,Charity Secondary School,gross,,Gross,2616600,0,0,0,0,0,474,yes
fy-2026-27-development-book-volume-1-1011-1083,1066,1066106700,Primary & Secondary Schools Infrastructure Improvement IV.,1066106757,Charity Secondary School,net,,Net,2616600,0,0,0,0,0,474,yes
fy-2026-27-development-book-volume-1-1011-1083,1066,1066106700,Primary & Secondary Schools Infrastructure Improvement IV.,1066106758,Chebirbelek Secondary,gross,,Gross,2616600,0,0,0,0,0,475,yes
fy-2026-27-development-book-volume-1-1011-1083,1066,1066106700,Primary & Secondary Schools Infrastructure Improvement IV.,1066106758,Chebirbelek Secondary,net,,Net,2616600,0,0,0,0,0,475,yes
fy-2026-27-development-book-volume-1-1011-1083,1066,1066106700,Primary & Secondary Schools Infrastructure Improvement IV.,1066106759,Cheburbur Secondary,gross,,Gross,4576600,0,0,0,0,0,475,yes
fy-2026-27-development-book-volume-1-1011-1083,1066,1066106700,Primary & Secondary Schools Infrastructure Improvement IV.,1066106759,Cheburbur Secondary,net,,Net,4576600,0,0,0,0,0,475,yes
fy-2026-27-development-book-volume-1-1011-1083,1066,1066106700,Primary & Secondary Schools Infrastructure Improvement IV.,1066106760,Chemalal Secondary,gross,,Gross,4576600,0,0,0,0,0,475,yes
fy-2026-27-development-book-volume-1-1011-1083,1066,1066106700,Primary & Secondary Schools Infrastructure Improvement IV.,1066106760,Chemalal Secondary,net,,Net,4576600,0,0,0,0,0,475,yes
fy-2026-27-development-book-volume-1-1011-1083,1066,1066106700,Primary & Secondary Schools Infrastructure Improvement IV.,1066106761,Chemkengen Secondary School,gross,,Gross,2616600,0,0,0,0,0,475,yes
fy-2026-27-development-book-volume-1-1011-1083,1066,1066106700,Primary & Secondary Schools Infrastructure Improvement IV.,1066106761,Chemkengen Secondary School,net,,Net,2616600,0,0,0,0,0,475,yes
fy-2026-27-development-book-volume-1-1011-1083,1066,1066106700,Primary & Secondary Schools Infrastructure Improvement IV.,1066106762,Chemundu Secondary,gross,,Gross,4576600,0,0,0,0,0,475,yes
fy-2026-27-development-book-volume-1-1011-1083,1066,1066106700,Primary & Secondary Schools Infrastructure Improvement IV.,1066106762,Chemundu Secondary,net,,Net,4576600,0,0,0,0,0,475,yes
fy-2026-27-development-book-volume-1-1011-1083,1066,1066106700,Primary & Secondary Schools Infrastructure Improvement IV.,1066106763,Cheplelachbei Secondary,gross,,Gross,2616600,0,0,0,0,0,476,yes
fy-2026-27-development-book-volume-1-1011-1083,1066,1066106700,Primary & Secondary Schools Infrastructure Improvement IV.,1066106763,Cheplelachbei Secondary,net,,Net,2616600,0,0,0,0,0,476,yes
fy-2026-27-development-book-volume-1-1011-1083,1066,1066106700,Primary & Secondary Schools Infrastructure Improvement IV.,1066106764,Chepterwai Girls Secondary,gross,,Gross,4576600,0,0,0,0,0,476,yes
fy-2026-27-development-book-volume-1-1011-1083,1066,1066106700,Primary & Secondary Schools Infrastructure Improvement IV.,1066106764,Chepterwai Girls Secondary,net,,Net,4576600,0,0,0,0,0,476,yes
fy-2026-27-development-book-volume-1-1011-1083,1066,1066106700,Primary & Secondary Schools Infrastructure Improvement IV.,1066106765,Ciada High School,gross,,Gross,3596600,0,0,0,0,0,476,yes
fy-2026-27-development-book-volume-1-1011-1083,1066,1066106700,Primary & Secondary Schools Infrastructure Improvement IV.,1066106765,Ciada High School,net,,Net,3596600,0,0,0,0,0,476,yes
fy-2026-27-development-book-volume-1-1011-1083,1066,1066106700,Primary & Secondary Schools Infrastructure Improvement IV.,1066106766,Dennis Obara,gross,,Gross,4576600,0,0,0,0,0,476,yes
fy-2026-27-development-book-volume-1-1011-1083,1066,1066106700,Primary & Secondary Schools Infrastructure Improvement IV.,1066106766,Dennis Obara,net,,Net,4576600,0,0,0,0,0,476,yes
fy-2026-27-development-book-volume-1-1011-1083,1066,1066106700,Primary & Secondary Schools Infrastructure Improvement IV.,1066106767,Ebusakami Girls Secondary,gross,,Gross,4576600,0,0,0,0,0,476,yes
fy-2026-27-development-book-volume-1-1011-1083,1066,1066106700,Primary & Secondary Schools Infrastructure Improvement IV.,1066106767,Ebusakami Girls Secondary,net,,Net,4576600,0,0,0,0,0,476,yes
fy-2026-27-development-book-volume-1-1011-1083,1066,1066106700,Primary & Secondary Schools Infrastructure Improvement IV.,1066106768,Ebwali Secondary,gross,,Gross,4576600,0,0,0,0,0,477,yes
fy-2026-27-development-book-volume-1-1011-1083,1066,1066106700,Primary & Secondary Schools Infrastructure Improvement IV.,1066106768,Ebwali Secondary,net,,Net,4576600,0,0,0,0,0,477,yes
fy-2026-27-development-book-volume-1-1011-1083,1066,1066106700,Primary & Secondary Schools Infrastructure Improvement IV.,1066106769,Ekambuli Secondary School,gross,,Gross,3596600,0,0,0,0,0,477,yes
fy-2026-27-development-book-volume-1-1011-1083,1066,1066106700,Primary & Secondary Schools Infrastructure Improvement IV.,1066106769,Ekambuli Secondary School,net,,Net,3596600,0,0,0,0,0,477,yes
fy-2026-27-development-book-volume-1-1011-1083,1066,1066106700,Primary & Secondary Schools Infrastructure Improvement IV.,1066106770,ELCK Terero Girls Secondary School Ptoyo,gross,,Gross,3596600,0,0,0,0,0,477,yes
fy-2026-27-development-book-volume-1-1011-1083,1066,1066106700,Primary & Secondary Schools Infrastructure Improvement IV.,1066106770,ELCK Terero Girls Secondary School Ptoyo,net,,Net,3596600,0,0,0,0,0,477,yes
fy-2026-27-development-book-volume-1-1011-1083,1066,1066106700,Primary & Secondary Schools Infrastructure Improvement IV.,1066106771,Eldas Girls Secondary School,gross,,Gross,3596600,0,0,0,0,0,477,yes
fy-2026-27-development-book-volume-1-1011-1083,1066,1066106700,Primary & Secondary Schools Infrastructure Improvement IV.,1066106771,Eldas Girls Secondary School,net,,Net,3596600,0,0,0,0,0,477,yes
fy-2026-27-development-book-volume-1-1011-1083,1066,1066106700,Primary & Secondary Schools Infrastructure Improvement IV.,1066106772,Embosos Secondary,gross,,Gross,2616600,0,0,0,0,0,477,yes
fy-2026-27-development-book-volume-1-1011-1083,1066,1066106700,Primary & Secondary Schools Infrastructure Improvement IV.,1066106772,Embosos Secondary,net,,Net,2616600,0,0,0,0,0,477,yes
fy-2026-27-development-book-volume-1-1011-1083,1066,1066106700,Primary & Secondary Schools Infrastructure Improvement IV.,1066106773,Entiyani Secondary School,gross,,Gross,3596600,0,0,0,0,0,478,yes
fy-2026-27-development-book-volume-1-1011-1083,1066,1066106700,Primary & Secondary Schools Infrastructure Improvement IV.,1066106773,Entiyani Secondary School,net,,Net,3596600,0,0,0,0,0,478,yes
fy-2026-27-development-book-volume-1-1011-1083,1066,1066106700,Primary & Secondary Schools Infrastructure Improvement IV.,1066106774,Gatero Girls High School,gross,,Gross,3596600,0,0,0,0,0,478,yes
fy-2026-27-development-book-volume-1-1011-1083,1066,1066106700,Primary & Secondary Schools Infrastructure Improvement IV.,1066106774,Gatero Girls High School,net,,Net,3596600,0,0,0,0,0,478,yes
fy-2026-27-development-book-volume-1-1011-1083,1066,1066106700,Primary & Secondary Schools Infrastructure Improvement IV.,1066106775,Gitige Secondary School,gross,,Gross,3596600,0,0,0,0,0,478,yes
fy-2026-27-development-book-volume-1-1011-1083,1066,1066106700,Primary & Secondary Schools Infrastructure Improvement IV.,1066106775,Gitige Secondary School,net,,Net,3596600,0,0,0,0,0,478,yes
fy-2026-27-development-book-volume-1-1011-1083,1066,1066106700,Primary & Secondary Schools Infrastructure Improvement IV.,1066106776,Hashaka Secondary School,gross,,Gross,3596600,0,0,0,0,0,478,yes
fy-2026-27-development-book-volume-1-1011-1083,1066,1066106700,Primary & Secondary Schools Infrastructure Improvement IV.,1066106776,Hashaka Secondary School,net,,Net,3596600,0,0,0,0,0,478,yes
fy-2026-27-development-book-volume-1-1011-1083,1066,1066106700,Primary & Secondary Schools Infrastructure Improvement IV.,1066106777,Hill Crest Secondary,gross,,Gross,2616600,0,0,0,0,0,478,yes
fy-2026-27-development-book-volume-1-1011-1083,1066,1066106700,Primary & Secondary Schools Infrastructure Improvement IV.,1066106777,Hill Crest Secondary,net,,Net,2616600,0,0,0,0,0,478,yes
fy-2026-27-development-book-volume-1-1011-1083,1066,1066106700,Primary & Secondary Schools Infrastructure Improvement IV.,1066106778,Hobunaka Girls,gross,,Gross,4576600,0,0,0,0,0,479,yes
fy-2026-27-development-book-volume-1-1011-1083,1066,1066106700,Primary & Secondary Schools Infrastructure Improvement IV.,1066106778,Hobunaka Girls,net,,Net,4576600,0,0,0,0,0,479,yes
fy-2026-27-development-book-volume-1-1011-1083,1066,1066106700,Primary & Secondary Schools Infrastructure Improvement IV.,1066106779,Ibanja Secondary,gross,,Gross,4576600,0,0,0,0,0,479,yes
fy-2026-27-development-book-volume-1-1011-1083,1066,1066106700,Primary & Secondary Schools Infrastructure Improvement IV.,1066106779,Ibanja Secondary,net,,Net,4576600,0,0,0,0,0,479,yes
fy-2026-27-development-book-volume-1-1011-1083,1066,1066106700,Primary & Secondary Schools Infrastructure Improvement IV.,1066106780,Imalaba Secondary School,gross,,Gross,2616600,0,0,0,0,0,479,yes
fy-2026-27-development-book-volume-1-1011-1083,1066,1066106700,Primary & Secondary Schools Infrastructure Improvement IV.,1066106780,Imalaba Secondary School,net,,Net,2616600,0,0,0,0,0,479,yes
fy-2026-27-development-book-volume-1-1011-1083,1066,1066106700,Primary & Secondary Schools Infrastructure Improvement IV.,1066106781,Ingilot Secondary School,gross,,Gross,2616600,0,0,0,0,0,479,yes
fy-2026-27-development-book-volume-1-1011-1083,1066,1066106700,Primary & Secondary Schools Infrastructure Improvement IV.,1066106781,Ingilot Secondary School,net,,Net,2616600,0,0,0,0,0,479,yes
fy-2026-27-development-book-volume-1-1011-1083,1066,1066106700,Primary & Secondary Schools Infrastructure Improvement IV.,1066106782,Inungo Secondary School,gross,,Gross,3596600,0,0,0,0,0,479,yes
fy-2026-27-development-book-volume-1-1011-1083,1066,1066106700,Primary & Secondary Schools Infrastructure Improvement IV.,1066106782,Inungo Secondary School,net,,Net,3596600,0,0,0,0,0,479,yes
fy-2026-27-development-book-volume-1-1011-1083,1066,1066106700,Primary & Secondary Schools Infrastructure Improvement IV.,1066106783,Itibo Boys High School,gross,,Gross,3596600,0,0,0,0,0,480,yes
fy-2026-27-development-book-volume-1-1011-1083,1066,1066106700,Primary & Secondary Schools Infrastructure Improvement IV.,1066106783,Itibo Boys High School,net,,Net,3596600,0,0,0,0,0,480,yes
fy-2026-27-development-book-volume-1-1011-1083,1066,1066106700,Primary & Secondary Schools Infrastructure Improvement IV.,1066106784,Itigo Girls Secondary,gross,,Gross,4576600,0,0,0,0,0,480,yes
fy-2026-27-development-book-volume-1-1011-1083,1066,1066106700,Primary & Secondary Schools Infrastructure Improvement IV.,1066106784,Itigo Girls Secondary,net,,Net,4576600,0,0,0,0,0,480,yes
fy-2026-27-development-book-volume-1-1011-1083,1066,1066106700,Primary & Secondary Schools Infrastructure Improvement IV.,1066106785,Kabolebo Secondary,gross,,Gross,4576600,0,0,0,0,0,480,yes
fy-2026-27-development-book-volume-1-1011-1083,1066,1066106700,Primary & Secondary Schools Infrastructure Improvement IV.,1066106785,Kabolebo Secondary,net,,Net,4576600,0,0,0,0,0,480,yes
fy-2026-27-development-book-volume-1-1011-1083,1066,1066106700,Primary & Secondary Schools Infrastructure Improvement IV.,1066106786,Kabwareng Secondary,gross,,Gross,2616600,0,0,0,0,0,480,yes
fy-2026-27-development-book-volume-1-1011-1083,1066,1066106700,Primary & Secondary Schools Infrastructure Improvement IV.,1066106786,Kabwareng Secondary,net,,Net,2616600,0,0,0,0,0,480,yes
fy-2026-27-development-book-volume-1-1011-1083,1066,1066106700,Primary & Secondary Schools Infrastructure Improvement IV.,1066106787,Kalyet Secondary School,gross,,Gross,2616600,0,0,0,0,0,480,yes
fy-2026-27-development-book-volume-1-1011-1083,1066,1066106700,Primary & Secondary Schools Infrastructure Improvement IV.,1066106787,Kalyet Secondary School,net,,Net,2616600,0,0,0,0,0,480,yes
fy-2026-27-development-book-volume-1-1011-1083,1066,1066106700,Primary & Secondary Schools Infrastructure Improvement IV.,1066106788,Kamuiru Comprehensive School Infrastructure,gross,,Gross,5000000,0,0,0,0,0,481,yes
fy-2026-27-development-book-volume-1-1011-1083,1066,1066106700,Primary & Secondary Schools Infrastructure Improvement IV.,1066106788,Kamuiru Comprehensive School Infrastructure,net,,Net,5000000,0,0,0,0,0,481,yes
fy-2026-27-development-book-volume-1-1011-1083,1066,1066106700,Primary & Secondary Schools Infrastructure Improvement IV.,1066106789,Kapkenyeloi Secondary,gross,,Gross,2616600,0,0,0,0,0,481,yes
fy-2026-27-development-book-volume-1-1011-1083,1066,1066106700,Primary & Secondary Schools Infrastructure Improvement IV.,1066106789,Kapkenyeloi Secondary,net,,Net,2616600,0,0,0,0,0,481,yes
fy-2026-27-development-book-volume-1-1011-1083,1066,1066106700,Primary & Secondary Schools Infrastructure Improvement IV.,1066106790,Kapkoigaa Girls Multipurpose Hall,gross,,Gross,5000000,0,0,0,0,0,481,yes
fy-2026-27-development-book-volume-1-1011-1083,1066,1066106700,Primary & Secondary Schools Infrastructure Improvement IV.,1066106790,Kapkoigaa Girls Multipurpose Hall,net,,Net,5000000,0,0,0,0,0,481,yes
fy-2026-27-development-book-volume-1-1011-1083,1066,1066106700,Primary & Secondary Schools Infrastructure Improvement IV.,1066106791,Kapkondoo Secondary School,gross,,Gross,2616600,0,0,0,0,0,481,yes
fy-2026-27-development-book-volume-1-1011-1083,1066,1066106700,Primary & Secondary Schools Infrastructure Improvement IV.,1066106791,Kapkondoo Secondary School,net,,Net,2616600,0,0,0,0,0,481,yes
fy-2026-27-development-book-volume-1-1011-1083,1066,1066106700,Primary & Secondary Schools Infrastructure Improvement IV.,1066106792,Kaplolo Secondary School,gross,,Gross,4576600,0,0,0,0,0,481,yes
fy-2026-27-development-book-volume-1-1011-1083,1066,1066106700,Primary & Secondary Schools Infrastructure Improvement IV.,1066106792,Kaplolo Secondary School,net,,Net,4576600,0,0,0,0,0,481,yes
fy-2026-27-development-book-volume-1-1011-1083,1066,1066106700,Primary & Secondary Schools Infrastructure Improvement IV.,1066106793,Karichu Day Secondary,gross,,Gross,4576600,0,0,0,0,0,482,yes
fy-2026-27-development-book-volume-1-1011-1083,1066,1066106700,Primary & Secondary Schools Infrastructure Improvement IV.,1066106793,Karichu Day Secondary,net,,Net,4576600,0,0,0,0,0,482,yes
fy-2026-27-development-book-volume-1-1011-1083,1066,1066106700,Primary & Secondary Schools Infrastructure Improvement IV.,1066106794,Kathaka Secondary,gross,,Gross,2616600,0,0,0,0,0,482,yes
fy-2026-27-development-book-volume-1-1011-1083,1066,1066106700,Primary & Secondary Schools Infrastructure Improvement IV.,1066106794,Kathaka Secondary,net,,Net,2616600,0,0,0,0,0,482,yes
fy-2026-27-development-book-volume-1-1011-1083,1066,1066106700,Primary & Secondary Schools Infrastructure Improvement IV.,1066106795,Kenyerere Pag Secondary School,gross,,Gross,4576600,0,0,0,0,0,482,yes
fy-2026-27-development-book-volume-1-1011-1083,1066,1066106700,Primary & Secondary Schools Infrastructure Improvement IV.,1066106795,Kenyerere Pag Secondary School,net,,Net,4576600,0,0,0,0,0,482,yes
fy-2026-27-development-book-volume-1-1011-1083,1066,1066106700,Primary & Secondary Schools Infrastructure Improvement IV.,1066106796,Kiandangae Secondary,gross,,Gross,2616600,0,0,0,0,0,482,yes
fy-2026-27-development-book-volume-1-1011-1083,1066,1066106700,Primary & Secondary Schools Infrastructure Improvement IV.,1066106796,Kiandangae Secondary,net,,Net,2616600,0,0,0,0,0,482,yes
fy-2026-27-development-book-volume-1-1011-1083,1066,1066106700,Primary & Secondary Schools Infrastructure Improvement IV.,1066106797,Kilgoris Girls Secondary School,gross,,Gross,3596600,0,0,0,0,0,482,yes
fy-2026-27-development-book-volume-1-1011-1083,1066,1066106700,Primary & Secondary Schools Infrastructure Improvement IV.,1066106797,Kilgoris Girls Secondary School,net,,Net,3596600,0,0,0,0,0,482,yes
fy-2026-27-development-book-volume-1-1011-1083,1066,1066106700,Primary & Secondary Schools Infrastructure Improvement IV.,1066106798,Kimoning Secondary School,gross,,Gross,4576600,0,0,0,0,0,483,yes
fy-2026-27-development-book-volume-1-1011-1083,1066,1066106700,Primary & Secondary Schools Infrastructure Improvement IV.,1066106798,Kimoning Secondary School,net,,Net,4576600,0,0,0,0,0,483,yes
fy-2026-27-development-book-volume-1-1011-1083,1066,1066106700,Primary & Secondary Schools Infrastructure Improvement IV.,1066106799,Kimonio Secondary School,gross,,Gross,2616600,0,0,0,0,0,483,yes
fy-2026-27-development-book-volume-1-1011-1083,1066,1066106700,Primary & Secondary Schools Infrastructure Improvement IV.,1066106799,Kimonio Secondary School,net,,Net,2616600,0,0,0,0,0,483,yes
fy-2026-27-development-book-volume-1-1011-1083,1066,1066106800,Primary & Secondary Schools Infrastructure Improvement V.,1066106801,Kimwani Secondary,gross,,Gross,9476600,0,0,0,0,0,483,yes
fy-2026-27-development-book-volume-1-1011-1083,1066,1066106800,Primary & Secondary Schools Infrastructure Improvement V.,1066106801,Kimwani Secondary,net,,Net,9476600,0,0,0,0,0,483,yes
fy-2026-27-development-book-volume-1-1011-1083,1066,1066106800,Primary & Secondary Schools Infrastructure Improvement V.,1066106802,Kinyach Secondary,gross,,Gross,4576600,0,0,0,0,0,483,yes
fy-2026-27-development-book-volume-1-1011-1083,1066,1066106800,Primary & Secondary Schools Infrastructure Improvement V.,1066106802,Kinyach Secondary,net,,Net,4576600,0,0,0,0,0,483,yes
fy-2026-27-development-book-volume-1-1011-1083,1066,1066106800,Primary & Secondary Schools Infrastructure Improvement V.,1066106803,Kiptenden Secondary School,gross,,Gross,2616600,0,0,0,0,0,484,yes
fy-2026-27-development-book-volume-1-1011-1083,1066,1066106800,Primary & Secondary Schools Infrastructure Improvement V.,1066106803,Kiptenden Secondary School,net,,Net,2616600,0,0,0,0,0,484,yes
fy-2026-27-development-book-volume-1-1011-1083,1066,1066106800,Primary & Secondary Schools Infrastructure Improvement V.,1066106804,Kirisia Boys High School,gross,,Gross,1636600,0,0,0,0,0,484,yes
fy-2026-27-development-book-volume-1-1011-1083,1066,1066106800,Primary & Secondary Schools Infrastructure Improvement V.,1066106804,Kirisia Boys High School,net,,Net,1636600,0,0,0,0,0,484,yes
fy-2026-27-development-book-volume-1-1011-1083,1066,1066106800,Primary & Secondary Schools Infrastructure Improvement V.,1066106805,Koiban Secondary,gross,,Gross,2616600,0,0,0,0,0,484,yes
fy-2026-27-development-book-volume-1-1011-1083,1066,1066106800,Primary & Secondary Schools Infrastructure Improvement V.,1066106805,Koiban Secondary,net,,Net,2616600,0,0,0,0,0,484,yes
fy-2026-27-development-book-volume-1-1011-1083,1066,1066106800,Primary & Secondary Schools Infrastructure Improvement V.,1066106806,Kore Model Mixed Secondary,gross,,Gross,4576600,0,0,0,0,0,484,yes
fy-2026-27-development-book-volume-1-1011-1083,1066,1066106800,Primary & Secondary Schools Infrastructure Improvement V.,1066106806,Kore Model Mixed Secondary,net,,Net,4576600,0,0,0,0,0,484,yes
fy-2026-27-development-book-volume-1-1011-1083,1066,1066106800,Primary & Secondary Schools Infrastructure Improvement V.,1066106807,Kubwe Mixed Secondary Boys,gross,,Gross,3596600,0,0,0,0,0,484,yes
fy-2026-27-development-book-volume-1-1011-1083,1066,1066106800,Primary & Secondary Schools Infrastructure Improvement V.,1066106807,Kubwe Mixed Secondary Boys,net,,Net,3596600,0,0,0,0,0,484,yes
fy-2026-27-development-book-volume-1-1011-1083,1066,1066106800,Primary & Secondary Schools Infrastructure Improvement V.,1066106808,Kuikui Secondary,gross,,Gross,4576600,0,0,0,0,0,485,yes
fy-2026-27-development-book-volume-1-1011-1083,1066,1066106800,Primary & Secondary Schools Infrastructure Improvement V.,1066106808,Kuikui Secondary,net,,Net,4576600,0,0,0,0,0,485,yes
fy-2026-27-development-book-volume-1-1011-1083,1066,1066106800,Primary & Secondary Schools Infrastructure Improvement V.,1066106809,Kuywa Girls Secondary School,gross,,Gross,7840000,0,0,0,0,0,485,yes
fy-2026-27-development-book-volume-1-1011-1083,1066,1066106800,Primary & Secondary Schools Infrastructure Improvement V.,1066106809,Kuywa Girls Secondary School,net,,Net,7840000,0,0,0,0,0,485,yes
fy-2026-27-development-book-volume-1-1011-1083,1066,1066106800,Primary & Secondary Schools Infrastructure Improvement V.,1066106810,Lafey Boys Secondary School,gross,,Gross,3596600,0,0,0,0,0,485,yes
fy-2026-27-development-book-volume-1-1011-1083,1066,1066106800,Primary & Secondary Schools Infrastructure Improvement V.,1066106810,Lafey Boys Secondary School,net,,Net,3596600,0,0,0,0,0,485,yes
fy-2026-27-development-book-volume-1-1011-1083,1066,1066106800,Primary & Secondary Schools Infrastructure Improvement V.,1066106811,Langalanga Secondary,gross,,Gross,2616600,0,0,0,0,0,485,yes
fy-2026-27-development-book-volume-1-1011-1083,1066,1066106800,Primary & Secondary Schools Infrastructure Improvement V.,1066106811,Langalanga Secondary,net,,Net,2616600,0,0,0,0,0,485,yes
fy-2026-27-development-book-volume-1-1011-1083,1066,1066106800,Primary & Secondary Schools Infrastructure Improvement V.,1066106812,Lirhembe Girls Secondary School,gross,,Gross,2616600,0,0,0,0,0,485,yes
fy-2026-27-development-book-volume-1-1011-1083,1066,1066106800,Primary & Secondary Schools Infrastructure Improvement V.,1066106812,Lirhembe Girls Secondary School,net,,Net,2616600,0,0,0,0,0,485,yes
fy-2026-27-development-book-volume-1-1011-1083,1066,1066106800,Primary & Secondary Schools Infrastructure Improvement V.,1066106813,Logologo Girls High School,gross,,Gross,3596600,0,0,0,0,0,486,yes
fy-2026-27-development-book-volume-1-1011-1083,1066,1066106800,Primary & Secondary Schools Infrastructure Improvement V.,1066106813,Logologo Girls High School,net,,Net,3596600,0,0,0,0,0,486,yes
fy-2026-27-development-book-volume-1-1011-1083,1066,1066106800,Primary & Secondary Schools Infrastructure Improvement V.,1066106814,Lorngoswa Secondary School,gross,,Gross,2616600,0,0,0,0,0,486,yes
fy-2026-27-development-book-volume-1-1011-1083,1066,1066106800,Primary & Secondary Schools Infrastructure Improvement V.,1066106814,Lorngoswa Secondary School,net,,Net,2616600,0,0,0,0,0,486,yes
fy-2026-27-development-book-volume-1-1011-1083,1066,1066106800,Primary & Secondary Schools Infrastructure Improvement V.,1066106815,Lower Kihara Comprehensive School Infrastructure,gross,,Gross,5000000,0,0,0,0,0,486,yes
fy-2026-27-development-book-volume-1-1011-1083,1066,1066106800,Primary & Secondary Schools Infrastructure Improvement V.,1066106815,Lower Kihara Comprehensive School Infrastructure,net,,Net,5000000,0,0,0,0,0,486,yes
fy-2026-27-development-book-volume-1-1011-1083,1066,1066106800,Primary & Secondary Schools Infrastructure Improvement V.,1066106816,Luanda Lugari Secondary,gross,,Gross,3596600,0,0,0,0,0,486,yes
fy-2026-27-development-book-volume-1-1011-1083,1066,1066106800,Primary & Secondary Schools Infrastructure Improvement V.,1066106816,Luanda Lugari Secondary,net,,Net,3596600,0,0,0,0,0,486,yes
fy-2026-27-development-book-volume-1-1011-1083,1066,1066106800,Primary & Secondary Schools Infrastructure Improvement V.,1066106817,Maagonga Secondary School,gross,,Gross,4576600,0,0,0,0,0,486,yes
fy-2026-27-development-book-volume-1-1011-1083,1066,1066106800,Primary & Secondary Schools Infrastructure Improvement V.,1066106817,Maagonga Secondary School,net,,Net,4576600,0,0,0,0,0,486,yes
fy-2026-27-development-book-volume-1-1011-1083,1066,1066106800,Primary & Secondary Schools Infrastructure Improvement V.,1066106818,Makindu Secondary School,gross,,Gross,3596600,0,0,0,0,0,487,yes
fy-2026-27-development-book-volume-1-1011-1083,1066,1066106800,Primary & Secondary Schools Infrastructure Improvement V.,1066106818,Makindu Secondary School,net,,Net,3596600,0,0,0,0,0,487,yes
fy-2026-27-development-book-volume-1-1011-1083,1066,1066106800,Primary & Secondary Schools Infrastructure Improvement V.,1066106819,Manman Secondary,gross,,Gross,2616600,0,0,0,0,0,487,yes
fy-2026-27-development-book-volume-1-1011-1083,1066,1066106800,Primary & Secondary Schools Infrastructure Improvement V.,1066106819,Manman Secondary,net,,Net,2616600,0,0,0,0,0,487,yes
fy-2026-27-development-book-volume-1-1011-1083,1066,1066106800,Primary & Secondary Schools Infrastructure Improvement V.,1066106820,Maralal High School,gross,,Gross,3596600,0,0,0,0,0,487,yes
fy-2026-27-development-book-volume-1-1011-1083,1066,1066106800,Primary & Secondary Schools Infrastructure Improvement V.,1066106820,Maralal High School,net,,Net,3596600,0,0,0,0,0,487,yes
fy-2026-27-development-book-volume-1-1011-1083,1066,1066106800,Primary & Secondary Schools Infrastructure Improvement V.,1066106821,Marigat Boys High School,gross,,Gross,3596600,0,0,0,0,0,487,yes
fy-2026-27-development-book-volume-1-1011-1083,1066,1066106800,Primary & Secondary Schools Infrastructure Improvement V.,1066106821,Marigat Boys High School,net,,Net,3596600,0,0,0,0,0,487,yes
fy-2026-27-development-book-volume-1-1011-1083,1066,1066106800,Primary & Secondary Schools Infrastructure Improvement V.,1066106822,Matumbei Secondary School,gross,,Gross,2616600,0,0,0,0,0,487,yes
fy-2026-27-development-book-volume-1-1011-1083,1066,1066106800,Primary & Secondary Schools Infrastructure Improvement V.,1066106822,Matumbei Secondary School,net,,Net,2616600,0,0,0,0,0,487,yes
fy-2026-27-development-book-volume-1-1011-1083,1066,1066106800,Primary & Secondary Schools Infrastructure Improvement V.,1066106823,Mbaga Secondary Day School,gross,,Gross,3596600,0,0,0,0,0,488,yes
fy-2026-27-development-book-volume-1-1011-1083,1066,1066106800,Primary & Secondary Schools Infrastructure Improvement V.,1066106823,Mbaga Secondary Day School,net,,Net,3596600,0,0,0,0,0,488,yes
fy-2026-27-development-book-volume-1-1011-1083,1066,1066106800,Primary & Secondary Schools Infrastructure Improvement V.,1066106824,Mbagathi Road Secondary School,gross,,Gross,4576600,0,0,0,0,0,488,yes
fy-2026-27-development-book-volume-1-1011-1083,1066,1066106800,Primary & Secondary Schools Infrastructure Improvement V.,1066106824,Mbagathi Road Secondary School,net,,Net,4576600,0,0,0,0,0,488,yes
fy-2026-27-development-book-volume-1-1011-1083,1066,1066106800,Primary & Secondary Schools Infrastructure Improvement V.,1066106825,Meteitei Secondary School,gross,,Gross,4900000,0,0,0,0,0,488,yes
fy-2026-27-development-book-volume-1-1011-1083,1066,1066106800,Primary & Secondary Schools Infrastructure Improvement V.,1066106825,Meteitei Secondary School,net,,Net,4900000,0,0,0,0,0,488,yes
fy-2026-27-development-book-volume-1-1011-1083,1066,1066106800,Primary & Secondary Schools Infrastructure Improvement V.,1066106826,Mghalu High School,gross,,Gross,1636600,0,0,0,0,0,488,yes
fy-2026-27-development-book-volume-1-1011-1083,1066,1066106800,Primary & Secondary Schools Infrastructure Improvement V.,1066106826,Mghalu High School,net,,Net,1636600,0,0,0,0,0,488,yes
fy-2026-27-development-book-volume-1-1011-1083,1066,1066106800,Primary & Secondary Schools Infrastructure Improvement V.,1066106827,Mihango Secondary School,gross,,Gross,3596600,0,0,0,0,0,488,yes
fy-2026-27-development-book-volume-1-1011-1083,1066,1066106800,Primary & Secondary Schools Infrastructure Improvement V.,1066106827,Mihango Secondary School,net,,Net,3596600,0,0,0,0,0,488,yes
fy-2026-27-development-book-volume-1-1011-1083,1066,1066106800,Primary & Secondary Schools Infrastructure Improvement V.,1066106828,Miriri Secondary School,gross,,Gross,4576600,0,0,0,0,0,489,yes
fy-2026-27-development-book-volume-1-1011-1083,1066,1066106800,Primary & Secondary Schools Infrastructure Improvement V.,1066106828,Miriri Secondary School,net,,Net,4576600,0,0,0,0,0,489,yes
fy-2026-27-development-book-volume-1-1011-1083,1066,1066106800,Primary & Secondary Schools Infrastructure Improvement V.,1066106829,Momoniat Secondary School,gross,,Gross,2616600,0,0,0,0,0,489,yes
fy-2026-27-development-book-volume-1-1011-1083,1066,1066106800,Primary & Secondary Schools Infrastructure Improvement V.,1066106829,Momoniat Secondary School,net,,Net,2616600,0,0,0,0,0,489,yes
fy-2026-27-development-book-volume-1-1011-1083,1066,1066106800,Primary & Secondary Schools Infrastructure Improvement V.,1066106830,Morao Secondary School,gross,,Gross,2616600,0,0,0,0,0,489,yes
fy-2026-27-development-book-volume-1-1011-1083,1066,1066106800,Primary & Secondary Schools Infrastructure Improvement V.,1066106830,Morao Secondary School,net,,Net,2616600,0,0,0,0,0,489,yes
fy-2026-27-development-book-volume-1-1011-1083,1066,1066106800,Primary & Secondary Schools Infrastructure Improvement V.,1066106831,Mukutani Secondary,gross,,Gross,2616600,0,0,0,0,0,489,yes
fy-2026-27-development-book-volume-1-1011-1083,1066,1066106800,Primary & Secondary Schools Infrastructure Improvement V.,1066106831,Mukutani Secondary,net,,Net,2616600,0,0,0,0,0,489,yes
fy-2026-27-development-book-volume-1-1011-1083,1066,1066106800,Primary & Secondary Schools Infrastructure Improvement V.,1066106832,Murray Girls,gross,,Gross,1636600,0,0,0,0,0,489,yes
fy-2026-27-development-book-volume-1-1011-1083,1066,1066106800,Primary & Secondary Schools Infrastructure Improvement V.,1066106832,Murray Girls,net,,Net,1636600,0,0,0,0,0,489,yes
fy-2026-27-development-book-volume-1-1011-1083,1066,1066106800,Primary & Secondary Schools Infrastructure Improvement V.,1066106833,Mutumon Secondary,gross,,Gross,9476600,0,0,0,0,0,490,yes
fy-2026-27-development-book-volume-1-1011-1083,1066,1066106800,Primary & Secondary Schools Infrastructure Improvement V.,1066106833,Mutumon Secondary,net,,Net,9476600,0,0,0,0,0,490,yes
fy-2026-27-development-book-volume-1-1011-1083,1066,1066106800,Primary & Secondary Schools Infrastructure Improvement V.,1066106834,Mutwala Girls Secondary Muhoroni,gross,,Gross,3596600,0,0,0,0,0,490,yes
fy-2026-27-development-book-volume-1-1011-1083,1066,1066106800,Primary & Secondary Schools Infrastructure Improvement V.,1066106834,Mutwala Girls Secondary Muhoroni,net,,Net,3596600,0,0,0,0,0,490,yes
fy-2026-27-development-book-volume-1-1011-1083,1066,1066106800,Primary & Secondary Schools Infrastructure Improvement V.,1066106835,Namanze Secondary School,gross,,Gross,2616600,0,0,0,0,0,490,yes
fy-2026-27-development-book-volume-1-1011-1083,1066,1066106800,Primary & Secondary Schools Infrastructure Improvement V.,1066106835,Namanze Secondary School,net,,Net,2616600,0,0,0,0,0,490,yes
fy-2026-27-development-book-volume-1-1011-1083,1066,1066106800,Primary & Secondary Schools Infrastructure Improvement V.,1066106836,Ngano Secondary School,gross,,Gross,3596600,0,0,0,0,0,490,yes
fy-2026-27-development-book-volume-1-1011-1083,1066,1066106800,Primary & Secondary Schools Infrastructure Improvement V.,1066106836,Ngano Secondary School,net,,Net,3596600,0,0,0,0,0,490,yes
fy-2026-27-development-book-volume-1-1011-1083,1066,1066106800,Primary & Secondary Schools Infrastructure Improvement V.,1066106837,Ntaki Day Secondary,gross,,Gross,4576600,0,0,0,0,0,490,yes
fy-2026-27-development-book-volume-1-1011-1083,1066,1066106800,Primary & Secondary Schools Infrastructure Improvement V.,1066106837,Ntaki Day Secondary,net,,Net,4576600,0,0,0,0,0,490,yes
fy-2026-27-development-book-volume-1-1011-1083,1066,1066106800,Primary & Secondary Schools Infrastructure Improvement V.,1066106838,Nthaara Secondary,gross,,Gross,2616600,0,0,0,0,0,491,yes
fy-2026-27-development-book-volume-1-1011-1083,1066,1066106800,Primary & Secondary Schools Infrastructure Improvement V.,1066106838,Nthaara Secondary,net,,Net,2616600,0,0,0,0,0,491,yes
fy-2026-27-development-book-volume-1-1011-1083,1066,1066106800,Primary & Secondary Schools Infrastructure Improvement V.,1066106839,Nyaibasa Secondary School,gross,,Gross,4576600,0,0,0,0,0,491,yes
fy-2026-27-development-book-volume-1-1011-1083,1066,1066106800,Primary & Secondary Schools Infrastructure Improvement V.,1066106839,Nyaibasa Secondary School,net,,Net,4576600,0,0,0,0,0,491,yes
fy-2026-27-development-book-volume-1-1011-1083,1066,1066106800,Primary & Secondary Schools Infrastructure Improvement V.,1066106840,Nyansiongo Boys High School,gross,,Gross,4576600,0,0,0,0,0,491,yes
fy-2026-27-development-book-volume-1-1011-1083,1066,1066106800,Primary & Secondary Schools Infrastructure Improvement V.,1066106840,Nyansiongo Boys High School,net,,Net,4576600,0,0,0,0,0,491,yes
fy-2026-27-development-book-volume-1-1011-1083,1066,1066106800,Primary & Secondary Schools Infrastructure Improvement V.,1066106841,Ogiek Kwanza Secondary School,gross,,Gross,2616600,0,0,0,0,0,491,yes
fy-2026-27-development-book-volume-1-1011-1083,1066,1066106800,Primary & Secondary Schools Infrastructure Improvement V.,1066106841,Ogiek Kwanza Secondary School,net,,Net,2616600,0,0,0,0,0,491,yes
fy-2026-27-development-book-volume-1-1011-1083,1066,1066106800,Primary & Secondary Schools Infrastructure Improvement V.,1066106842,Olmariko Secondary School,gross,,Gross,3596600,0,0,0,0,0,491,yes
fy-2026-27-development-book-volume-1-1011-1083,1066,1066106800,Primary & Secondary Schools Infrastructure Improvement V.,1066106842,Olmariko Secondary School,net,,Net,3596600,0,0,0,0,0,491,yes
fy-2026-27-development-book-volume-1-1011-1083,1066,1066106800,Primary & Secondary Schools Infrastructure Improvement V.,1066106843,Oloontulugum Secondary School,gross,,Gross,2616600,0,0,0,0,0,492,yes
fy-2026-27-development-book-volume-1-1011-1083,1066,1066106800,Primary & Secondary Schools Infrastructure Improvement V.,1066106843,Oloontulugum Secondary School,net,,Net,2616600,0,0,0,0,0,492,yes
fy-2026-27-development-book-volume-1-1011-1083,1066,1066106800,Primary & Secondary Schools Infrastructure Improvement V.,1066106844,Olympic Secondary School,gross,,Gross,4576600,0,0,0,0,0,492,yes
fy-2026-27-development-book-volume-1-1011-1083,1066,1066106800,Primary & Secondary Schools Infrastructure Improvement V.,1066106844,Olympic Secondary School,net,,Net,4576600,0,0,0,0,0,492,yes
fy-2026-27-development-book-volume-1-1011-1083,1066,1066106800,Primary & Secondary Schools Infrastructure Improvement V.,1066106845,Omoche Secondary School,gross,,Gross,3596600,0,0,0,0,0,492,yes
fy-2026-27-development-book-volume-1-1011-1083,1066,1066106800,Primary & Secondary Schools Infrastructure Improvement V.,1066106845,Omoche Secondary School,net,,Net,3596600,0,0,0,0,0,492,yes
fy-2026-27-development-book-volume-1-1011-1083,1066,1066106800,Primary & Secondary Schools Infrastructure Improvement V.,1066106846,Ongata Oloirien Mixed Secondary School,gross,,Gross,3596600,0,0,0,0,0,492,yes
fy-2026-27-development-book-volume-1-1011-1083,1066,1066106800,Primary & Secondary Schools Infrastructure Improvement V.,1066106846,Ongata Oloirien Mixed Secondary School,net,,Net,3596600,0,0,0,0,0,492,yes
fy-2026-27-development-book-volume-1-1011-1083,1066,1066106800,Primary & Secondary Schools Infrastructure Improvement V.,1066106847,Othoro Secondary School,gross,,Gross,4576600,0,0,0,0,0,492,yes
fy-2026-27-development-book-volume-1-1011-1083,1066,1066106800,Primary & Secondary Schools Infrastructure Improvement V.,1066106847,Othoro Secondary School,net,,Net,4576600,0,0,0,0,0,492,yes
fy-2026-27-development-book-volume-1-1011-1083,1066,1066106800,Primary & Secondary Schools Infrastructure Improvement V.,1066106848,Presidential Directive Projects,gross,,Gross,285000000,0,0,0,0,0,493,yes
fy-2026-27-development-book-volume-1-1011-1083,1066,1066106800,Primary & Secondary Schools Infrastructure Improvement V.,1066106848,Presidential Directive Projects,net,,Net,285000000,0,0,0,0,0,493,yes
fy-2026-27-development-book-volume-1-1011-1083,1066,1066106800,Primary & Secondary Schools Infrastructure Improvement V.,1066106849,Ramacha Secondary,gross,,Gross,2616600,0,0,0,0,0,493,yes
fy-2026-27-development-book-volume-1-1011-1083,1066,1066106800,Primary & Secondary Schools Infrastructure Improvement V.,1066106849,Ramacha Secondary,net,,Net,2616600,0,0,0,0,0,493,yes
fy-2026-27-development-book-volume-1-1011-1083,1066,1066106800,Primary & Secondary Schools Infrastructure Improvement V.,1066106850,Ringa Boys School,gross,,Gross,4576600,0,0,0,0,0,493,yes
fy-2026-27-development-book-volume-1-1011-1083,1066,1066106800,Primary & Secondary Schools Infrastructure Improvement V.,1066106850,Ringa Boys School,net,,Net,4576600,0,0,0,0,0,493,yes
fy-2026-27-development-book-volume-1-1011-1083,1066,1066106800,Primary & Secondary Schools Infrastructure Improvement V.,1066106851,Riomanga Secondary School,gross,,Gross,4576600,0,0,0,0,0,493,yes
fy-2026-27-development-book-volume-1-1011-1083,1066,1066106800,Primary & Secondary Schools Infrastructure Improvement V.,1066106851,Riomanga Secondary School,net,,Net,4576600,0,0,0,0,0,493,yes
fy-2026-27-development-book-volume-1-1011-1083,1066,1066106800,Primary & Secondary Schools Infrastructure Improvement V.,1066106852,Sagam Mixed Secondary School,gross,,Gross,3596600,0,0,0,0,0,493,yes
fy-2026-27-development-book-volume-1-1011-1083,1066,1066106800,Primary & Secondary Schools Infrastructure Improvement V.,1066106852,Sagam Mixed Secondary School,net,,Net,3596600,0,0,0,0,0,493,yes
fy-2026-27-development-book-volume-1-1011-1083,1066,1066106800,Primary & Secondary Schools Infrastructure Improvement V.,1066106853,Sagana Secondary,gross,,Gross,2616600,0,0,0,0,0,494,yes
fy-2026-27-development-book-volume-1-1011-1083,1066,1066106800,Primary & Secondary Schools Infrastructure Improvement V.,1066106853,Sagana Secondary,net,,Net,2616600,0,0,0,0,0,494,yes
fy-2026-27-development-book-volume-1-1011-1083,1066,1066106800,Primary & Secondary Schools Infrastructure Improvement V.,1066106854,Samoei Secondary,gross,,Gross,4576600,0,0,0,0,0,494,yes
fy-2026-27-development-book-volume-1-1011-1083,1066,1066106800,Primary & Secondary Schools Infrastructure Improvement V.,1066106854,Samoei Secondary,net,,Net,4576600,0,0,0,0,0,494,yes
fy-2026-27-development-book-volume-1-1011-1083,1066,1066106800,Primary & Secondary Schools Infrastructure Improvement V.,1066106855,Sarwot Secondary,gross,,Gross,9476600,0,0,0,0,0,494,yes
fy-2026-27-development-book-volume-1-1011-1083,1066,1066106800,Primary & Secondary Schools Infrastructure Improvement V.,1066106855,Sarwot Secondary,net,,Net,9476600,0,0,0,0,0,494,yes
fy-2026-27-development-book-volume-1-1011-1083,1066,1066106800,Primary & Secondary Schools Infrastructure Improvement V.,1066106856,Shadrack Kimalel Secondary,gross,,Gross,4576600,0,0,0,0,0,494,yes
fy-2026-27-development-book-volume-1-1011-1083,1066,1066106800,Primary & Secondary Schools Infrastructure Improvement V.,1066106856,Shadrack Kimalel Secondary,net,,Net,4576600,0,0,0,0,0,494,yes
fy-2026-27-development-book-volume-1-1011-1083,1066,1066106800,Primary & Secondary Schools Infrastructure Improvement V.,1066106857,Siaya Township Secondary School,gross,,Gross,18596600,0,0,0,0,0,494,yes
fy-2026-27-development-book-volume-1-1011-1083,1066,1066106800,Primary & Secondary Schools Infrastructure Improvement V.,1066106857,Siaya Township Secondary School,net,,Net,18596600,0,0,0,0,0,494,yes
fy-2026-27-development-book-volume-1-1011-1083,1066,1066106800,Primary & Secondary Schools Infrastructure Improvement V.,1066106858,Sigot Secondary,gross,,Gross,2616600,0,0,0,0,0,495,yes
fy-2026-27-development-book-volume-1-1011-1083,1066,1066106800,Primary & Secondary Schools Infrastructure Improvement V.,1066106858,Sigot Secondary,net,,Net,2616600,0,0,0,0,0,495,yes
fy-2026-27-development-book-volume-1-1011-1083,1066,1066106800,Primary & Secondary Schools Infrastructure Improvement V.,1066106859,St Anne Angorom Secondary,gross,,Gross,4576600,0,0,0,0,0,495,yes
fy-2026-27-development-book-volume-1-1011-1083,1066,1066106800,Primary & Secondary Schools Infrastructure Improvement V.,1066106859,St Anne Angorom Secondary,net,,Net,4576600,0,0,0,0,0,495,yes
fy-2026-27-development-book-volume-1-1011-1083,1066,1066106800,Primary & Secondary Schools Infrastructure Improvement V.,1066106860,St Bridgit Akoreet Special School for the Deaf,gross,,Gross,4576600,0,0,0,0,0,495,yes
fy-2026-27-development-book-volume-1-1011-1083,1066,1066106800,Primary & Secondary Schools Infrastructure Improvement V.,1066106860,St Bridgit Akoreet Special School for the Deaf,net,,Net,4576600,0,0,0,0,0,495,yes
fy-2026-27-development-book-volume-1-1011-1083,1066,1066106800,Primary & Secondary Schools Infrastructure Improvement V.,1066106861,St Brigit Siumbwa Secondary School,gross,,Gross,8496600,0,0,0,0,0,495,yes
fy-2026-27-development-book-volume-1-1011-1083,1066,1066106800,Primary & Secondary Schools Infrastructure Improvement V.,1066106861,St Brigit Siumbwa Secondary School,net,,Net,8496600,0,0,0,0,0,495,yes
fy-2026-27-development-book-volume-1-1011-1083,1066,1066106800,Primary & Secondary Schools Infrastructure Improvement V.,1066106862,St Cecilia Girls Mautuma,gross,,Gross,3596600,0,0,0,0,0,495,yes
fy-2026-27-development-book-volume-1-1011-1083,1066,1066106800,Primary & Secondary Schools Infrastructure Improvement V.,1066106862,St Cecilia Girls Mautuma,net,,Net,3596600,0,0,0,0,0,495,yes
fy-2026-27-development-book-volume-1-1011-1083,1066,1066106800,Primary & Secondary Schools Infrastructure Improvement V.,1066106863,St Francis Majengo Secondary,gross,,Gross,3596600,0,0,0,0,0,496,yes
fy-2026-27-development-book-volume-1-1011-1083,1066,1066106800,Primary & Secondary Schools Infrastructure Improvement V.,1066106863,St Francis Majengo Secondary,net,,Net,3596600,0,0,0,0,0,496,yes
fy-2026-27-development-book-volume-1-1011-1083,1066,1066106800,Primary & Secondary Schools Infrastructure Improvement V.,1066106864,St Francis Wiga Girls Secondary School,gross,,Gross,3596600,0,0,0,0,0,496,yes
fy-2026-27-development-book-volume-1-1011-1083,1066,1066106800,Primary & Secondary Schools Infrastructure Improvement V.,1066106864,St Francis Wiga Girls Secondary School,net,,Net,3596600,0,0,0,0,0,496,yes
fy-2026-27-development-book-volume-1-1011-1083,1066,1066106800,Primary & Secondary Schools Infrastructure Improvement V.,1066106865,St Mary's Namatotoa Secondary School,gross,,Gross,6134800,0,0,0,0,0,496,yes
fy-2026-27-development-book-volume-1-1011-1083,1066,1066106800,Primary & Secondary Schools Infrastructure Improvement V.,1066106865,St Mary's Namatotoa Secondary School,net,,Net,6134800,0,0,0,0,0,496,yes
fy-2026-27-development-book-volume-1-1011-1083,1066,1066106800,Primary & Secondary Schools Infrastructure Improvement V.,1066106866,St Paul Kitum Girls,gross,,Gross,3596600,0,0,0,0,0,496,yes
fy-2026-27-development-book-volume-1-1011-1083,1066,1066106800,Primary & Secondary Schools Infrastructure Improvement V.,1066106866,St Paul Kitum Girls,net,,Net,3596600,0,0,0,0,0,496,yes
fy-2026-27-development-book-volume-1-1011-1083,1066,1066106800,Primary & Secondary Schools Infrastructure Improvement V.,1066106867,St Peter's Jina Secondary School,gross,,Gross,4576600,0,0,0,0,0,496,yes
fy-2026-27-development-book-volume-1-1011-1083,1066,1066106800,Primary & Secondary Schools Infrastructure Improvement V.,1066106867,St Peter's Jina Secondary School,net,,Net,4576600,0,0,0,0,0,496,yes
fy-2026-27-development-book-volume-1-1011-1083,1066,1066106800,Primary & Secondary Schools Infrastructure Improvement V.,1066106868,St Peter's Ojamong Secondary,gross,,Gross,4576600,0,0,0,0,0,497,yes
fy-2026-27-development-book-volume-1-1011-1083,1066,1066106800,Primary & Secondary Schools Infrastructure Improvement V.,1066106868,St Peter's Ojamong Secondary,net,,Net,4576600,0,0,0,0,0,497,yes
fy-2026-27-development-book-volume-1-1011-1083,1066,1066106800,Primary & Secondary Schools Infrastructure Improvement V.,1066106869,St Ursila Girls Tungutu Secondary,gross,,Gross,3596600,0,0,0,0,0,497,yes
fy-2026-27-development-book-volume-1-1011-1083,1066,1066106800,Primary & Secondary Schools Infrastructure Improvement V.,1066106869,St Ursila Girls Tungutu Secondary,net,,Net,3596600,0,0,0,0,0,497,yes
fy-2026-27-development-book-volume-1-1011-1083,1066,1066106800,Primary & Secondary Schools Infrastructure Improvement V.,1066106870,St. Anns Mukhweya Secondary School,gross,,Gross,7840000,0,0,0,0,0,497,yes
fy-2026-27-development-book-volume-1-1011-1083,1066,1066106800,Primary & Secondary Schools Infrastructure Improvement V.,1066106870,St. Anns Mukhweya Secondary School,net,,Net,7840000,0,0,0,0,0,497,yes
fy-2026-27-development-book-volume-1-1011-1083,1066,1066106800,Primary & Secondary Schools Infrastructure Improvement V.,1066106871,St. Elizabeth Chepkunyuk,gross,,Gross,4576600,0,0,0,0,0,497,yes
fy-2026-27-development-book-volume-1-1011-1083,1066,1066106800,Primary & Secondary Schools Infrastructure Improvement V.,1066106871,St. Elizabeth Chepkunyuk,net,,Net,4576600,0,0,0,0,0,497,yes
fy-2026-27-development-book-volume-1-1011-1083,1066,1066106800,Primary & Secondary Schools Infrastructure Improvement V.,1066106872,St. Gabriel Kombe Secondary,gross,,Gross,4576600,0,0,0,0,0,497,yes
fy-2026-27-development-book-volume-1-1011-1083,1066,1066106800,Primary & Secondary Schools Infrastructure Improvement V.,1066106872,St. Gabriel Kombe Secondary,net,,Net,4576600,0,0,0,0,0,497,yes
fy-2026-27-development-book-volume-1-1011-1083,1066,1066106800,Primary & Secondary Schools Infrastructure Improvement V.,1066106873,St. John's Secondary School Laboratory,gross,,Gross,3596600,0,0,0,0,0,498,yes
fy-2026-27-development-book-volume-1-1011-1083,1066,1066106800,Primary & Secondary Schools Infrastructure Improvement V.,1066106873,St. John's Secondary School Laboratory,net,,Net,3596600,0,0,0,0,0,498,yes
fy-2026-27-development-book-volume-1-1011-1083,1066,1066106800,Primary & Secondary Schools Infrastructure Improvement V.,1066106874,St. Patricks Chemnoet Secondary,gross,,Gross,2616600,0,0,0,0,0,498,yes
fy-2026-27-development-book-volume-1-1011-1083,1066,1066106800,Primary & Secondary Schools Infrastructure Improvement V.,1066106874,St. Patricks Chemnoet Secondary,net,,Net,2616600,0,0,0,0,0,498,yes
fy-2026-27-development-book-volume-1-1011-1083,1066,1066106800,Primary & Secondary Schools Infrastructure Improvement V.,1066106876,St.Kizito- Mayanja Secondary,gross,,Gross,7840000,0,0,0,0,0,498,yes
fy-2026-27-development-book-volume-1-1011-1083,1066,1066106800,Primary & Secondary Schools Infrastructure Improvement V.,1066106876,St.Kizito- Mayanja Secondary,net,,Net,7840000,0,0,0,0,0,498,yes
fy-2026-27-development-book-volume-1-1011-1083,1066,1066106800,Primary & Secondary Schools Infrastructure Improvement V.,1066106877,St.Philips Secondary,gross,,Gross,2616600,0,0,0,0,0,498,yes
fy-2026-27-development-book-volume-1-1011-1083,1066,1066106800,Primary & Secondary Schools Infrastructure Improvement V.,1066106877,St.Philips Secondary,net,,Net,2616600,0,0,0,0,0,498,yes
fy-2026-27-development-book-volume-1-1011-1083,1066,1066106800,Primary & Secondary Schools Infrastructure Improvement V.,1066106878,Tanyilel Girls,gross,,Gross,4576600,0,0,0,0,0,498,yes
fy-2026-27-development-book-volume-1-1011-1083,1066,1066106800,Primary & Secondary Schools Infrastructure Improvement V.,1066106878,Tanyilel Girls,net,,Net,4576600,0,0,0,0,0,498,yes
fy-2026-27-development-book-volume-1-1011-1083,1066,1066106800,Primary & Secondary Schools Infrastructure Improvement V.,1066106879,Testai Secondary School,gross,,Gross,2616600,0,0,0,0,0,499,yes
fy-2026-27-development-book-volume-1-1011-1083,1066,1066106800,Primary & Secondary Schools Infrastructure Improvement V.,1066106879,Testai Secondary School,net,,Net,2616600,0,0,0,0,0,499,yes
fy-2026-27-development-book-volume-1-1011-1083,1066,1066106800,Primary & Secondary Schools Infrastructure Improvement V.,1066106880,Thika High School,gross,,Gross,14576600,0,0,0,0,0,499,yes
fy-2026-27-development-book-volume-1-1011-1083,1066,1066106800,Primary & Secondary Schools Infrastructure Improvement V.,1066106880,Thika High School,net,,Net,14576600,0,0,0,0,0,499,yes
fy-2026-27-development-book-volume-1-1011-1083,1066,1066106800,Primary & Secondary Schools Infrastructure Improvement V.,1066106881,Thika High School Computer Lab,gross,,Gross,10000000,0,0,0,0,0,499,yes
fy-2026-27-development-book-volume-1-1011-1083,1066,1066106800,Primary & Secondary Schools Infrastructure Improvement V.,1066106881,Thika High School Computer Lab,net,,Net,10000000,0,0,0,0,0,499,yes
fy-2026-27-development-book-volume-1-1011-1083,1066,1066106800,Primary & Secondary Schools Infrastructure Improvement V.,1066106882,Titmet Secondary School,gross,,Gross,2616600,0,0,0,0,0,499,yes
fy-2026-27-development-book-volume-1-1011-1083,1066,1066106800,Primary & Secondary Schools Infrastructure Improvement V.,1066106882,Titmet Secondary School,net,,Net,2616600,0,0,0,0,0,499,yes
fy-2026-27-development-book-volume-1-1011-1083,1066,1066106800,Primary & Secondary Schools Infrastructure Improvement V.,1066106883,Togomin Secondary,gross,,Gross,2616600,0,0,0,0,0,499,yes
fy-2026-27-development-book-volume-1-1011-1083,1066,1066106800,Primary & Secondary Schools Infrastructure Improvement V.,1066106883,Togomin Secondary,net,,Net,2616600,0,0,0,0,0,499,yes
fy-2026-27-development-book-volume-1-1011-1083,1066,1066106800,Primary & Secondary Schools Infrastructure Improvement V.,1066106884,Ugoti Day Secondary School,gross,,Gross,3596600,0,0,0,0,0,500,yes
fy-2026-27-development-book-volume-1-1011-1083,1066,1066106800,Primary & Secondary Schools Infrastructure Improvement V.,1066106884,Ugoti Day Secondary School,net,,Net,3596600,0,0,0,0,0,500,yes
fy-2026-27-development-book-volume-1-1011-1083,1066,1066106800,Primary & Secondary Schools Infrastructure Improvement V.,1066106885,Upper Hill Secondary,gross,,Gross,2616600,0,0,0,0,0,500,yes
fy-2026-27-development-book-volume-1-1011-1083,1066,1066106800,Primary & Secondary Schools Infrastructure Improvement V.,1066106885,Upper Hill Secondary,net,,Net,2616600,0,0,0,0,0,500,yes
fy-2026-27-development-book-volume-1-1011-1083,1066,1066106800,Primary & Secondary Schools Infrastructure Improvement V.,1066106886,Wargadud Mixed Secondary,gross,,Gross,4576600,0,0,0,0,0,500,yes
fy-2026-27-development-book-volume-1-1011-1083,1066,1066106800,Primary & Secondary Schools Infrastructure Improvement V.,1066106886,Wargadud Mixed Secondary,net,,Net,4576600,0,0,0,0,0,500,yes
fy-2026-27-development-book-volume-1-1011-1083,1066,1066106800,Primary & Secondary Schools Infrastructure Improvement V.,1066106887,Yala Township Mixed Secondary School,gross,,Gross,3596600,0,0,0,0,0,500,yes
fy-2026-27-development-book-volume-1-1011-1083,1066,1066106800,Primary & Secondary Schools Infrastructure Improvement V.,1066106887,Yala Township Mixed Secondary School,net,,Net,3596600,0,0,0,0,0,500,yes
fy-2026-27-development-book-volume-1-1011-1083,1066,1066106800,Primary & Secondary Schools Infrastructure Improvement V.,1066106888,Nyamasare Girls Secondary School,gross,,Gross,11000000,0,0,0,0,0,500,yes
fy-2026-27-development-book-volume-1-1011-1083,1066,1066106800,Primary & Secondary Schools Infrastructure Improvement V.,1066106888,Nyamasare Girls Secondary School,net,,Net,11000000,0,0,0,0,0,500,yes
fy-2026-27-development-book-volume-1-1011-1083,1066,1066106800,Primary & Secondary Schools Infrastructure Improvement V.,1066106889,Aduwa Primary,gross,,Gross,5000000,0,0,0,0,0,501,yes
fy-2026-27-development-book-volume-1-1011-1083,1066,1066106800,Primary & Secondary Schools Infrastructure Improvement V.,1066106889,Aduwa Primary,net,,Net,5000000,0,0,0,0,0,501,yes
fy-2026-27-development-book-volume-1-1011-1083,1066,1066106800,Primary & Secondary Schools Infrastructure Improvement V.,1066106890,Aluny Primary,gross,,Gross,5000000,0,0,0,0,0,501,yes
fy-2026-27-development-book-volume-1-1011-1083,1066,1066106800,Primary & Secondary Schools Infrastructure Improvement V.,1066106890,Aluny Primary,net,,Net,5000000,0,0,0,0,0,501,yes
fy-2026-27-development-book-volume-1-1011-1083,1066,1066106800,Primary & Secondary Schools Infrastructure Improvement V.,1066106891,Bar Agulu Primary School,gross,,Gross,5000000,0,0,0,0,0,501,yes
fy-2026-27-development-book-volume-1-1011-1083,1066,1066106800,Primary & Secondary Schools Infrastructure Improvement V.,1066106891,Bar Agulu Primary School,net,,Net,5000000,0,0,0,0,0,501,yes
fy-2026-27-development-book-volume-1-1011-1083,1066,1066106800,Primary & Secondary Schools Infrastructure Improvement V.,1066106892,Bar Kodhiambo Primary School,gross,,Gross,5000000,0,0,0,0,0,501,yes
fy-2026-27-development-book-volume-1-1011-1083,1066,1066106800,Primary & Secondary Schools Infrastructure Improvement V.,1066106892,Bar Kodhiambo Primary School,net,,Net,5000000,0,0,0,0,0,501,yes
fy-2026-27-development-book-volume-1-1011-1083,1066,1066106800,Primary & Secondary Schools Infrastructure Improvement V.,1066106893,"Construction of classrooms, Lab., Admin block at Nyamira DEB",gross,,Gross,10000000,0,0,0,0,0,501,yes
fy-2026-27-development-book-volume-1-1011-1083,1066,1066106800,Primary & Secondary Schools Infrastructure Improvement V.,1066106893,"Construction of classrooms, Lab., Admin block at Nyamira DEB",net,,Net,10000000,0,0,0,0,0,501,yes
fy-2026-27-development-book-volume-1-1011-1083,1066,1066106800,Primary & Secondary Schools Infrastructure Improvement V.,1066106894,Goro Primary School,gross,,Gross,5000000,0,0,0,0,0,502,yes
fy-2026-27-development-book-volume-1-1011-1083,1066,1066106800,Primary & Secondary Schools Infrastructure Improvement V.,1066106894,Goro Primary School,net,,Net,5000000,0,0,0,0,0,502,yes
fy-2026-27-development-book-volume-1-1011-1083,1066,1066106800,Primary & Secondary Schools Infrastructure Improvement V.,1066106895,Kipao Primary & Junior School - Construction of Perimeter Fence,gross,,Gross,5000000,0,0,0,0,0,502,yes
fy-2026-27-development-book-volume-1-1011-1083,1066,1066106800,Primary & Secondary Schools Infrastructure Improvement V.,1066106895,Kipao Primary & Junior School - Construction of Perimeter Fence,net,,Net,5000000,0,0,0,0,0,502,yes
fy-2026-27-development-book-volume-1-1011-1083,1066,1066106800,Primary & Secondary Schools Infrastructure Improvement V.,1066106896,Magungu Primary,gross,,Gross,5000000,0,0,0,0,0,502,yes
fy-2026-27-development-book-volume-1-1011-1083,1066,1066106800,Primary & Secondary Schools Infrastructure Improvement V.,1066106896,Magungu Primary,net,,Net,5000000,0,0,0,0,0,502,yes
fy-2026-27-development-book-volume-1-1011-1083,1066,1066106800,Primary & Secondary Schools Infrastructure Improvement V.,1066106897,Mahola Primary,gross,,Gross,5000000,0,0,0,0,0,502,yes
fy-2026-27-development-book-volume-1-1011-1083,1066,1066106800,Primary & Secondary Schools Infrastructure Improvement V.,1066106897,Mahola Primary,net,,Net,5000000,0,0,0,0,0,502,yes
fy-2026-27-development-book-volume-1-1011-1083,1066,1066106800,Primary & Secondary Schools Infrastructure Improvement V.,1066106898,Ndai Primary,gross,,Gross,5000000,0,0,0,0,0,502,yes
fy-2026-27-development-book-volume-1-1011-1083,1066,1066106800,Primary & Secondary Schools Infrastructure Improvement V.,1066106898,Ndai Primary,net,,Net,5000000,0,0,0,0,0,502,yes
fy-2026-27-development-book-volume-1-1011-1083,1066,1066106800,Primary & Secondary Schools Infrastructure Improvement V.,1066106899,Nyanganga Primary School,gross,,Gross,5000000,0,0,0,0,0,503,yes
fy-2026-27-development-book-volume-1-1011-1083,1066,1066106800,Primary & Secondary Schools Infrastructure Improvement V.,1066106899,Nyanganga Primary School,net,,Net,5000000,0,0,0,0,0,503,yes
fy-2026-27-development-book-volume-1-1011-1083,1066,1066106900,Integrated Mechanism for Poverty Eradication & Sustainable,1066106901,Integrated Mechanism for Poverty Eradication & Sustainable,gross,,Gross,45000000,251000000,0,0,234000000,0,503,yes
fy-2026-27-development-book-volume-1-1011-1083,1066,1066106900,Integrated Mechanism for Poverty Eradication & Sustainable,1066106901,Integrated Mechanism for Poverty Eradication & Sustainable,appropriations_in_aid,,Appropriations In Aid,45000000,234000000,0,0,0,0,503,yes
fy-2026-27-development-book-volume-1-1011-1083,1066,1066106900,Integrated Mechanism for Poverty Eradication & Sustainable,1066106901,Integrated Mechanism for Poverty Eradication & Sustainable,net,,Net,0,17000000,0,0,0,0,503,yes
fy-2026-27-development-book-volume-1-1011-1083,1066,1066107000,Primary & Secondary Schools Infrastructure Improvement VI.,1066107001,Obambo Secondary School,gross,,Gross,5000000,0,0,0,0,0,503,yes
fy-2026-27-development-book-volume-1-1011-1083,1066,1066107000,Primary & Secondary Schools Infrastructure Improvement VI.,1066107001,Obambo Secondary School,net,,Net,5000000,0,0,0,0,0,503,yes
fy-2026-27-development-book-volume-1-1011-1083,1066,1066107000,Primary & Secondary Schools Infrastructure Improvement VI.,1066107002,Ogaka Primary School (Public Participation),gross,,Gross,10000000,0,0,0,0,0,504,yes
fy-2026-27-development-book-volume-1-1011-1083,1066,1066107000,Primary & Secondary Schools Infrastructure Improvement VI.,1066107002,Ogaka Primary School (Public Participation),net,,Net,10000000,0,0,0,0,0,504,yes
fy-2026-27-development-book-volume-1-1011-1083,1066,1066107000,Primary & Secondary Schools Infrastructure Improvement VI.,1066107003,Ojwando Primary,gross,,Gross,5000000,0,0,0,0,0,504,yes
fy-2026-27-development-book-volume-1-1011-1083,1066,1066107000,Primary & Secondary Schools Infrastructure Improvement VI.,1066107003,Ojwando Primary,net,,Net,5000000,0,0,0,0,0,504,yes
fy-2026-27-development-book-volume-1-1011-1083,1066,1066107000,Primary & Secondary Schools Infrastructure Improvement VI.,1066107004,Pap Gori Primary,gross,,Gross,5000000,0,0,0,0,0,504,yes
fy-2026-27-development-book-volume-1-1011-1083,1066,1066107000,Primary & Secondary Schools Infrastructure Improvement VI.,1066107004,Pap Gori Primary,net,,Net,5000000,0,0,0,0,0,504,yes
fy-2026-27-development-book-volume-1-1011-1083,1066,1066107000,Primary & Secondary Schools Infrastructure Improvement VI.,1066107005,St Paul's Parochial Comprehensive School,gross,,Gross,10000000,0,0,0,0,0,504,yes
fy-2026-27-development-book-volume-1-1011-1083,1066,1066107000,Primary & Secondary Schools Infrastructure Improvement VI.,1066107005,St Paul's Parochial Comprehensive School,net,,Net,10000000,0,0,0,0,0,504,yes
fy-2026-27-development-book-volume-1-1011-1083,1066,1066107000,Primary & Secondary Schools Infrastructure Improvement VI.,1066107006,Tido Primary School,gross,,Gross,5000000,0,0,0,0,0,504,yes
fy-2026-27-development-book-volume-1-1011-1083,1066,1066107000,Primary & Secondary Schools Infrastructure Improvement VI.,1066107006,Tido Primary School,net,,Net,5000000,0,0,0,0,0,504,yes
fy-2026-27-development-book-volume-1-1011-1083,1066,1066107000,Primary & Secondary Schools Infrastructure Improvement VI.,1066107007,Urim Primary - school reconstruction,gross,,Gross,10000000,0,0,0,0,0,505,yes
fy-2026-27-development-book-volume-1-1011-1083,1066,1066107000,Primary & Secondary Schools Infrastructure Improvement VI.,1066107007,Urim Primary - school reconstruction,net,,Net,10000000,0,0,0,0,0,505,yes
fy-2026-27-development-book-volume-1-1011-1083,1066,1066107000,Primary & Secondary Schools Infrastructure Improvement VI.,1066107008,Usula Primary School,gross,,Gross,5000000,0,0,0,0,0,505,yes
fy-2026-27-development-book-volume-1-1011-1083,1066,1066107000,Primary & Secondary Schools Infrastructure Improvement VI.,1066107008,Usula Primary School,net,,Net,5000000,0,0,0,0,0,505,yes
fy-2026-27-development-book-volume-1-1011-1083,1066,1066107000,Primary & Secondary Schools Infrastructure Improvement VI.,1066107009,Uwasi Primary,gross,,Gross,5000000,0,0,0,0,0,505,yes
fy-2026-27-development-book-volume-1-1011-1083,1066,1066107000,Primary & Secondary Schools Infrastructure Improvement VI.,1066107009,Uwasi Primary,net,,Net,5000000,0,0,0,0,0,505,yes
fy-2026-27-development-book-volume-1-1011-1083,1066,1066107000,Primary & Secondary Schools Infrastructure Improvement VI.,1066107010,Wangchieng Primary,gross,,Gross,5000000,0,0,0,0,0,505,yes
fy-2026-27-development-book-volume-1-1011-1083,1066,1066107000,Primary & Secondary Schools Infrastructure Improvement VI.,1066107010,Wangchieng Primary,net,,Net,5000000,0,0,0,0,0,505,yes
fy-2026-27-development-book-volume-1-1011-1083,1066,1066107000,Primary & Secondary Schools Infrastructure Improvement VI.,1066107011,Barding High School,gross,,Gross,20000000,0,0,0,0,0,505,yes
fy-2026-27-development-book-volume-1-1011-1083,1066,1066107000,Primary & Secondary Schools Infrastructure Improvement VI.,1066107011,Barding High School,net,,Net,20000000,0,0,0,0,0,505,yes
fy-2026-27-development-book-volume-1-1011-1083,1066,1066107000,Primary & Secondary Schools Infrastructure Improvement VI.,1066107012,Dibuoro Secondary School,gross,,Gross,5000000,0,0,0,0,0,506,yes
fy-2026-27-development-book-volume-1-1011-1083,1066,1066107000,Primary & Secondary Schools Infrastructure Improvement VI.,1066107012,Dibuoro Secondary School,net,,Net,5000000,0,0,0,0,0,506,yes
fy-2026-27-development-book-volume-1-1011-1083,1066,1066107000,Primary & Secondary Schools Infrastructure Improvement VI.,1066107013,Inungo Secondary School tuition block,gross,,Gross,10000000,0,0,0,0,0,506,yes
fy-2026-27-development-book-volume-1-1011-1083,1066,1066107000,Primary & Secondary Schools Infrastructure Improvement VI.,1066107013,Inungo Secondary School tuition block,net,,Net,10000000,0,0,0,0,0,506,yes
fy-2026-27-development-book-volume-1-1011-1083,1066,1066107000,Primary & Secondary Schools Infrastructure Improvement VI.,1066107014,Khwisero Girls Secondary Multipurpose Hall,gross,,Gross,10000000,0,0,0,0,0,506,yes
fy-2026-27-development-book-volume-1-1011-1083,1066,1066107000,Primary & Secondary Schools Infrastructure Improvement VI.,1066107014,Khwisero Girls Secondary Multipurpose Hall,net,,Net,10000000,0,0,0,0,0,506,yes
fy-2026-27-development-book-volume-1-1011-1083,1066,1066107000,Primary & Secondary Schools Infrastructure Improvement VI.,1066107015,Lavington Girls,gross,,Gross,10000000,0,0,0,0,0,506,yes
fy-2026-27-development-book-volume-1-1011-1083,1066,1066107000,Primary & Secondary Schools Infrastructure Improvement VI.,1066107015,Lavington Girls,net,,Net,10000000,0,0,0,0,0,506,yes
fy-2026-27-development-book-volume-1-1011-1083,1066,1066107000,Primary & Secondary Schools Infrastructure Improvement VI.,1066107016,Mahero Secondary School,gross,,Gross,5000000,0,0,0,0,0,506,yes
fy-2026-27-development-book-volume-1-1011-1083,1066,1066107000,Primary & Secondary Schools Infrastructure Improvement VI.,1066107016,Mahero Secondary School,net,,Net,5000000,0,0,0,0,0,506,yes
fy-2026-27-development-book-volume-1-1011-1083,1066,1066107000,Primary & Secondary Schools Infrastructure Improvement VI.,1066107017,Mahola Secondary School,gross,,Gross,5000000,0,0,0,0,0,507,yes
fy-2026-27-development-book-volume-1-1011-1083,1066,1066107000,Primary & Secondary Schools Infrastructure Improvement VI.,1066107017,Mahola Secondary School,net,,Net,5000000,0,0,0,0,0,507,yes
fy-2026-27-development-book-volume-1-1011-1083,1066,1066107000,Primary & Secondary Schools Infrastructure Improvement VI.,1066107018,Nyalula Secondary School,gross,,Gross,5000000,0,0,0,0,0,507,yes
fy-2026-27-development-book-volume-1-1011-1083,1066,1066107000,Primary & Secondary Schools Infrastructure Improvement VI.,1066107018,Nyalula Secondary School,net,,Net,5000000,0,0,0,0,0,507,yes
fy-2026-27-development-book-volume-1-1011-1083,1066,1066107000,Primary & Secondary Schools Infrastructure Improvement VI.,1066107019,Nyambare Secondary,gross,,Gross,5000000,0,0,0,0,0,507,yes
fy-2026-27-development-book-volume-1-1011-1083,1066,1066107000,Primary & Secondary Schools Infrastructure Improvement VI.,1066107019,Nyambare Secondary,net,,Net,5000000,0,0,0,0,0,507,yes
fy-2026-27-development-book-volume-1-1011-1083,1066,1066107000,Primary & Secondary Schools Infrastructure Improvement VI.,1066107020,"Ojijo Oteko Mixed Sec Sch - Science & Computer Labs, Dining",gross,,Gross,10000000,0,0,0,0,0,507,yes
fy-2026-27-development-book-volume-1-1011-1083,1066,1066107000,Primary & Secondary Schools Infrastructure Improvement VI.,1066107020,"Ojijo Oteko Mixed Sec Sch - Science & Computer Labs, Dining",net,,Net,10000000,0,0,0,0,0,507,yes
fy-2026-27-development-book-volume-1-1011-1083,1066,1066107000,Primary & Secondary Schools Infrastructure Improvement VI.,1066107021,Segere Secondary School,gross,,Gross,5000000,0,0,0,0,0,507,yes
fy-2026-27-development-book-volume-1-1011-1083,1066,1066107000,Primary & Secondary Schools Infrastructure Improvement VI.,1066107021,Segere Secondary School,net,,Net,5000000,0,0,0,0,0,507,yes
fy-2026-27-development-book-volume-1-1011-1083,1066,1066107000,Primary & Secondary Schools Infrastructure Improvement VI.,1066107022,Sirwa Secondary School,gross,,Gross,5000000,0,0,0,0,0,508,yes
fy-2026-27-development-book-volume-1-1011-1083,1066,1066107000,Primary & Secondary Schools Infrastructure Improvement VI.,1066107022,Sirwa Secondary School,net,,Net,5000000,0,0,0,0,0,508,yes
fy-2026-27-development-book-volume-1-1011-1083,1066,1066107000,Primary & Secondary Schools Infrastructure Improvement VI.,1066107023,Usula Secondary School,gross,,Gross,5000000,0,0,0,0,0,508,yes
fy-2026-27-development-book-volume-1-1011-1083,1066,1066107000,Primary & Secondary Schools Infrastructure Improvement VI.,1066107023,Usula Secondary School,net,,Net,5000000,0,0,0,0,0,508,yes
fy-2026-27-development-book-volume-1-1011-1083,1071,1071100100,Support to Public Financial Management (PFM-R).,1071100101,Support to Public Financial Management (PFM-R),exp,2640500,Other Capital Grants and Transfers,568000000,300000000,0,0,0,0,520,yes
fy-2026-27-development-book-volume-1-1011-1083,1071,1071100600,Fund for Economic Development - Aid Effectiveness for,1071100601,Fund for Economic Development - Aid Effectiveness for,exp,2640500,Other Capital Grants and Transfers,70000000,29000000,29000000,0,0,0,520,yes
fy-2026-27-development-book-volume-1-1011-1083,1071,1071100600,Fund for Economic Development - Aid Effectiveness for,1071100601,Fund for Economic Development - Aid Effectiveness for,financing,1310200,Grants from Foreign Governments - Direct Payments,0,29000000,29000000,0,0,0,520,yes
fy-2026-27-development-book-volume-1-1011-1083,1071,1071102500,"Equity Acquisition, Operations, Maintenance in TEAMS - BETA.",1071102501,"Equity Acquisition, Operations, Maintenance in TEAMS",exp,4120100,Equity Participation in Domestic Public Non-Financial Enterprises,101674560,70000000,0,0,0,0,521,yes
fy-2026-27-development-book-volume-1-1011-1083,1071,1071102600,Equity and Subscriptions in International Financial Institutions.,1071102601,Equity and Subscriptions in International Financial Institutions,exp,4150200,Equity Participation in Foreign financial Institutions operating Abroad,436479883,250000000,0,0,0,0,521,yes
fy-2026-27-development-book-volume-1-1011-1083,1071,1071104000,"Renewal of Oracle Licenses, Annual Support for IFMIS Apps,",1071104001,"Renewal of Oracle Licenses, Annual Support for IFMIS Apps,",exp,2211300,Other Operating Expenses,995949150,805343000,0,0,0,0,521,yes
fy-2026-27-development-book-volume-1-1011-1083,1071,1071104000,"Renewal of Oracle Licenses, Annual Support for IFMIS Apps,",1071104001,"Renewal of Oracle Licenses, Annual Support for IFMIS Apps,",exp,3111100,"Purchase of Specialised Plant, Equipment and Machinery",50000000,240557000,0,0,0,0,521,yes
fy-2026-27-development-book-volume-1-1011-1083,1071,1071104000,"Renewal of Oracle Licenses, Annual Support for IFMIS Apps,",1071104002,Cash to Accrual Accounting-IFMIS Re-engineering Phase II,exp,2211300,Other Operating Expenses,100000000,200000000,0,0,0,0,522,yes
fy-2026-27-development-book-volume-1-1011-1083,1071,1071104300,"Installation, Operational'n of DRC Equipment-Government Data",1071104301,"Installation, Operational'n of DRC Equipment-Government Data",exp,2211300,Other Operating Expenses,1600000000,500000000,0,0,0,0,522,yes
fy-2026-27-development-book-volume-1-1011-1083,1071,1071104400,Contingency Fund Transfers.,1071104401,Contingency Fund Transfers,exp,2810200,Civil Contingency Reserves,1800000000,2000000000,0,0,0,0,522,yes
fy-2026-27-development-book-volume-1-1011-1083,1071,1071104500,Equalisation Fund Transfers - BETA.,1071104501,Equalisation Fund Transfers,exp,2630200,Capital Grants to Government Agencies and other Levels of Government,7507170425,9602170425,0,0,0,0,523,yes
fy-2026-27-development-book-volume-1-1011-1083,1071,1071105400,Treasury-Bima-Herufi Security System: Car Scanners Fire Systems,1071105401,Treasury-Bima-Herufi Security System: Car Scanners Fire Systems,exp,2211300,Other Operating Expenses,13000000,0,0,0,0,0,523,yes
fy-2026-27-development-book-volume-1-1011-1083,1071,1071106400,Development of market openness gauge system.,1071106401,Development of market openness gauge system,exp,2630200,Capital Grants to Government Agencies and other Levels of Government,0,87000000,0,0,0,0,524,yes
fy-2026-27-development-book-volume-1-1011-1083,1071,1071106600,Strategic Response to Public Initiatives.,1071106601,Strategic Response to Public Initiatives,exp,2640500,Other Capital Grants and Transfers,0,5000000000,0,0,0,0,524,yes
fy-2026-27-development-book-volume-1-1011-1083,1071,1071108100,Kenya Affordable Housing Project - BETA.,1071108101,Kenya Affordable Housing Project,exp,2630200,Capital Grants to Government Agencies and other Levels of Government,1875792040,0,0,0,0,0,524,yes
fy-2026-27-development-book-volume-1-1011-1083,1071,1071108200,Kenya Financing Locally Led Climate Action Programme,1071108201,Kenya Financing Locally Led Climate Action Programme,exp,2630200,Capital Grants to Government Agencies and other Levels of Government,0,7387500000,0,0,0,7387500000,525,yes
fy-2026-27-development-book-volume-1-1011-1083,1071,1071108200,Kenya Financing Locally Led Climate Action Programme,1071108201,Kenya Financing Locally Led Climate Action Programme,exp,2640500,Other Capital Grants and Transfers,9200000000,1512250000,0,712250000,0,700000000,525,yes
fy-2026-27-development-book-volume-1-1011-1083,1071,1071108400,Public Debt Management Support Project.,1071108401,Public Debt Management Support Project,exp,2630200,Capital Grants to Government Agencies and other Levels of Government,28600000,0,0,0,0,0,525,yes
fy-2026-27-development-book-volume-1-1011-1083,1071,1071108400,Public Debt Management Support Project.,1071108401,Public Debt Management Support Project,financing,1320200,Grants from International Organizations,26000000,0,0,0,0,0,525,yes
fy-2026-27-development-book-volume-1-1011-1083,1071,1071108400,Public Debt Management Support Project.,1071108402,Technical and Capacity Building Support Project,exp,2630200,Capital Grants to Government Agencies and other Levels of Government,11000000,11000000,11000000,0,0,0,526,yes
fy-2026-27-development-book-volume-1-1011-1083,1071,1071108400,Public Debt Management Support Project.,1071108402,Technical and Capacity Building Support Project,financing,1310200,Grants from Foreign Governments - Direct Payments,11000000,11000000,11000000,0,0,0,526,yes
fy-2026-27-development-book-volume-1-1011-1083,1071,1071109000,Horn of Africa Gateway Development Project.,1071109001,Horn of Africa Gateway Development Project,exp,2630200,Capital Grants to Government Agencies and other Levels of Government,310000000,161000000,0,0,75500000,75500000,526,yes
fy-2026-27-development-book-volume-1-1011-1083,1071,1071109000,Horn of Africa Gateway Development Project.,1071109001,Horn of Africa Gateway Development Project,financing,5120200,Foreign Borrowing - Direct Payments,100000000,75500000,0,0,0,0,526,yes
fy-2026-27-development-book-volume-1-1011-1083,1071,1071109100,"East Africa Transport, Trade & Development Facilitation Project.",1071109101,"East Africa Transport, Trade & Development Facilitation Project",exp,2630200,Capital Grants to Government Agencies and other Levels of Government,265000000,0,0,0,0,0,527,yes
fy-2026-27-development-book-volume-1-1011-1083,1071,1071110400,Green Climate Fund Readiness Project.,1071110401,Green Climate Fund Readiness Project,exp,2630200,Capital Grants to Government Agencies and other Levels of Government,36000000,69000000,0,69000000,0,0,527,yes
fy-2026-27-development-book-volume-1-1011-1083,1071,1071110800,National Treasury Capacity Strenghtening Project.,1071110801,National Treasury Capacity Strenghtening Project,exp,2630200,Capital Grants to Government Agencies and other Levels of Government,13500000,0,0,0,0,0,527,yes
fy-2026-27-development-book-volume-1-1011-1083,1071,1071110800,National Treasury Capacity Strenghtening Project.,1071110801,National Treasury Capacity Strenghtening Project,financing,1320200,Grants from International Organizations,12500000,0,0,0,0,0,528,yes
fy-2026-27-development-book-volume-1-1011-1083,1071,1071111700,Supporting Access to Finance & Enterprise Recovery (SAFER) -,1071111701,Supporting Access to Finance & Enterprise Recovery (SAFER),exp,2630200,Capital Grants to Government Agencies and other Levels of Government,1500000000,5386000000,0,0,150000000,5236000000,528,yes
fy-2026-27-development-book-volume-1-1011-1083,1071,1071111700,Supporting Access to Finance & Enterprise Recovery (SAFER) -,1071111701,Supporting Access to Finance & Enterprise Recovery (SAFER),financing,5120200,Foreign Borrowing - Direct Payments,0,150000000,0,0,0,0,528,yes
fy-2026-27-development-book-volume-1-1011-1083,1071,1071113300,Rural Kenya Financial Inclusion Facility (RK-FINFA) - BETA.,1071113301,Rural Kenya Financial Inclusion Facility (RK-FINFA),exp,2640500,Other Capital Grants and Transfers,1077000000,1145000000,0,241000000,0,704000000,528,yes
fy-2026-27-development-book-volume-1-1011-1083,1071,1071113600,Special Global Fund - TB NFM 4.,1071113601,Special Global Fund - TB NFM 4,exp,2110200,Basic Wages - Temporary Employees,9433944,9433593,0,9433593,0,0,529,yes
fy-2026-27-development-book-volume-1-1011-1083,1071,1071113600,Special Global Fund - TB NFM 4.,1071113601,Special Global Fund - TB NFM 4,exp,2210300,"Domestic Travel and Subsistence, and Other Transportation Costs",5900600,34794900,0,34794900,0,0,529,yes
fy-2026-27-development-book-volume-1-1011-1083,1071,1071113600,Special Global Fund - TB NFM 4.,1071113601,Special Global Fund - TB NFM 4,exp,2210400,"Foreign Travel and Subsistence, and other transportation costs",4460000,4460000,0,4460000,0,0,529,yes
fy-2026-27-development-book-volume-1-1011-1083,1071,1071113600,Special Global Fund - TB NFM 4.,1071113601,Special Global Fund - TB NFM 4,exp,2210500,"Printing , Advertising and Information Supplies and Services",22809000,21809000,20809000,1000000,0,0,529,yes
fy-2026-27-development-book-volume-1-1011-1083,1071,1071113600,Special Global Fund - TB NFM 4.,1071113601,Special Global Fund - TB NFM 4,exp,2210700,Training Expenses,3567000,3567000,0,3567000,0,0,529,yes
fy-2026-27-development-book-volume-1-1011-1083,1071,1071113600,Special Global Fund - TB NFM 4.,1071113601,Special Global Fund - TB NFM 4,exp,2210800,Hospitality Supplies and Services,11138801,1938801,0,1938801,0,0,529,yes
fy-2026-27-development-book-volume-1-1011-1083,1071,1071113600,Special Global Fund - TB NFM 4.,1071113601,Special Global Fund - TB NFM 4,exp,2210900,Insurance Costs,800000,800000,0,800000,0,0,529,yes
fy-2026-27-development-book-volume-1-1011-1083,1071,1071113600,Special Global Fund - TB NFM 4.,1071113601,Special Global Fund - TB NFM 4,exp,2211000,Specialised Materials and Supplies,1767351232,745691093,502711093,0,0,0,529,yes
fy-2026-27-development-book-volume-1-1011-1083,1071,1071113600,Special Global Fund - TB NFM 4.,1071113601,Special Global Fund - TB NFM 4,exp,2211100,Office and General Supplies and Services,2500000,2500000,0,2500000,0,0,529,yes
fy-2026-27-development-book-volume-1-1011-1083,1071,1071113600,Special Global Fund - TB NFM 4.,1071113601,Special Global Fund - TB NFM 4,exp,2211200,Fuel Oil and Lubricants,246000,246000,0,246000,0,0,529,yes
fy-2026-27-development-book-volume-1-1011-1083,1071,1071113600,Special Global Fund - TB NFM 4.,1071113601,Special Global Fund - TB NFM 4,exp,2211300,Other Operating Expenses,101495000,96923760,87191384,9732376,0,0,529,yes
fy-2026-27-development-book-volume-1-1011-1083,1071,1071113600,Special Global Fund - TB NFM 4.,1071113601,Special Global Fund - TB NFM 4,exp,2640500,Other Capital Grants and Transfers,77000000,57020000,0,0,0,0,529,yes
fy-2026-27-development-book-volume-1-1011-1083,1071,1071113600,Special Global Fund - TB NFM 4.,1071113601,Special Global Fund - TB NFM 4,exp,3110700,Purchase of Vehicles and Other Transport Equipment,6500000,6500000,0,6500000,0,0,529,yes
fy-2026-27-development-book-volume-1-1011-1083,1071,1071113600,Special Global Fund - TB NFM 4.,1071113601,Special Global Fund - TB NFM 4,exp,3111000,Purchase of Office Furniture and General Equipment,74689649,0,0,0,0,0,529,yes
fy-2026-27-development-book-volume-1-1011-1083,1071,1071113600,Special Global Fund - TB NFM 4.,1071113601,Special Global Fund - TB NFM 4,exp,3111100,"Purchase of Specialised Plant, Equipment and Machinery",474822488,277210153,277210153,0,0,0,530,yes
fy-2026-27-development-book-volume-1-1011-1083,1071,1071113600,Special Global Fund - TB NFM 4.,1071113601,Special Global Fund - TB NFM 4,financing,1320200,Grants from International Organizations,2028388220,887921630,887921630,0,0,0,530,yes
fy-2026-27-development-book-volume-1-1011-1083,1071,1071113700,Special Global Fund - HIV NFM 4.,1071113701,Special Global Fund - HIV NFM 4,exp,2110200,Basic Wages - Temporary Employees,10536248,10536012,0,10536012,0,0,530,yes
fy-2026-27-development-book-volume-1-1011-1083,1071,1071113700,Special Global Fund - HIV NFM 4.,1071113701,Special Global Fund - HIV NFM 4,exp,2110300,Personal Allowance - Paid as Part of Salary,20872000,20871355,0,20871355,0,0,530,yes
fy-2026-27-development-book-volume-1-1011-1083,1071,1071113700,Special Global Fund - HIV NFM 4.,1071113701,Special Global Fund - HIV NFM 4,exp,2210200,"Communication, Supplies and Services",1200000,1200000,0,1200000,0,0,530,yes
fy-2026-27-development-book-volume-1-1011-1083,1071,1071113700,Special Global Fund - HIV NFM 4.,1071113701,Special Global Fund - HIV NFM 4,exp,2210300,"Domestic Travel and Subsistence, and Other Transportation Costs",45443128,70757489,0,70757489,0,0,530,yes
fy-2026-27-development-book-volume-1-1011-1083,1071,1071113700,Special Global Fund - HIV NFM 4.,1071113701,Special Global Fund - HIV NFM 4,exp,2210400,"Foreign Travel and Subsistence, and other transportation costs",13208100,13208000,0,13208000,0,0,530,yes
fy-2026-27-development-book-volume-1-1011-1083,1071,1071113700,Special Global Fund - HIV NFM 4.,1071113701,Special Global Fund - HIV NFM 4,exp,2210700,Training Expenses,4714000,4713872,0,4713872,0,0,530,yes
fy-2026-27-development-book-volume-1-1011-1083,1071,1071113700,Special Global Fund - HIV NFM 4.,1071113701,Special Global Fund - HIV NFM 4,exp,2210800,Hospitality Supplies and Services,6000000,6000000,0,6000000,0,0,530,yes
fy-2026-27-development-book-volume-1-1011-1083,1071,1071113700,Special Global Fund - HIV NFM 4.,1071113701,Special Global Fund - HIV NFM 4,exp,2210900,Insurance Costs,12000000,12000000,0,12000000,0,0,530,yes
fy-2026-27-development-book-volume-1-1011-1083,1071,1071113700,Special Global Fund - HIV NFM 4.,1071113701,Special Global Fund - HIV NFM 4,exp,2211000,Specialised Materials and Supplies,4918507679,7553002937,5940385452,0,0,0,530,yes
fy-2026-27-development-book-volume-1-1011-1083,1071,1071113700,Special Global Fund - HIV NFM 4.,1071113701,Special Global Fund - HIV NFM 4,exp,2211100,Office and General Supplies and Services,3200000,3200000,0,3200000,0,0,530,yes
fy-2026-27-development-book-volume-1-1011-1083,1071,1071113700,Special Global Fund - HIV NFM 4.,1071113701,Special Global Fund - HIV NFM 4,exp,2211200,Fuel Oil and Lubricants,1186000,1186000,0,1186000,0,0,531,yes
fy-2026-27-development-book-volume-1-1011-1083,1071,1071113700,Special Global Fund - HIV NFM 4.,1071113701,Special Global Fund - HIV NFM 4,exp,2211300,Other Operating Expenses,572411527,556411701,500579331,55832370,0,0,531,yes
fy-2026-27-development-book-volume-1-1011-1083,1071,1071113700,Special Global Fund - HIV NFM 4.,1071113701,Special Global Fund - HIV NFM 4,exp,2220100,Routine Maintenance - Vehicles and Other Transport Equipment,3200000,3200000,0,3200000,0,0,531,yes
fy-2026-27-development-book-volume-1-1011-1083,1071,1071113700,Special Global Fund - HIV NFM 4.,1071113701,Special Global Fund - HIV NFM 4,exp,2220200,Routine Maintenance - Other Assets,1345000,1345120,0,1345120,0,0,531,yes
fy-2026-27-development-book-volume-1-1011-1083,1071,1071113700,Special Global Fund - HIV NFM 4.,1071113701,Special Global Fund - HIV NFM 4,exp,2640500,Other Capital Grants and Transfers,299600000,565081514,0,303998999,0,0,531,yes
fy-2026-27-development-book-volume-1-1011-1083,1071,1071113700,Special Global Fund - HIV NFM 4.,1071113701,Special Global Fund - HIV NFM 4,exp,3111000,Purchase of Office Furniture and General Equipment,5985000,5985000,0,5985000,0,0,531,yes
fy-2026-27-development-book-volume-1-1011-1083,1071,1071113700,Special Global Fund - HIV NFM 4.,1071113701,Special Global Fund - HIV NFM 4,financing,1320200,Grants from International Organizations,4125364926,6440964783,6440964783,0,0,0,531,yes
fy-2026-27-development-book-volume-1-1011-1083,1071,1071113800,Special Global Fund - Malaria NFM 4.,1071113801,Special Global Fund - Malaria NFM 4,exp,2110200,Basic Wages - Temporary Employees,19557649,19558040,0,19558040,0,0,531,yes
fy-2026-27-development-book-volume-1-1011-1083,1071,1071113800,Special Global Fund - Malaria NFM 4.,1071113801,Special Global Fund - Malaria NFM 4,exp,2110300,Personal Allowance - Paid as Part of Salary,1860000,2249540,0,2249540,0,0,531,yes
fy-2026-27-development-book-volume-1-1011-1083,1071,1071113800,Special Global Fund - Malaria NFM 4.,1071113801,Special Global Fund - Malaria NFM 4,exp,2210300,"Domestic Travel and Subsistence, and Other Transportation Costs",8134722,111500771,0,111500771,0,0,531,yes
fy-2026-27-development-book-volume-1-1011-1083,1071,1071113800,Special Global Fund - Malaria NFM 4.,1071113801,Special Global Fund - Malaria NFM 4,exp,2210400,"Foreign Travel and Subsistence, and other transportation costs",7530000,7530000,0,7530000,0,0,531,yes
fy-2026-27-development-book-volume-1-1011-1083,1071,1071113800,Special Global Fund - Malaria NFM 4.,1071113801,Special Global Fund - Malaria NFM 4,exp,2210700,Training Expenses,4000000,4000000,0,4000000,0,0,531,yes
fy-2026-27-development-book-volume-1-1011-1083,1071,1071113800,Special Global Fund - Malaria NFM 4.,1071113801,Special Global Fund - Malaria NFM 4,exp,2210800,Hospitality Supplies and Services,1865000,40865048,0,40865048,0,0,532,yes
fy-2026-27-development-book-volume-1-1011-1083,1071,1071113800,Special Global Fund - Malaria NFM 4.,1071113801,Special Global Fund - Malaria NFM 4,exp,2210900,Insurance Costs,6000000,6000000,0,6000000,0,0,532,yes
fy-2026-27-development-book-volume-1-1011-1083,1071,1071113800,Special Global Fund - Malaria NFM 4.,1071113801,Special Global Fund - Malaria NFM 4,exp,2211000,Specialised Materials and Supplies,873176453,1091311761,787635290,0,0,0,532,yes
fy-2026-27-development-book-volume-1-1011-1083,1071,1071113800,Special Global Fund - Malaria NFM 4.,1071113801,Special Global Fund - Malaria NFM 4,exp,2211200,Fuel Oil and Lubricants,2302000,2301936,0,2301936,0,0,532,yes
fy-2026-27-development-book-volume-1-1011-1083,1071,1071113800,Special Global Fund - Malaria NFM 4.,1071113801,Special Global Fund - Malaria NFM 4,exp,2211300,Other Operating Expenses,48614390,891064315,835329045,55735270,0,0,532,yes
fy-2026-27-development-book-volume-1-1011-1083,1071,1071113800,Special Global Fund - Malaria NFM 4.,1071113801,Special Global Fund - Malaria NFM 4,exp,2220100,Routine Maintenance - Vehicles and Other Transport Equipment,3820000,2595060,0,2595060,0,0,532,yes
fy-2026-27-development-book-volume-1-1011-1083,1071,1071113800,Special Global Fund - Malaria NFM 4.,1071113801,Special Global Fund - Malaria NFM 4,exp,2640500,Other Capital Grants and Transfers,131000000,96323529,0,0,0,0,532,yes
fy-2026-27-development-book-volume-1-1011-1083,1071,1071113800,Special Global Fund - Malaria NFM 4.,1071113801,Special Global Fund - Malaria NFM 4,exp,2710100,Government Pension and Retirement Benefits,3200000,3200000,0,3200000,0,0,532,yes
fy-2026-27-development-book-volume-1-1011-1083,1071,1071113800,Special Global Fund - Malaria NFM 4.,1071113801,Special Global Fund - Malaria NFM 4,financing,1320200,Grants from International Organizations,508167661,1622964335,1622964335,0,0,0,532,yes
fy-2026-27-development-book-volume-1-1011-1083,1071,1071114000,Disaster Recovery & Upgrade of ICT Infrastructure-KONZA,1071114001,Disaster Recovery & Upgrade of ICT Infrastructure-KONZA,exp,2630200,Capital Grants to Government Agencies and other Levels of Government,448000000,0,0,0,0,0,532,yes
fy-2026-27-development-book-volume-1-1011-1083,1071,1071114100,Purchase & Refurbishment of Jubilee Insurance House.,1071114101,Purchase & Refurbishment of Jubilee Insurance House,exp,3110100,Purchase of Buildings,1000000000,1160000000,0,0,0,0,533,yes
fy-2026-27-development-book-volume-1-1011-1083,1071,1071114100,Purchase & Refurbishment of Jubilee Insurance House.,1071114101,Purchase & Refurbishment of Jubilee Insurance House,exp,3110300,Refurbishment of Buildings,400000000,0,0,0,0,0,533,yes
fy-2026-27-development-book-volume-1-1011-1083,1071,1071114200,Institutional Support to the National Treasury.,1071114201,Institutional Support to the National Treasury,exp,2640500,Other Capital Grants and Transfers,62000000,40000000,40000000,0,0,0,533,yes
fy-2026-27-development-book-volume-1-1011-1083,1071,1071114200,Institutional Support to the National Treasury.,1071114201,Institutional Support to the National Treasury,financing,1320200,Grants from International Organizations,62000000,40000000,40000000,0,0,0,533,yes
fy-2026-27-development-book-volume-1-1011-1083,1071,1071114300,"Kenya Housing Finance, Land and Sustainable Investments",1071114301,"Kenya Housing Finance, Land and Sustainable Investments",exp,2110200,Basic Wages - Temporary Employees,0,7000000,0,0,0,7000000,534,yes
fy-2026-27-development-book-volume-1-1011-1083,1071,1071114300,"Kenya Housing Finance, Land and Sustainable Investments",1071114301,"Kenya Housing Finance, Land and Sustainable Investments",exp,2210800,Hospitality Supplies and Services,0,40000000,0,0,0,40000000,534,yes
fy-2026-27-development-book-volume-1-1011-1083,1071,1071114300,"Kenya Housing Finance, Land and Sustainable Investments",1071114301,"Kenya Housing Finance, Land and Sustainable Investments",exp,2211300,Other Operating Expenses,0,10000000,0,0,0,10000000,534,yes
fy-2026-27-development-book-volume-1-1011-1083,1071,1071114300,"Kenya Housing Finance, Land and Sustainable Investments",1071114301,"Kenya Housing Finance, Land and Sustainable Investments",exp,2630200,Capital Grants to Government Agencies and other Levels of Government,0,3413000000,0,0,0,3413000000,534,yes
fy-2026-27-development-book-volume-1-1011-1083,1071,1071114300,"Kenya Housing Finance, Land and Sustainable Investments",1071114301,"Kenya Housing Finance, Land and Sustainable Investments",exp,3110700,Purchase of Vehicles and Other Transport Equipment,0,30000000,0,0,0,30000000,534,yes
fy-2026-27-development-book-volume-1-1011-1083,1071,1071100100,Support to Public Financial Management (PFM-R).,1071100101,Support to Public Financial Management (PFM-R),gross,,Gross,568000000,300000000,0,0,0,0,520,yes
fy-2026-27-development-book-volume-1-1011-1083,1071,1071100100,Support to Public Financial Management (PFM-R).,1071100101,Support to Public Financial Management (PFM-R),net,,Net,568000000,300000000,0,0,0,0,520,yes
fy-2026-27-development-book-volume-1-1011-1083,1071,1071100600,Fund for Economic Development - Aid Effectiveness for,1071100601,Fund for Economic Development - Aid Effectiveness for,gross,,Gross,70000000,29000000,29000000,0,0,0,520,yes
fy-2026-27-development-book-volume-1-1011-1083,1071,1071100600,Fund for Economic Development - Aid Effectiveness for,1071100601,Fund for Economic Development - Aid Effectiveness for,appropriations_in_aid,,Appropriations In Aid,0,29000000,29000000,0,0,0,520,yes
fy-2026-27-development-book-volume-1-1011-1083,1071,1071100600,Fund for Economic Development - Aid Effectiveness for,1071100601,Fund for Economic Development - Aid Effectiveness for,net,,Net,70000000,0,0,0,0,0,520,yes
fy-2026-27-development-book-volume-1-1011-1083,1071,1071102500,"Equity Acquisition, Operations, Maintenance in TEAMS - BETA.",1071102501,"Equity Acquisition, Operations, Maintenance in TEAMS",gross,,Gross,101674560,70000000,0,0,0,0,521,yes
fy-2026-27-development-book-volume-1-1011-1083,1071,1071102500,"Equity Acquisition, Operations, Maintenance in TEAMS - BETA.",1071102501,"Equity Acquisition, Operations, Maintenance in TEAMS",net,,Net,101674560,70000000,0,0,0,0,521,yes
fy-2026-27-development-book-volume-1-1011-1083,1071,1071102600,Equity and Subscriptions in International Financial Institutions.,1071102601,Equity and Subscriptions in International Financial Institutions,gross,,Gross,436479883,250000000,0,0,0,0,521,yes
fy-2026-27-development-book-volume-1-1011-1083,1071,1071102600,Equity and Subscriptions in International Financial Institutions.,1071102601,Equity and Subscriptions in International Financial Institutions,net,,Net,436479883,250000000,0,0,0,0,521,yes
fy-2026-27-development-book-volume-1-1011-1083,1071,1071104000,"Renewal of Oracle Licenses, Annual Support for IFMIS Apps,",1071104001,"Renewal of Oracle Licenses, Annual Support for IFMIS Apps,",gross,,Gross,1045949150,1045900000,0,0,0,0,522,yes
fy-2026-27-development-book-volume-1-1011-1083,1071,1071104000,"Renewal of Oracle Licenses, Annual Support for IFMIS Apps,",1071104001,"Renewal of Oracle Licenses, Annual Support for IFMIS Apps,",net,,Net,1045949150,1045900000,0,0,0,0,522,yes
fy-2026-27-development-book-volume-1-1011-1083,1071,1071104000,"Renewal of Oracle Licenses, Annual Support for IFMIS Apps,",1071104002,Cash to Accrual Accounting-IFMIS Re-engineering Phase II,gross,,Gross,100000000,200000000,0,0,0,0,522,yes
fy-2026-27-development-book-volume-1-1011-1083,1071,1071104000,"Renewal of Oracle Licenses, Annual Support for IFMIS Apps,",1071104002,Cash to Accrual Accounting-IFMIS Re-engineering Phase II,net,,Net,100000000,200000000,0,0,0,0,522,yes
fy-2026-27-development-book-volume-1-1011-1083,1071,1071104300,"Installation, Operational'n of DRC Equipment-Government Data",1071104301,"Installation, Operational'n of DRC Equipment-Government Data",gross,,Gross,1600000000,500000000,0,0,0,0,522,yes
fy-2026-27-development-book-volume-1-1011-1083,1071,1071104300,"Installation, Operational'n of DRC Equipment-Government Data",1071104301,"Installation, Operational'n of DRC Equipment-Government Data",net,,Net,1600000000,500000000,0,0,0,0,522,yes
fy-2026-27-development-book-volume-1-1011-1083,1071,1071104400,Contingency Fund Transfers.,1071104401,Contingency Fund Transfers,gross,,Gross,1800000000,2000000000,0,0,0,0,523,yes
fy-2026-27-development-book-volume-1-1011-1083,1071,1071104400,Contingency Fund Transfers.,1071104401,Contingency Fund Transfers,net,,Net,1800000000,2000000000,0,0,0,0,523,yes
fy-2026-27-development-book-volume-1-1011-1083,1071,1071104500,Equalisation Fund Transfers - BETA.,1071104501,Equalisation Fund Transfers,gross,,Gross,7507170425,9602170425,0,0,0,0,523,yes
fy-2026-27-development-book-volume-1-1011-1083,1071,1071104500,Equalisation Fund Transfers - BETA.,1071104501,Equalisation Fund Transfers,net,,Net,7507170425,9602170425,0,0,0,0,523,yes
fy-2026-27-development-book-volume-1-1011-1083,1071,1071105400,Treasury-Bima-Herufi Security System: Car Scanners Fire Systems,1071105401,Treasury-Bima-Herufi Security System: Car Scanners Fire Systems,gross,,Gross,13000000,0,0,0,0,0,523,yes
fy-2026-27-development-book-volume-1-1011-1083,1071,1071105400,Treasury-Bima-Herufi Security System: Car Scanners Fire Systems,1071105401,Treasury-Bima-Herufi Security System: Car Scanners Fire Systems,net,,Net,13000000,0,0,0,0,0,523,yes
fy-2026-27-development-book-volume-1-1011-1083,1071,1071106400,Development of market openness gauge system.,1071106401,Development of market openness gauge system,gross,,Gross,0,87000000,0,0,0,0,524,yes
fy-2026-27-development-book-volume-1-1011-1083,1071,1071106400,Development of market openness gauge system.,1071106401,Development of market openness gauge system,net,,Net,0,87000000,0,0,0,0,524,yes
fy-2026-27-development-book-volume-1-1011-1083,1071,1071106600,Strategic Response to Public Initiatives.,1071106601,Strategic Response to Public Initiatives,gross,,Gross,0,5000000000,0,0,0,0,524,yes
fy-2026-27-development-book-volume-1-1011-1083,1071,1071106600,Strategic Response to Public Initiatives.,1071106601,Strategic Response to Public Initiatives,net,,Net,0,5000000000,0,0,0,0,524,yes
fy-2026-27-development-book-volume-1-1011-1083,1071,1071108100,Kenya Affordable Housing Project - BETA.,1071108101,Kenya Affordable Housing Project,gross,,Gross,1875792040,0,0,0,0,0,525,yes
fy-2026-27-development-book-volume-1-1011-1083,1071,1071108100,Kenya Affordable Housing Project - BETA.,1071108101,Kenya Affordable Housing Project,net,,Net,1875792040,0,0,0,0,0,525,yes
fy-2026-27-development-book-volume-1-1011-1083,1071,1071108200,Kenya Financing Locally Led Climate Action Programme,1071108201,Kenya Financing Locally Led Climate Action Programme,gross,,Gross,9200000000,8899750000,0,712250000,0,8087500000,525,yes
fy-2026-27-development-book-volume-1-1011-1083,1071,1071108200,Kenya Financing Locally Led Climate Action Programme,1071108201,Kenya Financing Locally Led Climate Action Programme,net,,Net,9200000000,8899750000,0,712250000,0,8087500000,525,yes
fy-2026-27-development-book-volume-1-1011-1083,1071,1071108400,Public Debt Management Support Project.,1071108401,Public Debt Management Support Project,gross,,Gross,28600000,0,0,0,0,0,526,yes
fy-2026-27-development-book-volume-1-1011-1083,1071,1071108400,Public Debt Management Support Project.,1071108401,Public Debt Management Support Project,appropriations_in_aid,,Appropriations In Aid,26000000,0,0,0,0,0,526,yes
fy-2026-27-development-book-volume-1-1011-1083,1071,1071108400,Public Debt Management Support Project.,1071108401,Public Debt Management Support Project,net,,Net,2600000,0,0,0,0,0,526,yes
fy-2026-27-development-book-volume-1-1011-1083,1071,1071108400,Public Debt Management Support Project.,1071108402,Technical and Capacity Building Support Project,gross,,Gross,11000000,11000000,11000000,0,0,0,526,yes
fy-2026-27-development-book-volume-1-1011-1083,1071,1071108400,Public Debt Management Support Project.,1071108402,Technical and Capacity Building Support Project,appropriations_in_aid,,Appropriations In Aid,11000000,11000000,11000000,0,0,0,526,yes
fy-2026-27-development-book-volume-1-1011-1083,1071,1071108400,Public Debt Management Support Project.,1071108402,Technical and Capacity Building Support Project,net,,Net,0,0,0,0,0,0,526,yes
fy-2026-27-development-book-volume-1-1011-1083,1071,1071109000,Horn of Africa Gateway Development Project.,1071109001,Horn of Africa Gateway Development Project,gross,,Gross,310000000,161000000,0,0,75500000,75500000,526,yes
fy-2026-27-development-book-volume-1-1011-1083,1071,1071109000,Horn of Africa Gateway Development Project.,1071109001,Horn of Africa Gateway Development Project,appropriations_in_aid,,Appropriations In Aid,100000000,75500000,0,0,0,0,526,yes
fy-2026-27-development-book-volume-1-1011-1083,1071,1071109000,Horn of Africa Gateway Development Project.,1071109001,Horn of Africa Gateway Development Project,net,,Net,210000000,85500000,0,0,0,75500000,526,yes
fy-2026-27-development-book-volume-1-1011-1083,1071,1071109100,"East Africa Transport, Trade & Development Facilitation Project.",1071109101,"East Africa Transport, Trade & Development Facilitation Project",gross,,Gross,265000000,0,0,0,0,0,527,yes
fy-2026-27-development-book-volume-1-1011-1083,1071,1071109100,"East Africa Transport, Trade & Development Facilitation Project.",1071109101,"East Africa Transport, Trade & Development Facilitation Project",net,,Net,265000000,0,0,0,0,0,527,yes
fy-2026-27-development-book-volume-1-1011-1083,1071,1071110400,Green Climate Fund Readiness Project.,1071110401,Green Climate Fund Readiness Project,gross,,Gross,36000000,69000000,0,69000000,0,0,527,yes
fy-2026-27-development-book-volume-1-1011-1083,1071,1071110400,Green Climate Fund Readiness Project.,1071110401,Green Climate Fund Readiness Project,net,,Net,36000000,69000000,0,69000000,0,0,527,yes
fy-2026-27-development-book-volume-1-1011-1083,1071,1071110800,National Treasury Capacity Strenghtening Project.,1071110801,National Treasury Capacity Strenghtening Project,gross,,Gross,13500000,0,0,0,0,0,528,yes
fy-2026-27-development-book-volume-1-1011-1083,1071,1071110800,National Treasury Capacity Strenghtening Project.,1071110801,National Treasury Capacity Strenghtening Project,appropriations_in_aid,,Appropriations In Aid,12500000,0,0,0,0,0,528,yes
fy-2026-27-development-book-volume-1-1011-1083,1071,1071110800,National Treasury Capacity Strenghtening Project.,1071110801,National Treasury Capacity Strenghtening Project,net,,Net,1000000,0,0,0,0,0,528,yes
fy-2026-27-development-book-volume-1-1011-1083,1071,1071111700,Supporting Access to Finance & Enterprise Recovery (SAFER) -,1071111701,Supporting Access to Finance & Enterprise Recovery (SAFER),gross,,Gross,1500000000,5386000000,0,0,150000000,5236000000,528,yes
fy-2026-27-development-book-volume-1-1011-1083,1071,1071111700,Supporting Access to Finance & Enterprise Recovery (SAFER) -,1071111701,Supporting Access to Finance & Enterprise Recovery (SAFER),appropriations_in_aid,,Appropriations In Aid,0,150000000,0,0,0,0,528,yes
fy-2026-27-development-book-volume-1-1011-1083,1071,1071111700,Supporting Access to Finance & Enterprise Recovery (SAFER) -,1071111701,Supporting Access to Finance & Enterprise Recovery (SAFER),net,,Net,1500000000,5236000000,0,0,0,5236000000,528,yes
fy-2026-27-development-book-volume-1-1011-1083,1071,1071113300,Rural Kenya Financial Inclusion Facility (RK-FINFA) - BETA.,1071113301,Rural Kenya Financial Inclusion Facility (RK-FINFA),gross,,Gross,1077000000,1145000000,0,241000000,0,704000000,529,yes
fy-2026-27-development-book-volume-1-1011-1083,1071,1071113300,Rural Kenya Financial Inclusion Facility (RK-FINFA) - BETA.,1071113301,Rural Kenya Financial Inclusion Facility (RK-FINFA),net,,Net,1077000000,1145000000,0,241000000,0,704000000,529,yes
fy-2026-27-development-book-volume-1-1011-1083,1071,1071113600,Special Global Fund - TB NFM 4.,1071113601,Special Global Fund - TB NFM 4,gross,,Gross,2562713714,1262894300,887921630,74972670,0,0,530,yes
fy-2026-27-development-book-volume-1-1011-1083,1071,1071113600,Special Global Fund - TB NFM 4.,1071113601,Special Global Fund - TB NFM 4,appropriations_in_aid,,Appropriations In Aid,2028388220,887921630,887921630,0,0,0,530,yes
fy-2026-27-development-book-volume-1-1011-1083,1071,1071113600,Special Global Fund - TB NFM 4.,1071113601,Special Global Fund - TB NFM 4,net,,Net,534325494,374972670,0,74972670,0,0,530,yes
fy-2026-27-development-book-volume-1-1011-1083,1071,1071113700,Special Global Fund - HIV NFM 4.,1071113701,Special Global Fund - HIV NFM 4,gross,,Gross,5919408682,8828699000,6440964783,514034217,0,0,531,yes
fy-2026-27-development-book-volume-1-1011-1083,1071,1071113700,Special Global Fund - HIV NFM 4.,1071113701,Special Global Fund - HIV NFM 4,appropriations_in_aid,,Appropriations In Aid,4125364926,6440964783,6440964783,0,0,0,531,yes
fy-2026-27-development-book-volume-1-1011-1083,1071,1071113700,Special Global Fund - HIV NFM 4.,1071113701,Special Global Fund - HIV NFM 4,net,,Net,1794043756,2387734217,0,514034217,0,0,531,yes
fy-2026-27-development-book-volume-1-1011-1083,1071,1071113800,Special Global Fund - Malaria NFM 4.,1071113801,Special Global Fund - Malaria NFM 4,gross,,Gross,1111060214,2278500000,1622964335,255535665,0,0,532,yes
fy-2026-27-development-book-volume-1-1011-1083,1071,1071113800,Special Global Fund - Malaria NFM 4.,1071113801,Special Global Fund - Malaria NFM 4,appropriations_in_aid,,Appropriations In Aid,508167661,1622964335,1622964335,0,0,0,532,yes
fy-2026-27-development-book-volume-1-1011-1083,1071,1071113800,Special Global Fund - Malaria NFM 4.,1071113801,Special Global Fund - Malaria NFM 4,net,,Net,602892553,655535665,0,255535665,0,0,532,yes
fy-2026-27-development-book-volume-1-1011-1083,1071,1071114000,Disaster Recovery & Upgrade of ICT Infrastructure-KONZA,1071114001,Disaster Recovery & Upgrade of ICT Infrastructure-KONZA,gross,,Gross,448000000,0,0,0,0,0,532,yes
fy-2026-27-development-book-volume-1-1011-1083,1071,1071114000,Disaster Recovery & Upgrade of ICT Infrastructure-KONZA,1071114001,Disaster Recovery & Upgrade of ICT Infrastructure-KONZA,net,,Net,448000000,0,0,0,0,0,532,yes
fy-2026-27-development-book-volume-1-1011-1083,1071,1071114100,Purchase & Refurbishment of Jubilee Insurance House.,1071114101,Purchase & Refurbishment of Jubilee Insurance House,gross,,Gross,1400000000,1160000000,0,0,0,0,533,yes
fy-2026-27-development-book-volume-1-1011-1083,1071,1071114100,Purchase & Refurbishment of Jubilee Insurance House.,1071114101,Purchase & Refurbishment of Jubilee Insurance House,net,,Net,1400000000,1160000000,0,0,0,0,533,yes
fy-2026-27-development-book-volume-1-1011-1083,1071,1071114200,Institutional Support to the National Treasury.,1071114201,Institutional Support to the National Treasury,gross,,Gross,62000000,40000000,40000000,0,0,0,533,yes
fy-2026-27-development-book-volume-1-1011-1083,1071,1071114200,Institutional Support to the National Treasury.,1071114201,Institutional Support to the National Treasury,appropriations_in_aid,,Appropriations In Aid,62000000,40000000,40000000,0,0,0,533,yes
fy-2026-27-development-book-volume-1-1011-1083,1071,1071114200,Institutional Support to the National Treasury.,1071114201,Institutional Support to the National Treasury,net,,Net,0,0,0,0,0,0,533,yes
fy-2026-27-development-book-volume-1-1011-1083,1071,1071114300,"Kenya Housing Finance, Land and Sustainable Investments",1071114301,"Kenya Housing Finance, Land and Sustainable Investments",gross,,Gross,0,3500000000,0,0,0,3500000000,534,yes
fy-2026-27-development-book-volume-1-1011-1083,1071,1071114300,"Kenya Housing Finance, Land and Sustainable Investments",1071114301,"Kenya Housing Finance, Land and Sustainable Investments",net,,Net,0,3500000000,0,0,0,3500000000,534,yes
fy-2026-27-development-book-volume-1-1011-1083,1072,1072100100,National Integrated Monitoring and Evaluation System (NIMES).,1072100101,National Integrated Monitoring and Evaluation System (NIMES),exp,2210300,"Domestic Travel and Subsistence, and Other Transportation Costs",15000000,0,0,0,0,0,540,yes
fy-2026-27-development-book-volume-1-1011-1083,1072,1072100100,National Integrated Monitoring and Evaluation System (NIMES).,1072100101,National Integrated Monitoring and Evaluation System (NIMES),exp,2210700,Training Expenses,20000000,0,0,0,0,0,540,yes
fy-2026-27-development-book-volume-1-1011-1083,1072,1072100100,National Integrated Monitoring and Evaluation System (NIMES).,1072100101,National Integrated Monitoring and Evaluation System (NIMES),exp,2210800,Hospitality Supplies and Services,5000000,0,0,0,0,0,540,yes
fy-2026-27-development-book-volume-1-1011-1083,1072,1072100100,National Integrated Monitoring and Evaluation System (NIMES).,1072100101,National Integrated Monitoring and Evaluation System (NIMES),exp,2211300,Other Operating Expenses,60000000,200000000,0,0,0,0,540,yes
fy-2026-27-development-book-volume-1-1011-1083,1072,1072100300,Support-Kenya Institute for Public Policy Research & Analysis-,1072100301,Support-Kenya Institute for Public Policy Research & Analysis-,exp,2630200,Capital Grants to Government Agencies and other Levels of Government,16863803,13000000,0,0,0,0,540,yes
fy-2026-27-development-book-volume-1-1011-1083,1072,1072100800,ICPD Programme of Action Support - BETA.,1072100801,ICPD Programme of Action Support - BETA,exp,2630200,Capital Grants to Government Agencies and other Levels of Government,80000000,40400000,0,25000000,0,0,541,yes
fy-2026-27-development-book-volume-1-1011-1083,1072,1072100900,Data Collection and Data Base Development.,1072100901,Data Collection and Database Development,exp,2630200,Capital Grants to Government Agencies and other Levels of Government,66820000,66800000,0,66800000,0,0,541,yes
fy-2026-27-development-book-volume-1-1011-1083,1072,1072101000,Strengthening Capacity for Monitoring and Evaluation.,1072101001,Strengthening Capacity for Monitoring and Evaluation,exp,3111400,"Research, Feasibility Studies, Project Preparation and Design, Project S",6000000,6000000,0,6000000,0,0,541,yes
fy-2026-27-development-book-volume-1-1011-1083,1072,1072101500,National Government Constituencies Development Fund (NG-,1072101501,National Government Constituencies Development Fund (NG-,exp,2630200,Capital Grants to Government Agencies and other Levels of Government,58797728147,61797700000,0,0,0,0,542,yes
fy-2026-27-development-book-volume-1-1011-1083,1072,1072108400,National Information Platform for Food and Nutrition - KNBS.,1072108401,National Information Platform for Food and Nutrition - KNBS,exp,2630200,Capital Grants to Government Agencies and other Levels of Government,45302885,0,0,0,0,0,542,yes
fy-2026-27-development-book-volume-1-1011-1083,1072,1072108700,Making Every Woman and Girl Count.,1072108701,Making Every Woman and Girl Count,exp,2630200,Capital Grants to Government Agencies and other Levels of Government,22700000,12000000,0,12000000,0,0,543,yes
fy-2026-27-development-book-volume-1-1011-1083,1072,1072109200,East African Regional Statistics Programme for Results - BETA.,1072109201,East African Regional Statistics Programme for Results,exp,2630200,Capital Grants to Government Agencies and other Levels of Government,2885548247,341000000,0,0,0,0,543,yes
fy-2026-27-development-book-volume-1-1011-1083,1072,1072109400,Institutional Support to KNBS.,1072109401,Institutional Support to KNBS,exp,2630200,Capital Grants to Government Agencies and other Levels of Government,10000000,50000000,50000000,0,0,0,543,yes
fy-2026-27-development-book-volume-1-1011-1083,1072,1072109400,Institutional Support to KNBS.,1072109401,Institutional Support to KNBS,financing,1310200,Grants from Foreign Governments - Direct Payments,10000000,50000000,50000000,0,0,0,544,yes
fy-2026-27-development-book-volume-1-1011-1083,1072,1072109500,Purchase of Building - Headquarters for KIPPRA.,1072109501,Purchase of Building - Headquarters for KIPPRA,exp,2630200,Capital Grants to Government Agencies and other Levels of Government,180000000,0,0,0,0,0,544,yes
fy-2026-27-development-book-volume-1-1011-1083,1072,1072100100,National Integrated Monitoring and Evaluation System (NIMES).,1072100101,National Integrated Monitoring and Evaluation System (NIMES),gross,,Gross,100000000,200000000,0,0,0,0,540,yes
fy-2026-27-development-book-volume-1-1011-1083,1072,1072100100,National Integrated Monitoring and Evaluation System (NIMES).,1072100101,National Integrated Monitoring and Evaluation System (NIMES),net,,Net,100000000,200000000,0,0,0,0,540,yes
fy-2026-27-development-book-volume-1-1011-1083,1072,1072100300,Support-Kenya Institute for Public Policy Research & Analysis-,1072100301,Support-Kenya Institute for Public Policy Research & Analysis-,gross,,Gross,16863803,13000000,0,0,0,0,540,yes
fy-2026-27-development-book-volume-1-1011-1083,1072,1072100300,Support-Kenya Institute for Public Policy Research & Analysis-,1072100301,Support-Kenya Institute for Public Policy Research & Analysis-,net,,Net,16863803,13000000,0,0,0,0,540,yes
fy-2026-27-development-book-volume-1-1011-1083,1072,1072100800,ICPD Programme of Action Support - BETA.,1072100801,ICPD Programme of Action Support - BETA,gross,,Gross,80000000,40400000,0,25000000,0,0,541,yes
fy-2026-27-development-book-volume-1-1011-1083,1072,1072100800,ICPD Programme of Action Support - BETA.,1072100801,ICPD Programme of Action Support - BETA,net,,Net,80000000,40400000,0,25000000,0,0,541,yes
fy-2026-27-development-book-volume-1-1011-1083,1072,1072100900,Data Collection and Data Base Development.,1072100901,Data Collection and Database Development,gross,,Gross,66820000,66800000,0,66800000,0,0,541,yes
fy-2026-27-development-book-volume-1-1011-1083,1072,1072100900,Data Collection and Data Base Development.,1072100901,Data Collection and Database Development,net,,Net,66820000,66800000,0,66800000,0,0,541,yes
fy-2026-27-development-book-volume-1-1011-1083,1072,1072101000,Strengthening Capacity for Monitoring and Evaluation.,1072101001,Strengthening Capacity for Monitoring and Evaluation,gross,,Gross,6000000,6000000,0,6000000,0,0,542,yes
fy-2026-27-development-book-volume-1-1011-1083,1072,1072101000,Strengthening Capacity for Monitoring and Evaluation.,1072101001,Strengthening Capacity for Monitoring and Evaluation,net,,Net,6000000,6000000,0,6000000,0,0,542,yes
fy-2026-27-development-book-volume-1-1011-1083,1072,1072101500,National Government Constituencies Development Fund (NG-,1072101501,National Government Constituencies Development Fund (NG-,gross,,Gross,58797728147,61797700000,0,0,0,0,542,yes
fy-2026-27-development-book-volume-1-1011-1083,1072,1072101500,National Government Constituencies Development Fund (NG-,1072101501,National Government Constituencies Development Fund (NG-,net,,Net,58797728147,61797700000,0,0,0,0,542,yes
fy-2026-27-development-book-volume-1-1011-1083,1072,1072108400,National Information Platform for Food and Nutrition - KNBS.,1072108401,National Information Platform for Food and Nutrition - KNBS,gross,,Gross,45302885,0,0,0,0,0,542,yes
fy-2026-27-development-book-volume-1-1011-1083,1072,1072108400,National Information Platform for Food and Nutrition - KNBS.,1072108401,National Information Platform for Food and Nutrition - KNBS,net,,Net,45302885,0,0,0,0,0,542,yes
fy-2026-27-development-book-volume-1-1011-1083,1072,1072108700,Making Every Woman and Girl Count.,1072108701,Making Every Woman and Girl Count,gross,,Gross,22700000,12000000,0,12000000,0,0,543,yes
fy-2026-27-development-book-volume-1-1011-1083,1072,1072108700,Making Every Woman and Girl Count.,1072108701,Making Every Woman and Girl Count,net,,Net,22700000,12000000,0,12000000,0,0,543,yes
fy-2026-27-development-book-volume-1-1011-1083,1072,1072109200,East African Regional Statistics Programme for Results - BETA.,1072109201,East African Regional Statistics Programme for Results,gross,,Gross,2885548247,341000000,0,0,0,0,543,yes
fy-2026-27-development-book-volume-1-1011-1083,1072,1072109200,East African Regional Statistics Programme for Results - BETA.,1072109201,East African Regional Statistics Programme for Results,net,,Net,2885548247,341000000,0,0,0,0,543,yes
fy-2026-27-development-book-volume-1-1011-1083,1072,1072109400,Institutional Support to KNBS.,1072109401,Institutional Support to KNBS,gross,,Gross,10000000,50000000,50000000,0,0,0,544,yes
fy-2026-27-development-book-volume-1-1011-1083,1072,1072109400,Institutional Support to KNBS.,1072109401,Institutional Support to KNBS,appropriations_in_aid,,Appropriations In Aid,10000000,50000000,50000000,0,0,0,544,yes
fy-2026-27-development-book-volume-1-1011-1083,1072,1072109400,Institutional Support to KNBS.,1072109401,Institutional Support to KNBS,net,,Net,0,0,0,0,0,0,544,yes
fy-2026-27-development-book-volume-1-1011-1083,1072,1072109500,Purchase of Building - Headquarters for KIPPRA.,1072109501,Purchase of Building - Headquarters for KIPPRA,gross,,Gross,180000000,0,0,0,0,0,544,yes
fy-2026-27-development-book-volume-1-1011-1083,1072,1072109500,Purchase of Building - Headquarters for KIPPRA.,1072109501,Purchase of Building - Headquarters for KIPPRA,net,,Net,180000000,0,0,0,0,0,544,yes
fy-2026-27-development-book-volume-1-1011-1083,1073,1073100100,"Upgrading, Integration of Pensions Management Information",1073100101,"Upgrading, Integration of Pensions Management Information",exp,2211300,Other Operating Expenses,36000000,102700000,0,0,0,0,547,yes
fy-2026-27-development-book-volume-1-1011-1083,1073,1073100200,Implementation of e-Procurement System for the Govt. of Kenya-,1073100201,Implementation of e-Procurement System for the Govt. of Kenya-,exp,2211300,Other Operating Expenses,450000000,250000000,0,0,0,0,547,yes
fy-2026-27-development-book-volume-1-1011-1083,1073,1073100200,Implementation of e-Procurement System for the Govt. of Kenya-,1073100201,Implementation of e-Procurement System for the Govt. of Kenya-,exp,2640500,Other Capital Grants and Transfers,250000000,100000000,0,0,0,0,547,yes
fy-2026-27-development-book-volume-1-1011-1083,1073,1073100300,Strategic Investment in Public Enterprises.,1073100301,Consolidated Bank of Kenya Limited,exp,2630200,Capital Grants to Government Agencies and other Levels of Government,0,1125000000,0,0,0,0,548,yes
fy-2026-27-development-book-volume-1-1011-1083,1073,1073100100,"Upgrading, Integration of Pensions Management Information",1073100101,"Upgrading, Integration of Pensions Management Information",gross,,Gross,36000000,102700000,0,0,0,0,547,yes
fy-2026-27-development-book-volume-1-1011-1083,1073,1073100100,"Upgrading, Integration of Pensions Management Information",1073100101,"Upgrading, Integration of Pensions Management Information",net,,Net,36000000,102700000,0,0,0,0,547,yes
fy-2026-27-development-book-volume-1-1011-1083,1073,1073100200,Implementation of e-Procurement System for the Govt. of Kenya-,1073100201,Implementation of e-Procurement System for the Govt. of Kenya-,gross,,Gross,700000000,350000000,0,0,0,0,547,yes
fy-2026-27-development-book-volume-1-1011-1083,1073,1073100200,Implementation of e-Procurement System for the Govt. of Kenya-,1073100201,Implementation of e-Procurement System for the Govt. of Kenya-,net,,Net,700000000,350000000,0,0,0,0,547,yes
fy-2026-27-development-book-volume-1-1011-1083,1073,1073100300,Strategic Investment in Public Enterprises.,1073100301,Consolidated Bank of Kenya Limited,gross,,Gross,0,1125000000,0,0,0,0,548,yes
fy-2026-27-development-book-volume-1-1011-1083,1073,1073100300,Strategic Investment in Public Enterprises.,1073100301,Consolidated Bank of Kenya Limited,net,,Net,0,1125000000,0,0,0,0,548,yes
fy-2026-27-development-book-volume-1-1011-1083,1082,1082100100,KNH Burns and Pediatrics Centre.,1082100101,KNH Burns and Pediatrics Centre,exp,2630200,Capital Grants to Government Agencies and other Levels of Government,100000000,24000000,0,0,0,0,570,yes
fy-2026-27-development-book-volume-1-1011-1083,1082,1082100100,KNH Burns and Pediatrics Centre.,1082100101,KNH Burns and Pediatrics Centre,exp,3110200,Construction of Building,20000000,205000000,0,0,205000000,0,570,yes
fy-2026-27-development-book-volume-1-1011-1083,1082,1082100100,KNH Burns and Pediatrics Centre.,1082100101,KNH Burns and Pediatrics Centre,financing,5120200,Foreign Borrowing - Direct Payments,20000000,205000000,0,0,0,0,570,yes
fy-2026-27-development-book-volume-1-1011-1083,1082,1082100100,KNH Burns and Pediatrics Centre.,1082100102,OPEC Fund for International Development Contribution,exp,2630200,Capital Grants to Government Agencies and other Levels of Government,100000000,24000000,0,0,0,0,570,yes
fy-2026-27-development-book-volume-1-1011-1083,1082,1082100100,KNH Burns and Pediatrics Centre.,1082100102,OPEC Fund for International Development Contribution,exp,3110200,Construction of Building,20000000,5000000,0,0,5000000,0,570,yes
fy-2026-27-development-book-volume-1-1011-1083,1082,1082100100,KNH Burns and Pediatrics Centre.,1082100102,OPEC Fund for International Development Contribution,financing,5120200,Foreign Borrowing - Direct Payments,20000000,5000000,0,0,0,0,570,yes
fy-2026-27-development-book-volume-1-1011-1083,1082,1082100100,KNH Burns and Pediatrics Centre.,1082100103,BADEA Contribution,exp,2630200,Capital Grants to Government Agencies and other Levels of Government,100000000,24000000,0,0,0,0,570,yes
fy-2026-27-development-book-volume-1-1011-1083,1082,1082100100,KNH Burns and Pediatrics Centre.,1082100103,BADEA Contribution,exp,3110200,Construction of Building,20000000,205000000,0,0,205000000,0,570,yes
fy-2026-27-development-book-volume-1-1011-1083,1082,1082100100,KNH Burns and Pediatrics Centre.,1082100103,BADEA Contribution,financing,5120200,Foreign Borrowing - Direct Payments,20000000,205000000,0,0,0,0,571,yes
fy-2026-27-development-book-volume-1-1011-1083,1082,1082100200,National Commodities Storage Center (KEMSA).,1082100201,National Commodities Storage Center (KEMSA),exp,2630200,Capital Grants to Government Agencies and other Levels of Government,0,120000000,0,0,0,0,571,yes
fy-2026-27-development-book-volume-1-1011-1083,1082,1082100300,East Africa's Centre of Excellence for Skills & Tertiary Education.,1082100301,East Africa's Centre of Excellence for Skills & Tertiary Education,exp,2630200,Capital Grants to Government Agencies and other Levels of Government,218605217,0,0,0,0,0,571,yes
fy-2026-27-development-book-volume-1-1011-1083,1082,1082100300,East Africa's Centre of Excellence for Skills & Tertiary Education.,1082100301,East Africa's Centre of Excellence for Skills & Tertiary Education,financing,5120200,Foreign Borrowing - Direct Payments,3605217,0,0,0,0,0,572,yes
fy-2026-27-development-book-volume-1-1011-1083,1082,1082100500,Managed Equipment Service-Hire of Medical Equipment for 98,1082100501,Managed Equipment Service-Hire of Medical Equipment for 98,exp,2630200,Capital Grants to Government Agencies and other Levels of Government,380000000,0,0,0,0,0,572,yes
fy-2026-27-development-book-volume-1-1011-1083,1082,1082100700,Renovation/Equipping Buildings-Mathari Teaching & Referral,1082100701,Renovation/Equipping Buildings-Mathari Teaching & Referral,exp,2630200,Capital Grants to Government Agencies and other Levels of Government,100000000,200000000,0,0,0,0,572,yes
fy-2026-27-development-book-volume-1-1011-1083,1082,1082100800,Renovation & Equipping of National Spinal Injury Hospital.,1082100801,Renovation & Equipping of National Spinal Injury Hospital,exp,3110200,Construction of Building,0,150105635,0,0,0,0,573,yes
fy-2026-27-development-book-volume-1-1011-1083,1082,1082100900,Procurement of Equipment at the National Blood Transfusion,1082100901,Procurement of Equipment at the National Blood Transfusion,exp,2211000,Specialised Materials and Supplies,900000000,600000000,0,0,0,0,573,yes
fy-2026-27-development-book-volume-1-1011-1083,1082,1082101100,Cancer & Chronic Disease Management Centre - MTRH.,1082101101,Cancer & Chronic Disease Management Centre MTRH,exp,2630200,Capital Grants to Government Agencies and other Levels of Government,0,72000000,0,0,0,0,573,yes
fy-2026-27-development-book-volume-1-1011-1083,1082,1082101500,Construction and upgrading of KEMRI Laboratories.,1082101502,KEMRI Laboratories - Kirinyaga,exp,2630200,Capital Grants to Government Agencies and other Levels of Government,70000000,80000000,0,0,0,0,574,yes
fy-2026-27-development-book-volume-1-1011-1083,1082,1082101500,Construction and upgrading of KEMRI Laboratories.,1082101503,KEMRI Laboratories - Kombewa,exp,2630200,Capital Grants to Government Agencies and other Levels of Government,90000000,65000000,0,0,0,0,574,yes
fy-2026-27-development-book-volume-1-1011-1083,1082,1082101700,Construction of a Cancer Centre at Kisii Level 5 Hospital.,1082101701,Construction of a Cancer Centre at Kisii Level 5 Hospital,exp,2211300,Other Operating Expenses,0,36000000,0,0,0,0,574,yes
fy-2026-27-development-book-volume-1-1011-1083,1082,1082101700,Construction of a Cancer Centre at Kisii Level 5 Hospital.,1082101701,Construction of a Cancer Centre at Kisii Level 5 Hospital,exp,3110200,Construction of Building,460000000,980000000,0,0,980000000,0,575,yes
fy-2026-27-development-book-volume-1-1011-1083,1082,1082101700,Construction of a Cancer Centre at Kisii Level 5 Hospital.,1082101701,Construction of a Cancer Centre at Kisii Level 5 Hospital,financing,5120200,Foreign Borrowing - Direct Payments,460000000,980000000,0,0,0,0,575,yes
fy-2026-27-development-book-volume-1-1011-1083,1082,1082101800,Strengthening of Cancer Management at KNH.,1082101801,Strengthening of Cancer Management at KNH,exp,2630200,Capital Grants to Government Agencies and other Levels of Government,100000000,300000000,0,0,0,0,575,yes
fy-2026-27-development-book-volume-1-1011-1083,1082,1082101900,Research and Development - KEMRI.,1082101901,Research and Development - KEMRI,exp,2630200,Capital Grants to Government Agencies and other Levels of Government,0,150000000,0,0,0,0,575,yes
fy-2026-27-development-book-volume-1-1011-1083,1082,1082102100,Construction of the Second Tower- Gatundu Level V Hospital,1082102101,Construction of the Second Tower- Gatundu Level V Hospital,exp,2630200,Capital Grants to Government Agencies and other Levels of Government,0,120000000,0,0,0,0,576,yes
fy-2026-27-development-book-volume-1-1011-1083,1082,1082102200,Infrastructural Support to Kigumo Hospital.,1082102201,Infrastructural Support to Kigumo Hospital,exp,2630200,Capital Grants to Government Agencies and other Levels of Government,0,40000000,0,0,0,0,576,yes
fy-2026-27-development-book-volume-1-1011-1083,1082,1082102400,Refurbishment/Renovation and Replacement of Obsolete,1082102401,Refurbishment/Renovation and Replacement of Obsolete,exp,2630200,Capital Grants to Government Agencies and other Levels of Government,100000000,300000000,0,0,0,0,577,yes
fy-2026-27-development-book-volume-1-1011-1083,1082,1082102500,Expansion of Comprehensive Cancer Centre - KUTRRH.,1082102501,Expansion of Comprehensive Cancer Centre - KUTRRH,exp,2630200,Capital Grants to Government Agencies and other Levels of Government,100000000,150000000,0,0,0,0,577,yes
fy-2026-27-development-book-volume-1-1011-1083,1082,1082103100,Procurement of Family Planning & Reproductive Health,1082103101,Procurement of Family Planning & Reproductive Health,exp,2640500,Other Capital Grants and Transfers,520000000,500000000,0,0,0,0,577,yes
fy-2026-27-development-book-volume-1-1011-1083,1082,1082103600,Kenya COVID-19 Emergency Response Project.,1082103601,Kenya COVID-19 Emergency Response Project,exp,2640200,Emergency Relief and Refugee Assistance,8180000000,0,0,0,0,0,578,yes
fy-2026-27-development-book-volume-1-1011-1083,1082,1082103600,Kenya COVID-19 Emergency Response Project.,1082103601,Kenya COVID-19 Emergency Response Project,financing,5120200,Foreign Borrowing - Direct Payments,8180000000,0,0,0,0,0,578,yes
fy-2026-27-development-book-volume-1-1011-1083,1082,1082103800,Vaccines Programme.,1082103801,Vaccines Programme,exp,2211000,Specialised Materials and Supplies,2600000000,1760000000,1760000000,0,0,0,578,yes
fy-2026-27-development-book-volume-1-1011-1083,1082,1082103800,Vaccines Programme.,1082103801,Vaccines Programme,exp,2640500,Other Capital Grants and Transfers,4600000000,4600000000,0,0,0,0,578,yes
fy-2026-27-development-book-volume-1-1011-1083,1082,1082103800,Vaccines Programme.,1082103801,Vaccines Programme,financing,1320100,Grants from International Organizations - Cash through Exchequer,2600000000,1760000000,1760000000,0,0,0,579,yes
fy-2026-27-development-book-volume-1-1011-1083,1082,1082103800,Vaccines Programme.,1082103802,Health and Immunization Strengthening Project,exp,2211300,Other Operating Expenses,27000000,0,0,0,0,0,579,yes
fy-2026-27-development-book-volume-1-1011-1083,1082,1082103900,Supply of Medical Equipmnt & Fight for Maternal & Infant,1082103901,Supply of Medical Equipmnt & Fight for Maternal & Infant,exp,2640500,Other Capital Grants and Transfers,125000000,100000000,0,0,100000000,0,579,yes
fy-2026-27-development-book-volume-1-1011-1083,1082,1082103900,Supply of Medical Equipmnt & Fight for Maternal & Infant,1082103901,Supply of Medical Equipmnt & Fight for Maternal & Infant,financing,5120200,Foreign Borrowing - Direct Payments,125000000,100000000,0,0,0,0,579,yes
fy-2026-27-development-book-volume-1-1011-1083,1082,1082104300,Primary Health Care in the Devolved Context.,1082104301,Primary Health Care in the Devolved Context,exp,2630200,Capital Grants to Government Agencies and other Levels of Government,578000000,36400000,20000000,16400000,0,0,580,yes
fy-2026-27-development-book-volume-1-1011-1083,1082,1082104300,Primary Health Care in the Devolved Context.,1082104301,Primary Health Care in the Devolved Context,financing,1310100,Grants from Foreign Governments - Cash Through Exchequer,0,20000000,20000000,0,0,0,580,yes
fy-2026-27-development-book-volume-1-1011-1083,1082,1082104400,Human Vaccine Production - BETA.,1082104401,Human Vaccine Production,exp,2630200,Capital Grants to Government Agencies and other Levels of Government,100000000,244000000,0,0,0,0,580,yes
fy-2026-27-development-book-volume-1-1011-1083,1082,1082104500,Upgrading of Maternal &New Born Units Project-VAMED-,1082104501,Upgrading of Maternal &New Born Units Project-VAMED-,exp,2630200,Capital Grants to Government Agencies and other Levels of Government,715000000,52000000,0,0,52000000,0,580,yes
fy-2026-27-development-book-volume-1-1011-1083,1082,1082104500,Upgrading of Maternal &New Born Units Project-VAMED-,1082104501,Upgrading of Maternal &New Born Units Project-VAMED-,financing,5120200,Foreign Borrowing - Direct Payments,500000000,52000000,0,0,0,0,581,yes
fy-2026-27-development-book-volume-1-1011-1083,1082,1082104500,Upgrading of Maternal &New Born Units Project-VAMED-,1082104501,Upgrading of Maternal &New Born Units Project-VAMED-,financing,1310200,Grants from Foreign Governments - Direct Payments,215000000,0,0,0,0,0,581,yes
fy-2026-27-development-book-volume-1-1011-1083,1082,1082104700,EA's Centres of Excel. for Skills & Tertiary Edu. in Biosciences- II.,1082104701,EA's Centres of Excel. for Skills & Tertiary Edu. in Biosciences- II,exp,2211300,Other Operating Expenses,0,134000000,0,0,0,0,581,yes
fy-2026-27-development-book-volume-1-1011-1083,1082,1082104700,EA's Centres of Excel. for Skills & Tertiary Edu. in Biosciences- II.,1082104701,EA's Centres of Excel. for Skills & Tertiary Edu. in Biosciences- II,exp,2630200,Capital Grants to Government Agencies and other Levels of Government,1050000000,838000000,0,0,788000000,50000000,581,yes
fy-2026-27-development-book-volume-1-1011-1083,1082,1082104700,EA's Centres of Excel. for Skills & Tertiary Edu. in Biosciences- II.,1082104701,EA's Centres of Excel. for Skills & Tertiary Edu. in Biosciences- II,financing,5120200,Foreign Borrowing - Direct Payments,1000000000,788000000,0,0,0,0,581,yes
fy-2026-27-development-book-volume-1-1011-1083,1082,1082104800,GoK/ UNFPA 10th Country Programme - MoH NSDCC HIV.,1082104801,GoK/ UNFPA 10th Country Programme - MoH NSDCC HIV,exp,2630200,Capital Grants to Government Agencies and other Levels of Government,10000000,10000000,0,10000000,0,0,582,yes
fy-2026-27-development-book-volume-1-1011-1083,1082,1082104900,Integrated Reproductive Health Programme.,1082104901,Integrated Reproductive Health Programme,exp,2630200,Capital Grants to Government Agencies and other Levels of Government,100000000,1250000000,1150000000,100000000,0,0,582,yes
fy-2026-27-development-book-volume-1-1011-1083,1082,1082104900,Integrated Reproductive Health Programme.,1082104901,Integrated Reproductive Health Programme,financing,1320100,Grants from International Organizations - Cash through Exchequer,50000000,1150000000,1150000000,0,0,0,582,yes
fy-2026-27-development-book-volume-1-1011-1083,1082,1082105000,Upgrading of Children Ward - Kibugua Level 3 Hosptal.,1082105001,Upgrading of Children Ward - Kibugua Level 3 Hosptal,exp,2630200,Capital Grants to Government Agencies and other Levels of Government,50000000,0,0,0,0,0,582,yes
fy-2026-27-development-book-volume-1-1011-1083,1082,1082105000,Upgrading of Children Ward - Kibugua Level 3 Hosptal.,1082105001,Upgrading of Children Ward - Kibugua Level 3 Hosptal,exp,3110200,Construction of Building,50000000,0,0,0,0,0,583,yes
fy-2026-27-development-book-volume-1-1011-1083,1082,1082105100,Upgrading & Equipping of Maternal & New Born Ward -Endebess,1082105101,Upgrading & Equipping of Maternal & New Born Ward -,exp,2630200,Capital Grants to Government Agencies and other Levels of Government,20000000,0,0,0,0,0,583,yes
fy-2026-27-development-book-volume-1-1011-1083,1082,1082105100,Upgrading & Equipping of Maternal & New Born Ward -Endebess,1082105101,Upgrading & Equipping of Maternal & New Born Ward -,exp,3110200,Construction of Building,50000000,0,0,0,0,0,583,yes
fy-2026-27-development-book-volume-1-1011-1083,1082,1082105400,Supply of Cyflow CD4 Counter Instruments.,1082105401,Supply of Cyflow CD4 Counter Instruments,exp,2630200,Capital Grants to Government Agencies and other Levels of Government,50000000,0,0,0,0,0,583,yes
fy-2026-27-development-book-volume-1-1011-1083,1082,1082105500,Supply of Medical Supplies and Commodities - Vulcan Pending,1082105501,Supply of Medical Supplies and Commodities - Vulcan Pending Bill,exp,2630200,Capital Grants to Government Agencies and other Levels of Government,140000000,0,0,0,0,0,584,yes
fy-2026-27-development-book-volume-1-1011-1083,1082,1082105600,Upgrading and Equiping of Lusigetti Hospital Kikuyu.,1082105601,Upgrading and Equiping of Lusigetti Hospital Kikuyu,exp,2630200,Capital Grants to Government Agencies and other Levels of Government,48000000,0,0,0,0,0,584,yes
fy-2026-27-development-book-volume-1-1011-1083,1082,1082106000,Acquisition of Speciliazed Medical Equipment CHP.,1082106001,Acquisition of Speciliazed Medical Equipment CHP,exp,3111100,"Purchase of Specialised Plant, Equipment and Machinery",500000000,700000000,0,0,0,0,585,yes
fy-2026-27-development-book-volume-1-1011-1083,1082,1082106200,"Health emergency Preparedness, Response & Resilience Program.",1082106201,"Health emergency Preparedness, Response & Resilience Program",exp,2630200,Capital Grants to Government Agencies and other Levels of Government,200000000,700000000,0,0,300000000,400000000,585,yes
fy-2026-27-development-book-volume-1-1011-1083,1082,1082106200,"Health emergency Preparedness, Response & Resilience Program.",1082106201,"Health emergency Preparedness, Response & Resilience Program",financing,5120200,Foreign Borrowing - Direct Payments,100000000,300000000,0,0,0,0,585,yes
fy-2026-27-development-book-volume-1-1011-1083,1082,1082107300,Procument of Specialized Equipment.,1082107301,Procument of Specialized Equipment - KNH,exp,2630200,Capital Grants to Government Agencies and other Levels of Government,450000000,0,0,0,0,0,585,yes
fy-2026-27-development-book-volume-1-1011-1083,1082,1082107400,Construction and Equipping of Health Centres.,1082107401,Mt. Elgon Hospital,exp,2630200,Capital Grants to Government Agencies and other Levels of Government,10000000,0,0,0,0,0,586,yes
fy-2026-27-development-book-volume-1-1011-1083,1082,1082107400,Construction and Equipping of Health Centres.,1082107403,Mogotio Health Centre,exp,2630200,Capital Grants to Government Agencies and other Levels of Government,20000000,0,0,0,0,0,586,yes
fy-2026-27-development-book-volume-1-1011-1083,1082,1082107400,Construction and Equipping of Health Centres.,1082107406,Lukusi Health Centre,exp,2630200,Capital Grants to Government Agencies and other Levels of Government,40000000,0,0,0,0,0,586,yes
fy-2026-27-development-book-volume-1-1011-1083,1082,1082107400,Construction and Equipping of Health Centres.,1082107408,Kegonga Level IV Hospital,exp,2630200,Capital Grants to Government Agencies and other Levels of Government,290000000,0,0,0,0,0,586,yes
fy-2026-27-development-book-volume-1-1011-1083,1082,1082107400,Construction and Equipping of Health Centres.,1082107409,Bugumbe Health Centre,exp,2630200,Capital Grants to Government Agencies and other Levels of Government,85000000,0,0,0,0,0,587,yes
fy-2026-27-development-book-volume-1-1011-1083,1082,1082107400,Construction and Equipping of Health Centres.,1082107410,Chebirir Health Centre,exp,2630200,Capital Grants to Government Agencies and other Levels of Government,30000000,0,0,0,0,0,587,yes
fy-2026-27-development-book-volume-1-1011-1083,1082,1082107400,Construction and Equipping of Health Centres.,1082107411,Wamba Health Centre,exp,2630200,Capital Grants to Government Agencies and other Levels of Government,20000000,0,0,0,0,0,587,yes
fy-2026-27-development-book-volume-1-1011-1083,1082,1082107400,Construction and Equipping of Health Centres.,1082107412,Khwisero Level IV Hospital,exp,2630200,Capital Grants to Government Agencies and other Levels of Government,40000000,0,0,0,0,0,587,yes
fy-2026-27-development-book-volume-1-1011-1083,1082,1082107400,Construction and Equipping of Health Centres.,1082107422,Sankuri Health Centre,exp,2630200,Capital Grants to Government Agencies and other Levels of Government,20000000,0,0,0,0,0,587,yes
fy-2026-27-development-book-volume-1-1011-1083,1082,1082107400,Construction and Equipping of Health Centres.,1082107423,Mur Malanga Level 3 Hospital,exp,2630200,Capital Grants to Government Agencies and other Levels of Government,40000000,0,0,0,0,0,588,yes
fy-2026-27-development-book-volume-1-1011-1083,1082,1082107400,Construction and Equipping of Health Centres.,1082107438,Kapsengere Dispensary,exp,2630200,Capital Grants to Government Agencies and other Levels of Government,20000000,0,0,0,0,0,588,yes
fy-2026-27-development-book-volume-1-1011-1083,1082,1082107400,Construction and Equipping of Health Centres.,1082107439,Salient Kipkaren Health Center,exp,2630200,Capital Grants to Government Agencies and other Levels of Government,20000000,0,0,0,0,0,588,yes
fy-2026-27-development-book-volume-1-1011-1083,1082,1082107400,Construction and Equipping of Health Centres.,1082107440,Porojko Health Center,exp,2630200,Capital Grants to Government Agencies and other Levels of Government,20000000,0,0,0,0,0,588,yes
fy-2026-27-development-book-volume-1-1011-1083,1082,1082107400,Construction and Equipping of Health Centres.,1082107441,Kajuki Dispensary,exp,2630200,Capital Grants to Government Agencies and other Levels of Government,30000000,0,0,0,0,0,588,yes
fy-2026-27-development-book-volume-1-1011-1083,1082,1082107400,Construction and Equipping of Health Centres.,1082107442,Kitum Health Center,exp,2630200,Capital Grants to Government Agencies and other Levels of Government,40000000,0,0,0,0,0,589,yes
fy-2026-27-development-book-volume-1-1011-1083,1082,1082107400,Construction and Equipping of Health Centres.,1082107443,Nyaribu Dispensary,exp,2630200,Capital Grants to Government Agencies and other Levels of Government,40000000,0,0,0,0,0,589,yes
fy-2026-27-development-book-volume-1-1011-1083,1082,1082107400,Construction and Equipping of Health Centres.,1082107444,Nyalenda Health Center,exp,2630200,Capital Grants to Government Agencies and other Levels of Government,45000000,0,0,0,0,0,589,yes
fy-2026-27-development-book-volume-1-1011-1083,1082,1082107400,Construction and Equipping of Health Centres.,1082107445,Emusanda Health Center,exp,2630200,Capital Grants to Government Agencies and other Levels of Government,20000000,0,0,0,0,0,589,yes
fy-2026-27-development-book-volume-1-1011-1083,1082,1082107400,Construction and Equipping of Health Centres.,1082107446,Irigiro Health Center,exp,2630200,Capital Grants to Government Agencies and other Levels of Government,20000000,0,0,0,0,0,589,yes
fy-2026-27-development-book-volume-1-1011-1083,1082,1082107400,Construction and Equipping of Health Centres.,1082107447,Urenga Health Center,exp,2630200,Capital Grants to Government Agencies and other Levels of Government,30000000,0,0,0,0,0,590,yes
fy-2026-27-development-book-volume-1-1011-1083,1082,1082107400,Construction and Equipping of Health Centres.,1082107448,Loosuk Health Center,exp,2630200,Capital Grants to Government Agencies and other Levels of Government,40000000,0,0,0,0,0,590,yes
fy-2026-27-development-book-volume-1-1011-1083,1082,1082107400,Construction and Equipping of Health Centres.,1082107449,Lower Solai Health Center,exp,2630200,Capital Grants to Government Agencies and other Levels of Government,20000000,0,0,0,0,0,590,yes
fy-2026-27-development-book-volume-1-1011-1083,1082,1082107400,Construction and Equipping of Health Centres.,1082107450,Bulla Nzuri Maternity,exp,2630200,Capital Grants to Government Agencies and other Levels of Government,10000000,7700000,0,0,0,0,590,yes
fy-2026-27-development-book-volume-1-1011-1083,1082,1082107400,Construction and Equipping of Health Centres.,1082107451,Modern Outpatient Unit at Bour Algi Heath Centre,exp,2630200,Capital Grants to Government Agencies and other Levels of Government,10000000,7700000,0,0,0,0,590,yes
fy-2026-27-development-book-volume-1-1011-1083,1082,1082107400,Construction and Equipping of Health Centres.,1082107452,Construction of Maternity Block with Theatre at Bulla Madina,exp,2630200,Capital Grants to Government Agencies and other Levels of Government,20000000,7700000,0,0,0,0,591,yes
fy-2026-27-development-book-volume-1-1011-1083,1082,1082107400,Construction and Equipping of Health Centres.,1082107453,Diribor Health Centre,exp,2630200,Capital Grants to Government Agencies and other Levels of Government,10000000,4600000,0,0,0,0,591,yes
fy-2026-27-development-book-volume-1-1011-1083,1082,1082107400,Construction and Equipping of Health Centres.,1082107454,Cheberen Mogotio Health Centre,exp,2630200,Capital Grants to Government Agencies and other Levels of Government,10000000,0,0,0,0,0,591,yes
fy-2026-27-development-book-volume-1-1011-1083,1082,1082107400,Construction and Equipping of Health Centres.,1082107455,Kilgoris Health centre,exp,2630200,Capital Grants to Government Agencies and other Levels of Government,20000000,0,0,0,0,0,591,yes
fy-2026-27-development-book-volume-1-1011-1083,1082,1082107400,Construction and Equipping of Health Centres.,1082107456,Ekambuli Health Centre,exp,2630200,Capital Grants to Government Agencies and other Levels of Government,10000000,0,0,0,0,0,591,yes
fy-2026-27-development-book-volume-1-1011-1083,1082,1082107400,Construction and Equipping of Health Centres.,1082107457,Kaanwa Health Centre,exp,2630200,Capital Grants to Government Agencies and other Levels of Government,20000000,0,0,0,0,0,592,yes
fy-2026-27-development-book-volume-1-1011-1083,1082,1082107400,Construction and Equipping of Health Centres.,1082107458,Kanyakine,exp,2630200,Capital Grants to Government Agencies and other Levels of Government,20000000,0,0,0,0,0,592,yes
fy-2026-27-development-book-volume-1-1011-1083,1082,1082107400,Construction and Equipping of Health Centres.,1082107459,Lwanda level 3 Hospital,exp,2640500,Other Capital Grants and Transfers,75000000,0,0,0,0,0,592,yes
fy-2026-27-development-book-volume-1-1011-1083,1082,1082107400,Construction and Equipping of Health Centres.,1082107460,Urenga Hospital,exp,2640500,Other Capital Grants and Transfers,10000000,0,0,0,0,0,592,yes
fy-2026-27-development-book-volume-1-1011-1083,1082,1082107400,Construction and Equipping of Health Centres.,1082107461,Kocholwo Sub-County Hospital upgrade,exp,2630200,Capital Grants to Government Agencies and other Levels of Government,0,50000000,0,0,0,0,592,yes
fy-2026-27-development-book-volume-1-1011-1083,1082,1082107400,Construction and Equipping of Health Centres.,1082107462,Kapchemutta Health Centre upgrade,exp,2630200,Capital Grants to Government Agencies and other Levels of Government,0,50000000,0,0,0,0,593,yes
fy-2026-27-development-book-volume-1-1011-1083,1082,1082107600,"Reproductive, Maternal, Neonatal Child & Adolescent Health",1082107601,"Reproductive, Maternal, Neonatal Child & Adolescent Health",exp,2211000,Specialised Materials and Supplies,1100000000,0,0,0,0,0,593,yes
fy-2026-27-development-book-volume-1-1011-1083,1082,1082107600,"Reproductive, Maternal, Neonatal Child & Adolescent Health",1082107601,"Reproductive, Maternal, Neonatal Child & Adolescent Health",exp,2630200,Capital Grants to Government Agencies and other Levels of Government,0,3800000000,0,3800000000,0,0,593,yes
fy-2026-27-development-book-volume-1-1011-1083,1082,1082107600,"Reproductive, Maternal, Neonatal Child & Adolescent Health",1082107601,"Reproductive, Maternal, Neonatal Child & Adolescent Health",exp,3110300,Refurbishment of Buildings,380000000,0,0,0,0,0,593,yes
fy-2026-27-development-book-volume-1-1011-1083,1082,1082107600,"Reproductive, Maternal, Neonatal Child & Adolescent Health",1082107601,"Reproductive, Maternal, Neonatal Child & Adolescent Health",exp,3111100,"Purchase of Specialised Plant, Equipment and Machinery",1000000000,0,0,0,0,0,593,yes
fy-2026-27-development-book-volume-1-1011-1083,1082,1082107600,"Reproductive, Maternal, Neonatal Child & Adolescent Health",1082107601,"Reproductive, Maternal, Neonatal Child & Adolescent Health",exp,3111400,"Research, Feasibility Studies, Project Preparation and Design, Project S",900000000,0,0,0,0,0,593,yes
fy-2026-27-development-book-volume-1-1011-1083,1082,1082107700,Special Global Fund HIV Grant-NFM4.,1082107702,Special Global Fund HIV Grant-NFM4-NSDCC,exp,2630200,Capital Grants to Government Agencies and other Levels of Government,160000000,260000000,0,260000000,0,0,594,yes
fy-2026-27-development-book-volume-1-1011-1083,1082,1082107700,Special Global Fund HIV Grant-NFM4.,1082107703,Special Global Fund HIV Grant-NFM4-NASCOP,exp,2630200,Capital Grants to Government Agencies and other Levels of Government,2720068600,3040000000,0,540000000,0,0,594,yes
fy-2026-27-development-book-volume-1-1011-1083,1082,1082107800,Construction and Equipping of Level 4 Hospitals.,1082107805,Olokurto Level 4 Hospital - Narok,exp,2630200,Capital Grants to Government Agencies and other Levels of Government,50000000,0,0,0,0,0,594,yes
fy-2026-27-development-book-volume-1-1011-1083,1082,1082107800,Construction and Equipping of Level 4 Hospitals.,1082107806,Sogoo Level 4 Hospital - Narok,exp,2630200,Capital Grants to Government Agencies and other Levels of Government,100000000,0,0,0,0,0,594,yes
fy-2026-27-development-book-volume-1-1011-1083,1082,1082107800,Construction and Equipping of Level 4 Hospitals.,1082107810,Miftin Level IV Hospital,exp,2630200,Capital Grants to Government Agencies and other Levels of Government,10000000,0,0,0,0,0,595,yes
fy-2026-27-development-book-volume-1-1011-1083,1082,1082107800,Construction and Equipping of Level 4 Hospitals.,1082107811,Malela Level IV Hospital,exp,2630200,Capital Grants to Government Agencies and other Levels of Government,40000000,0,0,0,0,0,595,yes
fy-2026-27-development-book-volume-1-1011-1083,1082,1082107800,Construction and Equipping of Level 4 Hospitals.,1082107813,Magunga level 4 Hospital,exp,2640500,Other Capital Grants and Transfers,100000000,0,0,0,0,0,595,yes
fy-2026-27-development-book-volume-1-1011-1083,1082,1082107800,Construction and Equipping of Level 4 Hospitals.,1082107814,Nyagoro level 4 Hospital,exp,2640500,Other Capital Grants and Transfers,75000000,0,0,0,0,0,595,yes
fy-2026-27-development-book-volume-1-1011-1083,1082,1082107800,Construction and Equipping of Level 4 Hospitals.,1082107815,Nyamaraga level 4 Hospital,exp,2640500,Other Capital Grants and Transfers,50000000,0,0,0,0,0,595,yes
fy-2026-27-development-book-volume-1-1011-1083,1082,1082108600,Infrastructure Upgrade-Jaramogi Oginga Odinga Teaching & Ref.,1082108601,Infrastructure Upgrade-Jaramogi Oginga Odinga Teaching & Ref.,exp,2630200,Capital Grants to Government Agencies and other Levels of Government,230000000,0,0,0,0,0,596,yes
fy-2026-27-development-book-volume-1-1011-1083,1082,1082108600,Infrastructure Upgrade-Jaramogi Oginga Odinga Teaching & Ref.,1082108602,Establishment of Hematology and BMT Centre,exp,2630200,Capital Grants to Government Agencies and other Levels of Government,0,61000000,0,0,0,0,596,yes
fy-2026-27-development-book-volume-1-1011-1083,1082,1082108600,Infrastructure Upgrade-Jaramogi Oginga Odinga Teaching & Ref.,1082108603,Establishment of Cath lab Phase II,exp,2630200,Capital Grants to Government Agencies and other Levels of Government,0,40000000,0,0,0,0,596,yes
fy-2026-27-development-book-volume-1-1011-1083,1082,1082108600,Infrastructure Upgrade-Jaramogi Oginga Odinga Teaching & Ref.,1082108604,Modernization and equipping of theatres Phase II,exp,2630200,Capital Grants to Government Agencies and other Levels of Government,0,54000000,0,0,0,0,596,yes
fy-2026-27-development-book-volume-1-1011-1083,1082,1082108600,Infrastructure Upgrade-Jaramogi Oginga Odinga Teaching & Ref.,1082108605,Establishment of a 10 bed NICU unit,exp,2630200,Capital Grants to Government Agencies and other Levels of Government,0,35000000,0,0,0,0,597,yes
fy-2026-27-development-book-volume-1-1011-1083,1082,1082108700,Completion of Radiotherapy Centre - JOOTRH.,1082108701,Radiotherapy Centre,exp,2630200,Capital Grants to Government Agencies and other Levels of Government,400000000,0,0,0,0,0,597,yes
fy-2026-27-development-book-volume-1-1011-1083,1082,1082108800,"New 2,000 Bed Multi-Specialty MTRH.",1082108801,Construction and Equipping of New 2000 Bed Multi-specialty,exp,2630200,Capital Grants to Government Agencies and other Levels of Government,2000000000,2000000000,0,0,0,0,597,yes
fy-2026-27-development-book-volume-1-1011-1083,1082,1082108900,Mwai Kibaki Referral Hospital - Renovation & Infrastructure,1082108901,Hospital Renovation & Lift Installation,exp,2630200,Capital Grants to Government Agencies and other Levels of Government,0,150000000,0,0,0,0,598,yes
fy-2026-27-development-book-volume-1-1011-1083,1082,1082108900,Mwai Kibaki Referral Hospital - Renovation & Infrastructure,1082108902,Equipping and Refurbishment,exp,2630200,Capital Grants to Government Agencies and other Levels of Government,50000000,0,0,0,0,0,598,yes
fy-2026-27-development-book-volume-1-1011-1083,1082,1082109000,National Equipment Service Program (NESP).,1082109001,National Equipment Service Program (NESP),exp,2630200,Capital Grants to Government Agencies and other Levels of Government,92000000,0,0,0,0,0,598,yes
fy-2026-27-development-book-volume-1-1011-1083,1082,1082109100,Monitoring & Evaluation of BETA Projects.,1082109101,Monitoring & Evaluation of BETA Projects,exp,2211300,Other Operating Expenses,0,50000000,0,0,0,0,599,yes
fy-2026-27-development-book-volume-1-1011-1083,1082,1082100100,KNH Burns and Pediatrics Centre.,1082100101,KNH Burns and Pediatrics Centre,gross,,Gross,120000000,229000000,0,0,205000000,0,570,yes
fy-2026-27-development-book-volume-1-1011-1083,1082,1082100100,KNH Burns and Pediatrics Centre.,1082100101,KNH Burns and Pediatrics Centre,appropriations_in_aid,,Appropriations In Aid,20000000,205000000,0,0,0,0,570,yes
fy-2026-27-development-book-volume-1-1011-1083,1082,1082100100,KNH Burns and Pediatrics Centre.,1082100101,KNH Burns and Pediatrics Centre,net,,Net,100000000,24000000,0,0,0,0,570,yes
fy-2026-27-development-book-volume-1-1011-1083,1082,1082100100,KNH Burns and Pediatrics Centre.,1082100102,OPEC Fund for International Development Contribution,gross,,Gross,120000000,29000000,0,0,5000000,0,570,yes
fy-2026-27-development-book-volume-1-1011-1083,1082,1082100100,KNH Burns and Pediatrics Centre.,1082100102,OPEC Fund for International Development Contribution,appropriations_in_aid,,Appropriations In Aid,20000000,5000000,0,0,0,0,570,yes
fy-2026-27-development-book-volume-1-1011-1083,1082,1082100100,KNH Burns and Pediatrics Centre.,1082100102,OPEC Fund for International Development Contribution,net,,Net,100000000,24000000,0,0,0,0,570,yes
fy-2026-27-development-book-volume-1-1011-1083,1082,1082100100,KNH Burns and Pediatrics Centre.,1082100103,BADEA Contribution,gross,,Gross,120000000,229000000,0,0,205000000,0,571,yes
fy-2026-27-development-book-volume-1-1011-1083,1082,1082100100,KNH Burns and Pediatrics Centre.,1082100103,BADEA Contribution,appropriations_in_aid,,Appropriations In Aid,20000000,205000000,0,0,0,0,571,yes
fy-2026-27-development-book-volume-1-1011-1083,1082,1082100100,KNH Burns and Pediatrics Centre.,1082100103,BADEA Contribution,net,,Net,100000000,24000000,0,0,0,0,571,yes
fy-2026-27-development-book-volume-1-1011-1083,1082,1082100200,National Commodities Storage Center (KEMSA).,1082100201,National Commodities Storage Center (KEMSA),gross,,Gross,0,120000000,0,0,0,0,571,yes
fy-2026-27-development-book-volume-1-1011-1083,1082,1082100200,National Commodities Storage Center (KEMSA).,1082100201,National Commodities Storage Center (KEMSA),net,,Net,0,120000000,0,0,0,0,571,yes
fy-2026-27-development-book-volume-1-1011-1083,1082,1082100300,East Africa's Centre of Excellence for Skills & Tertiary Education.,1082100301,East Africa's Centre of Excellence for Skills & Tertiary Education,gross,,Gross,218605217,0,0,0,0,0,572,yes
fy-2026-27-development-book-volume-1-1011-1083,1082,1082100300,East Africa's Centre of Excellence for Skills & Tertiary Education.,1082100301,East Africa's Centre of Excellence for Skills & Tertiary Education,appropriations_in_aid,,Appropriations In Aid,3605217,0,0,0,0,0,572,yes
fy-2026-27-development-book-volume-1-1011-1083,1082,1082100300,East Africa's Centre of Excellence for Skills & Tertiary Education.,1082100301,East Africa's Centre of Excellence for Skills & Tertiary Education,net,,Net,215000000,0,0,0,0,0,572,yes
fy-2026-27-development-book-volume-1-1011-1083,1082,1082100500,Managed Equipment Service-Hire of Medical Equipment for 98,1082100501,Managed Equipment Service-Hire of Medical Equipment for 98,gross,,Gross,380000000,0,0,0,0,0,572,yes
fy-2026-27-development-book-volume-1-1011-1083,1082,1082100500,Managed Equipment Service-Hire of Medical Equipment for 98,1082100501,Managed Equipment Service-Hire of Medical Equipment for 98,net,,Net,380000000,0,0,0,0,0,572,yes
fy-2026-27-development-book-volume-1-1011-1083,1082,1082100700,Renovation/Equipping Buildings-Mathari Teaching & Referral,1082100701,Renovation/Equipping Buildings-Mathari Teaching & Referral,gross,,Gross,100000000,200000000,0,0,0,0,572,yes
fy-2026-27-development-book-volume-1-1011-1083,1082,1082100700,Renovation/Equipping Buildings-Mathari Teaching & Referral,1082100701,Renovation/Equipping Buildings-Mathari Teaching & Referral,net,,Net,100000000,200000000,0,0,0,0,572,yes
fy-2026-27-development-book-volume-1-1011-1083,1082,1082100800,Renovation & Equipping of National Spinal Injury Hospital.,1082100801,Renovation & Equipping of National Spinal Injury Hospital,gross,,Gross,0,150105635,0,0,0,0,573,yes
fy-2026-27-development-book-volume-1-1011-1083,1082,1082100800,Renovation & Equipping of National Spinal Injury Hospital.,1082100801,Renovation & Equipping of National Spinal Injury Hospital,net,,Net,0,150105635,0,0,0,0,573,yes
fy-2026-27-development-book-volume-1-1011-1083,1082,1082100900,Procurement of Equipment at the National Blood Transfusion,1082100901,Procurement of Equipment at the National Blood Transfusion,gross,,Gross,900000000,600000000,0,0,0,0,573,yes
fy-2026-27-development-book-volume-1-1011-1083,1082,1082100900,Procurement of Equipment at the National Blood Transfusion,1082100901,Procurement of Equipment at the National Blood Transfusion,net,,Net,900000000,600000000,0,0,0,0,573,yes
fy-2026-27-development-book-volume-1-1011-1083,1082,1082101100,Cancer & Chronic Disease Management Centre - MTRH.,1082101101,Cancer & Chronic Disease Management Centre MTRH,gross,,Gross,0,72000000,0,0,0,0,574,yes
fy-2026-27-development-book-volume-1-1011-1083,1082,1082101100,Cancer & Chronic Disease Management Centre - MTRH.,1082101101,Cancer & Chronic Disease Management Centre MTRH,net,,Net,0,72000000,0,0,0,0,574,yes
fy-2026-27-development-book-volume-1-1011-1083,1082,1082101500,Construction and upgrading of KEMRI Laboratories.,1082101502,KEMRI Laboratories - Kirinyaga,gross,,Gross,70000000,80000000,0,0,0,0,574,yes
fy-2026-27-development-book-volume-1-1011-1083,1082,1082101500,Construction and upgrading of KEMRI Laboratories.,1082101502,KEMRI Laboratories - Kirinyaga,net,,Net,70000000,80000000,0,0,0,0,574,yes
fy-2026-27-development-book-volume-1-1011-1083,1082,1082101500,Construction and upgrading of KEMRI Laboratories.,1082101503,KEMRI Laboratories - Kombewa,gross,,Gross,90000000,65000000,0,0,0,0,574,yes
fy-2026-27-development-book-volume-1-1011-1083,1082,1082101500,Construction and upgrading of KEMRI Laboratories.,1082101503,KEMRI Laboratories - Kombewa,net,,Net,90000000,65000000,0,0,0,0,574,yes
fy-2026-27-development-book-volume-1-1011-1083,1082,1082101700,Construction of a Cancer Centre at Kisii Level 5 Hospital.,1082101701,Construction of a Cancer Centre at Kisii Level 5 Hospital,gross,,Gross,460000000,1016000000,0,0,980000000,0,575,yes
fy-2026-27-development-book-volume-1-1011-1083,1082,1082101700,Construction of a Cancer Centre at Kisii Level 5 Hospital.,1082101701,Construction of a Cancer Centre at Kisii Level 5 Hospital,appropriations_in_aid,,Appropriations In Aid,460000000,980000000,0,0,0,0,575,yes
fy-2026-27-development-book-volume-1-1011-1083,1082,1082101700,Construction of a Cancer Centre at Kisii Level 5 Hospital.,1082101701,Construction of a Cancer Centre at Kisii Level 5 Hospital,net,,Net,0,36000000,0,0,0,0,575,yes
fy-2026-27-development-book-volume-1-1011-1083,1082,1082101800,Strengthening of Cancer Management at KNH.,1082101801,Strengthening of Cancer Management at KNH,gross,,Gross,100000000,300000000,0,0,0,0,575,yes
fy-2026-27-development-book-volume-1-1011-1083,1082,1082101800,Strengthening of Cancer Management at KNH.,1082101801,Strengthening of Cancer Management at KNH,net,,Net,100000000,300000000,0,0,0,0,575,yes
fy-2026-27-development-book-volume-1-1011-1083,1082,1082101900,Research and Development - KEMRI.,1082101901,Research and Development - KEMRI,gross,,Gross,0,150000000,0,0,0,0,576,yes
fy-2026-27-development-book-volume-1-1011-1083,1082,1082101900,Research and Development - KEMRI.,1082101901,Research and Development - KEMRI,net,,Net,0,150000000,0,0,0,0,576,yes
fy-2026-27-development-book-volume-1-1011-1083,1082,1082102100,Construction of the Second Tower- Gatundu Level V Hospital,1082102101,Construction of the Second Tower- Gatundu Level V Hospital,gross,,Gross,0,120000000,0,0,0,0,576,yes
fy-2026-27-development-book-volume-1-1011-1083,1082,1082102100,Construction of the Second Tower- Gatundu Level V Hospital,1082102101,Construction of the Second Tower- Gatundu Level V Hospital,net,,Net,0,120000000,0,0,0,0,576,yes
fy-2026-27-development-book-volume-1-1011-1083,1082,1082102200,Infrastructural Support to Kigumo Hospital.,1082102201,Infrastructural Support to Kigumo Hospital,gross,,Gross,0,40000000,0,0,0,0,576,yes
fy-2026-27-development-book-volume-1-1011-1083,1082,1082102200,Infrastructural Support to Kigumo Hospital.,1082102201,Infrastructural Support to Kigumo Hospital,net,,Net,0,40000000,0,0,0,0,576,yes
fy-2026-27-development-book-volume-1-1011-1083,1082,1082102400,Refurbishment/Renovation and Replacement of Obsolete,1082102401,Refurbishment/Renovation and Replacement of Obsolete,gross,,Gross,100000000,300000000,0,0,0,0,577,yes
fy-2026-27-development-book-volume-1-1011-1083,1082,1082102400,Refurbishment/Renovation and Replacement of Obsolete,1082102401,Refurbishment/Renovation and Replacement of Obsolete,net,,Net,100000000,300000000,0,0,0,0,577,yes
fy-2026-27-development-book-volume-1-1011-1083,1082,1082102500,Expansion of Comprehensive Cancer Centre - KUTRRH.,1082102501,Expansion of Comprehensive Cancer Centre - KUTRRH,gross,,Gross,100000000,150000000,0,0,0,0,577,yes
fy-2026-27-development-book-volume-1-1011-1083,1082,1082102500,Expansion of Comprehensive Cancer Centre - KUTRRH.,1082102501,Expansion of Comprehensive Cancer Centre - KUTRRH,net,,Net,100000000,150000000,0,0,0,0,577,yes
fy-2026-27-development-book-volume-1-1011-1083,1082,1082103100,Procurement of Family Planning & Reproductive Health,1082103101,Procurement of Family Planning & Reproductive Health,gross,,Gross,520000000,500000000,0,0,0,0,578,yes
fy-2026-27-development-book-volume-1-1011-1083,1082,1082103100,Procurement of Family Planning & Reproductive Health,1082103101,Procurement of Family Planning & Reproductive Health,net,,Net,520000000,500000000,0,0,0,0,578,yes
fy-2026-27-development-book-volume-1-1011-1083,1082,1082103600,Kenya COVID-19 Emergency Response Project.,1082103601,Kenya COVID-19 Emergency Response Project,gross,,Gross,8180000000,0,0,0,0,0,578,yes
fy-2026-27-development-book-volume-1-1011-1083,1082,1082103600,Kenya COVID-19 Emergency Response Project.,1082103601,Kenya COVID-19 Emergency Response Project,appropriations_in_aid,,Appropriations In Aid,8180000000,0,0,0,0,0,578,yes
fy-2026-27-development-book-volume-1-1011-1083,1082,1082103600,Kenya COVID-19 Emergency Response Project.,1082103601,Kenya COVID-19 Emergency Response Project,net,,Net,0,0,0,0,0,0,578,yes
fy-2026-27-development-book-volume-1-1011-1083,1082,1082103800,Vaccines Programme.,1082103801,Vaccines Programme,gross,,Gross,7200000000,6360000000,1760000000,0,0,0,579,yes
fy-2026-27-development-book-volume-1-1011-1083,1082,1082103800,Vaccines Programme.,1082103801,Vaccines Programme,appropriations_in_aid,,Appropriations In Aid,2600000000,1760000000,1760000000,0,0,0,579,yes
fy-2026-27-development-book-volume-1-1011-1083,1082,1082103800,Vaccines Programme.,1082103801,Vaccines Programme,net,,Net,4600000000,4600000000,0,0,0,0,579,yes
fy-2026-27-development-book-volume-1-1011-1083,1082,1082103800,Vaccines Programme.,1082103802,Health and Immunization Strengthening Project,gross,,Gross,27000000,0,0,0,0,0,579,yes
fy-2026-27-development-book-volume-1-1011-1083,1082,1082103800,Vaccines Programme.,1082103802,Health and Immunization Strengthening Project,net,,Net,27000000,0,0,0,0,0,579,yes
fy-2026-27-development-book-volume-1-1011-1083,1082,1082103900,Supply of Medical Equipmnt & Fight for Maternal & Infant,1082103901,Supply of Medical Equipmnt & Fight for Maternal & Infant,gross,,Gross,125000000,100000000,0,0,100000000,0,579,yes
fy-2026-27-development-book-volume-1-1011-1083,1082,1082103900,Supply of Medical Equipmnt & Fight for Maternal & Infant,1082103901,Supply of Medical Equipmnt & Fight for Maternal & Infant,appropriations_in_aid,,Appropriations In Aid,125000000,100000000,0,0,0,0,579,yes
fy-2026-27-development-book-volume-1-1011-1083,1082,1082103900,Supply of Medical Equipmnt & Fight for Maternal & Infant,1082103901,Supply of Medical Equipmnt & Fight for Maternal & Infant,net,,Net,0,0,0,0,0,0,579,yes
fy-2026-27-development-book-volume-1-1011-1083,1082,1082104300,Primary Health Care in the Devolved Context.,1082104301,Primary Health Care in the Devolved Context,gross,,Gross,578000000,36400000,20000000,16400000,0,0,580,yes
fy-2026-27-development-book-volume-1-1011-1083,1082,1082104300,Primary Health Care in the Devolved Context.,1082104301,Primary Health Care in the Devolved Context,appropriations_in_aid,,Appropriations In Aid,0,20000000,20000000,0,0,0,580,yes
fy-2026-27-development-book-volume-1-1011-1083,1082,1082104300,Primary Health Care in the Devolved Context.,1082104301,Primary Health Care in the Devolved Context,net,,Net,578000000,16400000,0,16400000,0,0,580,yes
fy-2026-27-development-book-volume-1-1011-1083,1082,1082104400,Human Vaccine Production - BETA.,1082104401,Human Vaccine Production,gross,,Gross,100000000,244000000,0,0,0,0,580,yes
fy-2026-27-development-book-volume-1-1011-1083,1082,1082104400,Human Vaccine Production - BETA.,1082104401,Human Vaccine Production,net,,Net,100000000,244000000,0,0,0,0,580,yes
fy-2026-27-development-book-volume-1-1011-1083,1082,1082104500,Upgrading of Maternal &New Born Units Project-VAMED-,1082104501,Upgrading of Maternal &New Born Units Project-VAMED-,gross,,Gross,715000000,52000000,0,0,52000000,0,581,yes
fy-2026-27-development-book-volume-1-1011-1083,1082,1082104500,Upgrading of Maternal &New Born Units Project-VAMED-,1082104501,Upgrading of Maternal &New Born Units Project-VAMED-,appropriations_in_aid,,Appropriations In Aid,715000000,52000000,0,0,0,0,581,yes
fy-2026-27-development-book-volume-1-1011-1083,1082,1082104500,Upgrading of Maternal &New Born Units Project-VAMED-,1082104501,Upgrading of Maternal &New Born Units Project-VAMED-,net,,Net,0,0,0,0,0,0,581,yes
fy-2026-27-development-book-volume-1-1011-1083,1082,1082104700,EA's Centres of Excel. for Skills & Tertiary Edu. in Biosciences- II.,1082104701,EA's Centres of Excel. for Skills & Tertiary Edu. in Biosciences- II,gross,,Gross,1050000000,972000000,0,0,788000000,50000000,581,yes
fy-2026-27-development-book-volume-1-1011-1083,1082,1082104700,EA's Centres of Excel. for Skills & Tertiary Edu. in Biosciences- II.,1082104701,EA's Centres of Excel. for Skills & Tertiary Edu. in Biosciences- II,appropriations_in_aid,,Appropriations In Aid,1000000000,788000000,0,0,0,0,581,yes
fy-2026-27-development-book-volume-1-1011-1083,1082,1082104700,EA's Centres of Excel. for Skills & Tertiary Edu. in Biosciences- II.,1082104701,EA's Centres of Excel. for Skills & Tertiary Edu. in Biosciences- II,net,,Net,50000000,184000000,0,0,0,50000000,581,yes
fy-2026-27-development-book-volume-1-1011-1083,1082,1082104800,GoK/ UNFPA 10th Country Programme - MoH NSDCC HIV.,1082104801,GoK/ UNFPA 10th Country Programme - MoH NSDCC HIV,gross,,Gross,10000000,10000000,0,10000000,0,0,582,yes
fy-2026-27-development-book-volume-1-1011-1083,1082,1082104800,GoK/ UNFPA 10th Country Programme - MoH NSDCC HIV.,1082104801,GoK/ UNFPA 10th Country Programme - MoH NSDCC HIV,net,,Net,10000000,10000000,0,10000000,0,0,582,yes
fy-2026-27-development-book-volume-1-1011-1083,1082,1082104900,Integrated Reproductive Health Programme.,1082104901,Integrated Reproductive Health Programme,gross,,Gross,100000000,1250000000,1150000000,100000000,0,0,582,yes
fy-2026-27-development-book-volume-1-1011-1083,1082,1082104900,Integrated Reproductive Health Programme.,1082104901,Integrated Reproductive Health Programme,appropriations_in_aid,,Appropriations In Aid,50000000,1150000000,1150000000,0,0,0,582,yes
fy-2026-27-development-book-volume-1-1011-1083,1082,1082104900,Integrated Reproductive Health Programme.,1082104901,Integrated Reproductive Health Programme,net,,Net,50000000,100000000,0,100000000,0,0,582,yes
fy-2026-27-development-book-volume-1-1011-1083,1082,1082105000,Upgrading of Children Ward - Kibugua Level 3 Hosptal.,1082105001,Upgrading of Children Ward - Kibugua Level 3 Hosptal,gross,,Gross,100000000,0,0,0,0,0,583,yes
fy-2026-27-development-book-volume-1-1011-1083,1082,1082105000,Upgrading of Children Ward - Kibugua Level 3 Hosptal.,1082105001,Upgrading of Children Ward - Kibugua Level 3 Hosptal,net,,Net,100000000,0,0,0,0,0,583,yes
fy-2026-27-development-book-volume-1-1011-1083,1082,1082105100,Upgrading & Equipping of Maternal & New Born Ward -Endebess,1082105101,Upgrading & Equipping of Maternal & New Born Ward -,gross,,Gross,70000000,0,0,0,0,0,583,yes
fy-2026-27-development-book-volume-1-1011-1083,1082,1082105100,Upgrading & Equipping of Maternal & New Born Ward -Endebess,1082105101,Upgrading & Equipping of Maternal & New Born Ward -,net,,Net,70000000,0,0,0,0,0,583,yes
fy-2026-27-development-book-volume-1-1011-1083,1082,1082105400,Supply of Cyflow CD4 Counter Instruments.,1082105401,Supply of Cyflow CD4 Counter Instruments,gross,,Gross,50000000,0,0,0,0,0,583,yes
fy-2026-27-development-book-volume-1-1011-1083,1082,1082105400,Supply of Cyflow CD4 Counter Instruments.,1082105401,Supply of Cyflow CD4 Counter Instruments,net,,Net,50000000,0,0,0,0,0,583,yes
fy-2026-27-development-book-volume-1-1011-1083,1082,1082105500,Supply of Medical Supplies and Commodities - Vulcan Pending,1082105501,Supply of Medical Supplies and Commodities - Vulcan Pending Bill,gross,,Gross,140000000,0,0,0,0,0,584,yes
fy-2026-27-development-book-volume-1-1011-1083,1082,1082105500,Supply of Medical Supplies and Commodities - Vulcan Pending,1082105501,Supply of Medical Supplies and Commodities - Vulcan Pending Bill,net,,Net,140000000,0,0,0,0,0,584,yes
fy-2026-27-development-book-volume-1-1011-1083,1082,1082105600,Upgrading and Equiping of Lusigetti Hospital Kikuyu.,1082105601,Upgrading and Equiping of Lusigetti Hospital Kikuyu,gross,,Gross,48000000,0,0,0,0,0,584,yes
fy-2026-27-development-book-volume-1-1011-1083,1082,1082105600,Upgrading and Equiping of Lusigetti Hospital Kikuyu.,1082105601,Upgrading and Equiping of Lusigetti Hospital Kikuyu,net,,Net,48000000,0,0,0,0,0,584,yes
fy-2026-27-development-book-volume-1-1011-1083,1082,1082106000,Acquisition of Speciliazed Medical Equipment CHP.,1082106001,Acquisition of Speciliazed Medical Equipment CHP,gross,,Gross,500000000,700000000,0,0,0,0,585,yes
fy-2026-27-development-book-volume-1-1011-1083,1082,1082106000,Acquisition of Speciliazed Medical Equipment CHP.,1082106001,Acquisition of Speciliazed Medical Equipment CHP,net,,Net,500000000,700000000,0,0,0,0,585,yes
fy-2026-27-development-book-volume-1-1011-1083,1082,1082106200,"Health emergency Preparedness, Response & Resilience Program.",1082106201,"Health emergency Preparedness, Response & Resilience Program",gross,,Gross,200000000,700000000,0,0,300000000,400000000,585,yes
fy-2026-27-development-book-volume-1-1011-1083,1082,1082106200,"Health emergency Preparedness, Response & Resilience Program.",1082106201,"Health emergency Preparedness, Response & Resilience Program",appropriations_in_aid,,Appropriations In Aid,100000000,300000000,0,0,0,0,585,yes
fy-2026-27-development-book-volume-1-1011-1083,1082,1082106200,"Health emergency Preparedness, Response & Resilience Program.",1082106201,"Health emergency Preparedness, Response & Resilience Program",net,,Net,100000000,400000000,0,0,0,400000000,585,yes
fy-2026-27-development-book-volume-1-1011-1083,1082,1082107300,Procument of Specialized Equipment.,1082107301,Procument of Specialized Equipment - KNH,gross,,Gross,450000000,0,0,0,0,0,586,yes
fy-2026-27-development-book-volume-1-1011-1083,1082,1082107300,Procument of Specialized Equipment.,1082107301,Procument of Specialized Equipment - KNH,net,,Net,450000000,0,0,0,0,0,586,yes
fy-2026-27-development-book-volume-1-1011-1083,1082,1082107400,Construction and Equipping of Health Centres.,1082107401,Mt. Elgon Hospital,gross,,Gross,10000000,0,0,0,0,0,586,yes
fy-2026-27-development-book-volume-1-1011-1083,1082,1082107400,Construction and Equipping of Health Centres.,1082107401,Mt. Elgon Hospital,net,,Net,10000000,0,0,0,0,0,586,yes
fy-2026-27-development-book-volume-1-1011-1083,1082,1082107400,Construction and Equipping of Health Centres.,1082107403,Mogotio Health Centre,gross,,Gross,20000000,0,0,0,0,0,586,yes
fy-2026-27-development-book-volume-1-1011-1083,1082,1082107400,Construction and Equipping of Health Centres.,1082107403,Mogotio Health Centre,net,,Net,20000000,0,0,0,0,0,586,yes
fy-2026-27-development-book-volume-1-1011-1083,1082,1082107400,Construction and Equipping of Health Centres.,1082107406,Lukusi Health Centre,gross,,Gross,40000000,0,0,0,0,0,586,yes
fy-2026-27-development-book-volume-1-1011-1083,1082,1082107400,Construction and Equipping of Health Centres.,1082107406,Lukusi Health Centre,net,,Net,40000000,0,0,0,0,0,586,yes
fy-2026-27-development-book-volume-1-1011-1083,1082,1082107400,Construction and Equipping of Health Centres.,1082107408,Kegonga Level IV Hospital,gross,,Gross,290000000,0,0,0,0,0,587,yes
fy-2026-27-development-book-volume-1-1011-1083,1082,1082107400,Construction and Equipping of Health Centres.,1082107408,Kegonga Level IV Hospital,net,,Net,290000000,0,0,0,0,0,587,yes
fy-2026-27-development-book-volume-1-1011-1083,1082,1082107400,Construction and Equipping of Health Centres.,1082107409,Bugumbe Health Centre,gross,,Gross,85000000,0,0,0,0,0,587,yes
fy-2026-27-development-book-volume-1-1011-1083,1082,1082107400,Construction and Equipping of Health Centres.,1082107409,Bugumbe Health Centre,net,,Net,85000000,0,0,0,0,0,587,yes
fy-2026-27-development-book-volume-1-1011-1083,1082,1082107400,Construction and Equipping of Health Centres.,1082107410,Chebirir Health Centre,gross,,Gross,30000000,0,0,0,0,0,587,yes
fy-2026-27-development-book-volume-1-1011-1083,1082,1082107400,Construction and Equipping of Health Centres.,1082107410,Chebirir Health Centre,net,,Net,30000000,0,0,0,0,0,587,yes
fy-2026-27-development-book-volume-1-1011-1083,1082,1082107400,Construction and Equipping of Health Centres.,1082107411,Wamba Health Centre,gross,,Gross,20000000,0,0,0,0,0,587,yes
fy-2026-27-development-book-volume-1-1011-1083,1082,1082107400,Construction and Equipping of Health Centres.,1082107411,Wamba Health Centre,net,,Net,20000000,0,0,0,0,0,587,yes
fy-2026-27-development-book-volume-1-1011-1083,1082,1082107400,Construction and Equipping of Health Centres.,1082107412,Khwisero Level IV Hospital,gross,,Gross,40000000,0,0,0,0,0,587,yes
fy-2026-27-development-book-volume-1-1011-1083,1082,1082107400,Construction and Equipping of Health Centres.,1082107412,Khwisero Level IV Hospital,net,,Net,40000000,0,0,0,0,0,587,yes
fy-2026-27-development-book-volume-1-1011-1083,1082,1082107400,Construction and Equipping of Health Centres.,1082107422,Sankuri Health Centre,gross,,Gross,20000000,0,0,0,0,0,588,yes
fy-2026-27-development-book-volume-1-1011-1083,1082,1082107400,Construction and Equipping of Health Centres.,1082107422,Sankuri Health Centre,net,,Net,20000000,0,0,0,0,0,588,yes
fy-2026-27-development-book-volume-1-1011-1083,1082,1082107400,Construction and Equipping of Health Centres.,1082107423,Mur Malanga Level 3 Hospital,gross,,Gross,40000000,0,0,0,0,0,588,yes
fy-2026-27-development-book-volume-1-1011-1083,1082,1082107400,Construction and Equipping of Health Centres.,1082107423,Mur Malanga Level 3 Hospital,net,,Net,40000000,0,0,0,0,0,588,yes
fy-2026-27-development-book-volume-1-1011-1083,1082,1082107400,Construction and Equipping of Health Centres.,1082107438,Kapsengere Dispensary,gross,,Gross,20000000,0,0,0,0,0,588,yes
fy-2026-27-development-book-volume-1-1011-1083,1082,1082107400,Construction and Equipping of Health Centres.,1082107438,Kapsengere Dispensary,net,,Net,20000000,0,0,0,0,0,588,yes
fy-2026-27-development-book-volume-1-1011-1083,1082,1082107400,Construction and Equipping of Health Centres.,1082107439,Salient Kipkaren Health Center,gross,,Gross,20000000,0,0,0,0,0,588,yes
fy-2026-27-development-book-volume-1-1011-1083,1082,1082107400,Construction and Equipping of Health Centres.,1082107439,Salient Kipkaren Health Center,net,,Net,20000000,0,0,0,0,0,588,yes
fy-2026-27-development-book-volume-1-1011-1083,1082,1082107400,Construction and Equipping of Health Centres.,1082107440,Porojko Health Center,gross,,Gross,20000000,0,0,0,0,0,588,yes
fy-2026-27-development-book-volume-1-1011-1083,1082,1082107400,Construction and Equipping of Health Centres.,1082107440,Porojko Health Center,net,,Net,20000000,0,0,0,0,0,588,yes
fy-2026-27-development-book-volume-1-1011-1083,1082,1082107400,Construction and Equipping of Health Centres.,1082107441,Kajuki Dispensary,gross,,Gross,30000000,0,0,0,0,0,589,yes
fy-2026-27-development-book-volume-1-1011-1083,1082,1082107400,Construction and Equipping of Health Centres.,1082107441,Kajuki Dispensary,net,,Net,30000000,0,0,0,0,0,589,yes
fy-2026-27-development-book-volume-1-1011-1083,1082,1082107400,Construction and Equipping of Health Centres.,1082107442,Kitum Health Center,gross,,Gross,40000000,0,0,0,0,0,589,yes
fy-2026-27-development-book-volume-1-1011-1083,1082,1082107400,Construction and Equipping of Health Centres.,1082107442,Kitum Health Center,net,,Net,40000000,0,0,0,0,0,589,yes
fy-2026-27-development-book-volume-1-1011-1083,1082,1082107400,Construction and Equipping of Health Centres.,1082107443,Nyaribu Dispensary,gross,,Gross,40000000,0,0,0,0,0,589,yes
fy-2026-27-development-book-volume-1-1011-1083,1082,1082107400,Construction and Equipping of Health Centres.,1082107443,Nyaribu Dispensary,net,,Net,40000000,0,0,0,0,0,589,yes
fy-2026-27-development-book-volume-1-1011-1083,1082,1082107400,Construction and Equipping of Health Centres.,1082107444,Nyalenda Health Center,gross,,Gross,45000000,0,0,0,0,0,589,yes
fy-2026-27-development-book-volume-1-1011-1083,1082,1082107400,Construction and Equipping of Health Centres.,1082107444,Nyalenda Health Center,net,,Net,45000000,0,0,0,0,0,589,yes
fy-2026-27-development-book-volume-1-1011-1083,1082,1082107400,Construction and Equipping of Health Centres.,1082107445,Emusanda Health Center,gross,,Gross,20000000,0,0,0,0,0,589,yes
fy-2026-27-development-book-volume-1-1011-1083,1082,1082107400,Construction and Equipping of Health Centres.,1082107445,Emusanda Health Center,net,,Net,20000000,0,0,0,0,0,589,yes
fy-2026-27-development-book-volume-1-1011-1083,1082,1082107400,Construction and Equipping of Health Centres.,1082107446,Irigiro Health Center,gross,,Gross,20000000,0,0,0,0,0,590,yes
fy-2026-27-development-book-volume-1-1011-1083,1082,1082107400,Construction and Equipping of Health Centres.,1082107446,Irigiro Health Center,net,,Net,20000000,0,0,0,0,0,590,yes
fy-2026-27-development-book-volume-1-1011-1083,1082,1082107400,Construction and Equipping of Health Centres.,1082107447,Urenga Health Center,gross,,Gross,30000000,0,0,0,0,0,590,yes
fy-2026-27-development-book-volume-1-1011-1083,1082,1082107400,Construction and Equipping of Health Centres.,1082107447,Urenga Health Center,net,,Net,30000000,0,0,0,0,0,590,yes
fy-2026-27-development-book-volume-1-1011-1083,1082,1082107400,Construction and Equipping of Health Centres.,1082107448,Loosuk Health Center,gross,,Gross,40000000,0,0,0,0,0,590,yes
fy-2026-27-development-book-volume-1-1011-1083,1082,1082107400,Construction and Equipping of Health Centres.,1082107448,Loosuk Health Center,net,,Net,40000000,0,0,0,0,0,590,yes
fy-2026-27-development-book-volume-1-1011-1083,1082,1082107400,Construction and Equipping of Health Centres.,1082107449,Lower Solai Health Center,gross,,Gross,20000000,0,0,0,0,0,590,yes
fy-2026-27-development-book-volume-1-1011-1083,1082,1082107400,Construction and Equipping of Health Centres.,1082107449,Lower Solai Health Center,net,,Net,20000000,0,0,0,0,0,590,yes
fy-2026-27-development-book-volume-1-1011-1083,1082,1082107400,Construction and Equipping of Health Centres.,1082107450,Bulla Nzuri Maternity,gross,,Gross,10000000,7700000,0,0,0,0,590,yes
fy-2026-27-development-book-volume-1-1011-1083,1082,1082107400,Construction and Equipping of Health Centres.,1082107450,Bulla Nzuri Maternity,net,,Net,10000000,7700000,0,0,0,0,590,yes
fy-2026-27-development-book-volume-1-1011-1083,1082,1082107400,Construction and Equipping of Health Centres.,1082107451,Modern Outpatient Unit at Bour Algi Heath Centre,gross,,Gross,10000000,7700000,0,0,0,0,591,yes
fy-2026-27-development-book-volume-1-1011-1083,1082,1082107400,Construction and Equipping of Health Centres.,1082107451,Modern Outpatient Unit at Bour Algi Heath Centre,net,,Net,10000000,7700000,0,0,0,0,591,yes
fy-2026-27-development-book-volume-1-1011-1083,1082,1082107400,Construction and Equipping of Health Centres.,1082107452,Construction of Maternity Block with Theatre at Bulla Madina,gross,,Gross,20000000,7700000,0,0,0,0,591,yes
fy-2026-27-development-book-volume-1-1011-1083,1082,1082107400,Construction and Equipping of Health Centres.,1082107452,Construction of Maternity Block with Theatre at Bulla Madina,net,,Net,20000000,7700000,0,0,0,0,591,yes
fy-2026-27-development-book-volume-1-1011-1083,1082,1082107400,Construction and Equipping of Health Centres.,1082107453,Diribor Health Centre,gross,,Gross,10000000,4600000,0,0,0,0,591,yes
fy-2026-27-development-book-volume-1-1011-1083,1082,1082107400,Construction and Equipping of Health Centres.,1082107453,Diribor Health Centre,net,,Net,10000000,4600000,0,0,0,0,591,yes
fy-2026-27-development-book-volume-1-1011-1083,1082,1082107400,Construction and Equipping of Health Centres.,1082107454,Cheberen Mogotio Health Centre,gross,,Gross,10000000,0,0,0,0,0,591,yes
fy-2026-27-development-book-volume-1-1011-1083,1082,1082107400,Construction and Equipping of Health Centres.,1082107454,Cheberen Mogotio Health Centre,net,,Net,10000000,0,0,0,0,0,591,yes
fy-2026-27-development-book-volume-1-1011-1083,1082,1082107400,Construction and Equipping of Health Centres.,1082107455,Kilgoris Health centre,gross,,Gross,20000000,0,0,0,0,0,591,yes
fy-2026-27-development-book-volume-1-1011-1083,1082,1082107400,Construction and Equipping of Health Centres.,1082107455,Kilgoris Health centre,net,,Net,20000000,0,0,0,0,0,591,yes
fy-2026-27-development-book-volume-1-1011-1083,1082,1082107400,Construction and Equipping of Health Centres.,1082107456,Ekambuli Health Centre,gross,,Gross,10000000,0,0,0,0,0,592,yes
fy-2026-27-development-book-volume-1-1011-1083,1082,1082107400,Construction and Equipping of Health Centres.,1082107456,Ekambuli Health Centre,net,,Net,10000000,0,0,0,0,0,592,yes
fy-2026-27-development-book-volume-1-1011-1083,1082,1082107400,Construction and Equipping of Health Centres.,1082107457,Kaanwa Health Centre,gross,,Gross,20000000,0,0,0,0,0,592,yes
fy-2026-27-development-book-volume-1-1011-1083,1082,1082107400,Construction and Equipping of Health Centres.,1082107457,Kaanwa Health Centre,net,,Net,20000000,0,0,0,0,0,592,yes
fy-2026-27-development-book-volume-1-1011-1083,1082,1082107400,Construction and Equipping of Health Centres.,1082107458,Kanyakine,gross,,Gross,20000000,0,0,0,0,0,592,yes
fy-2026-27-development-book-volume-1-1011-1083,1082,1082107400,Construction and Equipping of Health Centres.,1082107458,Kanyakine,net,,Net,20000000,0,0,0,0,0,592,yes
fy-2026-27-development-book-volume-1-1011-1083,1082,1082107400,Construction and Equipping of Health Centres.,1082107459,Lwanda level 3 Hospital,gross,,Gross,75000000,0,0,0,0,0,592,yes
fy-2026-27-development-book-volume-1-1011-1083,1082,1082107400,Construction and Equipping of Health Centres.,1082107459,Lwanda level 3 Hospital,net,,Net,75000000,0,0,0,0,0,592,yes
fy-2026-27-development-book-volume-1-1011-1083,1082,1082107400,Construction and Equipping of Health Centres.,1082107460,Urenga Hospital,gross,,Gross,10000000,0,0,0,0,0,592,yes
fy-2026-27-development-book-volume-1-1011-1083,1082,1082107400,Construction and Equipping of Health Centres.,1082107460,Urenga Hospital,net,,Net,10000000,0,0,0,0,0,592,yes
fy-2026-27-development-book-volume-1-1011-1083,1082,1082107400,Construction and Equipping of Health Centres.,1082107461,Kocholwo Sub-County Hospital upgrade,gross,,Gross,0,50000000,0,0,0,0,593,yes
fy-2026-27-development-book-volume-1-1011-1083,1082,1082107400,Construction and Equipping of Health Centres.,1082107461,Kocholwo Sub-County Hospital upgrade,net,,Net,0,50000000,0,0,0,0,593,yes
fy-2026-27-development-book-volume-1-1011-1083,1082,1082107400,Construction and Equipping of Health Centres.,1082107462,Kapchemutta Health Centre upgrade,gross,,Gross,0,50000000,0,0,0,0,593,yes
fy-2026-27-development-book-volume-1-1011-1083,1082,1082107400,Construction and Equipping of Health Centres.,1082107462,Kapchemutta Health Centre upgrade,net,,Net,0,50000000,0,0,0,0,593,yes
fy-2026-27-development-book-volume-1-1011-1083,1082,1082107600,"Reproductive, Maternal, Neonatal Child & Adolescent Health",1082107601,"Reproductive, Maternal, Neonatal Child & Adolescent Health",gross,,Gross,3380000000,3800000000,0,3800000000,0,0,593,yes
fy-2026-27-development-book-volume-1-1011-1083,1082,1082107600,"Reproductive, Maternal, Neonatal Child & Adolescent Health",1082107601,"Reproductive, Maternal, Neonatal Child & Adolescent Health",net,,Net,3380000000,3800000000,0,3800000000,0,0,593,yes
fy-2026-27-development-book-volume-1-1011-1083,1082,1082107700,Special Global Fund HIV Grant-NFM4.,1082107702,Special Global Fund HIV Grant-NFM4-NSDCC,gross,,Gross,160000000,260000000,0,260000000,0,0,594,yes
fy-2026-27-development-book-volume-1-1011-1083,1082,1082107700,Special Global Fund HIV Grant-NFM4.,1082107702,Special Global Fund HIV Grant-NFM4-NSDCC,net,,Net,160000000,260000000,0,260000000,0,0,594,yes
fy-2026-27-development-book-volume-1-1011-1083,1082,1082107700,Special Global Fund HIV Grant-NFM4.,1082107703,Special Global Fund HIV Grant-NFM4-NASCOP,gross,,Gross,2720068600,3040000000,0,540000000,0,0,594,yes
fy-2026-27-development-book-volume-1-1011-1083,1082,1082107700,Special Global Fund HIV Grant-NFM4.,1082107703,Special Global Fund HIV Grant-NFM4-NASCOP,net,,Net,2720068600,3040000000,0,540000000,0,0,594,yes
fy-2026-27-development-book-volume-1-1011-1083,1082,1082107800,Construction and Equipping of Level 4 Hospitals.,1082107805,Olokurto Level 4 Hospital - Narok,gross,,Gross,50000000,0,0,0,0,0,594,yes
fy-2026-27-development-book-volume-1-1011-1083,1082,1082107800,Construction and Equipping of Level 4 Hospitals.,1082107805,Olokurto Level 4 Hospital - Narok,net,,Net,50000000,0,0,0,0,0,594,yes
fy-2026-27-development-book-volume-1-1011-1083,1082,1082107800,Construction and Equipping of Level 4 Hospitals.,1082107806,Sogoo Level 4 Hospital - Narok,gross,,Gross,100000000,0,0,0,0,0,595,yes
fy-2026-27-development-book-volume-1-1011-1083,1082,1082107800,Construction and Equipping of Level 4 Hospitals.,1082107806,Sogoo Level 4 Hospital - Narok,net,,Net,100000000,0,0,0,0,0,595,yes
fy-2026-27-development-book-volume-1-1011-1083,1082,1082107800,Construction and Equipping of Level 4 Hospitals.,1082107810,Miftin Level IV Hospital,gross,,Gross,10000000,0,0,0,0,0,595,yes
fy-2026-27-development-book-volume-1-1011-1083,1082,1082107800,Construction and Equipping of Level 4 Hospitals.,1082107810,Miftin Level IV Hospital,net,,Net,10000000,0,0,0,0,0,595,yes
fy-2026-27-development-book-volume-1-1011-1083,1082,1082107800,Construction and Equipping of Level 4 Hospitals.,1082107811,Malela Level IV Hospital,gross,,Gross,40000000,0,0,0,0,0,595,yes
fy-2026-27-development-book-volume-1-1011-1083,1082,1082107800,Construction and Equipping of Level 4 Hospitals.,1082107811,Malela Level IV Hospital,net,,Net,40000000,0,0,0,0,0,595,yes
fy-2026-27-development-book-volume-1-1011-1083,1082,1082107800,Construction and Equipping of Level 4 Hospitals.,1082107813,Magunga level 4 Hospital,gross,,Gross,100000000,0,0,0,0,0,595,yes
fy-2026-27-development-book-volume-1-1011-1083,1082,1082107800,Construction and Equipping of Level 4 Hospitals.,1082107813,Magunga level 4 Hospital,net,,Net,100000000,0,0,0,0,0,595,yes
fy-2026-27-development-book-volume-1-1011-1083,1082,1082107800,Construction and Equipping of Level 4 Hospitals.,1082107814,Nyagoro level 4 Hospital,gross,,Gross,75000000,0,0,0,0,0,595,yes
fy-2026-27-development-book-volume-1-1011-1083,1082,1082107800,Construction and Equipping of Level 4 Hospitals.,1082107814,Nyagoro level 4 Hospital,net,,Net,75000000,0,0,0,0,0,595,yes
fy-2026-27-development-book-volume-1-1011-1083,1082,1082107800,Construction and Equipping of Level 4 Hospitals.,1082107815,Nyamaraga level 4 Hospital,gross,,Gross,50000000,0,0,0,0,0,596,yes
fy-2026-27-development-book-volume-1-1011-1083,1082,1082107800,Construction and Equipping of Level 4 Hospitals.,1082107815,Nyamaraga level 4 Hospital,net,,Net,50000000,0,0,0,0,0,596,yes
fy-2026-27-development-book-volume-1-1011-1083,1082,1082108600,Infrastructure Upgrade-Jaramogi Oginga Odinga Teaching & Ref.,1082108601,Infrastructure Upgrade-Jaramogi Oginga Odinga Teaching & Ref.,gross,,Gross,230000000,0,0,0,0,0,596,yes
fy-2026-27-development-book-volume-1-1011-1083,1082,1082108600,Infrastructure Upgrade-Jaramogi Oginga Odinga Teaching & Ref.,1082108601,Infrastructure Upgrade-Jaramogi Oginga Odinga Teaching & Ref.,net,,Net,230000000,0,0,0,0,0,596,yes
fy-2026-27-development-book-volume-1-1011-1083,1082,1082108600,Infrastructure Upgrade-Jaramogi Oginga Odinga Teaching & Ref.,1082108602,Establishment of Hematology and BMT Centre,gross,,Gross,0,61000000,0,0,0,0,596,yes
fy-2026-27-development-book-volume-1-1011-1083,1082,1082108600,Infrastructure Upgrade-Jaramogi Oginga Odinga Teaching & Ref.,1082108602,Establishment of Hematology and BMT Centre,net,,Net,0,61000000,0,0,0,0,596,yes
fy-2026-27-development-book-volume-1-1011-1083,1082,1082108600,Infrastructure Upgrade-Jaramogi Oginga Odinga Teaching & Ref.,1082108603,Establishment of Cath lab Phase II,gross,,Gross,0,40000000,0,0,0,0,596,yes
fy-2026-27-development-book-volume-1-1011-1083,1082,1082108600,Infrastructure Upgrade-Jaramogi Oginga Odinga Teaching & Ref.,1082108603,Establishment of Cath lab Phase II,net,,Net,0,40000000,0,0,0,0,596,yes
fy-2026-27-development-book-volume-1-1011-1083,1082,1082108600,Infrastructure Upgrade-Jaramogi Oginga Odinga Teaching & Ref.,1082108604,Modernization and equipping of theatres Phase II,gross,,Gross,0,54000000,0,0,0,0,597,yes
fy-2026-27-development-book-volume-1-1011-1083,1082,1082108600,Infrastructure Upgrade-Jaramogi Oginga Odinga Teaching & Ref.,1082108604,Modernization and equipping of theatres Phase II,net,,Net,0,54000000,0,0,0,0,597,yes
fy-2026-27-development-book-volume-1-1011-1083,1082,1082108600,Infrastructure Upgrade-Jaramogi Oginga Odinga Teaching & Ref.,1082108605,Establishment of a 10 bed NICU unit,gross,,Gross,0,35000000,0,0,0,0,597,yes
fy-2026-27-development-book-volume-1-1011-1083,1082,1082108600,Infrastructure Upgrade-Jaramogi Oginga Odinga Teaching & Ref.,1082108605,Establishment of a 10 bed NICU unit,net,,Net,0,35000000,0,0,0,0,597,yes
fy-2026-27-development-book-volume-1-1011-1083,1082,1082108700,Completion of Radiotherapy Centre - JOOTRH.,1082108701,Radiotherapy Centre,gross,,Gross,400000000,0,0,0,0,0,597,yes
fy-2026-27-development-book-volume-1-1011-1083,1082,1082108700,Completion of Radiotherapy Centre - JOOTRH.,1082108701,Radiotherapy Centre,net,,Net,400000000,0,0,0,0,0,597,yes
fy-2026-27-development-book-volume-1-1011-1083,1082,1082108800,"New 2,000 Bed Multi-Specialty MTRH.",1082108801,Construction and Equipping of New 2000 Bed Multi-specialty,gross,,Gross,2000000000,2000000000,0,0,0,0,598,yes
fy-2026-27-development-book-volume-1-1011-1083,1082,1082108800,"New 2,000 Bed Multi-Specialty MTRH.",1082108801,Construction and Equipping of New 2000 Bed Multi-specialty,net,,Net,2000000000,2000000000,0,0,0,0,598,yes
fy-2026-27-development-book-volume-1-1011-1083,1082,1082108900,Mwai Kibaki Referral Hospital - Renovation & Infrastructure,1082108901,Hospital Renovation & Lift Installation,gross,,Gross,0,150000000,0,0,0,0,598,yes
fy-2026-27-development-book-volume-1-1011-1083,1082,1082108900,Mwai Kibaki Referral Hospital - Renovation & Infrastructure,1082108901,Hospital Renovation & Lift Installation,net,,Net,0,150000000,0,0,0,0,598,yes
fy-2026-27-development-book-volume-1-1011-1083,1082,1082108900,Mwai Kibaki Referral Hospital - Renovation & Infrastructure,1082108902,Equipping and Refurbishment,gross,,Gross,50000000,0,0,0,0,0,598,yes
fy-2026-27-development-book-volume-1-1011-1083,1082,1082108900,Mwai Kibaki Referral Hospital - Renovation & Infrastructure,1082108902,Equipping and Refurbishment,net,,Net,50000000,0,0,0,0,0,598,yes
fy-2026-27-development-book-volume-1-1011-1083,1082,1082109000,National Equipment Service Program (NESP).,1082109001,National Equipment Service Program (NESP),gross,,Gross,92000000,0,0,0,0,0,599,yes
fy-2026-27-development-book-volume-1-1011-1083,1082,1082109000,National Equipment Service Program (NESP).,1082109001,National Equipment Service Program (NESP),net,,Net,92000000,0,0,0,0,0,599,yes
fy-2026-27-development-book-volume-1-1011-1083,1082,1082109100,Monitoring & Evaluation of BETA Projects.,1082109101,Monitoring & Evaluation of BETA Projects,gross,,Gross,0,50000000,0,0,0,0,599,yes
fy-2026-27-development-book-volume-1-1011-1083,1082,1082109100,Monitoring & Evaluation of BETA Projects.,1082109101,Monitoring & Evaluation of BETA Projects,net,,Net,0,50000000,0,0,0,0,599,yes
fy-2026-27-development-book-volume-1-1011-1083,1083,1083100100,Dietetics Services Improvement.,1083100101,Dietetics Services Improvement,exp,2630200,Capital Grants to Government Agencies and other Levels of Government,0,100580000,0,0,0,0,613,yes
fy-2026-27-development-book-volume-1-1011-1083,1083,1083100200,Clinical Waste Disposal System.,1083100201,Clinical Waste Disposal System,exp,3110200,Construction of Building,0,60810000,0,0,0,0,613,yes
fy-2026-27-development-book-volume-1-1011-1083,1083,1083100400,Procurement of Anti TB Drugs Not covered under Global fund TB,1083100401,Procurement of Anti TB Drugs Not covered under Global fund TB,exp,2630200,Capital Grants to Government Agencies and other Levels of Government,300000000,300000000,0,0,0,0,614,yes
fy-2026-27-development-book-volume-1-1011-1083,1083,1083100700,Construction of Tuition Blocks and Laboratories at KMTC.,1083100702,Construction of Tuition Block - Chuka KMTC,exp,2630200,Capital Grants to Government Agencies and other Levels of Government,20000000,20000000,0,0,0,0,614,yes
fy-2026-27-development-book-volume-1-1011-1083,1083,1083100700,Construction of Tuition Blocks and Laboratories at KMTC.,1083100712,Ziwa KMTC,exp,2630200,Capital Grants to Government Agencies and other Levels of Government,50000000,0,0,0,0,0,614,yes
fy-2026-27-development-book-volume-1-1011-1083,1083,1083100700,Construction of Tuition Blocks and Laboratories at KMTC.,1083100715,Infrastructure Development for Ijara KMTC,exp,2630200,Capital Grants to Government Agencies and other Levels of Government,20000000,30000000,0,0,0,0,614,yes
fy-2026-27-development-book-volume-1-1011-1083,1083,1083100700,Construction of Tuition Blocks and Laboratories at KMTC.,1083100722,Construction of Tuition Block -Sigowett,exp,2630200,Capital Grants to Government Agencies and other Levels of Government,20000000,20000000,0,0,0,0,615,yes
fy-2026-27-development-book-volume-1-1011-1083,1083,1083100700,Construction of Tuition Blocks and Laboratories at KMTC.,1083100723,Ndhiwa KMTC,exp,2630200,Capital Grants to Government Agencies and other Levels of Government,50000000,0,0,0,0,0,615,yes
fy-2026-27-development-book-volume-1-1011-1083,1083,1083100700,Construction of Tuition Blocks and Laboratories at KMTC.,1083100724,Nyeri KMTC,exp,2630200,Capital Grants to Government Agencies and other Levels of Government,20000000,10000000,0,0,0,0,615,yes
fy-2026-27-development-book-volume-1-1011-1083,1083,1083100700,Construction of Tuition Blocks and Laboratories at KMTC.,1083100725,Kisumu Victoria KMTC,exp,2630200,Capital Grants to Government Agencies and other Levels of Government,10000000,0,0,0,0,0,615,yes
fy-2026-27-development-book-volume-1-1011-1083,1083,1083100700,Construction of Tuition Blocks and Laboratories at KMTC.,1083100726,Kisii KMTC,exp,2630200,Capital Grants to Government Agencies and other Levels of Government,20000000,0,0,0,0,0,615,yes
fy-2026-27-development-book-volume-1-1011-1083,1083,1083100700,Construction of Tuition Blocks and Laboratories at KMTC.,1083100727,Moyale KMTC,exp,2630200,Capital Grants to Government Agencies and other Levels of Government,40000000,0,0,0,0,0,616,yes
fy-2026-27-development-book-volume-1-1011-1083,1083,1083100700,Construction of Tuition Blocks and Laboratories at KMTC.,1083100728,Teso KMTC,exp,2630200,Capital Grants to Government Agencies and other Levels of Government,20000000,7000000,0,0,0,0,616,yes
fy-2026-27-development-book-volume-1-1011-1083,1083,1083100700,Construction of Tuition Blocks and Laboratories at KMTC.,1083100729,Ugenya KMTC,exp,2630200,Capital Grants to Government Agencies and other Levels of Government,20000000,0,0,0,0,0,616,yes
fy-2026-27-development-book-volume-1-1011-1083,1083,1083100700,Construction of Tuition Blocks and Laboratories at KMTC.,1083100730,Bumula KMTC,exp,2630200,Capital Grants to Government Agencies and other Levels of Government,25000000,0,0,0,0,0,616,yes
fy-2026-27-development-book-volume-1-1011-1083,1083,1083100700,Construction of Tuition Blocks and Laboratories at KMTC.,1083100731,Malindi KMTC,exp,2630200,Capital Grants to Government Agencies and other Levels of Government,20000000,0,0,0,0,0,616,yes
fy-2026-27-development-book-volume-1-1011-1083,1083,1083100700,Construction of Tuition Blocks and Laboratories at KMTC.,1083100732,Kipkelion KMTC,exp,2630200,Capital Grants to Government Agencies and other Levels of Government,50000000,0,0,0,0,0,617,yes
fy-2026-27-development-book-volume-1-1011-1083,1083,1083100700,Construction of Tuition Blocks and Laboratories at KMTC.,1083100733,Othoro KMTC,exp,2630200,Capital Grants to Government Agencies and other Levels of Government,50000000,0,0,0,0,0,617,yes
fy-2026-27-development-book-volume-1-1011-1083,1083,1083100700,Construction of Tuition Blocks and Laboratories at KMTC.,1083100734,Imenti KMTC,exp,2630200,Capital Grants to Government Agencies and other Levels of Government,10000000,0,0,0,0,0,617,yes
fy-2026-27-development-book-volume-1-1011-1083,1083,1083100700,Construction of Tuition Blocks and Laboratories at KMTC.,1083100735,Lugari KMTC,exp,2630200,Capital Grants to Government Agencies and other Levels of Government,25000000,0,0,0,0,0,617,yes
fy-2026-27-development-book-volume-1-1011-1083,1083,1083100700,Construction of Tuition Blocks and Laboratories at KMTC.,1083100736,Ndalu KMTC,exp,2630200,Capital Grants to Government Agencies and other Levels of Government,20000000,0,0,0,0,0,617,yes
fy-2026-27-development-book-volume-1-1011-1083,1083,1083100700,Construction of Tuition Blocks and Laboratories at KMTC.,1083100737,Makueni KMTC,exp,2630200,Capital Grants to Government Agencies and other Levels of Government,0,10000000,0,0,0,0,618,yes
fy-2026-27-development-book-volume-1-1011-1083,1083,1083100700,Construction of Tuition Blocks and Laboratories at KMTC.,1083100738,Rachuonyo KMTC,exp,2630200,Capital Grants to Government Agencies and other Levels of Government,0,20000000,0,0,0,0,618,yes
fy-2026-27-development-book-volume-1-1011-1083,1083,1083100700,Construction of Tuition Blocks and Laboratories at KMTC.,1083100739,Kwale KMTC,exp,2630200,Capital Grants to Government Agencies and other Levels of Government,0,20000000,0,0,0,0,618,yes
fy-2026-27-development-book-volume-1-1011-1083,1083,1083100700,Construction of Tuition Blocks and Laboratories at KMTC.,1083100740,Busia KMTC,exp,2630200,Capital Grants to Government Agencies and other Levels of Government,0,20000000,0,0,0,0,618,yes
fy-2026-27-development-book-volume-1-1011-1083,1083,1083100700,Construction of Tuition Blocks and Laboratories at KMTC.,1083100741,Administration Block - Kabarnet KMTC,exp,2630200,Capital Grants to Government Agencies and other Levels of Government,0,30000000,0,0,0,0,618,yes
fy-2026-27-development-book-volume-1-1011-1083,1083,1083100700,Construction of Tuition Blocks and Laboratories at KMTC.,1083100742,Othaya - KMTC,exp,2630200,Capital Grants to Government Agencies and other Levels of Government,0,20000000,0,0,0,0,619,yes
fy-2026-27-development-book-volume-1-1011-1083,1083,1083100800,Equipping of Laboratories and Classrooms at KMTC.,1083100802,Construction & Equipping of Laboratory and Classrooms - Teso,exp,2630200,Capital Grants to Government Agencies and other Levels of Government,0,10595000,0,0,0,0,619,yes
fy-2026-27-development-book-volume-1-1011-1083,1083,1083100800,Equipping of Laboratories and Classrooms at KMTC.,1083100803,Burnt Forest KMTC,exp,2630200,Capital Grants to Government Agencies and other Levels of Government,30000000,0,0,0,0,0,619,yes
fy-2026-27-development-book-volume-1-1011-1083,1083,1083100800,Equipping of Laboratories and Classrooms at KMTC.,1083100804,Navakholo KMTC - Construction of Tuition Block,exp,2630200,Capital Grants to Government Agencies and other Levels of Government,35750000,0,0,0,0,0,619,yes
fy-2026-27-development-book-volume-1-1011-1083,1083,1083100800,Equipping of Laboratories and Classrooms at KMTC.,1083100806,"Samburu KMTC - Const. Admin Blk, Ablution, Septic & Equip.",exp,2630200,Capital Grants to Government Agencies and other Levels of Government,40000000,0,0,0,0,0,620,yes
fy-2026-27-development-book-volume-1-1011-1083,1083,1083100800,Equipping of Laboratories and Classrooms at KMTC.,1083100808,Ndhiwa KMTC,exp,2630200,Capital Grants to Government Agencies and other Levels of Government,9160000,10595000,0,0,0,0,620,yes
fy-2026-27-development-book-volume-1-1011-1083,1083,1083100800,Equipping of Laboratories and Classrooms at KMTC.,1083100812,Ikolomani KMTC,exp,2630200,Capital Grants to Government Agencies and other Levels of Government,58750000,0,0,0,0,0,620,yes
fy-2026-27-development-book-volume-1-1011-1083,1083,1083100800,Equipping of Laboratories and Classrooms at KMTC.,1083100813,Marimanti KMTC,exp,2630200,Capital Grants to Government Agencies and other Levels of Government,29017040,0,0,0,0,0,620,yes
fy-2026-27-development-book-volume-1-1011-1083,1083,1083100800,Equipping of Laboratories and Classrooms at KMTC.,1083100814,Mandera KMTC,exp,2630200,Capital Grants to Government Agencies and other Levels of Government,0,15430908,0,0,0,0,620,yes
fy-2026-27-development-book-volume-1-1011-1083,1083,1083100800,Equipping of Laboratories and Classrooms at KMTC.,1083100816,Mutomo KMTC - Kitui,exp,2630200,Capital Grants to Government Agencies and other Levels of Government,33000000,0,0,0,0,0,621,yes
fy-2026-27-development-book-volume-1-1011-1083,1083,1083100800,Equipping of Laboratories and Classrooms at KMTC.,1083100818,Mukurue-ini KMTC - Nyeri,exp,2630200,Capital Grants to Government Agencies and other Levels of Government,5000000,0,0,0,0,0,621,yes
fy-2026-27-development-book-volume-1-1011-1083,1083,1083100800,Equipping of Laboratories and Classrooms at KMTC.,1083100820,Awendo KMTC - Migori,exp,2630200,Capital Grants to Government Agencies and other Levels of Government,40000000,0,0,0,0,0,621,yes
fy-2026-27-development-book-volume-1-1011-1083,1083,1083100800,Equipping of Laboratories and Classrooms at KMTC.,1083100821,Tigania KMTC - Meru,exp,2630200,Capital Grants to Government Agencies and other Levels of Government,25750000,0,0,0,0,0,621,yes
fy-2026-27-development-book-volume-1-1011-1083,1083,1083100800,Equipping of Laboratories and Classrooms at KMTC.,1083100823,Kegondi/Iduku KMTC - Vihiga,exp,2630200,Capital Grants to Government Agencies and other Levels of Government,31072960,0,0,0,0,0,621,yes
fy-2026-27-development-book-volume-1-1011-1083,1083,1083100800,Equipping of Laboratories and Classrooms at KMTC.,1083100824,Tongaren KMTC - Bungoma,exp,2630200,Capital Grants to Government Agencies and other Levels of Government,45750000,0,0,0,0,0,622,yes
fy-2026-27-development-book-volume-1-1011-1083,1083,1083100800,Equipping of Laboratories and Classrooms at KMTC.,1083100825,Rarieda KMTC - Siaya,exp,2630200,Capital Grants to Government Agencies and other Levels of Government,50750000,0,0,0,0,0,622,yes
fy-2026-27-development-book-volume-1-1011-1083,1083,1083100800,Equipping of Laboratories and Classrooms at KMTC.,1083100826,Shianda KMTC - Mumias,exp,2630200,Capital Grants to Government Agencies and other Levels of Government,21000000,0,0,0,0,0,622,yes
fy-2026-27-development-book-volume-1-1011-1083,1083,1083100800,Equipping of Laboratories and Classrooms at KMTC.,1083100827,Ugunja KMTC,exp,2630200,Capital Grants to Government Agencies and other Levels of Government,15000000,0,0,0,0,0,622,yes
fy-2026-27-development-book-volume-1-1011-1083,1083,1083100800,Equipping of Laboratories and Classrooms at KMTC.,1083100829,Matyambua KMTC,exp,2630200,Capital Grants to Government Agencies and other Levels of Government,15000000,0,0,0,0,0,622,yes
fy-2026-27-development-book-volume-1-1011-1083,1083,1083100800,Equipping of Laboratories and Classrooms at KMTC.,1083100830,Mbuvo KMTC,exp,2630200,Capital Grants to Government Agencies and other Levels of Government,15000000,0,0,0,0,0,623,yes
fy-2026-27-development-book-volume-1-1011-1083,1083,1083100800,Equipping of Laboratories and Classrooms at KMTC.,1083100832,Mutunguru KMTC,exp,2630200,Capital Grants to Government Agencies and other Levels of Government,20000000,0,0,0,0,0,623,yes
fy-2026-27-development-book-volume-1-1011-1083,1083,1083100800,Equipping of Laboratories and Classrooms at KMTC.,1083100833,Siaya KMTC,exp,2630200,Capital Grants to Government Agencies and other Levels of Government,10000000,0,0,0,0,0,623,yes
fy-2026-27-development-book-volume-1-1011-1083,1083,1083100800,Equipping of Laboratories and Classrooms at KMTC.,1083100834,Sindo KMTC - Suba,exp,2630200,Capital Grants to Government Agencies and other Levels of Government,30000000,0,0,0,0,0,623,yes
fy-2026-27-development-book-volume-1-1011-1083,1083,1083100800,Equipping of Laboratories and Classrooms at KMTC.,1083100835,Kegonga KMTC,exp,2630200,Capital Grants to Government Agencies and other Levels of Government,75000000,0,0,0,0,0,623,yes
fy-2026-27-development-book-volume-1-1011-1083,1083,1083100800,Equipping of Laboratories and Classrooms at KMTC.,1083100836,Ziwa KMTC,exp,2630200,Capital Grants to Government Agencies and other Levels of Government,0,10000000,0,0,0,0,624,yes
fy-2026-27-development-book-volume-1-1011-1083,1083,1083100800,Equipping of Laboratories and Classrooms at KMTC.,1083100837,Nyeri KMTC,exp,2630200,Capital Grants to Government Agencies and other Levels of Government,0,10595000,0,0,0,0,624,yes
fy-2026-27-development-book-volume-1-1011-1083,1083,1083100800,Equipping of Laboratories and Classrooms at KMTC.,1083100838,Kisumu Victoria KMTC,exp,2630200,Capital Grants to Government Agencies and other Levels of Government,0,10595000,0,0,0,0,624,yes
fy-2026-27-development-book-volume-1-1011-1083,1083,1083100800,Equipping of Laboratories and Classrooms at KMTC.,1083100839,Kisii KMTC,exp,2630200,Capital Grants to Government Agencies and other Levels of Government,0,10595000,0,0,0,0,624,yes
fy-2026-27-development-book-volume-1-1011-1083,1083,1083100800,Equipping of Laboratories and Classrooms at KMTC.,1083100840,Ugenya KMTC,exp,2630200,Capital Grants to Government Agencies and other Levels of Government,0,10595000,0,0,0,0,624,yes
fy-2026-27-development-book-volume-1-1011-1083,1083,1083100800,Equipping of Laboratories and Classrooms at KMTC.,1083100841,Bumula KMTC,exp,2630200,Capital Grants to Government Agencies and other Levels of Government,0,10595000,0,0,0,0,625,yes
fy-2026-27-development-book-volume-1-1011-1083,1083,1083100800,Equipping of Laboratories and Classrooms at KMTC.,1083100842,Chuka KMTC,exp,2630200,Capital Grants to Government Agencies and other Levels of Government,0,10595000,0,0,0,0,625,yes
fy-2026-27-development-book-volume-1-1011-1083,1083,1083102200,Infrastructure upgrade at Kenya Institute of Primate Research.,1083102201,Infrastructure upgrade at Kenya Institute of Primate Research,exp,2630200,Capital Grants to Government Agencies and other Levels of Government,0,105520000,0,0,0,0,625,yes
fy-2026-27-development-book-volume-1-1011-1083,1083,1083102400,Contruction of Examination Centre - KMPDC.,1083102401,Contruction of Examination Centre - KMPDC,exp,2630200,Capital Grants to Government Agencies and other Levels of Government,50000000,136400000,0,0,0,0,626,yes
fy-2026-27-development-book-volume-1-1011-1083,1083,1083102500,Construction of Health Centres.,1083102502,Upgrading of Chemelil (Potopoto) Health Centre,exp,2630200,Capital Grants to Government Agencies and other Levels of Government,50000000,0,0,0,0,0,626,yes
fy-2026-27-development-book-volume-1-1011-1083,1083,1083102600,Snake Anti-venom Processing Plant Facility.,1083102601,Snake Anti-venom Processing Plant Facility,exp,2630200,Capital Grants to Government Agencies and other Levels of Government,400000000,300000000,0,0,0,0,626,yes
fy-2026-27-development-book-volume-1-1011-1083,1083,1083102700,Central Radioactive Waste Processing Facilities.,1083102701,Central Radioactive Waste Processing Facility - Ololua,exp,2630200,Capital Grants to Government Agencies and other Levels of Government,0,107690000,0,0,0,0,627,yes
fy-2026-27-development-book-volume-1-1011-1083,1083,1083102800,Public Participation Projects.,1083102803,Equipping Mbita KMTC - Homabay,exp,2630200,Capital Grants to Government Agencies and other Levels of Government,6250000,0,0,0,0,0,627,yes
fy-2026-27-development-book-volume-1-1011-1083,1083,1083102800,Public Participation Projects.,1083102806,Miathene KMTC - Meru,exp,2630200,Capital Grants to Government Agencies and other Levels of Government,3750000,10000000,0,0,0,0,627,yes
fy-2026-27-development-book-volume-1-1011-1083,1083,1083102800,Public Participation Projects.,1083102807,Marigat Sub-County Hospital - Baringo,exp,2630200,Capital Grants to Government Agencies and other Levels of Government,2500000,0,0,0,0,0,628,yes
fy-2026-27-development-book-volume-1-1011-1083,1083,1083102800,Public Participation Projects.,1083102809,Construction of Ekambuli Health Centre Maternity - Kakamega,exp,2630200,Capital Grants to Government Agencies and other Levels of Government,2500000,0,0,0,0,0,628,yes
fy-2026-27-development-book-volume-1-1011-1083,1083,1083102800,Public Participation Projects.,1083102818,Sura Adoru Health Center - Samburu,exp,2630200,Capital Grants to Government Agencies and other Levels of Government,10000000,0,0,0,0,0,628,yes
fy-2026-27-development-book-volume-1-1011-1083,1083,1083102800,Public Participation Projects.,1083102819,Loosuk Health Center - Samburu,exp,2630200,Capital Grants to Government Agencies and other Levels of Government,10000000,0,0,0,0,0,628,yes
fy-2026-27-development-book-volume-1-1011-1083,1083,1083102800,Public Participation Projects.,1083102820,Lolkuniyani Maternity Health Centre - Samburu,exp,2630200,Capital Grants to Government Agencies and other Levels of Government,18000000,0,0,0,0,0,628,yes
fy-2026-27-development-book-volume-1-1011-1083,1083,1083102800,Public Participation Projects.,1083102821,Lkwasi Health Centre - Samburu,exp,2630200,Capital Grants to Government Agencies and other Levels of Government,30000000,0,0,0,0,0,629,yes
fy-2026-27-development-book-volume-1-1011-1083,1083,1083102800,Public Participation Projects.,1083102822,Lihrembe Dispensary - Kakamega,exp,2630200,Capital Grants to Government Agencies and other Levels of Government,2500000,0,0,0,0,0,629,yes
fy-2026-27-development-book-volume-1-1011-1083,1083,1083102900,Building Resilience and Responsive Health System Project.,1083102901,Building Resilience and Responsive Health System Project HQ,exp,2630200,Capital Grants to Government Agencies and other Levels of Government,125000000,4773000000,0,0,1296200000,3476800000,629,yes
fy-2026-27-development-book-volume-1-1011-1083,1083,1083102900,Building Resilience and Responsive Health System Project.,1083102901,Building Resilience and Responsive Health System Project HQ,financing,5120200,Foreign Borrowing - Direct Payments,50000000,1296200000,0,0,0,0,629,yes
fy-2026-27-development-book-volume-1-1011-1083,1083,1083103000,Special Global Fund Malaria Grant-NFM4.,1083103001,Special Global Fund Malaria Grant-NFM4,exp,2630200,Capital Grants to Government Agencies and other Levels of Government,948897958,1850000000,0,750000000,0,0,630,yes
fy-2026-27-development-book-volume-1-1011-1083,1083,1083103100,Special Global Fund TB Grant-NFM4.,1083103101,Special Global Fund TB Grant-NFM4,exp,2630200,Capital Grants to Government Agencies and other Levels of Government,406793809,649000000,0,649000000,0,0,630,yes
fy-2026-27-development-book-volume-1-1011-1083,1083,1083103200,Department of Health Systems Strengthening NFM4.,1083103201,Department of Health Systems Strengthening NFM4,exp,2630200,Capital Grants to Government Agencies and other Levels of Government,560831056,311000000,0,311000000,0,0,630,yes
fy-2026-27-development-book-volume-1-1011-1083,1083,1083103300,Construction of Level 4 Hospitals.,1083103301,Mikumbune level IV Hospital,exp,2630200,Capital Grants to Government Agencies and other Levels of Government,20000000,0,0,0,0,0,631,yes
fy-2026-27-development-book-volume-1-1011-1083,1083,1083103300,Construction of Level 4 Hospitals.,1083103302,Kinoro level IV Hospital,exp,2630200,Capital Grants to Government Agencies and other Levels of Government,20000000,0,0,0,0,0,631,yes
fy-2026-27-development-book-volume-1-1011-1083,1083,1083103300,Construction of Level 4 Hospitals.,1083103303,Khwisero level IV Hospital,exp,2630200,Capital Grants to Government Agencies and other Levels of Government,20000000,0,0,0,0,0,631,yes
fy-2026-27-development-book-volume-1-1011-1083,1083,1083103300,Construction of Level 4 Hospitals.,1083103304,Chwele level IV Hospital,exp,2630200,Capital Grants to Government Agencies and other Levels of Government,20000000,0,0,0,0,0,631,yes
fy-2026-27-development-book-volume-1-1011-1083,1083,1083103300,Construction of Level 4 Hospitals.,1083103305,Tulwet Primary Hospital,exp,2630200,Capital Grants to Government Agencies and other Levels of Government,15000000,0,0,0,0,0,632,yes
fy-2026-27-development-book-volume-1-1011-1083,1083,1083103300,Construction of Level 4 Hospitals.,1083103306,Bikeke Primary Hospital,exp,2630200,Capital Grants to Government Agencies and other Levels of Government,15000000,0,0,0,0,0,632,yes
fy-2026-27-development-book-volume-1-1011-1083,1083,1083103300,Construction of Level 4 Hospitals.,1083103307,Mt. Elgon IV Hospital,exp,2630200,Capital Grants to Government Agencies and other Levels of Government,20000000,0,0,0,0,0,632,yes
fy-2026-27-development-book-volume-1-1011-1083,1083,1083103400,Construction of Laboratory at National Quality Control Labs,1083103401,National Quality Control Laboratories (NQCL),exp,2630200,Capital Grants to Government Agencies and other Levels of Government,0,100000000,0,0,0,0,632,yes
fy-2026-27-development-book-volume-1-1011-1083,1083,1083103500,Monitoring and Evaluation of BETA Projects.,1083103501,Monitoring and Evaluation of BETA Projects,exp,2211300,Other Operating Expenses,0,50100000,0,0,0,0,633,yes
fy-2026-27-development-book-volume-1-1011-1083,1083,1083103600,Neglected Tropical Diseases.,1083103601,Neglected Tropical Diseases,exp,2211000,Specialised Materials and Supplies,20000000,0,0,0,0,0,633,yes
fy-2026-27-development-book-volume-1-1011-1083,1083,1083100100,Dietetics Services Improvement.,1083100101,Dietetics Services Improvement,gross,,Gross,0,100580000,0,0,0,0,613,yes
fy-2026-27-development-book-volume-1-1011-1083,1083,1083100100,Dietetics Services Improvement.,1083100101,Dietetics Services Improvement,net,,Net,0,100580000,0,0,0,0,613,yes
fy-2026-27-development-book-volume-1-1011-1083,1083,1083100200,Clinical Waste Disposal System.,1083100201,Clinical Waste Disposal System,gross,,Gross,0,60810000,0,0,0,0,613,yes
fy-2026-27-development-book-volume-1-1011-1083,1083,1083100200,Clinical Waste Disposal System.,1083100201,Clinical Waste Disposal System,net,,Net,0,60810000,0,0,0,0,613,yes
fy-2026-27-development-book-volume-1-1011-1083,1083,1083100400,Procurement of Anti TB Drugs Not covered under Global fund TB,1083100401,Procurement of Anti TB Drugs Not covered under Global fund TB,gross,,Gross,300000000,300000000,0,0,0,0,614,yes
fy-2026-27-development-book-volume-1-1011-1083,1083,1083100400,Procurement of Anti TB Drugs Not covered under Global fund TB,1083100401,Procurement of Anti TB Drugs Not covered under Global fund TB,net,,Net,300000000,300000000,0,0,0,0,614,yes
fy-2026-27-development-book-volume-1-1011-1083,1083,1083100700,Construction of Tuition Blocks and Laboratories at KMTC.,1083100702,Construction of Tuition Block - Chuka KMTC,gross,,Gross,20000000,20000000,0,0,0,0,614,yes
fy-2026-27-development-book-volume-1-1011-1083,1083,1083100700,Construction of Tuition Blocks and Laboratories at KMTC.,1083100702,Construction of Tuition Block - Chuka KMTC,net,,Net,20000000,20000000,0,0,0,0,614,yes
fy-2026-27-development-book-volume-1-1011-1083,1083,1083100700,Construction of Tuition Blocks and Laboratories at KMTC.,1083100712,Ziwa KMTC,gross,,Gross,50000000,0,0,0,0,0,614,yes
fy-2026-27-development-book-volume-1-1011-1083,1083,1083100700,Construction of Tuition Blocks and Laboratories at KMTC.,1083100712,Ziwa KMTC,net,,Net,50000000,0,0,0,0,0,614,yes
fy-2026-27-development-book-volume-1-1011-1083,1083,1083100700,Construction of Tuition Blocks and Laboratories at KMTC.,1083100715,Infrastructure Development for Ijara KMTC,gross,,Gross,20000000,30000000,0,0,0,0,614,yes
fy-2026-27-development-book-volume-1-1011-1083,1083,1083100700,Construction of Tuition Blocks and Laboratories at KMTC.,1083100715,Infrastructure Development for Ijara KMTC,net,,Net,20000000,30000000,0,0,0,0,614,yes
fy-2026-27-development-book-volume-1-1011-1083,1083,1083100700,Construction of Tuition Blocks and Laboratories at KMTC.,1083100722,Construction of Tuition Block -Sigowett,gross,,Gross,20000000,20000000,0,0,0,0,615,yes
fy-2026-27-development-book-volume-1-1011-1083,1083,1083100700,Construction of Tuition Blocks and Laboratories at KMTC.,1083100722,Construction of Tuition Block -Sigowett,net,,Net,20000000,20000000,0,0,0,0,615,yes
fy-2026-27-development-book-volume-1-1011-1083,1083,1083100700,Construction of Tuition Blocks and Laboratories at KMTC.,1083100723,Ndhiwa KMTC,gross,,Gross,50000000,0,0,0,0,0,615,yes
fy-2026-27-development-book-volume-1-1011-1083,1083,1083100700,Construction of Tuition Blocks and Laboratories at KMTC.,1083100723,Ndhiwa KMTC,net,,Net,50000000,0,0,0,0,0,615,yes
fy-2026-27-development-book-volume-1-1011-1083,1083,1083100700,Construction of Tuition Blocks and Laboratories at KMTC.,1083100724,Nyeri KMTC,gross,,Gross,20000000,10000000,0,0,0,0,615,yes
fy-2026-27-development-book-volume-1-1011-1083,1083,1083100700,Construction of Tuition Blocks and Laboratories at KMTC.,1083100724,Nyeri KMTC,net,,Net,20000000,10000000,0,0,0,0,615,yes
fy-2026-27-development-book-volume-1-1011-1083,1083,1083100700,Construction of Tuition Blocks and Laboratories at KMTC.,1083100725,Kisumu Victoria KMTC,gross,,Gross,10000000,0,0,0,0,0,615,yes
fy-2026-27-development-book-volume-1-1011-1083,1083,1083100700,Construction of Tuition Blocks and Laboratories at KMTC.,1083100725,Kisumu Victoria KMTC,net,,Net,10000000,0,0,0,0,0,615,yes
fy-2026-27-development-book-volume-1-1011-1083,1083,1083100700,Construction of Tuition Blocks and Laboratories at KMTC.,1083100726,Kisii KMTC,gross,,Gross,20000000,0,0,0,0,0,615,yes
fy-2026-27-development-book-volume-1-1011-1083,1083,1083100700,Construction of Tuition Blocks and Laboratories at KMTC.,1083100726,Kisii KMTC,net,,Net,20000000,0,0,0,0,0,615,yes
fy-2026-27-development-book-volume-1-1011-1083,1083,1083100700,Construction of Tuition Blocks and Laboratories at KMTC.,1083100727,Moyale KMTC,gross,,Gross,40000000,0,0,0,0,0,616,yes
fy-2026-27-development-book-volume-1-1011-1083,1083,1083100700,Construction of Tuition Blocks and Laboratories at KMTC.,1083100727,Moyale KMTC,net,,Net,40000000,0,0,0,0,0,616,yes
fy-2026-27-development-book-volume-1-1011-1083,1083,1083100700,Construction of Tuition Blocks and Laboratories at KMTC.,1083100728,Teso KMTC,gross,,Gross,20000000,7000000,0,0,0,0,616,yes
fy-2026-27-development-book-volume-1-1011-1083,1083,1083100700,Construction of Tuition Blocks and Laboratories at KMTC.,1083100728,Teso KMTC,net,,Net,20000000,7000000,0,0,0,0,616,yes
fy-2026-27-development-book-volume-1-1011-1083,1083,1083100700,Construction of Tuition Blocks and Laboratories at KMTC.,1083100729,Ugenya KMTC,gross,,Gross,20000000,0,0,0,0,0,616,yes
fy-2026-27-development-book-volume-1-1011-1083,1083,1083100700,Construction of Tuition Blocks and Laboratories at KMTC.,1083100729,Ugenya KMTC,net,,Net,20000000,0,0,0,0,0,616,yes
fy-2026-27-development-book-volume-1-1011-1083,1083,1083100700,Construction of Tuition Blocks and Laboratories at KMTC.,1083100730,Bumula KMTC,gross,,Gross,25000000,0,0,0,0,0,616,yes
fy-2026-27-development-book-volume-1-1011-1083,1083,1083100700,Construction of Tuition Blocks and Laboratories at KMTC.,1083100730,Bumula KMTC,net,,Net,25000000,0,0,0,0,0,616,yes
fy-2026-27-development-book-volume-1-1011-1083,1083,1083100700,Construction of Tuition Blocks and Laboratories at KMTC.,1083100731,Malindi KMTC,gross,,Gross,20000000,0,0,0,0,0,616,yes
fy-2026-27-development-book-volume-1-1011-1083,1083,1083100700,Construction of Tuition Blocks and Laboratories at KMTC.,1083100731,Malindi KMTC,net,,Net,20000000,0,0,0,0,0,616,yes
fy-2026-27-development-book-volume-1-1011-1083,1083,1083100700,Construction of Tuition Blocks and Laboratories at KMTC.,1083100732,Kipkelion KMTC,gross,,Gross,50000000,0,0,0,0,0,617,yes
fy-2026-27-development-book-volume-1-1011-1083,1083,1083100700,Construction of Tuition Blocks and Laboratories at KMTC.,1083100732,Kipkelion KMTC,net,,Net,50000000,0,0,0,0,0,617,yes
fy-2026-27-development-book-volume-1-1011-1083,1083,1083100700,Construction of Tuition Blocks and Laboratories at KMTC.,1083100733,Othoro KMTC,gross,,Gross,50000000,0,0,0,0,0,617,yes
fy-2026-27-development-book-volume-1-1011-1083,1083,1083100700,Construction of Tuition Blocks and Laboratories at KMTC.,1083100733,Othoro KMTC,net,,Net,50000000,0,0,0,0,0,617,yes
fy-2026-27-development-book-volume-1-1011-1083,1083,1083100700,Construction of Tuition Blocks and Laboratories at KMTC.,1083100734,Imenti KMTC,gross,,Gross,10000000,0,0,0,0,0,617,yes
fy-2026-27-development-book-volume-1-1011-1083,1083,1083100700,Construction of Tuition Blocks and Laboratories at KMTC.,1083100734,Imenti KMTC,net,,Net,10000000,0,0,0,0,0,617,yes
fy-2026-27-development-book-volume-1-1011-1083,1083,1083100700,Construction of Tuition Blocks and Laboratories at KMTC.,1083100735,Lugari KMTC,gross,,Gross,25000000,0,0,0,0,0,617,yes
fy-2026-27-development-book-volume-1-1011-1083,1083,1083100700,Construction of Tuition Blocks and Laboratories at KMTC.,1083100735,Lugari KMTC,net,,Net,25000000,0,0,0,0,0,617,yes
fy-2026-27-development-book-volume-1-1011-1083,1083,1083100700,Construction of Tuition Blocks and Laboratories at KMTC.,1083100736,Ndalu KMTC,gross,,Gross,20000000,0,0,0,0,0,617,yes
fy-2026-27-development-book-volume-1-1011-1083,1083,1083100700,Construction of Tuition Blocks and Laboratories at KMTC.,1083100736,Ndalu KMTC,net,,Net,20000000,0,0,0,0,0,617,yes
fy-2026-27-development-book-volume-1-1011-1083,1083,1083100700,Construction of Tuition Blocks and Laboratories at KMTC.,1083100737,Makueni KMTC,gross,,Gross,0,10000000,0,0,0,0,618,yes
fy-2026-27-development-book-volume-1-1011-1083,1083,1083100700,Construction of Tuition Blocks and Laboratories at KMTC.,1083100737,Makueni KMTC,net,,Net,0,10000000,0,0,0,0,618,yes
fy-2026-27-development-book-volume-1-1011-1083,1083,1083100700,Construction of Tuition Blocks and Laboratories at KMTC.,1083100738,Rachuonyo KMTC,gross,,Gross,0,20000000,0,0,0,0,618,yes
fy-2026-27-development-book-volume-1-1011-1083,1083,1083100700,Construction of Tuition Blocks and Laboratories at KMTC.,1083100738,Rachuonyo KMTC,net,,Net,0,20000000,0,0,0,0,618,yes
fy-2026-27-development-book-volume-1-1011-1083,1083,1083100700,Construction of Tuition Blocks and Laboratories at KMTC.,1083100739,Kwale KMTC,gross,,Gross,0,20000000,0,0,0,0,618,yes
fy-2026-27-development-book-volume-1-1011-1083,1083,1083100700,Construction of Tuition Blocks and Laboratories at KMTC.,1083100739,Kwale KMTC,net,,Net,0,20000000,0,0,0,0,618,yes
fy-2026-27-development-book-volume-1-1011-1083,1083,1083100700,Construction of Tuition Blocks and Laboratories at KMTC.,1083100740,Busia KMTC,gross,,Gross,0,20000000,0,0,0,0,618,yes
fy-2026-27-development-book-volume-1-1011-1083,1083,1083100700,Construction of Tuition Blocks and Laboratories at KMTC.,1083100740,Busia KMTC,net,,Net,0,20000000,0,0,0,0,618,yes
fy-2026-27-development-book-volume-1-1011-1083,1083,1083100700,Construction of Tuition Blocks and Laboratories at KMTC.,1083100741,Administration Block - Kabarnet KMTC,gross,,Gross,0,30000000,0,0,0,0,618,yes
fy-2026-27-development-book-volume-1-1011-1083,1083,1083100700,Construction of Tuition Blocks and Laboratories at KMTC.,1083100741,Administration Block - Kabarnet KMTC,net,,Net,0,30000000,0,0,0,0,618,yes
fy-2026-27-development-book-volume-1-1011-1083,1083,1083100700,Construction of Tuition Blocks and Laboratories at KMTC.,1083100742,Othaya - KMTC,gross,,Gross,0,20000000,0,0,0,0,619,yes
fy-2026-27-development-book-volume-1-1011-1083,1083,1083100700,Construction of Tuition Blocks and Laboratories at KMTC.,1083100742,Othaya - KMTC,net,,Net,0,20000000,0,0,0,0,619,yes
fy-2026-27-development-book-volume-1-1011-1083,1083,1083100800,Equipping of Laboratories and Classrooms at KMTC.,1083100802,Construction & Equipping of Laboratory and Classrooms - Teso,gross,,Gross,0,10595000,0,0,0,0,619,yes
fy-2026-27-development-book-volume-1-1011-1083,1083,1083100800,Equipping of Laboratories and Classrooms at KMTC.,1083100802,Construction & Equipping of Laboratory and Classrooms - Teso,net,,Net,0,10595000,0,0,0,0,619,yes
fy-2026-27-development-book-volume-1-1011-1083,1083,1083100800,Equipping of Laboratories and Classrooms at KMTC.,1083100803,Burnt Forest KMTC,gross,,Gross,30000000,0,0,0,0,0,619,yes
fy-2026-27-development-book-volume-1-1011-1083,1083,1083100800,Equipping of Laboratories and Classrooms at KMTC.,1083100803,Burnt Forest KMTC,net,,Net,30000000,0,0,0,0,0,619,yes
fy-2026-27-development-book-volume-1-1011-1083,1083,1083100800,Equipping of Laboratories and Classrooms at KMTC.,1083100804,Navakholo KMTC - Construction of Tuition Block,gross,,Gross,35750000,0,0,0,0,0,619,yes
fy-2026-27-development-book-volume-1-1011-1083,1083,1083100800,Equipping of Laboratories and Classrooms at KMTC.,1083100804,Navakholo KMTC - Construction of Tuition Block,net,,Net,35750000,0,0,0,0,0,619,yes
fy-2026-27-development-book-volume-1-1011-1083,1083,1083100800,Equipping of Laboratories and Classrooms at KMTC.,1083100806,"Samburu KMTC - Const. Admin Blk, Ablution, Septic & Equip.",gross,,Gross,40000000,0,0,0,0,0,620,yes
fy-2026-27-development-book-volume-1-1011-1083,1083,1083100800,Equipping of Laboratories and Classrooms at KMTC.,1083100806,"Samburu KMTC - Const. Admin Blk, Ablution, Septic & Equip.",net,,Net,40000000,0,0,0,0,0,620,yes
fy-2026-27-development-book-volume-1-1011-1083,1083,1083100800,Equipping of Laboratories and Classrooms at KMTC.,1083100808,Ndhiwa KMTC,gross,,Gross,9160000,10595000,0,0,0,0,620,yes
fy-2026-27-development-book-volume-1-1011-1083,1083,1083100800,Equipping of Laboratories and Classrooms at KMTC.,1083100808,Ndhiwa KMTC,net,,Net,9160000,10595000,0,0,0,0,620,yes
fy-2026-27-development-book-volume-1-1011-1083,1083,1083100800,Equipping of Laboratories and Classrooms at KMTC.,1083100812,Ikolomani KMTC,gross,,Gross,58750000,0,0,0,0,0,620,yes
fy-2026-27-development-book-volume-1-1011-1083,1083,1083100800,Equipping of Laboratories and Classrooms at KMTC.,1083100812,Ikolomani KMTC,net,,Net,58750000,0,0,0,0,0,620,yes
fy-2026-27-development-book-volume-1-1011-1083,1083,1083100800,Equipping of Laboratories and Classrooms at KMTC.,1083100813,Marimanti KMTC,gross,,Gross,29017040,0,0,0,0,0,620,yes
fy-2026-27-development-book-volume-1-1011-1083,1083,1083100800,Equipping of Laboratories and Classrooms at KMTC.,1083100813,Marimanti KMTC,net,,Net,29017040,0,0,0,0,0,620,yes
fy-2026-27-development-book-volume-1-1011-1083,1083,1083100800,Equipping of Laboratories and Classrooms at KMTC.,1083100814,Mandera KMTC,gross,,Gross,0,15430908,0,0,0,0,620,yes
fy-2026-27-development-book-volume-1-1011-1083,1083,1083100800,Equipping of Laboratories and Classrooms at KMTC.,1083100814,Mandera KMTC,net,,Net,0,15430908,0,0,0,0,620,yes
fy-2026-27-development-book-volume-1-1011-1083,1083,1083100800,Equipping of Laboratories and Classrooms at KMTC.,1083100816,Mutomo KMTC - Kitui,gross,,Gross,33000000,0,0,0,0,0,621,yes
fy-2026-27-development-book-volume-1-1011-1083,1083,1083100800,Equipping of Laboratories and Classrooms at KMTC.,1083100816,Mutomo KMTC - Kitui,net,,Net,33000000,0,0,0,0,0,621,yes
fy-2026-27-development-book-volume-1-1011-1083,1083,1083100800,Equipping of Laboratories and Classrooms at KMTC.,1083100818,Mukurue-ini KMTC - Nyeri,gross,,Gross,5000000,0,0,0,0,0,621,yes
fy-2026-27-development-book-volume-1-1011-1083,1083,1083100800,Equipping of Laboratories and Classrooms at KMTC.,1083100818,Mukurue-ini KMTC - Nyeri,net,,Net,5000000,0,0,0,0,0,621,yes
fy-2026-27-development-book-volume-1-1011-1083,1083,1083100800,Equipping of Laboratories and Classrooms at KMTC.,1083100820,Awendo KMTC - Migori,gross,,Gross,40000000,0,0,0,0,0,621,yes
fy-2026-27-development-book-volume-1-1011-1083,1083,1083100800,Equipping of Laboratories and Classrooms at KMTC.,1083100820,Awendo KMTC - Migori,net,,Net,40000000,0,0,0,0,0,621,yes
fy-2026-27-development-book-volume-1-1011-1083,1083,1083100800,Equipping of Laboratories and Classrooms at KMTC.,1083100821,Tigania KMTC - Meru,gross,,Gross,25750000,0,0,0,0,0,621,yes
fy-2026-27-development-book-volume-1-1011-1083,1083,1083100800,Equipping of Laboratories and Classrooms at KMTC.,1083100821,Tigania KMTC - Meru,net,,Net,25750000,0,0,0,0,0,621,yes
fy-2026-27-development-book-volume-1-1011-1083,1083,1083100800,Equipping of Laboratories and Classrooms at KMTC.,1083100823,Kegondi/Iduku KMTC - Vihiga,gross,,Gross,31072960,0,0,0,0,0,621,yes
fy-2026-27-development-book-volume-1-1011-1083,1083,1083100800,Equipping of Laboratories and Classrooms at KMTC.,1083100823,Kegondi/Iduku KMTC - Vihiga,net,,Net,31072960,0,0,0,0,0,621,yes
fy-2026-27-development-book-volume-1-1011-1083,1083,1083100800,Equipping of Laboratories and Classrooms at KMTC.,1083100824,Tongaren KMTC - Bungoma,gross,,Gross,45750000,0,0,0,0,0,622,yes
fy-2026-27-development-book-volume-1-1011-1083,1083,1083100800,Equipping of Laboratories and Classrooms at KMTC.,1083100824,Tongaren KMTC - Bungoma,net,,Net,45750000,0,0,0,0,0,622,yes
fy-2026-27-development-book-volume-1-1011-1083,1083,1083100800,Equipping of Laboratories and Classrooms at KMTC.,1083100825,Rarieda KMTC - Siaya,gross,,Gross,50750000,0,0,0,0,0,622,yes
fy-2026-27-development-book-volume-1-1011-1083,1083,1083100800,Equipping of Laboratories and Classrooms at KMTC.,1083100825,Rarieda KMTC - Siaya,net,,Net,50750000,0,0,0,0,0,622,yes
fy-2026-27-development-book-volume-1-1011-1083,1083,1083100800,Equipping of Laboratories and Classrooms at KMTC.,1083100826,Shianda KMTC - Mumias,gross,,Gross,21000000,0,0,0,0,0,622,yes
fy-2026-27-development-book-volume-1-1011-1083,1083,1083100800,Equipping of Laboratories and Classrooms at KMTC.,1083100826,Shianda KMTC - Mumias,net,,Net,21000000,0,0,0,0,0,622,yes
fy-2026-27-development-book-volume-1-1011-1083,1083,1083100800,Equipping of Laboratories and Classrooms at KMTC.,1083100827,Ugunja KMTC,gross,,Gross,15000000,0,0,0,0,0,622,yes
fy-2026-27-development-book-volume-1-1011-1083,1083,1083100800,Equipping of Laboratories and Classrooms at KMTC.,1083100827,Ugunja KMTC,net,,Net,15000000,0,0,0,0,0,622,yes
fy-2026-27-development-book-volume-1-1011-1083,1083,1083100800,Equipping of Laboratories and Classrooms at KMTC.,1083100829,Matyambua KMTC,gross,,Gross,15000000,0,0,0,0,0,622,yes
fy-2026-27-development-book-volume-1-1011-1083,1083,1083100800,Equipping of Laboratories and Classrooms at KMTC.,1083100829,Matyambua KMTC,net,,Net,15000000,0,0,0,0,0,622,yes
fy-2026-27-development-book-volume-1-1011-1083,1083,1083100800,Equipping of Laboratories and Classrooms at KMTC.,1083100830,Mbuvo KMTC,gross,,Gross,15000000,0,0,0,0,0,623,yes
fy-2026-27-development-book-volume-1-1011-1083,1083,1083100800,Equipping of Laboratories and Classrooms at KMTC.,1083100830,Mbuvo KMTC,net,,Net,15000000,0,0,0,0,0,623,yes
fy-2026-27-development-book-volume-1-1011-1083,1083,1083100800,Equipping of Laboratories and Classrooms at KMTC.,1083100832,Mutunguru KMTC,gross,,Gross,20000000,0,0,0,0,0,623,yes
fy-2026-27-development-book-volume-1-1011-1083,1083,1083100800,Equipping of Laboratories and Classrooms at KMTC.,1083100832,Mutunguru KMTC,net,,Net,20000000,0,0,0,0,0,623,yes
fy-2026-27-development-book-volume-1-1011-1083,1083,1083100800,Equipping of Laboratories and Classrooms at KMTC.,1083100833,Siaya KMTC,gross,,Gross,10000000,0,0,0,0,0,623,yes
fy-2026-27-development-book-volume-1-1011-1083,1083,1083100800,Equipping of Laboratories and Classrooms at KMTC.,1083100833,Siaya KMTC,net,,Net,10000000,0,0,0,0,0,623,yes
fy-2026-27-development-book-volume-1-1011-1083,1083,1083100800,Equipping of Laboratories and Classrooms at KMTC.,1083100834,Sindo KMTC - Suba,gross,,Gross,30000000,0,0,0,0,0,623,yes
fy-2026-27-development-book-volume-1-1011-1083,1083,1083100800,Equipping of Laboratories and Classrooms at KMTC.,1083100834,Sindo KMTC - Suba,net,,Net,30000000,0,0,0,0,0,623,yes
fy-2026-27-development-book-volume-1-1011-1083,1083,1083100800,Equipping of Laboratories and Classrooms at KMTC.,1083100835,Kegonga KMTC,gross,,Gross,75000000,0,0,0,0,0,623,yes
fy-2026-27-development-book-volume-1-1011-1083,1083,1083100800,Equipping of Laboratories and Classrooms at KMTC.,1083100835,Kegonga KMTC,net,,Net,75000000,0,0,0,0,0,623,yes
fy-2026-27-development-book-volume-1-1011-1083,1083,1083100800,Equipping of Laboratories and Classrooms at KMTC.,1083100836,Ziwa KMTC,gross,,Gross,0,10000000,0,0,0,0,624,yes
fy-2026-27-development-book-volume-1-1011-1083,1083,1083100800,Equipping of Laboratories and Classrooms at KMTC.,1083100836,Ziwa KMTC,net,,Net,0,10000000,0,0,0,0,624,yes
fy-2026-27-development-book-volume-1-1011-1083,1083,1083100800,Equipping of Laboratories and Classrooms at KMTC.,1083100837,Nyeri KMTC,gross,,Gross,0,10595000,0,0,0,0,624,yes
fy-2026-27-development-book-volume-1-1011-1083,1083,1083100800,Equipping of Laboratories and Classrooms at KMTC.,1083100837,Nyeri KMTC,net,,Net,0,10595000,0,0,0,0,624,yes
fy-2026-27-development-book-volume-1-1011-1083,1083,1083100800,Equipping of Laboratories and Classrooms at KMTC.,1083100838,Kisumu Victoria KMTC,gross,,Gross,0,10595000,0,0,0,0,624,yes
fy-2026-27-development-book-volume-1-1011-1083,1083,1083100800,Equipping of Laboratories and Classrooms at KMTC.,1083100838,Kisumu Victoria KMTC,net,,Net,0,10595000,0,0,0,0,624,yes
fy-2026-27-development-book-volume-1-1011-1083,1083,1083100800,Equipping of Laboratories and Classrooms at KMTC.,1083100839,Kisii KMTC,gross,,Gross,0,10595000,0,0,0,0,624,yes
fy-2026-27-development-book-volume-1-1011-1083,1083,1083100800,Equipping of Laboratories and Classrooms at KMTC.,1083100839,Kisii KMTC,net,,Net,0,10595000,0,0,0,0,624,yes
fy-2026-27-development-book-volume-1-1011-1083,1083,1083100800,Equipping of Laboratories and Classrooms at KMTC.,1083100840,Ugenya KMTC,gross,,Gross,0,10595000,0,0,0,0,624,yes
fy-2026-27-development-book-volume-1-1011-1083,1083,1083100800,Equipping of Laboratories and Classrooms at KMTC.,1083100840,Ugenya KMTC,net,,Net,0,10595000,0,0,0,0,624,yes
fy-2026-27-development-book-volume-1-1011-1083,1083,1083100800,Equipping of Laboratories and Classrooms at KMTC.,1083100841,Bumula KMTC,gross,,Gross,0,10595000,0,0,0,0,625,yes
fy-2026-27-development-book-volume-1-1011-1083,1083,1083100800,Equipping of Laboratories and Classrooms at KMTC.,1083100841,Bumula KMTC,net,,Net,0,10595000,0,0,0,0,625,yes
fy-2026-27-development-book-volume-1-1011-1083,1083,1083100800,Equipping of Laboratories and Classrooms at KMTC.,1083100842,Chuka KMTC,gross,,Gross,0,10595000,0,0,0,0,625,yes
fy-2026-27-development-book-volume-1-1011-1083,1083,1083100800,Equipping of Laboratories and Classrooms at KMTC.,1083100842,Chuka KMTC,net,,Net,0,10595000,0,0,0,0,625,yes
fy-2026-27-development-book-volume-1-1011-1083,1083,1083102200,Infrastructure upgrade at Kenya Institute of Primate Research.,1083102201,Infrastructure upgrade at Kenya Institute of Primate Research,gross,,Gross,0,105520000,0,0,0,0,625,yes
fy-2026-27-development-book-volume-1-1011-1083,1083,1083102200,Infrastructure upgrade at Kenya Institute of Primate Research.,1083102201,Infrastructure upgrade at Kenya Institute of Primate Research,net,,Net,0,105520000,0,0,0,0,625,yes
fy-2026-27-development-book-volume-1-1011-1083,1083,1083102400,Contruction of Examination Centre - KMPDC.,1083102401,Contruction of Examination Centre - KMPDC,gross,,Gross,50000000,136400000,0,0,0,0,626,yes
fy-2026-27-development-book-volume-1-1011-1083,1083,1083102400,Contruction of Examination Centre - KMPDC.,1083102401,Contruction of Examination Centre - KMPDC,net,,Net,50000000,136400000,0,0,0,0,626,yes
fy-2026-27-development-book-volume-1-1011-1083,1083,1083102500,Construction of Health Centres.,1083102502,Upgrading of Chemelil (Potopoto) Health Centre,gross,,Gross,50000000,0,0,0,0,0,626,yes
fy-2026-27-development-book-volume-1-1011-1083,1083,1083102500,Construction of Health Centres.,1083102502,Upgrading of Chemelil (Potopoto) Health Centre,net,,Net,50000000,0,0,0,0,0,626,yes
fy-2026-27-development-book-volume-1-1011-1083,1083,1083102600,Snake Anti-venom Processing Plant Facility.,1083102601,Snake Anti-venom Processing Plant Facility,gross,,Gross,400000000,300000000,0,0,0,0,626,yes
fy-2026-27-development-book-volume-1-1011-1083,1083,1083102600,Snake Anti-venom Processing Plant Facility.,1083102601,Snake Anti-venom Processing Plant Facility,net,,Net,400000000,300000000,0,0,0,0,626,yes
fy-2026-27-development-book-volume-1-1011-1083,1083,1083102700,Central Radioactive Waste Processing Facilities.,1083102701,Central Radioactive Waste Processing Facility - Ololua,gross,,Gross,0,107690000,0,0,0,0,627,yes
fy-2026-27-development-book-volume-1-1011-1083,1083,1083102700,Central Radioactive Waste Processing Facilities.,1083102701,Central Radioactive Waste Processing Facility - Ololua,net,,Net,0,107690000,0,0,0,0,627,yes
fy-2026-27-development-book-volume-1-1011-1083,1083,1083102800,Public Participation Projects.,1083102803,Equipping Mbita KMTC - Homabay,gross,,Gross,6250000,0,0,0,0,0,627,yes
fy-2026-27-development-book-volume-1-1011-1083,1083,1083102800,Public Participation Projects.,1083102803,Equipping Mbita KMTC - Homabay,net,,Net,6250000,0,0,0,0,0,627,yes
fy-2026-27-development-book-volume-1-1011-1083,1083,1083102800,Public Participation Projects.,1083102806,Miathene KMTC - Meru,gross,,Gross,3750000,10000000,0,0,0,0,627,yes
fy-2026-27-development-book-volume-1-1011-1083,1083,1083102800,Public Participation Projects.,1083102806,Miathene KMTC - Meru,net,,Net,3750000,10000000,0,0,0,0,627,yes
fy-2026-27-development-book-volume-1-1011-1083,1083,1083102800,Public Participation Projects.,1083102807,Marigat Sub-County Hospital - Baringo,gross,,Gross,2500000,0,0,0,0,0,628,yes
fy-2026-27-development-book-volume-1-1011-1083,1083,1083102800,Public Participation Projects.,1083102807,Marigat Sub-County Hospital - Baringo,net,,Net,2500000,0,0,0,0,0,628,yes
fy-2026-27-development-book-volume-1-1011-1083,1083,1083102800,Public Participation Projects.,1083102809,Construction of Ekambuli Health Centre Maternity - Kakamega,gross,,Gross,2500000,0,0,0,0,0,628,yes
fy-2026-27-development-book-volume-1-1011-1083,1083,1083102800,Public Participation Projects.,1083102809,Construction of Ekambuli Health Centre Maternity - Kakamega,net,,Net,2500000,0,0,0,0,0,628,yes
fy-2026-27-development-book-volume-1-1011-1083,1083,1083102800,Public Participation Projects.,1083102818,Sura Adoru Health Center - Samburu,gross,,Gross,10000000,0,0,0,0,0,628,yes
fy-2026-27-development-book-volume-1-1011-1083,1083,1083102800,Public Participation Projects.,1083102818,Sura Adoru Health Center - Samburu,net,,Net,10000000,0,0,0,0,0,628,yes
fy-2026-27-development-book-volume-1-1011-1083,1083,1083102800,Public Participation Projects.,1083102819,Loosuk Health Center - Samburu,gross,,Gross,10000000,0,0,0,0,0,628,yes
fy-2026-27-development-book-volume-1-1011-1083,1083,1083102800,Public Participation Projects.,1083102819,Loosuk Health Center - Samburu,net,,Net,10000000,0,0,0,0,0,628,yes
fy-2026-27-development-book-volume-1-1011-1083,1083,1083102800,Public Participation Projects.,1083102820,Lolkuniyani Maternity Health Centre - Samburu,gross,,Gross,18000000,0,0,0,0,0,628,yes
fy-2026-27-development-book-volume-1-1011-1083,1083,1083102800,Public Participation Projects.,1083102820,Lolkuniyani Maternity Health Centre - Samburu,net,,Net,18000000,0,0,0,0,0,628,yes
fy-2026-27-development-book-volume-1-1011-1083,1083,1083102800,Public Participation Projects.,1083102821,Lkwasi Health Centre - Samburu,gross,,Gross,30000000,0,0,0,0,0,629,yes
fy-2026-27-development-book-volume-1-1011-1083,1083,1083102800,Public Participation Projects.,1083102821,Lkwasi Health Centre - Samburu,net,,Net,30000000,0,0,0,0,0,629,yes
fy-2026-27-development-book-volume-1-1011-1083,1083,1083102800,Public Participation Projects.,1083102822,Lihrembe Dispensary - Kakamega,gross,,Gross,2500000,0,0,0,0,0,629,yes
fy-2026-27-development-book-volume-1-1011-1083,1083,1083102800,Public Participation Projects.,1083102822,Lihrembe Dispensary - Kakamega,net,,Net,2500000,0,0,0,0,0,629,yes
fy-2026-27-development-book-volume-1-1011-1083,1083,1083102900,Building Resilience and Responsive Health System Project.,1083102901,Building Resilience and Responsive Health System Project HQ,gross,,Gross,125000000,4773000000,0,0,1296200000,3476800000,629,yes
fy-2026-27-development-book-volume-1-1011-1083,1083,1083102900,Building Resilience and Responsive Health System Project.,1083102901,Building Resilience and Responsive Health System Project HQ,appropriations_in_aid,,Appropriations In Aid,50000000,1296200000,0,0,0,0,629,yes
fy-2026-27-development-book-volume-1-1011-1083,1083,1083102900,Building Resilience and Responsive Health System Project.,1083102901,Building Resilience and Responsive Health System Project HQ,net,,Net,75000000,3476800000,0,0,0,3476800000,629,yes
fy-2026-27-development-book-volume-1-1011-1083,1083,1083103000,Special Global Fund Malaria Grant-NFM4.,1083103001,Special Global Fund Malaria Grant-NFM4,gross,,Gross,948897958,1850000000,0,750000000,0,0,630,yes
fy-2026-27-development-book-volume-1-1011-1083,1083,1083103000,Special Global Fund Malaria Grant-NFM4.,1083103001,Special Global Fund Malaria Grant-NFM4,net,,Net,948897958,1850000000,0,750000000,0,0,630,yes
fy-2026-27-development-book-volume-1-1011-1083,1083,1083103100,Special Global Fund TB Grant-NFM4.,1083103101,Special Global Fund TB Grant-NFM4,gross,,Gross,406793809,649000000,0,649000000,0,0,630,yes
fy-2026-27-development-book-volume-1-1011-1083,1083,1083103100,Special Global Fund TB Grant-NFM4.,1083103101,Special Global Fund TB Grant-NFM4,net,,Net,406793809,649000000,0,649000000,0,0,630,yes
fy-2026-27-development-book-volume-1-1011-1083,1083,1083103200,Department of Health Systems Strengthening NFM4.,1083103201,Department of Health Systems Strengthening NFM4,gross,,Gross,560831056,311000000,0,311000000,0,0,631,yes
fy-2026-27-development-book-volume-1-1011-1083,1083,1083103200,Department of Health Systems Strengthening NFM4.,1083103201,Department of Health Systems Strengthening NFM4,net,,Net,560831056,311000000,0,311000000,0,0,631,yes
fy-2026-27-development-book-volume-1-1011-1083,1083,1083103300,Construction of Level 4 Hospitals.,1083103301,Mikumbune level IV Hospital,gross,,Gross,20000000,0,0,0,0,0,631,yes
fy-2026-27-development-book-volume-1-1011-1083,1083,1083103300,Construction of Level 4 Hospitals.,1083103301,Mikumbune level IV Hospital,net,,Net,20000000,0,0,0,0,0,631,yes
fy-2026-27-development-book-volume-1-1011-1083,1083,1083103300,Construction of Level 4 Hospitals.,1083103302,Kinoro level IV Hospital,gross,,Gross,20000000,0,0,0,0,0,631,yes
fy-2026-27-development-book-volume-1-1011-1083,1083,1083103300,Construction of Level 4 Hospitals.,1083103302,Kinoro level IV Hospital,net,,Net,20000000,0,0,0,0,0,631,yes
fy-2026-27-development-book-volume-1-1011-1083,1083,1083103300,Construction of Level 4 Hospitals.,1083103303,Khwisero level IV Hospital,gross,,Gross,20000000,0,0,0,0,0,631,yes
fy-2026-27-development-book-volume-1-1011-1083,1083,1083103300,Construction of Level 4 Hospitals.,1083103303,Khwisero level IV Hospital,net,,Net,20000000,0,0,0,0,0,631,yes
fy-2026-27-development-book-volume-1-1011-1083,1083,1083103300,Construction of Level 4 Hospitals.,1083103304,Chwele level IV Hospital,gross,,Gross,20000000,0,0,0,0,0,632,yes
fy-2026-27-development-book-volume-1-1011-1083,1083,1083103300,Construction of Level 4 Hospitals.,1083103304,Chwele level IV Hospital,net,,Net,20000000,0,0,0,0,0,632,yes
fy-2026-27-development-book-volume-1-1011-1083,1083,1083103300,Construction of Level 4 Hospitals.,1083103305,Tulwet Primary Hospital,gross,,Gross,15000000,0,0,0,0,0,632,yes
fy-2026-27-development-book-volume-1-1011-1083,1083,1083103300,Construction of Level 4 Hospitals.,1083103305,Tulwet Primary Hospital,net,,Net,15000000,0,0,0,0,0,632,yes
fy-2026-27-development-book-volume-1-1011-1083,1083,1083103300,Construction of Level 4 Hospitals.,1083103306,Bikeke Primary Hospital,gross,,Gross,15000000,0,0,0,0,0,632,yes
fy-2026-27-development-book-volume-1-1011-1083,1083,1083103300,Construction of Level 4 Hospitals.,1083103306,Bikeke Primary Hospital,net,,Net,15000000,0,0,0,0,0,632,yes
fy-2026-27-development-book-volume-1-1011-1083,1083,1083103300,Construction of Level 4 Hospitals.,1083103307,Mt. Elgon IV Hospital,gross,,Gross,20000000,0,0,0,0,0,632,yes
fy-2026-27-development-book-volume-1-1011-1083,1083,1083103300,Construction of Level 4 Hospitals.,1083103307,Mt. Elgon IV Hospital,net,,Net,20000000,0,0,0,0,0,632,yes
fy-2026-27-development-book-volume-1-1011-1083,1083,1083103400,Construction of Laboratory at National Quality Control Labs,1083103401,National Quality Control Laboratories (NQCL),gross,,Gross,0,100000000,0,0,0,0,633,yes
fy-2026-27-development-book-volume-1-1011-1083,1083,1083103400,Construction of Laboratory at National Quality Control Labs,1083103401,National Quality Control Laboratories (NQCL),net,,Net,0,100000000,0,0,0,0,633,yes
fy-2026-27-development-book-volume-1-1011-1083,1083,1083103500,Monitoring and Evaluation of BETA Projects.,1083103501,Monitoring and Evaluation of BETA Projects,gross,,Gross,0,50100000,0,0,0,0,633,yes
fy-2026-27-development-book-volume-1-1011-1083,1083,1083103500,Monitoring and Evaluation of BETA Projects.,1083103501,Monitoring and Evaluation of BETA Projects,net,,Net,0,50100000,0,0,0,0,633,yes
fy-2026-27-development-book-volume-1-1011-1083,1083,1083103600,Neglected Tropical Diseases.,1083103601,Neglected Tropical Diseases,gross,,Gross,20000000,0,0,0,0,0,633,yes
fy-2026-27-development-book-volume-1-1011-1083,1083,1083103600,Neglected Tropical Diseases.,1083103601,Neglected Tropical Diseases,net,,Net,20000000,0,0,0,0,0,633,yes
