book,vote,vote_title,head_code,head_title,subhead_code,subhead_title,item_code,item_title,item_kind,approved_estimates_2025_2026,estimates_2026_2027,projected_estimates_2027_2028,projected_estimates_2028_2029,page,verified
fy-2026-27-development-book-volume-ii-1091-1097,1091,State Department for Roads,1091101000,Northern Corridor Transport Improvement Project,1091101016,Dhohoye Bridge on Kisian - Usenge,2630200,Capital Grants to Government Agencies and other Levels of Government,exp,288373307,108836105,308373307,388056887,45,yes
fy-2026-27-development-book-volume-ii-1091-1097,1091,State Department for Roads,1091101200,Kenya Transport Sector Support Programme,1091101201,Headquarters,2210700,Training Expenses,exp,11040166,0,30000000,30000000,45,yes
fy-2026-27-development-book-volume-ii-1091-1097,1091,State Department for Roads,1091101200,Kenya Transport Sector Support Programme,1091101201,Headquarters,3111400,"Research, Feasibility Studies, Project Preparation and Design, Project S",exp,32239959,50000000,30000000,30000000,45,yes
fy-2026-27-development-book-volume-ii-1091-1097,1091,State Department for Roads,1091101200,Kenya Transport Sector Support Programme,1091101204,KTSSP- Construction of Kisumu Boys - Mambo Leo Road,2630200,Capital Grants to Government Agencies and other Levels of Government,exp,30930108,0,0,0,45,yes
fy-2026-27-development-book-volume-ii-1091-1097,1091,State Department for Roads,1091101200,Kenya Transport Sector Support Programme,1091101207,KTSSP- Dualling Athi River - Machakos Turnoff Road,2630200,Capital Grants to Government Agencies and other Levels of Government,exp,22565217,274957197,98605569,124085221,45,yes
fy-2026-27-development-book-volume-ii-1091-1097,1091,State Department for Roads,1091101300,National Urban Transport Improvement Project (NUTRIP),1091101301,Headquarters,2210700,Training Expenses,exp,11040166,0,30000000,30000000,45,yes
fy-2026-27-development-book-volume-ii-1091-1097,1091,State Department for Roads,1091101300,National Urban Transport Improvement Project (NUTRIP),1091101301,Headquarters,3111400,"Research, Feasibility Studies, Project Preparation and Design, Project S",exp,28959834,40000000,30000000,30000000,45,yes
fy-2026-27-development-book-volume-ii-1091-1097,1091,State Department for Roads,1091101300,National Urban Transport Improvement Project (NUTRIP),1091101306,NUTRIP- James Gichuru junction - Rironi (Uhuru Highway) (26 km),2630200,Capital Grants to Government Agencies and other Levels of Government,exp,245225782,872791287,417019454,811229367,45,yes
fy-2026-27-development-book-volume-ii-1091-1097,1091,State Department for Roads,1091101400,"South Sudan Eastern Africa Transport,Trade & Development",1091101401,Headquarters,2210700,Training Expenses,exp,11040166,0,30000000,30000000,45,yes
fy-2026-27-development-book-volume-ii-1091-1097,1091,State Department for Roads,1091101400,"South Sudan Eastern Africa Transport,Trade & Development",1091101401,Headquarters,2211300,Other Operating Expenses,exp,41500000,0,0,0,46,yes
fy-2026-27-development-book-volume-ii-1091-1097,1091,State Department for Roads,1091101400,"South Sudan Eastern Africa Transport,Trade & Development",1091101401,Headquarters,3110500,Construction and Civil Works,exp,32500000,0,0,0,46,yes
fy-2026-27-development-book-volume-ii-1091-1097,1091,State Department for Roads,1091101400,"South Sudan Eastern Africa Transport,Trade & Development",1091101401,Headquarters,3111400,"Research, Feasibility Studies, Project Preparation and Design, Project S",exp,38959834,40000000,30000000,30000000,46,yes
fy-2026-27-development-book-volume-ii-1091-1097,1091,State Department for Roads,1091101400,"South Sudan Eastern Africa Transport,Trade & Development",1091101406,SS-EARTTDFP- Upgrade of Kalobeiyei River--Nadapal (88 km) road,2630200,Capital Grants to Government Agencies and other Levels of Government,exp,19524616,0,0,0,46,yes
fy-2026-27-development-book-volume-ii-1091-1097,1091,State Department for Roads,1091101400,"South Sudan Eastern Africa Transport,Trade & Development",1091101407,SS-EARTTDFP- Upgrade of Lokitaung Junction - Kalobeiyei River 80,2630200,Capital Grants to Government Agencies and other Levels of Government,exp,19892112,0,0,0,46,yes
fy-2026-27-development-book-volume-ii-1091-1097,1091,State Department for Roads,1091101400,"South Sudan Eastern Africa Transport,Trade & Development",1091101408,SS-EARTTDFP- Upgrading of Lokitaung Junction to Lodwar (80 km),2630200,Capital Grants to Government Agencies and other Levels of Government,exp,16459994,0,0,0,46,yes
fy-2026-27-development-book-volume-ii-1091-1097,1091,State Department for Roads,1091101400,"South Sudan Eastern Africa Transport,Trade & Development",1091101409,SS-EARTTDFP- Replacement of Kainuk Bridge,2630200,Capital Grants to Government Agencies and other Levels of Government,exp,8410310,0,0,0,46,yes
fy-2026-27-development-book-volume-ii-1091-1097,1091,State Department for Roads,1091101400,"South Sudan Eastern Africa Transport,Trade & Development",1091101410,SS-EARTTDFP- Upgrading of Lodwar-Loichangamatak (50 km) road,2630200,Capital Grants to Government Agencies and other Levels of Government,exp,7029613,0,0,0,46,yes
fy-2026-27-development-book-volume-ii-1091-1097,1091,State Department for Roads,1091101400,"South Sudan Eastern Africa Transport,Trade & Development",1091101412,SS-EARTTDFP Capacity building and Technical Assistance,2630200,Capital Grants to Government Agencies and other Levels of Government,exp,6488861,0,0,0,46,yes
fy-2026-27-development-book-volume-ii-1091-1097,1091,State Department for Roads,1091102000,Support to Road Sector: Capacity Building Component,1091102001,Headquarters,2211300,Other Operating Expenses,exp,0,35000000,0,0,46,yes
fy-2026-27-development-book-volume-ii-1091-1097,1091,State Department for Roads,1091102000,Support to Road Sector: Capacity Building Component,1091102001,Headquarters,3111400,"Research, Feasibility Studies, Project Preparation and Design, Project S",exp,70000000,55000000,60000000,60000000,46,yes
fy-2026-27-development-book-volume-ii-1091-1097,1091,State Department for Roads,1091102000,Support to Road Sector: Capacity Building Component,1091102001,Headquarters,1320200,Grants from International Organizations,aia,30000000,0,0,0,46,yes
fy-2026-27-development-book-volume-ii-1091-1097,1091,State Department for Roads,1091102600,Mombasa Mariakani Highway Project,1091102600,Mombasa Mariakani Highway Project.,2630200,Capital Grants to Government Agencies and other Levels of Government,exp,573000000,517275187,0,0,47,yes
fy-2026-27-development-book-volume-ii-1091-1097,1091,State Department for Roads,1091102600,Mombasa Mariakani Highway Project,1091102600,Mombasa Mariakani Highway Project.,5120200,Foreign Borrowing - Direct Payments,aia,573000000,500000000,0,0,47,yes
fy-2026-27-development-book-volume-ii-1091-1097,1091,State Department for Roads,1091102600,Mombasa Mariakani Highway Project,1091102600,Mombasa Mariakani Highway Project.,2630200,Capital Grants to Government Agencies and other Levels of Government,exp,1827477757,3176301048,2130077757,0,47,yes
fy-2026-27-development-book-volume-ii-1091-1097,1091,State Department for Roads,1091102600,Mombasa Mariakani Highway Project,1091102600,Mombasa Mariakani Highway Project.,5120200,Foreign Borrowing - Direct Payments,aia,686900000,1500000000,1600000000,0,47,yes
fy-2026-27-development-book-volume-ii-1091-1097,1091,State Department for Roads,1091102600,Mombasa Mariakani Highway Project,1091102600,Mombasa Mariakani Highway Project.,1320200,Grants from International Organizations,aia,200000000,80000000,0,0,47,yes
fy-2026-27-development-book-volume-ii-1091-1097,1091,State Department for Roads,1091102900,Naro Moru - Munyu - Karisheni,1091102901,Naro Moru - Munyu - Karisheni,2630200,Capital Grants to Government Agencies and other Levels of Government,exp,0,123440773,114798152,130869893,47,yes
fy-2026-27-development-book-volume-ii-1091-1097,1091,State Department for Roads,1091104700,Muranga - Gitugi,1091104701,Muranga - Gitugi,2630200,Capital Grants to Government Agencies and other Levels of Government,exp,0,74065624,37032812,0,47,yes
fy-2026-27-development-book-volume-ii-1091-1097,1091,State Department for Roads,1091106100,Limo Hospital-Illula-Elgeyo Border-Kapkoi (D296),1091106101,Limo Hospital-Illula-Elgeyo Border-Kapkoi (D296),2630200,Capital Grants to Government Agencies and other Levels of Government,exp,15189561,3204779,21417837,0,47,yes
fy-2026-27-development-book-volume-ii-1091-1097,1091,State Department for Roads,1091106700,Gatura - Ngere - Karangi,1091106701,Gatura - Ngere - Karangi,2630200,Capital Grants to Government Agencies and other Levels of Government,exp,77778981,18888950,77778981,0,48,yes
fy-2026-27-development-book-volume-ii-1091-1097,1091,State Department for Roads,1091107000,Baricho Bridge,1091107001,Baricho Bridge,2630200,Capital Grants to Government Agencies and other Levels of Government,exp,188034276,130806099,0,0,48,yes
fy-2026-27-development-book-volume-ii-1091-1097,1091,State Department for Roads,1091111100,Rumuruti - Mararal Road (phase I),1091111101,Rumuruti - Mararal Road (phase I),2630200,Capital Grants to Government Agencies and other Levels of Government,exp,0,150000000,18261350,22980078,48,yes
fy-2026-27-development-book-volume-ii-1091-1097,1091,State Department for Roads,1091114500,Kibwezi - Mutomo - Kitui Road (B7),1091114501,Kibwezi - Mutomo - Kitui Road (B7),2630200,Capital Grants to Government Agencies and other Levels of Government,exp,0,295087872,0,0,48,yes
fy-2026-27-development-book-volume-ii-1091-1097,1091,State Department for Roads,1091114700,Thika - Magumu Road,1091114701,Thika - Magumu Road,2630200,Capital Grants to Government Agencies and other Levels of Government,exp,13635778,25682054,103635778,130415236,48,yes
fy-2026-27-development-book-volume-ii-1091-1097,1091,State Department for Roads,1091115400,Isebania - Mukuyu - Kisii - Ahero Road (A1) Lot 1 & 2,1091115401,Lot 1 :Isebania-Mukuyu-Kisii Section,2630200,Capital Grants to Government Agencies and other Levels of Government,exp,564055363,395000000,0,0,49,yes
fy-2026-27-development-book-volume-ii-1091-1097,1091,State Department for Roads,1091115400,Isebania - Mukuyu - Kisii - Ahero Road (A1) Lot 1 & 2,1091115401,Lot 1 :Isebania-Mukuyu-Kisii Section,5120200,Foreign Borrowing - Direct Payments,aia,317585499,0,0,0,49,yes
fy-2026-27-development-book-volume-ii-1091-1097,1091,State Department for Roads,1091115400,Isebania - Mukuyu - Kisii - Ahero Road (A1) Lot 1 & 2,1091115401,Lot 1 :Isebania-Mukuyu-Kisii Section,1320200,Grants from International Organizations,aia,150000000,375000000,0,0,49,yes
fy-2026-27-development-book-volume-ii-1091-1097,1091,State Department for Roads,1091116000,Kitale -Endebes - Suam Road,1091116001,Kitale -Endebes - Suam Road,2630200,Capital Grants to Government Agencies and other Levels of Government,exp,66000000,0,0,0,49,yes
fy-2026-27-development-book-volume-ii-1091-1097,1091,State Department for Roads,1091116000,Kitale -Endebes - Suam Road,1091116001,Kitale -Endebes - Suam Road,5120200,Foreign Borrowing - Direct Payments,aia,66000000,0,0,0,49,yes
fy-2026-27-development-book-volume-ii-1091-1097,1091,State Department for Roads,1091116100,Eldoret Town Bypass Road,1091116101,Eldoret Town Bypass Road,2630200,Capital Grants to Government Agencies and other Levels of Government,exp,87868775,0,0,0,49,yes
fy-2026-27-development-book-volume-ii-1091-1097,1091,State Department for Roads,1091116100,Eldoret Town Bypass Road,1091116101,Eldoret Town Bypass Road,5120200,Foreign Borrowing - Direct Payments,aia,87868775,0,0,0,49,yes
fy-2026-27-development-book-volume-ii-1091-1097,1091,State Department for Roads,1091117000,Changamwe roundabout - Moi Int'l Airport Access Road & Port Reitz,1091117001,Changamwe roundabout - Moi Int'l Airport Access Road & Port Reitz,2630200,Capital Grants to Government Agencies and other Levels of Government,exp,22434649,0,0,0,49,yes
fy-2026-27-development-book-volume-ii-1091-1097,1091,State Department for Roads,1091117400,Marigat Bridge,1091117401,Marigat Bridge,2630200,Capital Grants to Government Agencies and other Levels of Government,exp,4439565,0,0,0,49,yes
fy-2026-27-development-book-volume-ii-1091-1097,1091,State Department for Roads,1091117500,Endau Bridge,1091117501,Endau Bridge,2630200,Capital Grants to Government Agencies and other Levels of Government,exp,15278345,0,0,0,50,yes
fy-2026-27-development-book-volume-ii-1091-1097,1091,State Department for Roads,1091118600,Laseru-Kitale Road Road(A1)- Emergency Mainteenance,1091118601,Laseru-Kitale Road Road(A1)- Emergency Mainteenance,2630200,Capital Grants to Government Agencies and other Levels of Government,exp,3422122,0,0,0,50,yes
fy-2026-27-development-book-volume-ii-1091-1097,1091,State Department for Roads,1091119900,Bomas - Ongata Rongai - Kiserian Road Dualling - Design,1091119901,Bomas - Ongata Rongai - Kiserian Road Dualling - Design,2630200,Capital Grants to Government Agencies and other Levels of Government,exp,0,350000000,178703284,0,50,yes
fy-2026-27-development-book-volume-ii-1091-1097,1091,State Department for Roads,1091120000,Changamwe-Magongo - Kwa Jomvu (A109L) Road dualling,1091120001,Changamwe-Magongo - Kwa Jomvu (A109L) Road dualling,2630200,Capital Grants to Government Agencies and other Levels of Government,exp,13357822,0,0,0,50,yes
fy-2026-27-development-book-volume-ii-1091-1097,1091,State Department for Roads,1091124800,Dualling of Nairobi Eastern Bypass Project,1091124805,Land Compensation Eastern Bypass (NLC 2021),2630200,Capital Grants to Government Agencies and other Levels of Government,exp,0,21703296,100000000,176600000,50,yes
fy-2026-27-development-book-volume-ii-1091-1097,1091,State Department for Roads,1091126300,"Roads10,000 Programme Phase II ( LOW VOLUME SEAL ROADS -",1091126318,Mukowe Township roads - Lamu,2630200,Capital Grants to Government Agencies and other Levels of Government,exp,170576257,58927612,0,0,51,yes
fy-2026-27-development-book-volume-ii-1091-1097,1091,State Department for Roads,1091126300,"Roads10,000 Programme Phase II ( LOW VOLUME SEAL ROADS -",1091126397,Eldas Township Roads,2630200,Capital Grants to Government Agencies and other Levels of Government,exp,36366371,25841589,131792103,0,51,yes
fy-2026-27-development-book-volume-ii-1091-1097,1091,State Department for Roads,1091126300,"Roads10,000 Programme Phase II ( LOW VOLUME SEAL ROADS -",1091126398,Habaswein Township Roads,2630200,Capital Grants to Government Agencies and other Levels of Government,exp,89932561,27843809,50118856,0,51,yes
fy-2026-27-development-book-volume-ii-1091-1097,1091,State Department for Roads,1091126700,Mechanical Yards maintenance and rehabilitation,1091126701,Mechanical Yards maintenance and rehabilitation,2211300,Other Operating Expenses,exp,229681785,110000000,0,0,51,yes
fy-2026-27-development-book-volume-ii-1091-1097,1091,State Department for Roads,1091126700,Mechanical Yards maintenance and rehabilitation,1091126701,Mechanical Yards maintenance and rehabilitation,3110300,Refurbishment of Buildings,exp,26919183,0,0,0,51,yes
fy-2026-27-development-book-volume-ii-1091-1097,1091,State Department for Roads,1091126700,Mechanical Yards maintenance and rehabilitation,1091126701,Mechanical Yards maintenance and rehabilitation,3110500,Construction and Civil Works,exp,9000000,0,0,0,51,yes
fy-2026-27-development-book-volume-ii-1091-1097,1091,State Department for Roads,1091126700,Mechanical Yards maintenance and rehabilitation,1091126701,Mechanical Yards maintenance and rehabilitation,3111100,"Purchase of Specialised Plant, Equipment and Machinery",exp,20010301,0,0,0,51,yes
fy-2026-27-development-book-volume-ii-1091-1097,1091,State Department for Roads,1091126700,Mechanical Yards maintenance and rehabilitation,1091126701,Mechanical Yards maintenance and rehabilitation,3111500,Rehabilitation of Civil Works,exp,0,45000000,90000000,124000000,51,yes
fy-2026-27-development-book-volume-ii-1091-1097,1091,State Department for Roads,1091126900,Modernization of Materials Testing and Research facilities Phase One,1091126901,Modernization of Materials Testing and Research facilities Phase One,3110300,Refurbishment of Buildings,exp,16084398,15000000,20000000,20000000,51,yes
fy-2026-27-development-book-volume-ii-1091-1097,1091,State Department for Roads,1091126900,Modernization of Materials Testing and Research facilities Phase One,1091126901,Modernization of Materials Testing and Research facilities Phase One,3110500,Construction and Civil Works,exp,5520083,0,0,0,51,yes
fy-2026-27-development-book-volume-ii-1091-1097,1091,State Department for Roads,1091126900,Modernization of Materials Testing and Research facilities Phase One,1091126901,Modernization of Materials Testing and Research facilities Phase One,3111100,"Purchase of Specialised Plant, Equipment and Machinery",exp,31933348,5000000,5000000,5000000,51,yes
fy-2026-27-development-book-volume-ii-1091-1097,1091,State Department for Roads,1091126900,Modernization of Materials Testing and Research facilities Phase One,1091126901,Modernization of Materials Testing and Research facilities Phase One,3111200,"Rehabilitation and Renovation of Plant, Machinery and Equipment",exp,5520083,5000000,5000000,5000000,51,yes
fy-2026-27-development-book-volume-ii-1091-1097,1091,State Department for Roads,1091126900,Modernization of Materials Testing and Research facilities Phase One,1091126901,Modernization of Materials Testing and Research facilities Phase One,3111400,"Research, Feasibility Studies, Project Preparation and Design, Project S",exp,5520083,5000000,5000000,5000000,51,yes
fy-2026-27-development-book-volume-ii-1091-1097,1091,State Department for Roads,1091126900,Modernization of Materials Testing and Research facilities Phase One,1091126901,Modernization of Materials Testing and Research facilities Phase One,3111500,Rehabilitation of Civil Works,exp,0,21500000,21500000,35000000,51,yes
fy-2026-27-development-book-volume-ii-1091-1097,1091,State Department for Roads,1091127100,Construction of Training Resource Centre-KIHBT Ngong Campus,1091127101,Construction of Training Resource Centre-KIHBT Ngong Campus,3110300,Refurbishment of Buildings,exp,15000000,10000000,10000000,10000000,52,yes
fy-2026-27-development-book-volume-ii-1091-1097,1091,State Department for Roads,1091127200,Rehabilitating and Maintenance of Training Sites- KIHBT-Ngong,1091127201,Rehabilitating and Maintenance of Training Sites- KIHBT-Ngong,2220200,Routine Maintenance - Other Assets,exp,5520083,10000000,10000000,10000000,52,yes
fy-2026-27-development-book-volume-ii-1091-1097,1091,State Department for Roads,1091127300,Hostel construction - KIHBT - Kisii Campus,1091127301,Hostel construction - KIHBT - Kisii Campus,3110200,Construction of Building,exp,2760042,0,0,0,52,yes
fy-2026-27-development-book-volume-ii-1091-1097,1091,State Department for Roads,1091127400,Overhaul and Maintenance of Training Sites at Kisii Campus of,1091127401,Overhaul and Maintenance of Training Sites at Kisii Campus of,2220200,Routine Maintenance - Other Assets,exp,5520083,10000000,5000000,5000000,52,yes
fy-2026-27-development-book-volume-ii-1091-1097,1091,State Department for Roads,1091127600,Roads project monitoring and evaluation,1091127601,Roads project monitoring and evaluation,3111400,"Research, Feasibility Studies, Project Preparation and Design, Project S",exp,35000000,35000000,60000000,60000000,52,yes
fy-2026-27-development-book-volume-ii-1091-1097,1091,State Department for Roads,1091127800,Improvement of Roads in Mt. Kenya and Arberdare National Park,1091127801,Improvement of Roads in Mt. Kenya and Arberdare National Park,3110500,Construction and Civil Works,exp,11040166,139000000,30000000,30000000,53,yes
fy-2026-27-development-book-volume-ii-1091-1097,1091,State Department for Roads,1091127900,Road projects technical audits,1091127901,Road projects technical audits,3111400,"Research, Feasibility Studies, Project Preparation and Design, Project S",exp,30000000,30000000,50000000,50000000,53,yes
fy-2026-27-development-book-volume-ii-1091-1097,1091,State Department for Roads,1091128000,Annuity Low Volume Seal Roads,1091128001,Annuity Low Volume Seal Roads,2630200,Capital Grants to Government Agencies and other Levels of Government,exp,14382000000,7000389750,7280397545,7566005496,53,yes
fy-2026-27-development-book-volume-ii-1091-1097,1091,State Department for Roads,1091128000,Annuity Low Volume Seal Roads,1091128001,Annuity Low Volume Seal Roads,1330400,Grants Received by Other General Government Units from Fund Accounts,aia,14382000000,7000389750,7280397545,7566005496,53,yes
fy-2026-27-development-book-volume-ii-1091-1097,1091,State Department for Roads,1091128100,Gilgil - Machinery,1091128101,Gilgil - Machinery,2630200,Capital Grants to Government Agencies and other Levels of Government,exp,0,10000000,0,0,53,yes
fy-2026-27-development-book-volume-ii-1091-1097,1091,State Department for Roads,1091128100,Gilgil - Machinery,1091128101,Gilgil - Machinery,5120200,Foreign Borrowing - Direct Payments,aia,0,10000000,0,0,53,yes
fy-2026-27-development-book-volume-ii-1091-1097,1091,State Department for Roads,1091128600,Riosiri - Ensoko - Nyabigena - Ogembo,1091128601,Riosiri - Ensoko - Nyabigena - Ogembo,2630200,Capital Grants to Government Agencies and other Levels of Government,exp,107971172,37014056,59186150,45841939,53,yes
fy-2026-27-development-book-volume-ii-1091-1097,1091,State Department for Roads,1091129600,Othaya - Karima - Kiandu,1091129601,Othaya - Karima - Kiandu,2630200,Capital Grants to Government Agencies and other Levels of Government,exp,30000000,19476258,0,0,54,yes
fy-2026-27-development-book-volume-ii-1091-1097,1091,State Department for Roads,1091131400,Isinya - Konza,1091131401,Isinya - Konza,2630200,Capital Grants to Government Agencies and other Levels of Government,exp,0,300000000,200000000,0,54,yes
fy-2026-27-development-book-volume-ii-1091-1097,1091,State Department for Roads,1091132000,Roads 2000,1091132002,Improvement of Roads in Central Province(AFD),2630200,Capital Grants to Government Agencies and other Levels of Government,exp,0,101867872,0,0,54,yes
fy-2026-27-development-book-volume-ii-1091-1097,1091,State Department for Roads,1091132000,Roads 2000,1091132004,EU Eastern Province PH 3,2630200,Capital Grants to Government Agencies and other Levels of Government,exp,0,39566288,0,0,54,yes
fy-2026-27-development-book-volume-ii-1091-1097,1091,State Department for Roads,1091132400,Kamagambo-Nyasembe-Mogonga Phase II,1091132401,Kamagambo-Nyasembe-Mogonga Phase II,2630200,Capital Grants to Government Agencies and other Levels of Government,exp,0,40920976,8853954,0,54,yes
fy-2026-27-development-book-volume-ii-1091-1097,1091,State Department for Roads,1091133700,Low Volume Sealed Roads (Lvsr); Phase 1 - Batch 1A,1091133707,Lodwar-Lorugum-Lorengippi-Db-Loya-Kanyao-Alale- Nayuapong-Db-,2630200,Capital Grants to Government Agencies and other Levels of Government,exp,0,81999198,176429231,242524325,54,yes
fy-2026-27-development-book-volume-ii-1091-1097,1091,State Department for Roads,1091133700,Low Volume Sealed Roads (Lvsr); Phase 1 - Batch 1A,1091133708,Maua -Athiru -Kilili-National Park,2630200,Capital Grants to Government Agencies and other Levels of Government,exp,88301491,54908654,225436057,254232045,55,yes
fy-2026-27-development-book-volume-ii-1091-1097,1091,State Department for Roads,1091133700,Low Volume Sealed Roads (Lvsr); Phase 1 - Batch 1A,1091133712,Gatukuyu -Mataara University,2630200,Capital Grants to Government Agencies and other Levels of Government,exp,25128782,66157947,126576375,126576375,55,yes
fy-2026-27-development-book-volume-ii-1091-1097,1091,State Department for Roads,1091133700,Low Volume Sealed Roads (Lvsr); Phase 1 - Batch 1A,1091133713,Masaara - Sori,2630200,Capital Grants to Government Agencies and other Levels of Government,exp,85730878,82355372,120882616,305882616,55,yes
fy-2026-27-development-book-volume-ii-1091-1097,1091,State Department for Roads,1091133700,Low Volume Sealed Roads (Lvsr); Phase 1 - Batch 1A,1091133721,"Kiambu-Raini,Nduota-Gathanga,Gachie-Gacharagae,Kabukuand loop",2630200,Capital Grants to Government Agencies and other Levels of Government,exp,1264373931,505511505,459555913,0,55,yes
fy-2026-27-development-book-volume-ii-1091-1097,1091,State Department for Roads,1091133700,Low Volume Sealed Roads (Lvsr); Phase 1 - Batch 1A,1091133721,"Kiambu-Raini,Nduota-Gathanga,Gachie-Gacharagae,Kabukuand loop",5120200,Foreign Borrowing - Direct Payments,aia,1264373931,505511505,459555913,0,55,yes
fy-2026-27-development-book-volume-ii-1091-1097,1091,State Department for Roads,1091133700,Low Volume Sealed Roads (Lvsr); Phase 1 - Batch 1A,1091133722,Karugia - Chui - Gitugi - Kagumoini- Kanjama Road,2630200,Capital Grants to Government Agencies and other Levels of Government,exp,20069032,34888701,89725430,111046380,55,yes
fy-2026-27-development-book-volume-ii-1091-1097,1091,State Department for Roads,1091133700,Low Volume Sealed Roads (Lvsr); Phase 1 - Batch 1A,1091133726,Jn A104 - Sarioyot & Access to Kipchoge Keino Foundation,2630200,Capital Grants to Government Agencies and other Levels of Government,exp,0,3200000,0,0,55,yes
fy-2026-27-development-book-volume-ii-1091-1097,1091,State Department for Roads,1091133700,Low Volume Sealed Roads (Lvsr); Phase 1 - Batch 1A,1091133738,Gitare - Gilgil,2630200,Capital Grants to Government Agencies and other Levels of Government,exp,15000000,0,0,0,55,yes
fy-2026-27-development-book-volume-ii-1091-1097,1091,State Department for Roads,1091133700,Low Volume Sealed Roads (Lvsr); Phase 1 - Batch 1A,1091133744,Mau Mau(Meru),2630200,Capital Grants to Government Agencies and other Levels of Government,exp,18149803,32004134,110536768,189562545,55,yes
fy-2026-27-development-book-volume-ii-1091-1097,1091,State Department for Roads,1091133700,Low Volume Sealed Roads (Lvsr); Phase 1 - Batch 1A,1091133748,Mau Mau(Embu),2630200,Capital Grants to Government Agencies and other Levels of Government,exp,12427766,31211395,76237479,120000000,55,yes
fy-2026-27-development-book-volume-ii-1091-1097,1091,State Department for Roads,1091133700,Low Volume Sealed Roads (Lvsr); Phase 1 - Batch 1A,1091133751,Gwakiongo-kabazi,2630200,Capital Grants to Government Agencies and other Levels of Government,exp,88448389,55000000,338025810,0,55,yes
fy-2026-27-development-book-volume-ii-1091-1097,1091,State Department for Roads,1091133700,Low Volume Sealed Roads (Lvsr); Phase 1 - Batch 1A,1091133753,Mau mau-Kibugua-Itigururu(Tharaka Nithi),2630200,Capital Grants to Government Agencies and other Levels of Government,exp,29516986,40092707,142160519,265230402,56,yes
fy-2026-27-development-book-volume-ii-1091-1097,1091,State Department for Roads,1091133700,Low Volume Sealed Roads (Lvsr); Phase 1 - Batch 1A,1091133757,Enziu Bridge,2630200,Capital Grants to Government Agencies and other Levels of Government,exp,140896591,45533245,90032128,90032128,56,yes
fy-2026-27-development-book-volume-ii-1091-1097,1091,State Department for Roads,1091133700,Low Volume Sealed Roads (Lvsr); Phase 1 - Batch 1A,1091133764,Cherangani-Kipkeikei-suwerwa-Kmaoi-Kapcherop-Makuatno-,2630200,Capital Grants to Government Agencies and other Levels of Government,exp,0,74897918,44620000,149795835,56,yes
fy-2026-27-development-book-volume-ii-1091-1097,1091,State Department for Roads,1091133700,Low Volume Sealed Roads (Lvsr); Phase 1 - Batch 1A,1091133770,Sweetwaters - Olpejeta /Akorino - Umande- Mairi Sita - Mwireri,2630200,Capital Grants to Government Agencies and other Levels of Government,exp,0,3190223,13558448,34294897,56,yes
fy-2026-27-development-book-volume-ii-1091-1097,1091,State Department for Roads,1091133700,Low Volume Sealed Roads (Lvsr); Phase 1 - Batch 1A,1091133772,Mololine- Kapk. -Moo./Mwariki -Hope./Tanners /Nawasco/PCEA-,2630200,Capital Grants to Government Agencies and other Levels of Government,exp,0,24505043,0,0,56,yes
fy-2026-27-development-book-volume-ii-1091-1097,1091,State Department for Roads,1091133700,Low Volume Sealed Roads (Lvsr); Phase 1 - Batch 1A,1091133773,Emergency Construction of Kasikeu & Mikuyu Bridges & Approach,2630200,Capital Grants to Government Agencies and other Levels of Government,exp,140649610,93678682,185995560,290000532,56,yes
fy-2026-27-development-book-volume-ii-1091-1097,1091,State Department for Roads,1091133700,Low Volume Sealed Roads (Lvsr); Phase 1 - Batch 1A,1091133775,Koru Town - Junction C35 & Access to Koru Bible College,2630200,Capital Grants to Government Agencies and other Levels of Government,exp,25728459,40324887,38823799,140256840,56,yes
fy-2026-27-development-book-volume-ii-1091-1097,1091,State Department for Roads,1091133700,Low Volume Sealed Roads (Lvsr); Phase 1 - Batch 1A,1091133778,Kapcherop - Makutano- Kapyego- Tendenwa- Kapsangar,2630200,Capital Grants to Government Agencies and other Levels of Government,exp,18331024,29458302,150894312,157090189,56,yes
fy-2026-27-development-book-volume-ii-1091-1097,1091,State Department for Roads,1091133700,Low Volume Sealed Roads (Lvsr); Phase 1 - Batch 1A,1091133787,Jn A8 - Annex- Saroiyot- Plateau & Access to Kipchoge Keino,2630200,Capital Grants to Government Agencies and other Levels of Government,exp,0,3333144,0,0,56,yes
fy-2026-27-development-book-volume-ii-1091-1097,1091,State Department for Roads,1091133700,Low Volume Sealed Roads (Lvsr); Phase 1 - Batch 1A,1091133788,Bondo - Uyawi- Kibanga - Liunda Beach (C843),2630200,Capital Grants to Government Agencies and other Levels of Government,exp,109991902,68396437,100000000,100000000,56,yes
fy-2026-27-development-book-volume-ii-1091-1097,1091,State Department for Roads,1091133700,Low Volume Sealed Roads (Lvsr); Phase 1 - Batch 1A,1091133793,Naitiri - Misikhu/Nzoia Bridge -Matunda,2630200,Capital Grants to Government Agencies and other Levels of Government,exp,210981997,79315557,278148011,357425223,56,yes
fy-2026-27-development-book-volume-ii-1091-1097,1091,State Department for Roads,1091133700,Low Volume Sealed Roads (Lvsr); Phase 1 - Batch 1A,1091133797,Adiedo-Border -Pala/Oriwo - Njeri,2630200,Capital Grants to Government Agencies and other Levels of Government,exp,152623357,120345673,382758817,0,57,yes
fy-2026-27-development-book-volume-ii-1091-1097,1091,State Department for Roads,1091133700,Low Volume Sealed Roads (Lvsr); Phase 1 - Batch 1A,1091133798,Mandera Town Roads Phase II,2630200,Capital Grants to Government Agencies and other Levels of Government,exp,90604676,32302311,0,0,57,yes
fy-2026-27-development-book-volume-ii-1091-1097,1091,State Department for Roads,1091133800,Low Volume Seals Phase 1 Batch 2,1091133812,Chogoria - Weru,2630200,Capital Grants to Government Agencies and other Levels of Government,exp,33568981,48933148,117341607,168568420,57,yes
fy-2026-27-development-book-volume-ii-1091-1097,1091,State Department for Roads,1091133800,Low Volume Seals Phase 1 Batch 2,1091133815,Kenol-Ngoleni-Kaani / Mutituni - Kaseve,2630200,Capital Grants to Government Agencies and other Levels of Government,exp,116688355,74052899,72414110,190970402,57,yes
fy-2026-27-development-book-volume-ii-1091-1097,1091,State Department for Roads,1091133800,Low Volume Seals Phase 1 Batch 2,1091133818,Kali - Kikima -Kilyungi - Kitundu,2630200,Capital Grants to Government Agencies and other Levels of Government,exp,184323821,120135963,138983503,133493023,57,yes
fy-2026-27-development-book-volume-ii-1091-1097,1091,State Department for Roads,1091133800,Low Volume Seals Phase 1 Batch 2,1091133819,ACK St Joseph-Ol Kalou-Gichungo Munyeki-B20 Loop Roads,2630200,Capital Grants to Government Agencies and other Levels of Government,exp,9232167,10136175,22174836,0,57,yes
fy-2026-27-development-book-volume-ii-1091-1097,1091,State Department for Roads,1091133800,Low Volume Seals Phase 1 Batch 2,1091133841,Danger - Kimondi - Chemuswa,2630200,Capital Grants to Government Agencies and other Levels of Government,exp,281276978,186530608,373061216,150635214,57,yes
fy-2026-27-development-book-volume-ii-1091-1097,1091,State Department for Roads,1091133800,Low Volume Seals Phase 1 Batch 2,1091133843,Savani - Kaptumo - Chepkongony - Enego,2630200,Capital Grants to Government Agencies and other Levels of Government,exp,0,14996799,0,0,57,yes
fy-2026-27-development-book-volume-ii-1091-1097,1091,State Department for Roads,1091133800,Low Volume Seals Phase 1 Batch 2,1091133853,Elmenteita - Mau Narok,2630200,Capital Grants to Government Agencies and other Levels of Government,exp,24825120,48226241,35363195,21363195,57,yes
fy-2026-27-development-book-volume-ii-1091-1097,1091,State Department for Roads,1091133800,Low Volume Seals Phase 1 Batch 2,1091133861,Mago - Mululu - Wangulu (E240)/ Lusui - Vokoli (E293),2630200,Capital Grants to Government Agencies and other Levels of Government,exp,178644083,92528346,212012499,225022865,58,yes
fy-2026-27-development-book-volume-ii-1091-1097,1091,State Department for Roads,1091133800,Low Volume Seals Phase 1 Batch 2,1091133879,Riosiri-Moi University (Rongo Campus)-Toku Bridge - Cham Gi Wadu,2630200,Capital Grants to Government Agencies and other Levels of Government,exp,90743545,56427201,247067457,247067457,58,yes
fy-2026-27-development-book-volume-ii-1091-1097,1091,State Department for Roads,1091133800,Low Volume Seals Phase 1 Batch 2,1091133881,Mogonga-Kenyenya-Riokindo-Nyabitunwa/Mariba-Nyagancha-,2630200,Capital Grants to Government Agencies and other Levels of Government,exp,20302526,109922264,118104384,118104384,58,yes
fy-2026-27-development-book-volume-ii-1091-1097,1091,State Department for Roads,1091133800,Low Volume Seals Phase 1 Batch 2,1091133889,D223Kemera-Kiendege-Eberege-(E1056)Gachuba- D223 - Keumbu,2630200,Capital Grants to Government Agencies and other Levels of Government,exp,89785106,28381980,189572876,189572876,58,yes
fy-2026-27-development-book-volume-ii-1091-1097,1091,State Department for Roads,1091133900,Low Volume Seals Phase 1 Batch 2,1091133902,Access to Chuka university,2630200,Capital Grants to Government Agencies and other Levels of Government,exp,83811633,55225877,67719088,67719088,58,yes
fy-2026-27-development-book-volume-ii-1091-1097,1091,State Department for Roads,1091133900,Low Volume Seals Phase 1 Batch 2,1091133903,Nkubu - Rubiri - Kamurita,2630200,Capital Grants to Government Agencies and other Levels of Government,exp,20957994,0,0,0,58,yes
fy-2026-27-development-book-volume-ii-1091-1097,1091,State Department for Roads,1091133900,Low Volume Seals Phase 1 Batch 2,1091133906,Kunene - St Ann - Kagaene - Miomboni,2630200,Capital Grants to Government Agencies and other Levels of Government,exp,161096372,52497643,109639210,175201425,58,yes
fy-2026-27-development-book-volume-ii-1091-1097,1091,State Department for Roads,1091133900,Low Volume Seals Phase 1 Batch 2,1091133907,JncB6 - KeRRA office - Katheri -Cocacola - Mpuri - Kithaku -Katheri,2630200,Capital Grants to Government Agencies and other Levels of Government,exp,121082668,79476368,158952736,156362503,58,yes
fy-2026-27-development-book-volume-ii-1091-1097,1091,State Department for Roads,1091133900,Low Volume Seals Phase 1 Batch 2,1091133910,Lessos - Namanjalala - Kobos,2630200,Capital Grants to Government Agencies and other Levels of Government,exp,0,51992484,0,0,58,yes
fy-2026-27-development-book-volume-ii-1091-1097,1091,State Department for Roads,1091133900,Low Volume Seals Phase 1 Batch 2,1091133920,Mukuyu - Kambwe - Sewerage Road,2630200,Capital Grants to Government Agencies and other Levels of Government,exp,17857478,0,0,0,58,yes
fy-2026-27-development-book-volume-ii-1091-1097,1091,State Department for Roads,1091133900,Low Volume Seals Phase 1 Batch 2,1091133921,Captain - Ndemi - Wanjohi-Ndunyu Njeru (459),2630200,Capital Grants to Government Agencies and other Levels of Government,exp,157710721,149128187,182649058,440750535,59,yes
fy-2026-27-development-book-volume-ii-1091-1097,1091,State Department for Roads,1091133900,Low Volume Seals Phase 1 Batch 2,1091133925,Gatundu - Mukinye - Juja / Gatundu - Gitati Ini - Karinga / Gatundu -,2630200,Capital Grants to Government Agencies and other Levels of Government,exp,89379262,190901105,358964356,358964356,59,yes
fy-2026-27-development-book-volume-ii-1091-1097,1091,State Department for Roads,1091133900,Low Volume Seals Phase 1 Batch 2,1091133926,Githagara - Mairoini / Gachami - Kihomi /Gaturuturu - Kirangi /,2630200,Capital Grants to Government Agencies and other Levels of Government,exp,31173185,82838670,379649692,379649692,59,yes
fy-2026-27-development-book-volume-ii-1091-1097,1091,State Department for Roads,1091133900,Low Volume Seals Phase 1 Batch 2,1091133930,Jn A104 (Lungalunga) - Vanga - Jego - Majoreni - Jn A109 (Ramisi)-Bo,2630200,Capital Grants to Government Agencies and other Levels of Government,exp,0,146544599,226240971,226240971,59,yes
fy-2026-27-development-book-volume-ii-1091-1097,1091,State Department for Roads,1091133900,Low Volume Seals Phase 1 Batch 2,1091133935,Kerwa - Thigio/Thigio - Kikuyu/Thigio -Kamangu /Keroe - Makutano,2630200,Capital Grants to Government Agencies and other Levels of Government,exp,82718620,38345303,76263546,76263546,59,yes
fy-2026-27-development-book-volume-ii-1091-1097,1091,State Department for Roads,1091133900,Low Volume Seals Phase 1 Batch 2,1091133936,Kibichoi - Kigongo - Kiganjo /Mudoro- Flyover/Gachika Flyover/ Kigaa,2630200,Capital Grants to Government Agencies and other Levels of Government,exp,135749594,141056453,115841939,274841939,59,yes
fy-2026-27-development-book-volume-ii-1091-1097,1091,State Department for Roads,1091133900,Low Volume Seals Phase 1 Batch 2,1091133938,LVSR Management Costs,2630200,Capital Grants to Government Agencies and other Levels of Government,exp,0,110000000,44625000,50872500,59,yes
fy-2026-27-development-book-volume-ii-1091-1097,1091,State Department for Roads,1091133900,Low Volume Seals Phase 1 Batch 2,1091133939,Mandera- Fino,2630200,Capital Grants to Government Agencies and other Levels of Government,exp,186459020,122492476,62033322,175256325,59,yes
fy-2026-27-development-book-volume-ii-1091-1097,1091,State Department for Roads,1091133900,Low Volume Seals Phase 1 Batch 2,1091133943,Mulot - Sogoo - Tenduet - Saptet/ Sogoo - Ololunga,2630200,Capital Grants to Government Agencies and other Levels of Government,exp,297078663,94092865,96090119,146090119,59,yes
fy-2026-27-development-book-volume-ii-1091-1097,1091,State Department for Roads,1091133900,Low Volume Seals Phase 1 Batch 2,1091133944,Ndaragwa - Maili Kumi /Ndaragwa - Kanyagia - Subuku/ Ndaragwa-,2630200,Capital Grants to Government Agencies and other Levels of Government,exp,501558445,339244707,308404279,65617932,59,yes
fy-2026-27-development-book-volume-ii-1091-1097,1091,State Department for Roads,1091133900,Low Volume Seals Phase 1 Batch 2,1091133944,Ndaragwa - Maili Kumi /Ndaragwa - Kanyagia - Subuku/ Ndaragwa-,5120200,Foreign Borrowing - Direct Payments,aia,501558445,339244707,308404279,65617932,59,yes
fy-2026-27-development-book-volume-ii-1091-1097,1091,State Department for Roads,1091133900,Low Volume Seals Phase 1 Batch 2,1091133946,Ngong-Suswa,2630200,Capital Grants to Government Agencies and other Levels of Government,exp,279507183,183370025,95340862,145152422,60,yes
fy-2026-27-development-book-volume-ii-1091-1097,1091,State Department for Roads,1091133900,Low Volume Seals Phase 1 Batch 2,1091133947,Nguuni - Nuu,2630200,Capital Grants to Government Agencies and other Levels of Government,exp,22950128,64266386,169313222,169313222,60,yes
fy-2026-27-development-book-volume-ii-1091-1097,1091,State Department for Roads,1091133900,Low Volume Seals Phase 1 Batch 2,1091133950,Omoringamu - Kenyenya - Motonto / Parainye - Mesesi-,2630200,Capital Grants to Government Agencies and other Levels of Government,exp,110849411,56014149,164153870,164153870,60,yes
fy-2026-27-development-book-volume-ii-1091-1097,1091,State Department for Roads,1091133900,Low Volume Seals Phase 1 Batch 2,1091133954,Silibwet - Merigi - Kapkimolwa - Jnc B3 / Longisa - kembu - Hemaner,2630200,Capital Grants to Government Agencies and other Levels of Government,exp,287056324,142640850,149170909,254253654,60,yes
fy-2026-27-development-book-volume-ii-1091-1097,1091,State Department for Roads,1091133900,Low Volume Seals Phase 1 Batch 2,1091133955,Sosera - Ekona - Ramasha - Kiomiti Roads,2630200,Capital Grants to Government Agencies and other Levels of Government,exp,17349560,37205951,271217692,301217692,60,yes
fy-2026-27-development-book-volume-ii-1091-1097,1091,State Department for Roads,1091133900,Low Volume Seals Phase 1 Batch 2,1091133956,Soy - Serekea - Kilimani - Turbo,2630200,Capital Grants to Government Agencies and other Levels of Government,exp,216598455,94038639,103667705,224502126,60,yes
fy-2026-27-development-book-volume-ii-1091-1097,1091,State Department for Roads,1091133900,Low Volume Seals Phase 1 Batch 2,1091133959,U-G29664 Kamunyu A/ U-G29671 Kamunyu B/U-G29572 Gathiaka-,2630200,Capital Grants to Government Agencies and other Levels of Government,exp,96642751,120996550,175624686,183624686,60,yes
fy-2026-27-development-book-volume-ii-1091-1097,1091,State Department for Roads,1091133900,Low Volume Seals Phase 1 Batch 2,1091133960,Nyaburu (Jnc C20) - Oboke - Rangwe Road,2630200,Capital Grants to Government Agencies and other Levels of Government,exp,26543381,0,0,0,60,yes
fy-2026-27-development-book-volume-ii-1091-1097,1091,State Department for Roads,1091133900,Low Volume Seals Phase 1 Batch 2,1091133961,"O/Rongai-Gataka-Embul Bul, Co Op(Karen)-Matasia-Nkoroi-Rimpa",2630200,Capital Grants to Government Agencies and other Levels of Government,exp,173622612,127502810,177119500,288883626,60,yes
fy-2026-27-development-book-volume-ii-1091-1097,1091,State Department for Roads,1091133900,Low Volume Seals Phase 1 Batch 2,1091133962,Slaughter House-Gaikuyu-Gitunduti-Kagochi (rwc 419),2630200,Capital Grants to Government Agencies and other Levels of Government,exp,29512590,81212840,126030688,102563541,60,yes
fy-2026-27-development-book-volume-ii-1091-1097,1091,State Department for Roads,1091133900,Low Volume Seals Phase 1 Batch 2,1091133963,Kiminini Town Service Lane,2630200,Capital Grants to Government Agencies and other Levels of Government,exp,2070644,84200000,0,0,61,yes
fy-2026-27-development-book-volume-ii-1091-1097,1091,State Department for Roads,1091133900,Low Volume Seals Phase 1 Batch 2,1091133964,Angurai - Aloeti - Chamasir,2630200,Capital Grants to Government Agencies and other Levels of Government,exp,20808643,2504206,20808643,0,61,yes
fy-2026-27-development-book-volume-ii-1091-1097,1091,State Department for Roads,1091133900,Low Volume Seals Phase 1 Batch 2,1091133972,Ngege - Mapera - Rabuor - Kawa - Nyanduong (RWC 638),2630200,Capital Grants to Government Agencies and other Levels of Government,exp,200070030,221265175,93072964,175235652,61,yes
fy-2026-27-development-book-volume-ii-1091-1097,1091,State Department for Roads,1091133900,Low Volume Seals Phase 1 Batch 2,1091133993,Dagoreti - Baranaki - Shauri - Kidifarmaco,2630200,Capital Grants to Government Agencies and other Levels of Government,exp,19123803,20996394,0,0,61,yes
fy-2026-27-development-book-volume-ii-1091-1097,1091,State Department for Roads,1091133900,Low Volume Seals Phase 1 Batch 2,1091133995,Kiore - Muslim,2630200,Capital Grants to Government Agencies and other Levels of Government,exp,19169906,21047012,0,0,61,yes
fy-2026-27-development-book-volume-ii-1091-1097,1091,State Department for Roads,1091133900,Low Volume Seals Phase 1 Batch 2,1091133996,Mau Mau Road Lot 2B,2630200,Capital Grants to Government Agencies and other Levels of Government,exp,180080516,138555968,180080516,244621325,61,yes
fy-2026-27-development-book-volume-ii-1091-1097,1091,State Department for Roads,1091133900,Low Volume Seals Phase 1 Batch 2,1091133997,Nachu - SGR,2630200,Capital Grants to Government Agencies and other Levels of Government,exp,265025871,16497195,0,0,61,yes
fy-2026-27-development-book-volume-ii-1091-1097,1091,State Department for Roads,1091134100,Low Volume Seal Roads Batch 1,1091134102,Improvement of Bitumen Standard of Tala - Ol Donyo - Sabuk(RWC,2630200,Capital Grants to Government Agencies and other Levels of Government,exp,105566575,65644629,54893946,69253033,61,yes
fy-2026-27-development-book-volume-ii-1091-1097,1091,State Department for Roads,1091134100,Low Volume Seal Roads Batch 1,1091134103,Narumoru - Ngaringiru - Nairutia-Ngobit (D444) - RWC 101,2630200,Capital Grants to Government Agencies and other Levels of Government,exp,12899830,31729683,40492378,40492380,61,yes
fy-2026-27-development-book-volume-ii-1091-1097,1091,State Department for Roads,1091134100,Low Volume Seal Roads Batch 1,1091134109,Daraja - Sita Chebole - Labotiet(D234) RWC 111,2630200,Capital Grants to Government Agencies and other Levels of Government,exp,70549323,0,0,0,61,yes
fy-2026-27-development-book-volume-ii-1091-1097,1091,State Department for Roads,1091134100,Low Volume Seal Roads Batch 1,1091134110,Musikoma - Buyofu - Mungatsi - RWC 115,2630200,Capital Grants to Government Agencies and other Levels of Government,exp,136226247,84358934,62610536,198610536,62,yes
fy-2026-27-development-book-volume-ii-1091-1097,1091,State Department for Roads,1091134100,Low Volume Seal Roads Batch 1,1091134112,Maseno - Kombewa - Kalandini(D245) & Maseno Town Roads RWC,2630200,Capital Grants to Government Agencies and other Levels of Government,exp,166770765,73435624,103513360,257513360,62,yes
fy-2026-27-development-book-volume-ii-1091-1097,1091,State Department for Roads,1091134100,Low Volume Seal Roads Batch 1,1091134113,Improvement to Bitumen Standard of Mbita Sindo - Kiabuya -,2630200,Capital Grants to Government Agencies and other Levels of Government,exp,102531798,140714559,99986268,113205468,62,yes
fy-2026-27-development-book-volume-ii-1091-1097,1091,State Department for Roads,1091134100,Low Volume Seal Roads Batch 1,1091134117,Jcn A104-Ainabkoi(Jn C53)-Kapchorwa Jn C53-Jn C54(Naiberi) Rd,2630200,Capital Grants to Government Agencies and other Levels of Government,exp,128652202,0,0,0,62,yes
fy-2026-27-development-book-volume-ii-1091-1097,1091,State Department for Roads,1091134100,Low Volume Seal Roads Batch 1,1091134120,Ibokolo-Indangalasia-Shianda-Malaha RWC 113,2630200,Capital Grants to Government Agencies and other Levels of Government,exp,33944880,49345855,62723669,185253520,62,yes
fy-2026-27-development-book-volume-ii-1091-1097,1091,State Department for Roads,1091134100,Low Volume Seal Roads Batch 1,1091134121,Chiakariga - Marimanti Gatunga RWC 097,2630200,Capital Grants to Government Agencies and other Levels of Government,exp,140174161,87164718,45389117,45389118,62,yes
fy-2026-27-development-book-volume-ii-1091-1097,1091,State Department for Roads,1091134100,Low Volume Seal Roads Batch 1,1091134122,Ekwanda -Luanda - Esirulo - Magada,2630200,Capital Grants to Government Agencies and other Levels of Government,exp,28965972,43879415,67882776,0,62,yes
fy-2026-27-development-book-volume-ii-1091-1097,1091,State Department for Roads,1091134100,Low Volume Seal Roads Batch 1,1091134128,Micii Mikuru -Mikinduri Girls -Kathwana,2630200,Capital Grants to Government Agencies and other Levels of Government,exp,0,5058631,0,0,62,yes
fy-2026-27-development-book-volume-ii-1091-1097,1091,State Department for Roads,1091134100,Low Volume Seal Roads Batch 1,1091134132,Crater View - Milimani,2630200,Capital Grants to Government Agencies and other Levels of Government,exp,0,1135143,0,0,62,yes
fy-2026-27-development-book-volume-ii-1091-1097,1091,State Department for Roads,1091134100,Low Volume Seal Roads Batch 1,1091134134,Muthua - Kabiruini C512 Junction,2630200,Capital Grants to Government Agencies and other Levels of Government,exp,13206879,28332051,220828917,154907514,62,yes
fy-2026-27-development-book-volume-ii-1091-1097,1091,State Department for Roads,1091134100,Low Volume Seal Roads Batch 1,1091134141,Mitarakwa - Ha Paulo,2630200,Capital Grants to Government Agencies and other Levels of Government,exp,0,17489080,211495436,50840754,63,yes
fy-2026-27-development-book-volume-ii-1091-1097,1091,State Department for Roads,1091134100,Low Volume Seal Roads Batch 1,1091134143,Junct Ezekiel Mutel-Junct Kibuye Road-Junct Roimen-Kiserian Mkt,2630200,Capital Grants to Government Agencies and other Levels of Government,exp,8280125,20000000,0,0,63,yes
fy-2026-27-development-book-volume-ii-1091-1097,1091,State Department for Roads,1091134100,Low Volume Seal Roads Batch 1,1091134144,Maina Village Roads,2630200,Capital Grants to Government Agencies and other Levels of Government,exp,20493308,2237362,7036645,0,63,yes
fy-2026-27-development-book-volume-ii-1091-1097,1091,State Department for Roads,1091134100,Low Volume Seal Roads Batch 1,1091134145,Mwireri - Maili Sita -Umande - Ngenia,2630200,Capital Grants to Government Agencies and other Levels of Government,exp,20199907,11088935,44067944,0,63,yes
fy-2026-27-development-book-volume-ii-1091-1097,1091,State Department for Roads,1091135400,Low Volume Seal Roads,1091135404,Odda - Bute - Danaba,2630200,Capital Grants to Government Agencies and other Levels of Government,exp,20000000,0,0,0,63,yes
fy-2026-27-development-book-volume-ii-1091-1097,1091,State Department for Roads,1091135400,Low Volume Seal Roads,1091135405,Laisamis - Ngurunit,2630200,Capital Grants to Government Agencies and other Levels of Government,exp,0,44713845,85642018,0,63,yes
fy-2026-27-development-book-volume-ii-1091-1097,1091,State Department for Roads,1091135400,Low Volume Seal Roads,1091135412,Matuu - Ekalakal - Kangulu,2630200,Capital Grants to Government Agencies and other Levels of Government,exp,15108532,56924433,225767163,386785163,63,yes
fy-2026-27-development-book-volume-ii-1091-1097,1091,State Department for Roads,1091135400,Low Volume Seal Roads,1091135419,"Mutithi-Kagio, Kiamaina-Gatwe, Kiamaina-Ndiriti-Kiaruhiu, Kagio-",2630200,Capital Grants to Government Agencies and other Levels of Government,exp,97406143,142205661,110888399,235425054,63,yes
fy-2026-27-development-book-volume-ii-1091-1097,1091,State Department for Roads,1091135400,Low Volume Seal Roads,1091135424,Jnct C67 - Kirwara - Kagio - Jnct C67 Blue Post,2630200,Capital Grants to Government Agencies and other Levels of Government,exp,26945318,38367142,92468059,150635146,63,yes
fy-2026-27-development-book-volume-ii-1091-1097,1091,State Department for Roads,1091135400,Low Volume Seal Roads,1091135427,Todonyang - Lokitaung - Kalokol,2630200,Capital Grants to Government Agencies and other Levels of Government,exp,331133859,237272896,382060499,0,63,yes
fy-2026-27-development-book-volume-ii-1091-1097,1091,State Department for Roads,1091135400,Low Volume Seal Roads,1091135429,"Marigat-Muchongoi-Karandi, Ol Ngarua-Muhotetu, Muhotetu-Sipili",2630200,Capital Grants to Government Agencies and other Levels of Government,exp,352389093,231882670,320268132,300322541,64,yes
fy-2026-27-development-book-volume-ii-1091-1097,1091,State Department for Roads,1091135400,Low Volume Seal Roads,1091135433,Moisbridge-Moiben River-Kaplamai-Sibanga-Maili Saba-Maili Kumi-,2630200,Capital Grants to Government Agencies and other Levels of Government,exp,239209322,0,0,0,64,yes
fy-2026-27-development-book-volume-ii-1091-1097,1091,State Department for Roads,1091135400,Low Volume Seal Roads,1091135437,Motemorabu - Suba Kuria Nyangoge - Nyankore - Getonyanga -,2630200,Capital Grants to Government Agencies and other Levels of Government,exp,85768552,53333593,68885046,68885047,64,yes
fy-2026-27-development-book-volume-ii-1091-1097,1091,State Department for Roads,1091135400,Low Volume Seal Roads,1091135439,Keria - Makutano - Kathwana,2630200,Capital Grants to Government Agencies and other Levels of Government,exp,104677436,90091734,149712062,170038767,64,yes
fy-2026-27-development-book-volume-ii-1091-1097,1091,State Department for Roads,1091135400,Low Volume Seal Roads,1091135456,Thaara - Gakindu - RWC 420,2630200,Capital Grants to Government Agencies and other Levels of Government,exp,20301947,59333046,239190530,239190530,64,yes
fy-2026-27-development-book-volume-ii-1091-1097,1091,State Department for Roads,1091135400,Low Volume Seal Roads,1091135466,RUMURUTI TOWNSHIP ROADS,2630200,Capital Grants to Government Agencies and other Levels of Government,exp,18155514,0,0,0,64,yes
fy-2026-27-development-book-volume-ii-1091-1097,1091,State Department for Roads,1091135400,Low Volume Seal Roads,1091135467,SANKURI - BULLA - MADINA ROAD - GARISSA,2630200,Capital Grants to Government Agencies and other Levels of Government,exp,25574998,20287109,0,0,64,yes
fy-2026-27-development-book-volume-ii-1091-1097,1091,State Department for Roads,1091135400,Low Volume Seal Roads,1091135469,KITUI TOWNSHIP ROADS,2630200,Capital Grants to Government Agencies and other Levels of Government,exp,406589134,0,0,0,64,yes
fy-2026-27-development-book-volume-ii-1091-1097,1091,State Department for Roads,1091135400,Low Volume Seal Roads,1091135479,Kanyagia Muyogo Endarasha Charity - Gakanga,2630200,Capital Grants to Government Agencies and other Levels of Government,exp,111086698,111693279,135265115,241425632,64,yes
fy-2026-27-development-book-volume-ii-1091-1097,1091,State Department for Roads,1091135400,Low Volume Seal Roads,1091135480,Kerugoya - Kiaritha - Kangaita &Baricho - Njegas - Ngaru - Gakoigo -,2630200,Capital Grants to Government Agencies and other Levels of Government,exp,102341762,128772552,32486990,32486990,64,yes
fy-2026-27-development-book-volume-ii-1091-1097,1091,State Department for Roads,1091135400,Low Volume Seal Roads,1091135485,Marua-Mahigaini-Rui Ruiru-Gatungaga-Chieni-Kiamariga-State,2630200,Capital Grants to Government Agencies and other Levels of Government,exp,19324411,75413559,104146106,104146106,65,yes
fy-2026-27-development-book-volume-ii-1091-1097,1091,State Department for Roads,1091135400,Low Volume Seal Roads,1091135486,Ihwa - Ihururu / Gachatha - Ndugamano - Gura,2630200,Capital Grants to Government Agencies and other Levels of Government,exp,26426807,66848505,369254612,369254612,65,yes
fy-2026-27-development-book-volume-ii-1091-1097,1091,State Department for Roads,1091135400,Low Volume Seal Roads,1091135487,Jomvu Kuu - Jitoni - Rabai,2630200,Capital Grants to Government Agencies and other Levels of Government,exp,18967235,51188274,0,0,65,yes
fy-2026-27-development-book-volume-ii-1091-1097,1091,State Department for Roads,1091135400,Low Volume Seal Roads,1091135499,Kilgoris-Lolgorian,2630200,Capital Grants to Government Agencies and other Levels of Government,exp,118833800,73894608,76359220,76359220,65,yes
fy-2026-27-development-book-volume-ii-1091-1097,1091,State Department for Roads,1091135500,Backlog Maintenance Interventions,1091135561,Maparasha Bridge,2630200,Capital Grants to Government Agencies and other Levels of Government,exp,27410007,6414138,0,0,65,yes
fy-2026-27-development-book-volume-ii-1091-1097,1091,State Department for Roads,1091135600,Backlog Maintenance Interventions - Cont,1091135650,Kamunyuni - Kambu,2630200,Capital Grants to Government Agencies and other Levels of Government,exp,11040166,0,0,0,65,yes
fy-2026-27-development-book-volume-ii-1091-1097,1091,State Department for Roads,1091135600,Backlog Maintenance Interventions - Cont,1091135669,Jnct A2 - Membley- Jnct Northern Bypass,2630200,Capital Grants to Government Agencies and other Levels of Government,exp,10741712,11793534,65507759,0,65,yes
fy-2026-27-development-book-volume-ii-1091-1097,1091,State Department for Roads,1091135900,Spot Improvement Interventions,1091135902,Improvement of roads in Nyeri town,2630200,Capital Grants to Government Agencies and other Levels of Government,exp,32658443,19839864,0,0,65,yes
fy-2026-27-development-book-volume-ii-1091-1097,1091,State Department for Roads,1091135900,Spot Improvement Interventions,1091135907,Upgrading of Tom-Mboya Road Kisumu,2630200,Capital Grants to Government Agencies and other Levels of Government,exp,27624262,21287077,108564090,0,66,yes
fy-2026-27-development-book-volume-ii-1091-1097,1091,State Department for Roads,1091135900,Spot Improvement Interventions,1091135949,Oleusuyea-Kona baridi Bridge (Kajiado County),2630200,Capital Grants to Government Agencies and other Levels of Government,exp,0,5653682,0,0,66,yes
fy-2026-27-development-book-volume-ii-1091-1097,1091,State Department for Roads,1091137100,Spot Improvement Works,1091137113,Kapsowar - Chesoi,2630200,Capital Grants to Government Agencies and other Levels of Government,exp,28257215,23951906,0,0,66,yes
fy-2026-27-development-book-volume-ii-1091-1097,1091,State Department for Roads,1091137100,Spot Improvement Works,1091137131,Kabarnet - Kipsaram,2630200,Capital Grants to Government Agencies and other Levels of Government,exp,0,7135027,0,0,66,yes
fy-2026-27-development-book-volume-ii-1091-1097,1091,State Department for Roads,1091137100,Spot Improvement Works,1091137141,Sofia - Ndalani,2630200,Capital Grants to Government Agencies and other Levels of Government,exp,15000000,0,0,0,66,yes
fy-2026-27-development-book-volume-ii-1091-1097,1091,State Department for Roads,1091137200,Spot Improvement Works,1091137233,Elben- Mansa,2630200,Capital Grants to Government Agencies and other Levels of Government,exp,8280125,0,0,0,66,yes
fy-2026-27-development-book-volume-ii-1091-1097,1091,State Department for Roads,1091137200,Spot Improvement Works,1091137234,Mansa- Ogorale,2630200,Capital Grants to Government Agencies and other Levels of Government,exp,8280125,0,0,0,66,yes
fy-2026-27-development-book-volume-ii-1091-1097,1091,State Department for Roads,1091137200,Spot Improvement Works,1091137249,RWC567 Maili Kumi-Subuku-Sipala-Shamata-Kaka-Kariamu-,2630200,Capital Grants to Government Agencies and other Levels of Government,exp,23455313,80035235,94826974,102325983,66,yes
fy-2026-27-development-book-volume-ii-1091-1097,1091,State Department for Roads,1091137200,Spot Improvement Works,1091137258,Nairutia- Kamiruri,2630200,Capital Grants to Government Agencies and other Levels of Government,exp,0,25000000,0,0,67,yes
fy-2026-27-development-book-volume-ii-1091-1097,1091,State Department for Roads,1091137400,Spot Improvement,1091137403,Mayanja - Bisunu - Sirisia,2630200,Capital Grants to Government Agencies and other Levels of Government,exp,182276933,50950493,64896509,68253056,67,yes
fy-2026-27-development-book-volume-ii-1091-1097,1091,State Department for Roads,1091137400,Spot Improvement,1091137408,A2 Wa Kairu - Jacaranda,2630200,Capital Grants to Government Agencies and other Levels of Government,exp,10203480,2240520,0,0,67,yes
fy-2026-27-development-book-volume-ii-1091-1097,1091,State Department for Roads,1091137400,Spot Improvement,1091137419,"Axle Load Monitoring, Traffic Census and Road Safety",2630200,Capital Grants to Government Agencies and other Levels of Government,exp,0,15000000,12750000,14535000,67,yes
fy-2026-27-development-book-volume-ii-1091-1097,1091,State Department for Roads,1091137400,Spot Improvement,1091137458,Environmental Sustainability,2630200,Capital Grants to Government Agencies and other Levels of Government,exp,0,60000000,31875000,36337500,67,yes
fy-2026-27-development-book-volume-ii-1091-1097,1091,State Department for Roads,1091137400,Spot Improvement,1091137486,Jncn C66 (Kirasha) - Sulmac - Karati,2630200,Capital Grants to Government Agencies and other Levels of Government,exp,14894971,16353478,57936940,214621013,67,yes
fy-2026-27-development-book-volume-ii-1091-1097,1091,State Department for Roads,1091139000,Maintenance of Crucial Road Links I,1091139010,Ohio - Balambala,2630200,Capital Grants to Government Agencies and other Levels of Government,exp,20000000,0,0,0,67,yes
fy-2026-27-development-book-volume-ii-1091-1097,1091,State Department for Roads,1091139100,Maintenance of Crucial Road Links II,1091139135,Marsabit road/KH Access,2630200,Capital Grants to Government Agencies and other Levels of Government,exp,12000000,0,0,0,67,yes
fy-2026-27-development-book-volume-ii-1091-1097,1091,State Department for Roads,1091139400,Construction of Kahawa Sukari Eastern Access Roads,1091139401,Maintenance of Kahawa Sukari Ave & Improvement of Kahawa Sukari,2630200,Capital Grants to Government Agencies and other Levels of Government,exp,47684867,17345627,74073761,0,68,yes
fy-2026-27-development-book-volume-ii-1091-1097,1091,State Department for Roads,1091139700,Spot Improvement II,1091139701,Kapsait - Kapsangar - Tapash - Sondany,2630200,Capital Grants to Government Agencies and other Levels of Government,exp,93834559,117487479,175816941,185256463,68,yes
fy-2026-27-development-book-volume-ii-1091-1097,1091,State Department for Roads,1091139700,Spot Improvement II,1091139753,Land Compensation,2630200,Capital Grants to Government Agencies and other Levels of Government,exp,0,45000000,38250000,43605000,68,yes
fy-2026-27-development-book-volume-ii-1091-1097,1091,State Department for Roads,1091139800,SPOT IMPROVEMENT III,1091139823,Olla - Gutisha,2630200,Capital Grants to Government Agencies and other Levels of Government,exp,25000000,7715454,0,0,68,yes
fy-2026-27-development-book-volume-ii-1091-1097,1091,State Department for Roads,1091139800,SPOT IMPROVEMENT III,1091139849,"Socio Economic Baseline , Monitoring and Evaluation",2630200,Capital Grants to Government Agencies and other Levels of Government,exp,0,20000000,12750000,14535000,68,yes
fy-2026-27-development-book-volume-ii-1091-1097,1091,State Department for Roads,1091139800,SPOT IMPROVEMENT III,1091139850,Survey and Road Mapping,2630200,Capital Grants to Government Agencies and other Levels of Government,exp,0,43000000,20400000,23256000,68,yes
fy-2026-27-development-book-volume-ii-1091-1097,1091,State Department for Roads,1091140100,MPARD Package 2 - Mwache - Tsunza - Mteza,1091140101,MPARD Package 2 - Mwache - Tsunza - Mteza,2630200,Capital Grants to Government Agencies and other Levels of Government,exp,117112260,0,0,0,69,yes
fy-2026-27-development-book-volume-ii-1091-1097,1091,State Department for Roads,1091140100,MPARD Package 2 - Mwache - Tsunza - Mteza,1091140101,MPARD Package 2 - Mwache - Tsunza - Mteza,5120200,Foreign Borrowing - Direct Payments,aia,100000000,0,0,0,69,yes
fy-2026-27-development-book-volume-ii-1091-1097,1091,State Department for Roads,1091140200,Mpard Package 3 - Mteza - Kibundani Section,1091140201,Mpard Package 3 - Mteza - Kibundani Section,2630200,Capital Grants to Government Agencies and other Levels of Government,exp,85915459,0,0,0,69,yes
fy-2026-27-development-book-volume-ii-1091-1097,1091,State Department for Roads,1091140200,Mpard Package 3 - Mteza - Kibundani Section,1091140201,Mpard Package 3 - Mteza - Kibundani Section,5120200,Foreign Borrowing - Direct Payments,aia,70000000,0,0,0,69,yes
fy-2026-27-development-book-volume-ii-1091-1097,1091,State Department for Roads,1091140300,Ugunja-Ukwala-Ruambwa (C92),1091140301,Ugunja-Ukwala-Ruambwa (C92),2630200,Capital Grants to Government Agencies and other Levels of Government,exp,11029630,0,0,0,69,yes
fy-2026-27-development-book-volume-ii-1091-1097,1091,State Department for Roads,1091140500,Ruiru - Githunguri - Uplands (C560),1091140501,Ruiru - Githunguri - Uplands (C560),2630200,Capital Grants to Government Agencies and other Levels of Government,exp,236381635,199402920,256381635,322630581,69,yes
fy-2026-27-development-book-volume-ii-1091-1097,1091,State Department for Roads,1091141900,Kitale-Morpus (KFW),1091141901,Kitale-Morpus (KFW),2630200,Capital Grants to Government Agencies and other Levels of Government,exp,2534781772,3017500000,2530781772,4096032456,69,yes
fy-2026-27-development-book-volume-ii-1091-1097,1091,State Department for Roads,1091141900,Kitale-Morpus (KFW),1091141901,Kitale-Morpus (KFW),5120200,Foreign Borrowing - Direct Payments,aia,2280000000,2500000000,2500000000,4057296682,69,yes
fy-2026-27-development-book-volume-ii-1091-1097,1091,State Department for Roads,1091141900,Kitale-Morpus (KFW),1091141901,Kitale-Morpus (KFW),1320200,Grants from International Organizations,aia,250000000,0,0,0,69,yes
fy-2026-27-development-book-volume-ii-1091-1097,1091,State Department for Roads,1091142400,Mombasa Gate Bridge (Likoni Bridge),1091142401,Mombasa Gate Bridge (Likoni Bridge),2630200,Capital Grants to Government Agencies and other Levels of Government,exp,2049331,0,257750000,5700000000,70,yes
fy-2026-27-development-book-volume-ii-1091-1097,1091,State Department for Roads,1091142400,Mombasa Gate Bridge (Likoni Bridge),1091142401,Mombasa Gate Bridge (Likoni Bridge),5120200,Foreign Borrowing - Direct Payments,aia,0,0,257750000,5700000000,70,yes
fy-2026-27-development-book-volume-ii-1091-1097,1091,State Department for Roads,1091143000,SPOT IMPROVEMENT IV,1091143013,Emining - Saos,2630200,Capital Grants to Government Agencies and other Levels of Government,exp,15772483,17316915,39082580,0,70,yes
fy-2026-27-development-book-volume-ii-1091-1097,1091,State Department for Roads,1091143100,SPOT IMPROVEMENT V,1091143151,Ortum-Kapara Road,2630200,Capital Grants to Government Agencies and other Levels of Government,exp,11040166,0,0,0,70,yes
fy-2026-27-development-book-volume-ii-1091-1097,1091,State Department for Roads,1091143100,SPOT IMPROVEMENT V,1091143178,Othaya Town CBD Roads,2630200,Capital Grants to Government Agencies and other Levels of Government,exp,24424460,0,0,0,70,yes
fy-2026-27-development-book-volume-ii-1091-1097,1091,State Department for Roads,1091143100,SPOT IMPROVEMENT V,1091143180,Othaya Level 6 Hospital Access Roads,2630200,Capital Grants to Government Agencies and other Levels of Government,exp,11287440,0,0,0,70,yes
fy-2026-27-development-book-volume-ii-1091-1097,1091,State Department for Roads,1091143800,Valley/Ngong/Nyerere/Ngong Rd Interchange &U-Hill/H-SE,1091143801,Valley/Ngong/Nyerere/Ngong Rd Interchange &U-Hill/H-SE,2630200,Capital Grants to Government Agencies and other Levels of Government,exp,258250009,149375338,715743988,0,70,yes
fy-2026-27-development-book-volume-ii-1091-1097,1091,State Department for Roads,1091144000,Kisii By-Pass Phase II,1091144001,Kisii By-Pass Phase II,2630200,Capital Grants to Government Agencies and other Levels of Government,exp,153222560,42346055,215964881,0,71,yes
fy-2026-27-development-book-volume-ii-1091-1097,1091,State Department for Roads,1091144100,KAJIADO ACCESS ROADS,1091144101,KAJIADO ACCESS ROADS,2630200,Capital Grants to Government Agencies and other Levels of Government,exp,27197664,0,0,0,71,yes
fy-2026-27-development-book-volume-ii-1091-1097,1091,State Department for Roads,1091144400,Athi River-Ongata Rongai-Matasia-Ngong Link,1091144401,Athi River-Ongata Rongai-Matasia-Ngong Link,2630200,Capital Grants to Government Agencies and other Levels of Government,exp,0,105000000,203499846,305000082,71,yes
fy-2026-27-development-book-volume-ii-1091-1097,1091,State Department for Roads,1091144500,Narok Town Roads,1091144501,Narok Town Roads,2630200,Capital Grants to Government Agencies and other Levels of Government,exp,82065846,34020756,0,0,71,yes
fy-2026-27-development-book-volume-ii-1091-1097,1091,State Department for Roads,1091145100,Monitoring and Evaluation,1091145101,Monitoring and Evaluation,3111400,"Research, Feasibility Studies, Project Preparation and Design, Project S",exp,40000000,40000000,60000000,60000000,71,yes
fy-2026-27-development-book-volume-ii-1091-1097,1091,State Department for Roads,1091145300,Graduate Internship -Engineers Board of Kenya,1091145301,Graduate Internship -Engineers Board of Kenya,2630200,Capital Grants to Government Agencies and other Levels of Government,exp,40160664,80000000,108000000,120000000,72,yes
fy-2026-27-development-book-volume-ii-1091-1097,1091,State Department for Roads,1091145800,Critical Emergency Intervention Roads,1091145801,Critical Emergency Intervention Roads,2630200,Capital Grants to Government Agencies and other Levels of Government,exp,173610807,0,0,0,72,yes
fy-2026-27-development-book-volume-ii-1091-1097,1091,State Department for Roads,1091146100,Rural Roads in Arid and Semi Arid Lands (AFD),1091146102,Arid & Semi Arid Land (ASAL) Works Batch 1,2630200,Capital Grants to Government Agencies and other Levels of Government,exp,479906196,656540613,809802647,102016191,72,yes
fy-2026-27-development-book-volume-ii-1091-1097,1091,State Department for Roads,1091146100,Rural Roads in Arid and Semi Arid Lands (AFD),1091146102,Arid & Semi Arid Land (ASAL) Works Batch 1,5120200,Foreign Borrowing - Direct Payments,aia,50000000,0,0,0,72,yes
fy-2026-27-development-book-volume-ii-1091-1097,1091,State Department for Roads,1091146100,Rural Roads in Arid and Semi Arid Lands (AFD),1091146103,Arid & Semi Arid Land (ASAL) Works Batch 2,2630200,Capital Grants to Government Agencies and other Levels of Government,exp,850000000,2479123709,1189158035,692721446,72,yes
fy-2026-27-development-book-volume-ii-1091-1097,1091,State Department for Roads,1091146100,Rural Roads in Arid and Semi Arid Lands (AFD),1091146103,Arid & Semi Arid Land (ASAL) Works Batch 2,5120200,Foreign Borrowing - Direct Payments,aia,50000000,0,0,0,72,yes
fy-2026-27-development-book-volume-ii-1091-1097,1091,State Department for Roads,1091146100,Rural Roads in Arid and Semi Arid Lands (AFD),1091146104,Arid & Semi Arid Land (ASAL) Works Batch 3,2630200,Capital Grants to Government Agencies and other Levels of Government,exp,680292972,977292317,1234914229,445593638,72,yes
fy-2026-27-development-book-volume-ii-1091-1097,1091,State Department for Roads,1091146100,Rural Roads in Arid and Semi Arid Lands (AFD),1091146104,Arid & Semi Arid Land (ASAL) Works Batch 3,5120200,Foreign Borrowing - Direct Payments,aia,72292972,0,0,0,72,yes
fy-2026-27-development-book-volume-ii-1091-1097,1091,State Department for Roads,1091146100,Rural Roads in Arid and Semi Arid Lands (AFD),1091146105,Arid & Semi Arid Land (ASAL) Consultancies,2630200,Capital Grants to Government Agencies and other Levels of Government,exp,425000000,508050952,727832628,233730777,72,yes
fy-2026-27-development-book-volume-ii-1091-1097,1091,State Department for Roads,1091146100,Rural Roads in Arid and Semi Arid Lands (AFD),1091146105,Arid & Semi Arid Land (ASAL) Consultancies,5120200,Foreign Borrowing - Direct Payments,aia,0,80980494,80980494,0,72,yes
fy-2026-27-development-book-volume-ii-1091-1097,1091,State Department for Roads,1091146100,Rural Roads in Arid and Semi Arid Lands (AFD),1091146106,Arid & Semi Arid Land (ASAL) Technical Assistance Programme,2630200,Capital Grants to Government Agencies and other Levels of Government,exp,50000000,56575975,0,0,73,yes
fy-2026-27-development-book-volume-ii-1091-1097,1091,State Department for Roads,1091146200,Low Volume Seal Roads,1091146201,Maragi-Gatheru,2630200,Capital Grants to Government Agencies and other Levels of Government,exp,114022530,38389147,120534773,12101339,73,yes
fy-2026-27-development-book-volume-ii-1091-1097,1091,State Department for Roads,1091146200,Low Volume Seal Roads,1091146203,Kenya Loma-Kiranze,2630200,Capital Grants to Government Agencies and other Levels of Government,exp,27518714,0,0,0,73,yes
fy-2026-27-development-book-volume-ii-1091-1097,1091,State Department for Roads,1091146200,Low Volume Seal Roads,1091146207,Rhino Park Access,2630200,Capital Grants to Government Agencies and other Levels of Government,exp,19130470,0,0,0,73,yes
fy-2026-27-development-book-volume-ii-1091-1097,1091,State Department for Roads,1091146200,Low Volume Seal Roads,1091146217,Gekano - Amabuko,2630200,Capital Grants to Government Agencies and other Levels of Government,exp,168491089,64478722,84656242,85635245,73,yes
fy-2026-27-development-book-volume-ii-1091-1097,1091,State Department for Roads,1091146200,Low Volume Seal Roads,1091146222,Mbale - Mbihi - Magada - Wemilabi - Luanda,2630200,Capital Grants to Government Agencies and other Levels of Government,exp,108718481,46313385,103533415,113652468,73,yes
fy-2026-27-development-book-volume-ii-1091-1097,1091,State Department for Roads,1091146200,Low Volume Seal Roads,1091146223,Mumias - Imanga - Musanda/ Mudhiero-Elukongo-Ugana Bridge,2630200,Capital Grants to Government Agencies and other Levels of Government,exp,18642094,28701912,80140640,80140640,73,yes
fy-2026-27-development-book-volume-ii-1091-1097,1091,State Department for Roads,1091146200,Low Volume Seal Roads,1091146230,Thangathi-Rutune (Extension of Ichamara-Rutune 5.2km under Roads,2630200,Capital Grants to Government Agencies and other Levels of Government,exp,660509563,344779513,313435921,66688494,73,yes
fy-2026-27-development-book-volume-ii-1091-1097,1091,State Department for Roads,1091146200,Low Volume Seal Roads,1091146230,Thangathi-Rutune (Extension of Ichamara-Rutune 5.2km under Roads,5120200,Foreign Borrowing - Direct Payments,aia,659519735,344779513,313435921,66688494,73,yes
fy-2026-27-development-book-volume-ii-1091-1097,1091,State Department for Roads,1091146200,Low Volume Seal Roads,1091146231,Itumbe - Motonto- Baraine - Sameta - Igare/Riakemoni -Mosoro -,2630200,Capital Grants to Government Agencies and other Levels of Government,exp,23295655,60085997,105635860,107526523,73,yes
fy-2026-27-development-book-volume-ii-1091-1097,1091,State Department for Roads,1091146200,Low Volume Seal Roads,1091146238,Githiga-Gatina-C65 Jnct Gatina/Njenga Pry/Matuguta-Limuru-,2630200,Capital Grants to Government Agencies and other Levels of Government,exp,14662804,26686159,28166659,31203664,74,yes
fy-2026-27-development-book-volume-ii-1091-1097,1091,State Department for Roads,1091146200,Low Volume Seal Roads,1091146239,Nyabisabo - Mkt -Nyakwana - Amariba,2630200,Capital Grants to Government Agencies and other Levels of Government,exp,12411244,48215730,53525535,62354782,74,yes
fy-2026-27-development-book-volume-ii-1091-1097,1091,State Department for Roads,1091146200,Low Volume Seal Roads,1091146242,Mugeka - Kiriani - Kairo(Muranga- Kiriaini Phase 11),2630200,Capital Grants to Government Agencies and other Levels of Government,exp,28757212,43650214,0,0,74,yes
fy-2026-27-development-book-volume-ii-1091-1097,1091,State Department for Roads,1091146200,Low Volume Seal Roads,1091146243,Campus Road-Elite Avenue-Upper Chuna-1st D Street-Block D2 Road,2630200,Capital Grants to Government Agencies and other Levels of Government,exp,21040166,0,0,0,74,yes
fy-2026-27-development-book-volume-ii-1091-1097,1091,State Department for Roads,1091146200,Low Volume Seal Roads,1091146248,Kyongong - Chebunyo& Sigor - Longisa,2630200,Capital Grants to Government Agencies and other Levels of Government,exp,217843405,96883707,152309048,268225425,74,yes
fy-2026-27-development-book-volume-ii-1091-1097,1091,State Department for Roads,1091146200,Low Volume Seal Roads,1091146249,Gisambai - Shamakhokho,2630200,Capital Grants to Government Agencies and other Levels of Government,exp,26956248,0,0,0,74,yes
fy-2026-27-development-book-volume-ii-1091-1097,1091,State Department for Roads,1091146200,Low Volume Seal Roads,1091146253,Number Karabok - Adiedo,2630200,Capital Grants to Government Agencies and other Levels of Government,exp,27633622,42416602,105125669,290525146,74,yes
fy-2026-27-development-book-volume-ii-1091-1097,1091,State Department for Roads,1091146200,Low Volume Seal Roads,1091146254,Chapararia - Chepkopegh- Chepnyal,2630200,Capital Grants to Government Agencies and other Levels of Government,exp,0,6787535,28847023,72965999,74,yes
fy-2026-27-development-book-volume-ii-1091-1097,1091,State Department for Roads,1091146200,Low Volume Seal Roads,1091146255,Kaelo - Kamukunji - Mutuati,2630200,Capital Grants to Government Agencies and other Levels of Government,exp,19257902,34318657,48980154,235944375,74,yes
fy-2026-27-development-book-volume-ii-1091-1097,1091,State Department for Roads,1091146200,Low Volume Seal Roads,1091146256,Mavakari-Kamwambia-C2 Kanyuambora,2630200,Capital Grants to Government Agencies and other Levels of Government,exp,874551654,474434667,431304243,91766861,74,yes
fy-2026-27-development-book-volume-ii-1091-1097,1091,State Department for Roads,1091146200,Low Volume Seal Roads,1091146256,Mavakari-Kamwambia-C2 Kanyuambora,5120200,Foreign Borrowing - Direct Payments,aia,869984351,474434667,431304243,91766861,74,yes
fy-2026-27-development-book-volume-ii-1091-1097,1091,State Department for Roads,1091146200,Low Volume Seal Roads,1091146258,Kiambiriria - Murinduko - Githima - Chepsir,2630200,Capital Grants to Government Agencies and other Levels of Government,exp,155923525,77566535,67164657,140526352,75,yes
fy-2026-27-development-book-volume-ii-1091-1097,1091,State Department for Roads,1091146200,Low Volume Seal Roads,1091146259,Kerwa-Acre Tano Hill-Pst Maina-KirozKen Academy-Karumbi-,2630200,Capital Grants to Government Agencies and other Levels of Government,exp,99551991,86433205,124974117,265252412,75,yes
fy-2026-27-development-book-volume-ii-1091-1097,1091,State Department for Roads,1091146200,Low Volume Seal Roads,1091146262,Jnct C513 Kwa Meja - Gathaithi - C515 Muthinga,2630200,Capital Grants to Government Agencies and other Levels of Government,exp,24267956,0,0,0,75,yes
fy-2026-27-development-book-volume-ii-1091-1097,1091,State Department for Roads,1091146200,Low Volume Seal Roads,1091146263,Acess to Donhom Phase 8,2630200,Capital Grants to Government Agencies and other Levels of Government,exp,16590307,32995109,49492663,12373166,75,yes
fy-2026-27-development-book-volume-ii-1091-1097,1091,State Department for Roads,1091146200,Low Volume Seal Roads,1091146265,Lukusi - Sango - Mawe Tatu,2630200,Capital Grants to Government Agencies and other Levels of Government,exp,0,21441143,0,0,75,yes
fy-2026-27-development-book-volume-ii-1091-1097,1091,State Department for Roads,1091146200,Low Volume Seal Roads,1091146270,Maralal-Loosuk,2630200,Capital Grants to Government Agencies and other Levels of Government,exp,93548868,59415302,100688943,121299696,75,yes
fy-2026-27-development-book-volume-ii-1091-1097,1091,State Department for Roads,1091146200,Low Volume Seal Roads,1091146272,Milalani-Munje-Funzi island,2630200,Capital Grants to Government Agencies and other Levels of Government,exp,73792199,52104634,191255897,261365284,75,yes
fy-2026-27-development-book-volume-ii-1091-1097,1091,State Department for Roads,1091146200,Low Volume Seal Roads,1091146273,Hohwe Dam-Karogoto-Ndimaini-JnE560 Gathagara-Karunduku-,2630200,Capital Grants to Government Agencies and other Levels of Government,exp,20878479,66961572,269183484,269183484,75,yes
fy-2026-27-development-book-volume-ii-1091-1097,1091,State Department for Roads,1091146200,Low Volume Seal Roads,1091146275,Gatuyaini-Thunguri-Gathunguri-Iriaini Tea Factory,2630200,Capital Grants to Government Agencies and other Levels of Government,exp,7893562,17332990,20915930,0,75,yes
fy-2026-27-development-book-volume-ii-1091-1097,1091,State Department for Roads,1091146200,Low Volume Seal Roads,1091146276,Kimbimbi-Kutus/KTI- Ithareini- Kianguenyi/Kirigu-,2630200,Capital Grants to Government Agencies and other Levels of Government,exp,94785843,118893188,150092756,201256625,75,yes
fy-2026-27-development-book-volume-ii-1091-1097,1091,State Department for Roads,1091146200,Low Volume Seal Roads,1091146277,Sagana - Kathaka-Thiguku/Mururi-Mahigaini -Nyamindi-,2630200,Capital Grants to Government Agencies and other Levels of Government,exp,30960177,103662695,86810766,88562412,75,yes
fy-2026-27-development-book-volume-ii-1091-1097,1091,State Department for Roads,1091146200,Low Volume Seal Roads,1091146278,PIAI- Mbiri - Ngiriambo/Kiamutugu-Muchagara- Karumandi-,2630200,Capital Grants to Government Agencies and other Levels of Government,exp,98848394,95938241,134332153,145232016,76,yes
fy-2026-27-development-book-volume-ii-1091-1097,1091,State Department for Roads,1091146200,Low Volume Seal Roads,1091146279,PIAI - Murinduko - Mumbuni - Kiumbuni,2630200,Capital Grants to Government Agencies and other Levels of Government,exp,711366573,357035183,324577439,69059030,76,yes
fy-2026-27-development-book-volume-ii-1091-1097,1091,State Department for Roads,1091146200,Low Volume Seal Roads,1091146279,PIAI - Murinduko - Mumbuni - Kiumbuni,5120200,Foreign Borrowing - Direct Payments,aia,711366573,357035183,324577439,69059030,76,yes
fy-2026-27-development-book-volume-ii-1091-1097,1091,State Department for Roads,1091146200,Low Volume Seal Roads,1091146280,Kwa Mumero- Kithina Pry-Rugirando- Ngusichi Jnct - Makutano -,2630200,Capital Grants to Government Agencies and other Levels of Government,exp,125407328,77982235,110461619,265245268,76,yes
fy-2026-27-development-book-volume-ii-1091-1097,1091,State Department for Roads,1091146200,Low Volume Seal Roads,1091146283,Masara-Muhuru Bay,2630200,Capital Grants to Government Agencies and other Levels of Government,exp,121715030,95000000,121715030,153166162,76,yes
fy-2026-27-development-book-volume-ii-1091-1097,1091,State Department for Roads,1091146200,Low Volume Seal Roads,1091146284,C439 Matuu-Ikombe- Katangi,2630200,Capital Grants to Government Agencies and other Levels of Government,exp,81840237,32611762,22334089,65223523,76,yes
fy-2026-27-development-book-volume-ii-1091-1097,1091,State Department for Roads,1091146200,Low Volume Seal Roads,1091146285,Jnct C660 - Access To Kapkombe Secondary School Baringo County,2630200,Capital Grants to Government Agencies and other Levels of Government,exp,28957758,4113333,41133328,0,76,yes
fy-2026-27-development-book-volume-ii-1091-1097,1091,State Department for Roads,1091146200,Low Volume Seal Roads,1091146286,Spot Improvement of Chesoi - Tirap Road,2630200,Capital Grants to Government Agencies and other Levels of Government,exp,22163976,20950485,105089650,0,76,yes
fy-2026-27-development-book-volume-ii-1091-1097,1091,State Department for Roads,1091146200,Low Volume Seal Roads,1091146287,Kiumbu Bridge and Approach Roads,2630200,Capital Grants to Government Agencies and other Levels of Government,exp,1623885,1782896,0,0,76,yes
fy-2026-27-development-book-volume-ii-1091-1097,1091,State Department for Roads,1091146200,Low Volume Seal Roads,1091146288,Baricho-Kibirigwi (C399),2630200,Capital Grants to Government Agencies and other Levels of Government,exp,2805773,4400733,0,0,76,yes
fy-2026-27-development-book-volume-ii-1091-1097,1091,State Department for Roads,1091146200,Low Volume Seal Roads,1091146289,Mwangaza - Simboyon - Kanyotu Road,2630200,Capital Grants to Government Agencies and other Levels of Government,exp,4823524,0,0,0,76,yes
fy-2026-27-development-book-volume-ii-1091-1097,1091,State Department for Roads,1091146200,Low Volume Seal Roads,1091146291,Karundas-Riajoni-Maganjo & Riajoni-Kirichu Roads,2630200,Capital Grants to Government Agencies and other Levels of Government,exp,17101875,18776480,0,0,77,yes
fy-2026-27-development-book-volume-ii-1091-1097,1091,State Department for Roads,1091146200,Low Volume Seal Roads,1091146292,Angata - Nanyekie Road,2630200,Capital Grants to Government Agencies and other Levels of Government,exp,15893709,34900024,0,0,77,yes
fy-2026-27-development-book-volume-ii-1091-1097,1091,State Department for Roads,1091146200,Low Volume Seal Roads,1091146293,Parkati road (N),2630200,Capital Grants to Government Agencies and other Levels of Government,exp,16602380,0,0,0,77,yes
fy-2026-27-development-book-volume-ii-1091-1097,1091,State Department for Roads,1091146200,Low Volume Seal Roads,1091146298,E4080:Junct C450 ABC Makutano-Kimangu-Marikiti -Matuu,2630200,Capital Grants to Government Agencies and other Levels of Government,exp,20432548,40000000,167163460,483567452,77,yes
fy-2026-27-development-book-volume-ii-1091-1097,1091,State Department for Roads,1091146200,Low Volume Seal Roads,1091146299,Linking Farmers-Improvement of Roads-Western Kenya (R2000)-,2630200,Capital Grants to Government Agencies and other Levels of Government,exp,80000000,744808000,1563340622,148077904,77,yes
fy-2026-27-development-book-volume-ii-1091-1097,1091,State Department for Roads,1091146200,Low Volume Seal Roads,1091146299,Linking Farmers-Improvement of Roads-Western Kenya (R2000)-,5120200,Foreign Borrowing - Direct Payments,aia,20000000,150000000,200000000,30000000,77,yes
fy-2026-27-development-book-volume-ii-1091-1097,1091,State Department for Roads,1091146200,Low Volume Seal Roads,1091146299,Linking Farmers-Improvement of Roads-Western Kenya (R2000)-,1320200,Grants from International Organizations,aia,50000000,30000000,40000000,10000000,77,yes
fy-2026-27-development-book-volume-ii-1091-1097,1091,State Department for Roads,1091146300,Spot Improvement VI,1091146337,Oinobmoi-Kapkelelwa- Kipsaos,2630200,Capital Grants to Government Agencies and other Levels of Government,exp,151486864,133941073,209339171,423015689,77,yes
fy-2026-27-development-book-volume-ii-1091-1097,1091,State Department for Roads,1091146300,Spot Improvement VI,1091146347,Kerugoya-Baricho,2630200,Capital Grants to Government Agencies and other Levels of Government,exp,16443415,1805355,0,0,77,yes
fy-2026-27-development-book-volume-ii-1091-1097,1091,State Department for Roads,1091146500,Spot Improvement VIII,1091146555,Kachemogen-Sina Road,2630200,Capital Grants to Government Agencies and other Levels of Government,exp,23339036,46287579,347156840,347156840,78,yes
fy-2026-27-development-book-volume-ii-1091-1097,1091,State Department for Roads,1091146500,Spot Improvement VIII,1091146585,Qorobo - Abero - Duke,2630200,Capital Grants to Government Agencies and other Levels of Government,exp,12000000,0,0,0,78,yes
fy-2026-27-development-book-volume-ii-1091-1097,1091,State Department for Roads,1091146600,Emergency Culverts and Bridges,1091146601,Emergency Culverts and Bridges,2630200,Capital Grants to Government Agencies and other Levels of Government,exp,0,60604587,51513899,58725845,78,yes
fy-2026-27-development-book-volume-ii-1091-1097,1091,State Department for Roads,1091148300,Spot Improvement IX,1091148361,Mwanyani - Katoloni,2630200,Capital Grants to Government Agencies and other Levels of Government,exp,80810465,22710560,139267207,0,78,yes
fy-2026-27-development-book-volume-ii-1091-1097,1091,State Department for Roads,1091148300,Spot Improvement IX,1091148392,Tenden - kibigos - Makutano,2630200,Capital Grants to Government Agencies and other Levels of Government,exp,95990106,0,0,0,78,yes
fy-2026-27-development-book-volume-ii-1091-1097,1091,State Department for Roads,1091148500,Spot Improvement XI,1091148542,Kipsisak - Serem (Phase 2),2630200,Capital Grants to Government Agencies and other Levels of Government,exp,132691227,18398377,0,0,78,yes
fy-2026-27-development-book-volume-ii-1091-1097,1091,State Department for Roads,1091148500,Spot Improvement XI,1091148552,Off Eastern Bypass - Kiratina Primary (Kiratina Primary Access Road),2630200,Capital Grants to Government Agencies and other Levels of Government,exp,8280125,0,0,0,78,yes
fy-2026-27-development-book-volume-ii-1091-1097,1091,State Department for Roads,1091148500,Spot Improvement XI,1091148580,Kipangawau - Kibowen Pry Access/Mwariki Sec School- Pembe Mbili-,2630200,Capital Grants to Government Agencies and other Levels of Government,exp,87034193,0,0,0,78,yes
fy-2026-27-development-book-volume-ii-1091-1097,1091,State Department for Roads,1091148500,Spot Improvement XI,1091148583,Boiman - Pacenga - Siranga - Gachwe - Kwamumbi,2630200,Capital Grants to Government Agencies and other Levels of Government,exp,97271708,66704934,65460377,70532412,79,yes
fy-2026-27-development-book-volume-ii-1091-1097,1091,State Department for Roads,1091148500,Spot Improvement XI,1091148584,Jambo - Kagochi - Gatondo,2630200,Capital Grants to Government Agencies and other Levels of Government,exp,22590457,26449380,121292596,0,79,yes
fy-2026-27-development-book-volume-ii-1091-1097,1091,State Department for Roads,1091148700,Development of Infra. for the Regional Centre of Excellence - KIHBT,1091148701,Development of Infra. for the Regional Centre of Excellence - KIHBT,2211000,Specialised Materials and Supplies,exp,30000000,30000000,30000000,30000000,79,yes
fy-2026-27-development-book-volume-ii-1091-1097,1091,State Department for Roads,1091148700,Development of Infra. for the Regional Centre of Excellence - KIHBT,1091148701,Development of Infra. for the Regional Centre of Excellence - KIHBT,2211300,Other Operating Expenses,exp,50000000,50000000,50000000,50000000,79,yes
fy-2026-27-development-book-volume-ii-1091-1097,1091,State Department for Roads,1091148700,Development of Infra. for the Regional Centre of Excellence - KIHBT,1091148701,Development of Infra. for the Regional Centre of Excellence - KIHBT,3110200,Construction of Building,exp,2760042,5000000,5000000,5000000,79,yes
fy-2026-27-development-book-volume-ii-1091-1097,1091,State Department for Roads,1091148700,Development of Infra. for the Regional Centre of Excellence - KIHBT,1091148701,Development of Infra. for the Regional Centre of Excellence - KIHBT,3111200,"Rehabilitation and Renovation of Plant, Machinery and Equipment",exp,50000000,50000000,50000000,50000000,79,yes
fy-2026-27-development-book-volume-ii-1091-1097,1091,State Department for Roads,1091148700,Development of Infra. for the Regional Centre of Excellence - KIHBT,1091148701,Development of Infra. for the Regional Centre of Excellence - KIHBT,3111400,"Research, Feasibility Studies, Project Preparation and Design, Project S",exp,77239958,75000000,75000000,75000000,79,yes
fy-2026-27-development-book-volume-ii-1091-1097,1091,State Department for Roads,1091149800,Mombasa - Mtwapa,1091149801,Lot 1 :Mombasa-Mtwapa,2630200,Capital Grants to Government Agencies and other Levels of Government,exp,1336831103,2240000000,500000000,0,79,yes
fy-2026-27-development-book-volume-ii-1091-1097,1091,State Department for Roads,1091149800,Mombasa - Mtwapa,1091149801,Lot 1 :Mombasa-Mtwapa,5120200,Foreign Borrowing - Direct Payments,aia,1330000000,2240000000,500000000,0,79,yes
fy-2026-27-development-book-volume-ii-1091-1097,1091,State Department for Roads,1091149800,Mombasa - Mtwapa,1091149802,Lot 2 :Mtwapa-Kilifi,2630200,Capital Grants to Government Agencies and other Levels of Government,exp,486831103,100000000,0,0,79,yes
fy-2026-27-development-book-volume-ii-1091-1097,1091,State Department for Roads,1091149800,Mombasa - Mtwapa,1091149802,Lot 2 :Mtwapa-Kilifi,5120200,Foreign Borrowing - Direct Payments,aia,280000000,0,0,0,79,yes
fy-2026-27-development-book-volume-ii-1091-1097,1091,State Department for Roads,1091149800,Mombasa - Mtwapa,1091149802,Lot 2 :Mtwapa-Kilifi,1320200,Grants from International Organizations,aia,200000000,100000000,0,0,79,yes
fy-2026-27-development-book-volume-ii-1091-1097,1091,State Department for Roads,1091150200,Barpello - Tot - Sigor - Marich Pass,1091150201,Lot 1: Moru Barpello-Tot Junction,2630200,Capital Grants to Government Agencies and other Levels of Government,exp,181686675,227114247,251686675,316722445,80,yes
fy-2026-27-development-book-volume-ii-1091-1097,1091,State Department for Roads,1091150200,Barpello - Tot - Sigor - Marich Pass,1091150202,Lot 2: Tot Junction-Chesogon-Kopasi River,2630200,Capital Grants to Government Agencies and other Levels of Government,exp,670526778,906030422,1050526778,2196016643,80,yes
fy-2026-27-development-book-volume-ii-1091-1097,1091,State Department for Roads,1091150200,Barpello - Tot - Sigor - Marich Pass,1091150202,Lot 2: Tot Junction-Chesogon-Kopasi River,5120200,Foreign Borrowing - Direct Payments,aia,450000000,850000000,1000000000,2132433759,80,yes
fy-2026-27-development-book-volume-ii-1091-1097,1091,State Department for Roads,1091150200,Barpello - Tot - Sigor - Marich Pass,1091150203,Lot 3: Kopasi River-Lomut-Sigor-Marich Pass,2630200,Capital Grants to Government Agencies and other Levels of Government,exp,171524873,220998439,321524873,404606814,80,yes
fy-2026-27-development-book-volume-ii-1091-1097,1091,State Department for Roads,1091150600,"Ngong Road Footbridges (KNH, Daystar & Prestige)",1091150601,"Ngong Road Footbridges (KNH, Daystar & Prestige)",2630200,Capital Grants to Government Agencies and other Levels of Government,exp,18607180,0,0,0,80,yes
fy-2026-27-development-book-volume-ii-1091-1097,1091,State Department for Roads,1091150700,Construction of Thika Town Roads,1091150701,Construction of Thika Town Roads,2630200,Capital Grants to Government Agencies and other Levels of Government,exp,185190761,80465304,241395910,0,80,yes
fy-2026-27-development-book-volume-ii-1091-1097,1091,State Department for Roads,1091150800,Construction of Bomet Town Roads,1091150801,Construction of Bomet Town Roads,2630200,Capital Grants to Government Agencies and other Levels of Government,exp,173544454,50000000,200000000,165000000,80,yes
fy-2026-27-development-book-volume-ii-1091-1097,1091,State Department for Roads,1091151600,Homabay Town Roads Phase 1,1091151601,Homabay Town Roads Phase 1,2630200,Capital Grants to Government Agencies and other Levels of Government,exp,35102434,31548666,0,0,81,yes
fy-2026-27-development-book-volume-ii-1091-1097,1091,State Department for Roads,1091151700,Mlolongo - Athi river - Joska,1091151701,Mlolongo - Athi river - Joska,2630200,Capital Grants to Government Agencies and other Levels of Government,exp,215407558,18018015,0,0,81,yes
fy-2026-27-development-book-volume-ii-1091-1097,1091,State Department for Roads,1091151800,Restoration of Damaged Offices at Works House,1091151801,Restoration of Damaged Offices at Works House,3110500,Construction and Civil Works,exp,15000000,10000000,20000000,20000000,81,yes
fy-2026-27-development-book-volume-ii-1091-1097,1091,State Department for Roads,1091152000,Njabini - Kinyona,1091152001,Njabini - Kinyona,2630200,Capital Grants to Government Agencies and other Levels of Government,exp,246345065,173124729,246345065,310000564,81,yes
fy-2026-27-development-book-volume-ii-1091-1097,1091,State Department for Roads,1091152100,Upgrading of Inner Core Estate Access Roads,1091152101,Upgrading of Inner Core Estate Access Roads,2630200,Capital Grants to Government Agencies and other Levels of Government,exp,108880363,45136831,0,0,81,yes
fy-2026-27-development-book-volume-ii-1091-1097,1091,State Department for Roads,1091152400,Spot Improvement XII,1091152443,Jctn C513- Gwa Karuri-Gura River,2630200,Capital Grants to Government Agencies and other Levels of Government,exp,8280125,0,0,0,81,yes
fy-2026-27-development-book-volume-ii-1091-1097,1091,State Department for Roads,1091152400,Spot Improvement XII,1091152461,Gitige Pry Sch - Gacharu - Gatura Rd,2630200,Capital Grants to Government Agencies and other Levels of Government,exp,15000000,0,0,0,82,yes
fy-2026-27-development-book-volume-ii-1091-1097,1091,State Department for Roads,1091152600,Kirinyaga Town Roads,1091152601,Kirinyaga Town Roads,2630200,Capital Grants to Government Agencies and other Levels of Government,exp,106335898,44082012,0,0,82,yes
fy-2026-27-development-book-volume-ii-1091-1097,1091,State Department for Roads,1091152700,Spot Improvement XIII,1091152788,E5007 Lokole-Eldas Road,2630200,Capital Grants to Government Agencies and other Levels of Government,exp,2946332,4043543,0,0,82,yes
fy-2026-27-development-book-volume-ii-1091-1097,1091,State Department for Roads,1091152800,Low Volume Seals LVSR,1091152830,Nyabigena/Matangamano - Esaka - Nyamarambe,2630200,Capital Grants to Government Agencies and other Levels of Government,exp,64269458,23457473,90679326,161615255,82,yes
fy-2026-27-development-book-volume-ii-1091-1097,1091,State Department for Roads,1091152800,Low Volume Seals LVSR,1091152831,Njoro - Nessuit,2630200,Capital Grants to Government Agencies and other Levels of Government,exp,509651314,332337944,302125404,64282001,82,yes
fy-2026-27-development-book-volume-ii-1091-1097,1091,State Department for Roads,1091152800,Low Volume Seals LVSR,1091152831,Njoro - Nessuit,5120200,Foreign Borrowing - Direct Payments,aia,504005696,332337944,302125404,64282001,82,yes
fy-2026-27-development-book-volume-ii-1091-1097,1091,State Department for Roads,1091152800,Low Volume Seals LVSR,1091152834,Kamukunji - Kisanana-Kapkitur- Mugurin - Lake Bogoria/ Kapkitur-,2630200,Capital Grants to Government Agencies and other Levels of Government,exp,144033593,164981983,209125491,213656582,82,yes
fy-2026-27-development-book-volume-ii-1091-1097,1091,State Department for Roads,1091152800,Low Volume Seals LVSR,1091152835,A2 Juja-Juja Farm-Munyu-Jcn A3 Garissa Road,2630200,Capital Grants to Government Agencies and other Levels of Government,exp,83228518,86419079,181190481,201236584,82,yes
fy-2026-27-development-book-volume-ii-1091-1097,1091,State Department for Roads,1091152800,Low Volume Seals LVSR,1091152836,Lunza - Shika - Ikolomani/Manyunza - Dido/Harambee-,2630200,Capital Grants to Government Agencies and other Levels of Government,exp,134820040,83835356,179343812,184562503,83,yes
fy-2026-27-development-book-volume-ii-1091-1097,1091,State Department for Roads,1091152800,Low Volume Seals LVSR,1091152837,"Ngonda-Gachocho-Ndugamano-Gathera, Access to Pioneer Roads",2630200,Capital Grants to Government Agencies and other Levels of Government,exp,0,7653845,0,0,83,yes
fy-2026-27-development-book-volume-ii-1091-1097,1091,State Department for Roads,1091152800,Low Volume Seals LVSR,1091152838,Kasoiya - Riwo - Seretunin - Talai - Kasisit - Kampi Samaki (Phase 1),2630200,Capital Grants to Government Agencies and other Levels of Government,exp,104482684,136473275,172197236,186547369,83,yes
fy-2026-27-development-book-volume-ii-1091-1097,1091,State Department for Roads,1091152800,Low Volume Seals LVSR,1091152839,Bamba - Ganze - Kilifi,2630200,Capital Grants to Government Agencies and other Levels of Government,exp,157757595,104316968,104803069,107452695,83,yes
fy-2026-27-development-book-volume-ii-1091-1097,1091,State Department for Roads,1091152800,Low Volume Seals LVSR,1091152840,Bamburi - Mwakirunge - Kaloleni,2630200,Capital Grants to Government Agencies and other Levels of Government,exp,158640479,209731944,201148678,220325684,83,yes
fy-2026-27-development-book-volume-ii-1091-1097,1091,State Department for Roads,1091152800,Low Volume Seals LVSR,1091152841,Improvement of Kenyatta Road and Thika Road Junction,2630200,Capital Grants to Government Agencies and other Levels of Government,exp,148164232,87745902,108164232,136113841,83,yes
fy-2026-27-development-book-volume-ii-1091-1097,1091,State Department for Roads,1091152800,Low Volume Seals LVSR,1091152843,Galana Kulalu Bridge/ Access Roads & Internal Netwoks,2630200,Capital Grants to Government Agencies and other Levels of Government,exp,168856016,74667547,279172059,279172059,83,yes
fy-2026-27-development-book-volume-ii-1091-1097,1091,State Department for Roads,1091152800,Low Volume Seals LVSR,1091152844,Kabichbich - Kapcherop,2630200,Capital Grants to Government Agencies and other Levels of Government,exp,144991199,59068526,104661598,107452536,83,yes
fy-2026-27-development-book-volume-ii-1091-1097,1091,State Department for Roads,1091152800,Low Volume Seals LVSR,1091152845,Taqwa - Mbiriri - Kimahuri - Warazo Jet- Munyu,2630200,Capital Grants to Government Agencies and other Levels of Government,exp,105674356,136539217,96260688,102656295,83,yes
fy-2026-27-development-book-volume-ii-1091-1097,1091,State Department for Roads,1091152800,Low Volume Seals LVSR,1091152846,Msau-Mbale-Werugha-Mghange-Bura,2630200,Capital Grants to Government Agencies and other Levels of Government,exp,275005212,104055309,101299624,200020395,83,yes
fy-2026-27-development-book-volume-ii-1091-1097,1091,State Department for Roads,1091152800,Low Volume Seals LVSR,1091152853,Bute Township Road,2630200,Capital Grants to Government Agencies and other Levels of Government,exp,86128222,0,0,0,84,yes
fy-2026-27-development-book-volume-ii-1091-1097,1091,State Department for Roads,1091152800,Low Volume Seals LVSR,1091152854,Banisa Township Road,2630200,Capital Grants to Government Agencies and other Levels of Government,exp,117477654,0,0,0,84,yes
fy-2026-27-development-book-volume-ii-1091-1097,1091,State Department for Roads,1091152800,Low Volume Seals LVSR,1091152855,Konyu-Kairuthi Kinu-Ruruguti Kagicha-Kiriani Gura Rr Giathenge-,2630200,Capital Grants to Government Agencies and other Levels of Government,exp,114777287,149002460,224827410,330654120,84,yes
fy-2026-27-development-book-volume-ii-1091-1097,1091,State Department for Roads,1091152800,Low Volume Seals LVSR,1091152864,Mwachande Bridge & Approaches Road,2630200,Capital Grants to Government Agencies and other Levels of Government,exp,148630736,53578428,134362495,134362495,84,yes
fy-2026-27-development-book-volume-ii-1091-1097,1091,State Department for Roads,1091152800,Low Volume Seals LVSR,1091152866,Cheborge Juct - Kipwasituya Market/ Sotik- Sural,2630200,Capital Grants to Government Agencies and other Levels of Government,exp,18580058,25310744,182237352,182237352,84,yes
fy-2026-27-development-book-volume-ii-1091-1097,1091,State Department for Roads,1091152800,Low Volume Seals LVSR,1091152869,Makenzi -Muruka - Kandara Phase II,2630200,Capital Grants to Government Agencies and other Levels of Government,exp,5427054,5958469,47583191,0,84,yes
fy-2026-27-development-book-volume-ii-1091-1097,1091,State Department for Roads,1091152800,Low Volume Seals LVSR,1091152870,Jnct C540 -Kangari - Gichagini - Jnct B23 Gacharage,2630200,Capital Grants to Government Agencies and other Levels of Government,exp,15929293,65450061,416893883,350000000,84,yes
fy-2026-27-development-book-volume-ii-1091-1097,1091,State Department for Roads,1091152800,Low Volume Seals LVSR,1091152887,Kalro - Ngani Rd,2630200,Capital Grants to Government Agencies and other Levels of Government,exp,21912709,26081948,0,0,84,yes
fy-2026-27-development-book-volume-ii-1091-1097,1091,State Department for Roads,1091152800,Low Volume Seals LVSR,1091152889,Kasoyo Tenges - Saos (C66) Road,2630200,Capital Grants to Government Agencies and other Levels of Government,exp,22483109,24684641,0,0,84,yes
fy-2026-27-development-book-volume-ii-1091-1097,1091,State Department for Roads,1091152800,Low Volume Seals LVSR,1091152890,Mwingi - Kalisasi -Mumbini Road,2630200,Capital Grants to Government Agencies and other Levels of Government,exp,8791340,0,0,0,84,yes
fy-2026-27-development-book-volume-ii-1091-1097,1091,State Department for Roads,1091152800,Low Volume Seals LVSR,1091152892,Ruiri-Kwa Koome-Tutua-Dunyu Sabu Catholic-Kwa Church Road,2630200,Capital Grants to Government Agencies and other Levels of Government,exp,11458459,12580465,0,0,84,yes
fy-2026-27-development-book-volume-ii-1091-1097,1091,State Department for Roads,1091152800,Low Volume Seals LVSR,1091152893,Kambi Chura Bridge And Approach Roads,2630200,Capital Grants to Government Agencies and other Levels of Government,exp,19338657,0,0,0,85,yes
fy-2026-27-development-book-volume-ii-1091-1097,1091,State Department for Roads,1091152800,Low Volume Seals LVSR,1091152895,Junction A3 -Bulla Madina - Sankuli-Kengen Road C251 And Access,2630200,Capital Grants to Government Agencies and other Levels of Government,exp,111565582,15047452,0,0,85,yes
fy-2026-27-development-book-volume-ii-1091-1097,1091,State Department for Roads,1091152800,Low Volume Seals LVSR,1091152897,Perkera Bridge And Approach Roads,2630200,Capital Grants to Government Agencies and other Levels of Government,exp,17024750,6909431,0,0,85,yes
fy-2026-27-development-book-volume-ii-1091-1097,1091,State Department for Roads,1091152800,Low Volume Seals LVSR,1091152898,Sindo Box Culverts,2630200,Capital Grants to Government Agencies and other Levels of Government,exp,2296755,8529012,0,0,85,yes
fy-2026-27-development-book-volume-ii-1091-1097,1091,State Department for Roads,1091152900,Marsabit - Shegel (B7),1091152901,Marsabit - Shegel (B7),2630200,Capital Grants to Government Agencies and other Levels of Government,exp,234039539,118256950,204039539,297571209,85,yes
fy-2026-27-development-book-volume-ii-1091-1097,1091,State Department for Roads,1091153000,Spot Improvement XIV,1091153044,Kagio-Baricho-Kerugoya Road,2630200,Capital Grants to Government Agencies and other Levels of Government,exp,0,5994663,0,0,85,yes
fy-2026-27-development-book-volume-ii-1091-1097,1091,State Department for Roads,1091153000,Spot Improvement XIV,1091153051,Got Nanga - Bar Ober - Urenga - Uhuru Market,2630200,Capital Grants to Government Agencies and other Levels of Government,exp,108132450,44826781,154052998,168545236,85,yes
fy-2026-27-development-book-volume-ii-1091-1097,1091,State Department for Roads,1091153200,Spot Improvement XV,1091153201,URP 37 Pemwai-Kapkirwok-Penonin Road,2630200,Capital Grants to Government Agencies and other Levels of Government,exp,0,1871816,0,0,86,yes
fy-2026-27-development-book-volume-ii-1091-1097,1091,State Department for Roads,1091153200,Spot Improvement XV,1091153212,Kirai - Ndunyu,2630200,Capital Grants to Government Agencies and other Levels of Government,exp,8073214,4431869,0,0,86,yes
fy-2026-27-development-book-volume-ii-1091-1097,1091,State Department for Roads,1091153200,Spot Improvement XV,1091153225,Jnct B4 Berkley-Kwa Gitau-Moi Gate Loop,2630200,Capital Grants to Government Agencies and other Levels of Government,exp,22600415,33350000,0,0,86,yes
fy-2026-27-development-book-volume-ii-1091-1097,1091,State Department for Roads,1091153200,Spot Improvement XV,1091153248,Kambu Bridge and Approach Roads,2630200,Capital Grants to Government Agencies and other Levels of Government,exp,39492273,33511226,49492273,62281064,86,yes
fy-2026-27-development-book-volume-ii-1091-1097,1091,State Department for Roads,1091153300,Construction of Meru Link Roads,1091153301,Construction of Meru Link Roads,2630200,Capital Grants to Government Agencies and other Levels of Government,exp,125837369,52166432,16854491,0,86,yes
fy-2026-27-development-book-volume-ii-1091-1097,1091,State Department for Roads,1091153900,GwA Kungu-Junct 463-Mutara-Nyanyuki(B22),1091153901,GwA Kungu-Junct 463-Mutara-Nyanyuki (B22),2630200,Capital Grants to Government Agencies and other Levels of Government,exp,0,250000000,200000000,0,86,yes
fy-2026-27-development-book-volume-ii-1091-1097,1091,State Department for Roads,1091154600,Construction of Makupa Causeway,1091154601,Construction of Makupa Causeway,2630200,Capital Grants to Government Agencies and other Levels of Government,exp,14815550,225553488,0,0,86,yes
fy-2026-27-development-book-volume-ii-1091-1097,1091,State Department for Roads,1091154900,Lungalunga-Kinango-Kwale (B92) DESIGN,1091154901,Lungalunga-Kinango-Kwale (B92) DESIGN,2630200,Capital Grants to Government Agencies and other Levels of Government,exp,331120738,153533775,306120738,385222255,87,yes
fy-2026-27-development-book-volume-ii-1091-1097,1091,State Department for Roads,1091156000,Tartar Junction - Kamuino,1091156001,Tartar Junction - Kamuino,2630200,Capital Grants to Government Agencies and other Levels of Government,exp,110987359,46010296,276061771,0,87,yes
fy-2026-27-development-book-volume-ii-1091-1097,1091,State Department for Roads,1091156100,Spot Improvement XVI,1091156111,Engineer-Mbiginano-Gathara/Turaga-Gathara-Kianguyu-Gwa Chem-,2630200,Capital Grants to Government Agencies and other Levels of Government,exp,259180769,258084807,234622552,49919692,87,yes
fy-2026-27-development-book-volume-ii-1091-1097,1091,State Department for Roads,1091156100,Spot Improvement XVI,1091156111,Engineer-Mbiginano-Gathara/Turaga-Gathara-Kianguyu-Gwa Chem-,5120200,Foreign Borrowing - Direct Payments,aia,259180769,258084807,234622552,49919692,87,yes
fy-2026-27-development-book-volume-ii-1091-1097,1091,State Department for Roads,1091156200,Spot Improvement XVII,1091156274,Mfangano Ring Road,2630200,Capital Grants to Government Agencies and other Levels of Government,exp,88448389,137500000,200000000,250000000,87,yes
fy-2026-27-development-book-volume-ii-1091-1097,1091,State Department for Roads,1091156500,Dualling Thika - Kenol - Marua Lot 1 (Kenol- Sagana Section),1091156501,Dualling Thika - Kenol - Marua Lot 1 (Kenol- Sagana Section),2630200,Capital Grants to Government Agencies and other Levels of Government,exp,222828629,100000000,18261350,22980078,87,yes
fy-2026-27-development-book-volume-ii-1091-1097,1091,State Department for Roads,1091156500,Dualling Thika - Kenol - Marua Lot 1 (Kenol- Sagana Section),1091156501,Dualling Thika - Kenol - Marua Lot 1 (Kenol- Sagana Section),5120200,Foreign Borrowing - Direct Payments,aia,204567279,100000000,0,0,87,yes
fy-2026-27-development-book-volume-ii-1091-1097,1091,State Department for Roads,1091156600,Dualling Thika - Kenol - Marua Lot 2 (Sagana - Marua Section Section),1091156601,Dualling Thika - Kenol - Marua Lot 2 (Sagana - Marua Section Section),2630200,Capital Grants to Government Agencies and other Levels of Government,exp,1236894858,200000000,13662253,17192576,88,yes
fy-2026-27-development-book-volume-ii-1091-1097,1091,State Department for Roads,1091156600,Dualling Thika - Kenol - Marua Lot 2 (Sagana - Marua Section Section),1091156601,Dualling Thika - Kenol - Marua Lot 2 (Sagana - Marua Section Section),5120200,Foreign Borrowing - Direct Payments,aia,1223232605,200000000,0,0,88,yes
fy-2026-27-development-book-volume-ii-1091-1097,1091,State Department for Roads,1091156700,Construction of Mau Mau Road Lot 1A (Kiambu),1091156701,Construction of Mau Mau Road Lot 1A (Kiambu),2630200,Capital Grants to Government Agencies and other Levels of Government,exp,177828806,228394358,207828806,261531714,88,yes
fy-2026-27-development-book-volume-ii-1091-1097,1091,State Department for Roads,1091156800,Construction of Mau Mau Road Lot 1B (Kiambu),1091156801,Construction of Mau Mau Road Lot 1B (Kiambu),2630200,Capital Grants to Government Agencies and other Levels of Government,exp,177094086,242064885,207094086,260607143,88,yes
fy-2026-27-development-book-volume-ii-1091-1097,1091,State Department for Roads,1091156900,Construction of Mau Mau Road Lot 2 (Muranga),1091156901,Construction of Mau Mau Road Lot 2 (Muranga),2630200,Capital Grants to Government Agencies and other Levels of Government,exp,237431777,337713607,257431777,323952080,88,yes
fy-2026-27-development-book-volume-ii-1091-1097,1091,State Department for Roads,1091157000,Construction of Mau Mau Road Lot 3 ( Nyeri),1091157001,Construction of Mau Mau Road Lot 3 ( Nyeri),2630200,Capital Grants to Government Agencies and other Levels of Government,exp,175738698,248667116,205738698,258901523,88,yes
fy-2026-27-development-book-volume-ii-1091-1097,1091,State Department for Roads,1091157400,Nakuru North. Bypass Nyahururu B5 - Kabarak (B4) - A104 - Njoro,1091157401,Nakuru North. Bypass Nyahururu B5 - Kabarak (B4) - A104 - Njoro,2630200,Capital Grants to Government Agencies and other Levels of Government,exp,0,40000000,200000000,240000000,89,yes
fy-2026-27-development-book-volume-ii-1091-1097,1091,State Department for Roads,1091158800,Construction of Acacia Road- Kitengela Bypass -Phase 1,1091158801,Construction of Acacia Road- Kitengela Bypass -Phase 1,2630200,Capital Grants to Government Agencies and other Levels of Government,exp,103550296,90000000,270000000,243000000,89,yes
fy-2026-27-development-book-volume-ii-1091-1097,1091,State Department for Roads,1091159100,Upgrade of Lamu-Ijara-Garissa Road (A10) to All Weather Standard,1091159101,Upgrade of Lamu-Ijara-Garissa Road (A10) to All Weather Standard,2630200,Capital Grants to Government Agencies and other Levels of Government,exp,422414412,748042347,262414412,330222226,89,yes
fy-2026-27-development-book-volume-ii-1091-1097,1091,State Department for Roads,1091159300,Tarbaj Town Roads,1091159301,Tarbaj Town Roads,2630200,Capital Grants to Government Agencies and other Levels of Government,exp,85225648,24935625,119690999,0,89,yes
fy-2026-27-development-book-volume-ii-1091-1097,1091,State Department for Roads,1091159400,Kigumo Town Roads,1091159401,Kigumo Town Roads,2630200,Capital Grants to Government Agencies and other Levels of Government,exp,33967505,21454567,0,0,89,yes
fy-2026-27-development-book-volume-ii-1091-1097,1091,State Department for Roads,1091159600,Horn of Africa Gateway Development Project,1091159601,Headquarters,2210700,Training Expenses,exp,155520084,70000000,170000000,170000000,90,yes
fy-2026-27-development-book-volume-ii-1091-1097,1091,State Department for Roads,1091159600,Horn of Africa Gateway Development Project,1091159601,Headquarters,2211300,Other Operating Expenses,exp,150000000,50000000,150000000,150000000,90,yes
fy-2026-27-development-book-volume-ii-1091-1097,1091,State Department for Roads,1091159600,Horn of Africa Gateway Development Project,1091159601,Headquarters,3111400,"Research, Feasibility Studies, Project Preparation and Design, Project S",exp,645479916,370000000,740000000,740000000,90,yes
fy-2026-27-development-book-volume-ii-1091-1097,1091,State Department for Roads,1091159600,Horn of Africa Gateway Development Project,1091159601,Headquarters,3111500,Rehabilitation of Civil Works,exp,300000000,100000000,300000000,300000000,90,yes
fy-2026-27-development-book-volume-ii-1091-1097,1091,State Department for Roads,1091159600,Horn of Africa Gateway Development Project,1091159601,Headquarters,5120200,Foreign Borrowing - Direct Payments,aia,412000000,300000000,500000000,500000000,90,yes
fy-2026-27-development-book-volume-ii-1091-1097,1091,State Department for Roads,1091159600,Horn of Africa Gateway Development Project,1091159602,HoAGDP:Isiolo-Kula Mawe,2630200,Capital Grants to Government Agencies and other Levels of Government,exp,2499413195,1200000000,1200000000,0,90,yes
fy-2026-27-development-book-volume-ii-1091-1097,1091,State Department for Roads,1091159600,Horn of Africa Gateway Development Project,1091159602,HoAGDP:Isiolo-Kula Mawe,5120200,Foreign Borrowing - Direct Payments,aia,2381257681,1100000000,1000000000,0,90,yes
fy-2026-27-development-book-volume-ii-1091-1097,1091,State Department for Roads,1091159600,Horn of Africa Gateway Development Project,1091159603,HOAGDP:Kula Mawe-Modogashe,2630200,Capital Grants to Government Agencies and other Levels of Government,exp,3017302394,1200000000,1200000000,0,90,yes
fy-2026-27-development-book-volume-ii-1091-1097,1091,State Department for Roads,1091159600,Horn of Africa Gateway Development Project,1091159603,HOAGDP:Kula Mawe-Modogashe,5120200,Foreign Borrowing - Direct Payments,aia,2899146880,1100000000,1000000000,0,90,yes
fy-2026-27-development-book-volume-ii-1091-1097,1091,State Department for Roads,1091159600,Horn of Africa Gateway Development Project,1091159604,HOAGDP:Wajir-Tarbaj,2630200,Capital Grants to Government Agencies and other Levels of Government,exp,1762735717,820000000,2510197323,2692832309,90,yes
fy-2026-27-development-book-volume-ii-1091-1097,1091,State Department for Roads,1091159600,Horn of Africa Gateway Development Project,1091159604,HOAGDP:Wajir-Tarbaj,5120200,Foreign Borrowing - Direct Payments,aia,1704538394,700000000,2300000000,2500000000,90,yes
fy-2026-27-development-book-volume-ii-1091-1097,1091,State Department for Roads,1091159600,Horn of Africa Gateway Development Project,1091159605,HOAGDP:Tarbaj-Kotulo,2630200,Capital Grants to Government Agencies and other Levels of Government,exp,1857106407,870000000,2610197323,2692832309,90,yes
fy-2026-27-development-book-volume-ii-1091-1097,1091,State Department for Roads,1091159600,Horn of Africa Gateway Development Project,1091159605,HOAGDP:Tarbaj-Kotulo,5120200,Foreign Borrowing - Direct Payments,aia,1798909084,750000000,2400000000,2500000000,90,yes
fy-2026-27-development-book-volume-ii-1091-1097,1091,State Department for Roads,1091159600,Horn of Africa Gateway Development Project,1091159607,HOAGDP:Kotulo-Kobo,2630200,Capital Grants to Government Agencies and other Levels of Government,exp,1075503132,720000000,2110197323,1826543255,90,yes
fy-2026-27-development-book-volume-ii-1091-1097,1091,State Department for Roads,1091159600,Horn of Africa Gateway Development Project,1091159607,HOAGDP:Kotulo-Kobo,5120200,Foreign Borrowing - Direct Payments,aia,1017305809,700000000,2100000000,1813710946,90,yes
fy-2026-27-development-book-volume-ii-1091-1097,1091,State Department for Roads,1091159600,Horn of Africa Gateway Development Project,1091159608,HOAGDP:Kobo-Elwak,2630200,Capital Grants to Government Agencies and other Levels of Government,exp,1097039475,720000000,2010197323,1535119337,91,yes
fy-2026-27-development-book-volume-ii-1091-1097,1091,State Department for Roads,1091159600,Horn of Africa Gateway Development Project,1091159608,HOAGDP:Kobo-Elwak,5120200,Foreign Borrowing - Direct Payments,aia,1038842152,700000000,2000000000,1522287028,91,yes
fy-2026-27-development-book-volume-ii-1091-1097,1091,State Department for Roads,1091159600,Horn of Africa Gateway Development Project,1091159609,HOAGDP:Upgrading of roads Adjoining Meru town,2630200,Capital Grants to Government Agencies and other Levels of Government,exp,359717323,120000000,1010197323,2012832309,91,yes
fy-2026-27-development-book-volume-ii-1091-1097,1091,State Department for Roads,1091159600,Horn of Africa Gateway Development Project,1091159609,HOAGDP:Upgrading of roads Adjoining Meru town,5120100,Foreign Borrowing - Drawdowns Through Exchequer,aia,300000000,100000000,1000000000,2000000000,91,yes
fy-2026-27-development-book-volume-ii-1091-1097,1091,State Department for Roads,1091159600,Horn of Africa Gateway Development Project,1091159610,Technical Capacity Assistance Programme KeNHA,2630200,Capital Grants to Government Agencies and other Levels of Government,exp,502377880,100000000,2050000000,500000000,91,yes
fy-2026-27-development-book-volume-ii-1091-1097,1091,State Department for Roads,1091159600,Horn of Africa Gateway Development Project,1091159610,Technical Capacity Assistance Programme KeNHA,5120200,Foreign Borrowing - Direct Payments,aia,0,0,1450000000,0,91,yes
fy-2026-27-development-book-volume-ii-1091-1097,1091,State Department for Roads,1091159600,Horn of Africa Gateway Development Project,1091159613,Land Compensation & Relocation: Horn of Africa Gateway Project,2630200,Capital Grants to Government Agencies and other Levels of Government,exp,478480000,100000000,2270000000,1050000000,91,yes
fy-2026-27-development-book-volume-ii-1091-1097,1091,State Department for Roads,1091159600,Horn of Africa Gateway Development Project,1091159614,Modogashe-Habasweini-Samatar-Rhamu-Mandera Road,2630200,Capital Grants to Government Agencies and other Levels of Government,exp,4093106806,1000000000,0,0,91,yes
fy-2026-27-development-book-volume-ii-1091-1097,1091,State Department for Roads,1091159600,Horn of Africa Gateway Development Project,1091159614,Modogashe-Habasweini-Samatar-Rhamu-Mandera Road,5120200,Foreign Borrowing - Direct Payments,aia,0,1000000000,0,0,91,yes
fy-2026-27-development-book-volume-ii-1091-1097,1091,State Department for Roads,1091159800,Isiolo Town Roads,1091159801,Isiolo Town Roads,2630200,Capital Grants to Government Agencies and other Levels of Government,exp,101141352,41928591,54804072,0,91,yes
fy-2026-27-development-book-volume-ii-1091-1097,1091,State Department for Roads,1091160100,Maintenance of KIHBT Main campus grounds,1091160101,Maintenance of KIHBT Main campus grounds,2220200,Routine Maintenance - Other Assets,exp,5000000,5000000,5000000,5000000,91,yes
fy-2026-27-development-book-volume-ii-1091-1097,1091,State Department for Roads,1091160400,Construction of Classrooms -KIHBT -Main Campus,1091160401,Construction of Classrooms -KIHBT -Main Campus,3110200,Construction of Building,exp,30640581,41000000,35000000,55000000,92,yes
fy-2026-27-development-book-volume-ii-1091-1097,1091,State Department for Roads,1091160500,Construction of Hostel -KIHBT -Main campus,1091160501,Construction of Hostel -KIHBT -Main campus,3110200,Construction of Building,exp,27600415,60000000,50000000,70000000,92,yes
fy-2026-27-development-book-volume-ii-1091-1097,1091,State Department for Roads,1091160800,Extension of Suna-Kehancha-Mulot(BI),1091160801,Extension of Suna-Kehancha-Mulot(BI),2630200,Capital Grants to Government Agencies and other Levels of Government,exp,0,112600000,100000000,0,92,yes
fy-2026-27-development-book-volume-ii-1091-1097,1091,State Department for Roads,1091160900,Wikililye-Kathukini-Kwa Muli-Nzukini-mbumbuni,1091160901,Wikililye-Kathukini-Kwa Muli-Nzukini-mbumbuni,2630200,Capital Grants to Government Agencies and other Levels of Government,exp,194030794,114909021,324030794,423961804,92,yes
fy-2026-27-development-book-volume-ii-1091-1097,1091,State Department for Roads,1091161000,C509 Kiandongoro Forest Gate-Mutubio Forest Gate,1091161001,C509 Kiandongoro Forest Gate-Mutubio Forest Gate,2630200,Capital Grants to Government Agencies and other Levels of Government,exp,1332065,195000000,200000000,0,92,yes
fy-2026-27-development-book-volume-ii-1091-1097,1091,State Department for Roads,1091161200,Abardare Forest-Njoguini-kingongo-Kiganjo(B111),1091161201,Abardare Forest-Njoguini-kingongo-Kiganjo(B111),2630200,Capital Grants to Government Agencies and other Levels of Government,exp,838810,184189146,200000000,0,93,yes
fy-2026-27-development-book-volume-ii-1091-1097,1091,State Department for Roads,1091161300,Dualling of Ngong Phase IV-Karen Junction-Ngong Town,1091161301,Dualling of Ngong Phase IV-Karen Junction-Ngong Town,2630200,Capital Grants to Government Agencies and other Levels of Government,exp,0,150000000,100000000,400000000,93,yes
fy-2026-27-development-book-volume-ii-1091-1097,1091,State Department for Roads,1091161400,Dualling of Limuru Road Phase 1,1091161401,Dualling of Limuru Road Phase 2,2630200,Capital Grants to Government Agencies and other Levels of Government,exp,0,90000000,100000000,270000000,93,yes
fy-2026-27-development-book-volume-ii-1091-1097,1091,State Department for Roads,1091161500,Nairobi ITS Establishment & Junctions Improvement Project II,1091161501,Nairobi ITS Establishment & Junctions Improvement Project II,2630200,Capital Grants to Government Agencies and other Levels of Government,exp,347959946,1101663816,1350000000,1250000000,93,yes
fy-2026-27-development-book-volume-ii-1091-1097,1091,State Department for Roads,1091161500,Nairobi ITS Establishment & Junctions Improvement Project II,1091161501,Nairobi ITS Establishment & Junctions Improvement Project II,5120200,Foreign Borrowing - Direct Payments,aia,300000000,1017000000,1200000000,1000000000,93,yes
fy-2026-27-development-book-volume-ii-1091-1097,1091,State Department for Roads,1091161600,Establishment of Bus Rapid Transit Line 5 Project-Nairobi-BETA,1091161601,Establishment of Bus Rapid Transit Line 5 Project-Nairobi,2630200,Capital Grants to Government Agencies and other Levels of Government,exp,194689776,1079766052,1400000000,1200000000,93,yes
fy-2026-27-development-book-volume-ii-1091-1097,1091,State Department for Roads,1091161600,Establishment of Bus Rapid Transit Line 5 Project-Nairobi-BETA,1091161601,Establishment of Bus Rapid Transit Line 5 Project-Nairobi,5120200,Foreign Borrowing - Direct Payments,aia,165000000,1000000000,1200000000,1000000000,93,yes
fy-2026-27-development-book-volume-ii-1091-1097,1091,State Department for Roads,1091161700,Masalani - Kotile - Gamba - Malindi Road,1091161701,Masalani - Kotile - Gamba - Malindi Road,2630200,Capital Grants to Government Agencies and other Levels of Government,exp,11963702,0,0,0,94,yes
fy-2026-27-development-book-volume-ii-1091-1097,1091,State Department for Roads,1091161900,Spot Improvement XXIII,1091161915,Turkwel/Nakwijit Bridge,2630200,Capital Grants to Government Agencies and other Levels of Government,exp,17614281,0,0,0,94,yes
fy-2026-27-development-book-volume-ii-1091-1097,1091,State Department for Roads,1091161900,Spot Improvement XXIII,1091161916,Makutano-konyao-kiwawa-Alale,2630200,Capital Grants to Government Agencies and other Levels of Government,exp,93263366,113874973,71712257,185623025,94,yes
fy-2026-27-development-book-volume-ii-1091-1097,1091,State Department for Roads,1091161900,Spot Improvement XXIII,1091161918,Sigor-Tamkal,2630200,Capital Grants to Government Agencies and other Levels of Government,exp,114944380,94301769,104337999,265245362,94,yes
fy-2026-27-development-book-volume-ii-1091-1097,1091,State Department for Roads,1091161900,Spot Improvement XXIII,1091161937,Mercy Njeri - Mangu - Rongai,2630200,Capital Grants to Government Agencies and other Levels of Government,exp,75711278,40306024,0,0,94,yes
fy-2026-27-development-book-volume-ii-1091-1097,1091,State Department for Roads,1091161900,Spot Improvement XXIII,1091161938,Kiti Murunyu - Kithioro,2630200,Capital Grants to Government Agencies and other Levels of Government,exp,13861732,28394097,0,0,94,yes
fy-2026-27-development-book-volume-ii-1091-1097,1091,State Department for Roads,1091161900,Spot Improvement XXIII,1091161940,Sipili Olmoran Road,2630200,Capital Grants to Government Agencies and other Levels of Government,exp,1587685,34863003,8996074,17151180,94,yes
fy-2026-27-development-book-volume-ii-1091-1097,1091,State Department for Roads,1091161900,Spot Improvement XXIII,1091161941,Naibor - Illpolei,2630200,Capital Grants to Government Agencies and other Levels of Government,exp,11171282,29831878,166958252,278847452,94,yes
fy-2026-27-development-book-volume-ii-1091-1097,1091,State Department for Roads,1091161900,Spot Improvement XXIII,1091161944,Rehabilitation of Mutunduri Manyatta Kianjokoma,2630200,Capital Grants to Government Agencies and other Levels of Government,exp,0,17618595,0,0,95,yes
fy-2026-27-development-book-volume-ii-1091-1097,1091,State Department for Roads,1091161900,Spot Improvement XXIII,1091161946,Gachocho-Ngonda,2630200,Capital Grants to Government Agencies and other Levels of Government,exp,0,21149508,0,0,95,yes
fy-2026-27-development-book-volume-ii-1091-1097,1091,State Department for Roads,1091161900,Spot Improvement XXIII,1091161947,Kimilili - Bokoli - Bungoma,2630200,Capital Grants to Government Agencies and other Levels of Government,exp,143154890,29622803,161439644,0,95,yes
fy-2026-27-development-book-volume-ii-1091-1097,1091,State Department for Roads,1091161900,Spot Improvement XXIII,1091161949,Malava - Ikoli - Kimaeti,2630200,Capital Grants to Government Agencies and other Levels of Government,exp,16699110,27117632,0,0,95,yes
fy-2026-27-development-book-volume-ii-1091-1097,1091,State Department for Roads,1091161900,Spot Improvement XXIII,1091161952,Awach Bridge,2630200,Capital Grants to Government Agencies and other Levels of Government,exp,2589361,2842910,0,0,95,yes
fy-2026-27-development-book-volume-ii-1091-1097,1091,State Department for Roads,1091162000,Spot Improvement XXIV,1091162039,Kaseve-Muthwani,2630200,Capital Grants to Government Agencies and other Levels of Government,exp,0,9860001,0,0,95,yes
fy-2026-27-development-book-volume-ii-1091-1097,1091,State Department for Roads,1091162400,Spot Improvement XXVIII,1091162498,Marindi - Magina - Pala Koguta/ Riat - Konyango Rabuor,2630200,Capital Grants to Government Agencies and other Levels of Government,exp,84635438,169814881,200972761,221365652,95,yes
fy-2026-27-development-book-volume-ii-1091-1097,1091,State Department for Roads,1091162500,Spot Improvement XXIX,1091162521,Access Roads From Ruai Pry School - Eastern Bypass,2630200,Capital Grants to Government Agencies and other Levels of Government,exp,8280125,12000000,0,0,95,yes
fy-2026-27-development-book-volume-ii-1091-1097,1091,State Department for Roads,1091162500,Spot Improvement XXIX,1091162529,Simba Cement - St Marco Pry,2630200,Capital Grants to Government Agencies and other Levels of Government,exp,10000000,0,0,0,96,yes
fy-2026-27-development-book-volume-ii-1091-1097,1091,State Department for Roads,1091162500,Spot Improvement XXIX,1091162530,St Marco Pry - Rongai,2630200,Capital Grants to Government Agencies and other Levels of Government,exp,10000000,0,0,0,96,yes
fy-2026-27-development-book-volume-ii-1091-1097,1091,State Department for Roads,1091162600,Nairobi ITS Establishment & Junctions Improvement Project 1,1091162601,Nairobi ITS Establishment & Junctions Improvement Project 1,2630200,Capital Grants to Government Agencies and other Levels of Government,exp,1395019724,1085000000,1600000000,1200000000,96,yes
fy-2026-27-development-book-volume-ii-1091-1097,1091,State Department for Roads,1091162600,Nairobi ITS Establishment & Junctions Improvement Project 1,1091162601,Nairobi ITS Establishment & Junctions Improvement Project 1,5120200,Foreign Borrowing - Direct Payments,aia,1200000000,1000000000,1400000000,1000000000,96,yes
fy-2026-27-development-book-volume-ii-1091-1097,1091,State Department for Roads,1091163000,Critical Roads II,1091163025,G23577-Matopeni-Gathiriga,2630200,Capital Grants to Government Agencies and other Levels of Government,exp,15000000,0,0,0,96,yes
fy-2026-27-development-book-volume-ii-1091-1097,1091,State Department for Roads,1091163400,Critical Roads VI,1091163477,Upgrade of C488 Murungaru-Turasha-Kibau Road To Bitumen,2630200,Capital Grants to Government Agencies and other Levels of Government,exp,0,3000000,25500000,4500000,96,yes
fy-2026-27-development-book-volume-ii-1091-1097,1091,State Department for Roads,1091163700,Construction of Garissa-Isiolo(A10) Road to Gravel Standards,1091163701,Construction of Garissa-Isiolo(A10) Road to Gravel Standards,2630200,Capital Grants to Government Agencies and other Levels of Government,exp,354155928,472682531,324155928,307917733,96,yes
fy-2026-27-development-book-volume-ii-1091-1097,1091,State Department for Roads,1091163800,Kisumu-Miwani-Chemilil-Muhoroni Road,1091163801,Lot 1: Mamboleo Junction(A1)-Miwani Road,2630200,Capital Grants to Government Agencies and other Levels of Government,exp,218515904,259726208,258515904,325316345,97,yes
fy-2026-27-development-book-volume-ii-1091-1097,1091,State Department for Roads,1091163800,Kisumu-Miwani-Chemilil-Muhoroni Road,1091163802,Lot 2:Miwani-Chemilil Road,2630200,Capital Grants to Government Agencies and other Levels of Government,exp,225879958,248235845,265879958,361171264,97,yes
fy-2026-27-development-book-volume-ii-1091-1097,1091,State Department for Roads,1091163800,Kisumu-Miwani-Chemilil-Muhoroni Road,1091163803,Lot 3:Chemilil-Muhoroni (Kipsitet) Road,2630200,Capital Grants to Government Agencies and other Levels of Government,exp,274989113,286038386,324989113,425215669,97,yes
fy-2026-27-development-book-volume-ii-1091-1097,1091,State Department for Roads,1091164000,Shegel - Maikona and Maikona Spur Roads and Town Roads,1091164001,Shegel - Maikona and Maikona Spur Roads and Town Roads,2630200,Capital Grants to Government Agencies and other Levels of Government,exp,251560570,391837583,282560570,312086260,97,yes
fy-2026-27-development-book-volume-ii-1091-1097,1091,State Department for Roads,1091164200,Spot Improvement XXXI,1091164265,Njeri-Oriwo Rd,2630200,Capital Grants to Government Agencies and other Levels of Government,exp,0,150000000,0,0,97,yes
fy-2026-27-development-book-volume-ii-1091-1097,1091,State Department for Roads,1091164500,Upgrade to Bitumen of Eronge-Kebuse-Borabu TCC-Makara-Prince,1091164501,Upgrade to Bitumen of Eronge-Kebuse-Borabu TCC-Makara-Prince,2630200,Capital Grants to Government Agencies and other Levels of Government,exp,2119150956,613129823,557390748,118593777,97,yes
fy-2026-27-development-book-volume-ii-1091-1097,1091,State Department for Roads,1091164500,Upgrade to Bitumen of Eronge-Kebuse-Borabu TCC-Makara-Prince,1091164501,Upgrade to Bitumen of Eronge-Kebuse-Borabu TCC-Makara-Prince,5120200,Foreign Borrowing - Direct Payments,aia,2115318788,613129823,557390748,118593777,97,yes
fy-2026-27-development-book-volume-ii-1091-1097,1091,State Department for Roads,1091164900,Access Roads to Affordable Housing Facilities,1091164902,Access Roads to Shauri Moyo Housing Project,2630200,Capital Grants to Government Agencies and other Levels of Government,exp,5228645,19903020,0,0,98,yes
fy-2026-27-development-book-volume-ii-1091-1097,1091,State Department for Roads,1091164900,Access Roads to Affordable Housing Facilities,1091164903,Access Roads to Ruai Housing Project,2630200,Capital Grants to Government Agencies and other Levels of Government,exp,4074402,18487776,55463327,0,98,yes
fy-2026-27-development-book-volume-ii-1091-1097,1091,State Department for Roads,1091164900,Access Roads to Affordable Housing Facilities,1091164904,Access Roads to Mariguini Housing Project,2630200,Capital Grants to Government Agencies and other Levels of Government,exp,42139000,22944234,103249051,0,98,yes
fy-2026-27-development-book-volume-ii-1091-1097,1091,State Department for Roads,1091164900,Access Roads to Affordable Housing Facilities,1091164906,Access Roads to Kibera Housing Project,2630200,Capital Grants to Government Agencies and other Levels of Government,exp,38630698,24277819,94938532,0,98,yes
fy-2026-27-development-book-volume-ii-1091-1097,1091,State Department for Roads,1091164900,Access Roads to Affordable Housing Facilities,1091164908,Access Roads to East Africa Portland Cement Housing Project,2630200,Capital Grants to Government Agencies and other Levels of Government,exp,65375663,65742576,0,0,98,yes
fy-2026-27-development-book-volume-ii-1091-1097,1091,State Department for Roads,1091165000,Access Roads to Industrial Park Facilities,1091165001,Mombasa Road (DEVKI) - Kinanie Park/ Kinanie Leather Park,2630200,Capital Grants to Government Agencies and other Levels of Government,exp,316120348,89288958,133933436,0,98,yes
fy-2026-27-development-book-volume-ii-1091-1097,1091,State Department for Roads,1091165000,Access Roads to Industrial Park Facilities,1091165002,Mombasa Special Economic Zone Development Project(SEZ),2630200,Capital Grants to Government Agencies and other Levels of Government,exp,1000000000,600000000,900000000,2010164142,98,yes
fy-2026-27-development-book-volume-ii-1091-1097,1091,State Department for Roads,1091165000,Access Roads to Industrial Park Facilities,1091165002,Mombasa Special Economic Zone Development Project(SEZ),5120200,Foreign Borrowing - Direct Payments,aia,1000000000,600000000,900000000,2010164142,98,yes
fy-2026-27-development-book-volume-ii-1091-1097,1091,State Department for Roads,1091165100,Land Compensation and Relocation of Services- KeRRA,1091165110,Land Compensation -Dualling Kiambu Road,2630200,Capital Grants to Government Agencies and other Levels of Government,exp,0,200000000,0,0,99,yes
fy-2026-27-development-book-volume-ii-1091-1097,1091,State Department for Roads,1091165300,Construction and Equipping of Modern Kitchen-Kisii Campus,1091165301,Construction and Equipping of Modern Kitchen-Kisii Campus,3110500,Construction and Civil Works,exp,15000000,20000000,22000000,30000000,99,yes
fy-2026-27-development-book-volume-ii-1091-1097,1091,State Department for Roads,1091165500,JICA/GOK Social Development Initiative-KIBHIT Main Campus,1091165501,JICA/GOK Social Development Initiative-KIBHIT Main Campus,2210700,Training Expenses,exp,3908552,0,0,0,99,yes
fy-2026-27-development-book-volume-ii-1091-1097,1091,State Department for Roads,1091166200,Samatar - Wajir,1091166201,Samatar - Wajir,2630200,Capital Grants to Government Agencies and other Levels of Government,exp,36366221,475000000,1210366221,4513044850,99,yes
fy-2026-27-development-book-volume-ii-1091-1097,1091,State Department for Roads,1091166200,Samatar - Wajir,1091166201,Samatar - Wajir,5120200,Foreign Borrowing - Direct Payments,aia,35000000,450000000,1200000000,4500000000,99,yes
fy-2026-27-development-book-volume-ii-1091-1097,1091,State Department for Roads,1091166700,Public Participation Roads III,1091166710,Konyango Rabuor - Wachara,2630200,Capital Grants to Government Agencies and other Levels of Government,exp,0,150000000,0,0,99,yes
fy-2026-27-development-book-volume-ii-1091-1097,1091,State Department for Roads,1091167200,Upgrading of Elwak -Rhamu Project,1091167201,Upgrading of Elwak -Rhamu Project,2630200,Capital Grants to Government Agencies and other Levels of Government,exp,1405464882,620000000,3020464882,3025753003,100,yes
fy-2026-27-development-book-volume-ii-1091-1097,1091,State Department for Roads,1091167200,Upgrading of Elwak -Rhamu Project,1091167201,Upgrading of Elwak -Rhamu Project,5120200,Foreign Borrowing - Direct Payments,aia,1400000000,600000000,3000000000,3000000000,100,yes
fy-2026-27-development-book-volume-ii-1091-1097,1091,State Department for Roads,1091167300,Spot Improvement XXXIII,1091167305,Cheposmai - Kasisim - Kayap - Tokolto - Kaprom - Sakat,2630200,Capital Grants to Government Agencies and other Levels of Government,exp,0,1325357,0,0,100,yes
fy-2026-27-development-book-volume-ii-1091-1097,1091,State Department for Roads,1091168000,Spot Improvement XXXV,1091168082,Kimorori - St Michael -Rurii,2630200,Capital Grants to Government Agencies and other Levels of Government,exp,8280125,0,0,0,100,yes
fy-2026-27-development-book-volume-ii-1091-1097,1091,State Department for Roads,1091168100,Spot Improvement XXXVI,1091168193,Nyalilbei - Ngeny - Lower Moiben - Ngeny Segere 20Kms,2630200,Capital Grants to Government Agencies and other Levels of Government,exp,0,160350000,160350000,0,100,yes
fy-2026-27-development-book-volume-ii-1091-1097,1091,State Department for Roads,1091168100,Spot Improvement XXXVI,1091168194,Jabali - Saos - Moisbridge 9Kms,2630200,Capital Grants to Government Agencies and other Levels of Government,exp,0,31518834,20732689,63037668,100,yes
fy-2026-27-development-book-volume-ii-1091-1097,1091,State Department for Roads,1091168200,Critical Roads Interventions,1091168208,Completion of Itaru - Kayuyu Bridge,2630200,Capital Grants to Government Agencies and other Levels of Government,exp,0,9712282,41277196,104407024,100,yes
fy-2026-27-development-book-volume-ii-1091-1097,1091,State Department for Roads,1091168200,Critical Roads Interventions,1091168223,Kibugua - Magenka - Itugururu,2630200,Capital Grants to Government Agencies and other Levels of Government,exp,0,29280353,30356140,58560705,101,yes
fy-2026-27-development-book-volume-ii-1091-1097,1091,State Department for Roads,1091168200,Critical Roads Interventions,1091168245,Rukuriri - Kathageri - Kanyuambora,2630200,Capital Grants to Government Agencies and other Levels of Government,exp,102939432,25765239,77267112,49933033,101,yes
fy-2026-27-development-book-volume-ii-1091-1097,1091,State Department for Roads,1091168400,Public Participation Roads V,1091168460,Malava Samisi Road,2630200,Capital Grants to Government Agencies and other Levels of Government,exp,123827745,81599662,120396788,128466329,101,yes
fy-2026-27-development-book-volume-ii-1091-1097,1091,State Department for Roads,1091168800,Rural Roads Murramming II,1091168808,Kasivuni - Ikesemei,2630200,Capital Grants to Government Agencies and other Levels of Government,exp,8280125,0,0,0,101,yes
fy-2026-27-development-book-volume-ii-1091-1097,1091,State Department for Roads,1091168800,Rural Roads Murramming II,1091168877,Holly Land- Rosper- Makaburi,2630200,Capital Grants to Government Agencies and other Levels of Government,exp,8280125,0,0,0,101,yes
fy-2026-27-development-book-volume-ii-1091-1097,1091,State Department for Roads,1091168800,Rural Roads Murramming II,1091168878,Maramba- Varsity- Highland,2630200,Capital Grants to Government Agencies and other Levels of Government,exp,8280125,0,0,0,101,yes
fy-2026-27-development-book-volume-ii-1091-1097,1091,State Department for Roads,1091169500,Land Compensation & Relocation of Services,1091169561,Land Compensation :Improvement of Kenyatta Road LR 13136/10,2630200,Capital Grants to Government Agencies and other Levels of Government,exp,0,93949887,0,0,101,yes
fy-2026-27-development-book-volume-ii-1091-1097,1091,State Department for Roads,1091169500,Land Compensation & Relocation of Services,1091169562,Relocation of Fiber Cable (PPP Nairobi To Nakuru),2630200,Capital Grants to Government Agencies and other Levels of Government,exp,0,103494283,0,0,102,yes
fy-2026-27-development-book-volume-ii-1091-1097,1091,State Department for Roads,1091169500,Land Compensation & Relocation of Services,1091169573,Court Award :Mihuti-Wanjerere-Githiga-Kibutha-Kanyenyaini -,2630200,Capital Grants to Government Agencies and other Levels of Government,exp,0,110439000,0,0,102,yes
fy-2026-27-development-book-volume-ii-1091-1097,1091,State Department for Roads,1091169500,Land Compensation & Relocation of Services,1091169574,Court Award :CMCC ELC 211 OF 2017 Maua-Kanuni Road (D482),2630200,Capital Grants to Government Agencies and other Levels of Government,exp,0,11091581,0,0,102,yes
fy-2026-27-development-book-volume-ii-1091-1097,1091,State Department for Roads,1091169500,Land Compensation & Relocation of Services,1091169575,Court Award :MUKURWEINI MCC ELC 09 OF 2020-Thangathi-,2630200,Capital Grants to Government Agencies and other Levels of Government,exp,0,2500000,0,0,102,yes
fy-2026-27-development-book-volume-ii-1091-1097,1091,State Department for Roads,1091169500,Land Compensation & Relocation of Services,1091169576,Court Award :HCCOMMARB/E054/ Kyeni- Chuka -Kaanwa-Kareni,2630200,Capital Grants to Government Agencies and other Levels of Government,exp,0,188232176,0,0,102,yes
fy-2026-27-development-book-volume-ii-1091-1097,1091,State Department for Roads,1091169500,Land Compensation & Relocation of Services,1091169577,LAPFUND compensation Nairobi Expressway,2630200,Capital Grants to Government Agencies and other Levels of Government,exp,650000000,0,0,0,102,yes
fy-2026-27-development-book-volume-ii-1091-1097,1091,State Department for Roads,1091169800,Spot Improvement XXXVII,1091169805,Ingotse Junct - Lukume Road,2630200,Capital Grants to Government Agencies and other Levels of Government,exp,0,15000000,0,0,102,yes
fy-2026-27-development-book-volume-ii-1091-1097,1091,State Department for Roads,1091169800,Spot Improvement XXXVII,1091169806,E7309 Maili Saba-Karunga-Forest Gate,2630200,Capital Grants to Government Agencies and other Levels of Government,exp,15111948,2537506,21272972,0,102,yes
fy-2026-27-development-book-volume-ii-1091-1097,1091,State Department for Roads,1091169800,Spot Improvement XXXVII,1091169807,E7173 Maili Sita-Kabatini,2630200,Capital Grants to Government Agencies and other Levels of Government,exp,0,9230039,0,0,102,yes
fy-2026-27-development-book-volume-ii-1091-1097,1091,State Department for Roads,1091169800,Spot Improvement XXXVII,1091169890,Mjanaheri-Ngomeni Link Road,2630200,Capital Grants to Government Agencies and other Levels of Government,exp,0,2218000,18853000,3327000,102,yes
fy-2026-27-development-book-volume-ii-1091-1097,1091,State Department for Roads,1091169900,Low Volume Seals LVSR II,1091169901,Mahiga Primary School-Ol Moran Centre Road,2630200,Capital Grants to Government Agencies and other Levels of Government,exp,17367241,31144943,0,0,103,yes
fy-2026-27-development-book-volume-ii-1091-1097,1091,State Department for Roads,1091169900,Low Volume Seals LVSR II,1091169902,Moiben Lolkinyei (Kipsigak) C635,2630200,Capital Grants to Government Agencies and other Levels of Government,exp,20090293,16900854,0,0,103,yes
fy-2026-27-development-book-volume-ii-1091-1097,1091,State Department for Roads,1091169900,Low Volume Seals LVSR II,1091169904,Kanorero Bridge And Approach Roads,2630200,Capital Grants to Government Agencies and other Levels of Government,exp,2556429,2806754,28067532,0,103,yes
fy-2026-27-development-book-volume-ii-1091-1097,1091,State Department for Roads,1091169900,Low Volume Seals LVSR II,1091169906,Kiamanyekini Bridge And Approach Roads,2630200,Capital Grants to Government Agencies and other Levels of Government,exp,2770863,3042185,21110543,0,103,yes
fy-2026-27-development-book-volume-ii-1091-1097,1091,State Department for Roads,1091169900,Low Volume Seals LVSR II,1091169907,Chebibi Bridge And Approach Roads,2630200,Capital Grants to Government Agencies and other Levels of Government,exp,0,3442806,0,0,103,yes
fy-2026-27-development-book-volume-ii-1091-1097,1091,State Department for Roads,1091169900,Low Volume Seals LVSR II,1091169908,Gaikungu Bridge And Approach Roads,2630200,Capital Grants to Government Agencies and other Levels of Government,exp,2972433,3263492,24856200,889409,103,yes
fy-2026-27-development-book-volume-ii-1091-1097,1091,State Department for Roads,1091169900,Low Volume Seals LVSR II,1091169909,Shofco - Mabatini Bridge,2630200,Capital Grants to Government Agencies and other Levels of Government,exp,0,1938028,0,0,103,yes
fy-2026-27-development-book-volume-ii-1091-1097,1091,State Department for Roads,1091169900,Low Volume Seals LVSR II,1091169910,Karimenu Bridge On Gatukuyu Makwa Ngethu Road,2630200,Capital Grants to Government Agencies and other Levels of Government,exp,0,33901725,14408234,2542630,103,yes
fy-2026-27-development-book-volume-ii-1091-1097,1091,State Department for Roads,1091169900,Low Volume Seals LVSR II,1091169911,Ntugi - Machaka - Mujujune Road,2630200,Capital Grants to Government Agencies and other Levels of Government,exp,11802866,12958597,32422260,0,103,yes
fy-2026-27-development-book-volume-ii-1091-1097,1091,State Department for Roads,1091169900,Low Volume Seals LVSR II,1091169912,Hara - Korisa (C-255) Road,2630200,Capital Grants to Government Agencies and other Levels of Government,exp,21564782,0,0,0,104,yes
fy-2026-27-development-book-volume-ii-1091-1097,1091,State Department for Roads,1091169900,Low Volume Seals LVSR II,1091169913,Access To Kagumo Teachers College Road,2630200,Capital Grants to Government Agencies and other Levels of Government,exp,0,1348002,0,0,104,yes
fy-2026-27-development-book-volume-ii-1091-1097,1091,State Department for Roads,1091169900,Low Volume Seals LVSR II,1091169914,Stendkisa-Luanda Road,2630200,Capital Grants to Government Agencies and other Levels of Government,exp,15131530,25396555,50793109,112844159,104,yes
fy-2026-27-development-book-volume-ii-1091-1097,1091,State Department for Roads,1091169900,Low Volume Seals LVSR II,1091169915,Jct E2222 Kiunyu - Muteria Primary School - Chania Frontiers Jct B20,2630200,Capital Grants to Government Agencies and other Levels of Government,exp,0,20826435,0,0,104,yes
fy-2026-27-development-book-volume-ii-1091-1097,1091,State Department for Roads,1091169900,Low Volume Seals LVSR II,1091169916,Maraba Bridge,2630200,Capital Grants to Government Agencies and other Levels of Government,exp,0,17100821,7267849,1282562,104,yes
fy-2026-27-development-book-volume-ii-1091-1097,1091,State Department for Roads,1091169900,Low Volume Seals LVSR II,1091169917,Kiunyu-Muteria Pry-Chania,2630200,Capital Grants to Government Agencies and other Levels of Government,exp,0,20826435,0,0,104,yes
fy-2026-27-development-book-volume-ii-1091-1097,1091,State Department for Roads,1091169900,Low Volume Seals LVSR II,1091169921,Gikambura - Southern Bypass Underpass,2630200,Capital Grants to Government Agencies and other Levels of Government,exp,5515897,0,0,0,104,yes
fy-2026-27-development-book-volume-ii-1091-1097,1091,State Department for Roads,1091169900,Low Volume Seals LVSR II,1091169924,Jnct Roimen - Roimen Police - Kiserian,2630200,Capital Grants to Government Agencies and other Levels of Government,exp,0,9736112,0,0,104,yes
fy-2026-27-development-book-volume-ii-1091-1097,1091,State Department for Roads,1091169900,Low Volume Seals LVSR II,1091169927,Turbo Bridge and Access Roads,2630200,Capital Grants to Government Agencies and other Levels of Government,exp,20410210,4481754,23853404,0,104,yes
fy-2026-27-development-book-volume-ii-1091-1097,1091,State Department for Roads,1091169900,Low Volume Seals LVSR II,1091169929,Makutano - Kapcherop - Kapyego,2630200,Capital Grants to Government Agencies and other Levels of Government,exp,0,4800000,24000000,48000000,104,yes
fy-2026-27-development-book-volume-ii-1091-1097,1091,State Department for Roads,1091169900,Low Volume Seals LVSR II,1091169930,Kapsaos - Kipkenyo- Aturei -Tuiyo,2630200,Capital Grants to Government Agencies and other Levels of Government,exp,23699737,5079669,13587003,0,104,yes
fy-2026-27-development-book-volume-ii-1091-1097,1091,State Department for Roads,1091169900,Low Volume Seals LVSR II,1091169931,Chobe - Kambi George- Weru - Matundura & Muti-ini - Thindi,2630200,Capital Grants to Government Agencies and other Levels of Government,exp,246655490,123928554,291428427,300201565,105,yes
fy-2026-27-development-book-volume-ii-1091-1097,1091,State Department for Roads,1091169900,Low Volume Seals LVSR II,1091169932,Taraganya - Senta- Ntimaru & Nyamatiro - Kegonga,2630200,Capital Grants to Government Agencies and other Levels of Government,exp,18216274,1499677,0,0,105,yes
fy-2026-27-development-book-volume-ii-1091-1097,1091,State Department for Roads,1091169900,Low Volume Seals LVSR II,1091169933,Ngeria - Platteau,2630200,Capital Grants to Government Agencies and other Levels of Government,exp,20962231,2301484,0,0,105,yes
fy-2026-27-development-book-volume-ii-1091-1097,1091,State Department for Roads,1091169900,Low Volume Seals LVSR II,1091169934,Mwachon ICT Access Road,2630200,Capital Grants to Government Agencies and other Levels of Government,exp,9315458,0,0,0,105,yes
fy-2026-27-development-book-volume-ii-1091-1097,1091,State Department for Roads,1091169900,Low Volume Seals LVSR II,1091169937,Igoji(KK)-Mworoga-Maraa-Mitunguu Road,2630200,Capital Grants to Government Agencies and other Levels of Government,exp,30000000,0,0,0,105,yes
fy-2026-27-development-book-volume-ii-1091-1097,1091,State Department for Roads,1091169900,Low Volume Seals LVSR II,1091169938,Magana Flowers-Springs Connector,2630200,Capital Grants to Government Agencies and other Levels of Government,exp,0,3261804,0,0,105,yes
fy-2026-27-development-book-volume-ii-1091-1097,1091,State Department for Roads,1091169900,Low Volume Seals LVSR II,1091169939,Rehabilitation of Kolobot Vented Structure& Approach Roads,2630200,Capital Grants to Government Agencies and other Levels of Government,exp,2034847,2144259,0,0,105,yes
fy-2026-27-development-book-volume-ii-1091-1097,1091,State Department for Roads,1091169900,Low Volume Seals LVSR II,1091169940,Jnct B115 Tatu City -Junct B116 (Oaklands) Road,2630200,Capital Grants to Government Agencies and other Levels of Government,exp,0,7713979,0,0,105,yes
fy-2026-27-development-book-volume-ii-1091-1097,1091,State Department for Roads,1091169900,Low Volume Seals LVSR II,1091169941,Improvement of Cess-Rekeke-Lake Jipe C908,2630200,Capital Grants to Government Agencies and other Levels of Government,exp,317875063,230893595,209903268,44660270,105,yes
fy-2026-27-development-book-volume-ii-1091-1097,1091,State Department for Roads,1091169900,Low Volume Seals LVSR II,1091169941,Improvement of Cess-Rekeke-Lake Jipe C908,5120200,Foreign Borrowing - Direct Payments,aia,202568901,230893595,209903268,44660270,105,yes
fy-2026-27-development-book-volume-ii-1091-1097,1091,State Department for Roads,1091169900,Low Volume Seals LVSR II,1091169944,Githambo Junction - Githiga Road,2630200,Capital Grants to Government Agencies and other Levels of Government,exp,0,9848578,125757419,25352948,105,yes
fy-2026-27-development-book-volume-ii-1091-1097,1091,State Department for Roads,1091169900,Low Volume Seals LVSR II,1091169945,Kahatia - Theri - Nduruini,2630200,Capital Grants to Government Agencies and other Levels of Government,exp,0,9712282,83536783,73243151,106,yes
fy-2026-27-development-book-volume-ii-1091-1097,1091,State Department for Roads,1091169900,Low Volume Seals LVSR II,1091169946,Gaithega - Gituri Road,2630200,Capital Grants to Government Agencies and other Levels of Government,exp,0,13082016,89046511,63382368,106,yes
fy-2026-27-development-book-volume-ii-1091-1097,1091,State Department for Roads,1091169900,Low Volume Seals LVSR II,1091169947,Wangai - Karugu Road,2630200,Capital Grants to Government Agencies and other Levels of Government,exp,0,3568246,0,0,106,yes
fy-2026-27-development-book-volume-ii-1091-1097,1091,State Department for Roads,1091169900,Low Volume Seals LVSR II,1091169952,Ndunyu - Mahiga - Kagere,2630200,Capital Grants to Government Agencies and other Levels of Government,exp,0,1004664,0,0,106,yes
fy-2026-27-development-book-volume-ii-1091-1097,1091,State Department for Roads,1091169900,Low Volume Seals LVSR II,1091169953,Kagere - Gacami - Thuti River,2630200,Capital Grants to Government Agencies and other Levels of Government,exp,0,14214899,6253979,0,106,yes
fy-2026-27-development-book-volume-ii-1091-1097,1091,State Department for Roads,1091169900,Low Volume Seals LVSR II,1091169954,Mucharage - Kariki,2630200,Capital Grants to Government Agencies and other Levels of Government,exp,0,18892378,8029261,1416929,106,yes
fy-2026-27-development-book-volume-ii-1091-1097,1091,State Department for Roads,1091169900,Low Volume Seals LVSR II,1091169956,Kariki - Gitandara -Gatugi -Kagumo - Gaikundo,2630200,Capital Grants to Government Agencies and other Levels of Government,exp,0,12420491,6000000,0,106,yes
fy-2026-27-development-book-volume-ii-1091-1097,1091,State Department for Roads,1091169900,Low Volume Seals LVSR II,1091169958,Mulot Central - Enelai - Emarti - Kapolesho,2630200,Capital Grants to Government Agencies and other Levels of Government,exp,16396769,36004660,7558073,10444258,106,yes
fy-2026-27-development-book-volume-ii-1091-1097,1091,State Department for Roads,1091169900,Low Volume Seals LVSR II,1091169977,"Talket market roads, Elgeyo Border Town, Uasin Gishu (3km)",2630200,Capital Grants to Government Agencies and other Levels of Government,exp,21960582,2411095,21960582,0,106,yes
fy-2026-27-development-book-volume-ii-1091-1097,1091,State Department for Roads,1091169900,Low Volume Seals LVSR II,1091169978,"Bandaptai street 1km, Eldoret",2630200,Capital Grants to Government Agencies and other Levels of Government,exp,12501392,3872552,10197255,0,106,yes
fy-2026-27-development-book-volume-ii-1091-1097,1091,State Department for Roads,1091169900,Low Volume Seals LVSR II,1091169979,Iten- Milimani- mororia-Kiptabus - 3km,2630200,Capital Grants to Government Agencies and other Levels of Government,exp,17130843,3637500,36374995,0,107,yes
fy-2026-27-development-book-volume-ii-1091-1097,1091,State Department for Roads,1091169900,Low Volume Seals LVSR II,1091169980,Lot 2 :Kabartonjo-Kipsaraman-K.Arror (Kipsaramam-Kinyach,2630200,Capital Grants to Government Agencies and other Levels of Government,exp,864321536,758279994,675619952,140401782,107,yes
fy-2026-27-development-book-volume-ii-1091-1097,1091,State Department for Roads,1091169900,Low Volume Seals LVSR II,1091169980,Lot 2 :Kabartonjo-Kipsaraman-K.Arror (Kipsaramam-Kinyach,5120200,Foreign Borrowing - Direct Payments,aia,851488844,758279994,675619952,140401782,107,yes
fy-2026-27-development-book-volume-ii-1091-1097,1091,State Department for Roads,1091169900,Low Volume Seals LVSR II,1091169981,Lot 2 :Timboroa Jnc A104-Miteitei-Kopere (Kaiboi-Kapkatembo,2630200,Capital Grants to Government Agencies and other Levels of Government,exp,828630799,861807236,783461124,106693857,107,yes
fy-2026-27-development-book-volume-ii-1091-1097,1091,State Department for Roads,1091169900,Low Volume Seals LVSR II,1091169981,Lot 2 :Timboroa Jnc A104-Miteitei-Kopere (Kaiboi-Kapkatembo,5120200,Foreign Borrowing - Direct Payments,aia,811103946,861807236,783461124,106693857,107,yes
fy-2026-27-development-book-volume-ii-1091-1097,1091,State Department for Roads,1091169900,Low Volume Seals LVSR II,1091169992,Bonderlands - Ngara Falls - Moi,2630200,Capital Grants to Government Agencies and other Levels of Government,exp,71706695,40491750,109917494,133033003,107,yes
fy-2026-27-development-book-volume-ii-1091-1097,1091,State Department for Roads,1091169900,Low Volume Seals LVSR II,1091169997,Phase 2:Metembe Owalo Rioma Marani NgEnyi,2630200,Capital Grants to Government Agencies and other Levels of Government,exp,1714739093,634872920,577157200,122799405,107,yes
fy-2026-27-development-book-volume-ii-1091-1097,1091,State Department for Roads,1091169900,Low Volume Seals LVSR II,1091169997,Phase 2:Metembe Owalo Rioma Marani NgEnyi,5120200,Foreign Borrowing - Direct Payments,aia,1698350876,634872920,577157200,122799405,107,yes
fy-2026-27-development-book-volume-ii-1091-1097,1091,State Department for Roads,1091169900,Low Volume Seals LVSR II,1091169999,Phase 2:LodwarLorugumLorengippiDb LoyaKanyaoAlale,2630200,Capital Grants to Government Agencies and other Levels of Government,exp,150815253,71191814,70560593,142383627,107,yes
fy-2026-27-development-book-volume-ii-1091-1097,1091,State Department for Roads,1091170000,Mau Mau Lot 4: Ihithe Ndunyu Njeru,1091170001,Mau Mau Lot 4: Ihithe Ndunyu Njeru,2630200,Capital Grants to Government Agencies and other Levels of Government,exp,0,270000000,200000000,0,107,yes
fy-2026-27-development-book-volume-ii-1091-1097,1091,State Department for Roads,1091170600,Rural Roads Murramming VIII,1091170614,Dibe-Galili-Kipao,2630200,Capital Grants to Government Agencies and other Levels of Government,exp,0,30000000,0,0,108,yes
fy-2026-27-development-book-volume-ii-1091-1097,1091,State Department for Roads,1091170800,Rural Roads Murramming X,1091170841,Elben-Mansa,2630200,Capital Grants to Government Agencies and other Levels of Government,exp,8280125,0,0,0,108,yes
fy-2026-27-development-book-volume-ii-1091-1097,1091,State Department for Roads,1091170900,Spot Improvement XXXIX,1091170999,Kabazi - Gitaru - Marigu road,2630200,Capital Grants to Government Agencies and other Levels of Government,exp,0,7220442,0,0,108,yes
fy-2026-27-development-book-volume-ii-1091-1097,1091,State Department for Roads,1091171100,Quality Compliance (EBK),1091171101,Quality Compliance (EBK),2630200,Capital Grants to Government Agencies and other Levels of Government,exp,11040166,30000000,30000000,30000000,108,yes
fy-2026-27-development-book-volume-ii-1091-1097,1091,State Department for Roads,1091171300,Rural Roads Gravelling IV,1091171358,Df - Ambalo Road,2630200,Capital Grants to Government Agencies and other Levels of Government,exp,0,12319184,0,0,108,yes
fy-2026-27-development-book-volume-ii-1091-1097,1091,State Department for Roads,1091171500,Spot Improvement XLI,1091171502,Njabini-Sasumua Dam,2630200,Capital Grants to Government Agencies and other Levels of Government,exp,88523749,0,0,0,108,yes
fy-2026-27-development-book-volume-ii-1091-1097,1091,State Department for Roads,1091171500,Spot Improvement XLI,1091171523,Junct Kamulalani-Kalata Mkt-Kalata/Kathama Drift,2630200,Capital Grants to Government Agencies and other Levels of Government,exp,0,28000000,0,0,109,yes
fy-2026-27-development-book-volume-ii-1091-1097,1091,State Department for Roads,1091171600,Spot Improvement XLII,1091171688,Kapsurer - Sosiot - Kiplamat,2630200,Capital Grants to Government Agencies and other Levels of Government,exp,25253370,45292874,0,0,109,yes
fy-2026-27-development-book-volume-ii-1091-1097,1091,State Department for Roads,1091171700,Spot Improvement XLIII,1091171712,Kipkabus-Flax murram road(34Km),2630200,Capital Grants to Government Agencies and other Levels of Government,exp,2576606,2056339,0,0,109,yes
fy-2026-27-development-book-volume-ii-1091-1097,1091,State Department for Roads,1091171900,Spot Improvement XLV,1091171927,Lanet - Umoja II Access Roads,2630200,Capital Grants to Government Agencies and other Levels of Government,exp,12861732,0,0,0,109,yes
fy-2026-27-development-book-volume-ii-1091-1097,1091,State Department for Roads,1091172000,Spot Improvement XLVI,1091172044,"Baringo Rd,3rd South ,Kiambu",2630200,Capital Grants to Government Agencies and other Levels of Government,exp,17280125,0,0,0,109,yes
fy-2026-27-development-book-volume-ii-1091-1097,1091,State Department for Roads,1091172000,Spot Improvement XLVI,1091172045,Angiya Dispensary -Waturi Access Road,2630200,Capital Grants to Government Agencies and other Levels of Government,exp,8280125,0,0,0,109,yes
fy-2026-27-development-book-volume-ii-1091-1097,1091,State Department for Roads,1091172000,Spot Improvement XLVI,1091172048,Bangal-Bura,2630200,Capital Grants to Government Agencies and other Levels of Government,exp,8280125,0,0,0,110,yes
fy-2026-27-development-book-volume-ii-1091-1097,1091,State Department for Roads,1091172100,Spot Improvement XLVII,1091172104,Upper Garden Estate Road,2630200,Capital Grants to Government Agencies and other Levels of Government,exp,20000000,0,0,0,110,yes
fy-2026-27-development-book-volume-ii-1091-1097,1091,State Department for Roads,1091172100,Spot Improvement XLVII,1091172139,Munyuini-Magutu,2630200,Capital Grants to Government Agencies and other Levels of Government,exp,15000000,25000000,0,0,110,yes
fy-2026-27-development-book-volume-ii-1091-1097,1091,State Department for Roads,1091172100,Spot Improvement XLVII,1091172142,Magomano-Huhirio,2630200,Capital Grants to Government Agencies and other Levels of Government,exp,11040166,0,0,0,110,yes
fy-2026-27-development-book-volume-ii-1091-1097,1091,State Department for Roads,1091172200,Critical Roads XIX (Critical Roads I ),1091172203,Bangal - Boka,2630200,Capital Grants to Government Agencies and other Levels of Government,exp,8280125,0,0,0,110,yes
fy-2026-27-development-book-volume-ii-1091-1097,1091,State Department for Roads,1091172200,Critical Roads XIX (Critical Roads I ),1091172225,Gimba-Kajire-Ndara E3076,2630200,Capital Grants to Government Agencies and other Levels of Government,exp,0,30000000,0,0,110,yes
fy-2026-27-development-book-volume-ii-1091-1097,1091,State Department for Roads,1091172300,Critical Roads XX (Critical Roads I ),1091172313,Muchungucha - Gacharu - Mbombo,2630200,Capital Grants to Government Agencies and other Levels of Government,exp,0,17620041,105720243,105720242,110,yes
fy-2026-27-development-book-volume-ii-1091-1097,1091,State Department for Roads,1091172300,Critical Roads XX (Critical Roads I ),1091172318,Museno - Muhundu - Kaimosi,2630200,Capital Grants to Government Agencies and other Levels of Government,exp,1609951,3949238,0,0,110,yes
fy-2026-27-development-book-volume-ii-1091-1097,1091,State Department for Roads,1091172300,Critical Roads XX (Critical Roads I ),1091172366,Usari Bridge,2630200,Capital Grants to Government Agencies and other Levels of Government,exp,2700958,41870739,0,0,111,yes
fy-2026-27-development-book-volume-ii-1091-1097,1091,State Department for Roads,1091172600,Low Volume Seals LVSR III,1091172601,Phase 2:KadelAlaraPalaKanyadhiang /CentreKilusiOpanga,2630200,Capital Grants to Government Agencies and other Levels of Government,exp,349544262,186514783,254289852,356856621,111,yes
fy-2026-27-development-book-volume-ii-1091-1097,1091,State Department for Roads,1091172600,Low Volume Seals LVSR III,1091172602,Phase 2:Kakamega Navakholo Musikoma (C41/C777) Road,2630200,Capital Grants to Government Agencies and other Levels of Government,exp,226421432,142364982,182724464,196532014,111,yes
fy-2026-27-development-book-volume-ii-1091-1097,1091,State Department for Roads,1091172600,Low Volume Seals LVSR III,1091172603,Phase 2:Tawa-Nguluni-Itangini Road,2630200,Capital Grants to Government Agencies and other Levels of Government,exp,1073439614,325442136,295856487,62948189,111,yes
fy-2026-27-development-book-volume-ii-1091-1097,1091,State Department for Roads,1091172600,Low Volume Seals LVSR III,1091172603,Phase 2:Tawa-Nguluni-Itangini Road,5120200,Foreign Borrowing - Direct Payments,aia,1058924169,325442136,295856487,62948189,111,yes
fy-2026-27-development-book-volume-ii-1091-1097,1091,State Department for Roads,1091172600,Low Volume Seals LVSR III,1091172604,Phase 2:Laisamis - Ngurunit Road,2630200,Capital Grants to Government Agencies and other Levels of Government,exp,0,50000000,886000000,114000000,111,yes
fy-2026-27-development-book-volume-ii-1091-1097,1091,State Department for Roads,1091172600,Low Volume Seals LVSR III,1091172605,Phase 2:Odda -Bute-Danaba Road,2630200,Capital Grants to Government Agencies and other Levels of Government,exp,0,175000000,101000000,399000000,111,yes
fy-2026-27-development-book-volume-ii-1091-1097,1091,State Department for Roads,1091172600,Low Volume Seals LVSR III,1091172606,"Phase 2:Cocacola-Mpuri (RiverlandGitwiki, KithakuKatheri &",2630200,Capital Grants to Government Agencies and other Levels of Government,exp,0,75000000,329000000,171000000,111,yes
fy-2026-27-development-book-volume-ii-1091-1097,1091,State Department for Roads,1091172600,Low Volume Seals LVSR III,1091172607,Phase 2:Community Road Syokimau,2630200,Capital Grants to Government Agencies and other Levels of Government,exp,220673249,61424961,368549762,355635205,111,yes
fy-2026-27-development-book-volume-ii-1091-1097,1091,State Department for Roads,1091172600,Low Volume Seals LVSR III,1091172608,Phase 2:Mikinduri Kunati - Katithine Road,2630200,Capital Grants to Government Agencies and other Levels of Government,exp,236878693,149660867,250082274,375203555,111,yes
fy-2026-27-development-book-volume-ii-1091-1097,1091,State Department for Roads,1091172600,Low Volume Seals LVSR III,1091172610,Lot 1: Kabartonjo (Up)KipsaramanKinyachArror/ Kipsaraman,2630200,Capital Grants to Government Agencies and other Levels of Government,exp,325853178,209090616,242060496,336525258,112,yes
fy-2026-27-development-book-volume-ii-1091-1097,1091,State Department for Roads,1091172600,Low Volume Seals LVSR III,1091172611,Lot 1 : Timboroa-MeteiteiSonghorKopere Roads &Kaiboi-,2630200,Capital Grants to Government Agencies and other Levels of Government,exp,902771027,566151460,514683145,113157450,112,yes
fy-2026-27-development-book-volume-ii-1091-1097,1091,State Department for Roads,1091172600,Low Volume Seals LVSR III,1091172611,Lot 1 : Timboroa-MeteiteiSonghorKopere Roads &Kaiboi-,5120200,Foreign Borrowing - Direct Payments,aia,875554976,566151460,514683145,113157450,112,yes
fy-2026-27-development-book-volume-ii-1091-1097,1091,State Department for Roads,1091172600,Low Volume Seals LVSR III,1091172612,Liviero - Kangungi - Kangeta,2630200,Capital Grants to Government Agencies and other Levels of Government,exp,20700311,25000000,400120518,0,112,yes
fy-2026-27-development-book-volume-ii-1091-1097,1091,State Department for Roads,1091172600,Low Volume Seals LVSR III,1091172615,Kosachei - Chepkoilel and Loop Roads,2630200,Capital Grants to Government Agencies and other Levels of Government,exp,221623023,87298649,598389188,698389188,112,yes
fy-2026-27-development-book-volume-ii-1091-1097,1091,State Department for Roads,1091172600,Low Volume Seals LVSR III,1091172627,Nyalilbei - Ngeny - Lower Moiben and Loop Roads,2630200,Capital Grants to Government Agencies and other Levels of Government,exp,194291225,28013121,18727273,56026242,112,yes
fy-2026-27-development-book-volume-ii-1091-1097,1091,State Department for Roads,1091172600,Low Volume Seals LVSR III,1091172650,Ithagani - Ngorika - Kanjuiri - Kanyiri,2630200,Capital Grants to Government Agencies and other Levels of Government,exp,2277246,0,0,0,112,yes
fy-2026-27-development-book-volume-ii-1091-1097,1091,State Department for Roads,1091172600,Low Volume Seals LVSR III,1091172667,Kieni Kiandege - Mworoga Road,2630200,Capital Grants to Government Agencies and other Levels of Government,exp,25000000,0,0,0,112,yes
fy-2026-27-development-book-volume-ii-1091-1097,1091,State Department for Roads,1091172600,Low Volume Seals LVSR III,1091172671,Engineer Town Roads,2630200,Capital Grants to Government Agencies and other Levels of Government,exp,104800052,0,0,0,112,yes
fy-2026-27-development-book-volume-ii-1091-1097,1091,State Department for Roads,1091172600,Low Volume Seals LVSR III,1091172672,Phase 2 Mworoga- Maraa- Mitungu Road,2630200,Capital Grants to Government Agencies and other Levels of Government,exp,100000000,60000000,25500000,4500000,112,yes
fy-2026-27-development-book-volume-ii-1091-1097,1091,State Department for Roads,1091172600,Low Volume Seals LVSR III,1091172673,Kionyo- Kanyakine- Kithino- Mitunguu Road,2630200,Capital Grants to Government Agencies and other Levels of Government,exp,30353139,75577336,151154671,226732006,112,yes
fy-2026-27-development-book-volume-ii-1091-1097,1091,State Department for Roads,1091172600,Low Volume Seals LVSR III,1091172674,Mtangawanda- Faza-Kizingitini & Access Roads,2630200,Capital Grants to Government Agencies and other Levels of Government,exp,145689308,224122661,401464787,86869944,113,yes
fy-2026-27-development-book-volume-ii-1091-1097,1091,State Department for Roads,1091172600,Low Volume Seals LVSR III,1091172676,Kipkundul-Makutano-Kaptalamwa-Segut road,2630200,Capital Grants to Government Agencies and other Levels of Government,exp,170565609,108550406,386678495,405185343,113,yes
fy-2026-27-development-book-volume-ii-1091-1097,1091,State Department for Roads,1091172600,Low Volume Seals LVSR III,1091172678,Jogoo-Kiptangwanyi-Tangi Tano-Canaan Road,2630200,Capital Grants to Government Agencies and other Levels of Government,exp,92476621,59992208,659630370,116264899,113,yes
fy-2026-27-development-book-volume-ii-1091-1097,1091,State Department for Roads,1091172600,Low Volume Seals LVSR III,1091172682,Mlango-Benon-State Lodge-Sach 3-No. 4 Riwo Pri Store Mto,2630200,Capital Grants to Government Agencies and other Levels of Government,exp,132090276,41068952,218253266,219387442,113,yes
fy-2026-27-development-book-volume-ii-1091-1097,1091,State Department for Roads,1091172600,Low Volume Seals LVSR III,1091172683,Kangaru- Kairuri- Kiriari- Kithunguriri (Phase 1 Kangaru- Kiini) Roa,2630200,Capital Grants to Government Agencies and other Levels of Government,exp,0,11309493,0,0,113,yes
fy-2026-27-development-book-volume-ii-1091-1097,1091,State Department for Roads,1091172600,Low Volume Seals LVSR III,1091172684,Jct B27- E2102 mwireri- Mutwe Wathi- Gitiki Jct C514,2630200,Capital Grants to Government Agencies and other Levels of Government,exp,0,86418274,120162372,0,113,yes
fy-2026-27-development-book-volume-ii-1091-1097,1091,State Department for Roads,1091172600,Low Volume Seals LVSR III,1091172685,Kiambu- Githunguri Road,2630200,Capital Grants to Government Agencies and other Levels of Government,exp,5082979,8206913,0,0,113,yes
fy-2026-27-development-book-volume-ii-1091-1097,1091,State Department for Roads,1091172600,Low Volume Seals LVSR III,1091172691,Nkilinkos Bridge,2630200,Capital Grants to Government Agencies and other Levels of Government,exp,1118154,13568856,0,0,113,yes
fy-2026-27-development-book-volume-ii-1091-1097,1091,State Department for Roads,1091172600,Low Volume Seals LVSR III,1091172693,Operai Bridge on Mogor-Sitoka-Pusanki-Kawai Road (G72153),2630200,Capital Grants to Government Agencies and other Levels of Government,exp,0,26209034,0,0,113,yes
fy-2026-27-development-book-volume-ii-1091-1097,1091,State Department for Roads,1091172600,Low Volume Seals LVSR III,1091172695,Njoro (JNC D318) Elburgon-Turi (C56) Road,2630200,Capital Grants to Government Agencies and other Levels of Government,exp,15171399,16656973,0,0,113,yes
fy-2026-27-development-book-volume-ii-1091-1097,1091,State Department for Roads,1091172600,Low Volume Seals LVSR III,1091172698,Eldama Ravine-Makutano Road,2630200,Capital Grants to Government Agencies and other Levels of Government,exp,4932011,12033223,0,0,114,yes
fy-2026-27-development-book-volume-ii-1091-1097,1091,State Department for Roads,1091172600,Low Volume Seals LVSR III,1091172699,Erusiai Bridge on Siyapei - Sankake Road (D1684),2630200,Capital Grants to Government Agencies and other Levels of Government,exp,1127311,0,0,0,114,yes
fy-2026-27-development-book-volume-ii-1091-1097,1091,State Department for Roads,1091172700,El-Nino Emergency Interventions,1091172700,El-Nino Emergency Interventions.,2630200,Capital Grants to Government Agencies and other Levels of Government,exp,14739962,0,0,0,114,yes
fy-2026-27-development-book-volume-ii-1091-1097,1091,State Department for Roads,1091172800,Construction of Ngong Road/ Naivasha Road Interchange,1091172801,Construction of Ngong Road/ Naivasha Road Interchange,2630200,Capital Grants to Government Agencies and other Levels of Government,exp,1599999629,300000000,0,0,114,yes
fy-2026-27-development-book-volume-ii-1091-1097,1091,State Department for Roads,1091172800,Construction of Ngong Road/ Naivasha Road Interchange,1091172801,Construction of Ngong Road/ Naivasha Road Interchange,5120200,Foreign Borrowing - Direct Payments,aia,1590000000,300000000,0,0,114,yes
fy-2026-27-development-book-volume-ii-1091-1097,1091,State Department for Roads,1091173000,Development of Urban Roads in Urban Five Urban Counties - Phase 1,1091173001,Development of Urban Roads in Urban Five Urban Counties - Phase 1,2630200,Capital Grants to Government Agencies and other Levels of Government,exp,131831103,270000000,570000000,1512500000,114,yes
fy-2026-27-development-book-volume-ii-1091-1097,1091,State Department for Roads,1091173000,Development of Urban Roads in Urban Five Urban Counties - Phase 1,1091173001,Development of Urban Roads in Urban Five Urban Counties - Phase 1,5120200,Foreign Borrowing - Direct Payments,aia,80000000,200000000,450000000,1250000000,114,yes
fy-2026-27-development-book-volume-ii-1091-1097,1091,State Department for Roads,1091173300,Dualling of Kimwanga Malaba Section of A8 Road (20km),1091173301,Dualling of Kimwanga Malaba Section of A8 Road (20km),2630200,Capital Grants to Government Agencies and other Levels of Government,exp,184666537,125000000,54666537,68792356,114,yes
fy-2026-27-development-book-volume-ii-1091-1097,1091,State Department for Roads,1091173400,Turbo Nzoia River Sikhendu Endebess (C44) Road Project.,1091173401,Turbo Nzoia River Sikhendu Endebess (C44) Road Project.,2630200,Capital Grants to Government Agencies and other Levels of Government,exp,330924694,195000000,360924694,490280008,115,yes
fy-2026-27-development-book-volume-ii-1091-1097,1091,State Department for Roads,1091173500,Biretwo Arror - Chesongoch (B126) Road (85km),1091173501,Biretwo Arror - Chesongoch (B126) Road (85km),2630200,Capital Grants to Government Agencies and other Levels of Government,exp,10394647,14733439,100394647,126336597,115,yes
fy-2026-27-development-book-volume-ii-1091-1097,1091,State Department for Roads,1091173700,Lesseru - Kitale,1091173701,Lesseru - Kitale,2630200,Capital Grants to Government Agencies and other Levels of Government,exp,16092976,390000000,3010092976,3512700999,115,yes
fy-2026-27-development-book-volume-ii-1091-1097,1091,State Department for Roads,1091173700,Lesseru - Kitale,1091173701,Lesseru - Kitale,5120200,Foreign Borrowing - Direct Payments,aia,15000000,380000000,3000000000,3500000000,115,yes
fy-2026-27-development-book-volume-ii-1091-1097,1091,State Department for Roads,1091173800,Morpus - Kainuk,1091173801,Morpus - Kainuk,2630200,Capital Grants to Government Agencies and other Levels of Government,exp,32155514,405000000,2012155514,3315296496,115,yes
fy-2026-27-development-book-volume-ii-1091-1097,1091,State Department for Roads,1091173800,Morpus - Kainuk,1091173801,Morpus - Kainuk,5120200,Foreign Borrowing - Direct Payments,aia,20000000,380000000,2000000000,3300000000,115,yes
fy-2026-27-development-book-volume-ii-1091-1097,1091,State Department for Roads,1091173900,Kainuk - Lokichar,1091173901,Kainuk - Lokichar,2630200,Capital Grants to Government Agencies and other Levels of Government,exp,17049331,325000000,3012049331,3315162875,116,yes
fy-2026-27-development-book-volume-ii-1091-1097,1091,State Department for Roads,1091173900,Kainuk - Lokichar,1091173901,Kainuk - Lokichar,5120200,Foreign Borrowing - Direct Payments,aia,15000000,300000000,3000000000,3300000000,116,yes
fy-2026-27-development-book-volume-ii-1091-1097,1091,State Department for Roads,1091174000,Alterations and Improvement of KeTRB offices,1091174001,Alterations and Improvement of KeTRB offices,2630200,Capital Grants to Government Agencies and other Levels of Government,exp,8280125,15000000,20000000,20000000,116,yes
fy-2026-27-development-book-volume-ii-1091-1097,1091,State Department for Roads,1091174100,Electronic Document & Records Management System,1091174101,Electronic Document & Records Management System,2630200,Capital Grants to Government Agencies and other Levels of Government,exp,8280125,15000000,20000000,20000000,116,yes
fy-2026-27-development-book-volume-ii-1091-1097,1091,State Department for Roads,1091174300,Consultancy Services for Roads Projects,1091174331,Consultancy Services: Dualling of Mombasa -Mariakani Rd (Lot 1: Msa,2630200,Capital Grants to Government Agencies and other Levels of Government,exp,0,41336490,0,0,116,yes
fy-2026-27-development-book-volume-ii-1091-1097,1091,State Department for Roads,1091174300,Consultancy Services for Roads Projects,1091174343,Consultancy Services :Lot 2 :Mtwapa-Kilifi,2630200,Capital Grants to Government Agencies and other Levels of Government,exp,92728658,0,0,0,116,yes
fy-2026-27-development-book-volume-ii-1091-1097,1091,State Department for Roads,1091174300,Consultancy Services for Roads Projects,1091174343,Consultancy Services :Lot 2 :Mtwapa-Kilifi,5120200,Foreign Borrowing - Direct Payments,aia,92728658,0,0,0,116,yes
fy-2026-27-development-book-volume-ii-1091-1097,1091,State Department for Roads,1091174300,Consultancy Services for Roads Projects,1091174347,Consultancy Services: Dualling Thika -Kenol -Marua Lot 1 (Kenol- Sa,2630200,Capital Grants to Government Agencies and other Levels of Government,exp,63340349,150000000,0,0,116,yes
fy-2026-27-development-book-volume-ii-1091-1097,1091,State Department for Roads,1091174300,Consultancy Services for Roads Projects,1091174347,Consultancy Services: Dualling Thika -Kenol -Marua Lot 1 (Kenol- Sa,5120200,Foreign Borrowing - Direct Payments,aia,63340349,150000000,0,0,116,yes
fy-2026-27-development-book-volume-ii-1091-1097,1091,State Department for Roads,1091174300,Consultancy Services for Roads Projects,1091174376,Consultancy Services :HOAGDP:HoAGDP: Garissa Liboi-,2630200,Capital Grants to Government Agencies and other Levels of Government,exp,68380000,0,0,0,117,yes
fy-2026-27-development-book-volume-ii-1091-1097,1091,State Department for Roads,1091174300,Consultancy Services for Roads Projects,1091174383,Consultancy Services :HOAGDP:Kula Mawe-Modogashe,2630200,Capital Grants to Government Agencies and other Levels of Government,exp,171400000,100000000,200000000,0,117,yes
fy-2026-27-development-book-volume-ii-1091-1097,1091,State Department for Roads,1091174300,Consultancy Services for Roads Projects,1091174384,Consultancy Services :HoAGDP:Isiolo-Kula Mawe,2630200,Capital Grants to Government Agencies and other Levels of Government,exp,171400000,100000000,200000000,0,117,yes
fy-2026-27-development-book-volume-ii-1091-1097,1091,State Department for Roads,1091174300,Consultancy Services for Roads Projects,1091174385,Consultancy Services :Dualling Thika-Kenol-Marua Lot 2 (Sagana -,2630200,Capital Grants to Government Agencies and other Levels of Government,exp,22207333,100000000,0,0,117,yes
fy-2026-27-development-book-volume-ii-1091-1097,1091,State Department for Roads,1091174300,Consultancy Services for Roads Projects,1091174385,Consultancy Services :Dualling Thika-Kenol-Marua Lot 2 (Sagana -,5120200,Foreign Borrowing - Direct Payments,aia,22207333,100000000,0,0,117,yes
fy-2026-27-development-book-volume-ii-1091-1097,1091,State Department for Roads,1091174400,Low Volume Seals LVSR IV,1091174401,Kuto Bridge,2630200,Capital Grants to Government Agencies and other Levels of Government,exp,0,2801822,0,0,117,yes
fy-2026-27-development-book-volume-ii-1091-1097,1091,State Department for Roads,1091174400,Low Volume Seals LVSR IV,1091174402,Sindo Box Culvert (Lot 2),2630200,Capital Grants to Government Agencies and other Levels of Government,exp,1971306,4396488,0,0,117,yes
fy-2026-27-development-book-volume-ii-1091-1097,1091,State Department for Roads,1091174400,Low Volume Seals LVSR IV,1091174417,Gatongora/Mwihoko/Biashara/Gitothua kiu/Kahawa Sukari/Kahawa,2630200,Capital Grants to Government Agencies and other Levels of Government,exp,0,3500000,29750000,5250000,117,yes
fy-2026-27-development-book-volume-ii-1091-1097,1091,State Department for Roads,1091174400,Low Volume Seals LVSR IV,1091174437,Garissa Bridge,2630200,Capital Grants to Government Agencies and other Levels of Government,exp,3101321,0,0,0,117,yes
fy-2026-27-development-book-volume-ii-1091-1097,1091,State Department for Roads,1091174400,Low Volume Seals LVSR IV,1091174440,Access Sabaki/ Access Sabaki Police Station,2630200,Capital Grants to Government Agencies and other Levels of Government,exp,30000000,0,0,0,117,yes
fy-2026-27-development-book-volume-ii-1091-1097,1091,State Department for Roads,1091174400,Low Volume Seals LVSR IV,1091174443,Jnct C 513 Access Karima Dispensary /Mangu Village Access Roads,2630200,Capital Grants to Government Agencies and other Levels of Government,exp,11040166,0,0,0,118,yes
fy-2026-27-development-book-volume-ii-1091-1097,1091,State Department for Roads,1091174400,Low Volume Seals LVSR IV,1091174445,Acess Mugumoini - Kakuzi,2630200,Capital Grants to Government Agencies and other Levels of Government,exp,8280125,12000000,0,0,118,yes
fy-2026-27-development-book-volume-ii-1091-1097,1091,State Department for Roads,1091174400,Low Volume Seals LVSR IV,1091174446,Jnct Gati iguru rd /Kirathani Settlement,2630200,Capital Grants to Government Agencies and other Levels of Government,exp,8280125,12000000,0,0,118,yes
fy-2026-27-development-book-volume-ii-1091-1097,1091,State Department for Roads,1091174400,Low Volume Seals LVSR IV,1091174453,Bukaya/Buhuru-Elukongo-Bungasi-Ugana/Matawa- Lusumu-Buchifi-,2630200,Capital Grants to Government Agencies and other Levels of Government,exp,16560249,2250000,0,0,118,yes
fy-2026-27-development-book-volume-ii-1091-1097,1091,State Department for Roads,1091174400,Low Volume Seals LVSR IV,1091174457,Katheri - Mariene University - Equator - Kambau,2630200,Capital Grants to Government Agencies and other Levels of Government,exp,0,22307948,312311264,0,118,yes
fy-2026-27-development-book-volume-ii-1091-1097,1091,State Department for Roads,1091174400,Low Volume Seals LVSR IV,1091174460,Loruk - Churo - Muge Road,2630200,Capital Grants to Government Agencies and other Levels of Government,exp,0,4840623,41110337,0,118,yes
fy-2026-27-development-book-volume-ii-1091-1097,1091,State Department for Roads,1091174400,Low Volume Seals LVSR IV,1091174481,Masalani Bridge Maintenance,2630200,Capital Grants to Government Agencies and other Levels of Government,exp,0,3744092,5352071,5352071,118,yes
fy-2026-27-development-book-volume-ii-1091-1097,1091,State Department for Roads,1091174400,Low Volume Seals LVSR IV,1091174484,Accesses to St. Georges & Loop Roads,2630200,Capital Grants to Government Agencies and other Levels of Government,exp,0,27018121,189126847,189126847,118,yes
fy-2026-27-development-book-volume-ii-1091-1097,1091,State Department for Roads,1091174400,Low Volume Seals LVSR IV,1091174490,Ilula - Marura,2630200,Capital Grants to Government Agencies and other Levels of Government,exp,123506115,34881493,163200000,171986523,118,yes
fy-2026-27-development-book-volume-ii-1091-1097,1091,State Department for Roads,1091174400,Low Volume Seals LVSR IV,1091174498,Kandara - Mukoe - Gatitu,2630200,Capital Grants to Government Agencies and other Levels of Government,exp,172968835,49879483,350523068,347789687,118,yes
fy-2026-27-development-book-volume-ii-1091-1097,1091,State Department for Roads,1091174600,Spot Improvement XLVIII,1091174601,Lwero - Bungasi - Lugunga - Shiatoto road,2630200,Capital Grants to Government Agencies and other Levels of Government,exp,0,75000000,0,0,119,yes
fy-2026-27-development-book-volume-ii-1091-1097,1091,State Department for Roads,1091174900,Spot Improvement LI,1091174958,Gathugu River Box culvert/Gathugu Access,2630200,Capital Grants to Government Agencies and other Levels of Government,exp,8280125,0,0,0,119,yes
fy-2026-27-development-book-volume-ii-1091-1097,1091,State Department for Roads,1091174900,Spot Improvement LI,1091174987,KHS Kware Road,2630200,Capital Grants to Government Agencies and other Levels of Government,exp,8280125,0,0,0,119,yes
fy-2026-27-development-book-volume-ii-1091-1097,1091,State Department for Roads,1091174900,Spot Improvement LI,1091174988,G23935 Layeta - Sophia,2630200,Capital Grants to Government Agencies and other Levels of Government,exp,0,50000000,0,0,119,yes
fy-2026-27-development-book-volume-ii-1091-1097,1091,State Department for Roads,1091174900,Spot Improvement LI,1091174990,Kamgoma-Machalmo-Samanga School,2630200,Capital Grants to Government Agencies and other Levels of Government,exp,20000000,0,0,0,119,yes
fy-2026-27-development-book-volume-ii-1091-1097,1091,State Department for Roads,1091174900,Spot Improvement LI,1091174991,Burnt - Kamuiyo - Tulwet,2630200,Capital Grants to Government Agencies and other Levels of Government,exp,10000000,0,0,0,119,yes
fy-2026-27-development-book-volume-ii-1091-1097,1091,State Department for Roads,1091174900,Spot Improvement LI,1091174992,Bayete - Lelek - Bindura - Chuiya,2630200,Capital Grants to Government Agencies and other Levels of Government,exp,10000000,0,0,0,119,yes
fy-2026-27-development-book-volume-ii-1091-1097,1091,State Department for Roads,1091174900,Spot Improvement LI,1091174993,Jnc Airport - Jepkabet - Tuiyo,2630200,Capital Grants to Government Agencies and other Levels of Government,exp,10000000,0,0,0,119,yes
fy-2026-27-development-book-volume-ii-1091-1097,1091,State Department for Roads,1091174900,Spot Improvement LI,1091174994,Access to Kobos Police Station & Institutions,2630200,Capital Grants to Government Agencies and other Levels of Government,exp,10000000,0,0,0,119,yes
fy-2026-27-development-book-volume-ii-1091-1097,1091,State Department for Roads,1091174900,Spot Improvement LI,1091174995,Muserechi - Noiwet,2630200,Capital Grants to Government Agencies and other Levels of Government,exp,10000000,64075690,40756893,128151379,120,yes
fy-2026-27-development-book-volume-ii-1091-1097,1091,State Department for Roads,1091174900,Spot Improvement LI,1091174996,Kilingot - Kormor,2630200,Capital Grants to Government Agencies and other Levels of Government,exp,10000000,0,0,0,120,yes
fy-2026-27-development-book-volume-ii-1091-1097,1091,State Department for Roads,1091174900,Spot Improvement LI,1091174997,Kabel - Tuiyobei - Kapkelelwa,2630200,Capital Grants to Government Agencies and other Levels of Government,exp,10000000,0,0,0,120,yes
fy-2026-27-development-book-volume-ii-1091-1097,1091,State Department for Roads,1091174900,Spot Improvement LI,1091174998,Olopikidongoe - Nyakweri,2630200,Capital Grants to Government Agencies and other Levels of Government,exp,10000000,27500000,55000000,210000000,120,yes
fy-2026-27-development-book-volume-ii-1091-1097,1091,State Department for Roads,1091174900,Spot Improvement LI,1091174999,Muntekwar - Olepisae,2630200,Capital Grants to Government Agencies and other Levels of Government,exp,10000000,0,0,0,120,yes
fy-2026-27-development-book-volume-ii-1091-1097,1091,State Department for Roads,1091175100,Low Volume Seal Road - LVSR V,1091175128,Gacharu - Mbombo - Maragua-Ridge - Gwa Thamaki Road-KERRA,2630200,Capital Grants to Government Agencies and other Levels of Government,exp,0,75180850,71254243,150361699,120,yes
fy-2026-27-development-book-volume-ii-1091-1097,1091,State Department for Roads,1091175100,Low Volume Seal Road - LVSR V,1091175131,Salmond Hotel - Sikata Junction-KERRA,2630200,Capital Grants to Government Agencies and other Levels of Government,exp,106450668,23750000,177472500,155027500,120,yes
fy-2026-27-development-book-volume-ii-1091-1097,1091,State Department for Roads,1091175100,Low Volume Seal Road - LVSR V,1091175132,Miomponi-Mukothima-Gatunga,2630200,Capital Grants to Government Agencies and other Levels of Government,exp,313499541,169909189,391220719,479636756,120,yes
fy-2026-27-development-book-volume-ii-1091-1097,1091,State Department for Roads,1091175100,Low Volume Seal Road - LVSR V,1091175133,Mabinju Beach-Ruambwa (Budalangi),2630200,Capital Grants to Government Agencies and other Levels of Government,exp,17294371,5100000,0,0,120,yes
fy-2026-27-development-book-volume-ii-1091-1097,1091,State Department for Roads,1091175100,Low Volume Seal Road - LVSR V,1091175134,PI-Makima-Machanga Road Improvement,2630200,Capital Grants to Government Agencies and other Levels of Government,exp,102519724,5259375,52593750,0,120,yes
fy-2026-27-development-book-volume-ii-1091-1097,1091,State Department for Roads,1091175100,Low Volume Seal Road - LVSR V,1091175135,Kebeneti-T.T Estate-Maraba,2630200,Capital Grants to Government Agencies and other Levels of Government,exp,199147458,93625511,561743062,218667778,121,yes
fy-2026-27-development-book-volume-ii-1091-1097,1091,State Department for Roads,1091175100,Low Volume Seal Road - LVSR V,1091175137,Majenjo ECD-Mwamba-Turbo,2630200,Capital Grants to Government Agencies and other Levels of Government,exp,172127170,20703146,186328314,0,121,yes
fy-2026-27-development-book-volume-ii-1091-1097,1091,State Department for Roads,1091175100,Low Volume Seal Road - LVSR V,1091175139,Makutano-Cheboke Kamagoso-Cherinot and Access Roads,2630200,Capital Grants to Government Agencies and other Levels of Government,exp,285581679,187013518,314809494,354256985,121,yes
fy-2026-27-development-book-volume-ii-1091-1097,1091,State Department for Roads,1091175100,Low Volume Seal Road - LVSR V,1091175140,Kongoni-Kasarani-Ndabibi Police Post,2630200,Capital Grants to Government Agencies and other Levels of Government,exp,257661228,185000000,185788435,154252684,121,yes
fy-2026-27-development-book-volume-ii-1091-1097,1091,State Department for Roads,1091175100,Low Volume Seal Road - LVSR V,1091175141,Maralal-Baragoi Road Maintenance,2630200,Capital Grants to Government Agencies and other Levels of Government,exp,17294371,2000000,0,0,121,yes
fy-2026-27-development-book-volume-ii-1091-1097,1091,State Department for Roads,1091175100,Low Volume Seal Road - LVSR V,1091175142,Junc.A4 (Kisima) - Lodung'okwe-Wamba,2630200,Capital Grants to Government Agencies and other Levels of Government,exp,12294371,0,0,0,121,yes
fy-2026-27-development-book-volume-ii-1091-1097,1091,State Department for Roads,1091175100,Low Volume Seal Road - LVSR V,1091175143,Olopoi-Nalapatui,2630200,Capital Grants to Government Agencies and other Levels of Government,exp,15783747,2500000,15783747,0,121,yes
fy-2026-27-development-book-volume-ii-1091-1097,1091,State Department for Roads,1091175100,Low Volume Seal Road - LVSR V,1091175144,Lokichogio-Oropoi,2630200,Capital Grants to Government Agencies and other Levels of Government,exp,22770342,2062500,22770342,0,121,yes
fy-2026-27-development-book-volume-ii-1091-1097,1091,State Department for Roads,1091175100,Low Volume Seal Road - LVSR V,1091175145,Agolomuok-Otati-Kogore (Aorachuodho) Road,2630200,Capital Grants to Government Agencies and other Levels of Government,exp,80880256,99183842,431493152,450009000,121,yes
fy-2026-27-development-book-volume-ii-1091-1097,1091,State Department for Roads,1091175100,Low Volume Seal Road - LVSR V,1091175148,"Suba South:Lak-Kogelo,Usengere-Onyuera,Kijito-Mwirari",2630200,Capital Grants to Government Agencies and other Levels of Government,exp,86512012,4347848,0,0,121,yes
fy-2026-27-development-book-volume-ii-1091-1097,1091,State Department for Roads,1091175100,Low Volume Seal Road - LVSR V,1091175150,Mkuswani-Naikara-Leshuto-Morijo,2630200,Capital Grants to Government Agencies and other Levels of Government,exp,313961754,244130740,300015810,320184756,122,yes
fy-2026-27-development-book-volume-ii-1091-1097,1091,State Department for Roads,1091175100,Low Volume Seal Road - LVSR V,1091175155,Chebirirbei-Kiptere-Kiptome-Kapchebet-Kipranye,2630200,Capital Grants to Government Agencies and other Levels of Government,exp,278938937,341861934,1367447733,525585799,122,yes
fy-2026-27-development-book-volume-ii-1091-1097,1091,State Department for Roads,1091175100,Low Volume Seal Road - LVSR V,1091175156,Kaanwa-Chuka Technical-Kamutiria,2630200,Capital Grants to Government Agencies and other Levels of Government,exp,117911265,29454882,298175140,78847343,122,yes
fy-2026-27-development-book-volume-ii-1091-1097,1091,State Department for Roads,1091175100,Low Volume Seal Road - LVSR V,1091175158,Emergency Elnino Projects (Bura),2630200,Capital Grants to Government Agencies and other Levels of Government,exp,25953244,3075429,0,0,122,yes
fy-2026-27-development-book-volume-ii-1091-1097,1091,State Department for Roads,1091175100,Low Volume Seal Road - LVSR V,1091175159,Maralal - Suyani (towards Baragoi) Road upgrade to Bitumen (30KM),2630200,Capital Grants to Government Agencies and other Levels of Government,exp,200179518,145000000,222679518,302487798,122,yes
fy-2026-27-development-book-volume-ii-1091-1097,1091,State Department for Roads,1091175100,Low Volume Seal Road - LVSR V,1091175160,Junc.A4 (Kisima) - Sura -Aduru upgrading to Tarmac (20 KM),2630200,Capital Grants to Government Agencies and other Levels of Government,exp,212966432,140000000,212966432,278645223,122,yes
fy-2026-27-development-book-volume-ii-1091-1097,1091,State Department for Roads,1091175100,Low Volume Seal Road - LVSR V,1091175161,Borderland - Ngara Falls - Mois Bridge,2630200,Capital Grants to Government Agencies and other Levels of Government,exp,40005567,0,0,0,122,yes
fy-2026-27-development-book-volume-ii-1091-1097,1091,State Department for Roads,1091175100,Low Volume Seal Road - LVSR V,1091175162,Junction Kaplogoi - Kimoning - Kapteren - Junction Tambach,2630200,Capital Grants to Government Agencies and other Levels of Government,exp,154129560,189155192,201120786,210235658,122,yes
fy-2026-27-development-book-volume-ii-1091-1097,1091,State Department for Roads,1091175100,Low Volume Seal Road - LVSR V,1091175163,Kakamega Airstrip - Shinyalu - Chepsonoi,2630200,Capital Grants to Government Agencies and other Levels of Government,exp,273671126,140000000,253671126,323414197,122,yes
fy-2026-27-development-book-volume-ii-1091-1097,1091,State Department for Roads,1091175100,Low Volume Seal Road - LVSR V,1091175165,Shemakoko - Kaimosi Upgrade to Bitumen Standard,2630200,Capital Grants to Government Agencies and other Levels of Government,exp,217575608,96876191,102655216,104525368,122,yes
fy-2026-27-development-book-volume-ii-1091-1097,1091,State Department for Roads,1091175100,Low Volume Seal Road - LVSR V,1091175166,Airport-SOS-RIAT- Ukweli JCNT - Namba - Kawas Road,2630200,Capital Grants to Government Agencies and other Levels of Government,exp,131490746,48219859,216786600,220122546,122,yes
fy-2026-27-development-book-volume-ii-1091-1097,1091,State Department for Roads,1091175100,Low Volume Seal Road - LVSR V,1091175167,"E7289 Njoro - Egerton University, Ngata Farm",2630200,Capital Grants to Government Agencies and other Levels of Government,exp,101463222,18250000,214910232,131839768,123,yes
fy-2026-27-development-book-volume-ii-1091-1097,1091,State Department for Roads,1091175100,Low Volume Seal Road - LVSR V,1091175168,Ntimaru- Mashanga-Oldonyorok Murram and Structures Upgrade,2630200,Capital Grants to Government Agencies and other Levels of Government,exp,0,6399784,32777895,0,123,yes
fy-2026-27-development-book-volume-ii-1091-1097,1091,State Department for Roads,1091175100,Low Volume Seal Road - LVSR V,1091175169,Mutanga - Kito - Kundarilla - Njambi (15 KM),2630200,Capital Grants to Government Agencies and other Levels of Government,exp,86840237,45315517,41670050,47503857,123,yes
fy-2026-27-development-book-volume-ii-1091-1097,1091,State Department for Roads,1091175100,Low Volume Seal Road - LVSR V,1091175170,Torongo-Tripkatoi-Tugumoi (E8047),2630200,Capital Grants to Government Agencies and other Levels of Government,exp,96489153,28304737,45000256,33915000,123,yes
fy-2026-27-development-book-volume-ii-1091-1097,1091,State Department for Roads,1091175100,Low Volume Seal Road - LVSR V,1091175171,Kutenoi_Inkorienito_Erusia Enariboo/Olosho Murionko Drift Bridges,2630200,Capital Grants to Government Agencies and other Levels of Government,exp,14967666,9130096,5865000,6686100,123,yes
fy-2026-27-development-book-volume-ii-1091-1097,1091,State Department for Roads,1091175100,Low Volume Seal Road - LVSR V,1091175172,Kinamba - Mwenje - Matwiku Shopping Centre (10 KM),2630200,Capital Grants to Government Agencies and other Levels of Government,exp,15689823,34792871,29573940,33714292,123,yes
fy-2026-27-development-book-volume-ii-1091-1097,1091,State Department for Roads,1091175100,Low Volume Seal Road - LVSR V,1091175174,Chemolingot-Kapedo-Lokori,2630200,Capital Grants to Government Agencies and other Levels of Government,exp,16976622,2500000,0,0,123,yes
fy-2026-27-development-book-volume-ii-1091-1097,1091,State Department for Roads,1091175100,Low Volume Seal Road - LVSR V,1091175175,Junction Luanda - Siaya,2630200,Capital Grants to Government Agencies and other Levels of Government,exp,0,75000000,0,0,123,yes
fy-2026-27-development-book-volume-ii-1091-1097,1091,State Department for Roads,1091175100,Low Volume Seal Road - LVSR V,1091175176,Kesses - Kapkoi and Access Roads,2630200,Capital Grants to Government Agencies and other Levels of Government,exp,13662205,2500000,25000000,0,123,yes
fy-2026-27-development-book-volume-ii-1091-1097,1091,State Department for Roads,1091175100,Low Volume Seal Road - LVSR V,1091175177,Sirwa - Kimngorom Road - Mogotio (5KM),2630200,Capital Grants to Government Agencies and other Levels of Government,exp,22770342,17773131,155137562,58140000,123,yes
fy-2026-27-development-book-volume-ii-1091-1097,1091,State Department for Roads,1091175100,Low Volume Seal Road - LVSR V,1091175178,Kimogoro - Ndogu - Kapkatet - Siereleon,2630200,Capital Grants to Government Agencies and other Levels of Government,exp,9108137,0,0,0,124,yes
fy-2026-27-development-book-volume-ii-1091-1097,1091,State Department for Roads,1091175100,Low Volume Seal Road - LVSR V,1091175179,Enkare Onkitua Bridge Access Roads Kilgoris Elmeshuki Mashurura,2630200,Capital Grants to Government Agencies and other Levels of Government,exp,4554068,38108179,0,0,124,yes
fy-2026-27-development-book-volume-ii-1091-1097,1091,State Department for Roads,1091175100,Low Volume Seal Road - LVSR V,1091175180,Mutengwor Bridge along Olpesia- Naserian School-Ilmeshuki Road,2630200,Capital Grants to Government Agencies and other Levels of Government,exp,13662205,18675874,0,0,124,yes
fy-2026-27-development-book-volume-ii-1091-1097,1091,State Department for Roads,1091175100,Low Volume Seal Road - LVSR V,1091175181,Elkedika Box Culvert along Kilena - Mutengwar Road,2630200,Capital Grants to Government Agencies and other Levels of Government,exp,13662205,38108179,1770384,0,124,yes
fy-2026-27-development-book-volume-ii-1091-1097,1091,State Department for Roads,1091175100,Low Volume Seal Road - LVSR V,1091175182,Kaptambuliet Bridge,2630200,Capital Grants to Government Agencies and other Levels of Government,exp,16976622,7396726,59173804,44380353,124,yes
fy-2026-27-development-book-volume-ii-1091-1097,1091,State Department for Roads,1091175100,Low Volume Seal Road - LVSR V,1091175183,Embomoss Road Spot Improvement,2630200,Capital Grants to Government Agencies and other Levels of Government,exp,9108137,2500000,9108137,0,124,yes
fy-2026-27-development-book-volume-ii-1091-1097,1091,State Department for Roads,1091175100,Low Volume Seal Road - LVSR V,1091175184,Recapeting of Koiwa - Changoi Road,2630200,Capital Grants to Government Agencies and other Levels of Government,exp,22770342,88980543,63111263,74524626,124,yes
fy-2026-27-development-book-volume-ii-1091-1097,1091,State Department for Roads,1091175100,Low Volume Seal Road - LVSR V,1091175185,Improvement of Koita - Kipketii - Banda Access Road,2630200,Capital Grants to Government Agencies and other Levels of Government,exp,16393767,50000000,0,0,124,yes
fy-2026-27-development-book-volume-ii-1091-1097,1091,State Department for Roads,1091175100,Low Volume Seal Road - LVSR V,1091175187,Jnc A8 Annex - Saroiyot - Plateau,2630200,Capital Grants to Government Agencies and other Levels of Government,exp,80407627,82900773,140923745,135662546,124,yes
fy-2026-27-development-book-volume-ii-1091-1097,1091,State Department for Roads,1091175100,Low Volume Seal Road - LVSR V,1091175188,Griftu Township,2630200,Capital Grants to Government Agencies and other Levels of Government,exp,117611440,45305339,271832031,244648828,124,yes
fy-2026-27-development-book-volume-ii-1091-1097,1091,State Department for Roads,1091175100,Low Volume Seal Road - LVSR V,1091175189,Hadado Township,2630200,Capital Grants to Government Agencies and other Levels of Government,exp,117611440,44980753,269884514,229401837,124,yes
fy-2026-27-development-book-volume-ii-1091-1097,1091,State Department for Roads,1091175100,Low Volume Seal Road - LVSR V,1091175190,Westlands Access Roads,2630200,Capital Grants to Government Agencies and other Levels of Government,exp,23432548,100000000,0,0,125,yes
fy-2026-27-development-book-volume-ii-1091-1097,1091,State Department for Roads,1091175100,Low Volume Seal Road - LVSR V,1091175191,Mawatha -Mbomboini - Gatune- Jnct Ngong Suswa/Rumwe Sky Line,2630200,Capital Grants to Government Agencies and other Levels of Government,exp,119897179,44249638,83300000,94962000,125,yes
fy-2026-27-development-book-volume-ii-1091-1097,1091,State Department for Roads,1091175100,Low Volume Seal Road - LVSR V,1091175192,Gwa Kihara - Kwa Mika- Abardare Road,2630200,Capital Grants to Government Agencies and other Levels of Government,exp,99914315,35756186,75800921,86413050,125,yes
fy-2026-27-development-book-volume-ii-1091-1097,1091,State Department for Roads,1091175100,Low Volume Seal Road - LVSR V,1091175195,Eregi - Chavakali,2630200,Capital Grants to Government Agencies and other Levels of Government,exp,96489153,40000000,282480000,277520000,125,yes
fy-2026-27-development-book-volume-ii-1091-1097,1091,State Department for Roads,1091175200,Stage Construction,1091175202,Kiritiri - Kiambere,2630200,Capital Grants to Government Agencies and other Levels of Government,exp,0,98988788,633932727,751910303,125,yes
fy-2026-27-development-book-volume-ii-1091-1097,1091,State Department for Roads,1091175200,Stage Construction,1091175219,Corner Mbaya - Kiambogo Kianjogu Road,2630200,Capital Grants to Government Agencies and other Levels of Government,exp,0,70000000,100000000,100000000,125,yes
fy-2026-27-development-book-volume-ii-1091-1097,1091,State Department for Roads,1091175200,Stage Construction,1091175232,Kericho Road 5th Avenue Nrb /Access PCEA,2630200,Capital Grants to Government Agencies and other Levels of Government,exp,11040166,0,0,0,125,yes
fy-2026-27-development-book-volume-ii-1091-1097,1091,State Department for Roads,1091175200,Stage Construction,1091175242,KHS Marsabit 6th Avenue,2630200,Capital Grants to Government Agencies and other Levels of Government,exp,12000000,0,0,0,125,yes
fy-2026-27-development-book-volume-ii-1091-1097,1091,State Department for Roads,1091175200,Stage Construction,1091175243,Access Kaseveni ACK kamulu,2630200,Capital Grants to Government Agencies and other Levels of Government,exp,8280125,20000000,0,0,125,yes
fy-2026-27-development-book-volume-ii-1091-1097,1091,State Department for Roads,1091175200,Stage Construction,1091175248,Salaam Rd - Mugutha Policec Stattion,2630200,Capital Grants to Government Agencies and other Levels of Government,exp,8280125,12000000,0,0,126,yes
fy-2026-27-development-book-volume-ii-1091-1097,1091,State Department for Roads,1091175300,Public Participation Roads VI,1091175322,Box Culvert at Maweni,2630200,Capital Grants to Government Agencies and other Levels of Government,exp,10000000,0,0,0,126,yes
fy-2026-27-development-book-volume-ii-1091-1097,1091,State Department for Roads,1091175300,Public Participation Roads VI,1091175323,Box Culvert at Demra,2630200,Capital Grants to Government Agencies and other Levels of Government,exp,10000000,0,0,0,126,yes
fy-2026-27-development-book-volume-ii-1091-1097,1091,State Department for Roads,1091175300,Public Participation Roads VI,1091175324,Box Culvert at Nyatuoro - Lwanda Road,2630200,Capital Grants to Government Agencies and other Levels of Government,exp,10000000,0,0,0,126,yes
fy-2026-27-development-book-volume-ii-1091-1097,1091,State Department for Roads,1091175300,Public Participation Roads VI,1091175325,Barsaloi-Suyan Road,2630200,Capital Grants to Government Agencies and other Levels of Government,exp,7500000,0,0,0,126,yes
fy-2026-27-development-book-volume-ii-1091-1097,1091,State Department for Roads,1091175300,Public Participation Roads VI,1091175326,Suyian-Masikita Junction,2630200,Capital Grants to Government Agencies and other Levels of Government,exp,7500000,0,0,0,126,yes
fy-2026-27-development-book-volume-ii-1091-1097,1091,State Department for Roads,1091175300,Public Participation Roads VI,1091175327,Kalalu - Ibis Road,2630200,Capital Grants to Government Agencies and other Levels of Government,exp,15000000,0,0,0,126,yes
fy-2026-27-development-book-volume-ii-1091-1097,1091,State Department for Roads,1091175300,Public Participation Roads VI,1091175328,Street Lighting for Kamunyaka -Kiaruhiu-Itundu Road,2630200,Capital Grants to Government Agencies and other Levels of Government,exp,15000000,0,0,0,126,yes
fy-2026-27-development-book-volume-ii-1091-1097,1091,State Department for Roads,1091175300,Public Participation Roads VI,1091175329,Renovations of Maikuu and Muusini Roads Drift,2630200,Capital Grants to Government Agencies and other Levels of Government,exp,5000000,0,0,0,126,yes
fy-2026-27-development-book-volume-ii-1091-1097,1091,State Department for Roads,1091175300,Public Participation Roads VI,1091175330,Construction and renovations of Muua Drift,2630200,Capital Grants to Government Agencies and other Levels of Government,exp,15000000,0,0,0,126,yes
fy-2026-27-development-book-volume-ii-1091-1097,1091,State Department for Roads,1091175300,Public Participation Roads VI,1091175331,Construction and renovations of Kayatta Drift,2630200,Capital Grants to Government Agencies and other Levels of Government,exp,15000000,0,0,0,127,yes
fy-2026-27-development-book-volume-ii-1091-1097,1091,State Department for Roads,1091175300,Public Participation Roads VI,1091175332,Murraming of Kisingo - Yindalani Road,2630200,Capital Grants to Government Agencies and other Levels of Government,exp,20000000,0,0,0,127,yes
fy-2026-27-development-book-volume-ii-1091-1097,1091,State Department for Roads,1091175300,Public Participation Roads VI,1091175333,Murraming of Kitandi - Mulala - Kiuani kwa Koto Road,2630200,Capital Grants to Government Agencies and other Levels of Government,exp,15000000,0,0,0,127,yes
fy-2026-27-development-book-volume-ii-1091-1097,1091,State Department for Roads,1091175300,Public Participation Roads VI,1091175334,Murraming Nyaburu-Rangwe Road,2630200,Capital Grants to Government Agencies and other Levels of Government,exp,10000000,0,0,0,127,yes
fy-2026-27-development-book-volume-ii-1091-1097,1091,State Department for Roads,1091175300,Public Participation Roads VI,1091175335,Murraming Kadio-Kabodo Road,2630200,Capital Grants to Government Agencies and other Levels of Government,exp,10000000,0,0,0,127,yes
fy-2026-27-development-book-volume-ii-1091-1097,1091,State Department for Roads,1091175300,Public Participation Roads VI,1091175336,Yamogo-Njoro Road,2630200,Capital Grants to Government Agencies and other Levels of Government,exp,12000000,0,0,0,127,yes
fy-2026-27-development-book-volume-ii-1091-1097,1091,State Department for Roads,1091175300,Public Participation Roads VI,1091175337,Ngurweini Kangari Road,2630200,Capital Grants to Government Agencies and other Levels of Government,exp,10000000,0,0,0,127,yes
fy-2026-27-development-book-volume-ii-1091-1097,1091,State Department for Roads,1091175300,Public Participation Roads VI,1091175338,Heho-Bunge Road,2630200,Capital Grants to Government Agencies and other Levels of Government,exp,10000000,0,0,0,127,yes
fy-2026-27-development-book-volume-ii-1091-1097,1091,State Department for Roads,1091175300,Public Participation Roads VI,1091175339,Kora-Itharaandu-Kwa Guka Road,2630200,Capital Grants to Government Agencies and other Levels of Government,exp,10000000,0,0,0,127,yes
fy-2026-27-development-book-volume-ii-1091-1097,1091,State Department for Roads,1091175300,Public Participation Roads VI,1091175340,Kang'ong'i-Gikindu-Kamacharia Road,2630200,Capital Grants to Government Agencies and other Levels of Government,exp,10000000,0,0,0,127,yes
fy-2026-27-development-book-volume-ii-1091-1097,1091,State Department for Roads,1091175300,Public Participation Roads VI,1091175341,Gatunguru-Kiamahindu Road,2630200,Capital Grants to Government Agencies and other Levels of Government,exp,10000000,0,0,0,128,yes
fy-2026-27-development-book-volume-ii-1091-1097,1091,State Department for Roads,1091175300,Public Participation Roads VI,1091175342,murram road in Sabasaba ACK church-Maganjo,2630200,Capital Grants to Government Agencies and other Levels of Government,exp,7500000,0,0,0,128,yes
fy-2026-27-development-book-volume-ii-1091-1097,1091,State Department for Roads,1091175300,Public Participation Roads VI,1091175343,Murram road in Maragua Township-Mariki,2630200,Capital Grants to Government Agencies and other Levels of Government,exp,7500000,0,0,0,128,yes
fy-2026-27-development-book-volume-ii-1091-1097,1091,State Department for Roads,1091175300,Public Participation Roads VI,1091175344,Tartar-Kapkelewa Road,2630200,Capital Grants to Government Agencies and other Levels of Government,exp,6000000,0,0,0,128,yes
fy-2026-27-development-book-volume-ii-1091-1097,1091,State Department for Roads,1091175300,Public Participation Roads VI,1091175345,Seretunin Primary-Manach Road,2630200,Capital Grants to Government Agencies and other Levels of Government,exp,5000000,0,0,0,128,yes
fy-2026-27-development-book-volume-ii-1091-1097,1091,State Department for Roads,1091175300,Public Participation Roads VI,1091175346,Kapkut-Kapcherebet-Kiosk Road,2630200,Capital Grants to Government Agencies and other Levels of Government,exp,5000000,0,0,0,128,yes
fy-2026-27-development-book-volume-ii-1091-1097,1091,State Department for Roads,1091175300,Public Participation Roads VI,1091175347,Bargelech-Ergeton Road,2630200,Capital Grants to Government Agencies and other Levels of Government,exp,10000000,0,0,0,128,yes
fy-2026-27-development-book-volume-ii-1091-1097,1091,State Department for Roads,1091175300,Public Participation Roads VI,1091175348,Keon Nyimbei Road,2630200,Capital Grants to Government Agencies and other Levels of Government,exp,5000000,0,0,0,128,yes
fy-2026-27-development-book-volume-ii-1091-1097,1091,State Department for Roads,1091175300,Public Participation Roads VI,1091175349,Muliora- Mercyline Junction Road,2630200,Capital Grants to Government Agencies and other Levels of Government,exp,10000000,0,0,0,128,yes
fy-2026-27-development-book-volume-ii-1091-1097,1091,State Department for Roads,1091175300,Public Participation Roads VI,1091175350,Soko Hewani- Galo- Kutondo- Jebwai Booster Road,2630200,Capital Grants to Government Agencies and other Levels of Government,exp,10000000,0,0,0,128,yes
fy-2026-27-development-book-volume-ii-1091-1097,1091,State Department for Roads,1091175300,Public Participation Roads VI,1091175351,Malava - Samisi Road,2630200,Capital Grants to Government Agencies and other Levels of Government,exp,10000000,0,0,0,128,yes
fy-2026-27-development-book-volume-ii-1091-1097,1091,State Department for Roads,1091175300,Public Participation Roads VI,1091175352,Planet- Emasera Junction Road,2630200,Capital Grants to Government Agencies and other Levels of Government,exp,10000000,0,0,0,129,yes
fy-2026-27-development-book-volume-ii-1091-1097,1091,State Department for Roads,1091175300,Public Participation Roads VI,1091175353,Bushirika-Eregi Road,2630200,Capital Grants to Government Agencies and other Levels of Government,exp,10000000,0,0,0,129,yes
fy-2026-27-development-book-volume-ii-1091-1097,1091,State Department for Roads,1091175300,Public Participation Roads VI,1091175354,Shibwe- Shamsinjiri Road,2630200,Capital Grants to Government Agencies and other Levels of Government,exp,10000000,0,0,0,129,yes
fy-2026-27-development-book-volume-ii-1091-1097,1091,State Department for Roads,1091175300,Public Participation Roads VI,1091175355,Burya Primary-Ruwe Bridge-Busheya Primary-Lukongo Markt-,2630200,Capital Grants to Government Agencies and other Levels of Government,exp,10000000,0,0,0,129,yes
fy-2026-27-development-book-volume-ii-1091-1097,1091,State Department for Roads,1091175300,Public Participation Roads VI,1091175356,Ichinja Market-Shakula Road,2630200,Capital Grants to Government Agencies and other Levels of Government,exp,10000000,0,0,0,129,yes
fy-2026-27-development-book-volume-ii-1091-1097,1091,State Department for Roads,1091175300,Public Participation Roads VI,1091175357,Shurulu Catholic Church- Lukango Road,2630200,Capital Grants to Government Agencies and other Levels of Government,exp,10000000,0,0,0,129,yes
fy-2026-27-development-book-volume-ii-1091-1097,1091,State Department for Roads,1091175300,Public Participation Roads VI,1091175358,Lwakhupa - Sirgoi-Emulakha Road,2630200,Capital Grants to Government Agencies and other Levels of Government,exp,8000000,0,0,0,129,yes
fy-2026-27-development-book-volume-ii-1091-1097,1091,State Department for Roads,1091175300,Public Participation Roads VI,1091175359,Kharanda - Buchangu - Siyombe Road,2630200,Capital Grants to Government Agencies and other Levels of Government,exp,7000000,0,0,0,129,yes
fy-2026-27-development-book-volume-ii-1091-1097,1091,State Department for Roads,1091175300,Public Participation Roads VI,1091175360,box culvert at Sakutiek -Kimelok Road,2630200,Capital Grants to Government Agencies and other Levels of Government,exp,10000000,0,0,0,129,yes
fy-2026-27-development-book-volume-ii-1091-1097,1091,State Department for Roads,1091175300,Public Participation Roads VI,1091175361,Mghamboni Market Roads,2630200,Capital Grants to Government Agencies and other Levels of Government,exp,10000000,0,0,0,129,yes
fy-2026-27-development-book-volume-ii-1091-1097,1091,State Department for Roads,1091175300,Public Participation Roads VI,1091175362,Mghange-Marungu Road,2630200,Capital Grants to Government Agencies and other Levels of Government,exp,10000000,0,0,0,130,yes
fy-2026-27-development-book-volume-ii-1091-1097,1091,State Department for Roads,1091175300,Public Participation Roads VI,1091175363,Choi - Kwa Tiiti Road,2630200,Capital Grants to Government Agencies and other Levels of Government,exp,8000000,0,0,0,130,yes
fy-2026-27-development-book-volume-ii-1091-1097,1091,State Department for Roads,1091175300,Public Participation Roads VI,1091175364,Bomas - Farm Hospital Road,2630200,Capital Grants to Government Agencies and other Levels of Government,exp,7000000,0,0,0,130,yes
fy-2026-27-development-book-volume-ii-1091-1097,1091,State Department for Roads,1091175300,Public Participation Roads VI,1091175365,Micogo-Kaugi Road,2630200,Capital Grants to Government Agencies and other Levels of Government,exp,7000000,0,0,0,130,yes
fy-2026-27-development-book-volume-ii-1091-1097,1091,State Department for Roads,1091175300,Public Participation Roads VI,1091175366,Nkiriana-Antobathea-Mailune Road,2630200,Capital Grants to Government Agencies and other Levels of Government,exp,7000000,0,0,0,130,yes
fy-2026-27-development-book-volume-ii-1091-1097,1091,State Department for Roads,1091175300,Public Participation Roads VI,1091175367,Karama-Mbaranga-Kirima Road,2630200,Capital Grants to Government Agencies and other Levels of Government,exp,7000000,0,0,0,130,yes
fy-2026-27-development-book-volume-ii-1091-1097,1091,State Department for Roads,1091175300,Public Participation Roads VI,1091175368,Maintenance and Improvement of Savanna -Bahati Zone Road -,2630200,Capital Grants to Government Agencies and other Levels of Government,exp,14000000,0,0,0,130,yes
fy-2026-27-development-book-volume-ii-1091-1097,1091,State Department for Roads,1091175300,Public Participation Roads VI,1091175369,Maintenance and Improvement of Mabatini - NGO Road - KeRRA,2630200,Capital Grants to Government Agencies and other Levels of Government,exp,14000000,0,0,0,130,yes
fy-2026-27-development-book-volume-ii-1091-1097,1091,State Department for Roads,1091175300,Public Participation Roads VI,1091175370,Maintenance and improvement of Tassia Complex Zone Road - KeRRA,2630200,Capital Grants to Government Agencies and other Levels of Government,exp,14000000,0,0,0,130,yes
fy-2026-27-development-book-volume-ii-1091-1097,1091,State Department for Roads,1091175300,Public Participation Roads VI,1091175371,Maintenance and improvement of Unity Road - KeRRA,2630200,Capital Grants to Government Agencies and other Levels of Government,exp,14000000,0,0,0,130,yes
fy-2026-27-development-book-volume-ii-1091-1097,1091,State Department for Roads,1091175300,Public Participation Roads VI,1091175372,Maintenance and improvement of Madiba Drive Road in Tassia -,2630200,Capital Grants to Government Agencies and other Levels of Government,exp,14000000,0,0,0,130,yes
fy-2026-27-development-book-volume-ii-1091-1097,1091,State Department for Roads,1091175300,Public Participation Roads VI,1091175373,Maintenance and improvement of Embakasi Primary-Mosque Road -,2630200,Capital Grants to Government Agencies and other Levels of Government,exp,14000000,0,0,0,131,yes
fy-2026-27-development-book-volume-ii-1091-1097,1091,State Department for Roads,1091175300,Public Participation Roads VI,1091175374,Maintenance and improvement of Mradi Church Road - KeRRA,2630200,Capital Grants to Government Agencies and other Levels of Government,exp,14000000,0,0,0,131,yes
fy-2026-27-development-book-volume-ii-1091-1097,1091,State Department for Roads,1091175300,Public Participation Roads VI,1091175375,Maintenance and improvement of Kwa Ndege towards Chemist Road-,2630200,Capital Grants to Government Agencies and other Levels of Government,exp,14000000,0,0,0,131,yes
fy-2026-27-development-book-volume-ii-1091-1097,1091,State Department for Roads,1091175300,Public Participation Roads VI,1091175376,Maintenance and improvement of Valley Road - KeRRA,2630200,Capital Grants to Government Agencies and other Levels of Government,exp,14000000,0,0,0,131,yes
fy-2026-27-development-book-volume-ii-1091-1097,1091,State Department for Roads,1091175300,Public Participation Roads VI,1091175377,Maintenance and improvement of Savanna Muhoroto Road - KeRRA,2630200,Capital Grants to Government Agencies and other Levels of Government,exp,14000000,0,0,0,131,yes
fy-2026-27-development-book-volume-ii-1091-1097,1091,State Department for Roads,1091175300,Public Participation Roads VI,1091175378,Maintenance and improvement of Utawala Ring Road to RDU -,2630200,Capital Grants to Government Agencies and other Levels of Government,exp,14000000,0,0,0,131,yes
fy-2026-27-development-book-volume-ii-1091-1097,1091,State Department for Roads,1091175500,KIHBT Civil Works ILO Partnership,1091175501,KIHBT Civil Works ILO Partnership,3110500,Construction and Civil Works,exp,20000000,0,0,0,131,yes
fy-2026-27-development-book-volume-ii-1091-1097,1091,State Department for Roads,1091175600,Critical Roads XXII (Critical Roads IV),1091175678,Mawingu pri - GIlgil border,2630200,Capital Grants to Government Agencies and other Levels of Government,exp,8280125,0,0,0,131,yes
fy-2026-27-development-book-volume-ii-1091-1097,1091,State Department for Roads,1091175600,Critical Roads XXII (Critical Roads IV),1091175696,Muthure Kanyariri Road,2630200,Capital Grants to Government Agencies and other Levels of Government,exp,35000000,0,0,0,132,yes
fy-2026-27-development-book-volume-ii-1091-1097,1091,State Department for Roads,1091175700,Critical Roads XXII (Critical Roads V),1091175703,Ndia TVET Access Rods,2630200,Capital Grants to Government Agencies and other Levels of Government,exp,135521121,18437430,166864752,165008987,132,yes
fy-2026-27-development-book-volume-ii-1091-1097,1091,State Department for Roads,1091175700,Critical Roads XXII (Critical Roads V),1091175734,Riamugaa - Kiandagae,2630200,Capital Grants to Government Agencies and other Levels of Government,exp,130200830,8915206,89152054,0,132,yes
fy-2026-27-development-book-volume-ii-1091-1097,1091,State Department for Roads,1091175700,Critical Roads XXII (Critical Roads V),1091175768,Adad jole-Gurar,2630200,Capital Grants to Government Agencies and other Levels of Government,exp,11040166,0,0,0,132,yes
fy-2026-27-development-book-volume-ii-1091-1097,1091,State Department for Roads,1091175700,Critical Roads XXII (Critical Roads V),1091175776,Construction of Lafey Township Roads,2630200,Capital Grants to Government Agencies and other Levels of Government,exp,2324411,5693788,26523006,58883800,132,yes
fy-2026-27-development-book-volume-ii-1091-1097,1091,State Department for Roads,1091175700,Critical Roads XXII (Critical Roads V),1091175782,Estereno-Qarsasare,2630200,Capital Grants to Government Agencies and other Levels of Government,exp,15000000,0,0,0,132,yes
fy-2026-27-development-book-volume-ii-1091-1097,1091,State Department for Roads,1091175700,Critical Roads XXII (Critical Roads V),1091175783,Gaitega - Gituri,2630200,Capital Grants to Government Agencies and other Levels of Government,exp,25000000,0,0,0,132,yes
fy-2026-27-development-book-volume-ii-1091-1097,1091,State Department for Roads,1091175700,Critical Roads XXII (Critical Roads V),1091175796,Kahaini - Kiburugi - -Njira Inya,2630200,Capital Grants to Government Agencies and other Levels of Government,exp,19127088,24425034,11799646,279000960,132,yes
fy-2026-27-development-book-volume-ii-1091-1097,1091,State Department for Roads,1091175800,Critical Roads XXII (Critical Roads VI),1091175808,Kaweru - Kabui - Muringa - Mugumo ini,2630200,Capital Grants to Government Agencies and other Levels of Government,exp,0,4592434,0,0,132,yes
fy-2026-27-development-book-volume-ii-1091-1097,1091,State Department for Roads,1091175800,Critical Roads XXII (Critical Roads VI),1091175818,Kigetuini - Mitundu,2630200,Capital Grants to Government Agencies and other Levels of Government,exp,55000000,0,0,0,133,yes
fy-2026-27-development-book-volume-ii-1091-1097,1091,State Department for Roads,1091175800,Critical Roads XXII (Critical Roads VI),1091175821,Kiritiri - Kiambeere Road,2630200,Capital Grants to Government Agencies and other Levels of Government,exp,0,98988788,633932727,751910303,133,yes
fy-2026-27-development-book-volume-ii-1091-1097,1091,State Department for Roads,1091175800,Critical Roads XXII (Critical Roads VI),1091175823,Kivandini - Miseleni Road,2630200,Capital Grants to Government Agencies and other Levels of Government,exp,11466955,62214795,370859178,400147944,133,yes
fy-2026-27-development-book-volume-ii-1091-1097,1091,State Department for Roads,1091175800,Critical Roads XXII (Critical Roads VI),1091175825,Kunene - St Ann - Kagaene - Miomboni,2630200,Capital Grants to Government Agencies and other Levels of Government,exp,0,115531978,116809112,499361433,133,yes
fy-2026-27-development-book-volume-ii-1091-1097,1091,State Department for Roads,1091175800,Critical Roads XXII (Critical Roads VI),1091175833,Maragi - Kahuti (Kirogo/Kiruri- Gitui - Gathera - Kariciungu JNCT,2630200,Capital Grants to Government Agencies and other Levels of Government,exp,0,21149508,140789847,116901078,133,yes
fy-2026-27-development-book-volume-ii-1091-1097,1091,State Department for Roads,1091175800,Critical Roads XXII (Critical Roads VI),1091175843,Mitarakwa - Ha Paulo Mahuani - Ititu Road,2630200,Capital Grants to Government Agencies and other Levels of Government,exp,50000000,0,0,0,133,yes
fy-2026-27-development-book-volume-ii-1091-1097,1091,State Department for Roads,1091175800,Critical Roads XXII (Critical Roads VI),1091175846,Muchungucha Gacharu Mbombo,2630200,Capital Grants to Government Agencies and other Levels of Government,exp,70000000,0,0,0,133,yes
fy-2026-27-development-book-volume-ii-1091-1097,1091,State Department for Roads,1091175800,Critical Roads XXII (Critical Roads VI),1091175853,"Mutego- Gitaru Road, Kabete",2630200,Capital Grants to Government Agencies and other Levels of Government,exp,30000000,0,0,0,133,yes
fy-2026-27-development-book-volume-ii-1091-1097,1091,State Department for Roads,1091175800,Critical Roads XXII (Critical Roads VI),1091175859,Njambini - Sasuswa dam,2630200,Capital Grants to Government Agencies and other Levels of Government,exp,0,30920552,155565376,184560696,133,yes
fy-2026-27-development-book-volume-ii-1091-1097,1091,State Department for Roads,1091175800,Critical Roads XXII (Critical Roads VI),1091175866,Nyarach - Oboke - Rangwe,2630200,Capital Grants to Government Agencies and other Levels of Government,exp,18216274,93418403,84324536,82561621,133,yes
fy-2026-27-development-book-volume-ii-1091-1097,1091,State Department for Roads,1091175800,Critical Roads XXII (Critical Roads VI),1091175876,RWC 595 - Nyabigena - Matangamano - Nyakorere - Nduru Road,2630200,Capital Grants to Government Agencies and other Levels of Government,exp,18848891,41400211,43155893,55425636,134,yes
fy-2026-27-development-book-volume-ii-1091-1097,1091,State Department for Roads,1091175800,Critical Roads XXII (Critical Roads VI),1091175889,Witu - Sendemke - Kakate - Maleli - Boramoyo,2630200,Capital Grants to Government Agencies and other Levels of Government,exp,683110,0,0,0,134,yes
fy-2026-27-development-book-volume-ii-1091-1097,1091,State Department for Roads,1091176000,Critical Roads XXII (Critical Roads VIII),1091176069,Jnct C501 -Kisima,2630200,Capital Grants to Government Agencies and other Levels of Government,exp,15000000,0,0,0,134,yes
fy-2026-27-development-book-volume-ii-1091-1097,1091,State Department for Roads,1091176000,Critical Roads XXII (Critical Roads VIII),1091176070,Jnct C513 Karima Dispensary - Gura River,2630200,Capital Grants to Government Agencies and other Levels of Government,exp,12000000,0,0,0,134,yes
fy-2026-27-development-book-volume-ii-1091-1097,1091,State Department for Roads,1091176000,Critical Roads XXII (Critical Roads VIII),1091176071,Junc C450 ABC Makutano-Kimangu - Marikiti,2630200,Capital Grants to Government Agencies and other Levels of Government,exp,11040166,0,0,0,134,yes
fy-2026-27-development-book-volume-ii-1091-1097,1091,State Department for Roads,1091176000,Critical Roads XXII (Critical Roads VIII),1091176072,Kavote -Forest,2630200,Capital Grants to Government Agencies and other Levels of Government,exp,8280125,18000000,0,0,134,yes
fy-2026-27-development-book-volume-ii-1091-1097,1091,State Department for Roads,1091176200,Critical Roads XXIII (Critical Roads II) - II,1091176294,River Kuywa-Jn1241 Kuywa Road,2630200,Capital Grants to Government Agencies and other Levels of Government,exp,0,50000000,0,0,134,yes
fy-2026-27-development-book-volume-ii-1091-1097,1091,State Department for Roads,1091176300,Critical Roads XXIII (Critical Roads II) - III,1091176335,Imenti - Wamura,2630200,Capital Grants to Government Agencies and other Levels of Government,exp,15000000,0,0,0,134,yes
fy-2026-27-development-book-volume-ii-1091-1097,1091,State Department for Roads,1091176300,Critical Roads XXIII (Critical Roads II) - III,1091176349,Kianjai - Miathane - Mikinduri,2630200,Capital Grants to Government Agencies and other Levels of Government,exp,50000000,49702045,42139631,42139631,135,yes
fy-2026-27-development-book-volume-ii-1091-1097,1091,State Department for Roads,1091176300,Critical Roads XXIII (Critical Roads II) - III,1091176362,Kipangawau Pry - Mwariki Sec School- Pembe Mbili - Eldo Rd,2630200,Capital Grants to Government Agencies and other Levels of Government,exp,0,28616678,28616678,0,135,yes
fy-2026-27-development-book-volume-ii-1091-1097,1091,State Department for Roads,1091176300,Critical Roads XXIII (Critical Roads II) - III,1091176363,Kolelach bridge - Kolelach - Taunet Road,2630200,Capital Grants to Government Agencies and other Levels of Government,exp,20000000,9872145,95759799,19744288,135,yes
fy-2026-27-development-book-volume-ii-1091-1097,1091,State Department for Roads,1091176300,Critical Roads XXIII (Critical Roads II) - III,1091176368,Likii - KoKabauini - Munyakagi,2630200,Capital Grants to Government Agencies and other Levels of Government,exp,15000000,0,0,0,135,yes
fy-2026-27-development-book-volume-ii-1091-1097,1091,State Department for Roads,1091176300,Critical Roads XXIII (Critical Roads II) - III,1091176391,Wagichere - Mirera Junction,2630200,Capital Grants to Government Agencies and other Levels of Government,exp,15000000,0,0,0,135,yes
fy-2026-27-development-book-volume-ii-1091-1097,1091,State Department for Roads,1091176500,Critical Roads XXIII (Critical Roads IV),1091176521,Kairichi-Kamwangi Rd,2630200,Capital Grants to Government Agencies and other Levels of Government,exp,15000000,0,0,0,135,yes
fy-2026-27-development-book-volume-ii-1091-1097,1091,State Department for Roads,1091176500,Critical Roads XXIII (Critical Roads IV),1091176597,Konyao-Kangoletiang-Sirwach-Riting,2630200,Capital Grants to Government Agencies and other Levels of Government,exp,50000000,0,0,0,135,yes
fy-2026-27-development-book-volume-ii-1091-1097,1091,State Department for Roads,1091176600,Critical Roads XXIII (Critical Roads V),1091176668,Gatono Nazareth Bridge (KeRRA),2630200,Capital Grants to Government Agencies and other Levels of Government,exp,25000000,0,0,0,135,yes
fy-2026-27-development-book-volume-ii-1091-1097,1091,State Department for Roads,1091176600,Critical Roads XXIII (Critical Roads V),1091176687,Emakina- Loop,2630200,Capital Grants to Government Agencies and other Levels of Government,exp,8280125,0,0,0,136,yes
fy-2026-27-development-book-volume-ii-1091-1097,1091,State Department for Roads,1091176600,Critical Roads XXIII (Critical Roads V),1091176691,Mucharage Primary Chalicha Market,2630200,Capital Grants to Government Agencies and other Levels of Government,exp,8280125,0,0,0,136,yes
fy-2026-27-development-book-volume-ii-1091-1097,1091,State Department for Roads,1091176600,Critical Roads XXIII (Critical Roads V),1091176699,Access Lake Oloborosat Pry School,2630200,Capital Grants to Government Agencies and other Levels of Government,exp,10000000,0,0,0,136,yes
fy-2026-27-development-book-volume-ii-1091-1097,1091,State Department for Roads,1091176700,Construction of Illasit-Njukini-Taveta-Road,1091176701,Construction of Illasit-Njukini-Taveta-Road,2630200,Capital Grants to Government Agencies and other Levels of Government,exp,0,420000000,100000000,145839974,136,yes
fy-2026-27-development-book-volume-ii-1091-1097,1091,State Department for Roads,1091177000,Construction of Greater Eastern Bypass Road,1091177001,Construction of Greater Eastern Bypass Road,2630200,Capital Grants to Government Agencies and other Levels of Government,exp,0,231000000,751097333,800000000,136,yes
fy-2026-27-development-book-volume-ii-1091-1097,1091,State Department for Roads,1091177300,Nairobi Roads Renewal/ Regeneration,1091177301,Nairobi Roads Renewal/ Regeneration,2630200,Capital Grants to Government Agencies and other Levels of Government,exp,251914139,100000000,200000000,300000000,136,yes
fy-2026-27-development-book-volume-ii-1091-1097,1091,State Department for Roads,1091177500,Dualling Langata (Galleria-Karen)-Dagorreti Road(Karen-Dagorreti),1091177501,Dualling Langata (Galleria-Karen)-Dagorreti Road(Karen-Dagorreti),2630200,Capital Grants to Government Agencies and other Levels of Government,exp,0,120000000,150000000,350000000,136,yes
fy-2026-27-development-book-volume-ii-1091-1097,1091,State Department for Roads,1091177800,Construction of Mlolongo - Athi River - Joska Phase II,1091177801,Construction of Mlolongo - Athi River - Joska Phase II,2630200,Capital Grants to Government Agencies and other Levels of Government,exp,0,105000000,150000000,450000000,137,yes
fy-2026-27-development-book-volume-ii-1091-1097,1091,State Department for Roads,1091178000,Construction of Eldoret City Link Roads,1091178001,Construction of Eldoret City Link Roads,2630200,Capital Grants to Government Agencies and other Levels of Government,exp,96489153,150000000,200000000,250000000,137,yes
fy-2026-27-development-book-volume-ii-1091-1097,1091,State Department for Roads,1091178100,Construction of Syokimau Link Roads( Roads and Trunk Drains),1091178101,Construction of Syokimau Link Roads( Roads and Trunk Drains),2630200,Capital Grants to Government Agencies and other Levels of Government,exp,34265546,160000000,200000000,350000000,137,yes
fy-2026-27-development-book-volume-ii-1091-1097,1091,State Department for Roads,1091178500,Construction of Maralal Town Link Roads,1091178501,Construction of Maralal Town Link Road,2630200,Capital Grants to Government Agencies and other Levels of Government,exp,120611440,75000000,200000000,200000000,137,yes
fy-2026-27-development-book-volume-ii-1091-1097,1091,State Department for Roads,1091178700,Construction of Konza - A109 Road Section,1091178701,Construction of Konza - A109 Road Section,2630200,Capital Grants to Government Agencies and other Levels of Government,exp,0,50000000,150000000,300000000,137,yes
fy-2026-27-development-book-volume-ii-1091-1097,1091,State Department for Roads,1091179000,Kenya Roads Board (KRB),1091179001,Kenya Roads Board (KRB)- Securitization Phase I (Ksh.7),2630200,Capital Grants to Government Agencies and other Levels of Government,exp,32000000000,32667610250,33320602455,33972994504,138,yes
fy-2026-27-development-book-volume-ii-1091-1097,1091,State Department for Roads,1091179000,Kenya Roads Board (KRB),1091179001,Kenya Roads Board (KRB)- Securitization Phase I (Ksh.7),1330400,Grants Received by Other General Government Units from Fund Accounts,aia,32000000000,32667610250,33320602455,33972994504,138,yes
fy-2026-27-development-book-volume-ii-1091-1097,1091,State Department for Roads,1091179000,Kenya Roads Board (KRB),1091179002,Kenya Roads Board (KRB)- Securitization Phase II (Ksh.5),2630200,Capital Grants to Government Agencies and other Levels of Government,exp,0,23146460000,23146460000,23146460000,138,yes
fy-2026-27-development-book-volume-ii-1091-1097,1091,State Department for Roads,1091179000,Kenya Roads Board (KRB),1091179002,Kenya Roads Board (KRB)- Securitization Phase II (Ksh.5),1330400,Grants Received by Other General Government Units from Fund Accounts,aia,0,23146460000,23146460000,23146460000,138,yes
fy-2026-27-development-book-volume-ii-1091-1097,1091,State Department for Roads,1091179400,Upgrading to Bitumen Standard of Wahambla-Imbo Road,1091179401,Upgrading to Bitumen Standard of Wahambla-Imbo Road,2630200,Capital Grants to Government Agencies and other Levels of Government,exp,19588193,49526908,56885107,69356487,138,yes
fy-2026-27-development-book-volume-ii-1091-1097,1091,State Department for Roads,1091179500,Upgrading to Bitumen Standards of Ruga-Lala Road,1091179501,Upgrading to Bitumen Standards of Ruga-Lala Road,2630200,Capital Grants to Government Agencies and other Levels of Government,exp,118444753,58183142,74288558,88524620,138,yes
fy-2026-27-development-book-volume-ii-1091-1097,1091,State Department for Roads,1091179600,Arujo Bridge Construction,1091179601,Arujo Bridge Construction,2630200,Capital Grants to Government Agencies and other Levels of Government,exp,0,98057689,0,0,138,yes
fy-2026-27-development-book-volume-ii-1091-1097,1091,State Department for Roads,1091179900,Holo - Lela,1091179901,Holo - Lela,2630200,Capital Grants to Government Agencies and other Levels of Government,exp,200000000,199112582,76392039,98225163,139,yes
fy-2026-27-development-book-volume-ii-1091-1097,1091,State Department for Roads,1091180000,Low Volume Seal Road - LVSR VI,1091180003,Nyeri-Kiandu-Karima-Othaya,2630200,Capital Grants to Government Agencies and other Levels of Government,exp,75995255,90000000,0,0,139,yes
fy-2026-27-development-book-volume-ii-1091-1097,1091,State Department for Roads,1091180000,Low Volume Seal Road - LVSR VI,1091180004,Sweetwaters-Olpajeta-Marura/Gospel Church-Baraka-Mirera-Nanyuki,2630200,Capital Grants to Government Agencies and other Levels of Government,exp,24840374,0,0,0,139,yes
fy-2026-27-development-book-volume-ii-1091-1097,1091,State Department for Roads,1091180000,Low Volume Seal Road - LVSR VI,1091180005,Gwa Kanyi-Matunda-Wamura Wiyumiririe-Wiyumiririe Polytechnic-,2630200,Capital Grants to Government Agencies and other Levels of Government,exp,16560249,0,0,0,139,yes
fy-2026-27-development-book-volume-ii-1091-1097,1091,State Department for Roads,1091180000,Low Volume Seal Road - LVSR VI,1091180006,Graveling of Toboroi - Yatia - Loruk,2630200,Capital Grants to Government Agencies and other Levels of Government,exp,13662205,0,0,0,139,yes
fy-2026-27-development-book-volume-ii-1091-1097,1091,State Department for Roads,1091180000,Low Volume Seal Road - LVSR VI,1091180007,Nyangombe-Mondoiwet Bridge,2630200,Capital Grants to Government Agencies and other Levels of Government,exp,11385171,0,0,0,139,yes
fy-2026-27-development-book-volume-ii-1091-1097,1091,State Department for Roads,1091180000,Low Volume Seal Road - LVSR VI,1091180008,Kirimose-Nyamarenda Bridge,2630200,Capital Grants to Government Agencies and other Levels of Government,exp,11385171,0,0,0,139,yes
fy-2026-27-development-book-volume-ii-1091-1097,1091,State Department for Roads,1091180000,Low Volume Seal Road - LVSR VI,1091180009,Graveling of Makutano- Kapkelei- Kiricha- Saunet-Kamureito-Kipsoni-,2630200,Capital Grants to Government Agencies and other Levels of Government,exp,11385171,0,0,0,139,yes
fy-2026-27-development-book-volume-ii-1091-1097,1091,State Department for Roads,1091180000,Low Volume Seal Road - LVSR VI,1091180010,Graveling of East Sotik- Kipsiwon/Kapsoiyo Centre -Tenwek Junction,2630200,Capital Grants to Government Agencies and other Levels of Government,exp,18216274,0,0,0,139,yes
fy-2026-27-development-book-volume-ii-1091-1097,1091,State Department for Roads,1091180000,Low Volume Seal Road - LVSR VI,1091180011,Kojyet Bridge,2630200,Capital Grants to Government Agencies and other Levels of Government,exp,11385171,0,0,0,140,yes
fy-2026-27-development-book-volume-ii-1091-1097,1091,State Department for Roads,1091180000,Low Volume Seal Road - LVSR VI,1091180012,Graveling of Kirait-Kapkures Jnct-Kinyeliet Jnct-Kipsonoi river,2630200,Capital Grants to Government Agencies and other Levels of Government,exp,11385171,0,0,0,140,yes
fy-2026-27-development-book-volume-ii-1091-1097,1091,State Department for Roads,1091180000,Low Volume Seal Road - LVSR VI,1091180013,Graveling of Kapkures Jnct- Kapkura- Samcheit- Tembwo-Ndani/Sotik,2630200,Capital Grants to Government Agencies and other Levels of Government,exp,11385171,0,0,0,140,yes
fy-2026-27-development-book-volume-ii-1091-1097,1091,State Department for Roads,1091180000,Low Volume Seal Road - LVSR VI,1091180014,Graveling of Sitoo - Magoita Kiromwok / ?Chemaner - Maroba -,2630200,Capital Grants to Government Agencies and other Levels of Government,exp,9108137,0,0,0,140,yes
fy-2026-27-development-book-volume-ii-1091-1097,1091,State Department for Roads,1091180000,Low Volume Seal Road - LVSR VI,1091180015,?Kosior bridge,2630200,Capital Grants to Government Agencies and other Levels of Government,exp,6831103,0,0,0,140,yes
fy-2026-27-development-book-volume-ii-1091-1097,1091,State Department for Roads,1091180000,Low Volume Seal Road - LVSR VI,1091180016,Muyondo Box culvert and approach roads,2630200,Capital Grants to Government Agencies and other Levels of Government,exp,11385171,0,0,0,140,yes
fy-2026-27-development-book-volume-ii-1091-1097,1091,State Department for Roads,1091180000,Low Volume Seal Road - LVSR VI,1091180017,Cheptare - Kobolwo Box Culvert,2630200,Capital Grants to Government Agencies and other Levels of Government,exp,6831103,0,0,0,140,yes
fy-2026-27-development-book-volume-ii-1091-1097,1091,State Department for Roads,1091180000,Low Volume Seal Road - LVSR VI,1091180018,Graveling of Chepnyaliliet- Chepwostuiyet- kimugul sagana- chesegem-,2630200,Capital Grants to Government Agencies and other Levels of Government,exp,18216274,0,0,0,140,yes
fy-2026-27-development-book-volume-ii-1091-1097,1091,State Department for Roads,1091180000,Low Volume Seal Road - LVSR VI,1091180019,Graveling of Kapsaylel-kaptwolo centre-chelelach/Kapchumbe-,2630200,Capital Grants to Government Agencies and other Levels of Government,exp,11385171,0,0,0,140,yes
fy-2026-27-development-book-volume-ii-1091-1097,1091,State Department for Roads,1091180000,Low Volume Seal Road - LVSR VI,1091180020,Graveling of Cheptais - Chesiro/Chepkube - Chebwek /Masaek - KDF,2630200,Capital Grants to Government Agencies and other Levels of Government,exp,83623932,0,0,0,140,yes
fy-2026-27-development-book-volume-ii-1091-1097,1091,State Department for Roads,1091180000,Low Volume Seal Road - LVSR VI,1091180021,Graveling of Kapchebuk - Rwanda/Korong 'utuny Kapkirongo/Kopsiro,2630200,Capital Grants to Government Agencies and other Levels of Government,exp,96489153,0,0,0,140,yes
fy-2026-27-development-book-volume-ii-1091-1097,1091,State Department for Roads,1091180000,Low Volume Seal Road - LVSR VI,1091180022,Graveling of Cheptonon Kolongei /Kaptama - Kiptichor Road,2630200,Capital Grants to Government Agencies and other Levels of Government,exp,28254175,0,0,0,141,yes
fy-2026-27-development-book-volume-ii-1091-1097,1091,State Department for Roads,1091180000,Low Volume Seal Road - LVSR VI,1091180023,Matayo-Nangina-Sioport-Sisenye-Budubusi-Nakhwanga Upgrade to,2630200,Capital Grants to Government Agencies and other Levels of Government,exp,207073915,42996331,91064407,102913577,141,yes
fy-2026-27-development-book-volume-ii-1091-1097,1091,State Department for Roads,1091180000,Low Volume Seal Road - LVSR VI,1091180024,Butula-Nambale-Amukura-Amagoro Upgrade to bitumen standards,2630200,Capital Grants to Government Agencies and other Levels of Government,exp,207073915,74985911,67363331,149971821,141,yes
fy-2026-27-development-book-volume-ii-1091-1097,1091,State Department for Roads,1091180000,Low Volume Seal Road - LVSR VI,1091180025,Gravelling St Michael Primary -Chawis Primary-Lemelwo-Kamogo,2630200,Capital Grants to Government Agencies and other Levels of Government,exp,13662205,0,0,0,141,yes
fy-2026-27-development-book-volume-ii-1091-1097,1091,State Department for Roads,1091180000,Low Volume Seal Road - LVSR VI,1091180026,Gravelling of Maron-Katilet-mungwo-chemistoo,2630200,Capital Grants to Government Agencies and other Levels of Government,exp,17324411,0,0,0,141,yes
fy-2026-27-development-book-volume-ii-1091-1097,1091,State Department for Roads,1091180000,Low Volume Seal Road - LVSR VI,1091180027,Graveling of Kaptarkok - Kaptere - Changach/Kaptere -,2630200,Capital Grants to Government Agencies and other Levels of Government,exp,20493308,0,0,0,141,yes
fy-2026-27-development-book-volume-ii-1091-1097,1091,State Department for Roads,1091180000,Low Volume Seal Road - LVSR VI,1091180028,Gravellign of Kamwosor - Kipteimet Road,2630200,Capital Grants to Government Agencies and other Levels of Government,exp,16394647,0,0,0,141,yes
fy-2026-27-development-book-volume-ii-1091-1097,1091,State Department for Roads,1091180000,Low Volume Seal Road - LVSR VI,1091180029,Graveling of Matungen - Emis- Chororget - Simit - Sego road,2630200,Capital Grants to Government Agencies and other Levels of Government,exp,136315204,19785000,33634500,38343330,141,yes
fy-2026-27-development-book-volume-ii-1091-1097,1091,State Department for Roads,1091180000,Low Volume Seal Road - LVSR VI,1091180030,Graveling of Kaptarakwa - Kaptagat Raod/ Mokwo - Matungen Road,2630200,Capital Grants to Government Agencies and other Levels of Government,exp,17305460,0,0,0,141,yes
fy-2026-27-development-book-volume-ii-1091-1097,1091,State Department for Roads,1091180000,Low Volume Seal Road - LVSR VI,1091180031,Gravelling of HZ - Kitoroch Road,2630200,Capital Grants to Government Agencies and other Levels of Government,exp,15028426,0,0,0,141,yes
fy-2026-27-development-book-volume-ii-1091-1097,1091,State Department for Roads,1091180000,Low Volume Seal Road - LVSR VI,1091180032,Gravelling of Tyre Mbili - Kabarakoyet Road,2630200,Capital Grants to Government Agencies and other Levels of Government,exp,15028426,0,0,0,142,yes
fy-2026-27-development-book-volume-ii-1091-1097,1091,State Department for Roads,1091180000,Low Volume Seal Road - LVSR VI,1091180033,Gravelling of Kapsis - Kapteren,2630200,Capital Grants to Government Agencies and other Levels of Government,exp,15028426,0,0,0,142,yes
fy-2026-27-development-book-volume-ii-1091-1097,1091,State Department for Roads,1091180000,Low Volume Seal Road - LVSR VI,1091180034,Gravelling Kevote-Kivwe-Kithimu-Ena,2630200,Capital Grants to Government Agencies and other Levels of Government,exp,109359227,0,0,0,142,yes
fy-2026-27-development-book-volume-ii-1091-1097,1091,State Department for Roads,1091180000,Low Volume Seal Road - LVSR VI,1091180035,Kararitiri-Rukuriri-Kathangari-Kanyuambora,2630200,Capital Grants to Government Agencies and other Levels of Government,exp,57926598,17805000,30268500,34506090,142,yes
fy-2026-27-development-book-volume-ii-1091-1097,1091,State Department for Roads,1091180000,Low Volume Seal Road - LVSR VI,1091180036,Wamumu-Karaba-Machanga,2630200,Capital Grants to Government Agencies and other Levels of Government,exp,115610240,26682255,28817866,53364508,142,yes
fy-2026-27-development-book-volume-ii-1091-1097,1091,State Department for Roads,1091180000,Low Volume Seal Road - LVSR VI,1091180037,Gikuyari-Kirie-Ishiara,2630200,Capital Grants to Government Agencies and other Levels of Government,exp,110610240,48162120,30172561,96324239,142,yes
fy-2026-27-development-book-volume-ii-1091-1097,1091,State Department for Roads,1091180000,Low Volume Seal Road - LVSR VI,1091180038,Kiritiri-Mariari-Mutuobare,2630200,Capital Grants to Government Agencies and other Levels of Government,exp,115610240,5780512,11561024,37915500,142,yes
fy-2026-27-development-book-volume-ii-1091-1097,1091,State Department for Roads,1091180000,Low Volume Seal Road - LVSR VI,1091180039,Graveling of Hagar Jarer - Benane - Garbatulla,2630200,Capital Grants to Government Agencies and other Levels of Government,exp,18690631,0,0,0,142,yes
fy-2026-27-development-book-volume-ii-1091-1097,1091,State Department for Roads,1091180000,Low Volume Seal Road - LVSR VI,1091180040,Graveling of Kakelo A1 Junction- Riat - Omiro Youth Politechnic - Kac,2630200,Capital Grants to Government Agencies and other Levels of Government,exp,46241444,0,0,0,142,yes
fy-2026-27-development-book-volume-ii-1091-1097,1091,State Department for Roads,1091180000,Low Volume Seal Road - LVSR VI,1091180041,Ngong Bypass,2630200,Capital Grants to Government Agencies and other Levels of Government,exp,158829340,72120381,62567693,144240761,142,yes
fy-2026-27-development-book-volume-ii-1091-1097,1091,State Department for Roads,1091180000,Low Volume Seal Road - LVSR VI,1091180042,Graveling of Kajiado - Kona baridi and Construction Kona Baridi Brid,2630200,Capital Grants to Government Agencies and other Levels of Government,exp,24155514,0,0,0,142,yes
fy-2026-27-development-book-volume-ii-1091-1097,1091,State Department for Roads,1091180000,Low Volume Seal Road - LVSR VI,1091180043,Gravelling Olmarorori-Saikeri-Ilkiloret Road,2630200,Capital Grants to Government Agencies and other Levels of Government,exp,13662205,0,0,0,143,yes
fy-2026-27-development-book-volume-ii-1091-1097,1091,State Department for Roads,1091180000,Low Volume Seal Road - LVSR VI,1091180044,Ongata Rongai- Tuala- Kitengela (PhaseI),2630200,Capital Grants to Government Agencies and other Levels of Government,exp,21432548,0,0,0,143,yes
fy-2026-27-development-book-volume-ii-1091-1097,1091,State Department for Roads,1091180000,Low Volume Seal Road - LVSR VI,1091180045,Graveling of emangulia - dudi/ khwisero - shibanga roads,2630200,Capital Grants to Government Agencies and other Levels of Government,exp,30236616,0,0,0,143,yes
fy-2026-27-development-book-volume-ii-1091-1097,1091,State Department for Roads,1091180000,Low Volume Seal Road - LVSR VI,1091180046,Graveling of Onyuongo-Kaplelartet-Sondu,2630200,Capital Grants to Government Agencies and other Levels of Government,exp,13662205,0,0,0,143,yes
fy-2026-27-development-book-volume-ii-1091-1097,1091,State Department for Roads,1091180000,Low Volume Seal Road - LVSR VI,1091180047,Graveling of Ngewa- Kamuchege-Kagwe,2630200,Capital Grants to Government Agencies and other Levels of Government,exp,16324411,0,0,0,143,yes
fy-2026-27-development-book-volume-ii-1091-1097,1091,State Department for Roads,1091180000,Low Volume Seal Road - LVSR VI,1091180048,Graveling of Etago - ekona - namaiya - mogenda,2630200,Capital Grants to Government Agencies and other Levels of Government,exp,130986616,47272543,7425000,11137500,143,yes
fy-2026-27-development-book-volume-ii-1091-1097,1091,State Department for Roads,1091180000,Low Volume Seal Road - LVSR VI,1091180049,Magara bridge,2630200,Capital Grants to Government Agencies and other Levels of Government,exp,15939240,0,0,0,143,yes
fy-2026-27-development-book-volume-ii-1091-1097,1091,State Department for Roads,1091180000,Low Volume Seal Road - LVSR VI,1091180050,Graveling of Mutomo-Mutha/Kyatune-vote-mukwatangano/ikutha-,2630200,Capital Grants to Government Agencies and other Levels of Government,exp,18216274,0,0,0,143,yes
fy-2026-27-development-book-volume-ii-1091-1097,1091,State Department for Roads,1091180000,Low Volume Seal Road - LVSR VI,1091180051,Ikalakala bridge,2630200,Capital Grants to Government Agencies and other Levels of Government,exp,15939240,0,0,0,143,yes
fy-2026-27-development-book-volume-ii-1091-1097,1091,State Department for Roads,1091180000,Low Volume Seal Road - LVSR VI,1091180052,Tutua-Mbaaria-Kirachene-Gitimene-Kiirua-Gitora upgrade to,2630200,Capital Grants to Government Agencies and other Levels of Government,exp,99608760,37498673,45737121,74997344,143,yes
fy-2026-27-development-book-volume-ii-1091-1097,1091,State Department for Roads,1091180000,Low Volume Seal Road - LVSR VI,1091180053,Graveling of Mea-Naata-Ndunyu,2630200,Capital Grants to Government Agencies and other Levels of Government,exp,113625526,0,0,0,144,yes
fy-2026-27-development-book-volume-ii-1091-1097,1091,State Department for Roads,1091180000,Low Volume Seal Road - LVSR VI,1091180054,Graveling of Stella - Gogo Falls - Oyani (with Oyani Bridge),2630200,Capital Grants to Government Agencies and other Levels of Government,exp,20493308,7108998,0,0,144,yes
fy-2026-27-development-book-volume-ii-1091-1097,1091,State Department for Roads,1091180000,Low Volume Seal Road - LVSR VI,1091180055,Upgrading to Bitumen Standard of Manjuu Kaburugi-Kiranga-Naaro,2630200,Capital Grants to Government Agencies and other Levels of Government,exp,142747814,20775000,35317500,40261950,144,yes
fy-2026-27-development-book-volume-ii-1091-1097,1091,State Department for Roads,1091180000,Low Volume Seal Road - LVSR VI,1091180056,Rehabilitation of Mauche - Bombo - Olenguruone-Kiptagich-,2630200,Capital Grants to Government Agencies and other Levels of Government,exp,131101971,0,0,0,144,yes
fy-2026-27-development-book-volume-ii-1091-1097,1091,State Department for Roads,1091180000,Low Volume Seal Road - LVSR VI,1091180057,Upgrading of Maji Punda-Itare Road,2630200,Capital Grants to Government Agencies and other Levels of Government,exp,80407627,34904987,38578370,69809973,144,yes
fy-2026-27-development-book-volume-ii-1091-1097,1091,State Department for Roads,1091180000,Low Volume Seal Road - LVSR VI,1091180058,Graveing of Bararget - Keringet - Kapkwen/ Olenguruone-Longet-,2630200,Capital Grants to Government Agencies and other Levels of Government,exp,17760867,0,0,0,144,yes
fy-2026-27-development-book-volume-ii-1091-1097,1091,State Department for Roads,1091180000,Low Volume Seal Road - LVSR VI,1091180059,Graveing of Kitur Majani MingiMagaret Legetio Kapsatek -,2630200,Capital Grants to Government Agencies and other Levels of Government,exp,22770342,0,0,0,144,yes
fy-2026-27-development-book-volume-ii-1091-1097,1091,State Department for Roads,1091180000,Low Volume Seal Road - LVSR VI,1091180060,Salient and Chepchumbi Bridge,2630200,Capital Grants to Government Agencies and other Levels of Government,exp,15939240,0,0,0,144,yes
fy-2026-27-development-book-volume-ii-1091-1097,1091,State Department for Roads,1091180000,Low Volume Seal Road - LVSR VI,1091180061,Graveling of Kimong-Kamboga-Chebisas-Lolkeringet,2630200,Capital Grants to Government Agencies and other Levels of Government,exp,13662205,0,0,0,144,yes
fy-2026-27-development-book-volume-ii-1091-1097,1091,State Department for Roads,1091180000,Low Volume Seal Road - LVSR VI,1091180062,Chesirigan bridge,2630200,Capital Grants to Government Agencies and other Levels of Government,exp,15939240,0,0,0,144,yes
fy-2026-27-development-book-volume-ii-1091-1097,1091,State Department for Roads,1091180000,Low Volume Seal Road - LVSR VI,1091180063,Graveling of kemeloi TTI access road and kobujoi - kaptumek - kisumu,2630200,Capital Grants to Government Agencies and other Levels of Government,exp,84570843,0,0,0,144,yes
fy-2026-27-development-book-volume-ii-1091-1097,1091,State Department for Roads,1091180000,Low Volume Seal Road - LVSR VI,1091180064,Graveling of Siyapel-Sankale-Ngondi Road,2630200,Capital Grants to Government Agencies and other Levels of Government,exp,113625526,225000000,0,0,145,yes
fy-2026-27-development-book-volume-ii-1091-1097,1091,State Department for Roads,1091180000,Low Volume Seal Road - LVSR VI,1091180065,Upgarding to Bitumen Standards of Enengetia-Olpusimorru Road,2630200,Capital Grants to Government Agencies and other Levels of Government,exp,223763593,83799651,62856614,167599302,145,yes
fy-2026-27-development-book-volume-ii-1091-1097,1091,State Department for Roads,1091180000,Low Volume Seal Road - LVSR VI,1091180066,Graveling of Inkorienito - Naivasha,2630200,Capital Grants to Government Agencies and other Levels of Government,exp,91664694,0,0,0,145,yes
fy-2026-27-development-book-volume-ii-1091-1097,1091,State Department for Roads,1091180000,Low Volume Seal Road - LVSR VI,1091180067,Sintakarra Bridge - Lelong/ Oltepesi Drift,2630200,Capital Grants to Government Agencies and other Levels of Government,exp,17077757,0,0,0,145,yes
fy-2026-27-development-book-volume-ii-1091-1097,1091,State Department for Roads,1091180000,Low Volume Seal Road - LVSR VI,1091180068,Graveling of Kwa haraka- Rwanyambo-Karagatha- Kinamba,2630200,Capital Grants to Government Agencies and other Levels of Government,exp,135544539,88613850,177227698,265841547,145,yes
fy-2026-27-development-book-volume-ii-1091-1097,1091,State Department for Roads,1091180000,Low Volume Seal Road - LVSR VI,1091180070,Graveling of uwasi - boro,2630200,Capital Grants to Government Agencies and other Levels of Government,exp,20878479,0,0,0,145,yes
fy-2026-27-development-book-volume-ii-1091-1097,1091,State Department for Roads,1091180000,Low Volume Seal Road - LVSR VI,1091180071,Graveling of sihay - kodongo - city - sega - odiado road,2630200,Capital Grants to Government Agencies and other Levels of Government,exp,15939240,0,0,0,145,yes
fy-2026-27-development-book-volume-ii-1091-1097,1091,State Department for Roads,1091180000,Low Volume Seal Road - LVSR VI,1091180072,Graveling of sahgala - maungu - kasighau - ndii - wongonyi road,2630200,Capital Grants to Government Agencies and other Levels of Government,exp,84570843,0,0,0,145,yes
fy-2026-27-development-book-volume-ii-1091-1097,1091,State Department for Roads,1091180000,Low Volume Seal Road - LVSR VI,1091180073,Graveling of Bura - Bangal - Roka,2630200,Capital Grants to Government Agencies and other Levels of Government,exp,113625526,0,0,0,145,yes
fy-2026-27-development-book-volume-ii-1091-1097,1091,State Department for Roads,1091180000,Low Volume Seal Road - LVSR VI,1091180074,Graveling of Tarasa- Ngao road,2630200,Capital Grants to Government Agencies and other Levels of Government,exp,18601445,0,0,0,145,yes
fy-2026-27-development-book-volume-ii-1091-1097,1091,State Department for Roads,1091180000,Low Volume Seal Road - LVSR VI,1091180075,Graveling of Garsen - Assa - Kone,2630200,Capital Grants to Government Agencies and other Levels of Government,exp,113625526,0,0,0,146,yes
fy-2026-27-development-book-volume-ii-1091-1097,1091,State Department for Roads,1091180000,Low Volume Seal Road - LVSR VI,1091180076,Graveling of Wayu - Waldena - B89 - Haroresa Galole rural roads,2630200,Capital Grants to Government Agencies and other Levels of Government,exp,118625526,0,0,0,146,yes
fy-2026-27-development-book-volume-ii-1091-1097,1091,State Department for Roads,1091180000,Low Volume Seal Road - LVSR VI,1091180077,Graveling of Korisa- Kotile- Wema,2630200,Capital Grants to Government Agencies and other Levels of Government,exp,25685754,0,0,0,146,yes
fy-2026-27-development-book-volume-ii-1091-1097,1091,State Department for Roads,1091180000,Low Volume Seal Road - LVSR VI,1091180078,Gravelling of Cherangani-Kipkeikei-suwerwa-Kmaoi-Kapcherop-,2630200,Capital Grants to Government Agencies and other Levels of Government,exp,96489153,74897918,149795835,224693752,146,yes
fy-2026-27-development-book-volume-ii-1091-1097,1091,State Department for Roads,1091180000,Low Volume Seal Road - LVSR VI,1091180079,Graveling of Lorogum-LocherElion,2630200,Capital Grants to Government Agencies and other Levels of Government,exp,20878479,0,0,0,146,yes
fy-2026-27-development-book-volume-ii-1091-1097,1091,State Department for Roads,1091180000,Low Volume Seal Road - LVSR VI,1091180080,Drifts on Kakungu - Lokwamosing,2630200,Capital Grants to Government Agencies and other Levels of Government,exp,22770342,0,0,0,146,yes
fy-2026-27-development-book-volume-ii-1091-1097,1091,State Department for Roads,1091180000,Low Volume Seal Road - LVSR VI,1091180081,Kospir River Crossing,2630200,Capital Grants to Government Agencies and other Levels of Government,exp,22770342,5450947,0,0,146,yes
fy-2026-27-development-book-volume-ii-1091-1097,1091,State Department for Roads,1091180000,Low Volume Seal Road - LVSR VI,1091180082,Vented drift at Kangirisae on River Kerio,2630200,Capital Grants to Government Agencies and other Levels of Government,exp,22770342,0,0,0,146,yes
fy-2026-27-development-book-volume-ii-1091-1097,1091,State Department for Roads,1091180000,Low Volume Seal Road - LVSR VI,1091180083,Vented drift at Katapaken River Crossing,2630200,Capital Grants to Government Agencies and other Levels of Government,exp,22770342,0,0,0,146,yes
fy-2026-27-development-book-volume-ii-1091-1097,1091,State Department for Roads,1091180000,Low Volume Seal Road - LVSR VI,1091180084,Gravelling of Kakuma -Loroo-Kaeris,2630200,Capital Grants to Government Agencies and other Levels of Government,exp,22770342,0,0,0,146,yes
fy-2026-27-development-book-volume-ii-1091-1097,1091,State Department for Roads,1091180000,Low Volume Seal Road - LVSR VI,1091180085,Nakalale River drift,2630200,Capital Grants to Government Agencies and other Levels of Government,exp,22770342,0,0,0,146,yes
fy-2026-27-development-book-volume-ii-1091-1097,1091,State Department for Roads,1091180000,Low Volume Seal Road - LVSR VI,1091180086,Graveling of Elelea - Parkati Road and drift,2630200,Capital Grants to Government Agencies and other Levels of Government,exp,29986616,0,0,0,147,yes
fy-2026-27-development-book-volume-ii-1091-1097,1091,State Department for Roads,1091180000,Low Volume Seal Road - LVSR VI,1091180087,Lopiding Centre - Lorus - Kapetadie - Napakin - Nadapal,2630200,Capital Grants to Government Agencies and other Levels of Government,exp,15878479,0,0,0,147,yes
fy-2026-27-development-book-volume-ii-1091-1097,1091,State Department for Roads,1091180000,Low Volume Seal Road - LVSR VI,1091180088,Kakuma - Lokangae - Nasinyono Gravelling and drainage,2630200,Capital Grants to Government Agencies and other Levels of Government,exp,13662205,0,0,0,147,yes
fy-2026-27-development-book-volume-ii-1091-1097,1091,State Department for Roads,1091180000,Low Volume Seal Road - LVSR VI,1091180090,Graveling of Muchorwe- kbc- chakiaya- sach four.,2630200,Capital Grants to Government Agencies and other Levels of Government,exp,18216274,0,0,0,147,yes
fy-2026-27-development-book-volume-ii-1091-1097,1091,State Department for Roads,1091180000,Low Volume Seal Road - LVSR VI,1091180091,Graveling of Chepngoror - Burnt forest - Kamuyu- chuiyat- Tulwet.,2630200,Capital Grants to Government Agencies and other Levels of Government,exp,20324411,0,0,0,147,yes
fy-2026-27-development-book-volume-ii-1091-1097,1091,State Department for Roads,1091180000,Low Volume Seal Road - LVSR VI,1091180092,Gravelling Kilekes - Chepkongony - Burnt Forest - Chepngoror /,2630200,Capital Grants to Government Agencies and other Levels of Government,exp,20324411,0,0,0,147,yes
fy-2026-27-development-book-volume-ii-1091-1097,1091,State Department for Roads,1091180000,Low Volume Seal Road - LVSR VI,1091180093,Gravelling of Lotonyok - Uhuru - Tendwo Road,2630200,Capital Grants to Government Agencies and other Levels of Government,exp,16394647,0,0,0,147,yes
fy-2026-27-development-book-volume-ii-1091-1097,1091,State Department for Roads,1091180000,Low Volume Seal Road - LVSR VI,1091180094,Construction of Buna Bridge,2630200,Capital Grants to Government Agencies and other Levels of Government,exp,13662205,0,0,0,147,yes
fy-2026-27-development-book-volume-ii-1091-1097,1091,State Department for Roads,1091180000,Low Volume Seal Road - LVSR VI,1091180095,Graveling of Kababu- Bondo-Piny Oyie-Adera -Otho Road,2630200,Capital Grants to Government Agencies and other Levels of Government,exp,13662205,150000000,0,0,147,yes
fy-2026-27-development-book-volume-ii-1091-1097,1091,State Department for Roads,1091180000,Low Volume Seal Road - LVSR VI,1091180096,Graveling of Kanyawanga-Kwoyo-Madiaba-Dede-Odongo oher-Rapogi-,2630200,Capital Grants to Government Agencies and other Levels of Government,exp,213662205,0,0,0,147,yes
fy-2026-27-development-book-volume-ii-1091-1097,1091,State Department for Roads,1091180000,Low Volume Seal Road - LVSR VI,1091180097,Graveling of Nyakore - Osani- Kalanindi Road,2630200,Capital Grants to Government Agencies and other Levels of Government,exp,13662205,52105022,39418706,104210042,148,yes
fy-2026-27-development-book-volume-ii-1091-1097,1091,State Department for Roads,1091180000,Low Volume Seal Road - LVSR VI,1091180098,Taya Rabuto - Isebaria Kehancha,2630200,Capital Grants to Government Agencies and other Levels of Government,exp,13662205,0,0,0,148,yes
fy-2026-27-development-book-volume-ii-1091-1097,1091,State Department for Roads,1091180000,Low Volume Seal Road - LVSR VI,1091180099,Graveling of Nyarobiro-Kombe-Masaba-Nyanchabo- Getong'anya-,2630200,Capital Grants to Government Agencies and other Levels of Government,exp,13662205,52811257,31269188,105622513,148,yes
fy-2026-27-development-book-volume-ii-1091-1097,1091,State Department for Roads,1091180100,Low Volume Seal Road - LVSR VII,1091180101,Graveling of Rapogi - pinyowacho -omboo Thimlich Road,2630200,Capital Grants to Government Agencies and other Levels of Government,exp,13662205,0,0,0,148,yes
fy-2026-27-development-book-volume-ii-1091-1097,1091,State Department for Roads,1091180100,Low Volume Seal Road - LVSR VII,1091180102,Graveling of Posta - Nyikendo - Nyarongi - Macalder Road,2630200,Capital Grants to Government Agencies and other Levels of Government,exp,213662205,0,0,0,148,yes
fy-2026-27-development-book-volume-ii-1091-1097,1091,State Department for Roads,1091180100,Low Volume Seal Road - LVSR VII,1091180103,Kakrao - Nyangubo Bypass Road,2630200,Capital Grants to Government Agencies and other Levels of Government,exp,13662205,0,0,0,148,yes
fy-2026-27-development-book-volume-ii-1091-1097,1091,State Department for Roads,1091180100,Low Volume Seal Road - LVSR VII,1091180104,Upgrade to Bitumen Standard of Cheptiret - Chepkongony - Flax,2630200,Capital Grants to Government Agencies and other Levels of Government,exp,165261950,63638066,45289236,127276131,148,yes
fy-2026-27-development-book-volume-ii-1091-1097,1091,State Department for Roads,1091180100,Low Volume Seal Road - LVSR VII,1091180105,Suswa-Inkorionito-Nairake-Enkare Road,2630200,Capital Grants to Government Agencies and other Levels of Government,exp,27600415,87144645,57303048,174289288,148,yes
fy-2026-27-development-book-volume-ii-1091-1097,1091,State Department for Roads,1091180100,Low Volume Seal Road - LVSR VII,1091180106,Kongoni-Maela Road,2630200,Capital Grants to Government Agencies and other Levels of Government,exp,20000000,71250742,511499085,0,148,yes
fy-2026-27-development-book-volume-ii-1091-1097,1091,State Department for Roads,1091180100,Low Volume Seal Road - LVSR VII,1091180107,Mbombo Gwa Thamaki,2630200,Capital Grants to Government Agencies and other Levels of Government,exp,78408003,0,0,0,148,yes
fy-2026-27-development-book-volume-ii-1091-1097,1091,State Department for Roads,1091180100,Low Volume Seal Road - LVSR VII,1091180108,Karia -Ikinu,2630200,Capital Grants to Government Agencies and other Levels of Government,exp,20000000,0,0,0,149,yes
fy-2026-27-development-book-volume-ii-1091-1097,1091,State Department for Roads,1091180100,Low Volume Seal Road - LVSR VII,1091180112,Phase 2-Cess - Rekeke - Lake Jibe Road (C908),2630200,Capital Grants to Government Agencies and other Levels of Government,exp,33120498,0,0,0,149,yes
fy-2026-27-development-book-volume-ii-1091-1097,1091,State Department for Roads,1091180100,Low Volume Seal Road - LVSR VII,1091180114,Lions Court -Baraka-Mirera-Marura,2630200,Capital Grants to Government Agencies and other Levels of Government,exp,20000000,0,0,0,149,yes
fy-2026-27-development-book-volume-ii-1091-1097,1091,State Department for Roads,1091180100,Low Volume Seal Road - LVSR VII,1091180115,Kaptebengwet-Emkwen Estate 50KM (Runs from Turbo- Soy-Moiben),2630200,Capital Grants to Government Agencies and other Levels of Government,exp,295513808,0,0,0,149,yes
fy-2026-27-development-book-volume-ii-1091-1097,1091,State Department for Roads,1091180100,Low Volume Seal Road - LVSR VII,1091180116,Kuinet- Kapchan- Tebeswet- Tebeson-Stabex 16KM,2630200,Capital Grants to Government Agencies and other Levels of Government,exp,140000000,0,0,0,149,yes
fy-2026-27-development-book-volume-ii-1091-1097,1091,State Department for Roads,1091180100,Low Volume Seal Road - LVSR VII,1091180117,Kapseret- Saina estate-Lobo 5KM,2630200,Capital Grants to Government Agencies and other Levels of Government,exp,70000000,0,0,0,149,yes
fy-2026-27-development-book-volume-ii-1091-1097,1091,State Department for Roads,1091180100,Low Volume Seal Road - LVSR VII,1091180118,Royalton - Eldoret Southern Bybass (7 km),2630200,Capital Grants to Government Agencies and other Levels of Government,exp,70000000,0,0,0,149,yes
fy-2026-27-development-book-volume-ii-1091-1097,1091,State Department for Roads,1091180100,Low Volume Seal Road - LVSR VII,1091180119,Tachasis chebiemit,2630200,Capital Grants to Government Agencies and other Levels of Government,exp,70000000,0,0,0,149,yes
fy-2026-27-development-book-volume-ii-1091-1097,1091,State Department for Roads,1091180100,Low Volume Seal Road - LVSR VII,1091180122,HZ - Simotwo - Kapchorwa (Murram),2630200,Capital Grants to Government Agencies and other Levels of Government,exp,20000000,0,0,0,149,yes
fy-2026-27-development-book-volume-ii-1091-1097,1091,State Department for Roads,1091180100,Low Volume Seal Road - LVSR VII,1091180123,HZ - KD - Chepngoror - (Murram),2630200,Capital Grants to Government Agencies and other Levels of Government,exp,20000000,0,0,0,149,yes
fy-2026-27-development-book-volume-ii-1091-1097,1091,State Department for Roads,1091180100,Low Volume Seal Road - LVSR VII,1091180124,Sitotwo- Kapalwat - kipchuloi Rd 15km,2630200,Capital Grants to Government Agencies and other Levels of Government,exp,20000000,0,0,0,150,yes
fy-2026-27-development-book-volume-ii-1091-1097,1091,State Department for Roads,1091180100,Low Volume Seal Road - LVSR VII,1091180125,Kimwogo-Tirwane-Kapkitony (Keiyo South),2630200,Capital Grants to Government Agencies and other Levels of Government,exp,10000000,0,0,0,150,yes
fy-2026-27-development-book-volume-ii-1091-1097,1091,State Department for Roads,1091180100,Low Volume Seal Road - LVSR VII,1091180126,Tumeiyo - Timor (Murram) - Keiyo South,2630200,Capital Grants to Government Agencies and other Levels of Government,exp,10000000,0,0,0,150,yes
fy-2026-27-development-book-volume-ii-1091-1097,1091,State Department for Roads,1091180100,Low Volume Seal Road - LVSR VII,1091180127,Riverside- Chepkanga (Bitumen) - Moiben,2630200,Capital Grants to Government Agencies and other Levels of Government,exp,32000000,0,0,0,150,yes
fy-2026-27-development-book-volume-ii-1091-1097,1091,State Department for Roads,1091180100,Low Volume Seal Road - LVSR VII,1091180130,Riverside- Chepkanga 2km Bitumen- Moiben Constituency,2630200,Capital Grants to Government Agencies and other Levels of Government,exp,32000000,0,0,0,150,yes
fy-2026-27-development-book-volume-ii-1091-1097,1091,State Department for Roads,1091180100,Low Volume Seal Road - LVSR VII,1091180131,Tachasis- kabomoi 20km Murram - Moiben Constituency,2630200,Capital Grants to Government Agencies and other Levels of Government,exp,20000000,0,0,0,150,yes
fy-2026-27-development-book-volume-ii-1091-1097,1091,State Department for Roads,1091180100,Low Volume Seal Road - LVSR VII,1091180132,Nyalilbei - Ngeny- Lower moiben,2630200,Capital Grants to Government Agencies and other Levels of Government,exp,20000000,0,0,0,150,yes
fy-2026-27-development-book-volume-ii-1091-1097,1091,State Department for Roads,1091180100,Low Volume Seal Road - LVSR VII,1091180133,Fafoural - cheplelachbei,2630200,Capital Grants to Government Agencies and other Levels of Government,exp,20000000,0,0,0,150,yes
fy-2026-27-development-book-volume-ii-1091-1097,1091,State Department for Roads,1091180100,Low Volume Seal Road - LVSR VII,1091180134,Saos - Jabali -tenai,2630200,Capital Grants to Government Agencies and other Levels of Government,exp,20000000,100000000,0,0,150,yes
fy-2026-27-development-book-volume-ii-1091-1097,1091,State Department for Roads,1091180100,Low Volume Seal Road - LVSR VII,1091180135,Kaibeiyo - Kiplolok - Kilibwoni Rd - 6KM,2630200,Capital Grants to Government Agencies and other Levels of Government,exp,15000000,0,0,0,150,yes
fy-2026-27-development-book-volume-ii-1091-1097,1091,State Department for Roads,1091180100,Low Volume Seal Road - LVSR VII,1091180136,Yala - Chepkumia Rd - 12KM,2630200,Capital Grants to Government Agencies and other Levels of Government,exp,15000000,0,0,0,150,yes
fy-2026-27-development-book-volume-ii-1091-1097,1091,State Department for Roads,1091180100,Low Volume Seal Road - LVSR VII,1091180137,JNCT Gakoe- Kirima Ol'bolosat Secondary School Road (Wa-Mercy,2630200,Capital Grants to Government Agencies and other Levels of Government,exp,26000000,0,0,0,151,yes
fy-2026-27-development-book-volume-ii-1091-1097,1091,State Department for Roads,1091180200,Ohiya-Shimbrey-Bulla Haji,1091180201,Ohiya-Shimbrey-Bulla Haji,2630200,Capital Grants to Government Agencies and other Levels of Government,exp,58328984,125000000,78328984,98569173,151,yes
fy-2026-27-development-book-volume-ii-1091-1097,1091,State Department for Roads,1091180300,Upgrading to bitumen standards Rumuruti- Mutara - Nanyuki (Lot 1),1091180301,Upgrading to bitumen standards Rumuruti- Mutara - Nanyuki (Lot 1),2630200,Capital Grants to Government Agencies and other Levels of Government,exp,206898469,222000000,106898469,134521005,151,yes
fy-2026-27-development-book-volume-ii-1091-1097,1091,State Department for Roads,1091180400,Graveling of Mutara - Rumuruti,1091180401,Graveling of Mutara - Rumuruti,2630200,Capital Grants to Government Agencies and other Levels of Government,exp,176398469,150000000,107898469,135779405,151,yes
fy-2026-27-development-book-volume-ii-1091-1097,1091,State Department for Roads,1091180500,Mogogosiek town roads,1091180501,Mogogosiek town roads,2630200,Capital Grants to Government Agencies and other Levels of Government,exp,65574627,0,0,0,151,yes
fy-2026-27-development-book-volume-ii-1091-1097,1091,State Department for Roads,1091180600,Sotik town roads,1091180601,Sotik town roads,2630200,Capital Grants to Government Agencies and other Levels of Government,exp,65574627,0,0,0,152,yes
fy-2026-27-development-book-volume-ii-1091-1097,1091,State Department for Roads,1091180700,Garbatula town roads,1091180701,Garbatula town roads,2630200,Capital Grants to Government Agencies and other Levels of Government,exp,96949235,0,0,0,152,yes
fy-2026-27-development-book-volume-ii-1091-1097,1091,State Department for Roads,1091180800,Construction of Chelimo Road in Kericho Town,1091180801,Construction of Chelimo Road in Kericho Town,2630200,Capital Grants to Government Agencies and other Levels of Government,exp,197894198,0,0,0,152,yes
fy-2026-27-development-book-volume-ii-1091-1097,1091,State Department for Roads,1091180900,Lower Kapkatet Town Roads,1091180901,Lower Kapkatet Town Roads,2630200,Capital Grants to Government Agencies and other Levels of Government,exp,75462706,0,0,0,152,yes
fy-2026-27-development-book-volume-ii-1091-1097,1091,State Department for Roads,1091181000,Construction of Ruiru/Kimbo Link Rds (Thika Rd -Eastern Bypass,1091181001,Construction of Ruiru/Kimbo Link Rds (Thika Rd-Eastern Bypass,2630200,Capital Grants to Government Agencies and other Levels of Government,exp,0,60000000,150000000,300000000,152,yes
fy-2026-27-development-book-volume-ii-1091-1097,1091,State Department for Roads,1091181100,Ogembo bridge,1091181101,Ogembo bridge,2630200,Capital Grants to Government Agencies and other Levels of Government,exp,18155514,0,0,0,152,yes
fy-2026-27-development-book-volume-ii-1091-1097,1091,State Department for Roads,1091181200,Rehabilitation of Umoja 3 - supaloaf,1091181201,Rehabilitation of Umoja 3 - supaloaf,2630200,Capital Grants to Government Agencies and other Levels of Government,exp,20878479,0,0,0,153,yes
fy-2026-27-development-book-volume-ii-1091-1097,1091,State Department for Roads,1091181300,Kinyanjui - crescent road,1091181301,Kinyanjui - crescent road,2630200,Capital Grants to Government Agencies and other Levels of Government,exp,20878479,0,0,0,153,yes
fy-2026-27-development-book-volume-ii-1091-1097,1091,State Department for Roads,1091181400,Upgrading of Voi Town Roads,1091181401,Upgrading of Voi Town Roads,2630200,Capital Grants to Government Agencies and other Levels of Government,exp,15814836,0,0,0,153,yes
fy-2026-27-development-book-volume-ii-1091-1097,1091,State Department for Roads,1091181500,Chiakariga/Mukothima town roads,1091181501,Chiakariga/Mukothima town roads,2630200,Capital Grants to Government Agencies and other Levels of Government,exp,120611440,0,0,0,153,yes
fy-2026-27-development-book-volume-ii-1091-1097,1091,State Department for Roads,1091181600,Nkubu/Mitinguu town roads,1091181601,Nkubu/Mitinguu town roads,2630200,Capital Grants to Government Agencies and other Levels of Government,exp,120611440,0,0,0,153,yes
fy-2026-27-development-book-volume-ii-1091-1097,1091,State Department for Roads,1091181700,Rural Roads Gravelling V,1091181701,Sombogo Nyagesenda Nyabworoba,2630200,Capital Grants to Government Agencies and other Levels of Government,exp,25000000,0,0,0,154,yes
fy-2026-27-development-book-volume-ii-1091-1097,1091,State Department for Roads,1091181700,Rural Roads Gravelling V,1091181702,Nyankaanda Manyansi,2630200,Capital Grants to Government Agencies and other Levels of Government,exp,25000000,0,0,0,154,yes
fy-2026-27-development-book-volume-ii-1091-1097,1091,State Department for Roads,1091181700,Rural Roads Gravelling V,1091181703,Kabuta Centre - Railway line Rd,2630200,Capital Grants to Government Agencies and other Levels of Government,exp,25000000,0,0,0,154,yes
fy-2026-27-development-book-volume-ii-1091-1097,1091,State Department for Roads,1091181700,Rural Roads Gravelling V,1091181704,Rurii area - Mitundu Road,2630200,Capital Grants to Government Agencies and other Levels of Government,exp,25000000,0,0,0,154,yes
fy-2026-27-development-book-volume-ii-1091-1097,1091,State Department for Roads,1091181700,Rural Roads Gravelling V,1091181705,Centre one -Kaibu -Mailitatu Road,2630200,Capital Grants to Government Agencies and other Levels of Government,exp,25000000,0,0,0,154,yes
fy-2026-27-development-book-volume-ii-1091-1097,1091,State Department for Roads,1091181700,Rural Roads Gravelling V,1091181706,Ntherone-Kianda-Kisimani Road,2630200,Capital Grants to Government Agencies and other Levels of Government,exp,25000000,0,0,0,154,yes
fy-2026-27-development-book-volume-ii-1091-1097,1091,State Department for Roads,1091181700,Rural Roads Gravelling V,1091181707,Demra -Magacha Godkwer road,2630200,Capital Grants to Government Agencies and other Levels of Government,exp,25000000,0,0,0,154,yes
fy-2026-27-development-book-volume-ii-1091-1097,1091,State Department for Roads,1091181700,Rural Roads Gravelling V,1091181708,Munyu- Bondo nyamtembe- marindi Road,2630200,Capital Grants to Government Agencies and other Levels of Government,exp,25000000,0,0,0,154,yes
fy-2026-27-development-book-volume-ii-1091-1097,1091,State Department for Roads,1091181700,Rural Roads Gravelling V,1091181709,Soko - hewani - Apuo,2630200,Capital Grants to Government Agencies and other Levels of Government,exp,25000000,0,0,0,154,yes
fy-2026-27-development-book-volume-ii-1091-1097,1091,State Department for Roads,1091181700,Rural Roads Gravelling V,1091181710,Daraja - musungu - printa,2630200,Capital Grants to Government Agencies and other Levels of Government,exp,25000000,0,0,0,154,yes
fy-2026-27-development-book-volume-ii-1091-1097,1091,State Department for Roads,1091181700,Rural Roads Gravelling V,1091181711,Dudi - manyulia - shikunga Road,2630200,Capital Grants to Government Agencies and other Levels of Government,exp,25000000,0,0,0,155,yes
fy-2026-27-development-book-volume-ii-1091-1097,1091,State Department for Roads,1091181700,Rural Roads Gravelling V,1091181712,Emasatsi - shiolela - Ilala Rd.,2630200,Capital Grants to Government Agencies and other Levels of Government,exp,25000000,0,0,0,155,yes
fy-2026-27-development-book-volume-ii-1091-1097,1091,State Department for Roads,1091181700,Rural Roads Gravelling V,1091181713,Athi Old Bridge - Milu - Kyanyinywa,2630200,Capital Grants to Government Agencies and other Levels of Government,exp,25000000,0,0,0,155,yes
fy-2026-27-development-book-volume-ii-1091-1097,1091,State Department for Roads,1091181700,Rural Roads Gravelling V,1091181714,?Nyayo - Kathyaka - Syumile - Makindu,2630200,Capital Grants to Government Agencies and other Levels of Government,exp,25000000,0,0,0,155,yes
fy-2026-27-development-book-volume-ii-1091-1097,1091,State Department for Roads,1091181700,Rural Roads Gravelling V,1091181715,Sifuyo-Nyalenya,2630200,Capital Grants to Government Agencies and other Levels of Government,exp,25000000,0,0,0,155,yes
fy-2026-27-development-book-volume-ii-1091-1097,1091,State Department for Roads,1091181700,Rural Roads Gravelling V,1091181716,Barober-Uhuru-Murumba-Sihay,2630200,Capital Grants to Government Agencies and other Levels of Government,exp,25000000,0,0,0,155,yes
fy-2026-27-development-book-volume-ii-1091-1097,1091,State Department for Roads,1091181700,Rural Roads Gravelling V,1091181717,Las-Kisembe-Cathedral-Joel Masika-Wasilwa -Waka-St. Julian Jnct,2630200,Capital Grants to Government Agencies and other Levels of Government,exp,25000000,0,0,0,155,yes
fy-2026-27-development-book-volume-ii-1091-1097,1091,State Department for Roads,1091181700,Rural Roads Gravelling V,1091181718,Maina Primary jct- Chris Peter-Kaisha- Wasike Makongwe Road,2630200,Capital Grants to Government Agencies and other Levels of Government,exp,25000000,0,0,0,155,yes
fy-2026-27-development-book-volume-ii-1091-1097,1091,State Department for Roads,1091181700,Rural Roads Gravelling V,1091181719,Nyarobiro-Sagegi-Kombe-Masaba,2630200,Capital Grants to Government Agencies and other Levels of Government,exp,25000000,0,0,0,155,yes
fy-2026-27-development-book-volume-ii-1091-1097,1091,State Department for Roads,1091181700,Rural Roads Gravelling V,1091181720,Kemaransengo Culvert,2630200,Capital Grants to Government Agencies and other Levels of Government,exp,25000000,0,0,0,155,yes
fy-2026-27-development-book-volume-ii-1091-1097,1091,State Department for Roads,1091181700,Rural Roads Gravelling V,1091181721,Cinema Oboke Randung Market road,2630200,Capital Grants to Government Agencies and other Levels of Government,exp,25000000,0,0,0,156,yes
fy-2026-27-development-book-volume-ii-1091-1097,1091,State Department for Roads,1091181700,Rural Roads Gravelling V,1091181722,Nyakwadha Mbeka Wikoteng Cinema Road,2630200,Capital Grants to Government Agencies and other Levels of Government,exp,25000000,0,0,0,156,yes
fy-2026-27-development-book-volume-ii-1091-1097,1091,State Department for Roads,1091181700,Rural Roads Gravelling V,1091181723,Karuri Homex home road -yamogo muchatha road,2630200,Capital Grants to Government Agencies and other Levels of Government,exp,25000000,0,0,0,156,yes
fy-2026-27-development-book-volume-ii-1091-1097,1091,State Department for Roads,1091181700,Rural Roads Gravelling V,1091181724,Kawainda kiharo - kaburi road,2630200,Capital Grants to Government Agencies and other Levels of Government,exp,25000000,0,0,0,156,yes
fy-2026-27-development-book-volume-ii-1091-1097,1091,State Department for Roads,1091181700,Rural Roads Gravelling V,1091181725,A7 Kwindwa Road-Oda,2630200,Capital Grants to Government Agencies and other Levels of Government,exp,25000000,0,0,0,156,yes
fy-2026-27-development-book-volume-ii-1091-1097,1091,State Department for Roads,1091181700,Rural Roads Gravelling V,1091181726,Garsen-Maziwa,2630200,Capital Grants to Government Agencies and other Levels of Government,exp,25000000,0,0,0,156,yes
fy-2026-27-development-book-volume-ii-1091-1097,1091,State Department for Roads,1091181700,Rural Roads Gravelling V,1091181727,Suguta - Mbarikon,2630200,Capital Grants to Government Agencies and other Levels of Government,exp,25000000,0,0,0,156,yes
fy-2026-27-development-book-volume-ii-1091-1097,1091,State Department for Roads,1091181700,Rural Roads Gravelling V,1091181728,Loosuk - Poro,2630200,Capital Grants to Government Agencies and other Levels of Government,exp,25000000,0,0,0,156,yes
fy-2026-27-development-book-volume-ii-1091-1097,1091,State Department for Roads,1091181700,Rural Roads Gravelling V,1091181729,Revival - Kiawanugu - DCC office Road,2630200,Capital Grants to Government Agencies and other Levels of Government,exp,25000000,0,0,0,156,yes
fy-2026-27-development-book-volume-ii-1091-1097,1091,State Department for Roads,1091181700,Rural Roads Gravelling V,1091181730,Kanyariri - Ngara - Kanyariri Shopping Centre Road,2630200,Capital Grants to Government Agencies and other Levels of Government,exp,25000000,0,0,0,156,yes
fy-2026-27-development-book-volume-ii-1091-1097,1091,State Department for Roads,1091181700,Rural Roads Gravelling V,1091181731,Mghange - Mwanda - Mkamwasi,2630200,Capital Grants to Government Agencies and other Levels of Government,exp,25000000,0,0,0,156,yes
fy-2026-27-development-book-volume-ii-1091-1097,1091,State Department for Roads,1091181700,Rural Roads Gravelling V,1091181732,Kishenyi - Kipusi - Funju,2630200,Capital Grants to Government Agencies and other Levels of Government,exp,25000000,0,0,0,157,yes
fy-2026-27-development-book-volume-ii-1091-1097,1091,State Department for Roads,1091181700,Rural Roads Gravelling V,1091181733,Kalawa - Ngenuka Nenda Road,2630200,Capital Grants to Government Agencies and other Levels of Government,exp,25000000,0,0,0,157,yes
fy-2026-27-development-book-volume-ii-1091-1097,1091,State Department for Roads,1091181700,Rural Roads Gravelling V,1091181734,Ngenuka Nenda - Mulundi Road,2630200,Capital Grants to Government Agencies and other Levels of Government,exp,25000000,0,0,0,157,yes
fy-2026-27-development-book-volume-ii-1091-1097,1091,State Department for Roads,1091181700,Rural Roads Gravelling V,1091181735,Villa- kostoi,2630200,Capital Grants to Government Agencies and other Levels of Government,exp,25000000,0,0,0,157,yes
fy-2026-27-development-book-volume-ii-1091-1097,1091,State Department for Roads,1091181700,Rural Roads Gravelling V,1091181736,Matumbei- kimoson- kaitaboss,2630200,Capital Grants to Government Agencies and other Levels of Government,exp,25000000,0,0,0,157,yes
fy-2026-27-development-book-volume-ii-1091-1097,1091,State Department for Roads,1091181700,Rural Roads Gravelling V,1091181737,Kwa Meja Gathundia road,2630200,Capital Grants to Government Agencies and other Levels of Government,exp,25000000,0,0,0,157,yes
fy-2026-27-development-book-volume-ii-1091-1097,1091,State Department for Roads,1091181700,Rural Roads Gravelling V,1091181738,Ruiru Secondary- Sambugo primary road,2630200,Capital Grants to Government Agencies and other Levels of Government,exp,25000000,0,0,0,157,yes
fy-2026-27-development-book-volume-ii-1091-1097,1091,State Department for Roads,1091181700,Rural Roads Gravelling V,1091181739,Masembe- Uranga- Yogo,2630200,Capital Grants to Government Agencies and other Levels of Government,exp,25000000,0,0,0,157,yes
fy-2026-27-development-book-volume-ii-1091-1097,1091,State Department for Roads,1091181700,Rural Roads Gravelling V,1091181740,Inungo - Mahwi- Nyalenda Road,2630200,Capital Grants to Government Agencies and other Levels of Government,exp,25000000,0,0,0,157,yes
fy-2026-27-development-book-volume-ii-1091-1097,1091,State Department for Roads,1091181700,Rural Roads Gravelling V,1091181741,Kabo - sheikhbarow Road,2630200,Capital Grants to Government Agencies and other Levels of Government,exp,25000000,0,0,0,157,yes
fy-2026-27-development-book-volume-ii-1091-1097,1091,State Department for Roads,1091181700,Rural Roads Gravelling V,1091181742,Bambo- Warangara Road,2630200,Capital Grants to Government Agencies and other Levels of Government,exp,25000000,0,0,0,158,yes
fy-2026-27-development-book-volume-ii-1091-1097,1091,State Department for Roads,1091181700,Rural Roads Gravelling V,1091181743,Eor Ewuaso - Oloshapani,2630200,Capital Grants to Government Agencies and other Levels of Government,exp,25000000,0,0,0,158,yes
fy-2026-27-development-book-volume-ii-1091-1097,1091,State Department for Roads,1091181700,Rural Roads Gravelling V,1091181744,Kimogoro-Sierraleone-Saptet,2630200,Capital Grants to Government Agencies and other Levels of Government,exp,25000000,0,0,0,158,yes
fy-2026-27-development-book-volume-ii-1091-1097,1091,State Department for Roads,1091181700,Rural Roads Gravelling V,1091181745,Boro-Hawinga -Uwaasi Road,2630200,Capital Grants to Government Agencies and other Levels of Government,exp,20000000,0,0,0,158,yes
fy-2026-27-development-book-volume-ii-1091-1097,1091,State Department for Roads,1091181700,Rural Roads Gravelling V,1091181746,Ngiya-Umala-Nyalgunga-Kobare Road,2630200,Capital Grants to Government Agencies and other Levels of Government,exp,25000000,0,0,0,158,yes
fy-2026-27-development-book-volume-ii-1091-1097,1091,State Department for Roads,1091181700,Rural Roads Gravelling V,1091181747,Bar Olengo-Matera-Uloma Road,2630200,Capital Grants to Government Agencies and other Levels of Government,exp,25000000,0,0,0,158,yes
fy-2026-27-development-book-volume-ii-1091-1097,1091,State Department for Roads,1091181700,Rural Roads Gravelling V,1091181748,Muindi Mweusi-NGO Road,2630200,Capital Grants to Government Agencies and other Levels of Government,exp,25000000,0,0,0,158,yes
fy-2026-27-development-book-volume-ii-1091-1097,1091,State Department for Roads,1091181700,Rural Roads Gravelling V,1091181749,Tassia Zone-Riverbank Road,2630200,Capital Grants to Government Agencies and other Levels of Government,exp,25000000,0,0,0,158,yes
fy-2026-27-development-book-volume-ii-1091-1097,1091,State Department for Roads,1091181700,Rural Roads Gravelling V,1091181750,Buro -Kargi road,2630200,Capital Grants to Government Agencies and other Levels of Government,exp,25000000,0,0,0,158,yes
fy-2026-27-development-book-volume-ii-1091-1097,1091,State Department for Roads,1091181700,Rural Roads Gravelling V,1091181751,Laisami -Thulusi Road,2630200,Capital Grants to Government Agencies and other Levels of Government,exp,25000000,0,0,0,158,yes
fy-2026-27-development-book-volume-ii-1091-1097,1091,State Department for Roads,1091181700,Rural Roads Gravelling V,1091181752,Eldas-Kilkiley Barghagai,2630200,Capital Grants to Government Agencies and other Levels of Government,exp,25000000,0,0,0,158,yes
fy-2026-27-development-book-volume-ii-1091-1097,1091,State Department for Roads,1091181700,Rural Roads Gravelling V,1091181753,Della-Abdiwako Road,2630200,Capital Grants to Government Agencies and other Levels of Government,exp,25000000,0,0,0,159,yes
fy-2026-27-development-book-volume-ii-1091-1097,1091,State Department for Roads,1091181700,Rural Roads Gravelling V,1091181754,Kodiaga Raban -Go- ratuoro- Usenge,2630200,Capital Grants to Government Agencies and other Levels of Government,exp,82801245,0,0,0,159,yes
fy-2026-27-development-book-volume-ii-1091-1097,1091,State Department for Roads,1091181700,Rural Roads Gravelling V,1091181755,Menya Ciaku AGC Road,2630200,Capital Grants to Government Agencies and other Levels of Government,exp,13800208,0,0,0,159,yes
fy-2026-27-development-book-volume-ii-1091-1097,1091,State Department for Roads,1091181700,Rural Roads Gravelling V,1091181756,California SDA Kibe Road,2630200,Capital Grants to Government Agencies and other Levels of Government,exp,13800208,0,0,0,159,yes
fy-2026-27-development-book-volume-ii-1091-1097,1091,State Department for Roads,1091181700,Rural Roads Gravelling V,1091181757,Kariti Ward Rural Roads,2630200,Capital Grants to Government Agencies and other Levels of Government,exp,13800208,0,0,0,159,yes
fy-2026-27-development-book-volume-ii-1091-1097,1091,State Department for Roads,1091181700,Rural Roads Gravelling V,1091181758,Kiangai Location Rural roads,2630200,Capital Grants to Government Agencies and other Levels of Government,exp,13800208,0,0,0,159,yes
fy-2026-27-development-book-volume-ii-1091-1097,1091,State Department for Roads,1091181700,Rural Roads Gravelling V,1091181759,Junction Libahiya,2630200,Capital Grants to Government Agencies and other Levels of Government,exp,13800208,0,0,0,159,yes
fy-2026-27-development-book-volume-ii-1091-1097,1091,State Department for Roads,1091181700,Rural Roads Gravelling V,1091181760,Aresa - Hareri,2630200,Capital Grants to Government Agencies and other Levels of Government,exp,13800208,0,0,0,159,yes
fy-2026-27-development-book-volume-ii-1091-1097,1091,State Department for Roads,1091181700,Rural Roads Gravelling V,1091181761,Stendi Kibisi Kibunde Road,2630200,Capital Grants to Government Agencies and other Levels of Government,exp,13800208,0,0,0,159,yes
fy-2026-27-development-book-volume-ii-1091-1097,1091,State Department for Roads,1091181700,Rural Roads Gravelling V,1091181762,Nasianda Musambichi Road,2630200,Capital Grants to Government Agencies and other Levels of Government,exp,13800208,0,0,0,159,yes
fy-2026-27-development-book-volume-ii-1091-1097,1091,State Department for Roads,1091181700,Rural Roads Gravelling V,1091181763,Jomvu Girls Jomvu Kuu,2630200,Capital Grants to Government Agencies and other Levels of Government,exp,13800208,0,0,0,160,yes
fy-2026-27-development-book-volume-ii-1091-1097,1091,State Department for Roads,1091181700,Rural Roads Gravelling V,1091181764,Jitoni Road,2630200,Capital Grants to Government Agencies and other Levels of Government,exp,13800208,0,0,0,160,yes
fy-2026-27-development-book-volume-ii-1091-1097,1091,State Department for Roads,1091181700,Rural Roads Gravelling V,1091181765,Lensayu Kurbuta,2630200,Capital Grants to Government Agencies and other Levels of Government,exp,13800208,0,0,0,160,yes
fy-2026-27-development-book-volume-ii-1091-1097,1091,State Department for Roads,1091181700,Rural Roads Gravelling V,1091181766,Harde Milsadet,2630200,Capital Grants to Government Agencies and other Levels of Government,exp,13800208,0,0,0,160,yes
fy-2026-27-development-book-volume-ii-1091-1097,1091,State Department for Roads,1091181700,Rural Roads Gravelling V,1091181767,Kibera Ndiba Giathi Road,2630200,Capital Grants to Government Agencies and other Levels of Government,exp,13800208,0,0,0,160,yes
fy-2026-27-development-book-volume-ii-1091-1097,1091,State Department for Roads,1091181700,Rural Roads Gravelling V,1091181768,Bibirioni Primary Mukuru wanjui Police Road,2630200,Capital Grants to Government Agencies and other Levels of Government,exp,13800208,0,0,0,160,yes
fy-2026-27-development-book-volume-ii-1091-1097,1091,State Department for Roads,1091181700,Rural Roads Gravelling V,1091181769,Bosino - Hospital Springfield Road,2630200,Capital Grants to Government Agencies and other Levels of Government,exp,13800208,0,0,0,160,yes
fy-2026-27-development-book-volume-ii-1091-1097,1091,State Department for Roads,1091181700,Rural Roads Gravelling V,1091181770,Star General Babtist Lucky Summer Road,2630200,Capital Grants to Government Agencies and other Levels of Government,exp,13800208,0,0,0,160,yes
fy-2026-27-development-book-volume-ii-1091-1097,1091,State Department for Roads,1091181700,Rural Roads Gravelling V,1091181771,Field of Life Eshiangusi Ichinga Bumanyi Road,2630200,Capital Grants to Government Agencies and other Levels of Government,exp,13800208,0,0,0,160,yes
fy-2026-27-development-book-volume-ii-1091-1097,1091,State Department for Roads,1091181700,Rural Roads Gravelling V,1091181772,Mulufamba Elwanda Butende Uhando Ruwe Road,2630200,Capital Grants to Government Agencies and other Levels of Government,exp,13800208,0,0,0,160,yes
fy-2026-27-development-book-volume-ii-1091-1097,1091,State Department for Roads,1091181700,Rural Roads Gravelling V,1091181773,Bybass -Kwa Angaine Kirwiro Road,2630200,Capital Grants to Government Agencies and other Levels of Government,exp,13800208,0,0,0,160,yes
fy-2026-27-development-book-volume-ii-1091-1097,1091,State Department for Roads,1091181700,Rural Roads Gravelling V,1091181774,Chungu Kauthene Irene Road,2630200,Capital Grants to Government Agencies and other Levels of Government,exp,13800208,0,0,0,161,yes
fy-2026-27-development-book-volume-ii-1091-1097,1091,State Department for Roads,1091181700,Rural Roads Gravelling V,1091181775,Boruma Nyakororo Nyangonda Road,2630200,Capital Grants to Government Agencies and other Levels of Government,exp,13800208,0,0,0,161,yes
fy-2026-27-development-book-volume-ii-1091-1097,1091,State Department for Roads,1091181700,Rural Roads Gravelling V,1091181776,Kirwa Riakinanga Onyagete Road,2630200,Capital Grants to Government Agencies and other Levels of Government,exp,13800208,0,0,0,161,yes
fy-2026-27-development-book-volume-ii-1091-1097,1091,State Department for Roads,1091181700,Rural Roads Gravelling V,1091181777,Kabiru Kangaita Road,2630200,Capital Grants to Government Agencies and other Levels of Government,exp,13800208,0,0,0,161,yes
fy-2026-27-development-book-volume-ii-1091-1097,1091,State Department for Roads,1091181700,Rural Roads Gravelling V,1091181778,Matunda Munyaka Road,2630200,Capital Grants to Government Agencies and other Levels of Government,exp,13800208,0,0,0,161,yes
fy-2026-27-development-book-volume-ii-1091-1097,1091,State Department for Roads,1091181700,Rural Roads Gravelling V,1091181779,Tumain market Caba Road,2630200,Capital Grants to Government Agencies and other Levels of Government,exp,13800208,0,0,0,161,yes
fy-2026-27-development-book-volume-ii-1091-1097,1091,State Department for Roads,1091181700,Rural Roads Gravelling V,1091181780,Mawingu Primary Gilgil Border Road,2630200,Capital Grants to Government Agencies and other Levels of Government,exp,13800208,0,0,0,161,yes
fy-2026-27-development-book-volume-ii-1091-1097,1091,State Department for Roads,1091181700,Rural Roads Gravelling V,1091181781,Kapsogut Malinja Siongi Road,2630200,Capital Grants to Government Agencies and other Levels of Government,exp,13800208,0,0,0,161,yes
fy-2026-27-development-book-volume-ii-1091-1097,1091,State Department for Roads,1091181700,Rural Roads Gravelling V,1091181782,Arap rero Kibaraa Kona Mbaya Road,2630200,Capital Grants to Government Agencies and other Levels of Government,exp,13800208,0,0,0,161,yes
fy-2026-27-development-book-volume-ii-1091-1097,1091,State Department for Roads,1091181700,Rural Roads Gravelling V,1091181783,Getarwet Junction kaproret roret Road,2630200,Capital Grants to Government Agencies and other Levels of Government,exp,8280125,0,0,0,161,yes
fy-2026-27-development-book-volume-ii-1091-1097,1091,State Department for Roads,1091181700,Rural Roads Gravelling V,1091181784,Luther King Okuthe_No.1 Junction,2630200,Capital Grants to Government Agencies and other Levels of Government,exp,13800208,0,0,0,162,yes
fy-2026-27-development-book-volume-ii-1091-1097,1091,State Department for Roads,1091181700,Rural Roads Gravelling V,1091181785,Shabwali _Madala,2630200,Capital Grants to Government Agencies and other Levels of Government,exp,13800208,0,0,0,162,yes
fy-2026-27-development-book-volume-ii-1091-1097,1091,State Department for Roads,1091181700,Rural Roads Gravelling V,1091181794,Butere Lower Market -Firachi To Shibembe Primary (Marama South),2630200,Capital Grants to Government Agencies and other Levels of Government,exp,11040166,0,0,0,162,yes
fy-2026-27-development-book-volume-ii-1091-1097,1091,State Department for Roads,1091181700,Rural Roads Gravelling V,1091181795,St Moko To Omulama Roadmarama Central),2630200,Capital Grants to Government Agencies and other Levels of Government,exp,8280125,0,0,0,162,yes
fy-2026-27-development-book-volume-ii-1091-1097,1091,State Department for Roads,1091181700,Rural Roads Gravelling V,1091181796,Eshibanga Holiness - Matibira Junction (West Marama),2630200,Capital Grants to Government Agencies and other Levels of Government,exp,8280125,0,0,0,162,yes
fy-2026-27-development-book-volume-ii-1091-1097,1091,State Department for Roads,1091181700,Rural Roads Gravelling V,1091181797,Riba- Gerrille,2630200,Capital Grants to Government Agencies and other Levels of Government,exp,8280125,0,0,0,162,yes
fy-2026-27-development-book-volume-ii-1091-1097,1091,State Department for Roads,1091181700,Rural Roads Gravelling V,1091181798,Gerrille- Konton,2630200,Capital Grants to Government Agencies and other Levels of Government,exp,8280125,0,0,0,162,yes
fy-2026-27-development-book-volume-ii-1091-1097,1091,State Department for Roads,1091181700,Rural Roads Gravelling V,1091181799,Diiso- Hudumow,2630200,Capital Grants to Government Agencies and other Levels of Government,exp,8280125,0,0,0,162,yes
fy-2026-27-development-book-volume-ii-1091-1097,1091,State Department for Roads,1091181800,Rural Roads Gravelling VI,1091181801,Warable-Kamuthey,2630200,Capital Grants to Government Agencies and other Levels of Government,exp,8280125,0,0,0,162,yes
fy-2026-27-development-book-volume-ii-1091-1097,1091,State Department for Roads,1091181800,Rural Roads Gravelling VI,1091181802,Kiliboti-Muhomo- Chevaywa TVC,2630200,Capital Grants to Government Agencies and other Levels of Government,exp,8280125,0,0,0,162,yes
fy-2026-27-development-book-volume-ii-1091-1097,1091,State Department for Roads,1091181800,Rural Roads Gravelling VI,1091181803,Sipande-Malesi -Mia Nne Junction,2630200,Capital Grants to Government Agencies and other Levels of Government,exp,8280125,0,0,0,163,yes
fy-2026-27-development-book-volume-ii-1091-1097,1091,State Department for Roads,1091181800,Rural Roads Gravelling VI,1091181804,Gatunguru-Abadare Cottage-Kiamahindu,2630200,Capital Grants to Government Agencies and other Levels of Government,exp,8280125,0,0,0,163,yes
fy-2026-27-development-book-volume-ii-1091-1097,1091,State Department for Roads,1091181800,Rural Roads Gravelling VI,1091181805,Nyangiti-Gathugu-Kiangoma- Yakarengo,2630200,Capital Grants to Government Agencies and other Levels of Government,exp,8280125,0,0,0,163,yes
fy-2026-27-development-book-volume-ii-1091-1097,1091,State Department for Roads,1091181800,Rural Roads Gravelling VI,1091181806,Kabema- Mombwo- Chebanyiny- Kimaya,2630200,Capital Grants to Government Agencies and other Levels of Government,exp,8280125,0,0,0,163,yes
fy-2026-27-development-book-volume-ii-1091-1097,1091,State Department for Roads,1091181800,Rural Roads Gravelling VI,1091181807,Kiproroget- Chenit- Ronda- Kataret,2630200,Capital Grants to Government Agencies and other Levels of Government,exp,8280125,0,0,0,163,yes
fy-2026-27-development-book-volume-ii-1091-1097,1091,State Department for Roads,1091181800,Rural Roads Gravelling VI,1091181808,Kadima-Rumbiye,2630200,Capital Grants to Government Agencies and other Levels of Government,exp,8280125,0,0,0,163,yes
fy-2026-27-development-book-volume-ii-1091-1097,1091,State Department for Roads,1091181800,Rural Roads Gravelling VI,1091181809,Nambooboto-Buloma-Dirakho VTC,2630200,Capital Grants to Government Agencies and other Levels of Government,exp,8280125,0,0,0,163,yes
fy-2026-27-development-book-volume-ii-1091-1097,1091,State Department for Roads,1091181800,Rural Roads Gravelling VI,1091181810,Siksik- Kapkio,2630200,Capital Grants to Government Agencies and other Levels of Government,exp,8280125,0,0,0,163,yes
fy-2026-27-development-book-volume-ii-1091-1097,1091,State Department for Roads,1091181800,Rural Roads Gravelling VI,1091181811,Kipsiorori - Kaboi Junction,2630200,Capital Grants to Government Agencies and other Levels of Government,exp,8280125,0,0,0,163,yes
fy-2026-27-development-book-volume-ii-1091-1097,1091,State Department for Roads,1091181800,Rural Roads Gravelling VI,1091181812,Mdundu- Naya Road,2630200,Capital Grants to Government Agencies and other Levels of Government,exp,8280125,0,0,0,163,yes
fy-2026-27-development-book-volume-ii-1091-1097,1091,State Department for Roads,1091181800,Rural Roads Gravelling VI,1091181813,Ruma - Ranalo Road,2630200,Capital Grants to Government Agencies and other Levels of Government,exp,8280125,0,0,0,164,yes
fy-2026-27-development-book-volume-ii-1091-1097,1091,State Department for Roads,1091181800,Rural Roads Gravelling VI,1091181814,Mutuguru- Mathage,2630200,Capital Grants to Government Agencies and other Levels of Government,exp,8280125,0,0,0,164,yes
fy-2026-27-development-book-volume-ii-1091-1097,1091,State Department for Roads,1091181800,Rural Roads Gravelling VI,1091181815,Mukui-Mucugu- Kuri-Kirangi-Mungere,2630200,Capital Grants to Government Agencies and other Levels of Government,exp,8280125,0,0,0,164,yes
fy-2026-27-development-book-volume-ii-1091-1097,1091,State Department for Roads,1091181800,Rural Roads Gravelling VI,1091181816,Chepkosilen - Belgut TTI,2630200,Capital Grants to Government Agencies and other Levels of Government,exp,8280125,0,0,0,164,yes
fy-2026-27-development-book-volume-ii-1091-1097,1091,State Department for Roads,1091181800,Rural Roads Gravelling VI,1091181817,Teldet Corner - Kiptule,2630200,Capital Grants to Government Agencies and other Levels of Government,exp,8280125,0,0,0,164,yes
fy-2026-27-development-book-volume-ii-1091-1097,1091,State Department for Roads,1091181800,Rural Roads Gravelling VI,1091181818,Kang'irisae-Katiaman Road,2630200,Capital Grants to Government Agencies and other Levels of Government,exp,8280125,0,0,0,164,yes
fy-2026-27-development-book-volume-ii-1091-1097,1091,State Department for Roads,1091181800,Rural Roads Gravelling VI,1091181819,Katiaman-Mugur Road,2630200,Capital Grants to Government Agencies and other Levels of Government,exp,8280125,0,0,0,164,yes
fy-2026-27-development-book-volume-ii-1091-1097,1091,State Department for Roads,1091181800,Rural Roads Gravelling VI,1091181820,Abakorey-Gaududow,2630200,Capital Grants to Government Agencies and other Levels of Government,exp,8280125,0,0,0,164,yes
fy-2026-27-development-book-volume-ii-1091-1097,1091,State Department for Roads,1091181800,Rural Roads Gravelling VI,1091181821,Dilmanyaley-Matwarsesa,2630200,Capital Grants to Government Agencies and other Levels of Government,exp,8280125,0,0,0,164,yes
fy-2026-27-development-book-volume-ii-1091-1097,1091,State Department for Roads,1091181800,Rural Roads Gravelling VI,1091181822,Chaparten - Kapkunyuk- Mokoyon,2630200,Capital Grants to Government Agencies and other Levels of Government,exp,11040166,0,0,0,164,yes
fy-2026-27-development-book-volume-ii-1091-1097,1091,State Department for Roads,1091181800,Rural Roads Gravelling VI,1091181823,Ringring - Chorok -Chepkono,2630200,Capital Grants to Government Agencies and other Levels of Government,exp,11040166,0,0,0,164,yes
fy-2026-27-development-book-volume-ii-1091-1097,1091,State Department for Roads,1091181800,Rural Roads Gravelling VI,1091181824,Osiri - macalder- Okenge,2630200,Capital Grants to Government Agencies and other Levels of Government,exp,11040166,0,0,0,165,yes
fy-2026-27-development-book-volume-ii-1091-1097,1091,State Department for Roads,1091181800,Rural Roads Gravelling VI,1091181825,Igare - Kionyo - Mogonga,2630200,Capital Grants to Government Agencies and other Levels of Government,exp,8280125,0,0,0,165,yes
fy-2026-27-development-book-volume-ii-1091-1097,1091,State Department for Roads,1091181800,Rural Roads Gravelling VI,1091181826,Ekeronano - Kiabusura - Motonto,2630200,Capital Grants to Government Agencies and other Levels of Government,exp,8280125,0,0,0,165,yes
fy-2026-27-development-book-volume-ii-1091-1097,1091,State Department for Roads,1091181800,Rural Roads Gravelling VI,1091181827,Emax - Ngaru,2630200,Capital Grants to Government Agencies and other Levels of Government,exp,8280125,0,0,0,165,yes
fy-2026-27-development-book-volume-ii-1091-1097,1091,State Department for Roads,1091181800,Rural Roads Gravelling VI,1091181828,Inooro - Baraka Sec,2630200,Capital Grants to Government Agencies and other Levels of Government,exp,8280125,0,0,0,165,yes
fy-2026-27-development-book-volume-ii-1091-1097,1091,State Department for Roads,1091181800,Rural Roads Gravelling VI,1091181829,Magichere - Mirera,2630200,Capital Grants to Government Agencies and other Levels of Government,exp,8280125,0,0,0,165,yes
fy-2026-27-development-book-volume-ii-1091-1097,1091,State Department for Roads,1091181800,Rural Roads Gravelling VI,1091181830,Ndogino - Kamukunji,2630200,Capital Grants to Government Agencies and other Levels of Government,exp,8280125,0,0,0,165,yes
fy-2026-27-development-book-volume-ii-1091-1097,1091,State Department for Roads,1091181800,Rural Roads Gravelling VI,1091181831,Oasis of Mercy - kalampton,2630200,Capital Grants to Government Agencies and other Levels of Government,exp,8280125,0,0,0,165,yes
fy-2026-27-development-book-volume-ii-1091-1097,1091,State Department for Roads,1091181800,Rural Roads Gravelling VI,1091181832,Kapkatet Town Access Road,2630200,Capital Grants to Government Agencies and other Levels of Government,exp,8280125,0,0,0,165,yes
fy-2026-27-development-book-volume-ii-1091-1097,1091,State Department for Roads,1091181800,Rural Roads Gravelling VI,1091181834,Gravelling Mtito Andei - Mavindini - Lukenya University,2630200,Capital Grants to Government Agencies and other Levels of Government,exp,0,30000000,0,0,165,yes
fy-2026-27-development-book-volume-ii-1091-1097,1091,State Department for Roads,1091181800,Rural Roads Gravelling VI,1091181835,Jnct AIC Ngomano Kambu River Accesss -Kamulalani,2630200,Capital Grants to Government Agencies and other Levels of Government,exp,8280125,0,0,0,166,yes
fy-2026-27-development-book-volume-ii-1091-1097,1091,State Department for Roads,1091181800,Rural Roads Gravelling VI,1091181836,Barwesa - Kinyach,2630200,Capital Grants to Government Agencies and other Levels of Government,exp,8280125,0,0,0,166,yes
fy-2026-27-development-book-volume-ii-1091-1097,1091,State Department for Roads,1091181800,Rural Roads Gravelling VI,1091181837,Calvary Hope Centre -Church of God -Utabithi-Deep Village(Osieko),2630200,Capital Grants to Government Agencies and other Levels of Government,exp,11040166,0,0,0,166,yes
fy-2026-27-development-book-volume-ii-1091-1097,1091,State Department for Roads,1091181800,Rural Roads Gravelling VI,1091181838,Gravelling Rapogi - Piny Owacho - Omboo- Gogo Falls- Thimlich,2630200,Capital Grants to Government Agencies and other Levels of Government,exp,11040166,0,0,0,166,yes
fy-2026-27-development-book-volume-ii-1091-1097,1091,State Department for Roads,1091181800,Rural Roads Gravelling VI,1091181839,Gravelling Marmanet Sec School - Kudarira Sec/Gatero Shopping,2630200,Capital Grants to Government Agencies and other Levels of Government,exp,11040166,0,0,0,166,yes
fy-2026-27-development-book-volume-ii-1091-1097,1091,State Department for Roads,1091181800,Rural Roads Gravelling VI,1091181840,Gravelling UNCL Road/Ntepes - Sararah - Sereolipi/Losesis -Koom,2630200,Capital Grants to Government Agencies and other Levels of Government,exp,11040166,0,0,0,166,yes
fy-2026-27-development-book-volume-ii-1091-1097,1091,State Department for Roads,1091181800,Rural Roads Gravelling VI,1091181841,Gravelling KCA - Meijo Junct,2630200,Capital Grants to Government Agencies and other Levels of Government,exp,11040166,0,0,0,166,yes
fy-2026-27-development-book-volume-ii-1091-1097,1091,State Department for Roads,1091181800,Rural Roads Gravelling VI,1091181842,Gravelling Kona Mbaya - Mkwajuni,2630200,Capital Grants to Government Agencies and other Levels of Government,exp,11040166,0,0,0,166,yes
fy-2026-27-development-book-volume-ii-1091-1097,1091,State Department for Roads,1091181800,Rural Roads Gravelling VI,1091181843,Gravelling Kivagala -Mulundu --Chugi - Itando,2630200,Capital Grants to Government Agencies and other Levels of Government,exp,11040166,0,0,0,166,yes
fy-2026-27-development-book-volume-ii-1091-1097,1091,State Department for Roads,1091181800,Rural Roads Gravelling VI,1091181844,Gravelling Kithumula- Kwa Mutonga Nzemeli -Ndolos Corner,2630200,Capital Grants to Government Agencies and other Levels of Government,exp,11040166,0,0,0,166,yes
fy-2026-27-development-book-volume-ii-1091-1097,1091,State Department for Roads,1091181800,Rural Roads Gravelling VI,1091181845,Routine Maintenance A2 manyatta Jilo Central Chiefs Camp,2630200,Capital Grants to Government Agencies and other Levels of Government,exp,11040166,0,0,0,166,yes
fy-2026-27-development-book-volume-ii-1091-1097,1091,State Department for Roads,1091181800,Rural Roads Gravelling VI,1091181847,Kimuchu Corner 2-Mali Road,2630200,Capital Grants to Government Agencies and other Levels of Government,exp,8280125,0,0,0,167,yes
fy-2026-27-development-book-volume-ii-1091-1097,1091,State Department for Roads,1091181800,Rural Roads Gravelling VI,1091181848,Burundiko -Kiganjo Rd,2630200,Capital Grants to Government Agencies and other Levels of Government,exp,8280125,0,0,0,167,yes
fy-2026-27-development-book-volume-ii-1091-1097,1091,State Department for Roads,1091181800,Rural Roads Gravelling VI,1091181849,Stepping Stone-KisiiRd,2630200,Capital Grants to Government Agencies and other Levels of Government,exp,8280125,0,0,0,167,yes
fy-2026-27-development-book-volume-ii-1091-1097,1091,State Department for Roads,1091181800,Rural Roads Gravelling VI,1091181850,Kwaheri-Maria Magdalena Rd,2630200,Capital Grants to Government Agencies and other Levels of Government,exp,8280125,0,0,0,167,yes
fy-2026-27-development-book-volume-ii-1091-1097,1091,State Department for Roads,1091181800,Rural Roads Gravelling VI,1091181851,Graveling Kamburu-Nyanmuthaga Rd,2630200,Capital Grants to Government Agencies and other Levels of Government,exp,8280125,0,0,0,167,yes
fy-2026-27-development-book-volume-ii-1091-1097,1091,State Department for Roads,1091181800,Rural Roads Gravelling VI,1091181852,Gravelling Kimende-Bathi Road,2630200,Capital Grants to Government Agencies and other Levels of Government,exp,8280125,0,0,0,167,yes
fy-2026-27-development-book-volume-ii-1091-1097,1091,State Department for Roads,1091181800,Rural Roads Gravelling VI,1091181853,Gravelling Gitwe-Mumbuini-KiganjoRoad,2630200,Capital Grants to Government Agencies and other Levels of Government,exp,8280125,0,0,0,167,yes
fy-2026-27-development-book-volume-ii-1091-1097,1091,State Department for Roads,1091181800,Rural Roads Gravelling VI,1091181854,Gravelling GatunduLaw Courts-Githaruru-Gachie-Kwa Ndorongo Rd,2630200,Capital Grants to Government Agencies and other Levels of Government,exp,8280125,0,0,0,167,yes
fy-2026-27-development-book-volume-ii-1091-1097,1091,State Department for Roads,1091181800,Rural Roads Gravelling VI,1091181855,Gravellng Magumu Secondary -Mwisho Lami-,2630200,Capital Grants to Government Agencies and other Levels of Government,exp,8280125,0,0,0,167,yes
fy-2026-27-development-book-volume-ii-1091-1097,1091,State Department for Roads,1091181800,Rural Roads Gravelling VI,1091181856,Gravelling Mutonyora -Matchas Rd,2630200,Capital Grants to Government Agencies and other Levels of Government,exp,8280125,0,0,0,167,yes
fy-2026-27-development-book-volume-ii-1091-1097,1091,State Department for Roads,1091181800,Rural Roads Gravelling VI,1091181857,karangi-Ngere Tea Factory,2630200,Capital Grants to Government Agencies and other Levels of Government,exp,20040166,110150573,18115139,55075286,168,yes
fy-2026-27-development-book-volume-ii-1091-1097,1091,State Department for Roads,1091181800,Rural Roads Gravelling VI,1091181858,Murungaru-Kihumbu Rd,2630200,Capital Grants to Government Agencies and other Levels of Government,exp,8280125,0,0,0,168,yes
fy-2026-27-development-book-volume-ii-1091-1097,1091,State Department for Roads,1091181800,Rural Roads Gravelling VI,1091181859,Pepsi -Kinya Hwe Rd,2630200,Capital Grants to Government Agencies and other Levels of Government,exp,8280125,0,0,0,168,yes
fy-2026-27-development-book-volume-ii-1091-1097,1091,State Department for Roads,1091181800,Rural Roads Gravelling VI,1091181860,Kenyatta Rd -Mugiko,2630200,Capital Grants to Government Agencies and other Levels of Government,exp,8280125,0,0,0,168,yes
fy-2026-27-development-book-volume-ii-1091-1097,1091,State Department for Roads,1091181800,Rural Roads Gravelling VI,1091181861,Flyover-Kenton,2630200,Capital Grants to Government Agencies and other Levels of Government,exp,8280125,0,0,0,168,yes
fy-2026-27-development-book-volume-ii-1091-1097,1091,State Department for Roads,1091181800,Rural Roads Gravelling VI,1091181862,Daniel Ole Muyas-toroto rd,2630200,Capital Grants to Government Agencies and other Levels of Government,exp,8280125,0,0,0,168,yes
fy-2026-27-development-book-volume-ii-1091-1097,1091,State Department for Roads,1091181800,Rural Roads Gravelling VI,1091181863,Mutalia-Old Kangundo -Itazira-Iteere Rd,2630200,Capital Grants to Government Agencies and other Levels of Government,exp,8280125,30000000,0,0,168,yes
fy-2026-27-development-book-volume-ii-1091-1097,1091,State Department for Roads,1091181800,Rural Roads Gravelling VI,1091181864,Msumarini Stage -msu marini Secondary School /Pry School,2630200,Capital Grants to Government Agencies and other Levels of Government,exp,8280125,0,0,0,168,yes
fy-2026-27-development-book-volume-ii-1091-1097,1091,State Department for Roads,1091181800,Rural Roads Gravelling VI,1091181865,Brookside,2630200,Capital Grants to Government Agencies and other Levels of Government,exp,8280125,0,0,0,168,yes
fy-2026-27-development-book-volume-ii-1091-1097,1091,State Department for Roads,1091181800,Rural Roads Gravelling VI,1091181866,Kingeerop-PCEA church Road,2630200,Capital Grants to Government Agencies and other Levels of Government,exp,8280125,0,0,0,168,yes
fy-2026-27-development-book-volume-ii-1091-1097,1091,State Department for Roads,1091181800,Rural Roads Gravelling VI,1091181867,St Ann Catholic -Mutwere SDA Church Road,2630200,Capital Grants to Government Agencies and other Levels of Government,exp,8280125,0,0,0,168,yes
fy-2026-27-development-book-volume-ii-1091-1097,1091,State Department for Roads,1091181800,Rural Roads Gravelling VI,1091181868,White House -Njonjo-Gachuo Road,2630200,Capital Grants to Government Agencies and other Levels of Government,exp,8280125,0,0,0,169,yes
fy-2026-27-development-book-volume-ii-1091-1097,1091,State Department for Roads,1091181800,Rural Roads Gravelling VI,1091181869,Eluche Jnct-Luruva Rd,2630200,Capital Grants to Government Agencies and other Levels of Government,exp,8280125,0,0,0,169,yes
fy-2026-27-development-book-volume-ii-1091-1097,1091,State Department for Roads,1091181800,Rural Roads Gravelling VI,1091181870,Gatugi-Dump Site,2630200,Capital Grants to Government Agencies and other Levels of Government,exp,8280125,0,0,0,169,yes
fy-2026-27-development-book-volume-ii-1091-1097,1091,State Department for Roads,1091181800,Rural Roads Gravelling VI,1091181871,High Bridges School-Muitiku -Nairobi North Power Sub Station,2630200,Capital Grants to Government Agencies and other Levels of Government,exp,8280125,0,0,0,169,yes
fy-2026-27-development-book-volume-ii-1091-1097,1091,State Department for Roads,1091181800,Rural Roads Gravelling VI,1091181872,"Rwere st angels girls High school -Chief Camp ,Kimachia",2630200,Capital Grants to Government Agencies and other Levels of Government,exp,8280125,0,0,0,169,yes
fy-2026-27-development-book-volume-ii-1091-1097,1091,State Department for Roads,1091181800,Rural Roads Gravelling VI,1091181873,Mwongori Junct -Nyaronge-Nyandoche Ibere Road,2630200,Capital Grants to Government Agencies and other Levels of Government,exp,8280125,0,0,0,169,yes
fy-2026-27-development-book-volume-ii-1091-1097,1091,State Department for Roads,1091181800,Rural Roads Gravelling VI,1091181874,Gonzaga -Isoga-Amekara Road,2630200,Capital Grants to Government Agencies and other Levels of Government,exp,8280125,0,0,0,169,yes
fy-2026-27-development-book-volume-ii-1091-1097,1091,State Department for Roads,1091181800,Rural Roads Gravelling VI,1091181875,Timor -Kapkalen-Tumeiyo-Kimwogo-Kapkitony-Tambul Rd,2630200,Capital Grants to Government Agencies and other Levels of Government,exp,27000000,0,0,0,169,yes
fy-2026-27-development-book-volume-ii-1091-1097,1091,State Department for Roads,1091181800,Rural Roads Gravelling VI,1091181876,Chepsiget-Cheborko-Kapukat-Kirober-Torok-Kolol-Rd,2630200,Capital Grants to Government Agencies and other Levels of Government,exp,27000000,0,0,0,169,yes
fy-2026-27-development-book-volume-ii-1091-1097,1091,State Department for Roads,1091181800,Rural Roads Gravelling VI,1091181877,KapjagurAcess Roads,2630200,Capital Grants to Government Agencies and other Levels of Government,exp,27000000,0,0,0,169,yes
fy-2026-27-development-book-volume-ii-1091-1097,1091,State Department for Roads,1091181800,Rural Roads Gravelling VI,1091181878,Tachasis-Kabomio Road,2630200,Capital Grants to Government Agencies and other Levels of Government,exp,27000000,0,0,0,170,yes
fy-2026-27-development-book-volume-ii-1091-1097,1091,State Department for Roads,1091181800,Rural Roads Gravelling VI,1091181879,Mororio-Chesitek-Kiptabus-Sach 4-Keiyo Teachers Sacco-Tegeres-,2630200,Capital Grants to Government Agencies and other Levels of Government,exp,27000000,0,0,0,170,yes
fy-2026-27-development-book-volume-ii-1091-1097,1091,State Department for Roads,1091181800,Rural Roads Gravelling VI,1091181880,Navillas Access Roads,2630200,Capital Grants to Government Agencies and other Levels of Government,exp,27000000,0,0,0,170,yes
fy-2026-27-development-book-volume-ii-1091-1097,1091,State Department for Roads,1091181800,Rural Roads Gravelling VI,1091181881,Kuinet -Teresia-Keplelelach Access Roads,2630200,Capital Grants to Government Agencies and other Levels of Government,exp,27000000,0,0,0,170,yes
fy-2026-27-development-book-volume-ii-1091-1097,1091,State Department for Roads,1091181800,Rural Roads Gravelling VI,1091181882,Chekoboi-Kiber-Poi-Endo,2630200,Capital Grants to Government Agencies and other Levels of Government,exp,27000000,0,0,0,170,yes
fy-2026-27-development-book-volume-ii-1091-1097,1091,State Department for Roads,1091181800,Rural Roads Gravelling VI,1091181883,Kapiti-Uiimi-Makilili Pry School-chrisco Church,2630200,Capital Grants to Government Agencies and other Levels of Government,exp,8280125,24000000,0,0,170,yes
fy-2026-27-development-book-volume-ii-1091-1097,1091,State Department for Roads,1091181800,Rural Roads Gravelling VI,1091181884,Kahumbu Polytechnic-Kambi Cofee Factory (Thamara)Road,2630200,Capital Grants to Government Agencies and other Levels of Government,exp,8280125,0,0,0,170,yes
fy-2026-27-development-book-volume-ii-1091-1097,1091,State Department for Roads,1091181800,Rural Roads Gravelling VI,1091181885,Wakibugi -kahuti -Kraga Access Road /Kirere-Miiguini Rds,2630200,Capital Grants to Government Agencies and other Levels of Government,exp,8280125,0,0,0,170,yes
fy-2026-27-development-book-volume-ii-1091-1097,1091,State Department for Roads,1091181800,Rural Roads Gravelling VI,1091181886,Karaiani -Kirigithu Road,2630200,Capital Grants to Government Agencies and other Levels of Government,exp,8280125,0,0,0,170,yes
fy-2026-27-development-book-volume-ii-1091-1097,1091,State Department for Roads,1091181800,Rural Roads Gravelling VI,1091181887,Kirere-Thangaini Road,2630200,Capital Grants to Government Agencies and other Levels of Government,exp,8280125,0,0,0,170,yes
fy-2026-27-development-book-volume-ii-1091-1097,1091,State Department for Roads,1091181800,Rural Roads Gravelling VI,1091181888,Wanjura-Energy Ceilie Road,2630200,Capital Grants to Government Agencies and other Levels of Government,exp,8280125,0,0,0,170,yes
fy-2026-27-development-book-volume-ii-1091-1097,1091,State Department for Roads,1091181800,Rural Roads Gravelling VI,1091181889,Gakerie-Burton Resort Road,2630200,Capital Grants to Government Agencies and other Levels of Government,exp,8280125,0,0,0,171,yes
fy-2026-27-development-book-volume-ii-1091-1097,1091,State Department for Roads,1091181800,Rural Roads Gravelling VI,1091181890,Kiangumu-Gishagi-Kawira Road,2630200,Capital Grants to Government Agencies and other Levels of Government,exp,8280125,0,0,0,171,yes
fy-2026-27-development-book-volume-ii-1091-1097,1091,State Department for Roads,1091181800,Rural Roads Gravelling VI,1091181891,Kamuhindi Road,2630200,Capital Grants to Government Agencies and other Levels of Government,exp,8280125,0,0,0,171,yes
fy-2026-27-development-book-volume-ii-1091-1097,1091,State Department for Roads,1091181800,Rural Roads Gravelling VI,1091181892,Mwenda andu-Heri Road,2630200,Capital Grants to Government Agencies and other Levels of Government,exp,8280125,0,0,0,171,yes
fy-2026-27-development-book-volume-ii-1091-1097,1091,State Department for Roads,1091181800,Rural Roads Gravelling VI,1091181893,Kangui-Primarosa Road,2630200,Capital Grants to Government Agencies and other Levels of Government,exp,8280125,0,0,0,171,yes
fy-2026-27-development-book-volume-ii-1091-1097,1091,State Department for Roads,1091181800,Rural Roads Gravelling VI,1091181894,Ngarariga Njeru Stage-Ngareriga Cemetry Road,2630200,Capital Grants to Government Agencies and other Levels of Government,exp,8280125,0,0,0,171,yes
fy-2026-27-development-book-volume-ii-1091-1097,1091,State Department for Roads,1091181800,Rural Roads Gravelling VI,1091181895,Mboroti-St Marys Girls -BeNVEN Academy Road,2630200,Capital Grants to Government Agencies and other Levels of Government,exp,8280125,0,0,0,171,yes
fy-2026-27-development-book-volume-ii-1091-1097,1091,State Department for Roads,1091181800,Rural Roads Gravelling VI,1091181896,Msarara-Gathanga River Road,2630200,Capital Grants to Government Agencies and other Levels of Government,exp,8280125,0,0,0,171,yes
fy-2026-27-development-book-volume-ii-1091-1097,1091,State Department for Roads,1091181800,Rural Roads Gravelling VI,1091181897,Rwenu Catholic Church -Kagongo Road,2630200,Capital Grants to Government Agencies and other Levels of Government,exp,8280125,0,0,0,171,yes
fy-2026-27-development-book-volume-ii-1091-1097,1091,State Department for Roads,1091181800,Rural Roads Gravelling VI,1091181898,Makenga-Wamugu-maracha Road,2630200,Capital Grants to Government Agencies and other Levels of Government,exp,8280125,0,0,0,171,yes
fy-2026-27-development-book-volume-ii-1091-1097,1091,State Department for Roads,1091181800,Rural Roads Gravelling VI,1091181899,New York -Coke -Mugumo Road,2630200,Capital Grants to Government Agencies and other Levels of Government,exp,8280125,0,0,0,172,yes
fy-2026-27-development-book-volume-ii-1091-1097,1091,State Department for Roads,1091181900,Rural Roads Gravelling VII,1091181901,Mugamba-karamption Road,2630200,Capital Grants to Government Agencies and other Levels of Government,exp,8280125,0,0,0,172,yes
fy-2026-27-development-book-volume-ii-1091-1097,1091,State Department for Roads,1091181900,Rural Roads Gravelling VII,1091181902,Mahihu-Mutanga -Shauri Rd,2630200,Capital Grants to Government Agencies and other Levels of Government,exp,8280125,0,0,0,172,yes
fy-2026-27-development-book-volume-ii-1091-1097,1091,State Department for Roads,1091181900,Rural Roads Gravelling VII,1091181903,Transformer-Gwa Cungu Road,2630200,Capital Grants to Government Agencies and other Levels of Government,exp,8280125,0,0,0,172,yes
fy-2026-27-development-book-volume-ii-1091-1097,1091,State Department for Roads,1091181900,Rural Roads Gravelling VII,1091181904,Kwa Njigua - Ha Thiru Rd,2630200,Capital Grants to Government Agencies and other Levels of Government,exp,8280125,0,0,0,172,yes
fy-2026-27-development-book-volume-ii-1091-1097,1091,State Department for Roads,1091181900,Rural Roads Gravelling VII,1091181905,Green Garden -Comet Road,2630200,Capital Grants to Government Agencies and other Levels of Government,exp,8280125,0,0,0,172,yes
fy-2026-27-development-book-volume-ii-1091-1097,1091,State Department for Roads,1091181900,Rural Roads Gravelling VII,1091181906,Lu Sigetti Hospital -Kaigata Acess,2630200,Capital Grants to Government Agencies and other Levels of Government,exp,8280125,0,0,0,172,yes
fy-2026-27-development-book-volume-ii-1091-1097,1091,State Department for Roads,1091181900,Rural Roads Gravelling VII,1091181907,Kamengu Gardens -Ondiricatholic -Matimu-nderi Rural Road,2630200,Capital Grants to Government Agencies and other Levels of Government,exp,39160664,0,0,0,172,yes
fy-2026-27-development-book-volume-ii-1091-1097,1091,State Department for Roads,1091181900,Rural Roads Gravelling VII,1091181908,MagutuiniTeachers College Acess Road,2630200,Capital Grants to Government Agencies and other Levels of Government,exp,8280125,0,0,0,172,yes
fy-2026-27-development-book-volume-ii-1091-1097,1091,State Department for Roads,1091181900,Rural Roads Gravelling VII,1091181909,Zambezi-Nderi-Kari Road,2630200,Capital Grants to Government Agencies and other Levels of Government,exp,93006619,32045380,64090758,128181516,172,yes
fy-2026-27-development-book-volume-ii-1091-1097,1091,State Department for Roads,1091181900,Rural Roads Gravelling VII,1091181910,Kiaria Secondary-Kiairia Pry -Gititu Coffee Factory Road,2630200,Capital Grants to Government Agencies and other Levels of Government,exp,8280125,0,0,0,173,yes
fy-2026-27-development-book-volume-ii-1091-1097,1091,State Department for Roads,1091181900,Rural Roads Gravelling VII,1091181911,Muiria/muthurumbi -Gituidu-Kambala Rd,2630200,Capital Grants to Government Agencies and other Levels of Government,exp,8280125,0,0,0,173,yes
fy-2026-27-development-book-volume-ii-1091-1097,1091,State Department for Roads,1091181900,Rural Roads Gravelling VII,1091181912,Wajir -Kajaja Rd,2630200,Capital Grants to Government Agencies and other Levels of Government,exp,8280125,0,0,0,173,yes
fy-2026-27-development-book-volume-ii-1091-1097,1091,State Department for Roads,1091181900,Rural Roads Gravelling VII,1091181913,Kimuru Road,2630200,Capital Grants to Government Agencies and other Levels of Government,exp,8280125,0,0,0,173,yes
fy-2026-27-development-book-volume-ii-1091-1097,1091,State Department for Roads,1091181900,Rural Roads Gravelling VII,1091181914,Antioch Rd,2630200,Capital Grants to Government Agencies and other Levels of Government,exp,8280125,0,0,0,173,yes
fy-2026-27-development-book-volume-ii-1091-1097,1091,State Department for Roads,1091181900,Rural Roads Gravelling VII,1091181915,Karia-Ikiwe Rd,2630200,Capital Grants to Government Agencies and other Levels of Government,exp,8280125,0,0,0,173,yes
fy-2026-27-development-book-volume-ii-1091-1097,1091,State Department for Roads,1091181900,Rural Roads Gravelling VII,1091181916,Ha Waki-Rain Bow Resort -Kwihota-Gikumari Bridge Rd,2630200,Capital Grants to Government Agencies and other Levels of Government,exp,11040166,0,0,0,173,yes
fy-2026-27-development-book-volume-ii-1091-1097,1091,State Department for Roads,1091181900,Rural Roads Gravelling VII,1091181917,Kwa wa Ishongai-Kambi-Kitogo-Kamba,2630200,Capital Grants to Government Agencies and other Levels of Government,exp,8280125,0,0,0,173,yes
fy-2026-27-development-book-volume-ii-1091-1097,1091,State Department for Roads,1091181900,Rural Roads Gravelling VII,1091181918,Ha Chemu -Mutarakwa Rd,2630200,Capital Grants to Government Agencies and other Levels of Government,exp,8280125,0,0,0,173,yes
fy-2026-27-development-book-volume-ii-1091-1097,1091,State Department for Roads,1091181900,Rural Roads Gravelling VII,1091181919,Murungaru-Tula -Gilgil Road,2630200,Capital Grants to Government Agencies and other Levels of Government,exp,11040166,0,0,0,173,yes
fy-2026-27-development-book-volume-ii-1091-1097,1091,State Department for Roads,1091181900,Rural Roads Gravelling VII,1091181920,Muthure -Ngati Road,2630200,Capital Grants to Government Agencies and other Levels of Government,exp,8280125,0,0,0,174,yes
fy-2026-27-development-book-volume-ii-1091-1097,1091,State Department for Roads,1091181900,Rural Roads Gravelling VII,1091181921,Ha Njua -Gatera Pry School Rd,2630200,Capital Grants to Government Agencies and other Levels of Government,exp,8280125,0,0,0,174,yes
fy-2026-27-development-book-volume-ii-1091-1097,1091,State Department for Roads,1091181900,Rural Roads Gravelling VII,1091181922,Kaptarakwa-Kaptaget Rd,2630200,Capital Grants to Government Agencies and other Levels of Government,exp,8280125,0,0,0,174,yes
fy-2026-27-development-book-volume-ii-1091-1097,1091,State Department for Roads,1091181900,Rural Roads Gravelling VII,1091181923,Mokwo -Matungen Rd,2630200,Capital Grants to Government Agencies and other Levels of Government,exp,8280125,0,0,0,174,yes
fy-2026-27-development-book-volume-ii-1091-1097,1091,State Department for Roads,1091181900,Rural Roads Gravelling VII,1091181924,Kipkeikal-Suwerwa-Kamoi-Kapcherop-Kapsara Road,2630200,Capital Grants to Government Agencies and other Levels of Government,exp,16560249,0,0,0,174,yes
fy-2026-27-development-book-volume-ii-1091-1097,1091,State Department for Roads,1091181900,Rural Roads Gravelling VII,1091181925,Khabondi-SisokheSyombe-Muregu-Chekata Musaga-makhima,2630200,Capital Grants to Government Agencies and other Levels of Government,exp,16560249,0,0,0,174,yes
fy-2026-27-development-book-volume-ii-1091-1097,1091,State Department for Roads,1091181900,Rural Roads Gravelling VII,1091181926,Kibisi River -makunga-makunga-Luvyia Naitiri Road,2630200,Capital Grants to Government Agencies and other Levels of Government,exp,11040166,0,0,0,174,yes
fy-2026-27-development-book-volume-ii-1091-1097,1091,State Department for Roads,1091181900,Rural Roads Gravelling VII,1091181927,Shell (Beulah Hill Guest House)-Muranga High School Road,2630200,Capital Grants to Government Agencies and other Levels of Government,exp,8280125,0,0,0,174,yes
fy-2026-27-development-book-volume-ii-1091-1097,1091,State Department for Roads,1091181900,Rural Roads Gravelling VII,1091181928,Isiolo Road 1st South Avenue KHS,2630200,Capital Grants to Government Agencies and other Levels of Government,exp,12000000,0,0,0,174,yes
fy-2026-27-development-book-volume-ii-1091-1097,1091,State Department for Roads,1091181900,Rural Roads Gravelling VII,1091181929,Ridgeways Lane Kiambu,2630200,Capital Grants to Government Agencies and other Levels of Government,exp,12000000,0,0,0,174,yes
fy-2026-27-development-book-volume-ii-1091-1097,1091,State Department for Roads,1091181900,Rural Roads Gravelling VII,1091181930,Goijo - Kiliwaheri,2630200,Capital Grants to Government Agencies and other Levels of Government,exp,12000000,0,0,0,174,yes
fy-2026-27-development-book-volume-ii-1091-1097,1091,State Department for Roads,1091181900,Rural Roads Gravelling VII,1091181931,Urile - Lulis,2630200,Capital Grants to Government Agencies and other Levels of Government,exp,12000000,0,0,0,175,yes
fy-2026-27-development-book-volume-ii-1091-1097,1091,State Department for Roads,1091181900,Rural Roads Gravelling VII,1091181932,Bode - Eymore,2630200,Capital Grants to Government Agencies and other Levels of Government,exp,12000000,0,0,0,175,yes
fy-2026-27-development-book-volume-ii-1091-1097,1091,State Department for Roads,1091181900,Rural Roads Gravelling VII,1091181933,Birkan - Kiliwaheri,2630200,Capital Grants to Government Agencies and other Levels of Government,exp,12000000,0,0,0,175,yes
fy-2026-27-development-book-volume-ii-1091-1097,1091,State Department for Roads,1091181900,Rural Roads Gravelling VII,1091181934,Access lake Oloborosat,2630200,Capital Grants to Government Agencies and other Levels of Government,exp,12000000,0,0,0,175,yes
fy-2026-27-development-book-volume-ii-1091-1097,1091,State Department for Roads,1091181900,Rural Roads Gravelling VII,1091181935,Gachami - Thuti,2630200,Capital Grants to Government Agencies and other Levels of Government,exp,12000000,0,0,0,175,yes
fy-2026-27-development-book-volume-ii-1091-1097,1091,State Department for Roads,1091181900,Rural Roads Gravelling VII,1091181936,Barwesa - Kuikui - Kinyach,2630200,Capital Grants to Government Agencies and other Levels of Government,exp,12000000,0,0,0,175,yes
fy-2026-27-development-book-volume-ii-1091-1097,1091,State Department for Roads,1091181900,Rural Roads Gravelling VII,1091181937,Gichugu Road Kileleshwa,2630200,Capital Grants to Government Agencies and other Levels of Government,exp,20000000,0,0,0,175,yes
fy-2026-27-development-book-volume-ii-1091-1097,1091,State Department for Roads,1091181900,Rural Roads Gravelling VII,1091181938,Chaka Road Kilimani,2630200,Capital Grants to Government Agencies and other Levels of Government,exp,20000000,0,0,0,175,yes
fy-2026-27-development-book-volume-ii-1091-1097,1091,State Department for Roads,1091181900,Rural Roads Gravelling VII,1091181939,Kisima - Zariki,2630200,Capital Grants to Government Agencies and other Levels of Government,exp,15000000,0,0,0,175,yes
fy-2026-27-development-book-volume-ii-1091-1097,1091,State Department for Roads,1091181900,Rural Roads Gravelling VII,1091181940,Kahuhia - Mugumoini,2630200,Capital Grants to Government Agencies and other Levels of Government,exp,15000000,0,0,0,175,yes
fy-2026-27-development-book-volume-ii-1091-1097,1091,State Department for Roads,1091181900,Rural Roads Gravelling VII,1091181941,Bora - Golio,2630200,Capital Grants to Government Agencies and other Levels of Government,exp,15000000,0,0,0,176,yes
fy-2026-27-development-book-volume-ii-1091-1097,1091,State Department for Roads,1091181900,Rural Roads Gravelling VII,1091181942,Banisa - Dadash,2630200,Capital Grants to Government Agencies and other Levels of Government,exp,15000000,0,0,0,176,yes
fy-2026-27-development-book-volume-ii-1091-1097,1091,State Department for Roads,1091181900,Rural Roads Gravelling VII,1091181943,C717 Jaika Junction -Morgen,2630200,Capital Grants to Government Agencies and other Levels of Government,exp,15000000,0,0,0,176,yes
fy-2026-27-development-book-volume-ii-1091-1097,1091,State Department for Roads,1091181900,Rural Roads Gravelling VII,1091181944,C713 Lanet - Elementaita,2630200,Capital Grants to Government Agencies and other Levels of Government,exp,15000000,0,0,0,176,yes
fy-2026-27-development-book-volume-ii-1091-1097,1091,State Department for Roads,1091181900,Rural Roads Gravelling VII,1091181945,C273 Maktau-Ndome,2630200,Capital Grants to Government Agencies and other Levels of Government,exp,12000000,25000000,0,0,176,yes
fy-2026-27-development-book-volume-ii-1091-1097,1091,State Department for Roads,1091181900,Rural Roads Gravelling VII,1091181946,Mwatate-Kamtonga-Tsavo N.Park,2630200,Capital Grants to Government Agencies and other Levels of Government,exp,12000000,30000000,0,0,176,yes
fy-2026-27-development-book-volume-ii-1091-1097,1091,State Department for Roads,1091181900,Rural Roads Gravelling VII,1091181947,Junct Utawala Airways-St Patrick Catholic Church-St Macrina Centre,2630200,Capital Grants to Government Agencies and other Levels of Government,exp,15000000,18000000,0,0,176,yes
fy-2026-27-development-book-volume-ii-1091-1097,1091,State Department for Roads,1091181900,Rural Roads Gravelling VII,1091181948,Kalimani Mkt-Nzembete-Mitamboni -Ngomano,2630200,Capital Grants to Government Agencies and other Levels of Government,exp,12000000,0,0,0,176,yes
fy-2026-27-development-book-volume-ii-1091-1097,1091,State Department for Roads,1091181900,Rural Roads Gravelling VII,1091181950,Gravelling Angels - Nazareth Hospital -Ngoma Tupu Road,2630200,Capital Grants to Government Agencies and other Levels of Government,exp,0,30000000,0,0,176,yes
fy-2026-27-development-book-volume-ii-1091-1097,1091,State Department for Roads,1091181900,Rural Roads Gravelling VII,1091181951,Gravelling Banyal - Eltutu,2630200,Capital Grants to Government Agencies and other Levels of Government,exp,0,50000000,0,0,176,yes
fy-2026-27-development-book-volume-ii-1091-1097,1091,State Department for Roads,1091181900,Rural Roads Gravelling VII,1091181952,Gravelling Manunga-Kirima,2630200,Capital Grants to Government Agencies and other Levels of Government,exp,0,30000000,0,0,176,yes
fy-2026-27-development-book-volume-ii-1091-1097,1091,State Department for Roads,1091181900,Rural Roads Gravelling VII,1091181953,Gravelling Gitundu Cirula Kagongo Baptist - JCT B30 Anmer,2630200,Capital Grants to Government Agencies and other Levels of Government,exp,0,30000000,0,0,177,yes
fy-2026-27-development-book-volume-ii-1091-1097,1091,State Department for Roads,1091181900,Rural Roads Gravelling VII,1091181954,Gravelling Kasten - Pwani - Sirindet Road,2630200,Capital Grants to Government Agencies and other Levels of Government,exp,0,30000000,0,0,177,yes
fy-2026-27-development-book-volume-ii-1091-1097,1091,State Department for Roads,1091181900,Rural Roads Gravelling VII,1091181955,Gravelling Kiguaru Junction - Kanungu - ACK Church Road,2630200,Capital Grants to Government Agencies and other Levels of Government,exp,0,30000000,0,0,177,yes
fy-2026-27-development-book-volume-ii-1091-1097,1091,State Department for Roads,1091181900,Rural Roads Gravelling VII,1091181956,Gravelling Kwa Philip - Kilili - Matiliku,2630200,Capital Grants to Government Agencies and other Levels of Government,exp,0,60000000,0,0,177,yes
fy-2026-27-development-book-volume-ii-1091-1097,1091,State Department for Roads,1091181900,Rural Roads Gravelling VII,1091181957,Gravelling Miti itano-Kiburuti,2630200,Capital Grants to Government Agencies and other Levels of Government,exp,0,25000000,0,0,177,yes
fy-2026-27-development-book-volume-ii-1091-1097,1091,State Department for Roads,1091181900,Rural Roads Gravelling VII,1091181958,Gravelling Muthururumbi - Ituru - Kimaruri Road,2630200,Capital Grants to Government Agencies and other Levels of Government,exp,0,30000000,0,0,177,yes
fy-2026-27-development-book-volume-ii-1091-1097,1091,State Department for Roads,1091181900,Rural Roads Gravelling VII,1091181959,Gravelling Oasis Kangoki corner - Kisii macendonia maguna andu,2630200,Capital Grants to Government Agencies and other Levels of Government,exp,0,50000000,0,0,177,yes
fy-2026-27-development-book-volume-ii-1091-1097,1091,State Department for Roads,1091181900,Rural Roads Gravelling VII,1091181960,Gravelling Swabaha-Ngoi,2630200,Capital Grants to Government Agencies and other Levels of Government,exp,0,30000000,0,0,177,yes
fy-2026-27-development-book-volume-ii-1091-1097,1091,State Department for Roads,1091181900,Rural Roads Gravelling VII,1091181961,Gravelling A10 Roka-Magongoni-Game Road,2630200,Capital Grants to Government Agencies and other Levels of Government,exp,0,30000000,0,0,177,yes
fy-2026-27-development-book-volume-ii-1091-1097,1091,State Department for Roads,1091181900,Rural Roads Gravelling VII,1091181962,Gravelling Ali Jirdesa - Halima Garmaji,2630200,Capital Grants to Government Agencies and other Levels of Government,exp,0,70000000,0,0,177,yes
fy-2026-27-development-book-volume-ii-1091-1097,1091,State Department for Roads,1091181900,Rural Roads Gravelling VII,1091181963,Gravelling B8 Haroresa,2630200,Capital Grants to Government Agencies and other Levels of Government,exp,0,50000000,0,0,178,yes
fy-2026-27-development-book-volume-ii-1091-1097,1091,State Department for Roads,1091181900,Rural Roads Gravelling VII,1091181964,Gravelling Chagaik - Samret,2630200,Capital Grants to Government Agencies and other Levels of Government,exp,0,35000000,0,0,178,yes
fy-2026-27-development-book-volume-ii-1091-1097,1091,State Department for Roads,1091181900,Rural Roads Gravelling VII,1091181965,Gravelling Chemintany-Irrigation,2630200,Capital Grants to Government Agencies and other Levels of Government,exp,0,30000000,0,0,178,yes
fy-2026-27-development-book-volume-ii-1091-1097,1091,State Department for Roads,1091181900,Rural Roads Gravelling VII,1091181966,Gravelling Chesongoch roads,2630200,Capital Grants to Government Agencies and other Levels of Government,exp,0,60000000,0,0,178,yes
fy-2026-27-development-book-volume-ii-1091-1097,1091,State Department for Roads,1091181900,Rural Roads Gravelling VII,1091181967,Gravelling Chesor - Karelwa - Sokut - Sondamy Road,2630200,Capital Grants to Government Agencies and other Levels of Government,exp,0,42000000,0,0,178,yes
fy-2026-27-development-book-volume-ii-1091-1097,1091,State Department for Roads,1091181900,Rural Roads Gravelling VII,1091181968,Gravelling Dambala Fachana -Ambulo,2630200,Capital Grants to Government Agencies and other Levels of Government,exp,0,45000000,0,0,178,yes
fy-2026-27-development-book-volume-ii-1091-1097,1091,State Department for Roads,1091181900,Rural Roads Gravelling VII,1091181969,Gravelling Ekebuse - Ebate - Itogotera - Rionsingo,2630200,Capital Grants to Government Agencies and other Levels of Government,exp,0,30000000,0,0,178,yes
fy-2026-27-development-book-volume-ii-1091-1097,1091,State Department for Roads,1091181900,Rural Roads Gravelling VII,1091181970,Gravelling Fishinyi-Msangachi Bridge-Bagays Pry -Rahai Primary,2630200,Capital Grants to Government Agencies and other Levels of Government,exp,0,30000000,0,0,178,yes
fy-2026-27-development-book-volume-ii-1091-1097,1091,State Department for Roads,1091181900,Rural Roads Gravelling VII,1091181971,Gravelling Flouspar - Emsea,2630200,Capital Grants to Government Agencies and other Levels of Government,exp,0,30000000,0,0,178,yes
fy-2026-27-development-book-volume-ii-1091-1097,1091,State Department for Roads,1091181900,Rural Roads Gravelling VII,1091181972,Gravelling Gaita -Mbomu,2630200,Capital Grants to Government Agencies and other Levels of Government,exp,0,30000000,0,0,178,yes
fy-2026-27-development-book-volume-ii-1091-1097,1091,State Department for Roads,1091181900,Rural Roads Gravelling VII,1091181973,Gravelling Gatuikira Access Roads,2630200,Capital Grants to Government Agencies and other Levels of Government,exp,0,30000000,0,0,178,yes
fy-2026-27-development-book-volume-ii-1091-1097,1091,State Department for Roads,1091181900,Rural Roads Gravelling VII,1091181975,Gravelling Gitutha-Wisdom-Muuru-Marugu Road,2630200,Capital Grants to Government Agencies and other Levels of Government,exp,0,30000000,0,0,179,yes
fy-2026-27-development-book-volume-ii-1091-1097,1091,State Department for Roads,1091181900,Rural Roads Gravelling VII,1091181976,Gravelling Guama - Gatugura,2630200,Capital Grants to Government Agencies and other Levels of Government,exp,0,30000000,0,0,179,yes
fy-2026-27-development-book-volume-ii-1091-1097,1091,State Department for Roads,1091181900,Rural Roads Gravelling VII,1091181977,Gravelling Ikumbi - Kiritu,2630200,Capital Grants to Government Agencies and other Levels of Government,exp,0,30000000,0,0,179,yes
fy-2026-27-development-book-volume-ii-1091-1097,1091,State Department for Roads,1091181900,Rural Roads Gravelling VII,1091181978,Gravelling Indian Bazaar - Karambani,2630200,Capital Grants to Government Agencies and other Levels of Government,exp,0,30000000,0,0,179,yes
fy-2026-27-development-book-volume-ii-1091-1097,1091,State Department for Roads,1091181900,Rural Roads Gravelling VII,1091181979,Gravelling Junction A2-Bovi Road,2630200,Capital Grants to Government Agencies and other Levels of Government,exp,0,45000000,0,0,179,yes
fy-2026-27-development-book-volume-ii-1091-1097,1091,State Department for Roads,1091181900,Rural Roads Gravelling VII,1091181980,Gravelling Kakuma - Lopur - Lokangae - Nasinyeno,2630200,Capital Grants to Government Agencies and other Levels of Government,exp,0,30000000,0,0,179,yes
fy-2026-27-development-book-volume-ii-1091-1097,1091,State Department for Roads,1091181900,Rural Roads Gravelling VII,1091181981,Gravelling Kakuma - Loreng - Nakitongo,2630200,Capital Grants to Government Agencies and other Levels of Government,exp,0,60000000,0,0,179,yes
fy-2026-27-development-book-volume-ii-1091-1097,1091,State Department for Roads,1091181900,Rural Roads Gravelling VII,1091181982,Gravelling Kiligoris - Gateri,2630200,Capital Grants to Government Agencies and other Levels of Government,exp,0,30000000,0,0,179,yes
fy-2026-27-development-book-volume-ii-1091-1097,1091,State Department for Roads,1091181900,Rural Roads Gravelling VII,1091181983,Gravelling Kiongwe Sec School -Mwalimu Kombo-Mangu Pry School -,2630200,Capital Grants to Government Agencies and other Levels of Government,exp,0,30000000,0,0,179,yes
fy-2026-27-development-book-volume-ii-1091-1097,1091,State Department for Roads,1091181900,Rural Roads Gravelling VII,1091181984,Gravelling Kisima - Lodokejek Road,2630200,Capital Grants to Government Agencies and other Levels of Government,exp,0,30000000,0,0,179,yes
fy-2026-27-development-book-volume-ii-1091-1097,1091,State Department for Roads,1091181900,Rural Roads Gravelling VII,1091181985,Gravelling Kithungo-Mukuyuni,2630200,Capital Grants to Government Agencies and other Levels of Government,exp,0,25000000,0,0,180,yes
fy-2026-27-development-book-volume-ii-1091-1097,1091,State Department for Roads,1091181900,Rural Roads Gravelling VII,1091181986,Gravelling Kiwawa-Mgombani,2630200,Capital Grants to Government Agencies and other Levels of Government,exp,0,25000000,0,0,180,yes
fy-2026-27-development-book-volume-ii-1091-1097,1091,State Department for Roads,1091181900,Rural Roads Gravelling VII,1091181987,Gravelling Kwa Gladys - Kamwaura-Gacharage -Sirikwa-Muthenji,2630200,Capital Grants to Government Agencies and other Levels of Government,exp,0,51000000,0,0,180,yes
fy-2026-27-development-book-volume-ii-1091-1097,1091,State Department for Roads,1091181900,Rural Roads Gravelling VII,1091181988,Gravelling Kwa Katithi-Kusyongali,2630200,Capital Grants to Government Agencies and other Levels of Government,exp,0,25000000,0,0,180,yes
fy-2026-27-development-book-volume-ii-1091-1097,1091,State Department for Roads,1091181900,Rural Roads Gravelling VII,1091181989,Gravelling Lebehiya-Lethi,2630200,Capital Grants to Government Agencies and other Levels of Government,exp,0,60000000,0,0,180,yes
fy-2026-27-development-book-volume-ii-1091-1097,1091,State Department for Roads,1091181900,Rural Roads Gravelling VII,1091181990,Gravelling Lorubae Primary -Mlanga,2630200,Capital Grants to Government Agencies and other Levels of Government,exp,0,25000000,0,0,180,yes
fy-2026-27-development-book-volume-ii-1091-1097,1091,State Department for Roads,1091181900,Rural Roads Gravelling VII,1091181991,Gravelling Lpetpet Primary -Loltulelei Primary,2630200,Capital Grants to Government Agencies and other Levels of Government,exp,0,25000000,0,0,180,yes
fy-2026-27-development-book-volume-ii-1091-1097,1091,State Department for Roads,1091181900,Rural Roads Gravelling VII,1091181993,Gravelling Madogo - Bura - Dima,2630200,Capital Grants to Government Agencies and other Levels of Government,exp,0,50000000,0,0,180,yes
fy-2026-27-development-book-volume-ii-1091-1097,1091,State Department for Roads,1091181900,Rural Roads Gravelling VII,1091181994,Gravelling Maili Saba Jnct Gatero - Kabera - Gitundaga Baptist,2630200,Capital Grants to Government Agencies and other Levels of Government,exp,0,30000000,0,0,180,yes
fy-2026-27-development-book-volume-ii-1091-1097,1091,State Department for Roads,1091181900,Rural Roads Gravelling VII,1091181995,Gravelling Maingi - King`atua - Kamahindu - Ngamba,2630200,Capital Grants to Government Agencies and other Levels of Government,exp,0,30000000,0,0,180,yes
fy-2026-27-development-book-volume-ii-1091-1097,1091,State Department for Roads,1091181900,Rural Roads Gravelling VII,1091181997,Gravelling Mathare Mental Road Hospital Ward,2630200,Capital Grants to Government Agencies and other Levels of Government,exp,0,30000000,0,0,180,yes
fy-2026-27-development-book-volume-ii-1091-1097,1091,State Department for Roads,1091181900,Rural Roads Gravelling VII,1091181998,Gravelling Mauche - Kimgul - Kamasai,2630200,Capital Grants to Government Agencies and other Levels of Government,exp,0,30000000,0,0,181,yes
fy-2026-27-development-book-volume-ii-1091-1097,1091,State Department for Roads,1091181900,Rural Roads Gravelling VII,1091181999,Gravelling Mtito - Mavinduni,2630200,Capital Grants to Government Agencies and other Levels of Government,exp,0,70000000,0,0,181,yes
fy-2026-27-development-book-volume-ii-1091-1097,1091,State Department for Roads,1091182100,Road Works,1091182101,Kanyawanga-Dede-Rapogi,2630200,Capital Grants to Government Agencies and other Levels of Government,exp,294000000,264720080,72784771,229440159,181,yes
fy-2026-27-development-book-volume-ii-1091-1097,1091,State Department for Roads,1091182100,Road Works,1091182102,Stella-Gogo,2630200,Capital Grants to Government Agencies and other Levels of Government,exp,200000000,225472579,32084008,150945156,181,yes
fy-2026-27-development-book-volume-ii-1091-1097,1091,State Department for Roads,1091182100,Road Works,1091182105,Kabau-Bondo-Piny Oyie,2630200,Capital Grants to Government Agencies and other Levels of Government,exp,200000000,71562878,57159912,143125755,181,yes
fy-2026-27-development-book-volume-ii-1091-1097,1091,State Department for Roads,1091182100,Road Works,1091182106,Masara-Muhuru,2630200,Capital Grants to Government Agencies and other Levels of Government,exp,300000000,250000000,300000000,377519920,181,yes
fy-2026-27-development-book-volume-ii-1091-1097,1091,State Department for Roads,1091182100,Road Works,1091182107,Posta-Nyikendo-Nyarongi-Macalder,2630200,Capital Grants to Government Agencies and other Levels of Government,exp,300000000,114950445,79866001,229900888,181,yes
fy-2026-27-development-book-volume-ii-1091-1097,1091,State Department for Roads,1091182100,Road Works,1091182108,Otho-Got-Kachola,2630200,Capital Grants to Government Agencies and other Levels of Government,exp,200000000,176173378,49881764,152346755,181,yes
fy-2026-27-development-book-volume-ii-1091-1097,1091,State Department for Roads,1091182100,Road Works,1091182110,Oruba-Kababu,2630200,Capital Grants to Government Agencies and other Levels of Government,exp,30000000,0,0,0,181,yes
fy-2026-27-development-book-volume-ii-1091-1097,1091,State Department for Roads,1091182100,Road Works,1091182111,Mbita-Sindo-Kiabuya,2630200,Capital Grants to Government Agencies and other Levels of Government,exp,600000000,275000000,125000000,121125000,182,yes
fy-2026-27-development-book-volume-ii-1091-1097,1091,State Department for Roads,1091182100,Road Works,1091182112,Agolomuok-Otati-Kogore,2630200,Capital Grants to Government Agencies and other Levels of Government,exp,450000000,375000000,125000000,121125000,182,yes
fy-2026-27-development-book-volume-ii-1091-1097,1091,State Department for Roads,1091182100,Road Works,1091182113,Koguta--Nyabera,2630200,Capital Grants to Government Agencies and other Levels of Government,exp,200000000,204059149,36373746,108118298,182,yes
fy-2026-27-development-book-volume-ii-1091-1097,1091,State Department for Roads,1091182100,Road Works,1091182114,Lwanda-Kanyakiano,2630200,Capital Grants to Government Agencies and other Levels of Government,exp,200000000,199831660,32367098,99663319,182,yes
fy-2026-27-development-book-volume-ii-1091-1097,1091,State Department for Roads,1091182100,Road Works,1091182115,Tonga-Kisaku-Osiri,2630200,Capital Grants to Government Agencies and other Levels of Government,exp,200000000,150000000,0,0,182,yes
fy-2026-27-development-book-volume-ii-1091-1097,1091,State Department for Roads,1091182100,Road Works,1091182116,Marindi-Magina-Pala,2630200,Capital Grants to Government Agencies and other Levels of Government,exp,350000000,250000000,0,0,182,yes
fy-2026-27-development-book-volume-ii-1091-1097,1091,State Department for Roads,1091182100,Road Works,1091182117,Kalamindi-Osani-Nyakweri,2630200,Capital Grants to Government Agencies and other Levels of Government,exp,300000000,67872786,57520429,141962975,182,yes
fy-2026-27-development-book-volume-ii-1091-1097,1091,State Department for Roads,1091182100,Road Works,1091182118,Got Kojowi-Osogo-Otati,2630200,Capital Grants to Government Agencies and other Levels of Government,exp,200000000,204391482,37597369,108782963,182,yes
fy-2026-27-development-book-volume-ii-1091-1097,1091,State Department for Roads,1091182100,Road Works,1091182120,Adiedo-Karabok,2630200,Capital Grants to Government Agencies and other Levels of Government,exp,100000000,41666667,41666667,80750000,182,yes
fy-2026-27-development-book-volume-ii-1091-1097,1091,State Department for Roads,1091182100,Road Works,1091182121,Rangwe-Ndiru,2630200,Capital Grants to Government Agencies and other Levels of Government,exp,100000000,71000000,33939414,88441116,182,yes
fy-2026-27-development-book-volume-ii-1091-1097,1091,State Department for Roads,1091182100,Road Works,1091182125,Rabuor -Chiga,2630200,Capital Grants to Government Agencies and other Levels of Government,exp,200000000,56332682,112665362,168998043,182,yes
fy-2026-27-development-book-volume-ii-1091-1097,1091,State Department for Roads,1091182100,Road Works,1091182126,Awasi-Katito,2630200,Capital Grants to Government Agencies and other Levels of Government,exp,200000000,200000000,0,0,183,yes
fy-2026-27-development-book-volume-ii-1091-1097,1091,State Department for Roads,1091182100,Road Works,1091182127,Grace Ogot Estate,2630200,Capital Grants to Government Agencies and other Levels of Government,exp,100000000,41666667,41666667,40375000,183,yes
fy-2026-27-development-book-volume-ii-1091-1097,1091,State Department for Roads,1091182100,Road Works,1091182128,Kodiaga-Rabango-Ratuoro-Usenge Road,2630200,Capital Grants to Government Agencies and other Levels of Government,exp,850000000,236137661,120535311,372275322,183,yes
fy-2026-27-development-book-volume-ii-1091-1097,1091,State Department for Roads,1091182100,Road Works,1091182129,Bondo Bypass,2630200,Capital Grants to Government Agencies and other Levels of Government,exp,400000000,101063419,71315164,202126838,183,yes
fy-2026-27-development-book-volume-ii-1091-1097,1091,State Department for Roads,1091182100,Road Works,1091182130,Wangarot-Asembo Bay-Kalendiu Road,2630200,Capital Grants to Government Agencies and other Levels of Government,exp,100000000,41666667,41666667,40375000,183,yes
fy-2026-27-development-book-volume-ii-1091-1097,1091,State Department for Roads,1091182100,Road Works,1091182131,Sidindi-Sigomre-Masiro,2630200,Capital Grants to Government Agencies and other Levels of Government,exp,200000000,74922532,48748559,149845064,183,yes
fy-2026-27-development-book-volume-ii-1091-1097,1091,State Department for Roads,1091182100,Road Works,1091182132,Boro-Hawinga-Uwaasi Road,2630200,Capital Grants to Government Agencies and other Levels of Government,exp,300000000,94219383,58928012,188438765,183,yes
fy-2026-27-development-book-volume-ii-1091-1097,1091,State Department for Roads,1091182100,Road Works,1091182133,Kalandini-Lwala-Ka Elija Road,2630200,Capital Grants to Government Agencies and other Levels of Government,exp,300000000,95464604,63006654,67431412,183,yes
fy-2026-27-development-book-volume-ii-1091-1097,1091,State Department for Roads,1091182100,Road Works,1091182134,Sihayi-Kadongo-Sega-Odiado Road,2630200,Capital Grants to Government Agencies and other Levels of Government,exp,200000000,126400105,95081013,103279760,183,yes
fy-2026-27-development-book-volume-ii-1091-1097,1091,State Department for Roads,1091182100,Road Works,1091182136,Dadaab Town Roads,2630200,Capital Grants to Government Agencies and other Levels of Government,exp,200000000,100000000,200000000,300000000,183,yes
fy-2026-27-development-book-volume-ii-1091-1097,1091,State Department for Roads,1091182100,Road Works,1091182139,Sindo Town Roads,2630200,Capital Grants to Government Agencies and other Levels of Government,exp,100000000,0,0,0,184,yes
fy-2026-27-development-book-volume-ii-1091-1097,1091,State Department for Roads,1091182100,Road Works,1091182142,Clusters in Suba South Constituency,2630200,Capital Grants to Government Agencies and other Levels of Government,exp,100000000,0,0,0,184,yes
fy-2026-27-development-book-volume-ii-1091-1097,1091,State Department for Roads,1091182100,Road Works,1091182143,Clusters in Ndhiwa Constituency,2630200,Capital Grants to Government Agencies and other Levels of Government,exp,100000000,0,0,0,184,yes
fy-2026-27-development-book-volume-ii-1091-1097,1091,State Department for Roads,1091182100,Road Works,1091182144,Clusters in Nyatike Constituency,2630200,Capital Grants to Government Agencies and other Levels of Government,exp,100000000,0,0,0,184,yes
fy-2026-27-development-book-volume-ii-1091-1097,1091,State Department for Roads,1091182100,Road Works,1091182145,Clusters in Kieni Constituency,2630200,Capital Grants to Government Agencies and other Levels of Government,exp,100000000,0,0,0,184,yes
fy-2026-27-development-book-volume-ii-1091-1097,1091,State Department for Roads,1091182100,Road Works,1091182146,Clusters in Mandera County,2630200,Capital Grants to Government Agencies and other Levels of Government,exp,100000000,0,0,0,184,yes
fy-2026-27-development-book-volume-ii-1091-1097,1091,State Department for Roads,1091182100,Road Works,1091182148,Nyakorere Secondary Construction,2630200,Capital Grants to Government Agencies and other Levels of Government,exp,20000000,0,0,0,184,yes
fy-2026-27-development-book-volume-ii-1091-1097,1091,State Department for Roads,1091182100,Road Works,1091182149,Ngere East & West Gabbions,2630200,Capital Grants to Government Agencies and other Levels of Government,exp,25000000,0,0,0,184,yes
fy-2026-27-development-book-volume-ii-1091-1097,1091,State Department for Roads,1091182100,Road Works,1091182150,Ngere Bridge,2630200,Capital Grants to Government Agencies and other Levels of Government,exp,20000000,0,0,0,184,yes
fy-2026-27-development-book-volume-ii-1091-1097,1091,State Department for Roads,1091182100,Road Works,1091182151,Cereal Limanet Enaramatishoreki road,2630200,Capital Grants to Government Agencies and other Levels of Government,exp,50000000,0,0,0,184,yes
fy-2026-27-development-book-volume-ii-1091-1097,1091,State Department for Roads,1091182100,Road Works,1091182152,Gede Forest - Dabaso- Turtle Bay Road,2630200,Capital Grants to Government Agencies and other Levels of Government,exp,50000000,0,0,0,184,yes
fy-2026-27-development-book-volume-ii-1091-1097,1091,State Department for Roads,1091182100,Road Works,1091182153,Kombe- Mbita Central- Milimani road,2630200,Capital Grants to Government Agencies and other Levels of Government,exp,25000000,0,0,0,185,yes
fy-2026-27-development-book-volume-ii-1091-1097,1091,State Department for Roads,1091182100,Road Works,1091182154,Luore- Dr. Williams- Wayugu- Pap Ndege road,2630200,Capital Grants to Government Agencies and other Levels of Government,exp,25000000,0,0,0,185,yes
fy-2026-27-development-book-volume-ii-1091-1097,1091,State Department for Roads,1091182100,Road Works,1091182155,Kajakondogo Nyangubo kanunda kanyagundi omollo asomo,2630200,Capital Grants to Government Agencies and other Levels of Government,exp,25000000,0,0,0,185,yes
fy-2026-27-development-book-volume-ii-1091-1097,1091,State Department for Roads,1091182100,Road Works,1091182156,Mukuro konakanyasime kipingi piny oyie road,2630200,Capital Grants to Government Agencies and other Levels of Government,exp,25000000,0,0,0,185,yes
fy-2026-27-development-book-volume-ii-1091-1097,1091,State Department for Roads,1091182100,Road Works,1091182157,Ndere - Ambira Road,2630200,Capital Grants to Government Agencies and other Levels of Government,exp,25000000,0,0,0,185,yes
fy-2026-27-development-book-volume-ii-1091-1097,1091,State Department for Roads,1091182100,Road Works,1091182158,Boro - Harambee road,2630200,Capital Grants to Government Agencies and other Levels of Government,exp,25000000,0,0,0,185,yes
fy-2026-27-development-book-volume-ii-1091-1097,1091,State Department for Roads,1091182100,Road Works,1091182159,Uhembo - Malele,2630200,Capital Grants to Government Agencies and other Levels of Government,exp,25000000,0,0,0,185,yes
fy-2026-27-development-book-volume-ii-1091-1097,1091,State Department for Roads,1091182100,Road Works,1091182160,Apate - Mahola - Nyalwanga Road,2630200,Capital Grants to Government Agencies and other Levels of Government,exp,25000000,0,0,0,185,yes
fy-2026-27-development-book-volume-ii-1091-1097,1091,State Department for Roads,1091182100,Road Works,1091182161,Apate - Gangu Road,2630200,Capital Grants to Government Agencies and other Levels of Government,exp,25000000,0,0,0,185,yes
fy-2026-27-development-book-volume-ii-1091-1097,1091,State Department for Roads,1091182100,Road Works,1091182162,Segere - Rabar Market Road,2630200,Capital Grants to Government Agencies and other Levels of Government,exp,25000000,0,0,0,185,yes
fy-2026-27-development-book-volume-ii-1091-1097,1091,State Department for Roads,1091182100,Road Works,1091182163,Mbaga - Nyakongo - Nyalgunga Road,2630200,Capital Grants to Government Agencies and other Levels of Government,exp,25000000,0,0,0,186,yes
fy-2026-27-development-book-volume-ii-1091-1097,1091,State Department for Roads,1091182100,Road Works,1091182164,Mur Malanga Primary School - Raloge Road,2630200,Capital Grants to Government Agencies and other Levels of Government,exp,25000000,0,0,0,186,yes
fy-2026-27-development-book-volume-ii-1091-1097,1091,State Department for Roads,1091182100,Road Works,1091182165,Apostolic - Thim Ralak Primary School-Othidhe Road,2630200,Capital Grants to Government Agencies and other Levels of Government,exp,25000000,0,0,0,186,yes
fy-2026-27-development-book-volume-ii-1091-1097,1091,State Department for Roads,1091182100,Road Works,1091182166,Kiminini-Solana-Kangoti,2630200,Capital Grants to Government Agencies and other Levels of Government,exp,206000000,77956551,56178536,155913100,186,yes
fy-2026-27-development-book-volume-ii-1091-1097,1091,State Department for Roads,1091182100,Road Works,1091182167,"Nairobi North Power Sub Station, Kirienye Chief's Camp (Upgrading",2630200,Capital Grants to Government Agencies and other Levels of Government,exp,45000000,0,0,0,186,yes
fy-2026-27-development-book-volume-ii-1091-1097,1091,State Department for Roads,1091182100,Road Works,1091182168,Kimachia / Rweno (Upgrading to Bituminous Standard),2630200,Capital Grants to Government Agencies and other Levels of Government,exp,55000000,0,0,0,186,yes
fy-2026-27-development-book-volume-ii-1091-1097,1091,State Department for Roads,1091182100,Road Works,1091182169,Lafey-Kabo,2630200,Capital Grants to Government Agencies and other Levels of Government,exp,65000000,0,0,0,186,yes
fy-2026-27-development-book-volume-ii-1091-1097,1091,State Department for Roads,1091182100,Road Works,1091182170,Kamoraliban-Damasa,2630200,Capital Grants to Government Agencies and other Levels of Government,exp,40000000,0,0,0,186,yes
fy-2026-27-development-book-volume-ii-1091-1097,1091,State Department for Roads,1091182100,Road Works,1091182171,Feroze Road,2630200,Capital Grants to Government Agencies and other Levels of Government,exp,20000000,0,0,0,186,yes
fy-2026-27-development-book-volume-ii-1091-1097,1091,State Department for Roads,1091182100,Road Works,1091182172,Tononoka - Sector Road,2630200,Capital Grants to Government Agencies and other Levels of Government,exp,20000000,0,0,0,186,yes
fy-2026-27-development-book-volume-ii-1091-1097,1091,State Department for Roads,1091182100,Road Works,1091182173,Mufupi- Mukuyuni -Naitiri road,2630200,Capital Grants to Government Agencies and other Levels of Government,exp,70000000,20999908,17699099,41999814,186,yes
fy-2026-27-development-book-volume-ii-1091-1097,1091,State Department for Roads,1091182100,Road Works,1091182174,Ngong Suswa junction-SGR-Nachu -Rumwe,2630200,Capital Grants to Government Agencies and other Levels of Government,exp,100000000,41666667,41666667,40375000,187,yes
fy-2026-27-development-book-volume-ii-1091-1097,1091,State Department for Roads,1091182100,Road Works,1091182175,Ngong Kibiku- Kangiria,2630200,Capital Grants to Government Agencies and other Levels of Government,exp,200000000,73949012,52305412,147898023,187,yes
fy-2026-27-development-book-volume-ii-1091-1097,1091,State Department for Roads,1091182100,Road Works,1091182176,Alliance High school access,2630200,Capital Grants to Government Agencies and other Levels of Government,exp,70000000,0,0,0,187,yes
fy-2026-27-development-book-volume-ii-1091-1097,1091,State Department for Roads,1091182100,Road Works,1091182177,Omingo Bridge,2630200,Capital Grants to Government Agencies and other Levels of Government,exp,30000000,5550906,11101811,16652717,187,yes
fy-2026-27-development-book-volume-ii-1091-1097,1091,State Department for Roads,1091182100,Road Works,1091182178,Belekenya-Karlel-Kaptildil-Chepterit Road,2630200,Capital Grants to Government Agencies and other Levels of Government,exp,100000000,37473372,31491703,74946743,187,yes
fy-2026-27-development-book-volume-ii-1091-1097,1091,State Department for Roads,1091182100,Road Works,1091182179,Kopere POTOPOTO-Kapkwong-Cheswerta-Kobujoi-Kaiboi-,2630200,Capital Grants to Government Agencies and other Levels of Government,exp,150000000,62500000,41250000,125000000,187,yes
fy-2026-27-development-book-volume-ii-1091-1097,1091,State Department for Roads,1091182100,Road Works,1091182180,Kaiboi-Chepkober,2630200,Capital Grants to Government Agencies and other Levels of Government,exp,70000000,202107100,135438865,404214199,187,yes
fy-2026-27-development-book-volume-ii-1091-1097,1091,State Department for Roads,1091182100,Road Works,1091182181,Mogondo-Charamgoi-Mogor-Soit Road,2630200,Capital Grants to Government Agencies and other Levels of Government,exp,70000000,26234388,25473564,52468776,187,yes
fy-2026-27-development-book-volume-ii-1091-1097,1091,State Department for Roads,1091182100,Road Works,1091182182,Londiani-Makutano,2630200,Capital Grants to Government Agencies and other Levels of Government,exp,70000000,0,0,0,187,yes
fy-2026-27-development-book-volume-ii-1091-1097,1091,State Department for Roads,1091182100,Road Works,1091182183,Furaha-Hill Tea,2630200,Capital Grants to Government Agencies and other Levels of Government,exp,70000000,36912007,73824014,110736020,187,yes
fy-2026-27-development-book-volume-ii-1091-1097,1091,State Department for Roads,1091182100,Road Works,1091182184,Panda Pilis-Kampala-Bakoyot-Mabasi Road,2630200,Capital Grants to Government Agencies and other Levels of Government,exp,294000000,154400788,48484534,148553512,188,yes
fy-2026-27-development-book-volume-ii-1091-1097,1091,State Department for Roads,1091182100,Road Works,1091182185,Kyogong-Kapsimbiri-Kiromwok-Kiptogoch-Kisyet Tea factory,2630200,Capital Grants to Government Agencies and other Levels of Government,exp,140000000,49661547,40717000,99323093,188,yes
fy-2026-27-development-book-volume-ii-1091-1097,1091,State Department for Roads,1091182100,Road Works,1091182186,Daraja Sita-Chebirbelek-Kipanjala-Masset-Kapkoros,2630200,Capital Grants to Government Agencies and other Levels of Government,exp,140000000,48254447,45068135,96508894,188,yes
fy-2026-27-development-book-volume-ii-1091-1097,1091,State Department for Roads,1091182100,Road Works,1091182187,Makimeny-Oibutyo-Sigor,2630200,Capital Grants to Government Agencies and other Levels of Government,exp,70000000,0,0,0,188,yes
fy-2026-27-development-book-volume-ii-1091-1097,1091,State Department for Roads,1091182100,Road Works,1091182188,Poror-Sirwo-Sorok-Ochili Road,2630200,Capital Grants to Government Agencies and other Levels of Government,exp,300000000,209626230,77064739,222075204,188,yes
fy-2026-27-development-book-volume-ii-1091-1097,1091,State Department for Roads,1091182100,Road Works,1091182189,Nyaliibei-Ngeny-Lower Moiben-Segero- Road,2630200,Capital Grants to Government Agencies and other Levels of Government,exp,100000000,41250000,82500000,165000000,188,yes
fy-2026-27-development-book-volume-ii-1091-1097,1091,State Department for Roads,1091182100,Road Works,1091182190,Koisagat-Kapchemakilot-Sach-Kabenes,2630200,Capital Grants to Government Agencies and other Levels of Government,exp,100000000,34545329,24089691,69090658,188,yes
fy-2026-27-development-book-volume-ii-1091-1097,1091,State Department for Roads,1091182100,Road Works,1091182191,Kaplelach-Cheparus-Jerusalem Road,2630200,Capital Grants to Government Agencies and other Levels of Government,exp,70000000,25983974,51967947,77951920,188,yes
fy-2026-27-development-book-volume-ii-1091-1097,1091,State Department for Roads,1091182100,Road Works,1091182192,Ngeria Primary-Moi University-Kapkoi Road,2630200,Capital Grants to Government Agencies and other Levels of Government,exp,70000000,27682854,55365707,83048560,188,yes
fy-2026-27-development-book-volume-ii-1091-1097,1091,State Department for Roads,1091182100,Road Works,1091182193,Arankai-Rongai-Kalulo-Mataru,2630200,Capital Grants to Government Agencies and other Levels of Government,exp,70000000,50531053,101062104,151593157,188,yes
fy-2026-27-development-book-volume-ii-1091-1097,1091,State Department for Roads,1091182100,Road Works,1091182194,Kisawi centre-Pango-Gituamba-Sosio forest station-Labot,2630200,Capital Grants to Government Agencies and other Levels of Government,exp,140000000,67478698,54543365,134957395,188,yes
fy-2026-27-development-book-volume-ii-1091-1097,1091,State Department for Roads,1091182100,Road Works,1091182195,Chesta-Sintai-Kapatet,2630200,Capital Grants to Government Agencies and other Levels of Government,exp,70000000,26249990,52499978,78749967,189,yes
fy-2026-27-development-book-volume-ii-1091-1097,1091,State Department for Roads,1091182100,Road Works,1091182196,Ngotut-Kasei,2630200,Capital Grants to Government Agencies and other Levels of Government,exp,70000000,26249898,52499795,78749692,189,yes
fy-2026-27-development-book-volume-ii-1091-1097,1091,State Department for Roads,1091182100,Road Works,1091182197,Sebit-Parua-Tapach,2630200,Capital Grants to Government Agencies and other Levels of Government,exp,70000000,26249879,52499757,178749636,189,yes
fy-2026-27-development-book-volume-ii-1091-1097,1091,State Department for Roads,1091182100,Road Works,1091182198,Kirita Junction-Kanyarkwat,2630200,Capital Grants to Government Agencies and other Levels of Government,exp,70000000,26247108,52494215,78741323,189,yes
fy-2026-27-development-book-volume-ii-1091-1097,1091,State Department for Roads,1091182100,Road Works,1091182199,Chepkorio Township-Kaplimo-Kisaina Road,2630200,Capital Grants to Government Agencies and other Levels of Government,exp,100000000,96098878,85159114,192197755,189,yes
fy-2026-27-development-book-volume-ii-1091-1097,1091,State Department for Roads,1091182200,Road Works II,1091182201,"Road C577, Kwa Gitau-Mogotio Road",2630200,Capital Grants to Government Agencies and other Levels of Government,exp,140000000,52228178,34613323,104456355,189,yes
fy-2026-27-development-book-volume-ii-1091-1097,1091,State Department for Roads,1091182200,Road Works II,1091182202,Kabucho-Kipkoris,2630200,Capital Grants to Government Agencies and other Levels of Government,exp,70000000,26233698,52467396,78701094,189,yes
fy-2026-27-development-book-volume-ii-1091-1097,1091,State Department for Roads,1091182200,Road Works II,1091182203,Chebara-Wechego Road,2630200,Capital Grants to Government Agencies and other Levels of Government,exp,70000000,30634872,61269743,91904615,189,yes
fy-2026-27-development-book-volume-ii-1091-1097,1091,State Department for Roads,1091182300,Upgrading of access road to Munyaka Primary School,1091182301,Upgrading of access road to Munyaka Primary School,2630200,Capital Grants to Government Agencies and other Levels of Government,exp,19239962,0,0,0,190,yes
fy-2026-27-development-book-volume-ii-1091-1097,1091,State Department for Roads,1091182400,Spot Improvement LII,1091182401,Oletukat Foot Bridge,2630200,Capital Grants to Government Agencies and other Levels of Government,exp,15000000,0,0,0,190,yes
fy-2026-27-development-book-volume-ii-1091-1097,1091,State Department for Roads,1091182400,Spot Improvement LII,1091182402,Sigowo - Tabagon - Kapkelewa,2630200,Capital Grants to Government Agencies and other Levels of Government,exp,15000000,0,0,0,190,yes
fy-2026-27-development-book-volume-ii-1091-1097,1091,State Department for Roads,1091182400,Spot Improvement LII,1091182403,Timboiwo - Katarakwa - Kituro,2630200,Capital Grants to Government Agencies and other Levels of Government,exp,10000000,0,0,0,190,yes
fy-2026-27-development-book-volume-ii-1091-1097,1091,State Department for Roads,1091182400,Spot Improvement LII,1091182404,Tenges - Tabarin - Kimalel,2630200,Capital Grants to Government Agencies and other Levels of Government,exp,10000000,0,0,0,190,yes
fy-2026-27-development-book-volume-ii-1091-1097,1091,State Department for Roads,1091182400,Spot Improvement LII,1091182405,Emukhwaye Box Culvert,2630200,Capital Grants to Government Agencies and other Levels of Government,exp,10000000,0,0,0,190,yes
fy-2026-27-development-book-volume-ii-1091-1097,1091,State Department for Roads,1091182400,Spot Improvement LII,1091182406,Access Road to Ndabibi Dam,2630200,Capital Grants to Government Agencies and other Levels of Government,exp,74656357,0,0,0,190,yes
fy-2026-27-development-book-volume-ii-1091-1097,1091,State Department for Roads,1091182400,Spot Improvement LII,1091182418,Chebole - Chebunyo- emurwo Dikir,2630200,Capital Grants to Government Agencies and other Levels of Government,exp,15000000,145438173,290876344,436314517,190,yes
fy-2026-27-development-book-volume-ii-1091-1097,1091,State Department for Roads,1091182400,Spot Improvement LII,1091182420,Kasara - Bridge,2630200,Capital Grants to Government Agencies and other Levels of Government,exp,15000000,0,0,0,190,yes
fy-2026-27-development-book-volume-ii-1091-1097,1091,State Department for Roads,1091182400,Spot Improvement LII,1091182421,Kiaga - Timberland,2630200,Capital Grants to Government Agencies and other Levels of Government,exp,20000000,0,0,0,190,yes
fy-2026-27-development-book-volume-ii-1091-1097,1091,State Department for Roads,1091182400,Spot Improvement LII,1091182422,Ndururi - Wangui,2630200,Capital Grants to Government Agencies and other Levels of Government,exp,15000000,0,0,0,191,yes
fy-2026-27-development-book-volume-ii-1091-1097,1091,State Department for Roads,1091182400,Spot Improvement LII,1091182423,Ihigaini - Withare,2630200,Capital Grants to Government Agencies and other Levels of Government,exp,15000000,0,0,0,191,yes
fy-2026-27-development-book-volume-ii-1091-1097,1091,State Department for Roads,1091182400,Spot Improvement LII,1091182425,Wanjengi - Mbari ya Kiongo Access,2630200,Capital Grants to Government Agencies and other Levels of Government,exp,15000000,0,0,0,191,yes
fy-2026-27-development-book-volume-ii-1091-1097,1091,State Department for Roads,1091182400,Spot Improvement LII,1091182427,Tarbaj - Basanija,2630200,Capital Grants to Government Agencies and other Levels of Government,exp,15000000,0,0,0,191,yes
fy-2026-27-development-book-volume-ii-1091-1097,1091,State Department for Roads,1091182400,Spot Improvement LII,1091182428,Mweleni - Petulan,2630200,Capital Grants to Government Agencies and other Levels of Government,exp,15000000,0,0,0,191,yes
fy-2026-27-development-book-volume-ii-1091-1097,1091,State Department for Roads,1091182400,Spot Improvement LII,1091182429,Chale - Neptune,2630200,Capital Grants to Government Agencies and other Levels of Government,exp,15000000,0,0,0,191,yes
fy-2026-27-development-book-volume-ii-1091-1097,1091,State Department for Roads,1091182400,Spot Improvement LII,1091182430,Prison Lane Langata,2630200,Capital Grants to Government Agencies and other Levels of Government,exp,15000000,0,0,0,191,yes
fy-2026-27-development-book-volume-ii-1091-1097,1091,State Department for Roads,1091182400,Spot Improvement LII,1091182431,Oasis - Juja Access,2630200,Capital Grants to Government Agencies and other Levels of Government,exp,15000000,0,0,0,191,yes
fy-2026-27-development-book-volume-ii-1091-1097,1091,State Department for Roads,1091182400,Spot Improvement LII,1091182433,Banga - Matope,2630200,Capital Grants to Government Agencies and other Levels of Government,exp,15000000,0,0,0,191,yes
fy-2026-27-development-book-volume-ii-1091-1097,1091,State Department for Roads,1091182400,Spot Improvement LII,1091182434,C417 Kyaso - Ngaiie,2630200,Capital Grants to Government Agencies and other Levels of Government,exp,15000000,0,0,0,191,yes
fy-2026-27-development-book-volume-ii-1091-1097,1091,State Department for Roads,1091182400,Spot Improvement LII,1091182435,Ngomano - Ulilinzi,2630200,Capital Grants to Government Agencies and other Levels of Government,exp,15000000,27000000,0,0,192,yes
fy-2026-27-development-book-volume-ii-1091-1097,1091,State Department for Roads,1091182400,Spot Improvement LII,1091182437,Sukela - kukub,2630200,Capital Grants to Government Agencies and other Levels of Government,exp,15000000,0,0,0,192,yes
fy-2026-27-development-book-volume-ii-1091-1097,1091,State Department for Roads,1091182400,Spot Improvement LII,1091182438,Qalim- Banisa,2630200,Capital Grants to Government Agencies and other Levels of Government,exp,15000000,0,0,0,192,yes
fy-2026-27-development-book-volume-ii-1091-1097,1091,State Department for Roads,1091182400,Spot Improvement LII,1091182439,Msekekewa Kapsoyo-Kendur road,2630200,Capital Grants to Government Agencies and other Levels of Government,exp,9999000,0,0,0,192,yes
fy-2026-27-development-book-volume-ii-1091-1097,1091,State Department for Roads,1091182400,Spot Improvement LII,1091182440,Kendur-Kapchelal road,2630200,Capital Grants to Government Agencies and other Levels of Government,exp,9998712,0,0,0,192,yes
fy-2026-27-development-book-volume-ii-1091-1097,1091,State Department for Roads,1091182400,Spot Improvement LII,1091182441,KapLaurendi-KapElijah-Sea road,2630200,Capital Grants to Government Agencies and other Levels of Government,exp,9995670,0,0,0,192,yes
fy-2026-27-development-book-volume-ii-1091-1097,1091,State Department for Roads,1091182400,Spot Improvement LII,1091182442,Msekekwa-Orgut-Kaptum road,2630200,Capital Grants to Government Agencies and other Levels of Government,exp,9996558,0,0,0,192,yes
fy-2026-27-development-book-volume-ii-1091-1097,1091,State Department for Roads,1091182400,Spot Improvement LII,1091182443,Bugar Market and link roads,2630200,Capital Grants to Government Agencies and other Levels of Government,exp,9999361,0,0,0,192,yes
fy-2026-27-development-book-volume-ii-1091-1097,1091,State Department for Roads,1091182400,Spot Improvement LII,1091182444,Kapyego-Kararia road,2630200,Capital Grants to Government Agencies and other Levels of Government,exp,9999872,0,0,0,192,yes
fy-2026-27-development-book-volume-ii-1091-1097,1091,State Department for Roads,1091182400,Spot Improvement LII,1091182445,Tebere-Chesubwa road,2630200,Capital Grants to Government Agencies and other Levels of Government,exp,9998114,0,0,0,192,yes
fy-2026-27-development-book-volume-ii-1091-1097,1091,State Department for Roads,1091182400,Spot Improvement LII,1091182446,Kokwa-Kibor Jnc-Kamelei,2630200,Capital Grants to Government Agencies and other Levels of Government,exp,9997837,0,0,0,192,yes
fy-2026-27-development-book-volume-ii-1091-1097,1091,State Department for Roads,1091182400,Spot Improvement LII,1091182447,Kimarich-Kapero,2630200,Capital Grants to Government Agencies and other Levels of Government,exp,9999635,0,0,0,193,yes
fy-2026-27-development-book-volume-ii-1091-1097,1091,State Department for Roads,1091182400,Spot Improvement LII,1091182448,Gatitu - Karimamwaro,2630200,Capital Grants to Government Agencies and other Levels of Government,exp,0,8000000,0,0,193,yes
fy-2026-27-development-book-volume-ii-1091-1097,1091,State Department for Roads,1091182400,Spot Improvement LII,1091182449,Kandara - Karimamwaro,2630200,Capital Grants to Government Agencies and other Levels of Government,exp,0,8000000,0,0,193,yes
fy-2026-27-development-book-volume-ii-1091-1097,1091,State Department for Roads,1091182400,Spot Improvement LII,1091182450,Muruka - Gatitu - Making river,2630200,Capital Grants to Government Agencies and other Levels of Government,exp,0,8000000,0,0,193,yes
fy-2026-27-development-book-volume-ii-1091-1097,1091,State Department for Roads,1091182400,Spot Improvement LII,1091182451,Makindi River - Kiawambutu,2630200,Capital Grants to Government Agencies and other Levels of Government,exp,0,8000000,0,0,193,yes
fy-2026-27-development-book-volume-ii-1091-1097,1091,State Department for Roads,1091182400,Spot Improvement LII,1091182452,Kagira rd,2630200,Capital Grants to Government Agencies and other Levels of Government,exp,0,8000000,0,0,193,yes
fy-2026-27-development-book-volume-ii-1091-1097,1091,State Department for Roads,1091182400,Spot Improvement LII,1091182453,Murai - Githagara,2630200,Capital Grants to Government Agencies and other Levels of Government,exp,0,8000000,0,0,193,yes
fy-2026-27-development-book-volume-ii-1091-1097,1091,State Department for Roads,1091182400,Spot Improvement LII,1091182454,Gitui - Kwa Mbari,2630200,Capital Grants to Government Agencies and other Levels of Government,exp,0,8000000,0,0,193,yes
fy-2026-27-development-book-volume-ii-1091-1097,1091,State Department for Roads,1091182400,Spot Improvement LII,1091182455,C234: Ngombeni - Kwa Kisiwa,2630200,Capital Grants to Government Agencies and other Levels of Government,exp,0,14000000,0,0,193,yes
fy-2026-27-development-book-volume-ii-1091-1097,1091,State Department for Roads,1091182400,Spot Improvement LII,1091182456,C234: Bomani - Vipingo Ridge,2630200,Capital Grants to Government Agencies and other Levels of Government,exp,0,12000000,0,0,193,yes
fy-2026-27-development-book-volume-ii-1091-1097,1091,State Department for Roads,1091182400,Spot Improvement LII,1091182457,C231: Dida - Mrima wa Nzovu,2630200,Capital Grants to Government Agencies and other Levels of Government,exp,0,17000000,0,0,194,yes
fy-2026-27-development-book-volume-ii-1091-1097,1091,State Department for Roads,1091182400,Spot Improvement LII,1091182458,C236: Nzovuni River - Palakumi - Kibaoni,2630200,Capital Grants to Government Agencies and other Levels of Government,exp,0,12000000,0,0,194,yes
fy-2026-27-development-book-volume-ii-1091-1097,1091,State Department for Roads,1091182400,Spot Improvement LII,1091182459,D1041: Magogoni - Silala,2630200,Capital Grants to Government Agencies and other Levels of Government,exp,0,16000000,0,0,194,yes
fy-2026-27-development-book-volume-ii-1091-1097,1091,State Department for Roads,1091182400,Spot Improvement LII,1091182460,C1105: Langobaya - Pishimwenga,2630200,Capital Grants to Government Agencies and other Levels of Government,exp,0,12000000,0,0,194,yes
fy-2026-27-development-book-volume-ii-1091-1097,1091,State Department for Roads,1091182400,Spot Improvement LII,1091182465,Makongeni - Chale,2630200,Capital Grants to Government Agencies and other Levels of Government,exp,0,15000000,0,0,194,yes
fy-2026-27-development-book-volume-ii-1091-1097,1091,State Department for Roads,1091182400,Spot Improvement LII,1091182466,?Neptune - Kona,2630200,Capital Grants to Government Agencies and other Levels of Government,exp,0,12000000,0,0,194,yes
fy-2026-27-development-book-volume-ii-1091-1097,1091,State Department for Roads,1091182400,Spot Improvement LII,1091182467,?Milalani - Mwachande,2630200,Capital Grants to Government Agencies and other Levels of Government,exp,0,13000000,0,0,194,yes
fy-2026-27-development-book-volume-ii-1091-1097,1091,State Department for Roads,1091182400,Spot Improvement LII,1091182468,?Vingurungani - Kinyasi,2630200,Capital Grants to Government Agencies and other Levels of Government,exp,0,11000000,0,0,194,yes
fy-2026-27-development-book-volume-ii-1091-1097,1091,State Department for Roads,1091182400,Spot Improvement LII,1091182469,Kilibasi- Makinon,2630200,Capital Grants to Government Agencies and other Levels of Government,exp,0,11000000,0,0,194,yes
fy-2026-27-development-book-volume-ii-1091-1097,1091,State Department for Roads,1091182400,Spot Improvement LII,1091182475,Gombe Pry School - Akoko Sec School,2630200,Capital Grants to Government Agencies and other Levels of Government,exp,0,11000000,0,0,194,yes
fy-2026-27-development-book-volume-ii-1091-1097,1091,State Department for Roads,1091182400,Spot Improvement LII,1091182476,Nyamiar Sec School - Alara,2630200,Capital Grants to Government Agencies and other Levels of Government,exp,0,11000000,0,0,194,yes
fy-2026-27-development-book-volume-ii-1091-1097,1091,State Department for Roads,1091182400,Spot Improvement LII,1091182477,Matanya - Thome,2630200,Capital Grants to Government Agencies and other Levels of Government,exp,0,11000000,0,0,195,yes
fy-2026-27-development-book-volume-ii-1091-1097,1091,State Department for Roads,1091182400,Spot Improvement LII,1091182478,Githingiri access roads,2630200,Capital Grants to Government Agencies and other Levels of Government,exp,0,11000000,0,0,195,yes
fy-2026-27-development-book-volume-ii-1091-1097,1091,State Department for Roads,1091182400,Spot Improvement LII,1091182479,Idiomara - Mokowe,2630200,Capital Grants to Government Agencies and other Levels of Government,exp,0,11000000,0,0,195,yes
fy-2026-27-development-book-volume-ii-1091-1097,1091,State Department for Roads,1091182400,Spot Improvement LII,1091182480,?Boraimani - A11(LAPPSET),2630200,Capital Grants to Government Agencies and other Levels of Government,exp,0,11000000,0,0,195,yes
fy-2026-27-development-book-volume-ii-1091-1097,1091,State Department for Roads,1091182400,Spot Improvement LII,1091182481,Sigwadhi - Ombo,2630200,Capital Grants to Government Agencies and other Levels of Government,exp,0,11500000,0,0,195,yes
fy-2026-27-development-book-volume-ii-1091-1097,1091,State Department for Roads,1091182400,Spot Improvement LII,1091182482,Emborora - Oldonyo - Orasha,2630200,Capital Grants to Government Agencies and other Levels of Government,exp,0,11000000,0,0,195,yes
fy-2026-27-development-book-volume-ii-1091-1097,1091,State Department for Roads,1091182400,Spot Improvement LII,1091182483,Narosura - Elengata - Enterit,2630200,Capital Grants to Government Agencies and other Levels of Government,exp,0,10500000,0,0,195,yes
fy-2026-27-development-book-volume-ii-1091-1097,1091,State Department for Roads,1091182400,Spot Improvement LII,1091182485,Kathonzweni-Mathemba-Yemulwa,2630200,Capital Grants to Government Agencies and other Levels of Government,exp,0,15000000,0,0,195,yes
fy-2026-27-development-book-volume-ii-1091-1097,1091,State Department for Roads,1091182400,Spot Improvement LII,1091182486,Kwothitu-Kima,2630200,Capital Grants to Government Agencies and other Levels of Government,exp,0,15000000,0,0,195,yes
fy-2026-27-development-book-volume-ii-1091-1097,1091,State Department for Roads,1091182400,Spot Improvement LII,1091182487,Salama-Mavivye-Watema,2630200,Capital Grants to Government Agencies and other Levels of Government,exp,0,13000000,0,0,195,yes
fy-2026-27-development-book-volume-ii-1091-1097,1091,State Department for Roads,1091182400,Spot Improvement LII,1091182488,Enguli-Kwa Katuu-kativui-Wautu,2630200,Capital Grants to Government Agencies and other Levels of Government,exp,0,10000000,0,0,196,yes
fy-2026-27-development-book-volume-ii-1091-1097,1091,State Department for Roads,1091182400,Spot Improvement LII,1091182489,Mkwachunyi-Kirutau-Tausa,2630200,Capital Grants to Government Agencies and other Levels of Government,exp,0,15000000,0,0,196,yes
fy-2026-27-development-book-volume-ii-1091-1097,1091,State Department for Roads,1091182400,Spot Improvement LII,1091182490,Riata Malelo School-Eldoro School,2630200,Capital Grants to Government Agencies and other Levels of Government,exp,0,15000000,0,0,196,yes
fy-2026-27-development-book-volume-ii-1091-1097,1091,State Department for Roads,1091182400,Spot Improvement LII,1091182491,Kiteghe School-Rukanga,2630200,Capital Grants to Government Agencies and other Levels of Government,exp,0,24000000,0,0,196,yes
fy-2026-27-development-book-volume-ii-1091-1097,1091,State Department for Roads,1091182400,Spot Improvement LII,1091182492,Miasenyi -Mackinnon,2630200,Capital Grants to Government Agencies and other Levels of Government,exp,0,22000000,0,0,196,yes
fy-2026-27-development-book-volume-ii-1091-1097,1091,State Department for Roads,1091182400,Spot Improvement LII,1091182493,G3944 Magomano -Huhirio,2630200,Capital Grants to Government Agencies and other Levels of Government,exp,0,10000000,0,0,196,yes
fy-2026-27-development-book-volume-ii-1091-1097,1091,State Department for Roads,1091182400,Spot Improvement LII,1091182494,F2087 Wendani-Malewa,2630200,Capital Grants to Government Agencies and other Levels of Government,exp,0,21000000,0,0,196,yes
fy-2026-27-development-book-volume-ii-1091-1097,1091,State Department for Roads,1091182400,Spot Improvement LII,1091182495,F2088 Kona Mbaya-Satima,2630200,Capital Grants to Government Agencies and other Levels of Government,exp,0,25000000,0,0,196,yes
fy-2026-27-development-book-volume-ii-1091-1097,1091,State Department for Roads,1091182400,Spot Improvement LII,1091182496,G23519 Gillet -Sophia,2630200,Capital Grants to Government Agencies and other Levels of Government,exp,0,18000000,0,0,196,yes
fy-2026-27-development-book-volume-ii-1091-1097,1091,State Department for Roads,1091182400,Spot Improvement LII,1091182497,Kanyaa -Ikomora River,2630200,Capital Grants to Government Agencies and other Levels of Government,exp,0,15000000,0,0,196,yes
fy-2026-27-development-book-volume-ii-1091-1097,1091,State Department for Roads,1091182400,Spot Improvement LII,1091182498,Katilini-Athi,2630200,Capital Grants to Government Agencies and other Levels of Government,exp,0,15000000,0,0,196,yes
fy-2026-27-development-book-volume-ii-1091-1097,1091,State Department for Roads,1091182400,Spot Improvement LII,1091182499,Miambani-Mwanyani,2630200,Capital Grants to Government Agencies and other Levels of Government,exp,0,18000000,0,0,197,yes
fy-2026-27-development-book-volume-ii-1091-1097,1091,State Department for Roads,1091182500,Critical Roads XXIII (Critical Roads VI),1091182501,Access Ridgeways,2630200,Capital Grants to Government Agencies and other Levels of Government,exp,10000000,0,0,0,197,yes
fy-2026-27-development-book-volume-ii-1091-1097,1091,State Department for Roads,1091182500,Critical Roads XXIII (Critical Roads VI),1091182502,Aldina Ring Road,2630200,Capital Grants to Government Agencies and other Levels of Government,exp,25000000,0,0,0,197,yes
fy-2026-27-development-book-volume-ii-1091-1097,1091,State Department for Roads,1091182500,Critical Roads XXIII (Critical Roads VI),1091182503,Alliance Girls Southern Bypass Access and Loop Roads,2630200,Capital Grants to Government Agencies and other Levels of Government,exp,50000000,0,0,0,197,yes
fy-2026-27-development-book-volume-ii-1091-1097,1091,State Department for Roads,1091182500,Critical Roads XXIII (Critical Roads VI),1091182504,Baricho - Umbui Road,2630200,Capital Grants to Government Agencies and other Levels of Government,exp,50000000,0,0,0,197,yes
fy-2026-27-development-book-volume-ii-1091-1097,1091,State Department for Roads,1091182500,Critical Roads XXIII (Critical Roads VI),1091182505,Bokoyot - Tebesonik- Kapkisiara- Chemobei Road,2630200,Capital Grants to Government Agencies and other Levels of Government,exp,20000000,0,0,0,197,yes
fy-2026-27-development-book-volume-ii-1091-1097,1091,State Department for Roads,1091182500,Critical Roads XXIII (Critical Roads VI),1091182506,Bumia Schl. Elukala Pri Legio Etenje PriACC Office,2630200,Capital Grants to Government Agencies and other Levels of Government,exp,25000000,0,0,0,197,yes
fy-2026-27-development-book-volume-ii-1091-1097,1091,State Department for Roads,1091182500,Critical Roads XXIII (Critical Roads VI),1091182507,Campus Nyamage Nyaura Menyinkwa Otamba Road,2630200,Capital Grants to Government Agencies and other Levels of Government,exp,25000000,0,0,0,197,yes
fy-2026-27-development-book-volume-ii-1091-1097,1091,State Department for Roads,1091182500,Critical Roads XXIII (Critical Roads VI),1091182508,Chebinyiny Lelach Tanguret Bridge,2630200,Capital Grants to Government Agencies and other Levels of Government,exp,25000000,0,0,0,197,yes
fy-2026-27-development-book-volume-ii-1091-1097,1091,State Department for Roads,1091182500,Critical Roads XXIII (Critical Roads VI),1091182509,Dambas - Sarman,2630200,Capital Grants to Government Agencies and other Levels of Government,exp,10000000,0,0,0,198,yes
fy-2026-27-development-book-volume-ii-1091-1097,1091,State Department for Roads,1091182500,Critical Roads XXIII (Critical Roads VI),1091182510,Daresalam Farey Road,2630200,Capital Grants to Government Agencies and other Levels of Government,exp,25000000,0,0,0,198,yes
fy-2026-27-development-book-volume-ii-1091-1097,1091,State Department for Roads,1091182500,Critical Roads XXIII (Critical Roads VI),1091182511,Emukoyani Elukho Ebwambwa Emukaba Road,2630200,Capital Grants to Government Agencies and other Levels of Government,exp,25000000,0,0,0,198,yes
fy-2026-27-development-book-volume-ii-1091-1097,1091,State Department for Roads,1091182500,Critical Roads XXIII (Critical Roads VI),1091182512,Forest Gate- Kagarie,2630200,Capital Grants to Government Agencies and other Levels of Government,exp,10000000,0,0,0,198,yes
fy-2026-27-development-book-volume-ii-1091-1097,1091,State Department for Roads,1091182500,Critical Roads XXIII (Critical Roads VI),1091182513,Gacharu Primary School Access,2630200,Capital Grants to Government Agencies and other Levels of Government,exp,50000000,0,0,0,198,yes
fy-2026-27-development-book-volume-ii-1091-1097,1091,State Department for Roads,1091182500,Critical Roads XXIII (Critical Roads VI),1091182514,Gachororo Health Centre - Mutoti,2630200,Capital Grants to Government Agencies and other Levels of Government,exp,10000000,0,0,0,198,yes
fy-2026-27-development-book-volume-ii-1091-1097,1091,State Department for Roads,1091182500,Critical Roads XXIII (Critical Roads VI),1091182515,Gatura - Muthandi,2630200,Capital Grants to Government Agencies and other Levels of Government,exp,10000000,0,0,0,198,yes
fy-2026-27-development-book-volume-ii-1091-1097,1091,State Department for Roads,1091182500,Critical Roads XXIII (Critical Roads VI),1091182516,House Of Power Citizen Road,2630200,Capital Grants to Government Agencies and other Levels of Government,exp,25000000,0,0,0,198,yes
fy-2026-27-development-book-volume-ii-1091-1097,1091,State Department for Roads,1091182500,Critical Roads XXIII (Critical Roads VI),1091182517,Ikanga-Enzou-Syomithumo,2630200,Capital Grants to Government Agencies and other Levels of Government,exp,20000000,0,0,0,198,yes
fy-2026-27-development-book-volume-ii-1091-1097,1091,State Department for Roads,1091182500,Critical Roads XXIII (Critical Roads VI),1091182518,Ikutha-Kasaala-Kwa Kimweli-Simisi,2630200,Capital Grants to Government Agencies and other Levels of Government,exp,25000000,0,0,0,198,yes
fy-2026-27-development-book-volume-ii-1091-1097,1091,State Department for Roads,1091182500,Critical Roads XXIII (Critical Roads VI),1091182519,Ititu - Mitundu (KURA),2630200,Capital Grants to Government Agencies and other Levels of Government,exp,25000000,0,0,0,198,yes
fy-2026-27-development-book-volume-ii-1091-1097,1091,State Department for Roads,1091182500,Critical Roads XXIII (Critical Roads VI),1091182520,Junction C513-Dispensary- Mangu - Gura River,2630200,Capital Grants to Government Agencies and other Levels of Government,exp,10000000,0,0,0,199,yes
fy-2026-27-development-book-volume-ii-1091-1097,1091,State Department for Roads,1091182500,Critical Roads XXIII (Critical Roads VI),1091182521,Junction Theta Police Bypass,2630200,Capital Grants to Government Agencies and other Levels of Government,exp,10000000,0,0,0,199,yes
fy-2026-27-development-book-volume-ii-1091-1097,1091,State Department for Roads,1091182500,Critical Roads XXIII (Critical Roads VI),1091182522,Kabati-Kyondoni,2630200,Capital Grants to Government Agencies and other Levels of Government,exp,25000000,0,0,0,199,yes
fy-2026-27-development-book-volume-ii-1091-1097,1091,State Department for Roads,1091182500,Critical Roads XXIII (Critical Roads VI),1091182523,Kagio Town - Kangaru Kathaka (KURA),2630200,Capital Grants to Government Agencies and other Levels of Government,exp,75000000,0,0,0,199,yes
fy-2026-27-development-book-volume-ii-1091-1097,1091,State Department for Roads,1091182500,Critical Roads XXIII (Critical Roads VI),1091182524,Kagio Town Roads II (KURA),2630200,Capital Grants to Government Agencies and other Levels of Government,exp,50000000,0,0,0,199,yes
fy-2026-27-development-book-volume-ii-1091-1097,1091,State Department for Roads,1091182500,Critical Roads XXIII (Critical Roads VI),1091182525,Kalya Brigde - Emboebur,2630200,Capital Grants to Government Agencies and other Levels of Government,exp,25000000,0,0,0,199,yes
fy-2026-27-development-book-volume-ii-1091-1097,1091,State Department for Roads,1091182500,Critical Roads XXIII (Critical Roads VI),1091182526,Kanyangi-Masimba-Kiseuni-Kangala,2630200,Capital Grants to Government Agencies and other Levels of Government,exp,20000000,0,0,0,199,yes
fy-2026-27-development-book-volume-ii-1091-1097,1091,State Department for Roads,1091182500,Critical Roads XXIII (Critical Roads VI),1091182527,Kapkatet - Kamachumo- Itpik Road,2630200,Capital Grants to Government Agencies and other Levels of Government,exp,20000000,0,0,0,199,yes
fy-2026-27-development-book-volume-ii-1091-1097,1091,State Department for Roads,1091182500,Critical Roads XXIII (Critical Roads VI),1091182528,Karima Primary Access Road,2630200,Capital Grants to Government Agencies and other Levels of Government,exp,50000000,0,0,0,199,yes
fy-2026-27-development-book-volume-ii-1091-1097,1091,State Department for Roads,1091182500,Critical Roads XXIII (Critical Roads VI),1091182529,Karumandi- Mucagara,2630200,Capital Grants to Government Agencies and other Levels of Government,exp,20000000,0,0,0,199,yes
fy-2026-27-development-book-volume-ii-1091-1097,1091,State Department for Roads,1091182500,Critical Roads XXIII (Critical Roads VI),1091182530,Katutu-Vonza,2630200,Capital Grants to Government Agencies and other Levels of Government,exp,25000000,0,0,0,200,yes
fy-2026-27-development-book-volume-ii-1091-1097,1091,State Department for Roads,1091182500,Critical Roads XXIII (Critical Roads VI),1091182531,Kavisuni-Kyambusya,2630200,Capital Grants to Government Agencies and other Levels of Government,exp,20000000,0,0,0,200,yes
fy-2026-27-development-book-volume-ii-1091-1097,1091,State Department for Roads,1091182500,Critical Roads XXIII (Critical Roads VI),1091182532,KHS Access Marsabit Road,2630200,Capital Grants to Government Agencies and other Levels of Government,exp,10000000,12000000,0,0,200,yes
fy-2026-27-development-book-volume-ii-1091-1097,1091,State Department for Roads,1091182500,Critical Roads XXIII (Critical Roads VI),1091182533,Kiangai Town Roads (KURA),2630200,Capital Grants to Government Agencies and other Levels of Government,exp,55000000,0,0,0,200,yes
fy-2026-27-development-book-volume-ii-1091-1097,1091,State Department for Roads,1091182500,Critical Roads XXIII (Critical Roads VI),1091182534,Kiangoma Primary School Access Rd,2630200,Capital Grants to Government Agencies and other Levels of Government,exp,60000000,0,0,0,200,yes
fy-2026-27-development-book-volume-ii-1091-1097,1091,State Department for Roads,1091182500,Critical Roads XXIII (Critical Roads VI),1091182535,Kianwe - Kiangai,2630200,Capital Grants to Government Agencies and other Levels of Government,exp,20000000,0,0,0,200,yes
fy-2026-27-development-book-volume-ii-1091-1097,1091,State Department for Roads,1091182500,Critical Roads XXIII (Critical Roads VI),1091182536,Kiaragana - Kiania,2630200,Capital Grants to Government Agencies and other Levels of Government,exp,30000000,0,0,0,200,yes
fy-2026-27-development-book-volume-ii-1091-1097,1091,State Department for Roads,1091182500,Critical Roads XXIII (Critical Roads VI),1091182537,Kibarani Ring Road,2630200,Capital Grants to Government Agencies and other Levels of Government,exp,25000000,0,0,0,200,yes
fy-2026-27-development-book-volume-ii-1091-1097,1091,State Department for Roads,1091182500,Critical Roads XXIII (Critical Roads VI),1091182538,Kibirigwi PCEA Church Compensation,2630200,Capital Grants to Government Agencies and other Levels of Government,exp,40000000,0,0,0,200,yes
fy-2026-27-development-book-volume-ii-1091-1097,1091,State Department for Roads,1091182500,Critical Roads XXIII (Critical Roads VI),1091182539,Kibirigwi Primary School Access,2630200,Capital Grants to Government Agencies and other Levels of Government,exp,20000000,0,0,0,200,yes
fy-2026-27-development-book-volume-ii-1091-1097,1091,State Department for Roads,1091182500,Critical Roads XXIII (Critical Roads VI),1091182540,Kiburu Cluster Spot Improvement,2630200,Capital Grants to Government Agencies and other Levels of Government,exp,25000000,0,0,0,200,yes
fy-2026-27-development-book-volume-ii-1091-1097,1091,State Department for Roads,1091182500,Critical Roads XXIII (Critical Roads VI),1091182541,Kimowo - Kararia,2630200,Capital Grants to Government Agencies and other Levels of Government,exp,25000000,0,0,0,201,yes
fy-2026-27-development-book-volume-ii-1091-1097,1091,State Department for Roads,1091182500,Critical Roads XXIII (Critical Roads VI),1091182542,Kiusyani-Mandongoi,2630200,Capital Grants to Government Agencies and other Levels of Government,exp,20000000,0,0,0,201,yes
fy-2026-27-development-book-volume-ii-1091-1097,1091,State Department for Roads,1091182500,Critical Roads XXIII (Critical Roads VI),1091182543,Kivuuni-Yongela-Katundu,2630200,Capital Grants to Government Agencies and other Levels of Government,exp,20000000,0,0,0,201,yes
fy-2026-27-development-book-volume-ii-1091-1097,1091,State Department for Roads,1091182500,Critical Roads XXIII (Critical Roads VI),1091182544,Kwa Jesee - Nguguini,2630200,Capital Grants to Government Agencies and other Levels of Government,exp,80000000,31145487,29952867,59990282,201,yes
fy-2026-27-development-book-volume-ii-1091-1097,1091,State Department for Roads,1091182500,Critical Roads XXIII (Critical Roads VI),1091182545,Kyambusya - Ikanga,2630200,Capital Grants to Government Agencies and other Levels of Government,exp,20000000,0,0,0,201,yes
fy-2026-27-development-book-volume-ii-1091-1097,1091,State Department for Roads,1091182500,Critical Roads XXIII (Critical Roads VI),1091182546,Kyatune-Mukwatangano-Mutomo,2630200,Capital Grants to Government Agencies and other Levels of Government,exp,20000000,0,0,0,201,yes
fy-2026-27-development-book-volume-ii-1091-1097,1091,State Department for Roads,1091182500,Critical Roads XXIII (Critical Roads VI),1091182547,Lensayu Kurbata Road,2630200,Capital Grants to Government Agencies and other Levels of Government,exp,25000000,0,0,0,201,yes
fy-2026-27-development-book-volume-ii-1091-1097,1091,State Department for Roads,1091182500,Critical Roads XXIII (Critical Roads VI),1091182548,Magumo- Kangaita,2630200,Capital Grants to Government Agencies and other Levels of Government,exp,15000000,0,0,0,201,yes
fy-2026-27-development-book-volume-ii-1091-1097,1091,State Department for Roads,1091182500,Critical Roads XXIII (Critical Roads VI),1091182549,Maintenace Of Church Road Tassia,2630200,Capital Grants to Government Agencies and other Levels of Government,exp,20000000,0,0,0,201,yes
fy-2026-27-development-book-volume-ii-1091-1097,1091,State Department for Roads,1091182500,Critical Roads XXIII (Critical Roads VI),1091182550,Maintenance -Improvement of Embakasi Jua Kali Road,2630200,Capital Grants to Government Agencies and other Levels of Government,exp,20000000,0,0,0,201,yes
fy-2026-27-development-book-volume-ii-1091-1097,1091,State Department for Roads,1091182500,Critical Roads XXIII (Critical Roads VI),1091182551,Majenjo- Kibera - DEB School-Cocacola Bridge Road,2630200,Capital Grants to Government Agencies and other Levels of Government,exp,25000000,0,0,0,202,yes
fy-2026-27-development-book-volume-ii-1091-1097,1091,State Department for Roads,1091182500,Critical Roads XXIII (Critical Roads VI),1091182552,Makeresha - Wanyoikes Loops Roads,2630200,Capital Grants to Government Agencies and other Levels of Government,exp,50000000,0,0,0,202,yes
fy-2026-27-development-book-volume-ii-1091-1097,1091,State Department for Roads,1091182500,Critical Roads XXIII (Critical Roads VI),1091182553,Makindu Kariamu Olbolosat Road,2630200,Capital Grants to Government Agencies and other Levels of Government,exp,25000000,0,0,0,202,yes
fy-2026-27-development-book-volume-ii-1091-1097,1091,State Department for Roads,1091182500,Critical Roads XXIII (Critical Roads VI),1091182554,Mesilya-Enzou-Kisayana,2630200,Capital Grants to Government Agencies and other Levels of Government,exp,20000000,0,0,0,202,yes
fy-2026-27-development-book-volume-ii-1091-1097,1091,State Department for Roads,1091182500,Critical Roads XXIII (Critical Roads VI),1091182555,Mitundu - Kagure (KURA),2630200,Capital Grants to Government Agencies and other Levels of Government,exp,55000000,0,0,0,202,yes
fy-2026-27-development-book-volume-ii-1091-1097,1091,State Department for Roads,1091182500,Critical Roads XXIII (Critical Roads VI),1091182556,Mucagara - Thumaita- Kamugunda,2630200,Capital Grants to Government Agencies and other Levels of Government,exp,15000000,0,0,0,202,yes
fy-2026-27-development-book-volume-ii-1091-1097,1091,State Department for Roads,1091182500,Critical Roads XXIII (Critical Roads VI),1091182557,Mucheru Murunga - Kariru Road,2630200,Capital Grants to Government Agencies and other Levels of Government,exp,25000000,0,0,0,202,yes
fy-2026-27-development-book-volume-ii-1091-1097,1091,State Department for Roads,1091182500,Critical Roads XXIII (Critical Roads VI),1091182558,Mukabia Gitangi Mathigu Road,2630200,Capital Grants to Government Agencies and other Levels of Government,exp,25000000,0,0,0,202,yes
fy-2026-27-development-book-volume-ii-1091-1097,1091,State Department for Roads,1091182500,Critical Roads XXIII (Critical Roads VI),1091182559,Mukulima Nasusi- Chesamisi Road,2630200,Capital Grants to Government Agencies and other Levels of Government,exp,25000000,0,0,0,202,yes
fy-2026-27-development-book-volume-ii-1091-1097,1091,State Department for Roads,1091182500,Critical Roads XXIII (Critical Roads VI),1091182560,Mukuywa Bridge Babtist Musanyi Road,2630200,Capital Grants to Government Agencies and other Levels of Government,exp,25000000,0,0,0,202,yes
fy-2026-27-development-book-volume-ii-1091-1097,1091,State Department for Roads,1091182500,Critical Roads XXIII (Critical Roads VI),1091182561,Musambichi Bridge Kimoi Stend Kibisi Road,2630200,Capital Grants to Government Agencies and other Levels of Government,exp,25000000,0,0,0,202,yes
fy-2026-27-development-book-volume-ii-1091-1097,1091,State Department for Roads,1091182500,Critical Roads XXIII (Critical Roads VI),1091182562,Nakuru Town East Roads (KURA),2630200,Capital Grants to Government Agencies and other Levels of Government,exp,50000000,0,0,0,203,yes
fy-2026-27-development-book-volume-ii-1091-1097,1091,State Department for Roads,1091182500,Critical Roads XXIII (Critical Roads VI),1091182563,Ndiriti - Gathambi Road,2630200,Capital Grants to Government Agencies and other Levels of Government,exp,20000000,0,0,0,203,yes
fy-2026-27-development-book-volume-ii-1091-1097,1091,State Department for Roads,1091182500,Critical Roads XXIII (Critical Roads VI),1091182564,Ngere - Karangi,2630200,Capital Grants to Government Agencies and other Levels of Government,exp,10000000,0,0,0,203,yes
fy-2026-27-development-book-volume-ii-1091-1097,1091,State Department for Roads,1091182500,Critical Roads XXIII (Critical Roads VI),1091182565,Ngiluni-Ungaatu,2630200,Capital Grants to Government Agencies and other Levels of Government,exp,20000000,0,0,0,203,yes
fy-2026-27-development-book-volume-ii-1091-1097,1091,State Department for Roads,1091182500,Critical Roads XXIII (Critical Roads VI),1091182566,Nursing Home Island Loop - Railway Underpass,2630200,Capital Grants to Government Agencies and other Levels of Government,exp,50000000,0,0,0,203,yes
fy-2026-27-development-book-volume-ii-1091-1097,1091,State Department for Roads,1091182500,Critical Roads XXIII (Critical Roads VI),1091182567,Nyanguru Karmel Park Kiogoro -Matunwa Boronyi Road,2630200,Capital Grants to Government Agencies and other Levels of Government,exp,25000000,0,0,0,203,yes
fy-2026-27-development-book-volume-ii-1091-1097,1091,State Department for Roads,1091182500,Critical Roads XXIII (Critical Roads VI),1091182568,Obalwanda - Obanbo - Nyatoto Road,2630200,Capital Grants to Government Agencies and other Levels of Government,exp,10000000,0,0,0,203,yes
fy-2026-27-development-book-volume-ii-1091-1097,1091,State Department for Roads,1091182500,Critical Roads XXIII (Critical Roads VI),1091182569,PCEA Thigithu Air Force Road,2630200,Capital Grants to Government Agencies and other Levels of Government,exp,25000000,0,0,0,203,yes
fy-2026-27-development-book-volume-ii-1091-1097,1091,State Department for Roads,1091182500,Critical Roads XXIII (Critical Roads VI),1091182570,Penya House Stage 140 Road,2630200,Capital Grants to Government Agencies and other Levels of Government,exp,25000000,0,0,0,203,yes
fy-2026-27-development-book-volume-ii-1091-1097,1091,State Department for Roads,1091182500,Critical Roads XXIII (Critical Roads VI),1091182571,Pistona GSU - Kamelei,2630200,Capital Grants to Government Agencies and other Levels of Government,exp,25000000,0,0,0,203,yes
fy-2026-27-development-book-volume-ii-1091-1097,1091,State Department for Roads,1091182500,Critical Roads XXIII (Critical Roads VI),1091182572,Prison Marwa Cathedral Menany CJ Koome - By Pass,2630200,Capital Grants to Government Agencies and other Levels of Government,exp,25000000,0,0,0,204,yes
fy-2026-27-development-book-volume-ii-1091-1097,1091,State Department for Roads,1091182500,Critical Roads XXIII (Critical Roads VI),1091182573,Raila Odinga Road - Mathare North Stage 29,2630200,Capital Grants to Government Agencies and other Levels of Government,exp,25000000,0,0,0,204,yes
fy-2026-27-development-book-volume-ii-1091-1097,1091,State Department for Roads,1091182500,Critical Roads XXIII (Critical Roads VI),1091182574,River Dua Qumbiso Junction Road,2630200,Capital Grants to Government Agencies and other Levels of Government,exp,25000000,0,0,0,204,yes
fy-2026-27-development-book-volume-ii-1091-1097,1091,State Department for Roads,1091182500,Critical Roads XXIII (Critical Roads VI),1091182575,Riverside -Ack-Sironi Road,2630200,Capital Grants to Government Agencies and other Levels of Government,exp,30000000,0,0,0,204,yes
fy-2026-27-development-book-volume-ii-1091-1097,1091,State Department for Roads,1091182500,Critical Roads XXIII (Critical Roads VI),1091182576,Roret Mabasi Road,2630200,Capital Grants to Government Agencies and other Levels of Government,exp,25000000,0,0,0,204,yes
fy-2026-27-development-book-volume-ii-1091-1097,1091,State Department for Roads,1091182500,Critical Roads XXIII (Critical Roads VI),1091182577,Ruaraka High School Gate Kware - Huruma Nursing Road,2630200,Capital Grants to Government Agencies and other Levels of Government,exp,25000000,0,0,0,204,yes
fy-2026-27-development-book-volume-ii-1091-1097,1091,State Department for Roads,1091182500,Critical Roads XXIII (Critical Roads VI),1091182578,Rurii - Mukindu Road,2630200,Capital Grants to Government Agencies and other Levels of Government,exp,25000000,0,0,0,204,yes
fy-2026-27-development-book-volume-ii-1091-1097,1091,State Department for Roads,1091182500,Critical Roads XXIII (Critical Roads VI),1091182579,Ruwe Buriya ACK Lusheyapri Shatoto - Lwero LukongoNg,2630200,Capital Grants to Government Agencies and other Levels of Government,exp,25000000,0,0,0,204,yes
fy-2026-27-development-book-volume-ii-1091-1097,1091,State Department for Roads,1091182500,Critical Roads XXIII (Critical Roads VI),1091182580,Sagana Muslim Jungleman Road,2630200,Capital Grants to Government Agencies and other Levels of Government,exp,25000000,0,0,0,204,yes
fy-2026-27-development-book-volume-ii-1091-1097,1091,State Department for Roads,1091182500,Critical Roads XXIII (Critical Roads VI),1091182581,Sagana Fisheries - Ngando Githuaini Road,2630200,Capital Grants to Government Agencies and other Levels of Government,exp,25000000,0,0,0,204,yes
fy-2026-27-development-book-volume-ii-1091-1097,1091,State Department for Roads,1091182500,Critical Roads XXIII (Critical Roads VI),1091182582,Sagana Industerial Park Access Roads (KURA),2630200,Capital Grants to Government Agencies and other Levels of Government,exp,75000000,0,0,0,204,yes
fy-2026-27-development-book-volume-ii-1091-1097,1091,State Department for Roads,1091182500,Critical Roads XXIII (Critical Roads VI),1091182583,Sagana Town Roads II (KURA),2630200,Capital Grants to Government Agencies and other Levels of Government,exp,50000000,0,0,0,205,yes
fy-2026-27-development-book-volume-ii-1091-1097,1091,State Department for Roads,1091182500,Critical Roads XXIII (Critical Roads VI),1091182584,Sarman - Dunto,2630200,Capital Grants to Government Agencies and other Levels of Government,exp,10000000,0,0,0,205,yes
fy-2026-27-development-book-volume-ii-1091-1097,1091,State Department for Roads,1091182500,Critical Roads XXIII (Critical Roads VI),1091182585,Simisi-Kawelu,2630200,Capital Grants to Government Agencies and other Levels of Government,exp,20000000,0,0,0,205,yes
fy-2026-27-development-book-volume-ii-1091-1097,1091,State Department for Roads,1091182500,Critical Roads XXIII (Critical Roads VI),1091182586,Slaughterhouse Njoguini Junction Road,2630200,Capital Grants to Government Agencies and other Levels of Government,exp,25000000,0,0,0,205,yes
fy-2026-27-development-book-volume-ii-1091-1097,1091,State Department for Roads,1091182500,Critical Roads XXIII (Critical Roads VI),1091182587,Tangul- Tirich,2630200,Capital Grants to Government Agencies and other Levels of Government,exp,25000000,0,0,0,205,yes
fy-2026-27-development-book-volume-ii-1091-1097,1091,State Department for Roads,1091182500,Critical Roads XXIII (Critical Roads VI),1091182588,Thumaita Primary School Access,2630200,Capital Grants to Government Agencies and other Levels of Government,exp,15000000,0,0,0,205,yes
fy-2026-27-development-book-volume-ii-1091-1097,1091,State Department for Roads,1091182500,Critical Roads XXIII (Critical Roads VI),1091182589,Tiekuny - Hawanguu Road,2630200,Capital Grants to Government Agencies and other Levels of Government,exp,10000000,0,0,0,205,yes
fy-2026-27-development-book-volume-ii-1091-1097,1091,State Department for Roads,1091182500,Critical Roads XXIII (Critical Roads VI),1091182590,Tulia-Syongila,2630200,Capital Grants to Government Agencies and other Levels of Government,exp,25000000,0,0,0,205,yes
fy-2026-27-development-book-volume-ii-1091-1097,1091,State Department for Roads,1091182500,Critical Roads XXIII (Critical Roads VI),1091182591,Tuluroba Harade Milsadet Road,2630200,Capital Grants to Government Agencies and other Levels of Government,exp,25000000,0,0,0,205,yes
fy-2026-27-development-book-volume-ii-1091-1097,1091,State Department for Roads,1091182500,Critical Roads XXIII (Critical Roads VI),1091182592,Upgrading To Bitumen Standard of Elnur Township Road (KURA),2630200,Capital Grants to Government Agencies and other Levels of Government,exp,100000000,0,0,0,205,yes
fy-2026-27-development-book-volume-ii-1091-1097,1091,State Department for Roads,1091182500,Critical Roads XXIII (Critical Roads VI),1091182593,Upgrading To Bitumen Standard of Wajir - Elnur (KURA),2630200,Capital Grants to Government Agencies and other Levels of Government,exp,175000000,0,0,0,206,yes
fy-2026-27-development-book-volume-ii-1091-1097,1091,State Department for Roads,1091182500,Critical Roads XXIII (Critical Roads VI),1091182594,Wesu Canon Kituri,2630200,Capital Grants to Government Agencies and other Levels of Government,exp,25000000,0,0,0,206,yes
fy-2026-27-development-book-volume-ii-1091-1097,1091,State Department for Roads,1091182500,Critical Roads XXIII (Critical Roads VI),1091182595,Wundanyi Wesu,2630200,Capital Grants to Government Agencies and other Levels of Government,exp,25000000,0,0,0,206,yes
fy-2026-27-development-book-volume-ii-1091-1097,1091,State Department for Roads,1091182500,Critical Roads XXIII (Critical Roads VI),1091182596,Access Asol Yago,2630200,Capital Grants to Government Agencies and other Levels of Government,exp,20000000,0,0,0,206,yes
fy-2026-27-development-book-volume-ii-1091-1097,1091,State Department for Roads,1091182500,Critical Roads XXIII (Critical Roads VI),1091182597,Agolomuok-Obondi-Nyamanga Rd,2630200,Capital Grants to Government Agencies and other Levels of Government,exp,10000000,0,0,0,206,yes
fy-2026-27-development-book-volume-ii-1091-1097,1091,State Department for Roads,1091182500,Critical Roads XXIII (Critical Roads VI),1091182598,Aic Garissa Main Church- Bashal Sambul Road,2630200,Capital Grants to Government Agencies and other Levels of Government,exp,50000000,0,0,0,206,yes
fy-2026-27-development-book-volume-ii-1091-1097,1091,State Department for Roads,1091182500,Critical Roads XXIII (Critical Roads VI),1091182599,Aitong- Talek,2630200,Capital Grants to Government Agencies and other Levels of Government,exp,10000000,0,0,0,206,yes
fy-2026-27-development-book-volume-ii-1091-1097,1091,State Department for Roads,1091182600,Critical Roads XXIII (Critical Roads VII),1091182601,Alara Pri-Angang' Mkt-Nyapuodi BMU-Kisindi Pri-Ndere Jnc Rd.,2630200,Capital Grants to Government Agencies and other Levels of Government,exp,25000000,0,0,0,206,yes
fy-2026-27-development-book-volume-ii-1091-1097,1091,State Department for Roads,1091182600,Critical Roads XXIII (Critical Roads VII),1091182602,Aorachuodho- Got Adundo Road Ndhiwa,2630200,Capital Grants to Government Agencies and other Levels of Government,exp,10000000,0,0,0,206,yes
fy-2026-27-development-book-volume-ii-1091-1097,1091,State Department for Roads,1091182600,Critical Roads XXIII (Critical Roads VII),1091182603,Apostolic-Kiamanje Road,2630200,Capital Grants to Government Agencies and other Levels of Government,exp,10000000,0,0,0,206,yes
fy-2026-27-development-book-volume-ii-1091-1097,1091,State Department for Roads,1091182600,Critical Roads XXIII (Critical Roads VII),1091182604,Awach Onyinyore,2630200,Capital Grants to Government Agencies and other Levels of Government,exp,20000000,0,0,0,207,yes
fy-2026-27-development-book-volume-ii-1091-1097,1091,State Department for Roads,1091182600,Critical Roads XXIII (Critical Roads VII),1091182605,Awach Osewre - Akado,2630200,Capital Grants to Government Agencies and other Levels of Government,exp,20000000,0,0,0,207,yes
fy-2026-27-development-book-volume-ii-1091-1097,1091,State Department for Roads,1091182600,Critical Roads XXIII (Critical Roads VII),1091182606,Awanya Kaloka Rodi Access,2630200,Capital Grants to Government Agencies and other Levels of Government,exp,20000000,0,0,0,207,yes
fy-2026-27-development-book-volume-ii-1091-1097,1091,State Department for Roads,1091182600,Critical Roads XXIII (Critical Roads VII),1091182607,Awendo- Manyatta,2630200,Capital Grants to Government Agencies and other Levels of Government,exp,10000000,0,0,0,207,yes
fy-2026-27-development-book-volume-ii-1091-1097,1091,State Department for Roads,1091182600,Critical Roads XXIII (Critical Roads VII),1091182608,B234 - Kiminini Market-Mitoto - Ndalu- Brigadier Road,2630200,Capital Grants to Government Agencies and other Levels of Government,exp,70000000,20494426,40988851,61483277,207,yes
fy-2026-27-development-book-volume-ii-1091-1097,1091,State Department for Roads,1091182600,Critical Roads XXIII (Critical Roads VII),1091182609,Banisa-Chorogo Road,2630200,Capital Grants to Government Agencies and other Levels of Government,exp,10000000,0,0,0,207,yes
fy-2026-27-development-book-volume-ii-1091-1097,1091,State Department for Roads,1091182600,Critical Roads XXIII (Critical Roads VII),1091182610,Bavuni Kabatini Kinoru,2630200,Capital Grants to Government Agencies and other Levels of Government,exp,10000000,0,0,0,207,yes
fy-2026-27-development-book-volume-ii-1091-1097,1091,State Department for Roads,1091182600,Critical Roads XXIII (Critical Roads VII),1091182611,Begonia Drive Karen (Upgrading to Bitumen),2630200,Capital Grants to Government Agencies and other Levels of Government,exp,50000000,0,0,0,207,yes
fy-2026-27-development-book-volume-ii-1091-1097,1091,State Department for Roads,1091182600,Critical Roads XXIII (Critical Roads VII),1091182612,Borwapo- Tarama Road,2630200,Capital Grants to Government Agencies and other Levels of Government,exp,10000000,0,0,0,207,yes
fy-2026-27-development-book-volume-ii-1091-1097,1091,State Department for Roads,1091182600,Critical Roads XXIII (Critical Roads VII),1091182613,Bula Mzuri Market - Kunaso (K14 Garrissa),2630200,Capital Grants to Government Agencies and other Levels of Government,exp,50000000,0,0,0,207,yes
fy-2026-27-development-book-volume-ii-1091-1097,1091,State Department for Roads,1091182600,Critical Roads XXIII (Critical Roads VII),1091182614,Bulla Hagar-Warangara Road,2630200,Capital Grants to Government Agencies and other Levels of Government,exp,25000000,0,0,0,208,yes
fy-2026-27-development-book-volume-ii-1091-1097,1091,State Department for Roads,1091182600,Critical Roads XXIII (Critical Roads VII),1091182615,Bumburi - Isecha,2630200,Capital Grants to Government Agencies and other Levels of Government,exp,10000000,0,0,0,208,yes
fy-2026-27-development-book-volume-ii-1091-1097,1091,State Department for Roads,1091182600,Critical Roads XXIII (Critical Roads VII),1091182616,Caldera Kirima,2630200,Capital Grants to Government Agencies and other Levels of Government,exp,10000000,0,0,0,208,yes
fy-2026-27-development-book-volume-ii-1091-1097,1091,State Department for Roads,1091182600,Critical Roads XXIII (Critical Roads VII),1091182617,Casuarina Road (Kura),2630200,Capital Grants to Government Agencies and other Levels of Government,exp,150000000,0,0,0,208,yes
fy-2026-27-development-book-volume-ii-1091-1097,1091,State Department for Roads,1091182600,Critical Roads XXIII (Critical Roads VII),1091182618,Dakabor-Urile Road,2630200,Capital Grants to Government Agencies and other Levels of Government,exp,10000000,0,0,0,208,yes
fy-2026-27-development-book-volume-ii-1091-1097,1091,State Department for Roads,1091182600,Critical Roads XXIII (Critical Roads VII),1091182619,Danger Karuchwa Kirima,2630200,Capital Grants to Government Agencies and other Levels of Government,exp,10000000,0,0,0,208,yes
fy-2026-27-development-book-volume-ii-1091-1097,1091,State Department for Roads,1091182600,Critical Roads XXIII (Critical Roads VII),1091182620,Downtown -Teachers B Road,2630200,Capital Grants to Government Agencies and other Levels of Government,exp,10000000,0,0,0,208,yes
fy-2026-27-development-book-volume-ii-1091-1097,1091,State Department for Roads,1091182600,Critical Roads XXIII (Critical Roads VII),1091182621,Emarti - Mara,2630200,Capital Grants to Government Agencies and other Levels of Government,exp,10000000,0,0,0,208,yes
fy-2026-27-development-book-volume-ii-1091-1097,1091,State Department for Roads,1091182600,Critical Roads XXIII (Critical Roads VII),1091182622,Embora - Eldoinyo Narasha,2630200,Capital Grants to Government Agencies and other Levels of Government,exp,10000000,0,0,0,208,yes
fy-2026-27-development-book-volume-ii-1091-1097,1091,State Department for Roads,1091182600,Critical Roads XXIII (Critical Roads VII),1091182623,Fino - Duntow Roads,2630200,Capital Grants to Government Agencies and other Levels of Government,exp,25000000,0,0,0,208,yes
fy-2026-27-development-book-volume-ii-1091-1097,1091,State Department for Roads,1091182600,Critical Roads XXIII (Critical Roads VII),1091182624,Gatono to Kwa Ngugi Road,2630200,Capital Grants to Government Agencies and other Levels of Government,exp,20000000,0,0,0,208,yes
fy-2026-27-development-book-volume-ii-1091-1097,1091,State Department for Roads,1091182600,Critical Roads XXIII (Critical Roads VII),1091182625,"German Road Ratieny Sota,Nyambwa Othora Tulu",2630200,Capital Grants to Government Agencies and other Levels of Government,exp,10000000,0,0,0,209,yes
fy-2026-27-development-book-volume-ii-1091-1097,1091,State Department for Roads,1091182600,Critical Roads XXIII (Critical Roads VII),1091182626,Gogo-Nyagondo-Apwoyo -Akala Road,2630200,Capital Grants to Government Agencies and other Levels of Government,exp,10000000,0,0,0,209,yes
fy-2026-27-development-book-volume-ii-1091-1097,1091,State Department for Roads,1091182600,Critical Roads XXIII (Critical Roads VII),1091182627,Got Regea Mutumbu Rd,2630200,Capital Grants to Government Agencies and other Levels of Government,exp,10000000,0,0,0,209,yes
fy-2026-27-development-book-volume-ii-1091-1097,1091,State Department for Roads,1091182600,Critical Roads XXIII (Critical Roads VII),1091182628,Got-Adundo-Otangre-Osogo Ndhiwa,2630200,Capital Grants to Government Agencies and other Levels of Government,exp,10000000,0,0,0,209,yes
fy-2026-27-development-book-volume-ii-1091-1097,1091,State Department for Roads,1091182600,Critical Roads XXIII (Critical Roads VII),1091182629,Guu Kabege Bar Korwa Access,2630200,Capital Grants to Government Agencies and other Levels of Government,exp,20000000,0,0,0,209,yes
fy-2026-27-development-book-volume-ii-1091-1097,1091,State Department for Roads,1091182600,Critical Roads XXIII (Critical Roads VII),1091182630,Hakati -Ganga,2630200,Capital Grants to Government Agencies and other Levels of Government,exp,10000000,0,0,0,209,yes
fy-2026-27-development-book-volume-ii-1091-1097,1091,State Department for Roads,1091182600,Critical Roads XXIII (Critical Roads VII),1091182631,Heroes Kabatini,2630200,Capital Grants to Government Agencies and other Levels of Government,exp,10000000,0,0,0,209,yes
fy-2026-27-development-book-volume-ii-1091-1097,1091,State Department for Roads,1091182600,Critical Roads XXIII (Critical Roads VII),1091182632,Ijara Hosipital -Gumarey Trading Center,2630200,Capital Grants to Government Agencies and other Levels of Government,exp,30000000,0,0,0,209,yes
fy-2026-27-development-book-volume-ii-1091-1097,1091,State Department for Roads,1091182600,Critical Roads XXIII (Critical Roads VII),1091182633,Irianyi - Nyabikondo,2630200,Capital Grants to Government Agencies and other Levels of Government,exp,10000000,0,0,0,209,yes
fy-2026-27-development-book-volume-ii-1091-1097,1091,State Department for Roads,1091182600,Critical Roads XXIII (Critical Roads VII),1091182634,Kajiei Bridge,2630200,Capital Grants to Government Agencies and other Levels of Government,exp,25000000,0,0,0,209,yes
fy-2026-27-development-book-volume-ii-1091-1097,1091,State Department for Roads,1091182600,Critical Roads XXIII (Critical Roads VII),1091182636,Kamaroko-Nauyapong Bridge,2630200,Capital Grants to Government Agencies and other Levels of Government,exp,20000000,0,0,0,210,yes
fy-2026-27-development-book-volume-ii-1091-1097,1091,State Department for Roads,1091182600,Critical Roads XXIII (Critical Roads VII),1091182637,Kangema Urithi,2630200,Capital Grants to Government Agencies and other Levels of Government,exp,10000000,0,0,0,210,yes
fy-2026-27-development-book-volume-ii-1091-1097,1091,State Department for Roads,1091182600,Critical Roads XXIII (Critical Roads VII),1091182638,Kanyiriri-Ngara-Kanyariri Shopping Center,2630200,Capital Grants to Government Agencies and other Levels of Government,exp,10000000,0,0,0,210,yes
fy-2026-27-development-book-volume-ii-1091-1097,1091,State Department for Roads,1091182600,Critical Roads XXIII (Critical Roads VII),1091182639,Kenyoro Nyambororwa,2630200,Capital Grants to Government Agencies and other Levels of Government,exp,10000000,0,0,0,210,yes
fy-2026-27-development-book-volume-ii-1091-1097,1091,State Department for Roads,1091182600,Critical Roads XXIII (Critical Roads VII),1091182640,Khatis- Goiyo Road,2630200,Capital Grants to Government Agencies and other Levels of Government,exp,10000000,0,0,0,210,yes
fy-2026-27-development-book-volume-ii-1091-1097,1091,State Department for Roads,1091182600,Critical Roads XXIII (Critical Roads VII),1091182641,Kibos-Kunya Primary- Nyamasaria Road,2630200,Capital Grants to Government Agencies and other Levels of Government,exp,9000000,0,0,0,210,yes
fy-2026-27-development-book-volume-ii-1091-1097,1091,State Department for Roads,1091182600,Critical Roads XXIII (Critical Roads VII),1091182642,Kifuruti King David,2630200,Capital Grants to Government Agencies and other Levels of Government,exp,10000000,0,0,0,210,yes
fy-2026-27-development-book-volume-ii-1091-1097,1091,State Department for Roads,1091182600,Critical Roads XXIII (Critical Roads VII),1091182643,Kinyasaga-Manyala Primary Suba South,2630200,Capital Grants to Government Agencies and other Levels of Government,exp,10000000,0,0,0,210,yes
fy-2026-27-development-book-volume-ii-1091-1097,1091,State Department for Roads,1091182600,Critical Roads XXIII (Critical Roads VII),1091182644,Kokuro - Ranen.,2630200,Capital Grants to Government Agencies and other Levels of Government,exp,10000000,0,0,0,210,yes
fy-2026-27-development-book-volume-ii-1091-1097,1091,State Department for Roads,1091182600,Critical Roads XXIII (Critical Roads VII),1091182645,Kokuro-Kabola,2630200,Capital Grants to Government Agencies and other Levels of Government,exp,10000000,0,0,0,210,yes
fy-2026-27-development-book-volume-ii-1091-1097,1091,State Department for Roads,1091182600,Critical Roads XXIII (Critical Roads VII),1091182646,Kolenyo Ka Mito Junction,2630200,Capital Grants to Government Agencies and other Levels of Government,exp,20000000,0,0,0,210,yes
fy-2026-27-development-book-volume-ii-1091-1097,1091,State Department for Roads,1091182600,Critical Roads XXIII (Critical Roads VII),1091182647,Komollo Bridge- Asego Church Road,2630200,Capital Grants to Government Agencies and other Levels of Government,exp,10000000,0,0,0,211,yes
fy-2026-27-development-book-volume-ii-1091-1097,1091,State Department for Roads,1091182600,Critical Roads XXIII (Critical Roads VII),1091182648,Ko-Omulo-Baranga-Nyabwecheche Road,2630200,Capital Grants to Government Agencies and other Levels of Government,exp,10000000,0,0,0,211,yes
fy-2026-27-development-book-volume-ii-1091-1097,1091,State Department for Roads,1091182600,Critical Roads XXIII (Critical Roads VII),1091182649,Koyucho Junc - Uloma - Upanda,2630200,Capital Grants to Government Agencies and other Levels of Government,exp,300000000,101302624,68263546,202605246,211,yes
fy-2026-27-development-book-volume-ii-1091-1097,1091,State Department for Roads,1091182600,Critical Roads XXIII (Critical Roads VII),1091182650,Kukub Goiyo Road,2630200,Capital Grants to Government Agencies and other Levels of Government,exp,10000000,0,0,0,211,yes
fy-2026-27-development-book-volume-ii-1091-1097,1091,State Department for Roads,1091182600,Critical Roads XXIII (Critical Roads VII),1091182651,Lafey-Kabo Roads,2630200,Capital Grants to Government Agencies and other Levels of Government,exp,25000000,0,0,0,211,yes
fy-2026-27-development-book-volume-ii-1091-1097,1091,State Department for Roads,1091182600,Critical Roads XXIII (Critical Roads VII),1091182652,Lolwe Kawega - Nanga,2630200,Capital Grants to Government Agencies and other Levels of Government,exp,20000000,0,0,0,211,yes
fy-2026-27-development-book-volume-ii-1091-1097,1091,State Department for Roads,1091182600,Critical Roads XXIII (Critical Roads VII),1091182653,Lowaiting Road,2630200,Capital Grants to Government Agencies and other Levels of Government,exp,11000000,0,0,0,211,yes
fy-2026-27-development-book-volume-ii-1091-1097,1091,State Department for Roads,1091182600,Critical Roads XXIII (Critical Roads VII),1091182654,Lulis-Malkamari Road,2630200,Capital Grants to Government Agencies and other Levels of Government,exp,10000000,0,0,0,211,yes
fy-2026-27-development-book-volume-ii-1091-1097,1091,State Department for Roads,1091182600,Critical Roads XXIII (Critical Roads VII),1091182655,Maintenance and Improvement Fahari Hotel Road (KURA),2630200,Capital Grants to Government Agencies and other Levels of Government,exp,50000000,0,0,0,211,yes
fy-2026-27-development-book-volume-ii-1091-1097,1091,State Department for Roads,1091182600,Critical Roads XXIII (Critical Roads VII),1091182656,Maintenance & Improvement of the Juakali-Village Towards Hustlers,2630200,Capital Grants to Government Agencies and other Levels of Government,exp,50000000,0,0,0,211,yes
fy-2026-27-development-book-volume-ii-1091-1097,1091,State Department for Roads,1091182600,Critical Roads XXIII (Critical Roads VII),1091182657,Maintenance And Improvement Savanah Police Line Phase 5 Road,2630200,Capital Grants to Government Agencies and other Levels of Government,exp,50000000,0,0,0,212,yes
fy-2026-27-development-book-volume-ii-1091-1097,1091,State Department for Roads,1091182600,Critical Roads XXIII (Critical Roads VII),1091182658,Maroma- Nyekome,2630200,Capital Grants to Government Agencies and other Levels of Government,exp,10000000,0,0,0,212,yes
fy-2026-27-development-book-volume-ii-1091-1097,1091,State Department for Roads,1091182600,Critical Roads XXIII (Critical Roads VII),1091182659,Masakwe- Nyagonyi,2630200,Capital Grants to Government Agencies and other Levels of Government,exp,10000000,0,0,0,212,yes
fy-2026-27-development-book-volume-ii-1091-1097,1091,State Department for Roads,1091182600,Critical Roads XXIII (Critical Roads VII),1091182660,"Matoso,Lidha,Nyakiringoto Yago Aongedhian'g",2630200,Capital Grants to Government Agencies and other Levels of Government,exp,10000000,0,0,0,212,yes
fy-2026-27-development-book-volume-ii-1091-1097,1091,State Department for Roads,1091182600,Critical Roads XXIII (Critical Roads VII),1091182661,Moromba - Ngenyi,2630200,Capital Grants to Government Agencies and other Levels of Government,exp,10000000,0,0,0,212,yes
fy-2026-27-development-book-volume-ii-1091-1097,1091,State Department for Roads,1091182600,Critical Roads XXIII (Critical Roads VII),1091182662,Mugie - Lonyek Road,2630200,Capital Grants to Government Agencies and other Levels of Government,exp,10000000,0,0,0,212,yes
fy-2026-27-development-book-volume-ii-1091-1097,1091,State Department for Roads,1091182600,Critical Roads XXIII (Critical Roads VII),1091182663,Mulot - Olchoro- Mogoiywet,2630200,Capital Grants to Government Agencies and other Levels of Government,exp,10000000,0,0,0,212,yes
fy-2026-27-development-book-volume-ii-1091-1097,1091,State Department for Roads,1091182600,Critical Roads XXIII (Critical Roads VII),1091182664,Murram-Nyawacha-Olando Road,2630200,Capital Grants to Government Agencies and other Levels of Government,exp,10000000,0,0,0,212,yes
fy-2026-27-development-book-volume-ii-1091-1097,1091,State Department for Roads,1091182600,Critical Roads XXIII (Critical Roads VII),1091182665,Naikara- Olderkesi,2630200,Capital Grants to Government Agencies and other Levels of Government,exp,10000000,0,0,0,212,yes
fy-2026-27-development-book-volume-ii-1091-1097,1091,State Department for Roads,1091182600,Critical Roads XXIII (Critical Roads VII),1091182666,Narok-Talek (C733) Road,2630200,Capital Grants to Government Agencies and other Levels of Government,exp,7000000,0,0,0,212,yes
fy-2026-27-development-book-volume-ii-1091-1097,1091,State Department for Roads,1091182600,Critical Roads XXIII (Critical Roads VII),1091182667,Ngenyi_ Moromba,2630200,Capital Grants to Government Agencies and other Levels of Government,exp,10000000,0,0,0,212,yes
fy-2026-27-development-book-volume-ii-1091-1097,1091,State Department for Roads,1091182600,Critical Roads XXIII (Critical Roads VII),1091182668,Ngiya - Kobare-Malele,2630200,Capital Grants to Government Agencies and other Levels of Government,exp,400000000,119242356,46650852,238484712,213,yes
fy-2026-27-development-book-volume-ii-1091-1097,1091,State Department for Roads,1091182600,Critical Roads XXIII (Critical Roads VII),1091182669,Nyabururu-Matoke-Nyamataro Link Road (Kura),2630200,Capital Grants to Government Agencies and other Levels of Government,exp,130000000,0,0,0,213,yes
fy-2026-27-development-book-volume-ii-1091-1097,1091,State Department for Roads,1091182600,Critical Roads XXIII (Critical Roads VII),1091182670,Nyabworoba - Nyabonge,2630200,Capital Grants to Government Agencies and other Levels of Government,exp,10000000,0,0,0,213,yes
fy-2026-27-development-book-volume-ii-1091-1097,1091,State Department for Roads,1091182600,Critical Roads XXIII (Critical Roads VII),1091182671,Nyagonyi- Nyansagah,2630200,Capital Grants to Government Agencies and other Levels of Government,exp,10000000,0,0,0,213,yes
fy-2026-27-development-book-volume-ii-1091-1097,1091,State Department for Roads,1091182600,Critical Roads XXIII (Critical Roads VII),1091182672,Nyalkembo-Kasinga S.S.,2630200,Capital Grants to Government Agencies and other Levels of Government,exp,10000000,0,0,0,213,yes
fy-2026-27-development-book-volume-ii-1091-1097,1091,State Department for Roads,1091182600,Critical Roads XXIII (Critical Roads VII),1091182673,Nyandemra-Sibuoche Ndhiwa,2630200,Capital Grants to Government Agencies and other Levels of Government,exp,10000000,0,0,0,213,yes
fy-2026-27-development-book-volume-ii-1091-1097,1091,State Department for Roads,1091182600,Critical Roads XXIII (Critical Roads VII),1091182674,Nyawara-Gongo-Donde Road,2630200,Capital Grants to Government Agencies and other Levels of Government,exp,10000000,0,0,0,213,yes
fy-2026-27-development-book-volume-ii-1091-1097,1091,State Department for Roads,1091182600,Critical Roads XXIII (Critical Roads VII),1091182675,Obola Access Road - Yago,2630200,Capital Grants to Government Agencies and other Levels of Government,exp,20000000,0,0,0,213,yes
fy-2026-27-development-book-volume-ii-1091-1097,1091,State Department for Roads,1091182600,Critical Roads XXIII (Critical Roads VII),1091182676,Odiado 0.28Kabwodo-Box Culvert,2630200,Capital Grants to Government Agencies and other Levels of Government,exp,10000000,0,0,0,213,yes
fy-2026-27-development-book-volume-ii-1091-1097,1091,State Department for Roads,1091182600,Critical Roads XXIII (Critical Roads VII),1091182677,Ogingo Box Culvert,2630200,Capital Grants to Government Agencies and other Levels of Government,exp,25000000,0,0,0,213,yes
fy-2026-27-development-book-volume-ii-1091-1097,1091,State Department for Roads,1091182600,Critical Roads XXIII (Critical Roads VII),1091182678,Okiro Junction- Gunga- Ngorome-Otho Rd,2630200,Capital Grants to Government Agencies and other Levels of Government,exp,10000000,0,0,0,214,yes
fy-2026-27-development-book-volume-ii-1091-1097,1091,State Department for Roads,1091182600,Critical Roads XXIII (Critical Roads VII),1091182679,Ololaimutia- Ildungisho,2630200,Capital Grants to Government Agencies and other Levels of Government,exp,10000000,0,0,0,214,yes
fy-2026-27-development-book-volume-ii-1091-1097,1091,State Department for Roads,1091182600,Critical Roads XXIII (Critical Roads VII),1091182680,?Oluso Bridge,2630200,Capital Grants to Government Agencies and other Levels of Government,exp,25000000,0,0,0,214,yes
fy-2026-27-development-book-volume-ii-1091-1097,1091,State Department for Roads,1091182600,Critical Roads XXIII (Critical Roads VII),1091182681,Osiepe -Ongadi Road,2630200,Capital Grants to Government Agencies and other Levels of Government,exp,9000000,0,0,0,214,yes
fy-2026-27-development-book-volume-ii-1091-1097,1091,State Department for Roads,1091182600,Critical Roads XXIII (Critical Roads VII),1091182682,Osogo-Ojode Rachar-Aorachuodho Ndhiwa,2630200,Capital Grants to Government Agencies and other Levels of Government,exp,10000000,0,0,0,214,yes
fy-2026-27-development-book-volume-ii-1091-1097,1091,State Department for Roads,1091182600,Critical Roads XXIII (Critical Roads VII),1091182683,Pcea Makao Greensite,2630200,Capital Grants to Government Agencies and other Levels of Government,exp,10000000,0,0,0,214,yes
fy-2026-27-development-book-volume-ii-1091-1097,1091,State Department for Roads,1091182600,Critical Roads XXIII (Critical Roads VII),1091182684,PEFA Church Kit Mikayi,2630200,Capital Grants to Government Agencies and other Levels of Government,exp,20000000,0,0,0,214,yes
fy-2026-27-development-book-volume-ii-1091-1097,1091,State Department for Roads,1091182600,Critical Roads XXIII (Critical Roads VII),1091182685,Rabuor-Rinya,2630200,Capital Grants to Government Agencies and other Levels of Government,exp,10000000,0,0,0,214,yes
fy-2026-27-development-book-volume-ii-1091-1097,1091,State Department for Roads,1091182600,Critical Roads XXIII (Critical Roads VII),1091182686,Rioteki- Suku Culvert Box,2630200,Capital Grants to Government Agencies and other Levels of Government,exp,15000000,0,0,0,214,yes
fy-2026-27-development-book-volume-ii-1091-1097,1091,State Department for Roads,1091182600,Critical Roads XXIII (Critical Roads VII),1091182687,Rukiubi Shopping Center - Rukubi- Kaabete,2630200,Capital Grants to Government Agencies and other Levels of Government,exp,10000000,0,0,0,214,yes
fy-2026-27-development-book-volume-ii-1091-1097,1091,State Department for Roads,1091182600,Critical Roads XXIII (Critical Roads VII),1091182688,Sensi - Nyabwroba,2630200,Capital Grants to Government Agencies and other Levels of Government,exp,10000000,0,0,0,214,yes
fy-2026-27-development-book-volume-ii-1091-1097,1091,State Department for Roads,1091182600,Critical Roads XXIII (Critical Roads VII),1091182689,Sibuoche-Osani Ndhiwa,2630200,Capital Grants to Government Agencies and other Levels of Government,exp,10000000,0,0,0,215,yes
fy-2026-27-development-book-volume-ii-1091-1097,1091,State Department for Roads,1091182600,Critical Roads XXIII (Critical Roads VII),1091182690,St.Camillus-Orore-Kaduro-Siginga Rd,2630200,Capital Grants to Government Agencies and other Levels of Government,exp,10000000,0,0,0,215,yes
fy-2026-27-development-book-volume-ii-1091-1097,1091,State Department for Roads,1091182600,Critical Roads XXIII (Critical Roads VII),1091182691,Tacha Assis- Karandile Road,2630200,Capital Grants to Government Agencies and other Levels of Government,exp,50000000,0,0,0,215,yes
fy-2026-27-development-book-volume-ii-1091-1097,1091,State Department for Roads,1091182600,Critical Roads XXIII (Critical Roads VII),1091182692,Tambacha- Eronge,2630200,Capital Grants to Government Agencies and other Levels of Government,exp,10000000,0,0,0,215,yes
fy-2026-27-development-book-volume-ii-1091-1097,1091,State Department for Roads,1091182600,Critical Roads XXIII (Critical Roads VII),1091182693,Tarama-Banisa Road,2630200,Capital Grants to Government Agencies and other Levels of Government,exp,10000000,0,0,0,215,yes
fy-2026-27-development-book-volume-ii-1091-1097,1091,State Department for Roads,1091182600,Critical Roads XXIII (Critical Roads VII),1091182694,Umur-Kiliwehira Road,2630200,Capital Grants to Government Agencies and other Levels of Government,exp,10000000,0,0,0,215,yes
fy-2026-27-development-book-volume-ii-1091-1097,1091,State Department for Roads,1091182600,Critical Roads XXIII (Critical Roads VII),1091182695,Upgrading Matumbei - Kimoson - Posta Road,2630200,Capital Grants to Government Agencies and other Levels of Government,exp,200000000,0,0,0,215,yes
fy-2026-27-development-book-volume-ii-1091-1097,1091,State Department for Roads,1091182600,Critical Roads XXIII (Critical Roads VII),1091182696,Victor Musoga-Nyalkembo S.S,2630200,Capital Grants to Government Agencies and other Levels of Government,exp,10000000,0,0,0,215,yes
fy-2026-27-development-book-volume-ii-1091-1097,1091,State Department for Roads,1091182600,Critical Roads XXIII (Critical Roads VII),1091182697,Wadhremo- Sidika-Raga-Poya Rd,2630200,Capital Grants to Government Agencies and other Levels of Government,exp,10000000,0,0,0,215,yes
fy-2026-27-development-book-volume-ii-1091-1097,1091,State Department for Roads,1091182600,Critical Roads XXIII (Critical Roads VII),1091182698,Warangara- Safo Roads,2630200,Capital Grants to Government Agencies and other Levels of Government,exp,25000000,0,0,0,215,yes
fy-2026-27-development-book-volume-ii-1091-1097,1091,State Department for Roads,1091182600,Critical Roads XXIII (Critical Roads VII),1091182699,Witu-Kipini Road,2630200,Capital Grants to Government Agencies and other Levels of Government,exp,50000000,0,0,0,216,yes
fy-2026-27-development-book-volume-ii-1091-1097,1091,State Department for Roads,1091182700,Critical Roads XXIII (Critical Roads VIII),1091182701,Works Nganga SDA,2630200,Capital Grants to Government Agencies and other Levels of Government,exp,10000000,0,0,0,216,yes
fy-2026-27-development-book-volume-ii-1091-1097,1091,State Department for Roads,1091182700,Critical Roads XXIII (Critical Roads VIII),1091182702,Yago Soko - Kojuki,2630200,Capital Grants to Government Agencies and other Levels of Government,exp,20000000,0,0,0,216,yes
fy-2026-27-development-book-volume-ii-1091-1097,1091,State Department for Roads,1091182700,Critical Roads XXIII (Critical Roads VIII),1091182703,Nyambororwa-Nyobweri-(Kisii County),2630200,Capital Grants to Government Agencies and other Levels of Government,exp,25000000,0,0,0,216,yes
fy-2026-27-development-book-volume-ii-1091-1097,1091,State Department for Roads,1091182700,Critical Roads XXIII (Critical Roads VIII),1091182704,Oriang Otok -Kanyadhiang - (Karachuonyo Constituency),2630200,Capital Grants to Government Agencies and other Levels of Government,exp,25000000,0,0,0,216,yes
fy-2026-27-development-book-volume-ii-1091-1097,1091,State Department for Roads,1091182700,Critical Roads XXIII (Critical Roads VIII),1091182705,Huron -Ngathi Tsuini,2630200,Capital Grants to Government Agencies and other Levels of Government,exp,30000000,0,0,0,216,yes
fy-2026-27-development-book-volume-ii-1091-1097,1091,State Department for Roads,1091182700,Critical Roads XXIII (Critical Roads VIII),1091182706,Marindi - Akele,2630200,Capital Grants to Government Agencies and other Levels of Government,exp,30000000,0,0,0,216,yes
fy-2026-27-development-book-volume-ii-1091-1097,1091,State Department for Roads,1091182700,Critical Roads XXIII (Critical Roads VIII),1091182707,Siala -Simbi -Kangadiag,2630200,Capital Grants to Government Agencies and other Levels of Government,exp,30000000,0,0,0,216,yes
fy-2026-27-development-book-volume-ii-1091-1097,1091,State Department for Roads,1091182700,Critical Roads XXIII (Critical Roads VIII),1091182708,Butula-Luhari-Kanjali,2630200,Capital Grants to Government Agencies and other Levels of Government,exp,30000000,0,0,0,216,yes
fy-2026-27-development-book-volume-ii-1091-1097,1091,State Department for Roads,1091182700,Critical Roads XXIII (Critical Roads VIII),1091182709,Torit - Kenegul,2630200,Capital Grants to Government Agencies and other Levels of Government,exp,30000000,0,0,0,216,yes
fy-2026-27-development-book-volume-ii-1091-1097,1091,State Department for Roads,1091182700,Critical Roads XXIII (Critical Roads VIII),1091182710,Kaalemgorok - Nabeye,2630200,Capital Grants to Government Agencies and other Levels of Government,exp,30000000,0,0,0,217,yes
fy-2026-27-development-book-volume-ii-1091-1097,1091,State Department for Roads,1091182700,Critical Roads XXIII (Critical Roads VIII),1091182711,Esonoru - Olumanyara,2630200,Capital Grants to Government Agencies and other Levels of Government,exp,30000000,0,0,0,217,yes
fy-2026-27-development-book-volume-ii-1091-1097,1091,State Department for Roads,1091182700,Critical Roads XXIII (Critical Roads VIII),1091182712,Kionya - Kayakie - Kitui,2630200,Capital Grants to Government Agencies and other Levels of Government,exp,30000000,0,0,0,217,yes
fy-2026-27-development-book-volume-ii-1091-1097,1091,State Department for Roads,1091182700,Critical Roads XXIII (Critical Roads VIII),1091182713,Mastima - Tergat - Salgaa,2630200,Capital Grants to Government Agencies and other Levels of Government,exp,30000000,0,0,0,217,yes
fy-2026-27-development-book-volume-ii-1091-1097,1091,State Department for Roads,1091182700,Critical Roads XXIII (Critical Roads VIII),1091182714,Jerusalem - Chemorot Kapsite,2630200,Capital Grants to Government Agencies and other Levels of Government,exp,30000000,0,0,0,217,yes
fy-2026-27-development-book-volume-ii-1091-1097,1091,State Department for Roads,1091182700,Critical Roads XXIII (Critical Roads VIII),1091182715,B23 - Mariira Kigumo,2630200,Capital Grants to Government Agencies and other Levels of Government,exp,30000000,0,0,0,217,yes
fy-2026-27-development-book-volume-ii-1091-1097,1091,State Department for Roads,1091182700,Critical Roads XXIII (Critical Roads VIII),1091182716,Eastleigh Link Roads,2630200,Capital Grants to Government Agencies and other Levels of Government,exp,30000000,0,0,0,217,yes
fy-2026-27-development-book-volume-ii-1091-1097,1091,State Department for Roads,1091182700,Critical Roads XXIII (Critical Roads VIII),1091182717,Tayari Link Roads,2630200,Capital Grants to Government Agencies and other Levels of Government,exp,30000000,0,0,0,217,yes
fy-2026-27-development-book-volume-ii-1091-1097,1091,State Department for Roads,1091182700,Critical Roads XXIII (Critical Roads VIII),1091182718,Kisasi - Karisuni Mandongoi,2630200,Capital Grants to Government Agencies and other Levels of Government,exp,30000000,0,0,0,217,yes
fy-2026-27-development-book-volume-ii-1091-1097,1091,State Department for Roads,1091182700,Critical Roads XXIII (Critical Roads VIII),1091182719,Kenyatta Link Roads,2630200,Capital Grants to Government Agencies and other Levels of Government,exp,30000000,0,0,0,217,yes
fy-2026-27-development-book-volume-ii-1091-1097,1091,State Department for Roads,1091182700,Critical Roads XXIII (Critical Roads VIII),1091182720,Mutirithia Motto Link Roads,2630200,Capital Grants to Government Agencies and other Levels of Government,exp,30000000,0,0,0,218,yes
fy-2026-27-development-book-volume-ii-1091-1097,1091,State Department for Roads,1091182700,Critical Roads XXIII (Critical Roads VIII),1091182721,Treasure Mwangaza Link Roads,2630200,Capital Grants to Government Agencies and other Levels of Government,exp,20000000,0,0,0,218,yes
fy-2026-27-development-book-volume-ii-1091-1097,1091,State Department for Roads,1091182700,Critical Roads XXIII (Critical Roads VIII),1091182722,Elburgon Kasarani Link Roads,2630200,Capital Grants to Government Agencies and other Levels of Government,exp,200000000,0,0,0,218,yes
fy-2026-27-development-book-volume-ii-1091-1097,1091,State Department for Roads,1091182700,Critical Roads XXIII (Critical Roads VIII),1091182723,ACK Church Trading Centre and Flax Township roads,2630200,Capital Grants to Government Agencies and other Levels of Government,exp,28667389,0,0,0,218,yes
fy-2026-27-development-book-volume-ii-1091-1097,1091,State Department for Roads,1091182700,Critical Roads XXIII (Critical Roads VIII),1091182724,C70 Kahaini - Three Ridge Road,2630200,Capital Grants to Government Agencies and other Levels of Government,exp,33445286,0,0,0,218,yes
fy-2026-27-development-book-volume-ii-1091-1097,1091,State Department for Roads,1091182700,Critical Roads XXIII (Critical Roads VIII),1091182725,C77-Gitare-Kanyariri,2630200,Capital Grants to Government Agencies and other Levels of Government,exp,50000000,0,0,0,218,yes
fy-2026-27-development-book-volume-ii-1091-1097,1091,State Department for Roads,1091182700,Critical Roads XXIII (Critical Roads VIII),1091182726,Chomo - Kigoro-Kimatu Magomano Roads,2630200,Capital Grants to Government Agencies and other Levels of Government,exp,14333694,0,0,0,218,yes
fy-2026-27-development-book-volume-ii-1091-1097,1091,State Department for Roads,1091182700,Critical Roads XXIII (Critical Roads VIII),1091182727,Chumainik - Atebwo - Lelechwet Road and Atebwo Bridge,2630200,Capital Grants to Government Agencies and other Levels of Government,exp,39369240,0,0,0,218,yes
fy-2026-27-development-book-volume-ii-1091-1097,1091,State Department for Roads,1091182700,Critical Roads XXIII (Critical Roads VIII),1091182728,Spot Improvement of Ndabibi - Forest Police Station - Tangi Tano Road,2630200,Capital Grants to Government Agencies and other Levels of Government,exp,58925025,0,0,0,218,yes
fy-2026-27-development-book-volume-ii-1091-1097,1091,State Department for Roads,1091182700,Critical Roads XXIII (Critical Roads VIII),1091182729,Enaramatishoriki Bridge,2630200,Capital Grants to Government Agencies and other Levels of Government,exp,43001083,16099066,21990659,32198132,218,yes
fy-2026-27-development-book-volume-ii-1091-1097,1091,State Department for Roads,1091182700,Critical Roads XXIII (Critical Roads VIII),1091182730,Gatitu - Karimamwaro Access to Irati Coffee Factory,2630200,Capital Grants to Government Agencies and other Levels of Government,exp,14333694,0,0,0,218,yes
fy-2026-27-development-book-volume-ii-1091-1097,1091,State Department for Roads,1091182700,Critical Roads XXIII (Critical Roads VIII),1091182732,Gravelling of Brookside - Kitogo - Kamba - Ha Karoki - Mutarakwa,2630200,Capital Grants to Government Agencies and other Levels of Government,exp,38223185,0,0,0,219,yes
fy-2026-27-development-book-volume-ii-1091-1097,1091,State Department for Roads,1091182700,Critical Roads XXIII (Critical Roads VIII),1091182733,Gravelling of E476A Kyuasini - Kalongo - Kikoko Road (13KM),2630200,Capital Grants to Government Agencies and other Levels of Government,exp,38223185,0,0,0,219,yes
fy-2026-27-development-book-volume-ii-1091-1097,1091,State Department for Roads,1091182700,Critical Roads XXIII (Critical Roads VIII),1091182734,Gravelling of E476B - Ukia- Kyuasini - Kyambeke Road (20 KM),2630200,Capital Grants to Government Agencies and other Levels of Government,exp,57334778,85528999,55289989,171057998,219,yes
fy-2026-27-development-book-volume-ii-1091-1097,1091,State Department for Roads,1091182700,Critical Roads XXIII (Critical Roads VIII),1091182735,Gravelling of Eurekule - Olombokishi - Wafoo Road,2630200,Capital Grants to Government Agencies and other Levels of Government,exp,66890574,0,0,0,219,yes
fy-2026-27-development-book-volume-ii-1091-1097,1091,State Department for Roads,1091182700,Critical Roads XXIII (Critical Roads VIII),1091182736,Forest Police Post-Canaan-Kahuruko-Cess Centre - Gachuma - Tangi,2630200,Capital Grants to Government Agencies and other Levels of Government,exp,47778981,0,0,0,219,yes
fy-2026-27-development-book-volume-ii-1091-1097,1091,State Department for Roads,1091182700,Critical Roads XXIII (Critical Roads VIII),1091182737,Hanging Valley Kolol-Toror-Korober-Matunden-Emis-Surmo-Molol-,2630200,Capital Grants to Government Agencies and other Levels of Government,exp,71668471,0,0,0,219,yes
fy-2026-27-development-book-volume-ii-1091-1097,1091,State Department for Roads,1091182700,Critical Roads XXIII (Critical Roads VIII),1091182738,Hanging Valley Roads Chemwambul-Kaptere - Changach - Kapsogom-,2630200,Capital Grants to Government Agencies and other Levels of Government,exp,43001083,0,0,0,219,yes
fy-2026-27-development-book-volume-ii-1091-1097,1091,State Department for Roads,1091182700,Critical Roads XXIII (Critical Roads VIII),1091182739,Kipketi-Kipsonoi-Sugurusei-Kamureito-Kaptulwo-Kirichat-Kapk-,2630200,Capital Grants to Government Agencies and other Levels of Government,exp,57334778,108597319,75973186,217194637,219,yes
fy-2026-27-development-book-volume-ii-1091-1097,1091,State Department for Roads,1091182700,Critical Roads XXIII (Critical Roads VIII),1091182740,Gravelling of Mbelekenya - Masan - Kipngeru - Sironoi Road and,2630200,Capital Grants to Government Agencies and other Levels of Government,exp,19111593,0,0,0,219,yes
fy-2026-27-development-book-volume-ii-1091-1097,1091,State Department for Roads,1091182700,Critical Roads XXIII (Critical Roads VIII),1091182741,Gravelling of Ndaptabo - Mogogoget - Lelbonet Road and access,2630200,Capital Grants to Government Agencies and other Levels of Government,exp,47778981,0,0,0,219,yes
fy-2026-27-development-book-volume-ii-1091-1097,1091,State Department for Roads,1091182700,Critical Roads XXIII (Critical Roads VIII),1091182742,Gravelling of Seguton - Langwenda - Kamwaura - Taita - Kapkembu,2630200,Capital Grants to Government Agencies and other Levels of Government,exp,47778981,0,0,0,220,yes
fy-2026-27-development-book-volume-ii-1091-1097,1091,State Department for Roads,1091182700,Critical Roads XXIII (Critical Roads VIII),1091182743,Gravelling of Siwot - Mwangati -Kapalaan - Kapkembu Road,2630200,Capital Grants to Government Agencies and other Levels of Government,exp,47778981,0,0,0,220,yes
fy-2026-27-development-book-volume-ii-1091-1097,1091,State Department for Roads,1091182700,Critical Roads XXIII (Critical Roads VIII),1091182744,Mpakani-Kapk-Banan-Tega-Korongotuny-Kapkurongo Sch-Bukonoi-,2630200,Capital Grants to Government Agencies and other Levels of Government,exp,47778981,0,0,0,220,yes
fy-2026-27-development-book-volume-ii-1091-1097,1091,State Department for Roads,1091182700,Critical Roads XXIII (Critical Roads VIII),1091182745,Ikutha-Mutha-Mutomo-Kyandula-Kanyangi Kwa Vonza,2630200,Capital Grants to Government Agencies and other Levels of Government,exp,113669554,58893875,491871072,296347577,220,yes
fy-2026-27-development-book-volume-ii-1091-1097,1091,State Department for Roads,1091182700,Critical Roads XXIII (Critical Roads VIII),1091182746,Jn A2 Hawaki-Rainbowb Resort-Kwihota-Machinani-Gikumari-,2630200,Capital Grants to Government Agencies and other Levels of Government,exp,94557963,0,0,0,220,yes
fy-2026-27-development-book-volume-ii-1091-1097,1091,State Department for Roads,1091182700,Critical Roads XXIII (Critical Roads VIII),1091182747,Kabartonjo - Barwesa,2630200,Capital Grants to Government Agencies and other Levels of Government,exp,78738481,40763515,54106092,81527029,220,yes
fy-2026-27-development-book-volume-ii-1091-1097,1091,State Department for Roads,1091182700,Critical Roads XXIII (Critical Roads VIII),1091182748,Kamuwongo-Kandwia Section of B64-Kiswo-Chemiwo,2630200,Capital Grants to Government Agencies and other Levels of Government,exp,74535210,46115312,74535210,93795089,220,yes
fy-2026-27-development-book-volume-ii-1091-1097,1091,State Department for Roads,1091182700,Critical Roads XXIII (Critical Roads VIII),1091182749,Kangundo-Mwala,2630200,Capital Grants to Government Agencies and other Levels of Government,exp,74535210,38727470,74535210,93795089,220,yes
fy-2026-27-development-book-volume-ii-1091-1097,1091,State Department for Roads,1091182700,Critical Roads XXIII (Critical Roads VIII),1091182750,Karia-Ikinu Road,2630200,Capital Grants to Government Agencies and other Levels of Government,exp,38223185,0,0,0,220,yes
fy-2026-27-development-book-volume-ii-1091-1097,1091,State Department for Roads,1091182700,Critical Roads XXIII (Critical Roads VIII),1091182751,Kasikeu and Mikuyu Bridges,2630200,Capital Grants to Government Agencies and other Levels of Government,exp,113669554,47362315,47362315,91788165,220,yes
fy-2026-27-development-book-volume-ii-1091-1097,1091,State Department for Roads,1091182700,Critical Roads XXIII (Critical Roads VIII),1091182752,"Kavatanzou, Isovya, Nzukini,ACKKyuasini-Utaati-Kasayani-Bonus-",2630200,Capital Grants to Government Agencies and other Levels of Government,exp,37435800,0,0,0,220,yes
fy-2026-27-development-book-volume-ii-1091-1097,1091,State Department for Roads,1091182700,Critical Roads XXIII (Critical Roads VIII),1091182753,Kiraiyat-Kiricha bridge,2630200,Capital Grants to Government Agencies and other Levels of Government,exp,28667389,0,0,0,221,yes
fy-2026-27-development-book-volume-ii-1091-1097,1091,State Department for Roads,1091182700,Critical Roads XXIII (Critical Roads VIII),1091182755,Kivani-Ikalyoni-Mutongu-Kiniu-Nzouni-Kiatine-Mutambuukoni-,2630200,Capital Grants to Government Agencies and other Levels of Government,exp,28667389,0,0,0,221,yes
fy-2026-27-development-book-volume-ii-1091-1097,1091,State Department for Roads,1091182700,Critical Roads XXIII (Critical Roads VIII),1091182756,Kongoni-Maiella,2630200,Capital Grants to Government Agencies and other Levels of Government,exp,190115924,79214969,79214969,76759305,221,yes
fy-2026-27-development-book-volume-ii-1091-1097,1091,State Department for Roads,1091182700,Critical Roads XXIII (Critical Roads VIII),1091182757,Mugundoi - Nandi Hills-Kosiage - Cheptulu Roads,2630200,Capital Grants to Government Agencies and other Levels of Government,exp,218783313,91159714,84249224,182319428,221,yes
fy-2026-27-development-book-volume-ii-1091-1097,1091,State Department for Roads,1091182700,Critical Roads XXIII (Critical Roads VIII),1091182758,Lessos Centre-Kilibwoni Junct Road,2630200,Capital Grants to Government Agencies and other Levels of Government,exp,94557963,63245343,39399151,252981370,221,yes
fy-2026-27-development-book-volume-ii-1091-1097,1091,State Department for Roads,1091182700,Critical Roads XXIII (Critical Roads VIII),1091182759,Lions Court - Baraka - Mirera Road,2630200,Capital Grants to Government Agencies and other Levels of Government,exp,37936671,0,0,0,221,yes
fy-2026-27-development-book-volume-ii-1091-1097,1091,State Department for Roads,1091182700,Critical Roads XXIII (Critical Roads VIII),1091182760,Matayos-Nasewa-Bukiri Market -Sioport,2630200,Capital Grants to Government Agencies and other Levels of Government,exp,237894905,27234972,264179222,27234972,221,yes
fy-2026-27-development-book-volume-ii-1091-1097,1091,State Department for Roads,1091182700,Critical Roads XXIII (Critical Roads VIII),1091182761,Mathare Access Roads,2630200,Capital Grants to Government Agencies and other Levels of Government,exp,98493597,0,0,0,221,yes
fy-2026-27-development-book-volume-ii-1091-1097,1091,State Department for Roads,1091182700,Critical Roads XXIII (Critical Roads VIII),1091182762,Matumbei-Kimoson-Posta,2630200,Capital Grants to Government Agencies and other Levels of Government,exp,113669554,47362315,47362315,91788165,221,yes
fy-2026-27-development-book-volume-ii-1091-1097,1091,State Department for Roads,1091182700,Critical Roads XXIII (Critical Roads VIII),1091182763,Mbombo - Maregua Ridge Road,2630200,Capital Grants to Government Agencies and other Levels of Government,exp,9555796,0,0,0,221,yes
fy-2026-27-development-book-volume-ii-1091-1097,1091,State Department for Roads,1091182700,Critical Roads XXIII (Critical Roads VIII),1091182764,Murruming of Barbarchun - Kambi Nyasi -Ossen - Kilingot-Keturwo,2630200,Capital Grants to Government Agencies and other Levels of Government,exp,59053861,0,0,0,222,yes
fy-2026-27-development-book-volume-ii-1091-1097,1091,State Department for Roads,1091182700,Critical Roads XXIII (Critical Roads VIII),1091182765,Ndumbuini - Kanyiriri - Gitaru Road,2630200,Capital Grants to Government Agencies and other Levels of Government,exp,67532129,0,0,0,222,yes
fy-2026-27-development-book-volume-ii-1091-1097,1091,State Department for Roads,1091182700,Critical Roads XXIII (Critical Roads VIII),1091182766,Nyabigena-Matangamano-Nyakorere-Nyamarambe,2630200,Capital Grants to Government Agencies and other Levels of Government,exp,64841751,0,0,0,222,yes
fy-2026-27-development-book-volume-ii-1091-1097,1091,State Department for Roads,1091182700,Critical Roads XXIII (Critical Roads VIII),1091182767,Nyangombe-Mondoiwet Bridge,2630200,Capital Grants to Government Agencies and other Levels of Government,exp,23889490,0,0,0,222,yes
fy-2026-27-development-book-volume-ii-1091-1097,1091,State Department for Roads,1091182700,Critical Roads XXIII (Critical Roads VIII),1091182768,Phase 2 Maraa-Mworoga -Mitunguu-Kionyo-Kanyakine,2630200,Capital Grants to Government Agencies and other Levels of Government,exp,95557963,37440368,33171565,74880735,222,yes
fy-2026-27-development-book-volume-ii-1091-1097,1091,State Department for Roads,1091182700,Critical Roads XXIII (Critical Roads VIII),1091182769,Rai - Kaplelach - Chesengweny - Nyaberi - Simbi,2630200,Capital Grants to Government Agencies and other Levels of Government,exp,137559045,52343055,35727625,104686108,222,yes
fy-2026-27-development-book-volume-ii-1091-1097,1091,State Department for Roads,1091182700,Critical Roads XXIII (Critical Roads VIII),1091182770,Mauche- Bombo - Olenguruone-Kiptagich-Silibwet(D319),2630200,Capital Grants to Government Agencies and other Levels of Government,exp,191071504,130192401,92866286,260384801,222,yes
fy-2026-27-development-book-volume-ii-1091-1097,1091,State Department for Roads,1091182700,Critical Roads XXIII (Critical Roads VIII),1091182771,Tenwek Loop and Access Roads,2630200,Capital Grants to Government Agencies and other Levels of Government,exp,93501946,38959145,38959145,75502822,222,yes
fy-2026-27-development-book-volume-ii-1091-1097,1091,State Department for Roads,1091182700,Critical Roads XXIII (Critical Roads VIII),1091182772,Thim Katindi Culvert & Aigo Box Culvert,2630200,Capital Grants to Government Agencies and other Levels of Government,exp,17998604,0,0,0,222,yes
fy-2026-27-development-book-volume-ii-1091-1097,1091,State Department for Roads,1091182700,Critical Roads XXIII (Critical Roads VIII),1091182773,Ukia-Emali,2630200,Capital Grants to Government Agencies and other Levels of Government,exp,113669554,53860090,113669554,143041737,222,yes
fy-2026-27-development-book-volume-ii-1091-1097,1091,State Department for Roads,1091182700,Critical Roads XXIII (Critical Roads VIII),1091182774,Gacharage - Kagongo- St. Angela Secondary School Road (5 KM),2630200,Capital Grants to Government Agencies and other Levels of Government,exp,81038554,16986137,20603088,45278987,222,yes
fy-2026-27-development-book-volume-ii-1091-1097,1091,State Department for Roads,1091182700,Critical Roads XXIII (Critical Roads VIII),1091182775,Sikusi - Mukhweya - Lurende-Katenya Junction (9Km),2630200,Capital Grants to Government Agencies and other Levels of Government,exp,136827023,39681057,51906246,79362112,223,yes
fy-2026-27-development-book-volume-ii-1091-1097,1091,State Department for Roads,1091182700,Critical Roads XXIII (Critical Roads VIII),1091182776,Kapsorok - Sondu - Kipkok - Mindililwet-Koilsir,2630200,Capital Grants to Government Agencies and other Levels of Government,exp,113383041,44725903,62841251,89451804,223,yes
fy-2026-27-development-book-volume-ii-1091-1097,1091,State Department for Roads,1091182700,Critical Roads XXIII (Critical Roads VIII),1091182777,Upgrade to Bitumen Standard of Masaek - KDF- Kaboriot 20KM Road,2630200,Capital Grants to Government Agencies and other Levels of Government,exp,113383041,42498272,42233237,84996544,223,yes
fy-2026-27-development-book-volume-ii-1091-1097,1091,State Department for Roads,1091182700,Critical Roads XXIII (Critical Roads VIII),1091182778,Upgrade to Bitumen Standard of Selia - Turbo,2630200,Capital Grants to Government Agencies and other Levels of Government,exp,113383041,34830284,37853747,69660566,223,yes
fy-2026-27-development-book-volume-ii-1091-1097,1091,State Department for Roads,1091182700,Critical Roads XXIII (Critical Roads VIII),1091182779,Seretut Junction - TTI - Chepkutbei-Kapsoit -Kapnandet- Kotab Chago,2630200,Capital Grants to Government Agencies and other Levels of Government,exp,122652323,75132949,47789603,150265897,223,yes
fy-2026-27-development-book-volume-ii-1091-1097,1091,State Department for Roads,1091182700,Critical Roads XXIII (Critical Roads VIII),1091182780,Solian-Lebolos-Naitili-Kiplombe-Esageri-Heavy Murram Road,2630200,Capital Grants to Government Agencies and other Levels of Government,exp,113669554,151500000,92709172,200352407,223,yes
fy-2026-27-development-book-volume-ii-1091-1097,1091,State Department for Roads,1091182700,Critical Roads XXIII (Critical Roads VIII),1091182781,Upgrade to tarmac of the Turbo-Kaiboi-Kimondi-Chepterit Road,2630200,Capital Grants to Government Agencies and other Levels of Government,exp,122652323,86465741,74717684,172931481,223,yes
fy-2026-27-development-book-volume-ii-1091-1097,1091,State Department for Roads,1091182700,Critical Roads XXIII (Critical Roads VIII),1091182782,Upgrading to Bitumen Standard of 7KM Gachuriri - Kiritiri,2630200,Capital Grants to Government Agencies and other Levels of Government,exp,80268688,32887526,22008997,65775051,223,yes
fy-2026-27-development-book-volume-ii-1091-1097,1091,State Department for Roads,1091182700,Critical Roads XXIII (Critical Roads VIII),1091182783,Upgrading to Bitumen Standard of Ainamoi Centre - Kapsaos Road,2630200,Capital Grants to Government Agencies and other Levels of Government,exp,123225350,41434567,31915292,82869132,223,yes
fy-2026-27-development-book-volume-ii-1091-1097,1091,State Department for Roads,1091182700,Critical Roads XXIII (Critical Roads VIII),1091182784,Tegat Junction - Kaplelit - Kokwet - Toroton Road,2630200,Capital Grants to Government Agencies and other Levels of Government,exp,123225350,62868299,42822496,125736597,223,yes
fy-2026-27-development-book-volume-ii-1091-1097,1091,State Department for Roads,1091182700,Critical Roads XXIII (Critical Roads VIII),1091182785,Makutano - Londiani-Furaha - Kamwingi 2 Roads,2630200,Capital Grants to Government Agencies and other Levels of Government,exp,142336943,43762999,31501089,87525998,224,yes
fy-2026-27-development-book-volume-ii-1091-1097,1091,State Department for Roads,1091182700,Critical Roads XXIII (Critical Roads VIII),1091182787,Zombe-Chuluni,2630200,Capital Grants to Government Agencies and other Levels of Government,exp,142336943,160234567,142336943,179116771,224,yes
fy-2026-27-development-book-volume-ii-1091-1097,1091,State Department for Roads,1091182700,Critical Roads XXIII (Critical Roads VIII),1091182788,Access Kayole - Untity,2630200,Capital Grants to Government Agencies and other Levels of Government,exp,15000000,0,0,0,224,yes
fy-2026-27-development-book-volume-ii-1091-1097,1091,State Department for Roads,1091182700,Critical Roads XXIII (Critical Roads VIII),1091182789,ACK Nduva-Itabua,2630200,Capital Grants to Government Agencies and other Levels of Government,exp,8000000,0,0,0,224,yes
fy-2026-27-development-book-volume-ii-1091-1097,1091,State Department for Roads,1091182700,Critical Roads XXIII (Critical Roads VIII),1091182790,Cura ACK Road,2630200,Capital Grants to Government Agencies and other Levels of Government,exp,8500000,0,0,0,224,yes
fy-2026-27-development-book-volume-ii-1091-1097,1091,State Department for Roads,1091182700,Critical Roads XXIII (Critical Roads VIII),1091182791,Esikumo-Madende,2630200,Capital Grants to Government Agencies and other Levels of Government,exp,8000000,0,0,0,224,yes
fy-2026-27-development-book-volume-ii-1091-1097,1091,State Department for Roads,1091182700,Critical Roads XXIII (Critical Roads VIII),1091182792,Gatuto - Kiamuthambi,2630200,Capital Grants to Government Agencies and other Levels of Government,exp,20000000,0,0,0,224,yes
fy-2026-27-development-book-volume-ii-1091-1097,1091,State Department for Roads,1091182700,Critical Roads XXIII (Critical Roads VIII),1091182793,"Glass Lane Road (Oloosirkon, Tuala off Rongai)",2630200,Capital Grants to Government Agencies and other Levels of Government,exp,10000000,0,0,0,224,yes
fy-2026-27-development-book-volume-ii-1091-1097,1091,State Department for Roads,1091182700,Critical Roads XXIII (Critical Roads VIII),1091182794,Gwa Chemu -Mutamaiyu Secondary,2630200,Capital Grants to Government Agencies and other Levels of Government,exp,20000000,0,0,0,224,yes
fy-2026-27-development-book-volume-ii-1091-1097,1091,State Department for Roads,1091182700,Critical Roads XXIII (Critical Roads VIII),1091182795,Inooro +D40:F45 Secondary - Baraka,2630200,Capital Grants to Government Agencies and other Levels of Government,exp,20000000,0,0,0,224,yes
fy-2026-27-development-book-volume-ii-1091-1097,1091,State Department for Roads,1091182700,Critical Roads XXIII (Critical Roads VIII),1091182796,Ithangawe Primary Sch.- Kwamurevu,2630200,Capital Grants to Government Agencies and other Levels of Government,exp,8000000,0,0,0,224,yes
fy-2026-27-development-book-volume-ii-1091-1097,1091,State Department for Roads,1091182700,Critical Roads XXIII (Critical Roads VIII),1091182797,Junction A104- Baboon Crescent (Kibiko),2630200,Capital Grants to Government Agencies and other Levels of Government,exp,14250000,0,0,0,225,yes
fy-2026-27-development-book-volume-ii-1091-1097,1091,State Department for Roads,1091182700,Critical Roads XXIII (Critical Roads VIII),1091182798,Kaiba - Karungu Bay Road,2630200,Capital Grants to Government Agencies and other Levels of Government,exp,20000000,0,0,0,225,yes
fy-2026-27-development-book-volume-ii-1091-1097,1091,State Department for Roads,1091182700,Critical Roads XXIII (Critical Roads VIII),1091182799,Kakimirai Dispensary - Chambori,2630200,Capital Grants to Government Agencies and other Levels of Government,exp,15000000,0,0,0,225,yes
fy-2026-27-development-book-volume-ii-1091-1097,1091,State Department for Roads,1091182800,Critical Roads XXIII (Critical Roads VIV),1091182801,Kambirwa -KPLC Site,2630200,Capital Grants to Government Agencies and other Levels of Government,exp,20000000,0,0,0,225,yes
fy-2026-27-development-book-volume-ii-1091-1097,1091,State Department for Roads,1091182800,Critical Roads XXIII (Critical Roads VIV),1091182802,Kamuguga Market-Perozi loop Roads,2630200,Capital Grants to Government Agencies and other Levels of Government,exp,20000000,0,0,0,225,yes
fy-2026-27-development-book-volume-ii-1091-1097,1091,State Department for Roads,1091182800,Critical Roads XXIII (Critical Roads VIV),1091182803,Kamutei-Maluma,2630200,Capital Grants to Government Agencies and other Levels of Government,exp,20000000,0,0,0,225,yes
fy-2026-27-development-book-volume-ii-1091-1097,1091,State Department for Roads,1091182800,Critical Roads XXIII (Critical Roads VIV),1091182804,Karuri-Muthurwa Secondary School Road,2630200,Capital Grants to Government Agencies and other Levels of Government,exp,45000000,0,0,0,225,yes
fy-2026-27-development-book-volume-ii-1091-1097,1091,State Department for Roads,1091182800,Critical Roads XXIII (Critical Roads VIV),1091182805,Kasara - Bridge,2630200,Capital Grants to Government Agencies and other Levels of Government,exp,15000000,0,0,0,225,yes
fy-2026-27-development-book-volume-ii-1091-1097,1091,State Department for Roads,1091182800,Critical Roads XXIII (Critical Roads VIV),1091182806,Kathanje - Kivue Road,2630200,Capital Grants to Government Agencies and other Levels of Government,exp,10000000,0,0,0,225,yes
fy-2026-27-development-book-volume-ii-1091-1097,1091,State Department for Roads,1091182800,Critical Roads XXIII (Critical Roads VIV),1091182807,Kathimu-Kwambui,2630200,Capital Grants to Government Agencies and other Levels of Government,exp,8000000,0,0,0,226,yes
fy-2026-27-development-book-volume-ii-1091-1097,1091,State Department for Roads,1091182800,Critical Roads XXIII (Critical Roads VIV),1091182808,KCC Nyeri - Kiganjo Town,2630200,Capital Grants to Government Agencies and other Levels of Government,exp,20000000,0,0,0,226,yes
fy-2026-27-development-book-volume-ii-1091-1097,1091,State Department for Roads,1091182800,Critical Roads XXIII (Critical Roads VIV),1091182809,Kianyaga - Babla,2630200,Capital Grants to Government Agencies and other Levels of Government,exp,15000000,0,0,0,226,yes
fy-2026-27-development-book-volume-ii-1091-1097,1091,State Department for Roads,1091182800,Critical Roads XXIII (Critical Roads VIV),1091182810,Kikopey-Elementaita Center,2630200,Capital Grants to Government Agencies and other Levels of Government,exp,25000000,0,0,0,226,yes
fy-2026-27-development-book-volume-ii-1091-1097,1091,State Department for Roads,1091182800,Critical Roads XXIII (Critical Roads VIV),1091182811,Kiusyani-Mandogoi,2630200,Capital Grants to Government Agencies and other Levels of Government,exp,10000000,0,0,0,226,yes
fy-2026-27-development-book-volume-ii-1091-1097,1091,State Department for Roads,1091182800,Critical Roads XXIII (Critical Roads VIV),1091182812,Langalanga-KDF Factory Road,2630200,Capital Grants to Government Agencies and other Levels of Government,exp,15000000,0,0,0,226,yes
fy-2026-27-development-book-volume-ii-1091-1097,1091,State Department for Roads,1091182800,Critical Roads XXIII (Critical Roads VIV),1091182813,Maluma-Kalivu,2630200,Capital Grants to Government Agencies and other Levels of Government,exp,20000000,0,0,0,226,yes
fy-2026-27-development-book-volume-ii-1091-1097,1091,State Department for Roads,1091182800,Critical Roads XXIII (Critical Roads VIV),1091182814,Mia Moja - Kirurumo,2630200,Capital Grants to Government Agencies and other Levels of Government,exp,20000000,0,0,0,226,yes
fy-2026-27-development-book-volume-ii-1091-1097,1091,State Department for Roads,1091182800,Critical Roads XXIII (Critical Roads VIV),1091182815,Mukororia- Cieria,2630200,Capital Grants to Government Agencies and other Levels of Government,exp,10000000,0,0,0,226,yes
fy-2026-27-development-book-volume-ii-1091-1097,1091,State Department for Roads,1091182800,Critical Roads XXIII (Critical Roads VIV),1091182816,Mutomo-Kamutei,2630200,Capital Grants to Government Agencies and other Levels of Government,exp,10000000,0,0,0,226,yes
fy-2026-27-development-book-volume-ii-1091-1097,1091,State Department for Roads,1091182800,Critical Roads XXIII (Critical Roads VIV),1091182817,Ngaramiye Loop Roads,2630200,Capital Grants to Government Agencies and other Levels of Government,exp,20000000,0,0,0,226,yes
fy-2026-27-development-book-volume-ii-1091-1097,1091,State Department for Roads,1091182800,Critical Roads XXIII (Critical Roads VIV),1091182818,Northern Bypass Corner- Green Valley Road,2630200,Capital Grants to Government Agencies and other Levels of Government,exp,50000000,0,0,0,227,yes
fy-2026-27-development-book-volume-ii-1091-1097,1091,State Department for Roads,1091182800,Critical Roads XXIII (Critical Roads VIV),1091182819,Nyakoe Kioge - Matongo Road,2630200,Capital Grants to Government Agencies and other Levels of Government,exp,10000000,0,0,0,227,yes
fy-2026-27-development-book-volume-ii-1091-1097,1091,State Department for Roads,1091182800,Critical Roads XXIII (Critical Roads VIV),1091182820,Ole Muyaa,2630200,Capital Grants to Government Agencies and other Levels of Government,exp,20000000,0,0,0,227,yes
fy-2026-27-development-book-volume-ii-1091-1097,1091,State Department for Roads,1091182800,Critical Roads XXIII (Critical Roads VIV),1091182821,Rurii-Kabwe-Mitundu,2630200,Capital Grants to Government Agencies and other Levels of Government,exp,40000000,0,0,0,227,yes
fy-2026-27-development-book-volume-ii-1091-1097,1091,State Department for Roads,1091182800,Critical Roads XXIII (Critical Roads VIV),1091182822,St.Appolonuis - Emukhuyu,2630200,Capital Grants to Government Agencies and other Levels of Government,exp,8000000,0,0,0,227,yes
fy-2026-27-development-book-volume-ii-1091-1097,1091,State Department for Roads,1091182800,Critical Roads XXIII (Critical Roads VIV),1091182823,Thamanda - Itangini-Kanduma,2630200,Capital Grants to Government Agencies and other Levels of Government,exp,20000000,0,0,0,227,yes
fy-2026-27-development-book-volume-ii-1091-1097,1091,State Department for Roads,1091182800,Critical Roads XXIII (Critical Roads VIV),1091182824,Tilangok-Chepkosa Bridge and Approach Roads,2630200,Capital Grants to Government Agencies and other Levels of Government,exp,20000000,0,0,0,227,yes
fy-2026-27-development-book-volume-ii-1091-1097,1091,State Department for Roads,1091182800,Critical Roads XXIII (Critical Roads VIV),1091182825,Yamugwe Shopping Centre Access,2630200,Capital Grants to Government Agencies and other Levels of Government,exp,15000000,0,0,0,227,yes
fy-2026-27-development-book-volume-ii-1091-1097,1091,State Department for Roads,1091182800,Critical Roads XXIII (Critical Roads VIV),1091182826,Lake Victoria Basin Development Project,2630200,Capital Grants to Government Agencies and other Levels of Government,exp,50000000,380000000,3200000000,13650000000,227,yes
fy-2026-27-development-book-volume-ii-1091-1097,1091,State Department for Roads,1091182800,Critical Roads XXIII (Critical Roads VIV),1091182826,Lake Victoria Basin Development Project,5120200,Foreign Borrowing - Direct Payments,aia,0,0,3000000000,12000000000,227,yes
fy-2026-27-development-book-volume-ii-1091-1097,1091,State Department for Roads,1091182800,Critical Roads XXIII (Critical Roads VIV),1091182827,Roads for Rural Economic Development Project,2630200,Capital Grants to Government Agencies and other Levels of Government,exp,50000000,360000000,500000000,500000000,227,yes
fy-2026-27-development-book-volume-ii-1091-1097,1091,State Department for Roads,1091182800,Critical Roads XXIII (Critical Roads VIV),1091182827,Roads for Rural Economic Development Project,5120200,Foreign Borrowing - Direct Payments,aia,0,0,450000000,450000000,228,yes
fy-2026-27-development-book-volume-ii-1091-1097,1091,State Department for Roads,1091182800,Critical Roads XXIII (Critical Roads VIV),1091182828,Takaba- Wangai Dahan,2630200,Capital Grants to Government Agencies and other Levels of Government,exp,10000000,7715454,0,0,228,yes
fy-2026-27-development-book-volume-ii-1091-1097,1091,State Department for Roads,1091182800,Critical Roads XXIII (Critical Roads VIV),1091182829,Takaba-Arda Hallo,2630200,Capital Grants to Government Agencies and other Levels of Government,exp,10000000,7715454,0,0,228,yes
fy-2026-27-development-book-volume-ii-1091-1097,1091,State Department for Roads,1091182800,Critical Roads XXIII (Critical Roads VIV),1091182830,Arda Hallo-Kubi Hallo,2630200,Capital Grants to Government Agencies and other Levels of Government,exp,10000000,7715454,0,0,228,yes
fy-2026-27-development-book-volume-ii-1091-1097,1091,State Department for Roads,1091182800,Critical Roads XXIII (Critical Roads VIV),1091182831,Kubi Hallo-Argesa Awara,2630200,Capital Grants to Government Agencies and other Levels of Government,exp,10000000,7715454,0,0,228,yes
fy-2026-27-development-book-volume-ii-1091-1097,1091,State Department for Roads,1091182800,Critical Roads XXIII (Critical Roads VIV),1091182832,Dadabo-Gagaba,2630200,Capital Grants to Government Agencies and other Levels of Government,exp,10000000,7715454,0,0,228,yes
fy-2026-27-development-book-volume-ii-1091-1097,1091,State Department for Roads,1091182800,Critical Roads XXIII (Critical Roads VIV),1091182833,Dandu-Didkoba,2630200,Capital Grants to Government Agencies and other Levels of Government,exp,10000000,7715454,0,0,228,yes
fy-2026-27-development-book-volume-ii-1091-1097,1091,State Department for Roads,1091182800,Critical Roads XXIII (Critical Roads VIV),1091182834,Sake-Gither,2630200,Capital Grants to Government Agencies and other Levels of Government,exp,10000000,7715454,0,0,228,yes
fy-2026-27-development-book-volume-ii-1091-1097,1091,State Department for Roads,1091182800,Critical Roads XXIII (Critical Roads VIV),1091182835,Kubadadi-Kokoto,2630200,Capital Grants to Government Agencies and other Levels of Government,exp,10000000,7715454,0,0,228,yes
fy-2026-27-development-book-volume-ii-1091-1097,1091,State Department for Roads,1091182800,Critical Roads XXIII (Critical Roads VIV),1091182836,BullaMpya-Waingai Daha,2630200,Capital Grants to Government Agencies and other Levels of Government,exp,10000000,7715454,0,0,228,yes
fy-2026-27-development-book-volume-ii-1091-1097,1091,State Department for Roads,1091182800,Critical Roads XXIII (Critical Roads VIV),1091182837,Takaba-Bulla Power,2630200,Capital Grants to Government Agencies and other Levels of Government,exp,8000000,7715454,0,0,228,yes
fy-2026-27-development-book-volume-ii-1091-1097,1091,State Department for Roads,1091182800,Critical Roads XXIII (Critical Roads VIV),1091182838,Achae Rach- Nyagona,2630200,Capital Grants to Government Agencies and other Levels of Government,exp,10000000,0,0,0,229,yes
fy-2026-27-development-book-volume-ii-1091-1097,1091,State Department for Roads,1091182800,Critical Roads XXIII (Critical Roads VIV),1091182839,ACK Ateukut Church - Changara Boundary,2630200,Capital Grants to Government Agencies and other Levels of Government,exp,10000000,0,0,0,229,yes
fy-2026-27-development-book-volume-ii-1091-1097,1091,State Department for Roads,1091182800,Critical Roads XXIII (Critical Roads VIV),1091182840,Agudo Bridge,2630200,Capital Grants to Government Agencies and other Levels of Government,exp,20000000,0,0,0,229,yes
fy-2026-27-development-book-volume-ii-1091-1097,1091,State Department for Roads,1091182800,Critical Roads XXIII (Critical Roads VIV),1091182841,Airport-Chepyakwai (UG),2630200,Capital Grants to Government Agencies and other Levels of Government,exp,10000000,0,0,0,229,yes
fy-2026-27-development-book-volume-ii-1091-1097,1091,State Department for Roads,1091182800,Critical Roads XXIII (Critical Roads VIV),1091182842,Alara Dago-Ombasa (Opening with Box Calvert),2630200,Capital Grants to Government Agencies and other Levels of Government,exp,10000000,0,0,0,229,yes
fy-2026-27-development-book-volume-ii-1091-1097,1091,State Department for Roads,1091182800,Critical Roads XXIII (Critical Roads VIV),1091182843,Amani - Twiga,2630200,Capital Grants to Government Agencies and other Levels of Government,exp,20000000,0,0,0,229,yes
fy-2026-27-development-book-volume-ii-1091-1097,1091,State Department for Roads,1091182800,Critical Roads XXIII (Critical Roads VIV),1091182844,Ambasa Bridge,2630200,Capital Grants to Government Agencies and other Levels of Government,exp,20000000,0,0,0,229,yes
fy-2026-27-development-book-volume-ii-1091-1097,1091,State Department for Roads,1091182800,Critical Roads XXIII (Critical Roads VIV),1091182845,Andingo School - Obuongo,2630200,Capital Grants to Government Agencies and other Levels of Government,exp,10000000,0,0,0,229,yes
fy-2026-27-development-book-volume-ii-1091-1097,1091,State Department for Roads,1091182800,Critical Roads XXIII (Critical Roads VIV),1091182846,Angugo - Nyora Road,2630200,Capital Grants to Government Agencies and other Levels of Government,exp,10000000,0,0,0,229,yes
fy-2026-27-development-book-volume-ii-1091-1097,1091,State Department for Roads,1091182800,Critical Roads XXIII (Critical Roads VIV),1091182847,Antut Laqi Rd,2630200,Capital Grants to Government Agencies and other Levels of Government,exp,10000000,0,0,0,229,yes
fy-2026-27-development-book-volume-ii-1091-1097,1091,State Department for Roads,1091182800,Critical Roads XXIII (Critical Roads VIV),1091182848,Ashabito Dcc Road,2630200,Capital Grants to Government Agencies and other Levels of Government,exp,30000000,0,0,0,230,yes
fy-2026-27-development-book-volume-ii-1091-1097,1091,State Department for Roads,1091182800,Critical Roads XXIII (Critical Roads VIV),1091182849,Bambala Fachana Ambala Rd,2630200,Capital Grants to Government Agencies and other Levels of Government,exp,10000000,0,0,0,230,yes
fy-2026-27-development-book-volume-ii-1091-1097,1091,State Department for Roads,1091182800,Critical Roads XXIII (Critical Roads VIV),1091182850,Banisa -Merile Road,2630200,Capital Grants to Government Agencies and other Levels of Government,exp,20000000,0,0,0,230,yes
fy-2026-27-development-book-volume-ii-1091-1097,1091,State Department for Roads,1091182800,Critical Roads XXIII (Critical Roads VIV),1091182851,?Bar- Ober- Urenga - Our,2630200,Capital Grants to Government Agencies and other Levels of Government,exp,10000000,0,0,0,230,yes
fy-2026-27-development-book-volume-ii-1091-1097,1091,State Department for Roads,1091182800,Critical Roads XXIII (Critical Roads VIV),1091182852,?Barwesa - Senebo,2630200,Capital Grants to Government Agencies and other Levels of Government,exp,10000000,0,0,0,230,yes
fy-2026-27-development-book-volume-ii-1091-1097,1091,State Department for Roads,1091182800,Critical Roads XXIII (Critical Roads VIV),1091182853,Bohorera- Gekamiri Road,2630200,Capital Grants to Government Agencies and other Levels of Government,exp,20000000,0,0,0,230,yes
fy-2026-27-development-book-volume-ii-1091-1097,1091,State Department for Roads,1091182800,Critical Roads XXIII (Critical Roads VIV),1091182854,Bongu- Agao-Awach,2630200,Capital Grants to Government Agencies and other Levels of Government,exp,10000000,0,0,0,230,yes
fy-2026-27-development-book-volume-ii-1091-1097,1091,State Department for Roads,1091182800,Critical Roads XXIII (Critical Roads VIV),1091182855,Bukiri-ndenga-Nyalenya,2630200,Capital Grants to Government Agencies and other Levels of Government,exp,20000000,0,0,0,230,yes
fy-2026-27-development-book-volume-ii-1091-1097,1091,State Department for Roads,1091182800,Critical Roads XXIII (Critical Roads VIV),1091182856,Bungu Mahena-Uradi Primary- Kasumba- Pefa Church- Ulanda Girls,2630200,Capital Grants to Government Agencies and other Levels of Government,exp,10000000,0,0,0,230,yes
fy-2026-27-development-book-volume-ii-1091-1097,1091,State Department for Roads,1091182800,Critical Roads XXIII (Critical Roads VIV),1091182857,Cadcadka - Ali Jirdesa Road,2630200,Capital Grants to Government Agencies and other Levels of Government,exp,20000000,0,0,0,230,yes
fy-2026-27-development-book-volume-ii-1091-1097,1091,State Department for Roads,1091182800,Critical Roads XXIII (Critical Roads VIV),1091182858,Canada - Nyabirangacha-Iraha - Gosese - Moheto - Gukiguku Road,2630200,Capital Grants to Government Agencies and other Levels of Government,exp,20000000,0,0,0,230,yes
fy-2026-27-development-book-volume-ii-1091-1097,1091,State Department for Roads,1091182800,Critical Roads XXIII (Critical Roads VIV),1091182859,Charagita Centre- Charagita Primary Road,2630200,Capital Grants to Government Agencies and other Levels of Government,exp,20000000,0,0,0,231,yes
fy-2026-27-development-book-volume-ii-1091-1097,1091,State Department for Roads,1091182800,Critical Roads XXIII (Critical Roads VIV),1091182860,Cheboyo- Kapsinendet-Kipsirat and Kipsirat Primary Road,2630200,Capital Grants to Government Agencies and other Levels of Government,exp,8000000,0,0,0,231,yes
fy-2026-27-development-book-volume-ii-1091-1097,1091,State Department for Roads,1091182800,Critical Roads XXIII (Critical Roads VIV),1091182861,Chebunyo - Kamusanga- Borut,2630200,Capital Grants to Government Agencies and other Levels of Government,exp,8000000,0,0,0,231,yes
fy-2026-27-development-book-volume-ii-1091-1097,1091,State Department for Roads,1091182800,Critical Roads XXIII (Critical Roads VIV),1091182862,Chemeril Nyakunguru Ombeyi Rd,2630200,Capital Grants to Government Agencies and other Levels of Government,exp,15000000,0,0,0,231,yes
fy-2026-27-development-book-volume-ii-1091-1097,1091,State Department for Roads,1091182800,Critical Roads XXIII (Critical Roads VIV),1091182863,Chemintany - Koiser,2630200,Capital Grants to Government Agencies and other Levels of Government,exp,20000000,0,0,0,231,yes
fy-2026-27-development-book-volume-ii-1091-1097,1091,State Department for Roads,1091182800,Critical Roads XXIII (Critical Roads VIV),1091182864,Chiga-Masawa-Obino,2630200,Capital Grants to Government Agencies and other Levels of Government,exp,10000000,0,0,0,231,yes
fy-2026-27-development-book-volume-ii-1091-1097,1091,State Department for Roads,1091182800,Critical Roads XXIII (Critical Roads VIV),1091182865,Cinema Gul Kagembe Rangwe Road,2630200,Capital Grants to Government Agencies and other Levels of Government,exp,20000000,0,0,0,231,yes
fy-2026-27-development-book-volume-ii-1091-1097,1091,State Department for Roads,1091182800,Critical Roads XXIII (Critical Roads VIV),1091182866,Daidai Jikow,2630200,Capital Grants to Government Agencies and other Levels of Government,exp,30000000,0,0,0,231,yes
fy-2026-27-development-book-volume-ii-1091-1097,1091,State Department for Roads,1091182800,Critical Roads XXIII (Critical Roads VIV),1091182867,Daresalam Habrirow,2630200,Capital Grants to Government Agencies and other Levels of Government,exp,20000000,0,0,0,231,yes
fy-2026-27-development-book-volume-ii-1091-1097,1091,State Department for Roads,1091182800,Critical Roads XXIII (Critical Roads VIV),1091182868,Dawa Secondary Access Road,2630200,Capital Grants to Government Agencies and other Levels of Government,exp,15000000,0,0,0,231,yes
fy-2026-27-development-book-volume-ii-1091-1097,1091,State Department for Roads,1091182800,Critical Roads XXIII (Critical Roads VIV),1091182869,E9066 Sibanga - Toloso - Sengeteti Road,2630200,Capital Grants to Government Agencies and other Levels of Government,exp,10000000,0,0,0,232,yes
fy-2026-27-development-book-volume-ii-1091-1097,1091,State Department for Roads,1091182800,Critical Roads XXIII (Critical Roads VIV),1091182870,Ebukobelo Primary -Ilonje-Radio Anyole-Ebusioya,2630200,Capital Grants to Government Agencies and other Levels of Government,exp,10000000,0,0,0,232,yes
fy-2026-27-development-book-volume-ii-1091-1097,1091,State Department for Roads,1091182800,Critical Roads XXIII (Critical Roads VIV),1091182871,Ekisegere - Kajei- Ikapolok Road,2630200,Capital Grants to Government Agencies and other Levels of Government,exp,10000000,0,0,0,232,yes
fy-2026-27-development-book-volume-ii-1091-1097,1091,State Department for Roads,1091182800,Critical Roads XXIII (Critical Roads VIV),1091182872,Eldas TTC-Arjek Road,2630200,Capital Grants to Government Agencies and other Levels of Government,exp,20000000,0,0,0,232,yes
fy-2026-27-development-book-volume-ii-1091-1097,1091,State Department for Roads,1091182800,Critical Roads XXIII (Critical Roads VIV),1091182873,Eldere-Alisagar Road (Lagdera),2630200,Capital Grants to Government Agencies and other Levels of Government,exp,20000000,0,0,0,232,yes
fy-2026-27-development-book-volume-ii-1091-1097,1091,State Department for Roads,1091182800,Critical Roads XXIII (Critical Roads VIV),1091182874,Elgon-Tindo - Mbeme,2630200,Capital Grants to Government Agencies and other Levels of Government,exp,10000000,0,0,0,232,yes
fy-2026-27-development-book-volume-ii-1091-1097,1091,State Department for Roads,1091182800,Critical Roads XXIII (Critical Roads VIV),1091182875,Elwak-El Kala Mandera South Constituency - Mandera County,2630200,Capital Grants to Government Agencies and other Levels of Government,exp,20000000,0,0,0,232,yes
fy-2026-27-development-book-volume-ii-1091-1097,1091,State Department for Roads,1091182800,Critical Roads XXIII (Critical Roads VIV),1091182876,Emako/mulufu/musoli,2630200,Capital Grants to Government Agencies and other Levels of Government,exp,20000000,0,0,0,232,yes
fy-2026-27-development-book-volume-ii-1091-1097,1091,State Department for Roads,1091182800,Critical Roads XXIII (Critical Roads VIV),1091182877,Ematex - Ngaru - Kirinyaga County,2630200,Capital Grants to Government Agencies and other Levels of Government,exp,10000000,0,0,0,232,yes
fy-2026-27-development-book-volume-ii-1091-1097,1091,State Department for Roads,1091182800,Critical Roads XXIII (Critical Roads VIV),1091182878,Emuruba/Mwibelenya Foot Bridge KeRRA,2630200,Capital Grants to Government Agencies and other Levels of Government,exp,20000000,0,0,0,232,yes
fy-2026-27-development-book-volume-ii-1091-1097,1091,State Department for Roads,1091182800,Critical Roads XXIII (Critical Roads VIV),1091182879,Farakoren- Ilaut Junction to Lmekinya Korr Junction,2630200,Capital Grants to Government Agencies and other Levels of Government,exp,20000000,0,0,0,232,yes
fy-2026-27-development-book-volume-ii-1091-1097,1091,State Department for Roads,1091182800,Critical Roads XXIII (Critical Roads VIV),1091182880,Fino - Cadcadka Road,2630200,Capital Grants to Government Agencies and other Levels of Government,exp,20000000,0,0,0,233,yes
fy-2026-27-development-book-volume-ii-1091-1097,1091,State Department for Roads,1091182800,Critical Roads XXIII (Critical Roads VIV),1091182881,G9766 Kulisiru - Ndakaru - C814 Machakha Road,2630200,Capital Grants to Government Agencies and other Levels of Government,exp,10000000,0,0,0,233,yes
fy-2026-27-development-book-volume-ii-1091-1097,1091,State Department for Roads,1091182800,Critical Roads XXIII (Critical Roads VIV),1091182882,Gagra - Ndigwa - Gudwa Beach,2630200,Capital Grants to Government Agencies and other Levels of Government,exp,100000000,0,0,0,233,yes
fy-2026-27-development-book-volume-ii-1091-1097,1091,State Department for Roads,1091182800,Critical Roads XXIII (Critical Roads VIV),1091182883,Garage-Sosiyo,2630200,Capital Grants to Government Agencies and other Levels of Government,exp,10000000,0,0,0,233,yes
fy-2026-27-development-book-volume-ii-1091-1097,1091,State Department for Roads,1091182800,Critical Roads XXIII (Critical Roads VIV),1091182884,Gatura - Muthandi - Muranga County,2630200,Capital Grants to Government Agencies and other Levels of Government,exp,10000000,0,0,0,233,yes
fy-2026-27-development-book-volume-ii-1091-1097,1091,State Department for Roads,1091182800,Critical Roads XXIII (Critical Roads VIV),1091182885,Gatuto - Kamuthambi - Kirinyaga County,2630200,Capital Grants to Government Agencies and other Levels of Government,exp,10000000,0,0,0,233,yes
fy-2026-27-development-book-volume-ii-1091-1097,1091,State Department for Roads,1091182800,Critical Roads XXIII (Critical Roads VIV),1091182886,Giitune - Karindine - Mujwa - Gitie - Mituugu - 16KM (Murram road),2630200,Capital Grants to Government Agencies and other Levels of Government,exp,10000000,0,0,0,233,yes
fy-2026-27-development-book-volume-ii-1091-1097,1091,State Department for Roads,1091182800,Critical Roads XXIII (Critical Roads VIV),1091182887,Godfa Gurdubo,2630200,Capital Grants to Government Agencies and other Levels of Government,exp,30000000,0,0,0,233,yes
fy-2026-27-development-book-volume-ii-1091-1097,1091,State Department for Roads,1091182800,Critical Roads XXIII (Critical Roads VIV),1091182888,Gombe - Wagusu- Nyaguda,2630200,Capital Grants to Government Agencies and other Levels of Government,exp,20000000,0,0,0,233,yes
fy-2026-27-development-book-volume-ii-1091-1097,1091,State Department for Roads,1091182800,Critical Roads XXIII (Critical Roads VIV),1091182889,Habrirow Bananey,2630200,Capital Grants to Government Agencies and other Levels of Government,exp,20000000,0,0,0,233,yes
fy-2026-27-development-book-volume-ii-1091-1097,1091,State Department for Roads,1091182800,Critical Roads XXIII (Critical Roads VIV),1091182890,Harar Aminguray,2630200,Capital Grants to Government Agencies and other Levels of Government,exp,15000000,0,0,0,234,yes
fy-2026-27-development-book-volume-ii-1091-1097,1091,State Department for Roads,1091182800,Critical Roads XXIII (Critical Roads VIV),1091182891,Holo Pap Kojuki Rd,2630200,Capital Grants to Government Agencies and other Levels of Government,exp,10000000,0,0,0,234,yes
fy-2026-27-development-book-volume-ii-1091-1097,1091,State Department for Roads,1091182800,Critical Roads XXIII (Critical Roads VIV),1091182892,Imbo - Maguje Road,2630200,Capital Grants to Government Agencies and other Levels of Government,exp,10000000,0,0,0,234,yes
fy-2026-27-development-book-volume-ii-1091-1097,1091,State Department for Roads,1091182800,Critical Roads XXIII (Critical Roads VIV),1091182893,Jabali - Saos - Tenai Rd,2630200,Capital Grants to Government Agencies and other Levels of Government,exp,25000000,0,0,0,234,yes
fy-2026-27-development-book-volume-ii-1091-1097,1091,State Department for Roads,1091182800,Critical Roads XXIII (Critical Roads VIV),1091182894,Jikapotea- Maendeleo,2630200,Capital Grants to Government Agencies and other Levels of Government,exp,10000000,0,0,0,234,yes
fy-2026-27-development-book-volume-ii-1091-1097,1091,State Department for Roads,1091182800,Critical Roads XXIII (Critical Roads VIV),1091182895,Jikow Lanqura,2630200,Capital Grants to Government Agencies and other Levels of Government,exp,30000000,0,0,0,234,yes
fy-2026-27-development-book-volume-ii-1091-1097,1091,State Department for Roads,1091182800,Critical Roads XXIII (Critical Roads VIV),1091182896,JnB45- Lutaso,2630200,Capital Grants to Government Agencies and other Levels of Government,exp,20000000,0,0,0,234,yes
fy-2026-27-development-book-volume-ii-1091-1097,1091,State Department for Roads,1091182800,Critical Roads XXIII (Critical Roads VIV),1091182897,Junction A2 Bori Rd,2630200,Capital Grants to Government Agencies and other Levels of Government,exp,10000000,0,0,0,234,yes
fy-2026-27-development-book-volume-ii-1091-1097,1091,State Department for Roads,1091182800,Critical Roads XXIII (Critical Roads VIV),1091182898,Junction Damasa,2630200,Capital Grants to Government Agencies and other Levels of Government,exp,10000000,0,0,0,234,yes
fy-2026-27-development-book-volume-ii-1091-1097,1091,State Department for Roads,1091182800,Critical Roads XXIII (Critical Roads VIV),1091182899,Kabiru - Murugi - Gwa Mbara - Gwa Gacoga - 11KM (Murram earth,2630200,Capital Grants to Government Agencies and other Levels of Government,exp,10000000,0,0,0,234,yes
fy-2026-27-development-book-volume-ii-1091-1097,1091,State Department for Roads,1091182900,Consultancy Services for Roads Projects,1091182901,Consultancy Services:HOADGP:Wajir-Kotulooads Projects,2630200,Capital Grants to Government Agencies and other Levels of Government,exp,252152587,0,0,0,235,yes
fy-2026-27-development-book-volume-ii-1091-1097,1091,State Department for Roads,1091182900,Consultancy Services for Roads Projects,1091182902,Consultancy Services:HOADGP:Kotulo-Dabasati Road,2630200,Capital Grants to Government Agencies and other Levels of Government,exp,144000000,0,0,0,235,yes
fy-2026-27-development-book-volume-ii-1091-1097,1091,State Department for Roads,1091182900,Consultancy Services for Roads Projects,1091182903,Consultancy Services:HOADGP:Dabasiti-Elwak Road,2630200,Capital Grants to Government Agencies and other Levels of Government,exp,140289533,0,0,0,235,yes
fy-2026-27-development-book-volume-ii-1091-1097,1091,State Department for Roads,1091182900,Consultancy Services for Roads Projects,1091182904,Consultancy services:JN A1 (Makutano) Lokitaung,2630200,Capital Grants to Government Agencies and other Levels of Government,exp,0,263944099,0,0,235,yes
fy-2026-27-development-book-volume-ii-1091-1097,1091,State Department for Roads,1091182900,Consultancy Services for Roads Projects,1091182905,Consultancy Services: Lomut Lokwamosing (B118)-Lokwamosing,2630200,Capital Grants to Government Agencies and other Levels of Government,exp,0,180261040,0,0,235,yes
fy-2026-27-development-book-volume-ii-1091-1097,1091,State Department for Roads,1091182900,Consultancy Services for Roads Projects,1091182906,"Consultancy Services:Dif-Wajir,Wajir Buna & Moyale Roads",2630200,Capital Grants to Government Agencies and other Levels of Government,exp,0,120485031,0,0,235,yes
fy-2026-27-development-book-volume-ii-1091-1097,1091,State Department for Roads,1091182900,Consultancy Services for Roads Projects,1091182907,Consultancy Services :Design Gilgil - Nyahururu,2630200,Capital Grants to Government Agencies and other Levels of Government,exp,0,180366440,0,0,235,yes
fy-2026-27-development-book-volume-ii-1091-1097,1091,State Department for Roads,1091182900,Consultancy Services for Roads Projects,1091182909,Consultancy Services: Kitui (A9/A3) Ukasi Garissa Modika junction,2630200,Capital Grants to Government Agencies and other Levels of Government,exp,0,112775200,0,0,235,yes
fy-2026-27-development-book-volume-ii-1091-1097,1091,State Department for Roads,1091182900,Consultancy Services for Roads Projects,1091182910,Consultancy Services: Kitui junction Garissa Modika junction (A3),2630200,Capital Grants to Government Agencies and other Levels of Government,exp,0,99986200,0,0,235,yes
fy-2026-27-development-book-volume-ii-1091-1097,1091,State Department for Roads,1091182900,Consultancy Services for Roads Projects,1091182911,Consultancy Services :Baricho Bridge and Approach Roads (D553),2630200,Capital Grants to Government Agencies and other Levels of Government,exp,0,136991711,11644296,13274497,235,yes
fy-2026-27-development-book-volume-ii-1091-1097,1091,State Department for Roads,1091182900,Consultancy Services for Roads Projects,1091182912,Consultancy services :GilGil - Machinery Road,2630200,Capital Grants to Government Agencies and other Levels of Government,exp,0,60899798,13607308,15512331,236,yes
fy-2026-27-development-book-volume-ii-1091-1097,1091,State Department for Roads,1091182900,Consultancy Services for Roads Projects,1091182913,Consultancy Services:Outering Road (C59) in Nairobi City County,2630200,Capital Grants to Government Agencies and other Levels of Government,exp,0,54250000,0,0,236,yes
fy-2026-27-development-book-volume-ii-1091-1097,1091,State Department for Roads,1091183000,Nairobi Intelligent Transport System (ITS) Phase III,1091183001,Nairobi Intelligent Transport System (ITS) Phase III,2630200,Capital Grants to Government Agencies and other Levels of Government,exp,4966097358,1175000000,1150000000,3000000000,236,yes
fy-2026-27-development-book-volume-ii-1091-1097,1091,State Department for Roads,1091183000,Nairobi Intelligent Transport System (ITS) Phase III,1091183001,Nairobi Intelligent Transport System (ITS) Phase III,5120200,Foreign Borrowing - Direct Payments,aia,4850000000,1100000000,1000000000,2550000000,236,yes
fy-2026-27-development-book-volume-ii-1091-1097,1091,State Department for Roads,1091183100,South C Road,1091183101,South C Road,2630200,Capital Grants to Government Agencies and other Levels of Government,exp,100000000,0,0,0,236,yes
fy-2026-27-development-book-volume-ii-1091-1097,1091,State Department for Roads,1091183200,Banisa Constituency Roads,1091183201,Banisa Constituency Roads,2630200,Capital Grants to Government Agencies and other Levels of Government,exp,330000000,300000000,0,0,236,yes
fy-2026-27-development-book-volume-ii-1091-1097,1091,State Department for Roads,1091183300,Mandera South Constituency Roads,1091183301,Mandera South Constituency Roads,2630200,Capital Grants to Government Agencies and other Levels of Government,exp,80000000,0,0,0,236,yes
fy-2026-27-development-book-volume-ii-1091-1097,1091,State Department for Roads,1091183400,Cherangani Constituency Roads,1091183401,Cherangani Constituency Roads,2630200,Capital Grants to Government Agencies and other Levels of Government,exp,80000000,0,0,0,237,yes
fy-2026-27-development-book-volume-ii-1091-1097,1091,State Department for Roads,1091183500,Mwingi West Constituency Roads,1091183501,Mwingi West Constituency Roads,2630200,Capital Grants to Government Agencies and other Levels of Government,exp,80000000,0,0,0,237,yes
fy-2026-27-development-book-volume-ii-1091-1097,1091,State Department for Roads,1091183600,Lamu County Roads,1091183601,Lamu County Roads,2630200,Capital Grants to Government Agencies and other Levels of Government,exp,180000000,0,0,0,237,yes
fy-2026-27-development-book-volume-ii-1091-1097,1091,State Department for Roads,1091183700,Low Volume Seals LVSR V,1091183702,Chepkanga-Lelit-Sosion-Cheplaskei,2630200,Capital Grants to Government Agencies and other Levels of Government,exp,70000000,140000000,100000000,100000000,237,yes
fy-2026-27-development-book-volume-ii-1091-1097,1091,State Department for Roads,1091183700,Low Volume Seals LVSR V,1091183703,Dashek-Kajaja-Ausmudule Road,2630200,Capital Grants to Government Agencies and other Levels of Government,exp,0,32404907,0,0,237,yes
fy-2026-27-development-book-volume-ii-1091-1097,1091,State Department for Roads,1091183700,Low Volume Seals LVSR V,1091183704,Upgrading to Bitumen Standards - Access Road to Wajir KWS Office,2630200,Capital Grants to Government Agencies and other Levels of Government,exp,50000000,0,0,0,237,yes
fy-2026-27-development-book-volume-ii-1091-1097,1091,State Department for Roads,1091183700,Low Volume Seals LVSR V,1091183705,Garissa Farmers Access Roads,2630200,Capital Grants to Government Agencies and other Levels of Government,exp,20000000,4629273,0,0,237,yes
fy-2026-27-development-book-volume-ii-1091-1097,1091,State Department for Roads,1091183700,Low Volume Seals LVSR V,1091183706,Improvement to Bitumen Standards: Balambala Town Roads,2630200,Capital Grants to Government Agencies and other Levels of Government,exp,0,15430908,0,0,238,yes
fy-2026-27-development-book-volume-ii-1091-1097,1091,State Department for Roads,1091183700,Low Volume Seals LVSR V,1091183707,Sankuri -Saka Road C251,2630200,Capital Grants to Government Agencies and other Levels of Government,exp,30000000,7715454,0,0,238,yes
fy-2026-27-development-book-volume-ii-1091-1097,1091,State Department for Roads,1091183700,Low Volume Seals LVSR V,1091183708,Saka Kasha Road,2630200,Capital Grants to Government Agencies and other Levels of Government,exp,30000000,4629272,0,0,238,yes
fy-2026-27-development-book-volume-ii-1091-1097,1091,State Department for Roads,1091183700,Low Volume Seals LVSR V,1091183709,Mbalambala -Jarjara Road,2630200,Capital Grants to Government Agencies and other Levels of Government,exp,15000000,2314636,0,0,238,yes
fy-2026-27-development-book-volume-ii-1091-1097,1091,State Department for Roads,1091183700,Low Volume Seals LVSR V,1091183710,Furgan Road-Kyalo Garage-Bulla Arishley,2630200,Capital Grants to Government Agencies and other Levels of Government,exp,25000000,7715454,0,0,238,yes
fy-2026-27-development-book-volume-ii-1091-1097,1091,State Department for Roads,1091183700,Low Volume Seals LVSR V,1091183711,Shimbir-Fatuma-Fincharo Road,2630200,Capital Grants to Government Agencies and other Levels of Government,exp,40000000,12344726,0,0,238,yes
fy-2026-27-development-book-volume-ii-1091-1097,1091,State Department for Roads,1091183700,Low Volume Seals LVSR V,1091183712,Tarmacking of Takaba Town Roads,2630200,Capital Grants to Government Agencies and other Levels of Government,exp,79000000,24380835,0,0,238,yes
fy-2026-27-development-book-volume-ii-1091-1097,1091,State Department for Roads,1091183700,Low Volume Seals LVSR V,1091183713,Dandu-Ires Teno-Sake Road,2630200,Capital Grants to Government Agencies and other Levels of Government,exp,50000000,15430908,0,0,238,yes
fy-2026-27-development-book-volume-ii-1091-1097,1091,State Department for Roads,1091183700,Low Volume Seals LVSR V,1091183714,Amingurey - Daua River Road,2630200,Capital Grants to Government Agencies and other Levels of Government,exp,40000000,12344726,0,0,238,yes
fy-2026-27-development-book-volume-ii-1091-1097,1091,State Department for Roads,1091183700,Low Volume Seals LVSR V,1091183715,Fiqo-Burabor -Bella Road,2630200,Capital Grants to Government Agencies and other Levels of Government,exp,39000000,12036108,0,0,238,yes
fy-2026-27-development-book-volume-ii-1091-1097,1091,State Department for Roads,1091183700,Low Volume Seals LVSR V,1091183716,Lulis -Andarak Road,2630200,Capital Grants to Government Agencies and other Levels of Government,exp,20000000,4629274,0,0,239,yes
fy-2026-27-development-book-volume-ii-1091-1097,1091,State Department for Roads,1091183700,Low Volume Seals LVSR V,1091183717,Kiliweri -Birkani Road,2630200,Capital Grants to Government Agencies and other Levels of Government,exp,10000000,7715454,0,0,239,yes
fy-2026-27-development-book-volume-ii-1091-1097,1091,State Department for Roads,1091183700,Low Volume Seals LVSR V,1091183718,Choroqo-Tarbey Road,2630200,Capital Grants to Government Agencies and other Levels of Government,exp,10000000,9258545,0,0,239,yes
fy-2026-27-development-book-volume-ii-1091-1097,1091,State Department for Roads,1091183700,Low Volume Seals LVSR V,1091183719,Hullow-Dibay -Yare Road,2630200,Capital Grants to Government Agencies and other Levels of Government,exp,10000000,9258545,0,0,239,yes
fy-2026-27-development-book-volume-ii-1091-1097,1091,State Department for Roads,1091183700,Low Volume Seals LVSR V,1091183720,Elwak Junction -Alungu Road,2630200,Capital Grants to Government Agencies and other Levels of Government,exp,25000000,7715454,0,0,239,yes
fy-2026-27-development-book-volume-ii-1091-1097,1091,State Department for Roads,1091183700,Low Volume Seals LVSR V,1091183721,Kutolu-Elram Road,2630200,Capital Grants to Government Agencies and other Levels of Government,exp,25000000,7715454,0,0,239,yes
fy-2026-27-development-book-volume-ii-1091-1097,1091,State Department for Roads,1091183700,Low Volume Seals LVSR V,1091183723,RWC 864Baricho - Njegas - Gakoigo - Kangaita -Kiaritha - Kerugoya,2630200,Capital Grants to Government Agencies and other Levels of Government,exp,0,45530609,91061217,136591825,239,yes
fy-2026-27-development-book-volume-ii-1091-1097,1091,State Department for Roads,1091183700,Low Volume Seals LVSR V,1091183724,RWC 866Bondo - Uyawi,2630200,Capital Grants to Government Agencies and other Levels of Government,exp,0,91724156,183448311,275172466,239,yes
fy-2026-27-development-book-volume-ii-1091-1097,1091,State Department for Roads,1091183700,Low Volume Seals LVSR V,1091183725,RWC 884Kapkaket-Kaptebeng'wet-Olbuityo -Siongiroi Road Project,2630200,Capital Grants to Government Agencies and other Levels of Government,exp,0,56140861,112281722,168422583,239,yes
fy-2026-27-development-book-volume-ii-1091-1097,1091,State Department for Roads,1091183700,Low Volume Seals LVSR V,1091183726,RWC 894Kipcheken - Kapkemich Road,2630200,Capital Grants to Government Agencies and other Levels of Government,exp,0,27633661,55267321,82900982,239,yes
fy-2026-27-development-book-volume-ii-1091-1097,1091,State Department for Roads,1091183700,Low Volume Seals LVSR V,1091183727,RWC 905Maroon - -Chawisi Pry -Kaptul-Lemeywokamogo,2630200,Capital Grants to Government Agencies and other Levels of Government,exp,0,93108594,60153362,186217188,239,yes
fy-2026-27-development-book-volume-ii-1091-1097,1091,State Department for Roads,1091183700,Low Volume Seals LVSR V,1091183728,Mount Kenya Mwiki - Kwangethe Primary School Road ?Mwihoko,2630200,Capital Grants to Government Agencies and other Levels of Government,exp,0,48239983,96479965,144719948,240,yes
fy-2026-27-development-book-volume-ii-1091-1097,1091,State Department for Roads,1091183700,Low Volume Seals LVSR V,1091183729,RWC 936Ziwa - Kimurgoi - Lomoiywet - Matunda,2630200,Capital Grants to Government Agencies and other Levels of Government,exp,0,32122286,23586166,64244570,240,yes
fy-2026-27-development-book-volume-ii-1091-1097,1091,State Department for Roads,1091183700,Low Volume Seals LVSR V,1091183730,Lot 5-Katuaa-Kee-Nunguni Road,2630200,Capital Grants to Government Agencies and other Levels of Government,exp,0,39566288,100000000,200000000,240,yes
fy-2026-27-development-book-volume-ii-1091-1097,1091,State Department for Roads,1091183700,Low Volume Seals LVSR V,1091183731,African Community Access Programme-(Miathene - Mikinduri - Lot 2),2630200,Capital Grants to Government Agencies and other Levels of Government,exp,0,4233958,0,0,240,yes
fy-2026-27-development-book-volume-ii-1091-1097,1091,State Department for Roads,1091183700,Low Volume Seals LVSR V,1091183732,Rehab of Jnc C544 Koimbi- Jnc B23 Kahuti - Jn C536 Kanyenyaini,2630200,Capital Grants to Government Agencies and other Levels of Government,exp,0,9586665,0,0,240,yes
fy-2026-27-development-book-volume-ii-1091-1097,1091,State Department for Roads,1091183700,Low Volume Seals LVSR V,1091183733,Eldama Ravine -Makutano (C687) Phase 1,2630200,Capital Grants to Government Agencies and other Levels of Government,exp,0,5078238,0,0,240,yes
fy-2026-27-development-book-volume-ii-1091-1097,1091,State Department for Roads,1091183700,Low Volume Seals LVSR V,1091183734,Barwesa - Kinyach - Kolowo - Kamusino,2630200,Capital Grants to Government Agencies and other Levels of Government,exp,0,3347662,0,0,240,yes
fy-2026-27-development-book-volume-ii-1091-1097,1091,State Department for Roads,1091183700,Low Volume Seals LVSR V,1091183735,Makotelo-Khachonge- Chebukaka- Jnct Kibichori- Makhonge- Muji-,2630200,Capital Grants to Government Agencies and other Levels of Government,exp,0,11199800,0,0,240,yes
fy-2026-27-development-book-volume-ii-1091-1097,1091,State Department for Roads,1091183700,Low Volume Seals LVSR V,1091183736,Construction of Liviero Bridge,2630200,Capital Grants to Government Agencies and other Levels of Government,exp,0,1477554,0,0,240,yes
fy-2026-27-development-book-volume-ii-1091-1097,1091,State Department for Roads,1091183700,Low Volume Seals LVSR V,1091183737,Bulla - Arghi - Korakora Road,2630200,Capital Grants to Government Agencies and other Levels of Government,exp,0,2330965,19813195,3496447,240,yes
fy-2026-27-development-book-volume-ii-1091-1097,1091,State Department for Roads,1091183700,Low Volume Seals LVSR V,1091183738,Mwingi - Kalisasi Phase 3,2630200,Capital Grants to Government Agencies and other Levels of Government,exp,0,27726320,11783686,2079474,241,yes
fy-2026-27-development-book-volume-ii-1091-1097,1091,State Department for Roads,1091183700,Low Volume Seals LVSR V,1091183739,Rehabilitation of JNC C538 Gakoigo-Gathera JNC C540 Kangondu,2630200,Capital Grants to Government Agencies and other Levels of Government,exp,0,6580530,41029416,7240486,241,yes
fy-2026-27-development-book-volume-ii-1091-1097,1091,State Department for Roads,1091183700,Low Volume Seals LVSR V,1091183740,KIPAO FOOT BRIDGE ON URP 17 KIPAO - GALILI ROAD,2630200,Capital Grants to Government Agencies and other Levels of Government,exp,0,2080974,0,2833939,241,yes
fy-2026-27-development-book-volume-ii-1091-1097,1091,State Department for Roads,1091183700,Low Volume Seals LVSR V,1091183741,RWC 684Mulot - Sogoo - Tendet Shartuka - Gorgor Roads,2630200,Capital Grants to Government Agencies and other Levels of Government,exp,0,204614252,83677646,85462412,241,yes
fy-2026-27-development-book-volume-ii-1091-1097,1091,State Department for Roads,1091183700,Low Volume Seals LVSR V,1091183742,RWC 685Nyabisabo-Omosasa-GetungurumuGesere Roads,2630200,Capital Grants to Government Agencies and other Levels of Government,exp,0,131609322,99580550,102354682,241,yes
fy-2026-27-development-book-volume-ii-1091-1097,1091,State Department for Roads,1091183700,Low Volume Seals LVSR V,1091183743,RWC 686 Oinobmoi KapkelelwaKapkayo-Tenges/Kapkayo-Kipsaos,2630200,Capital Grants to Government Agencies and other Levels of Government,exp,0,246152431,152830439,260000000,241,yes
fy-2026-27-development-book-volume-ii-1091-1097,1091,State Department for Roads,1091183700,Low Volume Seals LVSR V,1091183744,RWC 689Mweiga - Brookside - Kimathi University (D449/D450A),2630200,Capital Grants to Government Agencies and other Levels of Government,exp,0,32929513,35740715,134727541,241,yes
fy-2026-27-development-book-volume-ii-1091-1097,1091,State Department for Roads,1091183700,Low Volume Seals LVSR V,1091183745,RWC Kagumoini ?Gitugi - Chui - Karugia Road -Tender No RWC690,2630200,Capital Grants to Government Agencies and other Levels of Government,exp,0,150897240,107530091,61845198,241,yes
fy-2026-27-development-book-volume-ii-1091-1097,1091,State Department for Roads,1091183700,Low Volume Seals LVSR V,1091183746,RWC 691Karanjee Loop Roads/ Access to Limuru Girls -Murengeti,2630200,Capital Grants to Government Agencies and other Levels of Government,exp,0,75419383,62568009,74696657,241,yes
fy-2026-27-development-book-volume-ii-1091-1097,1091,State Department for Roads,1091183700,Low Volume Seals LVSR V,1091183747,RWC 699Taranganya - Ntimaru ?B1 Junct - Ilmeshuki - Olpisiai Phase,2630200,Capital Grants to Government Agencies and other Levels of Government,exp,0,54609773,91714797,125230251,241,yes
fy-2026-27-development-book-volume-ii-1091-1097,1091,State Department for Roads,1091183700,Low Volume Seals LVSR V,1091183748,RWC 701Jnct Talai - Jnct Plateau - AEZ & Limo - Kaptagat Roads,2630200,Capital Grants to Government Agencies and other Levels of Government,exp,0,24695765,45548914,49391529,241,yes
fy-2026-27-development-book-volume-ii-1091-1097,1091,State Department for Roads,1091183700,Low Volume Seals LVSR V,1091183749,RWC 704Gatukuyu -Makwa - Ngethu - Ithanga Road,2630200,Capital Grants to Government Agencies and other Levels of Government,exp,0,30815787,21913129,61631573,242,yes
fy-2026-27-development-book-volume-ii-1091-1097,1091,State Department for Roads,1091183700,Low Volume Seals LVSR V,1091183750,RWC 712Kipsuter Bridge,2630200,Capital Grants to Government Agencies and other Levels of Government,exp,0,9716875,33253682,19433749,242,yes
fy-2026-27-development-book-volume-ii-1091-1097,1091,State Department for Roads,1091183700,Low Volume Seals LVSR V,1091183751,RWC 713Kipsonoi Bridge on Daraja Sita Chebole Road,2630200,Capital Grants to Government Agencies and other Levels of Government,exp,0,7938117,21999729,15876233,242,yes
fy-2026-27-development-book-volume-ii-1091-1097,1091,State Department for Roads,1091183700,Low Volume Seals LVSR V,1091183752,RWC 723AKivwe - Karingari-Kevote-Nduuri Road,2630200,Capital Grants to Government Agencies and other Levels of Government,exp,0,72149217,69984102,144298433,242,yes
fy-2026-27-development-book-volume-ii-1091-1097,1091,State Department for Roads,1091183700,Low Volume Seals LVSR V,1091183753,RWC 723BKivwe - Kithimu-Ena,2630200,Capital Grants to Government Agencies and other Levels of Government,exp,0,45810678,44436357,91621354,242,yes
fy-2026-27-development-book-volume-ii-1091-1097,1091,State Department for Roads,1091183700,Low Volume Seals LVSR V,1091183754,RWC 733Kandara - Karima Mwaro - Naaro - Kaburugi - Gatitu Roads,2630200,Capital Grants to Government Agencies and other Levels of Government,exp,0,176175406,85901437,352350812,242,yes
fy-2026-27-development-book-volume-ii-1091-1097,1091,State Department for Roads,1091183700,Low Volume Seals LVSR V,1091183755,RWC 738Kirege - Forest - Mabukuro,2630200,Capital Grants to Government Agencies and other Levels of Government,exp,0,28583202,21257053,57166403,242,yes
fy-2026-27-development-book-volume-ii-1091-1097,1091,State Department for Roads,1091183700,Low Volume Seals LVSR V,1091183756,RWC 741Kaptebengwet - Emkwen Estate,2630200,Capital Grants to Government Agencies and other Levels of Government,exp,0,81704732,54356876,163409463,242,yes
fy-2026-27-development-book-volume-ii-1091-1097,1091,State Department for Roads,1091183700,Low Volume Seals LVSR V,1091183757,RWC 744Kapsang - Kabobo - Cheplelaibei - Kapsumbeiywet - Fafarol,2630200,Capital Grants to Government Agencies and other Levels of Government,exp,0,85409953,74476537,170819904,242,yes
fy-2026-27-development-book-volume-ii-1091-1097,1091,State Department for Roads,1091183700,Low Volume Seals LVSR V,1091183758,RWC 781Elburgon Kasarani Link Roads,2630200,Capital Grants to Government Agencies and other Levels of Government,exp,0,46036976,33558663,92073951,242,yes
fy-2026-27-development-book-volume-ii-1091-1097,1091,State Department for Roads,1091183700,Low Volume Seals LVSR V,1091183759,RWC 782Kuinet - Kapchan - Tebeswet - Tebeson - Stabex,2630200,Capital Grants to Government Agencies and other Levels of Government,exp,0,38289854,31411576,76579706,243,yes
fy-2026-27-development-book-volume-ii-1091-1097,1091,State Department for Roads,1091183700,Low Volume Seals LVSR V,1091183760,RWC 795Royalton - Eldoret Southern Bybass,2630200,Capital Grants to Government Agencies and other Levels of Government,exp,0,24427610,18947816,48855220,243,yes
fy-2026-27-development-book-volume-ii-1091-1097,1091,State Department for Roads,1091183700,Low Volume Seals LVSR V,1091183761,RWC 812Kokotoni - Mavirivirini Primary - Kalalani Ecd,2630200,Capital Grants to Government Agencies and other Levels of Government,exp,0,10258450,20516900,30775350,243,yes
fy-2026-27-development-book-volume-ii-1091-1097,1091,State Department for Roads,1091183700,Low Volume Seals LVSR V,1091183762,RWC 813Maparasha Bridge,2630200,Capital Grants to Government Agencies and other Levels of Government,exp,0,12139584,4534419,1937285,243,yes
fy-2026-27-development-book-volume-ii-1091-1097,1091,State Department for Roads,1091183700,Low Volume Seals LVSR V,1091183763,"RWC 823Suba South: Lak - Kogelo, Usengere - Onyuera, Kijito -",2630200,Capital Grants to Government Agencies and other Levels of Government,exp,0,43256006,86512012,129768018,243,yes
fy-2026-27-development-book-volume-ii-1091-1097,1091,State Department for Roads,1091183700,Low Volume Seals LVSR V,1091183764,RWC 825Aic Tharuini - Ndungu Njenga - Ndiuni,2630200,Capital Grants to Government Agencies and other Levels of Government,exp,0,83149956,144600000,216900000,243,yes
fy-2026-27-development-book-volume-ii-1091-1097,1091,State Department for Roads,1091183700,Low Volume Seals LVSR V,1091183765,RWC 826Kimilili - Kapsokwony,2630200,Capital Grants to Government Agencies and other Levels of Government,exp,0,25148219,64999063,97498595,243,yes
fy-2026-27-development-book-volume-ii-1091-1097,1091,State Department for Roads,1091183700,Low Volume Seals LVSR V,1091183766,RWC 827Jaribuni - Dzitzoni Road,2630200,Capital Grants to Government Agencies and other Levels of Government,exp,0,116500000,243752665,365628998,243,yes
fy-2026-27-development-book-volume-ii-1091-1097,1091,State Department for Roads,1091183700,Low Volume Seals LVSR V,1091183767,RWC 828Kaelo - Mulika - Antobetwe Kiongo - Ngaya to Kiina Jnt,2630200,Capital Grants to Government Agencies and other Levels of Government,exp,0,97338379,194676756,292015134,243,yes
fy-2026-27-development-book-volume-ii-1091-1097,1091,State Department for Roads,1091183700,Low Volume Seals LVSR V,1091183768,RWC 836Ngoigwa Links Roads Thika,2630200,Capital Grants to Government Agencies and other Levels of Government,exp,0,44853921,89707841,134561762,243,yes
fy-2026-27-development-book-volume-ii-1091-1097,1091,State Department for Roads,1091183700,Low Volume Seals LVSR V,1091183769,RWC 838Selia - Turbo,2630200,Capital Grants to Government Agencies and other Levels of Government,exp,0,54045965,108091929,162137894,243,yes
fy-2026-27-development-book-volume-ii-1091-1097,1091,State Department for Roads,1091183700,Low Volume Seals LVSR V,1091183770,RWC 839St Michael Kakimiti -Kamogo - Lemeiywo Primary,2630200,Capital Grants to Government Agencies and other Levels of Government,exp,0,40000000,80000000,120000000,244,yes
fy-2026-27-development-book-volume-ii-1091-1097,1091,State Department for Roads,1091183700,Low Volume Seals LVSR V,1091183772,RWC 842Baolala -Kakajuni - Dida - Matano - Mane,2630200,Capital Grants to Government Agencies and other Levels of Government,exp,0,150000000,200000000,450000000,244,yes
fy-2026-27-development-book-volume-ii-1091-1097,1091,State Department for Roads,1091183700,Low Volume Seals LVSR V,1091183773,RWC 843Kipsitet Town - Kipsitet Primary School - Muhoroni Junction,2630200,Capital Grants to Government Agencies and other Levels of Government,exp,0,55223335,110446669,165670004,244,yes
fy-2026-27-development-book-volume-ii-1091-1097,1091,State Department for Roads,1091183700,Low Volume Seals LVSR V,1091183774,RWC 844Sameta- Egetuki-Ikoba Road,2630200,Capital Grants to Government Agencies and other Levels of Government,exp,0,29046988,48000000,72000000,244,yes
fy-2026-27-development-book-volume-ii-1091-1097,1091,State Department for Roads,1091183700,Low Volume Seals LVSR V,1091183775,RWC 845Nyabigena /Matangamano - Esaka/Nyamarambe,2630200,Capital Grants to Government Agencies and other Levels of Government,exp,0,75777779,151555557,227333336,244,yes
fy-2026-27-development-book-volume-ii-1091-1097,1091,State Department for Roads,1091183700,Low Volume Seals LVSR V,1091183776,RWC 848Imenti - Wamura - Kona Mbaya,2630200,Capital Grants to Government Agencies and other Levels of Government,exp,0,75696338,151392675,227089012,244,yes
fy-2026-27-development-book-volume-ii-1091-1097,1091,State Department for Roads,1091183700,Low Volume Seals LVSR V,1091183777,RWC 849Loldaiga Gate - Mugumo - Ndemu - Umande - Ngenia /,2630200,Capital Grants to Government Agencies and other Levels of Government,exp,0,105833294,211666587,317499881,244,yes
fy-2026-27-development-book-volume-ii-1091-1097,1091,State Department for Roads,1091183700,Low Volume Seals LVSR V,1091183778,RWC 850Mirera Jnc - sweetwaters - Olpajeta Gate,2630200,Capital Grants to Government Agencies and other Levels of Government,exp,0,70944768,141889535,212834303,244,yes
fy-2026-27-development-book-volume-ii-1091-1097,1091,State Department for Roads,1091183700,Low Volume Seals LVSR V,1091183779,RWC 851Narumoru - Ngare Ng'iro - Withare - Makutano,2630200,Capital Grants to Government Agencies and other Levels of Government,exp,0,97586322,195172643,292758965,244,yes
fy-2026-27-development-book-volume-ii-1091-1097,1091,State Department for Roads,1091183700,Low Volume Seals LVSR V,1091183780,RWC 852A7 Jnct Safirisi - Ndeu,2630200,Capital Grants to Government Agencies and other Levels of Government,exp,0,49280226,98560451,147840676,244,yes
fy-2026-27-development-book-volume-ii-1091-1097,1091,State Department for Roads,1091183700,Low Volume Seals LVSR V,1091183781,RWC 853Miseleni - Kwa Mwaura,2630200,Capital Grants to Government Agencies and other Levels of Government,exp,0,32632764,65265527,97898290,245,yes
fy-2026-27-development-book-volume-ii-1091-1097,1091,State Department for Roads,1091183700,Low Volume Seals LVSR V,1091183782,RWC 854Ngege-Mapera/Kawa - Osigo - Nyandwong/Godjope - Wasio,2630200,Capital Grants to Government Agencies and other Levels of Government,exp,0,48000000,96000000,144000000,245,yes
fy-2026-27-development-book-volume-ii-1091-1097,1091,State Department for Roads,1091183700,Low Volume Seals LVSR V,1091183783,RWC 855Gilgil -Kanyiriri,2630200,Capital Grants to Government Agencies and other Levels of Government,exp,0,45000000,90000000,135000000,245,yes
fy-2026-27-development-book-volume-ii-1091-1097,1091,State Department for Roads,1091183700,Low Volume Seals LVSR V,1091183784,RWC 856Kongasis - Forest View police Post,2630200,Capital Grants to Government Agencies and other Levels of Government,exp,0,247119160,351903702,433610645,245,yes
fy-2026-27-development-book-volume-ii-1091-1097,1091,State Department for Roads,1091183700,Low Volume Seals LVSR V,1091183785,RWC 857Labuiywo Kitechgaa - Kapsokio,2630200,Capital Grants to Government Agencies and other Levels of Government,exp,0,57180796,114361590,171542385,245,yes
fy-2026-27-development-book-volume-ii-1091-1097,1091,State Department for Roads,1091183700,Low Volume Seals LVSR V,1091183786,RWC 858Busweta- Ikobero - Chavogere - Cheptech - Shinyalu,2630200,Capital Grants to Government Agencies and other Levels of Government,exp,0,46964150,42267734,56356979,245,yes
fy-2026-27-development-book-volume-ii-1091-1097,1091,State Department for Roads,1091183700,Low Volume Seals LVSR V,1091183787,RWC 859Lensanyu - Sakuno Road (65 KM) - Gravelling,2630200,Capital Grants to Government Agencies and other Levels of Government,exp,0,41434567,82869132,124303698,245,yes
fy-2026-27-development-book-volume-ii-1091-1097,1091,State Department for Roads,1091183700,Low Volume Seals LVSR V,1091183788,RWC 862Angata Police Post-Ngendalel,2630200,Capital Grants to Government Agencies and other Levels of Government,exp,0,45000000,90000000,135000000,245,yes
fy-2026-27-development-book-volume-ii-1091-1097,1091,State Department for Roads,1091183700,Low Volume Seals LVSR V,1091183789,RWC 873County Kijana Wamalwa Referral Hospital Road,2630200,Capital Grants to Government Agencies and other Levels of Government,exp,0,45000000,90000000,180000000,245,yes
fy-2026-27-development-book-volume-ii-1091-1097,1091,State Department for Roads,1091183700,Low Volume Seals LVSR V,1091183790,RWC 883Gravelling Kambi Kambiri- Mukhonje - Rondo Junction,2630200,Capital Grants to Government Agencies and other Levels of Government,exp,0,162500000,225000000,650000000,245,yes
fy-2026-27-development-book-volume-ii-1091-1097,1091,State Department for Roads,1091183700,Low Volume Seals LVSR V,1091183791,RWC 887Kemeloi TTI Access Road - Serem Phase2 - Miwani Road,2630200,Capital Grants to Government Agencies and other Levels of Government,exp,0,39000000,78000000,156000000,245,yes
fy-2026-27-development-book-volume-ii-1091-1097,1091,State Department for Roads,1091183700,Low Volume Seals LVSR V,1091183792,RWC 889Kapseret - Saina Estate-Lobo,2630200,Capital Grants to Government Agencies and other Levels of Government,exp,0,18421430,17687867,36842859,246,yes
fy-2026-27-development-book-volume-ii-1091-1097,1091,State Department for Roads,1091183700,Low Volume Seals LVSR V,1091183793,RWC 893Kionyo-Kanyakine-Kithino,2630200,Capital Grants to Government Agencies and other Levels of Government,exp,0,71337851,142675701,285351400,246,yes
fy-2026-27-development-book-volume-ii-1091-1097,1091,State Department for Roads,1091183700,Low Volume Seals LVSR V,1091183794,RWC 900Korisa - Gamba,2630200,Capital Grants to Government Agencies and other Levels of Government,exp,0,115500000,66000000,132000000,246,yes
fy-2026-27-development-book-volume-ii-1091-1097,1091,State Department for Roads,1091183700,Low Volume Seals LVSR V,1091183795,RWC 903Makaveti - Iiuni,2630200,Capital Grants to Government Agencies and other Levels of Government,exp,0,49500000,99000000,198000000,246,yes
fy-2026-27-development-book-volume-ii-1091-1097,1091,State Department for Roads,1091183700,Low Volume Seals LVSR V,1091183796,"RWC 904Makutano ?Katithine, Kibunga - Mukuuni Roads",2630200,Capital Grants to Government Agencies and other Levels of Government,exp,0,149155021,298310041,447465061,246,yes
fy-2026-27-development-book-volume-ii-1091-1097,1091,State Department for Roads,1091183700,Low Volume Seals LVSR V,1091183797,RWC 907Spot Improvement of Mashangwa - Enkoiraria - Oldonyorok,2630200,Capital Grants to Government Agencies and other Levels of Government,exp,0,1800000,55000000,110000000,246,yes
fy-2026-27-development-book-volume-ii-1091-1097,1091,State Department for Roads,1091183700,Low Volume Seals LVSR V,1091183798,RWC 912Murika - Ngage - Mukothima -Turimatweru - Nkondi -,2630200,Capital Grants to Government Agencies and other Levels of Government,exp,0,67675289,135350578,203025867,246,yes
fy-2026-27-development-book-volume-ii-1091-1097,1091,State Department for Roads,1091183700,Low Volume Seals LVSR V,1091183799,RWC 918Nyosia -Timani- Kiogoro Boronyi - Otamba Road,2630200,Capital Grants to Government Agencies and other Levels of Government,exp,0,7590000,55000000,110000000,246,yes
fy-2026-27-development-book-volume-ii-1091-1097,1091,State Department for Roads,1091183800,Rural Roads Murraming Vol 1,1091183802,Access Manga Police - Ensoko- Rianyangeri - Riarati,2630200,Capital Grants to Government Agencies and other Levels of Government,exp,0,18750000,0,0,246,yes
fy-2026-27-development-book-volume-ii-1091-1097,1091,State Department for Roads,1091183800,Rural Roads Murraming Vol 1,1091183804,Access Unity Court Hunters,2630200,Capital Grants to Government Agencies and other Levels of Government,exp,0,10000000,0,0,247,yes
fy-2026-27-development-book-volume-ii-1091-1097,1091,State Department for Roads,1091183800,Rural Roads Murraming Vol 1,1091183805,Access Muthuini Settlement,2630200,Capital Grants to Government Agencies and other Levels of Government,exp,0,10000000,0,0,247,yes
fy-2026-27-development-book-volume-ii-1091-1097,1091,State Department for Roads,1091183800,Rural Roads Murraming Vol 1,1091183808,Mururi - Kimweas - Gikingi,2630200,Capital Grants to Government Agencies and other Levels of Government,exp,0,10000000,0,0,247,yes
fy-2026-27-development-book-volume-ii-1091-1097,1091,State Department for Roads,1091183800,Rural Roads Murraming Vol 1,1091183809,Neema - Tipanko,2630200,Capital Grants to Government Agencies and other Levels of Government,exp,0,15000000,0,0,247,yes
fy-2026-27-development-book-volume-ii-1091-1097,1091,State Department for Roads,1091183800,Rural Roads Murraming Vol 1,1091183810,Access Gathuthi Tea Factory,2630200,Capital Grants to Government Agencies and other Levels of Government,exp,0,10000000,0,0,247,yes
fy-2026-27-development-book-volume-ii-1091-1097,1091,State Department for Roads,1091183800,Rural Roads Murraming Vol 1,1091183811,Access gatuikira Settlement,2630200,Capital Grants to Government Agencies and other Levels of Government,exp,0,10000000,0,0,247,yes
fy-2026-27-development-book-volume-ii-1091-1097,1091,State Department for Roads,1091183800,Rural Roads Murraming Vol 1,1091183812,Githura - Kaimbogo,2630200,Capital Grants to Government Agencies and other Levels of Government,exp,0,10000000,0,0,247,yes
fy-2026-27-development-book-volume-ii-1091-1097,1091,State Department for Roads,1091183800,Rural Roads Murraming Vol 1,1091183813,Access Kimangu Village,2630200,Capital Grants to Government Agencies and other Levels of Government,exp,0,10000000,0,0,247,yes
fy-2026-27-development-book-volume-ii-1091-1097,1091,State Department for Roads,1091183800,Rural Roads Murraming Vol 1,1091183814,Gathugu River Box Culvert/Gathugu Access,2630200,Capital Grants to Government Agencies and other Levels of Government,exp,0,10000000,0,0,247,yes
fy-2026-27-development-book-volume-ii-1091-1097,1091,State Department for Roads,1091183800,Rural Roads Murraming Vol 1,1091183815,Elite Avenue/Campus Road,2630200,Capital Grants to Government Agencies and other Levels of Government,exp,0,10000000,0,0,247,yes
fy-2026-27-development-book-volume-ii-1091-1097,1091,State Department for Roads,1091183800,Rural Roads Murraming Vol 1,1091183816,KHS Luruti Avenue,2630200,Capital Grants to Government Agencies and other Levels of Government,exp,0,10000000,0,0,247,yes
fy-2026-27-development-book-volume-ii-1091-1097,1091,State Department for Roads,1091183800,Rural Roads Murraming Vol 1,1091183817,KHS Kwale Road,2630200,Capital Grants to Government Agencies and other Levels of Government,exp,0,10000000,0,0,248,yes
fy-2026-27-development-book-volume-ii-1091-1097,1091,State Department for Roads,1091183800,Rural Roads Murraming Vol 1,1091183818,"KHS Muranga Road , 5th South Avenue",2630200,Capital Grants to Government Agencies and other Levels of Government,exp,0,10000000,0,0,248,yes
fy-2026-27-development-book-volume-ii-1091-1097,1091,State Department for Roads,1091183800,Rural Roads Murraming Vol 1,1091183819,Jnc B5 Marina - Kamiruri,2630200,Capital Grants to Government Agencies and other Levels of Government,exp,0,10000000,0,0,248,yes
fy-2026-27-development-book-volume-ii-1091-1097,1091,State Department for Roads,1091183800,Rural Roads Murraming Vol 1,1091183820,Access manyata Pry School/Access manyatta Highway Senior School,2630200,Capital Grants to Government Agencies and other Levels of Government,exp,0,10000000,0,0,248,yes
fy-2026-27-development-book-volume-ii-1091-1097,1091,State Department for Roads,1091183800,Rural Roads Murraming Vol 1,1091183821,Maili Saba -St patrcik Waitaluk Sec School/Neema Project Acess,2630200,Capital Grants to Government Agencies and other Levels of Government,exp,0,10000000,0,0,248,yes
fy-2026-27-development-book-volume-ii-1091-1097,1091,State Department for Roads,1091183800,Rural Roads Murraming Vol 1,1091183822,Dam - mitatu,2630200,Capital Grants to Government Agencies and other Levels of Government,exp,0,10000000,0,0,248,yes
fy-2026-27-development-book-volume-ii-1091-1097,1091,State Department for Roads,1091183800,Rural Roads Murraming Vol 1,1091183823,Kiaga - mukinduri,2630200,Capital Grants to Government Agencies and other Levels of Government,exp,0,15000000,0,0,248,yes
fy-2026-27-development-book-volume-ii-1091-1097,1091,State Department for Roads,1091183800,Rural Roads Murraming Vol 1,1091183824,Kasara - bridge,2630200,Capital Grants to Government Agencies and other Levels of Government,exp,0,10000000,0,0,248,yes
fy-2026-27-development-book-volume-ii-1091-1097,1091,State Department for Roads,1091183800,Rural Roads Murraming Vol 1,1091183825,Kamwenja - katheri,2630200,Capital Grants to Government Agencies and other Levels of Government,exp,0,10000000,0,0,248,yes
fy-2026-27-development-book-volume-ii-1091-1097,1091,State Department for Roads,1091183800,Rural Roads Murraming Vol 1,1091183826,Mugumo - kangaita,2630200,Capital Grants to Government Agencies and other Levels of Government,exp,0,10000000,0,0,248,yes
fy-2026-27-development-book-volume-ii-1091-1097,1091,State Department for Roads,1091183800,Rural Roads Murraming Vol 1,1091183827,Hairia - kamukunji,2630200,Capital Grants to Government Agencies and other Levels of Government,exp,0,10000000,0,0,249,yes
fy-2026-27-development-book-volume-ii-1091-1097,1091,State Department for Roads,1091183800,Rural Roads Murraming Vol 1,1091183828,Mukinduri - ngunu,2630200,Capital Grants to Government Agencies and other Levels of Government,exp,0,10000000,0,0,249,yes
fy-2026-27-development-book-volume-ii-1091-1097,1091,State Department for Roads,1091183800,Rural Roads Murraming Vol 1,1091183829,Karandi - kavote,2630200,Capital Grants to Government Agencies and other Levels of Government,exp,0,10000000,0,0,249,yes
fy-2026-27-development-book-volume-ii-1091-1097,1091,State Department for Roads,1091183800,Rural Roads Murraming Vol 1,1091183830,kianue- gathabari,2630200,Capital Grants to Government Agencies and other Levels of Government,exp,0,10000000,0,0,249,yes
fy-2026-27-development-book-volume-ii-1091-1097,1091,State Department for Roads,1091183800,Rural Roads Murraming Vol 1,1091183831,kianguru - wanyagas,2630200,Capital Grants to Government Agencies and other Levels of Government,exp,0,10000000,0,0,249,yes
fy-2026-27-development-book-volume-ii-1091-1097,1091,State Department for Roads,1091183800,Rural Roads Murraming Vol 1,1091183832,wangome - thuruthuru,2630200,Capital Grants to Government Agencies and other Levels of Government,exp,0,10000000,0,0,249,yes
fy-2026-27-development-book-volume-ii-1091-1097,1091,State Department for Roads,1091183800,Rural Roads Murraming Vol 1,1091183833,kariti - kianguru,2630200,Capital Grants to Government Agencies and other Levels of Government,exp,0,10000000,0,0,249,yes
fy-2026-27-development-book-volume-ii-1091-1097,1091,State Department for Roads,1091183800,Rural Roads Murraming Vol 1,1091183834,ciagumba -rumathi,2630200,Capital Grants to Government Agencies and other Levels of Government,exp,0,10000000,0,0,249,yes
fy-2026-27-development-book-volume-ii-1091-1097,1091,State Department for Roads,1091183800,Rural Roads Murraming Vol 1,1091183835,muringa - kagicha jct,2630200,Capital Grants to Government Agencies and other Levels of Government,exp,0,10000000,0,0,249,yes
fy-2026-27-development-book-volume-ii-1091-1097,1091,State Department for Roads,1091183800,Rural Roads Murraming Vol 1,1091183836,Madaraka- Gifathi pry,2630200,Capital Grants to Government Agencies and other Levels of Government,exp,0,10000000,0,0,249,yes
fy-2026-27-development-book-volume-ii-1091-1097,1091,State Department for Roads,1091183800,Rural Roads Murraming Vol 1,1091183837,Riverside- Jericho mkt,2630200,Capital Grants to Government Agencies and other Levels of Government,exp,0,10000000,0,0,249,yes
fy-2026-27-development-book-volume-ii-1091-1097,1091,State Department for Roads,1091183800,Rural Roads Murraming Vol 1,1091183838,Gwa Muhindi - Ahiti,2630200,Capital Grants to Government Agencies and other Levels of Government,exp,0,10000000,0,0,250,yes
fy-2026-27-development-book-volume-ii-1091-1097,1091,State Department for Roads,1091183800,Rural Roads Murraming Vol 1,1091183839,Kangui - oraimutia Tabor,2630200,Capital Grants to Government Agencies and other Levels of Government,exp,0,10000000,0,0,250,yes
fy-2026-27-development-book-volume-ii-1091-1097,1091,State Department for Roads,1091183800,Rural Roads Murraming Vol 1,1091183840,Igwamiti sec - Huhoini,2630200,Capital Grants to Government Agencies and other Levels of Government,exp,0,10000000,0,0,250,yes
fy-2026-27-development-book-volume-ii-1091-1097,1091,State Department for Roads,1091183800,Rural Roads Murraming Vol 1,1091183841,Kahii - olbolosat,2630200,Capital Grants to Government Agencies and other Levels of Government,exp,0,10000000,0,0,250,yes
fy-2026-27-development-book-volume-ii-1091-1097,1091,State Department for Roads,1091183800,Rural Roads Murraming Vol 1,1091183842,Matura - Uhuru pry,2630200,Capital Grants to Government Agencies and other Levels of Government,exp,0,10000000,0,0,250,yes
fy-2026-27-development-book-volume-ii-1091-1097,1091,State Department for Roads,1091183800,Rural Roads Murraming Vol 1,1091183843,Matorani-Hawe wanje,2630200,Capital Grants to Government Agencies and other Levels of Government,exp,0,15000000,0,0,250,yes
fy-2026-27-development-book-volume-ii-1091-1097,1091,State Department for Roads,1091183800,Rural Roads Murraming Vol 1,1091183844,Garashi-Bungale,2630200,Capital Grants to Government Agencies and other Levels of Government,exp,0,10000000,0,0,250,yes
fy-2026-27-development-book-volume-ii-1091-1097,1091,State Department for Roads,1091183800,Rural Roads Murraming Vol 1,1091183846,CHABI - TARAMA,2630200,Capital Grants to Government Agencies and other Levels of Government,exp,0,18000000,0,0,250,yes
fy-2026-27-development-book-volume-ii-1091-1097,1091,State Department for Roads,1091183800,Rural Roads Murraming Vol 1,1091183847,SIMIS - BURASHUM,2630200,Capital Grants to Government Agencies and other Levels of Government,exp,0,15000000,0,0,250,yes
fy-2026-27-development-book-volume-ii-1091-1097,1091,State Department for Roads,1091183800,Rural Roads Murraming Vol 1,1091183848,Lagwarera - Afalo,2630200,Capital Grants to Government Agencies and other Levels of Government,exp,0,10000000,0,0,250,yes
fy-2026-27-development-book-volume-ii-1091-1097,1091,State Department for Roads,1091183800,Rural Roads Murraming Vol 1,1091183849,Darwed - Hoppi,2630200,Capital Grants to Government Agencies and other Levels of Government,exp,0,10000000,0,0,251,yes
fy-2026-27-development-book-volume-ii-1091-1097,1091,State Department for Roads,1091183800,Rural Roads Murraming Vol 1,1091183850,Eldas - Anole,2630200,Capital Grants to Government Agencies and other Levels of Government,exp,0,17250000,0,0,251,yes
fy-2026-27-development-book-volume-ii-1091-1097,1091,State Department for Roads,1091183800,Rural Roads Murraming Vol 1,1091183851,Jukala - Waradey,2630200,Capital Grants to Government Agencies and other Levels of Government,exp,0,16500000,0,0,251,yes
fy-2026-27-development-book-volume-ii-1091-1097,1091,State Department for Roads,1091183800,Rural Roads Murraming Vol 1,1091183853,Chepkoit - Chorwa,2630200,Capital Grants to Government Agencies and other Levels of Government,exp,0,14250000,0,0,251,yes
fy-2026-27-development-book-volume-ii-1091-1097,1091,State Department for Roads,1091183800,Rural Roads Murraming Vol 1,1091183854,Kokwo Kibor Junction Kamelei B,2630200,Capital Grants to Government Agencies and other Levels of Government,exp,0,18000000,0,0,251,yes
fy-2026-27-development-book-volume-ii-1091-1097,1091,State Department for Roads,1091183800,Rural Roads Murraming Vol 1,1091183855,Bugar Chebiemit,2630200,Capital Grants to Government Agencies and other Levels of Government,exp,0,18000000,0,0,251,yes
fy-2026-27-development-book-volume-ii-1091-1097,1091,State Department for Roads,1091183800,Rural Roads Murraming Vol 1,1091183856,Muskut - Endo,2630200,Capital Grants to Government Agencies and other Levels of Government,exp,0,18000000,0,0,251,yes
fy-2026-27-development-book-volume-ii-1091-1097,1091,State Department for Roads,1091183800,Rural Roads Murraming Vol 1,1091183857,Mashuru - Sutan Hamud,2630200,Capital Grants to Government Agencies and other Levels of Government,exp,0,10000000,0,0,251,yes
fy-2026-27-development-book-volume-ii-1091-1097,1091,State Department for Roads,1091183800,Rural Roads Murraming Vol 1,1091183858,Elerai - Ewangan Rd,2630200,Capital Grants to Government Agencies and other Levels of Government,exp,0,10000000,0,0,251,yes
fy-2026-27-development-book-volume-ii-1091-1097,1091,State Department for Roads,1091183800,Rural Roads Murraming Vol 1,1091183859,Imaroro - Kiu,2630200,Capital Grants to Government Agencies and other Levels of Government,exp,0,18000000,0,0,251,yes
fy-2026-27-development-book-volume-ii-1091-1097,1091,State Department for Roads,1091183800,Rural Roads Murraming Vol 1,1091183860,Kimuka - Saikeri Rd,2630200,Capital Grants to Government Agencies and other Levels of Government,exp,0,18000000,0,0,251,yes
fy-2026-27-development-book-volume-ii-1091-1097,1091,State Department for Roads,1091183800,Rural Roads Murraming Vol 1,1091183861,Eremit - Oltepesi Rd,2630200,Capital Grants to Government Agencies and other Levels of Government,exp,0,14250000,0,0,252,yes
fy-2026-27-development-book-volume-ii-1091-1097,1091,State Department for Roads,1091183800,Rural Roads Murraming Vol 1,1091183862,Access Forest Edge Grove,2630200,Capital Grants to Government Agencies and other Levels of Government,exp,0,15000000,0,0,252,yes
fy-2026-27-development-book-volume-ii-1091-1097,1091,State Department for Roads,1091183800,Rural Roads Murraming Vol 1,1091183863,Tayari Link Roads,2630200,Capital Grants to Government Agencies and other Levels of Government,exp,0,15000000,0,0,252,yes
fy-2026-27-development-book-volume-ii-1091-1097,1091,State Department for Roads,1091183800,Rural Roads Murraming Vol 1,1091183864,Wendo - Murungaru,2630200,Capital Grants to Government Agencies and other Levels of Government,exp,0,15750000,0,0,252,yes
fy-2026-27-development-book-volume-ii-1091-1097,1091,State Department for Roads,1091183800,Rural Roads Murraming Vol 1,1091183865,Bahati PCEA - Mukue Mirop Jnct,2630200,Capital Grants to Government Agencies and other Levels of Government,exp,0,15750000,0,0,252,yes
fy-2026-27-development-book-volume-ii-1091-1097,1091,State Department for Roads,1091183800,Rural Roads Murraming Vol 1,1091183866,Makereka-Kwa Burganda rd,2630200,Capital Grants to Government Agencies and other Levels of Government,exp,0,10000000,0,0,252,yes
fy-2026-27-development-book-volume-ii-1091-1097,1091,State Department for Roads,1091183800,Rural Roads Murraming Vol 1,1091183867,Gakoe-kwa Burganda rd,2630200,Capital Grants to Government Agencies and other Levels of Government,exp,0,10000000,0,0,252,yes
fy-2026-27-development-book-volume-ii-1091-1097,1091,State Department for Roads,1091183800,Rural Roads Murraming Vol 1,1091183868,Olborosat -Gakoe,2630200,Capital Grants to Government Agencies and other Levels of Government,exp,0,10000000,0,0,252,yes
fy-2026-27-development-book-volume-ii-1091-1097,1091,State Department for Roads,1091183800,Rural Roads Murraming Vol 1,1091183869,Nyumba Tatu - Huhoini,2630200,Capital Grants to Government Agencies and other Levels of Government,exp,0,10000000,0,0,252,yes
fy-2026-27-development-book-volume-ii-1091-1097,1091,State Department for Roads,1091183800,Rural Roads Murraming Vol 1,1091183870,Jct Quarry - Magadi,2630200,Capital Grants to Government Agencies and other Levels of Government,exp,0,15000000,0,0,252,yes
fy-2026-27-development-book-volume-ii-1091-1097,1091,State Department for Roads,1091183800,Rural Roads Murraming Vol 1,1091183871,Losogwa Market - Kigumo Jct,2630200,Capital Grants to Government Agencies and other Levels of Government,exp,0,15000000,0,0,253,yes
fy-2026-27-development-book-volume-ii-1091-1097,1091,State Department for Roads,1091183800,Rural Roads Murraming Vol 1,1091183872,Saiberia - Jct Gitangi,2630200,Capital Grants to Government Agencies and other Levels of Government,exp,0,17250000,0,0,253,yes
fy-2026-27-development-book-volume-ii-1091-1097,1091,State Department for Roads,1091183800,Rural Roads Murraming Vol 1,1091183873,Wamura - Kimbo road,2630200,Capital Grants to Government Agencies and other Levels of Government,exp,0,20250000,0,0,253,yes
fy-2026-27-development-book-volume-ii-1091-1097,1091,State Department for Roads,1091183800,Rural Roads Murraming Vol 1,1091183874,Wiyumiririe - Metha Primary School road,2630200,Capital Grants to Government Agencies and other Levels of Government,exp,0,17250000,0,0,253,yes
fy-2026-27-development-book-volume-ii-1091-1097,1091,State Department for Roads,1091183800,Rural Roads Murraming Vol 1,1091183875,Wiyumiririe - Wiyumiririe Polytechnic,2630200,Capital Grants to Government Agencies and other Levels of Government,exp,0,20250000,0,0,253,yes
fy-2026-27-development-book-volume-ii-1091-1097,1091,State Department for Roads,1091183800,Rural Roads Murraming Vol 1,1091183876,Weldoni to Guthuthey of Hagadera road,2630200,Capital Grants to Government Agencies and other Levels of Government,exp,0,15000000,0,0,253,yes
fy-2026-27-development-book-volume-ii-1091-1097,1091,State Department for Roads,1091183800,Rural Roads Murraming Vol 1,1091183877,Leheley to Daryoley Road,2630200,Capital Grants to Government Agencies and other Levels of Government,exp,0,15000000,0,0,253,yes
fy-2026-27-development-book-volume-ii-1091-1097,1091,State Department for Roads,1091183800,Rural Roads Murraming Vol 1,1091183878,HajiGedi to Kiwanjaweyn Road,2630200,Capital Grants to Government Agencies and other Levels of Government,exp,0,15000000,0,0,253,yes
fy-2026-27-development-book-volume-ii-1091-1097,1091,State Department for Roads,1091183800,Rural Roads Murraming Vol 1,1091183879,Barkin To Sadahgose Road,2630200,Capital Grants to Government Agencies and other Levels of Government,exp,0,10000000,0,0,253,yes
fy-2026-27-development-book-volume-ii-1091-1097,1091,State Department for Roads,1091183800,Rural Roads Murraming Vol 1,1091183880,Danaba - Qudama,2630200,Capital Grants to Government Agencies and other Levels of Government,exp,0,17250000,0,0,253,yes
fy-2026-27-development-book-volume-ii-1091-1097,1091,State Department for Roads,1091183800,Rural Roads Murraming Vol 1,1091183881,Golbo - Ramaadey,2630200,Capital Grants to Government Agencies and other Levels of Government,exp,0,10000000,0,0,253,yes
fy-2026-27-development-book-volume-ii-1091-1097,1091,State Department for Roads,1091183800,Rural Roads Murraming Vol 1,1091183882,Hagalow - Arabia,2630200,Capital Grants to Government Agencies and other Levels of Government,exp,0,20250000,0,0,254,yes
fy-2026-27-development-book-volume-ii-1091-1097,1091,State Department for Roads,1091183800,Rural Roads Murraming Vol 1,1091183883,B9 - Burkus,2630200,Capital Grants to Government Agencies and other Levels of Government,exp,0,10000000,0,0,254,yes
fy-2026-27-development-book-volume-ii-1091-1097,1091,State Department for Roads,1091183800,Rural Roads Murraming Vol 1,1091183884,Koikoi - Chwele,2630200,Capital Grants to Government Agencies and other Levels of Government,exp,0,15000000,0,0,254,yes
fy-2026-27-development-book-volume-ii-1091-1097,1091,State Department for Roads,1091183800,Rural Roads Murraming Vol 1,1091183885,Cousins Corner - Mwaita,2630200,Capital Grants to Government Agencies and other Levels of Government,exp,0,10000000,0,0,254,yes
fy-2026-27-development-book-volume-ii-1091-1097,1091,State Department for Roads,1091183800,Rural Roads Murraming Vol 1,1091183886,Sarif-Dadajabula,2630200,Capital Grants to Government Agencies and other Levels of Government,exp,0,10000000,0,0,254,yes
fy-2026-27-development-book-volume-ii-1091-1097,1091,State Department for Roads,1091183800,Rural Roads Murraming Vol 1,1091183887,Biyamathow - Kulmis,2630200,Capital Grants to Government Agencies and other Levels of Government,exp,0,10000000,0,0,254,yes
fy-2026-27-development-book-volume-ii-1091-1097,1091,State Department for Roads,1091183800,Rural Roads Murraming Vol 1,1091183888,Biyamathow-Shimbirbul,2630200,Capital Grants to Government Agencies and other Levels of Government,exp,0,10000000,0,0,254,yes
fy-2026-27-development-book-volume-ii-1091-1097,1091,State Department for Roads,1091183800,Rural Roads Murraming Vol 1,1091183889,Shimbirbul-Darfur,2630200,Capital Grants to Government Agencies and other Levels of Government,exp,0,14250000,0,0,254,yes
fy-2026-27-development-book-volume-ii-1091-1097,1091,State Department for Roads,1091183800,Rural Roads Murraming Vol 1,1091183890,Kapkatet - Itoik- Boito,2630200,Capital Grants to Government Agencies and other Levels of Government,exp,0,10000000,0,0,254,yes
fy-2026-27-development-book-volume-ii-1091-1097,1091,State Department for Roads,1091183800,Rural Roads Murraming Vol 1,1091183891,Obalwanda -Obambo- Nyatoto,2630200,Capital Grants to Government Agencies and other Levels of Government,exp,0,10000000,0,0,254,yes
fy-2026-27-development-book-volume-ii-1091-1097,1091,State Department for Roads,1091183800,Rural Roads Murraming Vol 1,1091183892,Diiso- Biaymadow,2630200,Capital Grants to Government Agencies and other Levels of Government,exp,0,15000000,0,0,255,yes
fy-2026-27-development-book-volume-ii-1091-1097,1091,State Department for Roads,1091183800,Rural Roads Murraming Vol 1,1091183893,Fafi Centre - Dadbilal,2630200,Capital Grants to Government Agencies and other Levels of Government,exp,0,10000000,0,0,255,yes
fy-2026-27-development-book-volume-ii-1091-1097,1091,State Department for Roads,1091183800,Rural Roads Murraming Vol 1,1091183894,Kaptoit - Getarwet,2630200,Capital Grants to Government Agencies and other Levels of Government,exp,0,10000000,0,0,255,yes
fy-2026-27-development-book-volume-ii-1091-1097,1091,State Department for Roads,1091183800,Rural Roads Murraming Vol 1,1091183895,Kaboi - Kipsangui- Chemamul,2630200,Capital Grants to Government Agencies and other Levels of Government,exp,0,15000000,0,0,255,yes
fy-2026-27-development-book-volume-ii-1091-1097,1091,State Department for Roads,1091183800,Rural Roads Murraming Vol 1,1091183896,Tilangok - Chepkosa Bridge and Approaches,2630200,Capital Grants to Government Agencies and other Levels of Government,exp,0,10000000,0,0,255,yes
fy-2026-27-development-book-volume-ii-1091-1097,1091,State Department for Roads,1091183800,Rural Roads Murraming Vol 1,1091183897,Osen Loop,2630200,Capital Grants to Government Agencies and other Levels of Government,exp,0,11250000,0,0,255,yes
fy-2026-27-development-book-volume-ii-1091-1097,1091,State Department for Roads,1091183800,Rural Roads Murraming Vol 1,1091183898,Nambale - Manyole,2630200,Capital Grants to Government Agencies and other Levels of Government,exp,0,10000000,0,0,255,yes
fy-2026-27-development-book-volume-ii-1091-1097,1091,State Department for Roads,1091183800,Rural Roads Murraming Vol 1,1091183899,Mugenya - Ikondokhela,2630200,Capital Grants to Government Agencies and other Levels of Government,exp,0,10000000,0,0,255,yes
fy-2026-27-development-book-volume-ii-1091-1097,1091,State Department for Roads,1091183900,Rural Roads Murraming Vol 2,1091183902,Angya Dispensary - Waturi,2630200,Capital Grants to Government Agencies and other Levels of Government,exp,0,10000000,0,0,255,yes
fy-2026-27-development-book-volume-ii-1091-1097,1091,State Department for Roads,1091183900,Rural Roads Murraming Vol 2,1091183903,Osakwe - Bala School,2630200,Capital Grants to Government Agencies and other Levels of Government,exp,0,10000000,0,0,255,yes
fy-2026-27-development-book-volume-ii-1091-1097,1091,State Department for Roads,1091183900,Rural Roads Murraming Vol 2,1091183907,Makaveti - Makakoi,2630200,Capital Grants to Government Agencies and other Levels of Government,exp,0,10000000,0,0,256,yes
fy-2026-27-development-book-volume-ii-1091-1097,1091,State Department for Roads,1091183900,Rural Roads Murraming Vol 2,1091183909,Butere - Nyengesi - Imanaga,2630200,Capital Grants to Government Agencies and other Levels of Government,exp,0,37500000,0,0,256,yes
fy-2026-27-development-book-volume-ii-1091-1097,1091,State Department for Roads,1091183900,Rural Roads Murraming Vol 2,1091183910,Kanyakine/Ntharene Loop,2630200,Capital Grants to Government Agencies and other Levels of Government,exp,0,30000000,0,0,256,yes
fy-2026-27-development-book-volume-ii-1091-1097,1091,State Department for Roads,1091184000,Spot Improvement - Vol 1,1091184002,Mwanyani-Mikuyuni,2630200,Capital Grants to Government Agencies and other Levels of Government,exp,0,23250000,0,0,256,yes
fy-2026-27-development-book-volume-ii-1091-1097,1091,State Department for Roads,1091184000,Spot Improvement - Vol 1,1091184003,Katulye -masinga,2630200,Capital Grants to Government Agencies and other Levels of Government,exp,0,10000000,0,0,256,yes
fy-2026-27-development-book-volume-ii-1091-1097,1091,State Department for Roads,1091184000,Spot Improvement - Vol 1,1091184004,Kikumini-Kathui,2630200,Capital Grants to Government Agencies and other Levels of Government,exp,0,10000000,0,0,256,yes
fy-2026-27-development-book-volume-ii-1091-1097,1091,State Department for Roads,1091184000,Spot Improvement - Vol 1,1091184005,Kivaa-Kamukunji,2630200,Capital Grants to Government Agencies and other Levels of Government,exp,0,15750000,0,0,256,yes
fy-2026-27-development-book-volume-ii-1091-1097,1091,State Department for Roads,1091184000,Spot Improvement - Vol 1,1091184007,Kima -Kima market,2630200,Capital Grants to Government Agencies and other Levels of Government,exp,0,8000000,0,0,256,yes
fy-2026-27-development-book-volume-ii-1091-1097,1091,State Department for Roads,1091184000,Spot Improvement - Vol 1,1091184008,Mlundunyi School-Ndome,2630200,Capital Grants to Government Agencies and other Levels of Government,exp,0,7000000,0,0,256,yes
fy-2026-27-development-book-volume-ii-1091-1097,1091,State Department for Roads,1091184000,Spot Improvement - Vol 1,1091184009,Kakululo-Nzawa-Ndalani,2630200,Capital Grants to Government Agencies and other Levels of Government,exp,0,7000000,0,0,257,yes
fy-2026-27-development-book-volume-ii-1091-1097,1091,State Department for Roads,1091184000,Spot Improvement - Vol 1,1091184011,Kinagoni-Munyuni,2630200,Capital Grants to Government Agencies and other Levels of Government,exp,0,9000000,0,0,257,yes
fy-2026-27-development-book-volume-ii-1091-1097,1091,State Department for Roads,1091184000,Spot Improvement - Vol 1,1091184012,Vitsaka Viri-Mwabila,2630200,Capital Grants to Government Agencies and other Levels of Government,exp,0,10000000,0,0,257,yes
fy-2026-27-development-book-volume-ii-1091-1097,1091,State Department for Roads,1091184000,Spot Improvement - Vol 1,1091184013,Achage Rach- Nyangoma,2630200,Capital Grants to Government Agencies and other Levels of Government,exp,0,18750000,0,0,257,yes
fy-2026-27-development-book-volume-ii-1091-1097,1091,State Department for Roads,1091184000,Spot Improvement - Vol 1,1091184014,Karapul Ngiya Rd,2630200,Capital Grants to Government Agencies and other Levels of Government,exp,0,18750000,0,0,257,yes
fy-2026-27-development-book-volume-ii-1091-1097,1091,State Department for Roads,1091184000,Spot Improvement - Vol 1,1091184015,Japata - kibosit,2630200,Capital Grants to Government Agencies and other Levels of Government,exp,0,18750000,0,0,257,yes
fy-2026-27-development-book-volume-ii-1091-1097,1091,State Department for Roads,1091184000,Spot Improvement - Vol 1,1091184016,Chorlim - Chelulus,2630200,Capital Grants to Government Agencies and other Levels of Government,exp,0,18750000,0,0,257,yes
fy-2026-27-development-book-volume-ii-1091-1097,1091,State Department for Roads,1091184000,Spot Improvement - Vol 1,1091184017,Yemtu-Kaptemgoh,2630200,Capital Grants to Government Agencies and other Levels of Government,exp,0,18750000,0,0,257,yes
fy-2026-27-development-book-volume-ii-1091-1097,1091,State Department for Roads,1091184000,Spot Improvement - Vol 1,1091184018,Kitelakapel-Lodupup-Kedingan-Kongelai,2630200,Capital Grants to Government Agencies and other Levels of Government,exp,0,18750000,0,0,257,yes
fy-2026-27-development-book-volume-ii-1091-1097,1091,State Department for Roads,1091184000,Spot Improvement - Vol 1,1091184019,Elnur-Tula Tula-Abagmathobe Road,2630200,Capital Grants to Government Agencies and other Levels of Government,exp,0,18750000,0,0,257,yes
fy-2026-27-development-book-volume-ii-1091-1097,1091,State Department for Roads,1091184000,Spot Improvement - Vol 1,1091184020,Eldas_Lanqura_ Della Road,2630200,Capital Grants to Government Agencies and other Levels of Government,exp,0,18750000,0,0,257,yes
fy-2026-27-development-book-volume-ii-1091-1097,1091,State Department for Roads,1091184000,Spot Improvement - Vol 1,1091184021,Kwa ngindu - miambani Rd,2630200,Capital Grants to Government Agencies and other Levels of Government,exp,0,18750000,0,0,258,yes
fy-2026-27-development-book-volume-ii-1091-1097,1091,State Department for Roads,1091184000,Spot Improvement - Vol 1,1091184022,Mulundi - Mathuluni Rd,2630200,Capital Grants to Government Agencies and other Levels of Government,exp,0,18750000,0,0,258,yes
fy-2026-27-development-book-volume-ii-1091-1097,1091,State Department for Roads,1091184000,Spot Improvement - Vol 1,1091184023,Kamboe- Korkora- Nalmalo,2630200,Capital Grants to Government Agencies and other Levels of Government,exp,0,18750000,0,0,258,yes
fy-2026-27-development-book-volume-ii-1091-1097,1091,State Department for Roads,1091184000,Spot Improvement - Vol 1,1091184024,Ndikir- Lontolio-Ulauli Center,2630200,Capital Grants to Government Agencies and other Levels of Government,exp,0,18750000,0,0,258,yes
fy-2026-27-development-book-volume-ii-1091-1097,1091,State Department for Roads,1091184000,Spot Improvement - Vol 1,1091184025,Masalani-Hajj Mohamed road(Ijara),2630200,Capital Grants to Government Agencies and other Levels of Government,exp,0,18750000,0,0,258,yes
fy-2026-27-development-book-volume-ii-1091-1097,1091,State Department for Roads,1091184000,Spot Improvement - Vol 1,1091184026,Gababa-Garasweinow (C1046)road( Ijara),2630200,Capital Grants to Government Agencies and other Levels of Government,exp,0,18750000,0,0,258,yes
fy-2026-27-development-book-volume-ii-1091-1097,1091,State Department for Roads,1091184000,Spot Improvement - Vol 1,1091184027,Mabera - Nyamekoma- Nyametembe,2630200,Capital Grants to Government Agencies and other Levels of Government,exp,0,18750000,0,0,258,yes
fy-2026-27-development-book-volume-ii-1091-1097,1091,State Department for Roads,1091184000,Spot Improvement - Vol 1,1091184028,Maguti- Bogambero- Kubweye,2630200,Capital Grants to Government Agencies and other Levels of Government,exp,0,18750000,0,0,258,yes
fy-2026-27-development-book-volume-ii-1091-1097,1091,State Department for Roads,1091184000,Spot Improvement - Vol 1,1091184029,Yogo- Mahwi- Umer,2630200,Capital Grants to Government Agencies and other Levels of Government,exp,0,18750000,0,0,258,yes
fy-2026-27-development-book-volume-ii-1091-1097,1091,State Department for Roads,1091184000,Spot Improvement - Vol 1,1091184030,Sega - Kagonya - Ligigo,2630200,Capital Grants to Government Agencies and other Levels of Government,exp,0,18750000,0,0,258,yes
fy-2026-27-development-book-volume-ii-1091-1097,1091,State Department for Roads,1091184000,Spot Improvement - Vol 1,1091184031,Chakareli - Wagakenia Road,2630200,Capital Grants to Government Agencies and other Levels of Government,exp,0,18750000,0,0,259,yes
fy-2026-27-development-book-volume-ii-1091-1097,1091,State Department for Roads,1091184000,Spot Improvement - Vol 1,1091184032,Ngano- Munga Primary road,2630200,Capital Grants to Government Agencies and other Levels of Government,exp,0,18750000,0,0,259,yes
fy-2026-27-development-book-volume-ii-1091-1097,1091,State Department for Roads,1091184000,Spot Improvement - Vol 1,1091184033,Lushangonyi Mkamwasi,2630200,Capital Grants to Government Agencies and other Levels of Government,exp,0,18750000,0,0,259,yes
fy-2026-27-development-book-volume-ii-1091-1097,1091,State Department for Roads,1091184000,Spot Improvement - Vol 1,1091184034,Makandenyi Kishushe,2630200,Capital Grants to Government Agencies and other Levels of Government,exp,0,18750000,0,0,259,yes
fy-2026-27-development-book-volume-ii-1091-1097,1091,State Department for Roads,1091184000,Spot Improvement - Vol 1,1091184035,Dudi/Shirotsa/Manyulia,2630200,Capital Grants to Government Agencies and other Levels of Government,exp,0,18750000,0,0,259,yes
fy-2026-27-development-book-volume-ii-1091-1097,1091,State Department for Roads,1091184000,Spot Improvement - Vol 1,1091184036,Emungweso/Shiongo/Butai,2630200,Capital Grants to Government Agencies and other Levels of Government,exp,0,18750000,0,0,259,yes
fy-2026-27-development-book-volume-ii-1091-1097,1091,State Department for Roads,1091184000,Spot Improvement - Vol 1,1091184037,Ntherone- Thaicu- Kiruiro,2630200,Capital Grants to Government Agencies and other Levels of Government,exp,0,18750000,0,0,259,yes
fy-2026-27-development-book-volume-ii-1091-1097,1091,State Department for Roads,1091184000,Spot Improvement - Vol 1,1091184038,Junction- Kiolu-Kilili,2630200,Capital Grants to Government Agencies and other Levels of Government,exp,0,18750000,0,0,259,yes
fy-2026-27-development-book-volume-ii-1091-1097,1091,State Department for Roads,1091184000,Spot Improvement - Vol 1,1091184039,Masara Godkwer Giribe Obembo road,2630200,Capital Grants to Government Agencies and other Levels of Government,exp,0,18750000,0,0,259,yes
fy-2026-27-development-book-volume-ii-1091-1097,1091,State Department for Roads,1091184000,Spot Improvement - Vol 1,1091184040,Ramoya kabaraza ombo dago Road,2630200,Capital Grants to Government Agencies and other Levels of Government,exp,0,18750000,0,0,259,yes
fy-2026-27-development-book-volume-ii-1091-1097,1091,State Department for Roads,1091184000,Spot Improvement - Vol 1,1091184041,Kirihinya road,2630200,Capital Grants to Government Agencies and other Levels of Government,exp,0,18750000,0,0,259,yes
fy-2026-27-development-book-volume-ii-1091-1097,1091,State Department for Roads,1091184000,Spot Improvement - Vol 1,1091184042,Gachorue road,2630200,Capital Grants to Government Agencies and other Levels of Government,exp,0,18750000,0,0,260,yes
fy-2026-27-development-book-volume-ii-1091-1097,1091,State Department for Roads,1091184000,Spot Improvement - Vol 1,1091184043,Cinema Nyakuru Road,2630200,Capital Grants to Government Agencies and other Levels of Government,exp,0,18750000,0,0,260,yes
fy-2026-27-development-book-volume-ii-1091-1097,1091,State Department for Roads,1091184000,Spot Improvement - Vol 1,1091184044,Cinema Wikoteng Mbeka Nyakwadha Road,2630200,Capital Grants to Government Agencies and other Levels of Government,exp,0,18750000,0,0,260,yes
fy-2026-27-development-book-volume-ii-1091-1097,1091,State Department for Roads,1091184000,Spot Improvement - Vol 1,1091184045,Garsen-Maziwa,2630200,Capital Grants to Government Agencies and other Levels of Government,exp,0,18750000,0,0,260,yes
fy-2026-27-development-book-volume-ii-1091-1097,1091,State Department for Roads,1091184000,Spot Improvement - Vol 1,1091184046,Kibusu-Dalu-Dibe,2630200,Capital Grants to Government Agencies and other Levels of Government,exp,0,18750000,0,0,260,yes
fy-2026-27-development-book-volume-ii-1091-1097,1091,State Department for Roads,1091184000,Spot Improvement - Vol 1,1091184047,Wekulo - Makhonge,2630200,Capital Grants to Government Agencies and other Levels of Government,exp,0,18750000,0,0,260,yes
fy-2026-27-development-book-volume-ii-1091-1097,1091,State Department for Roads,1091184000,Spot Improvement - Vol 1,1091184048,Mbakalo - Kibisi mkt- Karima,2630200,Capital Grants to Government Agencies and other Levels of Government,exp,0,18750000,0,0,260,yes
fy-2026-27-development-book-volume-ii-1091-1097,1091,State Department for Roads,1091184000,Spot Improvement - Vol 1,1091184049,Small and Lovely Resort -Madebeni,2630200,Capital Grants to Government Agencies and other Levels of Government,exp,0,18750000,0,0,260,yes
fy-2026-27-development-book-volume-ii-1091-1097,1091,State Department for Roads,1091184000,Spot Improvement - Vol 1,1091184050,Eshisiru - Eshiongo,2630200,Capital Grants to Government Agencies and other Levels of Government,exp,0,18750000,0,0,260,yes
fy-2026-27-development-book-volume-ii-1091-1097,1091,State Department for Roads,1091184000,Spot Improvement - Vol 1,1091184051,Kotolian-Ololulunga,2630200,Capital Grants to Government Agencies and other Levels of Government,exp,0,18750000,0,0,260,yes
fy-2026-27-development-book-volume-ii-1091-1097,1091,State Department for Roads,1091184000,Spot Improvement - Vol 1,1091184052,Oldonyio-Ololkileleng,2630200,Capital Grants to Government Agencies and other Levels of Government,exp,0,18750000,0,0,261,yes
fy-2026-27-development-book-volume-ii-1091-1097,1091,State Department for Roads,1091184000,Spot Improvement - Vol 1,1091184053,Stage -Ngarie-Mutitu -Kamailel-Kibagenge-Tuiyobei-Kaabei Road,2630200,Capital Grants to Government Agencies and other Levels of Government,exp,0,18750000,0,0,261,yes
fy-2026-27-development-book-volume-ii-1091-1097,1091,State Department for Roads,1091184000,Spot Improvement - Vol 1,1091184054,Sirata- Chemorongion -kapindasum- Mukutani road,2630200,Capital Grants to Government Agencies and other Levels of Government,exp,0,18750000,0,0,261,yes
fy-2026-27-development-book-volume-ii-1091-1097,1091,State Department for Roads,1091184000,Spot Improvement - Vol 1,1091184055,Nyabworoba Nyagesenda,2630200,Capital Grants to Government Agencies and other Levels of Government,exp,0,18750000,0,0,261,yes
fy-2026-27-development-book-volume-ii-1091-1097,1091,State Department for Roads,1091184000,Spot Improvement - Vol 1,1091184056,Kenyoro Ragogo,2630200,Capital Grants to Government Agencies and other Levels of Government,exp,0,18750000,0,0,261,yes
fy-2026-27-development-book-volume-ii-1091-1097,1091,State Department for Roads,1091184000,Spot Improvement - Vol 1,1091184057,Halima Garmaja -Wadhadaha Road,2630200,Capital Grants to Government Agencies and other Levels of Government,exp,0,18750000,0,0,261,yes
fy-2026-27-development-book-volume-ii-1091-1097,1091,State Department for Roads,1091184000,Spot Improvement - Vol 1,1091184058,Kabo Qabriga kheira Road,2630200,Capital Grants to Government Agencies and other Levels of Government,exp,0,18750000,0,0,261,yes
fy-2026-27-development-book-volume-ii-1091-1097,1091,State Department for Roads,1091184000,Spot Improvement - Vol 1,1091184059,Kalamba ( Kikumbulyu) - Kalungu Asst Chiefs office,2630200,Capital Grants to Government Agencies and other Levels of Government,exp,0,18750000,0,0,261,yes
fy-2026-27-development-book-volume-ii-1091-1097,1091,State Department for Roads,1091184000,Spot Improvement - Vol 1,1091184060,Makindu - Syumile - Nyayo,2630200,Capital Grants to Government Agencies and other Levels of Government,exp,0,18750000,0,0,261,yes
fy-2026-27-development-book-volume-ii-1091-1097,1091,State Department for Roads,1091184000,Spot Improvement - Vol 1,1091184061,Christ the King-Kangora Road,2630200,Capital Grants to Government Agencies and other Levels of Government,exp,0,18750000,0,0,261,yes
fy-2026-27-development-book-volume-ii-1091-1097,1091,State Department for Roads,1091184000,Spot Improvement - Vol 1,1091184062,Ndongoro-Kahingaini Road,2630200,Capital Grants to Government Agencies and other Levels of Government,exp,0,18750000,0,0,261,yes
fy-2026-27-development-book-volume-ii-1091-1097,1091,State Department for Roads,1091184000,Spot Improvement - Vol 1,1091184063,Iruri-Kamune -Kamacharia,2630200,Capital Grants to Government Agencies and other Levels of Government,exp,0,18750000,0,0,262,yes
fy-2026-27-development-book-volume-ii-1091-1097,1091,State Department for Roads,1091184000,Spot Improvement - Vol 1,1091184064,Gitugi-Karung'e -Kirimiga,2630200,Capital Grants to Government Agencies and other Levels of Government,exp,0,18750000,0,0,262,yes
fy-2026-27-development-book-volume-ii-1091-1097,1091,State Department for Roads,1091184000,Spot Improvement - Vol 1,1091184065,Kalavi close road 2km,2630200,Capital Grants to Government Agencies and other Levels of Government,exp,0,18750000,0,0,262,yes
fy-2026-27-development-book-volume-ii-1091-1097,1091,State Department for Roads,1091184000,Spot Improvement - Vol 1,1091184066,Utawala Central SDA Access road 2km,2630200,Capital Grants to Government Agencies and other Levels of Government,exp,0,18750000,0,0,262,yes
fy-2026-27-development-book-volume-ii-1091-1097,1091,State Department for Roads,1091184000,Spot Improvement - Vol 1,1091184067,Vikobani Access Roads,2630200,Capital Grants to Government Agencies and other Levels of Government,exp,0,18750000,0,0,262,yes
fy-2026-27-development-book-volume-ii-1091-1097,1091,State Department for Roads,1091184000,Spot Improvement - Vol 1,1091184068,Kibarani Access,2630200,Capital Grants to Government Agencies and other Levels of Government,exp,0,18750000,0,0,262,yes
fy-2026-27-development-book-volume-ii-1091-1097,1091,State Department for Roads,1091184000,Spot Improvement - Vol 1,1091184069,Calvary Church - Utabithi Academy - Ndaragua River Road,2630200,Capital Grants to Government Agencies and other Levels of Government,exp,0,18750000,0,0,262,yes
fy-2026-27-development-book-volume-ii-1091-1097,1091,State Department for Roads,1091184000,Spot Improvement - Vol 1,1091184070,Imani Churcko Mjinga - Mutheru Kevin Hospital Road,2630200,Capital Grants to Government Agencies and other Levels of Government,exp,0,18750000,0,0,262,yes
fy-2026-27-development-book-volume-ii-1091-1097,1091,State Department for Roads,1091184000,Spot Improvement - Vol 1,1091184071,Nasianda-Musambichi Bridge,2630200,Capital Grants to Government Agencies and other Levels of Government,exp,0,18750000,0,0,262,yes
fy-2026-27-development-book-volume-ii-1091-1097,1091,State Department for Roads,1091184000,Spot Improvement - Vol 1,1091184072,Namawanga - Kangabasi - Siunae Bridge,2630200,Capital Grants to Government Agencies and other Levels of Government,exp,0,18750000,0,0,262,yes
fy-2026-27-development-book-volume-ii-1091-1097,1091,State Department for Roads,1091184000,Spot Improvement - Vol 1,1091184073,Lirhanda - Bukhumi,2630200,Capital Grants to Government Agencies and other Levels of Government,exp,0,18750000,0,0,263,yes
fy-2026-27-development-book-volume-ii-1091-1097,1091,State Department for Roads,1091184000,Spot Improvement - Vol 1,1091184074,Shipalo - Virhembe,2630200,Capital Grants to Government Agencies and other Levels of Government,exp,0,18750000,0,0,263,yes
fy-2026-27-development-book-volume-ii-1091-1097,1091,State Department for Roads,1091184000,Spot Improvement - Vol 1,1091184075,Mwakinya Kiambiriria - Lamuria Cordindly road,2630200,Capital Grants to Government Agencies and other Levels of Government,exp,0,18750000,0,0,263,yes
fy-2026-27-development-book-volume-ii-1091-1097,1091,State Department for Roads,1091184000,Spot Improvement - Vol 1,1091184076,Muhonia Mwireri Wakabaya - Kiafunda road,2630200,Capital Grants to Government Agencies and other Levels of Government,exp,0,18750000,0,0,263,yes
fy-2026-27-development-book-volume-ii-1091-1097,1091,State Department for Roads,1091184000,Spot Improvement - Vol 1,1091184077,Irinda Magundu - Kiraria roads,2630200,Capital Grants to Government Agencies and other Levels of Government,exp,0,18750000,0,0,263,yes
fy-2026-27-development-book-volume-ii-1091-1097,1091,State Department for Roads,1091184000,Spot Improvement - Vol 1,1091184078,Giantune Soweto - Matuntukine,2630200,Capital Grants to Government Agencies and other Levels of Government,exp,0,18750000,0,0,263,yes
fy-2026-27-development-book-volume-ii-1091-1097,1091,State Department for Roads,1091184000,Spot Improvement - Vol 1,1091184079,Sukelalam Nyata road,2630200,Capital Grants to Government Agencies and other Levels of Government,exp,0,18750000,0,0,263,yes
fy-2026-27-development-book-volume-ii-1091-1097,1091,State Department for Roads,1091184000,Spot Improvement - Vol 1,1091184080,Lensayu - Dadabla road,2630200,Capital Grants to Government Agencies and other Levels of Government,exp,0,18750000,0,0,263,yes
fy-2026-27-development-book-volume-ii-1091-1097,1091,State Department for Roads,1091184000,Spot Improvement - Vol 1,1091184081,Habrirow - Sarohindi Road,2630200,Capital Grants to Government Agencies and other Levels of Government,exp,0,18750000,0,0,263,yes
fy-2026-27-development-book-volume-ii-1091-1097,1091,State Department for Roads,1091184000,Spot Improvement - Vol 1,1091184082,Bananey - Aresa Road,2630200,Capital Grants to Government Agencies and other Levels of Government,exp,0,18750000,0,0,263,yes
fy-2026-27-development-book-volume-ii-1091-1097,1091,State Department for Roads,1091184000,Spot Improvement - Vol 1,1091184083,Buriya-Ruwe - Mulufumba -Ekhalomba Lusheya Lukongo -,2630200,Capital Grants to Government Agencies and other Levels of Government,exp,0,18750000,0,0,263,yes
fy-2026-27-development-book-volume-ii-1091-1097,1091,State Department for Roads,1091184000,Spot Improvement - Vol 1,1091184084,Ingusi Junction - Bubala -Matawa - Buchifi-Musanda -Murumba-,2630200,Capital Grants to Government Agencies and other Levels of Government,exp,0,18750000,0,0,264,yes
fy-2026-27-development-book-volume-ii-1091-1097,1091,State Department for Roads,1091184000,Spot Improvement - Vol 1,1091184085,Campus Nyamage -Nyaura Bobaracho,2630200,Capital Grants to Government Agencies and other Levels of Government,exp,0,18750000,0,0,264,yes
fy-2026-27-development-book-volume-ii-1091-1097,1091,State Department for Roads,1091184000,Spot Improvement - Vol 1,1091184086,?Kiogoro Nyamiobo - Masongo Nyansancha Riamang'era,2630200,Capital Grants to Government Agencies and other Levels of Government,exp,0,18750000,0,0,264,yes
fy-2026-27-development-book-volume-ii-1091-1097,1091,State Department for Roads,1091184000,Spot Improvement - Vol 1,1091184087,Mumbi Pry - Githima,2630200,Capital Grants to Government Agencies and other Levels of Government,exp,0,18750000,0,0,264,yes
fy-2026-27-development-book-volume-ii-1091-1097,1091,State Department for Roads,1091184000,Spot Improvement - Vol 1,1091184088,Kamande Mkt - Mawingu Hosp,2630200,Capital Grants to Government Agencies and other Levels of Government,exp,0,18750000,0,0,264,yes
fy-2026-27-development-book-volume-ii-1091-1097,1091,State Department for Roads,1091184000,Spot Improvement - Vol 1,1091184089,Tharuni Dairy Kairu Michuki Junction Kinguru Road,2630200,Capital Grants to Government Agencies and other Levels of Government,exp,0,18750000,0,0,264,yes
fy-2026-27-development-book-volume-ii-1091-1097,1091,State Department for Roads,1091184000,Spot Improvement - Vol 1,1091184090,Access Micobo Walter Karungu Mirithu RD,2630200,Capital Grants to Government Agencies and other Levels of Government,exp,0,18750000,0,0,264,yes
fy-2026-27-development-book-volume-ii-1091-1097,1091,State Department for Roads,1091184000,Spot Improvement - Vol 1,1091184091,Kabitungu Rogonget Rd,2630200,Capital Grants to Government Agencies and other Levels of Government,exp,0,18750000,0,0,264,yes
fy-2026-27-development-book-volume-ii-1091-1097,1091,State Department for Roads,1091184000,Spot Improvement - Vol 1,1091184092,Kelunet Primary Dispensary Access Road,2630200,Capital Grants to Government Agencies and other Levels of Government,exp,0,18750000,0,0,264,yes
fy-2026-27-development-book-volume-ii-1091-1097,1091,State Department for Roads,1091184000,Spot Improvement - Vol 1,1091184093,St Maurious Road Mathare North,2630200,Capital Grants to Government Agencies and other Levels of Government,exp,0,18750000,0,0,264,yes
fy-2026-27-development-book-volume-ii-1091-1097,1091,State Department for Roads,1091184000,Spot Improvement - Vol 1,1091184094,Drive Inn Drive Ruaraka Naivas Road,2630200,Capital Grants to Government Agencies and other Levels of Government,exp,0,18750000,0,0,265,yes
fy-2026-27-development-book-volume-ii-1091-1097,1091,State Department for Roads,1091184000,Spot Improvement - Vol 1,1091184095,Kibirigwi Access Roads 25M,2630200,Capital Grants to Government Agencies and other Levels of Government,exp,0,18750000,0,0,265,yes
fy-2026-27-development-book-volume-ii-1091-1097,1091,State Department for Roads,1091184000,Spot Improvement - Vol 1,1091184096,Kahiro Primary Access Roads,2630200,Capital Grants to Government Agencies and other Levels of Government,exp,0,18750000,0,0,265,yes
fy-2026-27-development-book-volume-ii-1091-1097,1091,State Department for Roads,1091184000,Spot Improvement - Vol 1,1091184097,Kimuka -Saikeli,2630200,Capital Grants to Government Agencies and other Levels of Government,exp,0,18750000,0,0,265,yes
fy-2026-27-development-book-volume-ii-1091-1097,1091,State Department for Roads,1091184000,Spot Improvement - Vol 1,1091184098,Ewaso Kedong-Sailachi,2630200,Capital Grants to Government Agencies and other Levels of Government,exp,0,18750000,0,0,265,yes
fy-2026-27-development-book-volume-ii-1091-1097,1091,State Department for Roads,1091184000,Spot Improvement - Vol 1,1091184099,Najire-Nkorika,2630200,Capital Grants to Government Agencies and other Levels of Government,exp,0,18750000,0,0,265,yes
fy-2026-27-development-book-volume-ii-1091-1097,1091,State Department for Roads,1091184100,Spot Improvement - Vol 2,1091184102,Sailachi-Eparaku,2630200,Capital Grants to Government Agencies and other Levels of Government,exp,0,18750000,0,0,265,yes
fy-2026-27-development-book-volume-ii-1091-1097,1091,State Department for Roads,1091184100,Spot Improvement - Vol 2,1091184103,Olonana-Leshutu,2630200,Capital Grants to Government Agencies and other Levels of Government,exp,0,18750000,0,0,265,yes
fy-2026-27-development-book-volume-ii-1091-1097,1091,State Department for Roads,1091184100,Spot Improvement - Vol 2,1091184104,Bissil-Illpatimaro,2630200,Capital Grants to Government Agencies and other Levels of Government,exp,0,18750000,0,0,265,yes
fy-2026-27-development-book-volume-ii-1091-1097,1091,State Department for Roads,1091184100,Spot Improvement - Vol 2,1091184105,Inkiito-Meto,2630200,Capital Grants to Government Agencies and other Levels of Government,exp,0,18750000,0,0,265,yes
fy-2026-27-development-book-volume-ii-1091-1097,1091,State Department for Roads,1091184100,Spot Improvement - Vol 2,1091184106,Eseki-Imarba,2630200,Capital Grants to Government Agencies and other Levels of Government,exp,0,18750000,0,0,266,yes
fy-2026-27-development-book-volume-ii-1091-1097,1091,State Department for Roads,1091184100,Spot Improvement - Vol 2,1091184107,Jcn B52-Sajiloni,2630200,Capital Grants to Government Agencies and other Levels of Government,exp,0,18750000,0,0,266,yes
fy-2026-27-development-book-volume-ii-1091-1097,1091,State Department for Roads,1091184100,Spot Improvement - Vol 2,1091184108,Orgulului-Ngarampuni,2630200,Capital Grants to Government Agencies and other Levels of Government,exp,0,18750000,0,0,266,yes
fy-2026-27-development-book-volume-ii-1091-1097,1091,State Department for Roads,1091184100,Spot Improvement - Vol 2,1091184113,Matundura - Munyaka Road,2630200,Capital Grants to Government Agencies and other Levels of Government,exp,0,14625000,0,0,266,yes
fy-2026-27-development-book-volume-ii-1091-1097,1091,State Department for Roads,1091184100,Spot Improvement - Vol 2,1091184114,Kwa Macharia - Weru Township Road,2630200,Capital Grants to Government Agencies and other Levels of Government,exp,0,20250000,0,0,266,yes
fy-2026-27-development-book-volume-ii-1091-1097,1091,State Department for Roads,1091184100,Spot Improvement - Vol 2,1091184115,Kahuho - Mkungi Road,2630200,Capital Grants to Government Agencies and other Levels of Government,exp,0,13725000,0,0,266,yes
fy-2026-27-development-book-volume-ii-1091-1097,1091,State Department for Roads,1091184100,Spot Improvement - Vol 2,1091184116,Ahiti - Kianjata Road,2630200,Capital Grants to Government Agencies and other Levels of Government,exp,0,12825000,0,0,266,yes
fy-2026-27-development-book-volume-ii-1091-1097,1091,State Department for Roads,1091184100,Spot Improvement - Vol 2,1091184117,Kasuku - Olbolosat Road,2630200,Capital Grants to Government Agencies and other Levels of Government,exp,0,14625000,0,0,266,yes
fy-2026-27-development-book-volume-ii-1091-1097,1091,State Department for Roads,1091184100,Spot Improvement - Vol 2,1091184118,Ngomongo - Gikingi Road,2630200,Capital Grants to Government Agencies and other Levels of Government,exp,0,10000000,0,0,266,yes
fy-2026-27-development-book-volume-ii-1091-1097,1091,State Department for Roads,1091184100,Spot Improvement - Vol 2,1091184119,Balaam - Highlands Road,2630200,Capital Grants to Government Agencies and other Levels of Government,exp,0,15000000,0,0,266,yes
fy-2026-27-development-book-volume-ii-1091-1097,1091,State Department for Roads,1091184100,Spot Improvement - Vol 2,1091184120,?Daima - Mkungi - Kahuho Road,2630200,Capital Grants to Government Agencies and other Levels of Government,exp,0,22500000,0,0,267,yes
fy-2026-27-development-book-volume-ii-1091-1097,1091,State Department for Roads,1091184100,Spot Improvement - Vol 2,1091184121,Kahuho - Soweto - Mahiga Meri Road,2630200,Capital Grants to Government Agencies and other Levels of Government,exp,0,15000000,0,0,267,yes
fy-2026-27-development-book-volume-ii-1091-1097,1091,State Department for Roads,1091184100,Spot Improvement - Vol 2,1091184122,Kwa Macharia - Kwa Njama Road,2630200,Capital Grants to Government Agencies and other Levels of Government,exp,0,20250000,0,0,267,yes
fy-2026-27-development-book-volume-ii-1091-1097,1091,State Department for Roads,1091184100,Spot Improvement - Vol 2,1091184123,Muti-ini - Ndaraca-ini Road,2630200,Capital Grants to Government Agencies and other Levels of Government,exp,0,18750000,0,0,267,yes
fy-2026-27-development-book-volume-ii-1091-1097,1091,State Department for Roads,1091184100,Spot Improvement - Vol 2,1091184124,Munyuini Davies Road,2630200,Capital Grants to Government Agencies and other Levels of Government,exp,0,11250000,0,0,267,yes
fy-2026-27-development-book-volume-ii-1091-1097,1091,State Department for Roads,1091184100,Spot Improvement - Vol 2,1091184125,Junction C487 Wanjura - Makuti Road,2630200,Capital Grants to Government Agencies and other Levels of Government,exp,0,11250000,0,0,267,yes
fy-2026-27-development-book-volume-ii-1091-1097,1091,State Department for Roads,1091184100,Spot Improvement - Vol 2,1091184126,Mutara - AP Camp Road,2630200,Capital Grants to Government Agencies and other Levels of Government,exp,0,22500000,0,0,267,yes
fy-2026-27-development-book-volume-ii-1091-1097,1091,State Department for Roads,1091184100,Spot Improvement - Vol 2,1091184127,Ruto Gate - ADC Road,2630200,Capital Grants to Government Agencies and other Levels of Government,exp,0,22500000,0,0,267,yes
fy-2026-27-development-book-volume-ii-1091-1097,1091,State Department for Roads,1091184100,Spot Improvement - Vol 2,1091184128,Muruku River - Credible Gate Road,2630200,Capital Grants to Government Agencies and other Levels of Government,exp,0,20250000,0,0,267,yes
fy-2026-27-development-book-volume-ii-1091-1097,1091,State Department for Roads,1091184100,Spot Improvement - Vol 2,1091184129,Rumuruti - Simotwo Junction Road,2630200,Capital Grants to Government Agencies and other Levels of Government,exp,0,22500000,0,0,267,yes
fy-2026-27-development-book-volume-ii-1091-1097,1091,State Department for Roads,1091184100,Spot Improvement - Vol 2,1091184130,Kambiti - Maranjau Road,2630200,Capital Grants to Government Agencies and other Levels of Government,exp,0,22500000,0,0,267,yes
fy-2026-27-development-book-volume-ii-1091-1097,1091,State Department for Roads,1091184100,Spot Improvement - Vol 2,1091184131,Pundamilia - A2 Junction Road,2630200,Capital Grants to Government Agencies and other Levels of Government,exp,0,22500000,0,0,268,yes
fy-2026-27-development-book-volume-ii-1091-1097,1091,State Department for Roads,1091184100,Spot Improvement - Vol 2,1091184132,Kenol - Katipanga Road,2630200,Capital Grants to Government Agencies and other Levels of Government,exp,0,22500000,0,0,268,yes
fy-2026-27-development-book-volume-ii-1091-1097,1091,State Department for Roads,1091184100,Spot Improvement - Vol 2,1091184133,Mangoto - Kangangu Road,2630200,Capital Grants to Government Agencies and other Levels of Government,exp,0,20250000,0,0,268,yes
fy-2026-27-development-book-volume-ii-1091-1097,1091,State Department for Roads,1091184100,Spot Improvement - Vol 2,1091184134,Nginda - Kiiringoro Road,2630200,Capital Grants to Government Agencies and other Levels of Government,exp,0,22500000,0,0,268,yes
fy-2026-27-development-book-volume-ii-1091-1097,1091,State Department for Roads,1091184100,Spot Improvement - Vol 2,1091184135,Ngaru - DB Muranga Road,2630200,Capital Grants to Government Agencies and other Levels of Government,exp,0,13500000,0,0,268,yes
fy-2026-27-development-book-volume-ii-1091-1097,1091,State Department for Roads,1091184100,Spot Improvement - Vol 2,1091184136,Kariko - Mucharage Road,2630200,Capital Grants to Government Agencies and other Levels of Government,exp,0,13500000,0,0,268,yes
fy-2026-27-development-book-volume-ii-1091-1097,1091,State Department for Roads,1091184100,Spot Improvement - Vol 2,1091184137,Gathinji - Green Aces Road,2630200,Capital Grants to Government Agencies and other Levels of Government,exp,0,10000000,0,0,268,yes
fy-2026-27-development-book-volume-ii-1091-1097,1091,State Department for Roads,1091184100,Spot Improvement - Vol 2,1091184138,Karogoe - Nyumba ya Ihiga - Kwa Gatheru Road,2630200,Capital Grants to Government Agencies and other Levels of Government,exp,0,22500000,0,0,268,yes
fy-2026-27-development-book-volume-ii-1091-1097,1091,State Department for Roads,1091184100,Spot Improvement - Vol 2,1091184139,St Georges Grassland - Mariguini - Lanet Umoja Road,2630200,Capital Grants to Government Agencies and other Levels of Government,exp,0,13500000,0,0,268,yes
fy-2026-27-development-book-volume-ii-1091-1097,1091,State Department for Roads,1091184100,Spot Improvement - Vol 2,1091184140,Junction B21 - Heshima - Menengai Hill Road,2630200,Capital Grants to Government Agencies and other Levels of Government,exp,0,10000000,0,0,268,yes
fy-2026-27-development-book-volume-ii-1091-1097,1091,State Department for Roads,1091184100,Spot Improvement - Vol 2,1091184141,St Anthony Hospital - Kiangai - Workers Road,2630200,Capital Grants to Government Agencies and other Levels of Government,exp,0,11250000,0,0,269,yes
fy-2026-27-development-book-volume-ii-1091-1097,1091,State Department for Roads,1091184100,Spot Improvement - Vol 2,1091184142,Bahati PCEA - Mukue - Forest Road,2630200,Capital Grants to Government Agencies and other Levels of Government,exp,0,12825000,0,0,269,yes
fy-2026-27-development-book-volume-ii-1091-1097,1091,State Department for Roads,1091184100,Spot Improvement - Vol 2,1091184143,Junction C717 - Cida - Songoloi Road,2630200,Capital Grants to Government Agencies and other Levels of Government,exp,0,22500000,0,0,269,yes
fy-2026-27-development-book-volume-ii-1091-1097,1091,State Department for Roads,1091184100,Spot Improvement - Vol 2,1091184144,Pembroke - Nyairoko Road,2630200,Capital Grants to Government Agencies and other Levels of Government,exp,0,11250000,0,0,269,yes
fy-2026-27-development-book-volume-ii-1091-1097,1091,State Department for Roads,1091184100,Spot Improvement - Vol 2,1091184145,Gituamba - Mararo Catholic Church Road,2630200,Capital Grants to Government Agencies and other Levels of Government,exp,0,11250000,0,0,269,yes
fy-2026-27-development-book-volume-ii-1091-1097,1091,State Department for Roads,1091184100,Spot Improvement - Vol 2,1091184146,Kona Mbaya - Maryland - Junction A8 Road,2630200,Capital Grants to Government Agencies and other Levels of Government,exp,0,10000000,0,0,269,yes
fy-2026-27-development-book-volume-ii-1091-1097,1091,State Department for Roads,1091184100,Spot Improvement - Vol 2,1091184147,Kona Baridi - Ilmarsin Road,2630200,Capital Grants to Government Agencies and other Levels of Government,exp,0,11250000,0,0,269,yes
fy-2026-27-development-book-volume-ii-1091-1097,1091,State Department for Roads,1091184100,Spot Improvement - Vol 2,1091184148,Enkasiti - Mbirika Road,2630200,Capital Grants to Government Agencies and other Levels of Government,exp,0,15375000,0,0,269,yes
fy-2026-27-development-book-volume-ii-1091-1097,1091,State Department for Roads,1091184100,Spot Improvement - Vol 2,1091184149,Kitengela - Illpolosat Road,2630200,Capital Grants to Government Agencies and other Levels of Government,exp,0,22500000,0,0,269,yes
fy-2026-27-development-book-volume-ii-1091-1097,1091,State Department for Roads,1091184100,Spot Improvement - Vol 2,1091184150,Junction A2 - Kisaju Road,2630200,Capital Grants to Government Agencies and other Levels of Government,exp,0,18000000,0,0,269,yes
fy-2026-27-development-book-volume-ii-1091-1097,1091,State Department for Roads,1091184100,Spot Improvement - Vol 2,1091184151,Mabatini - Konza Road,2630200,Capital Grants to Government Agencies and other Levels of Government,exp,0,21750000,0,0,269,yes
fy-2026-27-development-book-volume-ii-1091-1097,1091,State Department for Roads,1091184100,Spot Improvement - Vol 2,1091184152,Kajiado - Oloyangalani Road,2630200,Capital Grants to Government Agencies and other Levels of Government,exp,0,20250000,0,0,270,yes
fy-2026-27-development-book-volume-ii-1091-1097,1091,State Department for Roads,1091184100,Spot Improvement - Vol 2,1091184153,Olokirdingai - Ilngrooj - Enajooli,2630200,Capital Grants to Government Agencies and other Levels of Government,exp,0,20250000,0,0,270,yes
fy-2026-27-development-book-volume-ii-1091-1097,1091,State Department for Roads,1091184100,Spot Improvement - Vol 2,1091184154,Karecheni - Gitau Road,2630200,Capital Grants to Government Agencies and other Levels of Government,exp,0,22500000,0,0,270,yes
fy-2026-27-development-book-volume-ii-1091-1097,1091,State Department for Roads,1091184100,Spot Improvement - Vol 2,1091184155,Chief Uthiru - Police Station Road,2630200,Capital Grants to Government Agencies and other Levels of Government,exp,0,24750000,0,0,270,yes
fy-2026-27-development-book-volume-ii-1091-1097,1091,State Department for Roads,1091184100,Spot Improvement - Vol 2,1091184156,Gatumumu - Cura Road,2630200,Capital Grants to Government Agencies and other Levels of Government,exp,0,22500000,0,0,270,yes
fy-2026-27-development-book-volume-ii-1091-1097,1091,State Department for Roads,1091184100,Spot Improvement - Vol 2,1091184157,Ndambo - PCEA Kingeero Road,2630200,Capital Grants to Government Agencies and other Levels of Government,exp,0,20250000,0,0,270,yes
fy-2026-27-development-book-volume-ii-1091-1097,1091,State Department for Roads,1091184100,Spot Improvement - Vol 2,1091184158,Kanjeru - Wasay - Mugunyu Road,2630200,Capital Grants to Government Agencies and other Levels of Government,exp,0,21375000,0,0,270,yes
fy-2026-27-development-book-volume-ii-1091-1097,1091,State Department for Roads,1091184100,Spot Improvement - Vol 2,1091184159,Muruthi - Lion - Kahuho Road,2630200,Capital Grants to Government Agencies and other Levels of Government,exp,0,22050000,0,0,270,yes
fy-2026-27-development-book-volume-ii-1091-1097,1091,State Department for Roads,1091184100,Spot Improvement - Vol 2,1091184160,Yamogo - Njoro Road,2630200,Capital Grants to Government Agencies and other Levels of Government,exp,0,20250000,0,0,270,yes
fy-2026-27-development-book-volume-ii-1091-1097,1091,State Department for Roads,1091184100,Spot Improvement - Vol 2,1091184161,Ihuthia - Kentmere Road,2630200,Capital Grants to Government Agencies and other Levels of Government,exp,0,18000000,0,0,270,yes
fy-2026-27-development-book-volume-ii-1091-1097,1091,State Department for Roads,1091184100,Spot Improvement - Vol 2,1091184162,Karecheni - Kahuru - Gitangu Road,2630200,Capital Grants to Government Agencies and other Levels of Government,exp,0,11250000,0,0,271,yes
fy-2026-27-development-book-volume-ii-1091-1097,1091,State Department for Roads,1091184100,Spot Improvement - Vol 2,1091184164,Kamuguga - Mutego Road,2630200,Capital Grants to Government Agencies and other Levels of Government,exp,0,9000000,0,0,271,yes
fy-2026-27-development-book-volume-ii-1091-1097,1091,State Department for Roads,1091184100,Spot Improvement - Vol 2,1091184165,Birthday Forest - Kamuyu - Tulwet - Lesses Junction Road,2630200,Capital Grants to Government Agencies and other Levels of Government,exp,0,22500000,0,0,271,yes
fy-2026-27-development-book-volume-ii-1091-1097,1091,State Department for Roads,1091184100,Spot Improvement - Vol 2,1091184166,Eluche Jnc - Eluche Primary - Luruva - Khabakaya Pri Road,2630200,Capital Grants to Government Agencies and other Levels of Government,exp,0,22500000,0,0,271,yes
fy-2026-27-development-book-volume-ii-1091-1097,1091,State Department for Roads,1091184100,Spot Improvement - Vol 2,1091184167,Kamiti Road- Northern Bypass Link Road,2630200,Capital Grants to Government Agencies and other Levels of Government,exp,0,16875000,0,0,271,yes
fy-2026-27-development-book-volume-ii-1091-1097,1091,State Department for Roads,1091184200,Low Volume Seals LVSR VOL 1,1091184202,RWC 919Olantare - Mariwa - Ogwedhi - Kehancha,2630200,Capital Grants to Government Agencies and other Levels of Government,exp,0,10000000,104500000,209000000,271,yes
fy-2026-27-development-book-volume-ii-1091-1097,1091,State Department for Roads,1091184200,Low Volume Seals LVSR VOL 1,1091184203,RWC 921Rehabilitation Of Lolgorian - Gwitembe -Kehancha,2630200,Capital Grants to Government Agencies and other Levels of Government,exp,0,37125000,99000000,198000000,271,yes
fy-2026-27-development-book-volume-ii-1091-1097,1091,State Department for Roads,1091184200,Low Volume Seals LVSR VOL 1,1091184204,RWC 922Rehabilitation Of Soimet - Leldaret/Cheplanket - Kapkatet,2630200,Capital Grants to Government Agencies and other Levels of Government,exp,0,50159419,133758450,267516899,271,yes
fy-2026-27-development-book-volume-ii-1091-1097,1091,State Department for Roads,1091184200,Low Volume Seals LVSR VOL 1,1091184205,RWC 930Tachasis - Karandili - Chebiemit,2630200,Capital Grants to Government Agencies and other Levels of Government,exp,0,22683467,23372840,60489245,271,yes
fy-2026-27-development-book-volume-ii-1091-1097,1091,State Department for Roads,1091184200,Low Volume Seals LVSR VOL 1,1091184206,RWC 932Tenden - Kibigos - Makutano,2630200,Capital Grants to Government Agencies and other Levels of Government,exp,0,26991342,24488020,71976911,271,yes
fy-2026-27-development-book-volume-ii-1091-1097,1091,State Department for Roads,1091184200,Low Volume Seals LVSR VOL 1,1091184207,RWC 937Community Crossings And Bridges Projects,2630200,Capital Grants to Government Agencies and other Levels of Government,exp,0,150000000,200000000,400000000,272,yes
fy-2026-27-development-book-volume-ii-1091-1097,1091,State Department for Roads,1091184200,Low Volume Seals LVSR VOL 1,1091184208,RWC888Kiengo - Ndambiro - Mangala - Mnp Road,2630200,Capital Grants to Government Agencies and other Levels of Government,exp,0,47347381,126259681,189389522,272,yes
fy-2026-27-development-book-volume-ii-1091-1097,1091,State Department for Roads,1091184200,Low Volume Seals LVSR VOL 1,1091184209,Upgrading to Bitumen Standard Mirogi-Opapo,2630200,Capital Grants to Government Agencies and other Levels of Government,exp,0,37125000,326161809,275357487,272,yes
fy-2026-27-development-book-volume-ii-1091-1097,1091,State Department for Roads,1091184200,Low Volume Seals LVSR VOL 1,1091184210,Bungu - Maena - Uradi - Ulanda Girls High School,2630200,Capital Grants to Government Agencies and other Levels of Government,exp,0,11250000,210000000,0,272,yes
fy-2026-27-development-book-volume-ii-1091-1097,1091,State Department for Roads,1091184200,Low Volume Seals LVSR VOL 1,1091184211,Improvement of Rekeke- St Patriks Kimala-cess,2630200,Capital Grants to Government Agencies and other Levels of Government,exp,0,21000000,0,0,272,yes
fy-2026-27-development-book-volume-ii-1091-1097,1091,State Department for Roads,1091184200,Low Volume Seals LVSR VOL 1,1091184212,Kambu -Nzeveni -Nambani,2630200,Capital Grants to Government Agencies and other Levels of Government,exp,0,21000000,0,0,272,yes
fy-2026-27-development-book-volume-ii-1091-1097,1091,State Department for Roads,1091184200,Low Volume Seals LVSR VOL 1,1091184213,Kiawanugu & Walokana Loop Roads,2630200,Capital Grants to Government Agencies and other Levels of Government,exp,0,18000000,0,0,272,yes
fy-2026-27-development-book-volume-ii-1091-1097,1091,State Department for Roads,1091184200,Low Volume Seals LVSR VOL 1,1091184214,Acces to KWS Office Wajir,2630200,Capital Grants to Government Agencies and other Levels of Government,exp,0,15000000,0,0,272,yes
fy-2026-27-development-book-volume-ii-1091-1097,1091,State Department for Roads,1091184200,Low Volume Seals LVSR VOL 1,1091184215,Access Road to President Mwai Kibaki Moseleum,2630200,Capital Grants to Government Agencies and other Levels of Government,exp,0,18750000,0,0,272,yes
fy-2026-27-development-book-volume-ii-1091-1097,1091,State Department for Roads,1091184200,Low Volume Seals LVSR VOL 1,1091184216,Adventist University - SGR Underpass - Smith Hotel (Magadi Road,2630200,Capital Grants to Government Agencies and other Levels of Government,exp,0,9000000,0,0,272,yes
fy-2026-27-development-book-volume-ii-1091-1097,1091,State Department for Roads,1091184200,Low Volume Seals LVSR VOL 1,1091184217,Ainabkoi - Chelelek - Drys/ Plateau -Mogas/ Waunfor - Lelek Loo,2630200,Capital Grants to Government Agencies and other Levels of Government,exp,0,128100000,0,0,273,yes
fy-2026-27-development-book-volume-ii-1091-1097,1091,State Department for Roads,1091184200,Low Volume Seals LVSR VOL 1,1091184218,B25 Shell Petrol Station - Muranga High Sch Road,2630200,Capital Grants to Government Agencies and other Levels of Government,exp,0,45000000,0,0,273,yes
fy-2026-27-development-book-volume-ii-1091-1097,1091,State Department for Roads,1091184200,Low Volume Seals LVSR VOL 1,1091184219,Baraka - Zebra lane - PCEA Tumaini,2630200,Capital Grants to Government Agencies and other Levels of Government,exp,0,9000000,0,0,273,yes
fy-2026-27-development-book-volume-ii-1091-1097,1091,State Department for Roads,1091184200,Low Volume Seals LVSR VOL 1,1091184220,Busweta - Shinyalu - Vokoli - Kwashem Rd,2630200,Capital Grants to Government Agencies and other Levels of Government,exp,0,100000000,0,0,273,yes
fy-2026-27-development-book-volume-ii-1091-1097,1091,State Department for Roads,1091184200,Low Volume Seals LVSR VOL 1,1091184221,Chabera - Nyamusi - Kioge - Nyamaiya/Tombe - Isinta - Gitaru,2630200,Capital Grants to Government Agencies and other Levels of Government,exp,0,45000000,0,0,273,yes
fy-2026-27-development-book-volume-ii-1091-1097,1091,State Department for Roads,1091184200,Low Volume Seals LVSR VOL 1,1091184223,Chiakariga- Marimanti,2630200,Capital Grants to Government Agencies and other Levels of Government,exp,0,109500000,0,0,273,yes
fy-2026-27-development-book-volume-ii-1091-1097,1091,State Department for Roads,1091184200,Low Volume Seals LVSR VOL 1,1091184224,Chomo-Kigoro,2630200,Capital Grants to Government Agencies and other Levels of Government,exp,0,26250000,100000000,0,273,yes
fy-2026-27-development-book-volume-ii-1091-1097,1091,State Department for Roads,1091184200,Low Volume Seals LVSR VOL 1,1091184225,Gachami-Gura River,2630200,Capital Grants to Government Agencies and other Levels of Government,exp,0,22500000,0,0,273,yes
fy-2026-27-development-book-volume-ii-1091-1097,1091,State Department for Roads,1091184200,Low Volume Seals LVSR VOL 1,1091184226,Galana - Kulalu Approach Roads,2630200,Capital Grants to Government Agencies and other Levels of Government,exp,0,120000000,0,0,273,yes
fy-2026-27-development-book-volume-ii-1091-1097,1091,State Department for Roads,1091184200,Low Volume Seals LVSR VOL 1,1091184227,Gathera - Kwa Chomba,2630200,Capital Grants to Government Agencies and other Levels of Government,exp,0,10000000,0,0,273,yes
fy-2026-27-development-book-volume-ii-1091-1097,1091,State Department for Roads,1091184200,Low Volume Seals LVSR VOL 1,1091184228,Gatiikira Access,2630200,Capital Grants to Government Agencies and other Levels of Government,exp,0,10000000,0,0,273,yes
fy-2026-27-development-book-volume-ii-1091-1097,1091,State Department for Roads,1091184200,Low Volume Seals LVSR VOL 1,1091184229,Gitare-Kanya-Munyutu,2630200,Capital Grants to Government Agencies and other Levels of Government,exp,0,13500000,0,0,274,yes
fy-2026-27-development-book-volume-ii-1091-1097,1091,State Department for Roads,1091184200,Low Volume Seals LVSR VOL 1,1091184230,Githiga-Gatitu-Kamondo-Mutuya,2630200,Capital Grants to Government Agencies and other Levels of Government,exp,0,15750000,0,0,274,yes
fy-2026-27-development-book-volume-ii-1091-1097,1091,State Department for Roads,1091184200,Low Volume Seals LVSR VOL 1,1091184231,Githingiri access roads,2630200,Capital Grants to Government Agencies and other Levels of Government,exp,0,18750000,0,0,274,yes
fy-2026-27-development-book-volume-ii-1091-1097,1091,State Department for Roads,1091184200,Low Volume Seals LVSR VOL 1,1091184232,Gitirimac entre - Scheme Junction ?-Aic to Gwa Kienje Road,2630200,Capital Grants to Government Agencies and other Levels of Government,exp,0,22500000,0,0,274,yes
fy-2026-27-development-book-volume-ii-1091-1097,1091,State Department for Roads,1091184200,Low Volume Seals LVSR VOL 1,1091184233,Gwa Ishangai - Kitogo -Kamba - Mutamaiyu Pri & Sec School,2630200,Capital Grants to Government Agencies and other Levels of Government,exp,0,45000000,0,0,274,yes
fy-2026-27-development-book-volume-ii-1091-1097,1091,State Department for Roads,1091184200,Low Volume Seals LVSR VOL 1,1091184234,Huruma Estate - Jnct C77 Olkalou Town,2630200,Capital Grants to Government Agencies and other Levels of Government,exp,0,22500000,0,0,274,yes
fy-2026-27-development-book-volume-ii-1091-1097,1091,State Department for Roads,1091184200,Low Volume Seals LVSR VOL 1,1091184235,Ikiu Bridge,2630200,Capital Grants to Government Agencies and other Levels of Government,exp,0,120000000,0,0,274,yes
fy-2026-27-development-book-volume-ii-1091-1097,1091,State Department for Roads,1091184200,Low Volume Seals LVSR VOL 1,1091184236,Imaroro - Mashuru - Ishara Phase 1,2630200,Capital Grants to Government Agencies and other Levels of Government,exp,0,52500000,0,0,274,yes
fy-2026-27-development-book-volume-ii-1091-1097,1091,State Department for Roads,1091184200,Low Volume Seals LVSR VOL 1,1091184237,Improvement Jebrok -Hamisi-Banja Road,2630200,Capital Grants to Government Agencies and other Levels of Government,exp,0,27000000,0,0,274,yes
fy-2026-27-development-book-volume-ii-1091-1097,1091,State Department for Roads,1091184200,Low Volume Seals LVSR VOL 1,1091184238,Improvement Kitale Referral Hospital Access Road,2630200,Capital Grants to Government Agencies and other Levels of Government,exp,0,11250000,0,0,274,yes
fy-2026-27-development-book-volume-ii-1091-1097,1091,State Department for Roads,1091184200,Low Volume Seals LVSR VOL 1,1091184239,Improvement of Kwa Mutisya - Kalawani,2630200,Capital Grants to Government Agencies and other Levels of Government,exp,0,28125000,100000000,150000000,275,yes
fy-2026-27-development-book-volume-ii-1091-1097,1091,State Department for Roads,1091184200,Low Volume Seals LVSR VOL 1,1091184240,Improvement of Ngata Bridge Rvist C56 Njoro Link Road,2630200,Capital Grants to Government Agencies and other Levels of Government,exp,0,10000000,50000000,0,275,yes
fy-2026-27-development-book-volume-ii-1091-1097,1091,State Department for Roads,1091184200,Low Volume Seals LVSR VOL 1,1091184241,Improvement Temple Road,2630200,Capital Grants to Government Agencies and other Levels of Government,exp,0,18750000,0,0,275,yes
fy-2026-27-development-book-volume-ii-1091-1097,1091,State Department for Roads,1091184200,Low Volume Seals LVSR VOL 1,1091184242,Ithookwe Stadium - Kwa Ikolonia Lot 1,2630200,Capital Grants to Government Agencies and other Levels of Government,exp,0,36054536,0,0,275,yes
fy-2026-27-development-book-volume-ii-1091-1097,1091,State Department for Roads,1091184200,Low Volume Seals LVSR VOL 1,1091184243,Ithookwe Stadium - Kwa Ikolonia Lot 2,2630200,Capital Grants to Government Agencies and other Levels of Government,exp,0,35740272,0,0,275,yes
fy-2026-27-development-book-volume-ii-1091-1097,1091,State Department for Roads,1091184200,Low Volume Seals LVSR VOL 1,1091184244,Jn 1 Wareng - Chepsaita Shopping Centre,2630200,Capital Grants to Government Agencies and other Levels of Government,exp,0,18000000,0,0,275,yes
fy-2026-27-development-book-volume-ii-1091-1097,1091,State Department for Roads,1091184200,Low Volume Seals LVSR VOL 1,1091184245,Kaambee Njeru - Kamburu - Mwithume,2630200,Capital Grants to Government Agencies and other Levels of Government,exp,0,22500000,0,0,275,yes
fy-2026-27-development-book-volume-ii-1091-1097,1091,State Department for Roads,1091184200,Low Volume Seals LVSR VOL 1,1091184246,Kabaa Check Point -Kabaa Farrow Box Culter & Approaches,2630200,Capital Grants to Government Agencies and other Levels of Government,exp,0,22500000,0,0,275,yes
fy-2026-27-development-book-volume-ii-1091-1097,1091,State Department for Roads,1091184200,Low Volume Seals LVSR VOL 1,1091184247,Kabwana - Miruya - Ombo - Ongoro - Mivuya bridge,2630200,Capital Grants to Government Agencies and other Levels of Government,exp,0,27000000,0,0,275,yes
fy-2026-27-development-book-volume-ii-1091-1097,1091,State Department for Roads,1091184200,Low Volume Seals LVSR VOL 1,1091184248,Kagaa Loop Road,2630200,Capital Grants to Government Agencies and other Levels of Government,exp,0,10000000,0,0,275,yes
fy-2026-27-development-book-volume-ii-1091-1097,1091,State Department for Roads,1091184200,Low Volume Seals LVSR VOL 1,1091184249,Kagere-Ndunyu-Miriini-Kirangi-Ndunyu Loop,2630200,Capital Grants to Government Agencies and other Levels of Government,exp,0,10000000,0,0,275,yes
fy-2026-27-development-book-volume-ii-1091-1097,1091,State Department for Roads,1091184200,Low Volume Seals LVSR VOL 1,1091184250,Kamacharia-Karenga-Kamune,2630200,Capital Grants to Government Agencies and other Levels of Government,exp,0,18750000,150000000,150000000,276,yes
fy-2026-27-development-book-volume-ii-1091-1097,1091,State Department for Roads,1091184200,Low Volume Seals LVSR VOL 1,1091184251,Kambi Miwa - Saboti - Gituamba,2630200,Capital Grants to Government Agencies and other Levels of Government,exp,0,45000000,0,0,276,yes
fy-2026-27-development-book-volume-ii-1091-1097,1091,State Department for Roads,1091184200,Low Volume Seals LVSR VOL 1,1091184253,Kandara - Mukoe - Gatitu,2630200,Capital Grants to Government Agencies and other Levels of Government,exp,0,37409612,0,0,276,yes
fy-2026-27-development-book-volume-ii-1091-1097,1091,State Department for Roads,1091184200,Low Volume Seals LVSR VOL 1,1091184254,Kangonde - Masinga - Kaewa - Kithyoko,2630200,Capital Grants to Government Agencies and other Levels of Government,exp,0,22500000,0,0,276,yes
fy-2026-27-development-book-volume-ii-1091-1097,1091,State Department for Roads,1091184200,Low Volume Seals LVSR VOL 1,1091184255,Kapchagir - Malakwen Link Roads,2630200,Capital Grants to Government Agencies and other Levels of Government,exp,0,31500000,0,0,276,yes
fy-2026-27-development-book-volume-ii-1091-1097,1091,State Department for Roads,1091184200,Low Volume Seals LVSR VOL 1,1091184256,Kariki-Mucharage& Gichichi -Ngaru,2630200,Capital Grants to Government Agencies and other Levels of Government,exp,0,12937500,0,0,276,yes
fy-2026-27-development-book-volume-ii-1091-1097,1091,State Department for Roads,1091184200,Low Volume Seals LVSR VOL 1,1091184257,Kavotho bridge,2630200,Capital Grants to Government Agencies and other Levels of Government,exp,0,18750000,0,0,276,yes
fy-2026-27-development-book-volume-ii-1091-1097,1091,State Department for Roads,1091184200,Low Volume Seals LVSR VOL 1,1091184258,Kenyoro SDA Road to Riana Shopping Centre,2630200,Capital Grants to Government Agencies and other Levels of Government,exp,0,27000000,0,0,276,yes
fy-2026-27-development-book-volume-ii-1091-1097,1091,State Department for Roads,1091184200,Low Volume Seals LVSR VOL 1,1091184259,Kerina - Nyasagati - Mwata,2630200,Capital Grants to Government Agencies and other Levels of Government,exp,0,33750000,0,0,276,yes
fy-2026-27-development-book-volume-ii-1091-1097,1091,State Department for Roads,1091184200,Low Volume Seals LVSR VOL 1,1091184260,Keroka - Ibacho - Kiamokama - Nyanturago - Oteri - Ekona,2630200,Capital Grants to Government Agencies and other Levels of Government,exp,0,45000000,0,0,276,yes
fy-2026-27-development-book-volume-ii-1091-1097,1091,State Department for Roads,1091184200,Low Volume Seals LVSR VOL 1,1091184261,Kiangai - Kiaragana - KairiniNdiriti - Kiaruhiu - Sagana Muslim,2630200,Capital Grants to Government Agencies and other Levels of Government,exp,0,41625000,0,0,277,yes
fy-2026-27-development-book-volume-ii-1091-1097,1091,State Department for Roads,1091184200,Low Volume Seals LVSR VOL 1,1091184262,Kibaoni cha fundishe Adu Kamale,2630200,Capital Grants to Government Agencies and other Levels of Government,exp,0,22500000,0,0,277,yes
fy-2026-27-development-book-volume-ii-1091-1097,1091,State Department for Roads,1091184200,Low Volume Seals LVSR VOL 1,1091184263,Kidfarmaco Kianda-Kanyanjara Pri & Sec School Roads,2630200,Capital Grants to Government Agencies and other Levels of Government,exp,0,22500000,0,0,277,yes
fy-2026-27-development-book-volume-ii-1091-1097,1091,State Department for Roads,1091184200,Low Volume Seals LVSR VOL 1,1091184264,Kiganjo Town Loop Roads,2630200,Capital Grants to Government Agencies and other Levels of Government,exp,0,7000000,0,0,277,yes
fy-2026-27-development-book-volume-ii-1091-1097,1091,State Department for Roads,1091184200,Low Volume Seals LVSR VOL 1,1091184265,Kigonga Town Road,2630200,Capital Grants to Government Agencies and other Levels of Government,exp,0,45000000,0,0,277,yes
fy-2026-27-development-book-volume-ii-1091-1097,1091,State Department for Roads,1091184200,Low Volume Seals LVSR VOL 1,1091184266,Kimbo - Matangiuni/Gwa Kairu,2630200,Capital Grants to Government Agencies and other Levels of Government,exp,0,29250000,0,0,277,yes
fy-2026-27-development-book-volume-ii-1091-1097,1091,State Department for Roads,1091184200,Low Volume Seals LVSR VOL 1,1091184267,Kiminini - Ndalu - Wamuini - Maili Tatu,2630200,Capital Grants to Government Agencies and other Levels of Government,exp,0,33750000,0,0,277,yes
fy-2026-27-development-book-volume-ii-1091-1097,1091,State Department for Roads,1091184200,Low Volume Seals LVSR VOL 1,1091184268,Kimondi - Kipsamoite,2630200,Capital Grants to Government Agencies and other Levels of Government,exp,0,28125000,0,0,277,yes
fy-2026-27-development-book-volume-ii-1091-1097,1091,State Department for Roads,1091184200,Low Volume Seals LVSR VOL 1,1091184269,Kimuchul - Jikamba,2630200,Capital Grants to Government Agencies and other Levels of Government,exp,0,45000000,0,0,277,yes
fy-2026-27-development-book-volume-ii-1091-1097,1091,State Department for Roads,1091184200,Low Volume Seals LVSR VOL 1,1091184270,Kipsongo (Kitale town) - Kisawai,2630200,Capital Grants to Government Agencies and other Levels of Government,exp,0,33750000,0,0,277,yes
fy-2026-27-development-book-volume-ii-1091-1097,1091,State Department for Roads,1091184200,Low Volume Seals LVSR VOL 1,1091184271,Kiserian Town Roads,2630200,Capital Grants to Government Agencies and other Levels of Government,exp,0,120000000,0,0,277,yes
fy-2026-27-development-book-volume-ii-1091-1097,1091,State Department for Roads,1091184200,Low Volume Seals LVSR VOL 1,1091184272,Koitobos Road - Koitabus - Lamwia drainage works,2630200,Capital Grants to Government Agencies and other Levels of Government,exp,0,45000000,0,0,278,yes
fy-2026-27-development-book-volume-ii-1091-1097,1091,State Department for Roads,1091184200,Low Volume Seals LVSR VOL 1,1091184274,Konyao - Kangoletiang - Sirwach - Riting,2630200,Capital Grants to Government Agencies and other Levels of Government,exp,0,135000000,0,0,278,yes
fy-2026-27-development-book-volume-ii-1091-1097,1091,State Department for Roads,1091184200,Low Volume Seals LVSR VOL 1,1091184275,Koromi-Sosoni,2630200,Capital Grants to Government Agencies and other Levels of Government,exp,0,27000000,0,0,278,yes
fy-2026-27-development-book-volume-ii-1091-1097,1091,State Department for Roads,1091184200,Low Volume Seals LVSR VOL 1,1091184276,Kosoki - Mawe Tatu Roads,2630200,Capital Grants to Government Agencies and other Levels of Government,exp,0,34650000,0,0,278,yes
fy-2026-27-development-book-volume-ii-1091-1097,1091,State Department for Roads,1091184200,Low Volume Seals LVSR VOL 1,1091184277,Kuna Town Roads,2630200,Capital Grants to Government Agencies and other Levels of Government,exp,0,160000000,0,0,278,yes
fy-2026-27-development-book-volume-ii-1091-1097,1091,State Department for Roads,1091184200,Low Volume Seals LVSR VOL 1,1091184278,Kwa Manda - Kwa Kathumbi - Kundu - Kwanguvyu,2630200,Capital Grants to Government Agencies and other Levels of Government,exp,0,18000000,0,0,278,yes
fy-2026-27-development-book-volume-ii-1091-1097,1091,State Department for Roads,1091184200,Low Volume Seals LVSR VOL 1,1091184279,Kwa vee- Kagio( E1587),2630200,Capital Grants to Government Agencies and other Levels of Government,exp,0,11250000,0,0,278,yes
fy-2026-27-development-book-volume-ii-1091-1097,1091,State Department for Roads,1091184200,Low Volume Seals LVSR VOL 1,1091184280,Kyayega - Malimali - Shimanyiro Road,2630200,Capital Grants to Government Agencies and other Levels of Government,exp,0,31500000,0,0,278,yes
fy-2026-27-development-book-volume-ii-1091-1097,1091,State Department for Roads,1091184200,Low Volume Seals LVSR VOL 1,1091184281,Lelaitich - Kabolwo,2630200,Capital Grants to Government Agencies and other Levels of Government,exp,0,24750000,0,0,278,yes
fy-2026-27-development-book-volume-ii-1091-1097,1091,State Department for Roads,1091184200,Low Volume Seals LVSR VOL 1,1091184282,Lonan - Tangi - Salama,2630200,Capital Grants to Government Agencies and other Levels of Government,exp,0,11250000,0,0,278,yes
fy-2026-27-development-book-volume-ii-1091-1097,1091,State Department for Roads,1091184200,Low Volume Seals LVSR VOL 1,1091184283,Machinery - Kyumani - Kibwez--Kyangiwa - Kalandini,2630200,Capital Grants to Government Agencies and other Levels of Government,exp,0,13500000,0,0,279,yes
fy-2026-27-development-book-volume-ii-1091-1097,1091,State Department for Roads,1091184200,Low Volume Seals LVSR VOL 1,1091184284,Magombo - Bondeni - Kebirigo - Motagara,2630200,Capital Grants to Government Agencies and other Levels of Government,exp,0,45000000,0,0,279,yes
fy-2026-27-development-book-volume-ii-1091-1097,1091,State Department for Roads,1091184200,Low Volume Seals LVSR VOL 1,1091184285,Maili 7 - Kabeu - Kitindang Baphat Church,2630200,Capital Grants to Government Agencies and other Levels of Government,exp,0,10000000,0,0,279,yes
fy-2026-27-development-book-volume-ii-1091-1097,1091,State Department for Roads,1091184200,Low Volume Seals LVSR VOL 1,1091184286,Makuti - Kwa Nzivo - Kwa Kitaru,2630200,Capital Grants to Government Agencies and other Levels of Government,exp,0,11250000,0,0,279,yes
fy-2026-27-development-book-volume-ii-1091-1097,1091,State Department for Roads,1091184200,Low Volume Seals LVSR VOL 1,1091184287,Malaika Junction-makacha school-chandarana,2630200,Capital Grants to Government Agencies and other Levels of Government,exp,0,22500000,0,0,279,yes
fy-2026-27-development-book-volume-ii-1091-1097,1091,State Department for Roads,1091184200,Low Volume Seals LVSR VOL 1,1091184288,Mandera - Fino - Latey,2630200,Capital Grants to Government Agencies and other Levels of Government,exp,0,45000000,0,0,279,yes
fy-2026-27-development-book-volume-ii-1091-1097,1091,State Department for Roads,1091184200,Low Volume Seals LVSR VOL 1,1091184289,Mapera Town Road,2630200,Capital Grants to Government Agencies and other Levels of Government,exp,0,45000000,0,0,279,yes
fy-2026-27-development-book-volume-ii-1091-1097,1091,State Department for Roads,1091184200,Low Volume Seals LVSR VOL 1,1091184290,Maridadi - Katuke - Soymining - Kapkoi - Maili Nane,2630200,Capital Grants to Government Agencies and other Levels of Government,exp,0,33750000,0,0,279,yes
fy-2026-27-development-book-volume-ii-1091-1097,1091,State Department for Roads,1091184200,Low Volume Seals LVSR VOL 1,1091184291,Maridadi - Kobos Primary School Roads,2630200,Capital Grants to Government Agencies and other Levels of Government,exp,0,27000000,0,0,279,yes
fy-2026-27-development-book-volume-ii-1091-1097,1091,State Department for Roads,1091184200,Low Volume Seals LVSR VOL 1,1091184292,Maroro-Mashuru-Isinya,2630200,Capital Grants to Government Agencies and other Levels of Government,exp,0,144000000,0,0,279,yes
fy-2026-27-development-book-volume-ii-1091-1097,1091,State Department for Roads,1091184200,Low Volume Seals LVSR VOL 1,1091184293,Matanya - Thome,2630200,Capital Grants to Government Agencies and other Levels of Government,exp,0,13125000,0,0,279,yes
fy-2026-27-development-book-volume-ii-1091-1097,1091,State Department for Roads,1091184200,Low Volume Seals LVSR VOL 1,1091184294,Matisi - Teremi,2630200,Capital Grants to Government Agencies and other Levels of Government,exp,0,22500000,0,0,280,yes
fy-2026-27-development-book-volume-ii-1091-1097,1091,State Department for Roads,1091184200,Low Volume Seals LVSR VOL 1,1091184295,Matisi-Bokoli-Milani,2630200,Capital Grants to Government Agencies and other Levels of Government,exp,0,38925000,0,0,280,yes
fy-2026-27-development-book-volume-ii-1091-1097,1091,State Department for Roads,1091184200,Low Volume Seals LVSR VOL 1,1091184296,Matunda River Nzoia Road,2630200,Capital Grants to Government Agencies and other Levels of Government,exp,0,29250000,0,0,280,yes
fy-2026-27-development-book-volume-ii-1091-1097,1091,State Department for Roads,1091184200,Low Volume Seals LVSR VOL 1,1091184297,Matungu - River Sio Road,2630200,Capital Grants to Government Agencies and other Levels of Government,exp,0,28125000,0,0,280,yes
fy-2026-27-development-book-volume-ii-1091-1097,1091,State Department for Roads,1091184200,Low Volume Seals LVSR VOL 1,1091184298,Maungu-Kasighau-Rukanga Phase 1,2630200,Capital Grants to Government Agencies and other Levels of Government,exp,0,22500000,0,0,280,yes
fy-2026-27-development-book-volume-ii-1091-1097,1091,State Department for Roads,1091184200,Low Volume Seals LVSR VOL 1,1091184299,Mengit-Murindoko,2630200,Capital Grants to Government Agencies and other Levels of Government,exp,0,40500000,0,0,280,yes
fy-2026-27-development-book-volume-ii-1091-1097,1091,State Department for Roads,1091184300,Low Volume Seals LVSR VOL 2,1091184302,Mitheru-Kiini-Giampopo-Kamachuku,2630200,Capital Grants to Government Agencies and other Levels of Government,exp,0,27000000,0,0,280,yes
fy-2026-27-development-book-volume-ii-1091-1097,1091,State Department for Roads,1091184300,Low Volume Seals LVSR VOL 2,1091184303,Mokubo - Etago Road,2630200,Capital Grants to Government Agencies and other Levels of Government,exp,0,45000000,0,0,280,yes
fy-2026-27-development-book-volume-ii-1091-1097,1091,State Department for Roads,1091184300,Low Volume Seals LVSR VOL 2,1091184304,Munaini-Nyamari-Kihuri-Mucharage,2630200,Capital Grants to Government Agencies and other Levels of Government,exp,0,10000000,0,0,280,yes
fy-2026-27-development-book-volume-ii-1091-1097,1091,State Department for Roads,1091184300,Low Volume Seals LVSR VOL 2,1091184305,Mungetho-Mutamaiyu Priy & Secondary Access Road,2630200,Capital Grants to Government Agencies and other Levels of Government,exp,0,26250000,150000000,0,281,yes
fy-2026-27-development-book-volume-ii-1091-1097,1091,State Department for Roads,1091184300,Low Volume Seals LVSR VOL 2,1091184306,Munyaka Primary Access Road,2630200,Capital Grants to Government Agencies and other Levels of Government,exp,0,19875000,0,0,281,yes
fy-2026-27-development-book-volume-ii-1091-1097,1091,State Department for Roads,1091184300,Low Volume Seals LVSR VOL 2,1091184307,Munyu Bridge and Approach Roads Total,2630200,Capital Grants to Government Agencies and other Levels of Government,exp,0,2340632,0,0,281,yes
fy-2026-27-development-book-volume-ii-1091-1097,1091,State Department for Roads,1091184300,Low Volume Seals LVSR VOL 2,1091184308,Muoni Bridge,2630200,Capital Grants to Government Agencies and other Levels of Government,exp,0,22500000,0,0,281,yes
fy-2026-27-development-book-volume-ii-1091-1097,1091,State Department for Roads,1091184300,Low Volume Seals LVSR VOL 2,1091184309,Murungaru - Tulasha - Gilgil Road,2630200,Capital Grants to Government Agencies and other Levels of Government,exp,0,22500000,0,0,281,yes
fy-2026-27-development-book-volume-ii-1091-1097,1091,State Department for Roads,1091184300,Low Volume Seals LVSR VOL 2,1091184310,Mururi -Karuso - Kiamutugu( C1091) & Mururi- Kianyaga high sch,2630200,Capital Grants to Government Agencies and other Levels of Government,exp,0,11250000,0,0,281,yes
fy-2026-27-development-book-volume-ii-1091-1097,1091,State Department for Roads,1091184300,Low Volume Seals LVSR VOL 2,1091184311,Muthesya -Kitengei-Kilumilo-Yindundu-Mwakila-AthI,2630200,Capital Grants to Government Agencies and other Levels of Government,exp,0,15000000,0,0,281,yes
fy-2026-27-development-book-volume-ii-1091-1097,1091,State Department for Roads,1091184300,Low Volume Seals LVSR VOL 2,1091184312,Mwairutha - KenGen Loop in Nyeri,2630200,Capital Grants to Government Agencies and other Levels of Government,exp,0,52500000,0,0,281,yes
fy-2026-27-development-book-volume-ii-1091-1097,1091,State Department for Roads,1091184300,Low Volume Seals LVSR VOL 2,1091184313,Mwaita - Bwage - Makutano - Kapsara - Minex - Arba - Kesegon,2630200,Capital Grants to Government Agencies and other Levels of Government,exp,0,61875000,0,0,281,yes
fy-2026-27-development-book-volume-ii-1091-1097,1091,State Department for Roads,1091184300,Low Volume Seals LVSR VOL 2,1091184314,Mwaita - Kapsara - Kesegon,2630200,Capital Grants to Government Agencies and other Levels of Government,exp,0,63000000,0,0,281,yes
fy-2026-27-development-book-volume-ii-1091-1097,1091,State Department for Roads,1091184300,Low Volume Seals LVSR VOL 2,1091184315,Mwendandu -Heni-Koinange Road,2630200,Capital Grants to Government Agencies and other Levels of Government,exp,0,22500000,100000000,100000000,281,yes
fy-2026-27-development-book-volume-ii-1091-1097,1091,State Department for Roads,1091184300,Low Volume Seals LVSR VOL 2,1091184316,Mzambarauni (Mtwapa)-Chasimba,2630200,Capital Grants to Government Agencies and other Levels of Government,exp,0,18750000,0,0,282,yes
fy-2026-27-development-book-volume-ii-1091-1097,1091,State Department for Roads,1091184300,Low Volume Seals LVSR VOL 2,1091184317,Naiberi - Drys Road,2630200,Capital Grants to Government Agencies and other Levels of Government,exp,0,51750000,0,0,282,yes
fy-2026-27-development-book-volume-ii-1091-1097,1091,State Department for Roads,1091184300,Low Volume Seals LVSR VOL 2,1091184318,Nairobi-Western by pass Road project phase II,2630200,Capital Grants to Government Agencies and other Levels of Government,exp,0,45000000,0,0,282,yes
fy-2026-27-development-book-volume-ii-1091-1097,1091,State Department for Roads,1091184300,Low Volume Seals LVSR VOL 2,1091184319,Ndarugu-Nyaceba-Kimuchu primary,2630200,Capital Grants to Government Agencies and other Levels of Government,exp,0,28125000,0,0,282,yes
fy-2026-27-development-book-volume-ii-1091-1097,1091,State Department for Roads,1091184300,Low Volume Seals LVSR VOL 2,1091184320,Ngaramiye - Ngarugumui and KUHS Loop Roads,2630200,Capital Grants to Government Agencies and other Levels of Government,exp,0,11250000,0,0,282,yes
fy-2026-27-development-book-volume-ii-1091-1097,1091,State Department for Roads,1091184300,Low Volume Seals LVSR VOL 2,1091184321,Ngata (Jnct A8) - Roret- Njoro and Access Roads,2630200,Capital Grants to Government Agencies and other Levels of Government,exp,0,31546517,0,0,282,yes
fy-2026-27-development-book-volume-ii-1091-1097,1091,State Department for Roads,1091184300,Low Volume Seals LVSR VOL 2,1091184322,Ngeria - Kabore,2630200,Capital Grants to Government Agencies and other Levels of Government,exp,0,22039988,0,0,282,yes
fy-2026-27-development-book-volume-ii-1091-1097,1091,State Department for Roads,1091184300,Low Volume Seals LVSR VOL 2,1091184323,Ngongwa Link Roads,2630200,Capital Grants to Government Agencies and other Levels of Government,exp,0,15000000,0,0,282,yes
fy-2026-27-development-book-volume-ii-1091-1097,1091,State Department for Roads,1091184300,Low Volume Seals LVSR VOL 2,1091184324,Ntimaru Town Road,2630200,Capital Grants to Government Agencies and other Levels of Government,exp,0,45000000,0,0,282,yes
fy-2026-27-development-book-volume-ii-1091-1097,1091,State Department for Roads,1091184300,Low Volume Seals LVSR VOL 2,1091184325,Nyangesa - Pamwela - Rianyamanga,2630200,Capital Grants to Government Agencies and other Levels of Government,exp,0,13500000,0,0,282,yes
fy-2026-27-development-book-volume-ii-1091-1097,1091,State Department for Roads,1091184300,Low Volume Seals LVSR VOL 2,1091184326,Old Town Roads Mombasa,2630200,Capital Grants to Government Agencies and other Levels of Government,exp,0,120000000,0,0,283,yes
fy-2026-27-development-book-volume-ii-1091-1097,1091,State Department for Roads,1091184300,Low Volume Seals LVSR VOL 2,1091184327,Ololunga-Ewaso Ngiro Road,2630200,Capital Grants to Government Agencies and other Levels of Government,exp,0,45000000,0,0,283,yes
fy-2026-27-development-book-volume-ii-1091-1097,1091,State Department for Roads,1091184300,Low Volume Seals LVSR VOL 2,1091184328,Onyege-Omboga-Kakelo pry school-Omiro polytechnic,2630200,Capital Grants to Government Agencies and other Levels of Government,exp,0,105345278,0,0,283,yes
fy-2026-27-development-book-volume-ii-1091-1097,1091,State Department for Roads,1091184300,Low Volume Seals LVSR VOL 2,1091184329,Othaya-Gatugi-Witima-Tambaya& Kiriki-Kiamuya-Gatugi Junction,2630200,Capital Grants to Government Agencies and other Levels of Government,exp,0,11812500,0,0,283,yes
fy-2026-27-development-book-volume-ii-1091-1097,1091,State Department for Roads,1091184300,Low Volume Seals LVSR VOL 2,1091184330,Othaya-Thunguri Loops,2630200,Capital Grants to Government Agencies and other Levels of Government,exp,0,9000000,0,0,283,yes
fy-2026-27-development-book-volume-ii-1091-1097,1091,State Department for Roads,1091184300,Low Volume Seals LVSR VOL 2,1091184331,Picnic - Olerai - Olchoronyore Sec Sch,2630200,Capital Grants to Government Agencies and other Levels of Government,exp,0,22500000,0,0,283,yes
fy-2026-27-development-book-volume-ii-1091-1097,1091,State Department for Roads,1091184300,Low Volume Seals LVSR VOL 2,1091184332,Reconstruction of Mugeka-Thuita-Kiriani,2630200,Capital Grants to Government Agencies and other Levels of Government,exp,0,10000000,0,0,283,yes
fy-2026-27-development-book-volume-ii-1091-1097,1091,State Department for Roads,1091184300,Low Volume Seals LVSR VOL 2,1091184333,Rehabilitation of Kachibora-Kapcherop-Cheborowa-Moiben Road,2630200,Capital Grants to Government Agencies and other Levels of Government,exp,0,105000000,0,0,283,yes
fy-2026-27-development-book-volume-ii-1091-1097,1091,State Department for Roads,1091184300,Low Volume Seals LVSR VOL 2,1091184335,Rehabilitation of Naro Moru - Karichen,2630200,Capital Grants to Government Agencies and other Levels of Government,exp,0,13125000,0,0,283,yes
fy-2026-27-development-book-volume-ii-1091-1097,1091,State Department for Roads,1091184300,Low Volume Seals LVSR VOL 2,1091184336,Rironi - Mau Summit Expressway diversion at Karai,2630200,Capital Grants to Government Agencies and other Levels of Government,exp,0,27000000,0,0,283,yes
fy-2026-27-development-book-volume-ii-1091-1097,1091,State Department for Roads,1091184300,Low Volume Seals LVSR VOL 2,1091184337,Routine Maintenance & Ramula (Riverside) Road,2630200,Capital Grants to Government Agencies and other Levels of Government,exp,0,47250000,0,0,283,yes
fy-2026-27-development-book-volume-ii-1091-1097,1091,State Department for Roads,1091184300,Low Volume Seals LVSR VOL 2,1091184338,Routine Maintenance and Spot Improvement of Suba South Ring Roads,2630200,Capital Grants to Government Agencies and other Levels of Government,exp,0,120000000,0,0,284,yes
fy-2026-27-development-book-volume-ii-1091-1097,1091,State Department for Roads,1091184300,Low Volume Seals LVSR VOL 2,1091184339,Rukanga ( meved 2) - Kabiriri G48106,2630200,Capital Grants to Government Agencies and other Levels of Government,exp,0,11250000,0,0,284,yes
fy-2026-27-development-book-volume-ii-1091-1097,1091,State Department for Roads,1091184300,Low Volume Seals LVSR VOL 2,1091184340,Sach Somok - NIS Training Sch Kaimugul,2630200,Capital Grants to Government Agencies and other Levels of Government,exp,0,33750000,0,0,284,yes
fy-2026-27-development-book-volume-ii-1091-1097,1091,State Department for Roads,1091184300,Low Volume Seals LVSR VOL 2,1091184341,Sansora - Riakumba - Riamoni,2630200,Capital Grants to Government Agencies and other Levels of Government,exp,0,13500000,0,0,284,yes
fy-2026-27-development-book-volume-ii-1091-1097,1091,State Department for Roads,1091184300,Low Volume Seals LVSR VOL 2,1091184342,Siwot -Kapkembu Road,2630200,Capital Grants to Government Agencies and other Levels of Government,exp,0,175000000,200000000,200000000,284,yes
fy-2026-27-development-book-volume-ii-1091-1097,1091,State Department for Roads,1091184300,Low Volume Seals LVSR VOL 2,1091184343,Sofia-Ndalani-Kayole,2630200,Capital Grants to Government Agencies and other Levels of Government,exp,0,22500000,0,0,284,yes
fy-2026-27-development-book-volume-ii-1091-1097,1091,State Department for Roads,1091184300,Low Volume Seals LVSR VOL 2,1091184344,"St Monica - Finleys, Barrier Kericho",2630200,Capital Grants to Government Agencies and other Levels of Government,exp,0,45000000,0,0,284,yes
fy-2026-27-development-book-volume-ii-1091-1097,1091,State Department for Roads,1091184300,Low Volume Seals LVSR VOL 2,1091184345,Subuku - Kaka/Githunguchu - Kwa Wanyoike Shoppping Centre-,2630200,Capital Grants to Government Agencies and other Levels of Government,exp,0,45000000,0,0,284,yes
fy-2026-27-development-book-volume-ii-1091-1097,1091,State Department for Roads,1091184300,Low Volume Seals LVSR VOL 2,1091184346,Upgrading Moiben -Karandili-Kapkoros-Chebyemit,2630200,Capital Grants to Government Agencies and other Levels of Government,exp,0,67500000,0,0,284,yes
fy-2026-27-development-book-volume-ii-1091-1097,1091,State Department for Roads,1091184300,Low Volume Seals LVSR VOL 2,1091184347,"Jct C515/E1664 - Kaheti Jct E1664/C514 (Roads E1664, E1650)",2630200,Capital Grants to Government Agencies and other Levels of Government,exp,0,22500000,0,0,284,yes
fy-2026-27-development-book-volume-ii-1091-1097,1091,State Department for Roads,1091184300,Low Volume Seals LVSR VOL 2,1091184348,Mutalia -Jnct Kangundo -Njoro Line Hardware-Old Kangundo Road,2630200,Capital Grants to Government Agencies and other Levels of Government,exp,0,22500000,0,0,285,yes
fy-2026-27-development-book-volume-ii-1091-1097,1091,State Department for Roads,1091184300,Low Volume Seals LVSR VOL 2,1091184349,Kinamba - Mengit - Chepkinoiyo - Murinduku,2630200,Capital Grants to Government Agencies and other Levels of Government,exp,0,26115479,0,0,285,yes
fy-2026-27-development-book-volume-ii-1091-1097,1091,State Department for Roads,1091184300,Low Volume Seals LVSR VOL 2,1091184350,Matayos ?Nangina & Nangina - Sio Port - Mumbaka,2630200,Capital Grants to Government Agencies and other Levels of Government,exp,0,29004858,0,0,285,yes
fy-2026-27-development-book-volume-ii-1091-1097,1091,State Department for Roads,1091184300,Low Volume Seals LVSR VOL 2,1091184351,Matumbei - Salama - Kimoson - Posta,2630200,Capital Grants to Government Agencies and other Levels of Government,exp,0,44021106,0,0,285,yes
fy-2026-27-development-book-volume-ii-1091-1097,1091,State Department for Roads,1091184300,Low Volume Seals LVSR VOL 2,1091184352,Tiwi Spot - Twiga Amani Beach Junction Road,2630200,Capital Grants to Government Agencies and other Levels of Government,exp,0,10000000,0,0,285,yes
fy-2026-27-development-book-volume-ii-1091-1097,1091,State Department for Roads,1091184300,Low Volume Seals LVSR VOL 2,1091184353,Voi(Kasarani)-Gamba-Kanyanga-Mwalangi-Talio (Saghala),2630200,Capital Grants to Government Agencies and other Levels of Government,exp,0,40500000,0,0,285,yes
fy-2026-27-development-book-volume-ii-1091-1097,1091,State Department for Roads,1091184300,Low Volume Seals LVSR VOL 2,1091184354,Wote kako - Ngoluni,2630200,Capital Grants to Government Agencies and other Levels of Government,exp,0,22500000,0,0,285,yes
fy-2026-27-development-book-volume-ii-1091-1097,1091,State Department for Roads,1091184300,Low Volume Seals LVSR VOL 2,1091184356,Construction of Non-Motorized Traffic in Nairobi,2630200,Capital Grants to Government Agencies and other Levels of Government,exp,0,100000000,150000000,400000000,285,yes
fy-2026-27-development-book-volume-ii-1091-1097,1091,State Department for Roads,1091184300,Low Volume Seals LVSR VOL 2,1091184357,Balambala Town Access Roads,2630200,Capital Grants to Government Agencies and other Levels of Government,exp,0,100000000,100000000,100000000,285,yes
fy-2026-27-development-book-volume-ii-1091-1097,1091,State Department for Roads,1091184300,Low Volume Seals LVSR VOL 2,1091184358,Construction of Taveta Town Link Roads,2630200,Capital Grants to Government Agencies and other Levels of Government,exp,0,56250000,150000000,300000000,285,yes
fy-2026-27-development-book-volume-ii-1091-1097,1091,State Department for Roads,1091184300,Low Volume Seals LVSR VOL 2,1091184359,Dualling of State House Roads,2630200,Capital Grants to Government Agencies and other Levels of Government,exp,0,150000000,0,0,285,yes
fy-2026-27-development-book-volume-ii-1091-1097,1091,State Department for Roads,1091184300,Low Volume Seals LVSR VOL 2,1091184360,Construction of Kincar-Airways -Zebra Link Road,2630200,Capital Grants to Government Agencies and other Levels of Government,exp,0,156499729,300000000,94000000,286,yes
fy-2026-27-development-book-volume-ii-1091-1097,1091,State Department for Roads,1091184300,Low Volume Seals LVSR VOL 2,1091184361,Construction of Kitengela Link Roads,2630200,Capital Grants to Government Agencies and other Levels of Government,exp,0,45000000,150000000,312350404,286,yes
fy-2026-27-development-book-volume-ii-1091-1097,1091,State Department for Roads,1091184300,Low Volume Seals LVSR VOL 2,1091184363,Construction of Kitui Town Link Roads (Kilonzo-Nzambani-Maluma),2630200,Capital Grants to Government Agencies and other Levels of Government,exp,0,45000000,150000000,300000000,286,yes
fy-2026-27-development-book-volume-ii-1091-1097,1091,State Department for Roads,1091184300,Low Volume Seals LVSR VOL 2,1091184365,Gatura Town Roads,2630200,Capital Grants to Government Agencies and other Levels of Government,exp,0,150000000,100000000,100000000,286,yes
fy-2026-27-development-book-volume-ii-1091-1097,1091,State Department for Roads,1091184300,Low Volume Seals LVSR VOL 2,1091184366,Construction of Kericho Town Roads,2630200,Capital Grants to Government Agencies and other Levels of Government,exp,0,60000000,150000000,240000000,286,yes
fy-2026-27-development-book-volume-ii-1091-1097,1091,State Department for Roads,1091184300,Low Volume Seals LVSR VOL 2,1091184367,Narok Town Roads Phase 2,2630200,Capital Grants to Government Agencies and other Levels of Government,exp,0,180000000,110000000,200000000,286,yes
fy-2026-27-development-book-volume-ii-1091-1097,1091,State Department for Roads,1091184300,Low Volume Seals LVSR VOL 2,1091184368,Dualling of Bomet Town Roads,2630200,Capital Grants to Government Agencies and other Levels of Government,exp,0,360000000,0,0,286,yes
fy-2026-27-development-book-volume-ii-1091-1097,1091,State Department for Roads,1091184300,Low Volume Seals LVSR VOL 2,1091184369,Upgrading of Wote Town Roads,2630200,Capital Grants to Government Agencies and other Levels of Government,exp,0,22500000,150000000,200000000,286,yes
fy-2026-27-development-book-volume-ii-1091-1097,1091,State Department for Roads,1091184300,Low Volume Seals LVSR VOL 2,1091184370,Botori Jnctn -Nyamokenye Road,2630200,Capital Grants to Government Agencies and other Levels of Government,exp,0,140000000,48000000,18000000,286,yes
fy-2026-27-development-book-volume-ii-1091-1097,1091,State Department for Roads,1091184300,Low Volume Seals LVSR VOL 2,1091184371,Construction of Kenanie - Kangundo Road Section,2630200,Capital Grants to Government Agencies and other Levels of Government,exp,0,19687500,150000000,350000000,286,yes
fy-2026-27-development-book-volume-ii-1091-1097,1091,State Department for Roads,1091184300,Low Volume Seals LVSR VOL 2,1091184372,Construction of Syokimau South Airport Road,2630200,Capital Grants to Government Agencies and other Levels of Government,exp,0,18750000,150000000,50000000,287,yes
fy-2026-27-development-book-volume-ii-1091-1097,1091,State Department for Roads,1091184300,Low Volume Seals LVSR VOL 2,1091184373,Eastern Bypass-Mpakone Link Road,2630200,Capital Grants to Government Agencies and other Levels of Government,exp,0,37500000,0,0,287,yes
fy-2026-27-development-book-volume-ii-1091-1097,1091,State Department for Roads,1091184300,Low Volume Seals LVSR VOL 2,1091184374,Galu-Kinondo Town Loop Roads,2630200,Capital Grants to Government Agencies and other Levels of Government,exp,0,37500000,0,0,287,yes
fy-2026-27-development-book-volume-ii-1091-1097,1091,State Department for Roads,1091184300,Low Volume Seals LVSR VOL 2,1091184375,Narok Town Loop Roads,2630200,Capital Grants to Government Agencies and other Levels of Government,exp,0,37500000,0,0,287,yes
fy-2026-27-development-book-volume-ii-1091-1097,1091,State Department for Roads,1091184300,Low Volume Seals LVSR VOL 2,1091184376,Kuinet Town Ring Roads,2630200,Capital Grants to Government Agencies and other Levels of Government,exp,0,37500000,0,0,287,yes
fy-2026-27-development-book-volume-ii-1091-1097,1091,State Department for Roads,1091184300,Low Volume Seals LVSR VOL 2,1091184377,Stadium Road -Western Bypass Rooad,2630200,Capital Grants to Government Agencies and other Levels of Government,exp,0,37500000,0,0,287,yes
fy-2026-27-development-book-volume-ii-1091-1097,1091,State Department for Roads,1091184300,Low Volume Seals LVSR VOL 2,1091184378,Portland Quarters Access Road,2630200,Capital Grants to Government Agencies and other Levels of Government,exp,0,37500000,0,0,287,yes
fy-2026-27-development-book-volume-ii-1091-1097,1091,State Department for Roads,1091184300,Low Volume Seals LVSR VOL 2,1091184379,Upgrading of Kilima - Kitanga Road,2630200,Capital Grants to Government Agencies and other Levels of Government,exp,0,18000000,120000000,111500996,287,yes
fy-2026-27-development-book-volume-ii-1091-1097,1091,State Department for Roads,1091184300,Low Volume Seals LVSR VOL 2,1091184380,Construction of Kitengelea Acacia Main Feeder Road,2630200,Capital Grants to Government Agencies and other Levels of Government,exp,0,37500000,54000000,18000000,287,yes
fy-2026-27-development-book-volume-ii-1091-1097,1091,State Department for Roads,1091184300,Low Volume Seals LVSR VOL 2,1091184381,Katani Waumini Junction -Seme Pry -Muungano Police Station,2630200,Capital Grants to Government Agencies and other Levels of Government,exp,0,120000000,48000000,18000000,287,yes
fy-2026-27-development-book-volume-ii-1091-1097,1091,State Department for Roads,1091184300,Low Volume Seals LVSR VOL 2,1091184382,Kipnai -Kagaa Junction Rehabilitation(KERRA),2630200,Capital Grants to Government Agencies and other Levels of Government,exp,40000000,0,0,0,287,yes
fy-2026-27-development-book-volume-ii-1091-1097,1091,State Department for Roads,1091184300,Low Volume Seals LVSR VOL 2,1091184383,Kiria- Kagaa Junction Rehabilitation (KERRA),2630200,Capital Grants to Government Agencies and other Levels of Government,exp,50000000,0,0,0,288,yes
fy-2026-27-development-book-volume-ii-1091-1097,1091,State Department for Roads,1091184300,Low Volume Seals LVSR VOL 2,1091184384,Railway Junction- Kiangatia Road(KERRA),2630200,Capital Grants to Government Agencies and other Levels of Government,exp,40000000,0,0,0,288,yes
fy-2026-27-development-book-volume-ii-1091-1097,1091,State Department for Roads,1091184300,Low Volume Seals LVSR VOL 2,1091184385,Total Petro Station- Technology Road(KURA),2630200,Capital Grants to Government Agencies and other Levels of Government,exp,55000000,0,0,0,288,yes
fy-2026-27-development-book-volume-ii-1091-1097,1091,State Department for Roads,1091184300,Low Volume Seals LVSR VOL 2,1091184386,Sawaa-Cheboen,2630200,Capital Grants to Government Agencies and other Levels of Government,exp,20000000,0,0,0,288,yes
fy-2026-27-development-book-volume-ii-1091-1097,1091,State Department for Roads,1091184300,Low Volume Seals LVSR VOL 2,1091184387,Kiptulos- Kaptagat,2630200,Capital Grants to Government Agencies and other Levels of Government,exp,20000000,0,0,0,288,yes
fy-2026-27-development-book-volume-ii-1091-1097,1091,State Department for Roads,1091184300,Low Volume Seals LVSR VOL 2,1091184388,Mokwo- Kaptarakwa,2630200,Capital Grants to Government Agencies and other Levels of Government,exp,20000000,0,0,0,288,yes
fy-2026-27-development-book-volume-ii-1091-1097,1091,State Department for Roads,1091184300,Low Volume Seals LVSR VOL 2,1091184389,Mandera Constituency,2630200,Capital Grants to Government Agencies and other Levels of Government,exp,0,300000000,0,0,288,yes
fy-2026-27-development-book-volume-ii-1091-1097,1091,State Department for Roads,1091184400,Low Volume Seals LVSR VOL 3,1091184412,Chasimba- Chengoni- Mtwapa Road- Bitumen Standard(Kilifi South ),2630200,Capital Grants to Government Agencies and other Levels of Government,exp,200000000,0,0,0,288,yes
fy-2026-27-development-book-volume-ii-1091-1097,1091,State Department for Roads,1091184400,Low Volume Seals LVSR VOL 3,1091184413,Kiabuya-Nyandiwa(Suba South)- Bitumen Standards,2630200,Capital Grants to Government Agencies and other Levels of Government,exp,150000000,150000000,0,0,288,yes
fy-2026-27-development-book-volume-ii-1091-1097,1091,State Department for Roads,1091184400,Low Volume Seals LVSR VOL 3,1091184414,Rabour -Nyangande-Nduru Road(Nyando Constituency) - Murraming,2630200,Capital Grants to Government Agencies and other Levels of Government,exp,25000000,0,0,0,289,yes
fy-2026-27-development-book-volume-ii-1091-1097,1091,State Department for Roads,1091184400,Low Volume Seals LVSR VOL 3,1091184415,Bondet Ngainet Road-Bomet,2630200,Capital Grants to Government Agencies and other Levels of Government,exp,10000000,0,0,0,289,yes
fy-2026-27-development-book-volume-ii-1091-1097,1091,State Department for Roads,1091184400,Low Volume Seals LVSR VOL 3,1091184416,Katanin-Kapchepsir Road,2630200,Capital Grants to Government Agencies and other Levels of Government,exp,10000000,0,0,0,289,yes
fy-2026-27-development-book-volume-ii-1091-1097,1091,State Department for Roads,1091184400,Low Volume Seals LVSR VOL 3,1091184417,Meswo- Kiropket Road,2630200,Capital Grants to Government Agencies and other Levels of Government,exp,10000000,0,0,0,289,yes
fy-2026-27-development-book-volume-ii-1091-1097,1091,State Department for Roads,1091184400,Low Volume Seals LVSR VOL 3,1091184418,Chebarbar- Chesuwe Road,2630200,Capital Grants to Government Agencies and other Levels of Government,exp,10000000,0,0,0,289,yes
fy-2026-27-development-book-volume-ii-1091-1097,1091,State Department for Roads,1091184400,Low Volume Seals LVSR VOL 3,1091184419,Kapnyeberai -Cheplaskei Road,2630200,Capital Grants to Government Agencies and other Levels of Government,exp,10000000,0,0,0,289,yes
fy-2026-27-development-book-volume-ii-1091-1097,1091,State Department for Roads,1091184400,Low Volume Seals LVSR VOL 3,1091184420,Kabirirsang -Tulon Road,2630200,Capital Grants to Government Agencies and other Levels of Government,exp,10000000,0,0,0,289,yes
fy-2026-27-development-book-volume-ii-1091-1097,1091,State Department for Roads,1091184400,Low Volume Seals LVSR VOL 3,1091184421,Gagra -Madiany-Gudwe Beach,2630200,Capital Grants to Government Agencies and other Levels of Government,exp,100000000,0,0,0,289,yes
fy-2026-27-development-book-volume-ii-1091-1097,1091,State Department for Roads,1091184400,Low Volume Seals LVSR VOL 3,1091184423,Githioro-Mwara -Mirichu Rd-KeRRA,2630200,Capital Grants to Government Agencies and other Levels of Government,exp,50000000,0,0,0,289,yes
fy-2026-27-development-book-volume-ii-1091-1097,1091,State Department for Roads,1091184400,Low Volume Seals LVSR VOL 3,1091184424,Gikandu-Muti Road,2630200,Capital Grants to Government Agencies and other Levels of Government,exp,35000000,0,0,0,289,yes
fy-2026-27-development-book-volume-ii-1091-1097,1091,State Department for Roads,1091184400,Low Volume Seals LVSR VOL 3,1091184425,Kangara -Kabui-Mugumoini Rd KeRRA,2630200,Capital Grants to Government Agencies and other Levels of Government,exp,40000000,0,0,0,289,yes
fy-2026-27-development-book-volume-ii-1091-1097,1091,State Department for Roads,1091184400,Low Volume Seals LVSR VOL 3,1091184426,Athena Bridge -KeRRA,2630200,Capital Grants to Government Agencies and other Levels of Government,exp,20000000,0,0,0,290,yes
fy-2026-27-development-book-volume-ii-1091-1097,1091,State Department for Roads,1091184400,Low Volume Seals LVSR VOL 3,1091184427,Olonkai-Kipeto Road-KeRRA,2630200,Capital Grants to Government Agencies and other Levels of Government,exp,10000000,0,0,0,290,yes
fy-2026-27-development-book-volume-ii-1091-1097,1091,State Department for Roads,1091184400,Low Volume Seals LVSR VOL 3,1091184428,Prastini Kirwa Road-KeRRA,2630200,Capital Grants to Government Agencies and other Levels of Government,exp,10000000,0,0,0,290,yes
fy-2026-27-development-book-volume-ii-1091-1097,1091,State Department for Roads,1091184400,Low Volume Seals LVSR VOL 3,1091184429,Dashek-Kajaja Road,2630200,Capital Grants to Government Agencies and other Levels of Government,exp,20000000,0,0,0,290,yes
fy-2026-27-development-book-volume-ii-1091-1097,1091,State Department for Roads,1091184400,Low Volume Seals LVSR VOL 3,1091184430,Kajajan-Asmudhule Road,2630200,Capital Grants to Government Agencies and other Levels of Government,exp,80000000,0,0,0,290,yes
fy-2026-27-development-book-volume-ii-1091-1097,1091,State Department for Roads,1091184400,Low Volume Seals LVSR VOL 3,1091184431,Kasha - Balambala road,2630200,Capital Grants to Government Agencies and other Levels of Government,exp,30000000,0,0,0,290,yes
fy-2026-27-development-book-volume-ii-1091-1097,1091,State Department for Roads,1091184400,Low Volume Seals LVSR VOL 3,1091184432,"Kahawa Meadows Road, Runda M-KeRRA",2630200,Capital Grants to Government Agencies and other Levels of Government,exp,30000000,0,0,0,290,yes
fy-2026-27-development-book-volume-ii-1091-1097,1091,State Department for Roads,1091184400,Low Volume Seals LVSR VOL 3,1091184433,Soraya- Nicole Close-KeRRA;,2630200,Capital Grants to Government Agencies and other Levels of Government,exp,20000000,0,0,0,290,yes
fy-2026-27-development-book-volume-ii-1091-1097,1091,State Department for Roads,1091184400,Low Volume Seals LVSR VOL 3,1091184434,Paradise- Marcus Drive Road-KeRRA,2630200,Capital Grants to Government Agencies and other Levels of Government,exp,20000000,0,0,0,290,yes
fy-2026-27-development-book-volume-ii-1091-1097,1091,State Department for Roads,1091184400,Low Volume Seals LVSR VOL 3,1091184435,Stoni Athi- Namnyak -KeRRA,2630200,Capital Grants to Government Agencies and other Levels of Government,exp,10000000,0,0,0,290,yes
fy-2026-27-development-book-volume-ii-1091-1097,1091,State Department for Roads,1091184400,Low Volume Seals LVSR VOL 3,1091184436,Kanyagia - Ewasonyiro Road,2630200,Capital Grants to Government Agencies and other Levels of Government,exp,0,15750000,42000000,0,291,yes
fy-2026-27-development-book-volume-ii-1091-1097,1091,State Department for Roads,1091184400,Low Volume Seals LVSR VOL 3,1091184437,Endarasha - B5 Junction Road,2630200,Capital Grants to Government Agencies and other Levels of Government,exp,0,18000000,48000000,0,291,yes
fy-2026-27-development-book-volume-ii-1091-1097,1091,State Department for Roads,1091184400,Low Volume Seals LVSR VOL 3,1091184438,Elementaita - Pefa Church - Seasons Lodge Access Road,2630200,Capital Grants to Government Agencies and other Levels of Government,exp,0,45000000,40000000,0,291,yes
fy-2026-27-development-book-volume-ii-1091-1097,1091,State Department for Roads,1091184400,Low Volume Seals LVSR VOL 3,1091184439,Ha Kimandi - Canon Numa Loop Road,2630200,Capital Grants to Government Agencies and other Levels of Government,exp,0,18750000,30000000,0,291,yes
fy-2026-27-development-book-volume-ii-1091-1097,1091,State Department for Roads,1091184400,Low Volume Seals LVSR VOL 3,1091184440,Kwa Mindo - Gachuthi - Gikira - Gatangi-ini Road,2630200,Capital Grants to Government Agencies and other Levels of Government,exp,0,18750000,30000000,0,291,yes
fy-2026-27-development-book-volume-ii-1091-1097,1091,State Department for Roads,1091184400,Low Volume Seals LVSR VOL 3,1091184441,Thamanda - Ika Tano - Kerwa Road,2630200,Capital Grants to Government Agencies and other Levels of Government,exp,0,30000000,18000000,0,291,yes
fy-2026-27-development-book-volume-ii-1091-1097,1091,State Department for Roads,1091184400,Low Volume Seals LVSR VOL 3,1091184442,Ha Thiiru - Kwa Njigwa - Gikambura Primary Road,2630200,Capital Grants to Government Agencies and other Levels of Government,exp,0,11250000,30000000,0,291,yes
fy-2026-27-development-book-volume-ii-1091-1097,1091,State Department for Roads,1091184400,Low Volume Seals LVSR VOL 3,1091184444,Improvement of Kapsabet Town Roads,2630200,Capital Grants to Government Agencies and other Levels of Government,exp,0,100000000,0,0,291,yes
fy-2026-27-development-book-volume-ii-1091-1097,1091,State Department for Roads,1091184400,Low Volume Seals LVSR VOL 3,1091184445,Mariakani- Kinango-Mwangulu Road,2630200,Capital Grants to Government Agencies and other Levels of Government,exp,0,140000000,0,0,291,yes
fy-2026-27-development-book-volume-ii-1091-1097,1091,State Department for Roads,1091184400,Low Volume Seals LVSR VOL 3,1091184446,Pumwani Road at Marikiti Market,2630200,Capital Grants to Government Agencies and other Levels of Government,exp,0,100000000,0,0,291,yes
fy-2026-27-development-book-volume-ii-1091-1097,1091,State Department for Roads,1091184400,Low Volume Seals LVSR VOL 3,1091184447,Construction of Footbridge at Kangundo Market,2630200,Capital Grants to Government Agencies and other Levels of Government,exp,0,30000000,0,0,291,yes
fy-2026-27-development-book-volume-ii-1091-1097,1091,State Department for Roads,1091184400,Low Volume Seals LVSR VOL 3,1091184449,Construction of Karatina Bus Park,2630200,Capital Grants to Government Agencies and other Levels of Government,exp,0,18750000,0,0,292,yes
fy-2026-27-development-book-volume-ii-1091-1097,1091,State Department for Roads,1091184400,Low Volume Seals LVSR VOL 3,1091184450,Construction of Salgaa Modern Truck Parking Lot,2630200,Capital Grants to Government Agencies and other Levels of Government,exp,0,26250000,0,0,292,yes
fy-2026-27-development-book-volume-ii-1091-1097,1091,State Department for Roads,1091184400,Low Volume Seals LVSR VOL 3,1091184452,Construction of Flyover at Daraja Moja Junction,2630200,Capital Grants to Government Agencies and other Levels of Government,exp,0,30000000,0,0,292,yes
fy-2026-27-development-book-volume-ii-1091-1097,1091,State Department for Roads,1091184400,Low Volume Seals LVSR VOL 3,1091184453,Upgrading Lwandeti -Lugari-Nzoia -Nyange Road,2630200,Capital Grants to Government Agencies and other Levels of Government,exp,0,68250000,0,0,292,yes
fy-2026-27-development-book-volume-ii-1091-1097,1091,State Department for Roads,1091184400,Low Volume Seals LVSR VOL 3,1091184454,Construction of Lodwar Town Roads,2630200,Capital Grants to Government Agencies and other Levels of Government,exp,0,100000000,0,0,292,yes
fy-2026-27-development-book-volume-ii-1091-1097,1091,State Department for Roads,1091184400,Low Volume Seals LVSR VOL 3,1091184455,Rehabilitation of Kisii Town Roads,2630200,Capital Grants to Government Agencies and other Levels of Government,exp,0,100000000,150000000,312350404,292,yes
fy-2026-27-development-book-volume-ii-1091-1097,1091,State Department for Roads,1091184400,Low Volume Seals LVSR VOL 3,1091184458,Chandumba - Kegondi - Vialo,2630200,Capital Grants to Government Agencies and other Levels of Government,exp,0,19687500,0,0,292,yes
fy-2026-27-development-book-volume-ii-1091-1097,1091,State Department for Roads,1091184400,Low Volume Seals LVSR VOL 3,1091184459,Ruambwa - Mau Mau,2630200,Capital Grants to Government Agencies and other Levels of Government,exp,0,13125000,0,0,292,yes
fy-2026-27-development-book-volume-ii-1091-1097,1091,State Department for Roads,1091184400,Low Volume Seals LVSR VOL 3,1091184460,Rehabilitation of Drys - Kapchakir,2630200,Capital Grants to Government Agencies and other Levels of Government,exp,0,26513570,0,0,292,yes
fy-2026-27-development-book-volume-ii-1091-1097,1091,State Department for Roads,1091184400,Low Volume Seals LVSR VOL 3,1091184461,Tsavo River - Voi (A8),2630200,Capital Grants to Government Agencies and other Levels of Government,exp,0,100000000,0,0,292,yes
fy-2026-27-development-book-volume-ii-1091-1097,1091,State Department for Roads,1091184400,Low Volume Seals LVSR VOL 3,1091184462,Gravelling Chebaibai to Getarwet Junction/Chelilis,2630200,Capital Grants to Government Agencies and other Levels of Government,exp,0,33750000,0,0,293,yes
fy-2026-27-development-book-volume-ii-1091-1097,1091,State Department for Roads,1091184400,Low Volume Seals LVSR VOL 3,1091184463,Gravelling Kimalany - Gorta - Siwot roads and culverts,2630200,Capital Grants to Government Agencies and other Levels of Government,exp,0,67500000,0,0,293,yes
fy-2026-27-development-book-volume-ii-1091-1097,1091,State Department for Roads,1091184400,Low Volume Seals LVSR VOL 3,1091184464,Gravelling Mulika - Athiru,2630200,Capital Grants to Government Agencies and other Levels of Government,exp,0,22500000,0,0,293,yes
fy-2026-27-development-book-volume-ii-1091-1097,1091,State Department for Roads,1091184400,Low Volume Seals LVSR VOL 3,1091184465,Gravelling Muroki/Rukubi - Ngubi B/Muthure,2630200,Capital Grants to Government Agencies and other Levels of Government,exp,0,22500000,0,0,293,yes
fy-2026-27-development-book-volume-ii-1091-1097,1091,State Department for Roads,1091184400,Low Volume Seals LVSR VOL 3,1091184466,Gravelling Mutomo-Kinakoni,2630200,Capital Grants to Government Agencies and other Levels of Government,exp,0,18750000,0,0,293,yes
fy-2026-27-development-book-volume-ii-1091-1097,1091,State Department for Roads,1091184400,Low Volume Seals LVSR VOL 3,1091184467,Gravelling Ndarugu - Nyacaba - Ndururumo-Z corner Road,2630200,Capital Grants to Government Agencies and other Levels of Government,exp,0,22500000,0,0,293,yes
fy-2026-27-development-book-volume-ii-1091-1097,1091,State Department for Roads,1091184400,Low Volume Seals LVSR VOL 3,1091184468,Gravelling Ndekei Kiriko Ngorongoro - Soul harvestor,2630200,Capital Grants to Government Agencies and other Levels of Government,exp,0,22500000,0,0,293,yes
fy-2026-27-development-book-volume-ii-1091-1097,1091,State Department for Roads,1091184400,Low Volume Seals LVSR VOL 3,1091184469,Gravelling Ndiuni - Ndahi - Mirirhu Access Road,2630200,Capital Grants to Government Agencies and other Levels of Government,exp,0,22500000,0,0,293,yes
fy-2026-27-development-book-volume-ii-1091-1097,1091,State Department for Roads,1091184400,Low Volume Seals LVSR VOL 3,1091184470,Gravelling Ngiini Market - Kavete Primary,2630200,Capital Grants to Government Agencies and other Levels of Government,exp,0,22500000,0,0,293,yes
fy-2026-27-development-book-volume-ii-1091-1097,1091,State Department for Roads,1091184400,Low Volume Seals LVSR VOL 3,1091184471,Gravelling Ngonda-DB Mwala,2630200,Capital Grants to Government Agencies and other Levels of Government,exp,0,16500000,0,0,293,yes
fy-2026-27-development-book-volume-ii-1091-1097,1091,State Department for Roads,1091184400,Low Volume Seals LVSR VOL 3,1091184472,Gravelling Nzoia Market - Maino - Gimaiyo,2630200,Capital Grants to Government Agencies and other Levels of Government,exp,0,22500000,0,0,293,yes
fy-2026-27-development-book-volume-ii-1091-1097,1091,State Department for Roads,1091184400,Low Volume Seals LVSR VOL 3,1091184473,Gravelling Oda - Madingo,2630200,Capital Grants to Government Agencies and other Levels of Government,exp,0,56250000,0,0,294,yes
fy-2026-27-development-book-volume-ii-1091-1097,1091,State Department for Roads,1091184400,Low Volume Seals LVSR VOL 3,1091184474,Gravelling of Turkana West Roads,2630200,Capital Grants to Government Agencies and other Levels of Government,exp,0,18750000,0,0,294,yes
fy-2026-27-development-book-volume-ii-1091-1097,1091,State Department for Roads,1091184400,Low Volume Seals LVSR VOL 3,1091184475,Gravelling Oropoi - Nalapatui - Loreng,2630200,Capital Grants to Government Agencies and other Levels of Government,exp,0,45000000,0,0,294,yes
fy-2026-27-development-book-volume-ii-1091-1097,1091,State Department for Roads,1091184400,Low Volume Seals LVSR VOL 3,1091184476,Gravelling Riakahara Factory - Gathaithi - Gichungo,2630200,Capital Grants to Government Agencies and other Levels of Government,exp,0,20250000,0,0,294,yes
fy-2026-27-development-book-volume-ii-1091-1097,1091,State Department for Roads,1091184400,Low Volume Seals LVSR VOL 3,1091184477,Gravelling Subati Mkt-Kiani Mkt-Mulu Mutsiya-Kimata Rural,2630200,Capital Grants to Government Agencies and other Levels of Government,exp,0,22500000,0,0,294,yes
fy-2026-27-development-book-volume-ii-1091-1097,1091,State Department for Roads,1091184400,Low Volume Seals LVSR VOL 3,1091184478,Gravelling Uvaita-Beulah-Winzyeei,2630200,Capital Grants to Government Agencies and other Levels of Government,exp,0,21000000,0,0,294,yes
fy-2026-27-development-book-volume-ii-1091-1097,1091,State Department for Roads,1091184400,Low Volume Seals LVSR VOL 3,1091184479,Kairo-Kaimbuthia-Kiamuturi,2630200,Capital Grants to Government Agencies and other Levels of Government,exp,0,15000000,0,0,294,yes
fy-2026-27-development-book-volume-ii-1091-1097,1091,State Department for Roads,1091184400,Low Volume Seals LVSR VOL 3,1091184480,Aterai-Amaase Road,2630200,Capital Grants to Government Agencies and other Levels of Government,exp,0,15000000,0,0,294,yes
fy-2026-27-development-book-volume-ii-1091-1097,1091,State Department for Roads,1091184400,Low Volume Seals LVSR VOL 3,1091184481,Boka-Miti,2630200,Capital Grants to Government Agencies and other Levels of Government,exp,0,15000000,0,0,294,yes
fy-2026-27-development-book-volume-ii-1091-1097,1091,State Department for Roads,1091184400,Low Volume Seals LVSR VOL 3,1091184482,Emukangu -Muyundi Road,2630200,Capital Grants to Government Agencies and other Levels of Government,exp,0,15000000,0,0,294,yes
fy-2026-27-development-book-volume-ii-1091-1097,1091,State Department for Roads,1091184400,Low Volume Seals LVSR VOL 3,1091184483,Gitugi-Kaimbuthia-Ngutu,2630200,Capital Grants to Government Agencies and other Levels of Government,exp,0,15000000,0,0,295,yes
fy-2026-27-development-book-volume-ii-1091-1097,1091,State Department for Roads,1091184400,Low Volume Seals LVSR VOL 3,1091184484,Imanga-Mwirunya-Lunza Rd,2630200,Capital Grants to Government Agencies and other Levels of Government,exp,0,15000000,0,0,295,yes
fy-2026-27-development-book-volume-ii-1091-1097,1091,State Department for Roads,1091184400,Low Volume Seals LVSR VOL 3,1091184485,Loturerei-Kang'alita,2630200,Capital Grants to Government Agencies and other Levels of Government,exp,0,15000000,0,0,295,yes
fy-2026-27-development-book-volume-ii-1091-1097,1091,State Department for Roads,1091184400,Low Volume Seals LVSR VOL 3,1091184486,Lunza-Musango Road,2630200,Capital Grants to Government Agencies and other Levels of Government,exp,0,15000000,0,0,295,yes
fy-2026-27-development-book-volume-ii-1091-1097,1091,State Department for Roads,1091184400,Low Volume Seals LVSR VOL 3,1091184487,Makimeny-Kimugul,2630200,Capital Grants to Government Agencies and other Levels of Government,exp,0,15000000,0,0,295,yes
fy-2026-27-development-book-volume-ii-1091-1097,1091,State Department for Roads,1091184400,Low Volume Seals LVSR VOL 3,1091184488,Manyika-Bululwe Road,2630200,Capital Grants to Government Agencies and other Levels of Government,exp,0,15000000,0,0,295,yes
fy-2026-27-development-book-volume-ii-1091-1097,1091,State Department for Roads,1091184400,Low Volume Seals LVSR VOL 3,1091184489,Kairi-Kagwanja-Mukui,2630200,Capital Grants to Government Agencies and other Levels of Government,exp,0,15000000,0,0,295,yes
fy-2026-27-development-book-volume-ii-1091-1097,1091,State Department for Roads,1091184400,Low Volume Seals LVSR VOL 3,1091184490,Kaboi Jnc-Kapchemosin Primary,2630200,Capital Grants to Government Agencies and other Levels of Government,exp,0,15000000,0,0,295,yes
fy-2026-27-development-book-volume-ii-1091-1097,1091,State Department for Roads,1091184400,Low Volume Seals LVSR VOL 3,1091184491,Mugunga-Munge,2630200,Capital Grants to Government Agencies and other Levels of Government,exp,0,15000000,0,0,295,yes
fy-2026-27-development-book-volume-ii-1091-1097,1091,State Department for Roads,1091184400,Low Volume Seals LVSR VOL 3,1091184492,Rabel-Buru-Agok,2630200,Capital Grants to Government Agencies and other Levels of Government,exp,0,15000000,0,0,295,yes
fy-2026-27-development-book-volume-ii-1091-1097,1091,State Department for Roads,1091184400,Low Volume Seals LVSR VOL 3,1091184493,Welmarer-Amuma,2630200,Capital Grants to Government Agencies and other Levels of Government,exp,0,15000000,0,0,295,yes
fy-2026-27-development-book-volume-ii-1091-1097,1091,State Department for Roads,1091184400,Low Volume Seals LVSR VOL 3,1091184495,Sotit- Kimarwandi - Meswondo/kurguton - Kaptien,2630200,Capital Grants to Government Agencies and other Levels of Government,exp,0,48750000,0,0,296,yes
fy-2026-27-development-book-volume-ii-1091-1097,1091,State Department for Roads,1091184400,Low Volume Seals LVSR VOL 3,1091184496,Access Pastors Avenue Kipawa,2630200,Capital Grants to Government Agencies and other Levels of Government,exp,0,18000000,0,0,296,yes
fy-2026-27-development-book-volume-ii-1091-1097,1091,State Department for Roads,1091184400,Low Volume Seals LVSR VOL 3,1091184497,Brook Bond - Maili Nne Thesallia Mission Road and Acces Road,2630200,Capital Grants to Government Agencies and other Levels of Government,exp,0,126000000,0,0,296,yes
fy-2026-27-development-book-volume-ii-1091-1097,1091,State Department for Roads,1091184400,Low Volume Seals LVSR VOL 3,1091184498,Chagaik -Samburet -Kapkiach-Kuresoi Centre Road,2630200,Capital Grants to Government Agencies and other Levels of Government,exp,0,103000000,0,0,296,yes
fy-2026-27-development-book-volume-ii-1091-1097,1091,State Department for Roads,1091184400,Low Volume Seals LVSR VOL 3,1091184499,Kamulu-Joska -Kangundo(B63) Road,2630200,Capital Grants to Government Agencies and other Levels of Government,exp,0,112000000,0,0,296,yes
fy-2026-27-development-book-volume-ii-1091-1097,1091,State Department for Roads,1091184500,Rehabilitation of Nabkoi -Lessos -Kapsabet,1091184501,Rehabilitation of Nabkoi -Lessos -Kapsabet,2630200,Capital Grants to Government Agencies and other Levels of Government,exp,0,292500000,0,0,296,yes
fy-2026-27-development-book-volume-ii-1091-1097,1091,State Department for Roads,1091184600,Realignmnet of Nithi Bridge,1091184601,Realignmnet of Nithi Bridge,2630200,Capital Grants to Government Agencies and other Levels of Government,exp,0,350000000,200000000,0,296,yes
fy-2026-27-development-book-volume-ii-1091-1097,1091,State Department for Roads,1091184700,Construction of Turbo Kimondi and Acess Roads,1091184701,Construction of Turbo Kimondi and Acess Roads,2630200,Capital Grants to Government Agencies and other Levels of Government,exp,0,247500000,0,0,297,yes
fy-2026-27-development-book-volume-ii-1091-1097,1091,State Department for Roads,1091184800,Construction of Uplands - Githunguri - Ruiru,1091184801,Construction of Uplands - Githunguri - Ruiru,2630200,Capital Grants to Government Agencies and other Levels of Government,exp,0,203040534,200000000,0,297,yes
fy-2026-27-development-book-volume-ii-1091-1097,1091,State Department for Roads,1091184900,Construction of Ewao Ngiro Morijo,1091184901,Construction of Ewao Ngiro Morijo,2630200,Capital Grants to Government Agencies and other Levels of Government,exp,0,125000000,100000000,125839974,297,yes
fy-2026-27-development-book-volume-ii-1091-1097,1091,State Department for Roads,1091185200,Kehancha - Lolgorian - Mulot (B1) Road and Associated Spur Roads,1091185201,Kehancha - Lolgorian - Mulot (B1) Road and Associated Spur Roads,2630200,Capital Grants to Government Agencies and other Levels of Government,exp,0,10000000,50000000,62919987,297,yes
fy-2026-27-development-book-volume-ii-1091-1097,1091,State Department for Roads,1091185300,Dualling of Northern Bypass Road,1091185301,Dualling of Northern Bypass Road,2630200,Capital Grants to Government Agencies and other Levels of Government,exp,0,18750000,650000000,400000000,297,yes
fy-2026-27-development-book-volume-ii-1091-1097,1091,State Department for Roads,1091185500,Construction of Talanta Stadium Roads,1091185501,Construction of Talanta Stadium Roads,2630200,Capital Grants to Government Agencies and other Levels of Government,exp,0,175000000,605000000,105000000,297,yes
fy-2026-27-development-book-volume-ii-1091-1097,1091,State Department for Roads,1091185700,Critical Roads XXIV (Critical Roads X),1091185701,Kabo Sheikbarow Road,2630200,Capital Grants to Government Agencies and other Levels of Government,exp,15000000,0,0,0,298,yes
fy-2026-27-development-book-volume-ii-1091-1097,1091,State Department for Roads,1091185700,Critical Roads XXIV (Critical Roads X),1091185702,Kaibu - Maua Road.,2630200,Capital Grants to Government Agencies and other Levels of Government,exp,20000000,0,0,0,298,yes
fy-2026-27-development-book-volume-ii-1091-1097,1091,State Department for Roads,1091185700,Critical Roads XXIV (Critical Roads X),1091185703,Kalii- Yikivumbu- Masumba,2630200,Capital Grants to Government Agencies and other Levels of Government,exp,20000000,0,0,0,298,yes
fy-2026-27-development-book-volume-ii-1091-1097,1091,State Department for Roads,1091185700,Critical Roads XXIV (Critical Roads X),1091185704,Kamito - Ong'ielo Health Center (21KM),2630200,Capital Grants to Government Agencies and other Levels of Government,exp,100000000,0,0,0,298,yes
fy-2026-27-development-book-volume-ii-1091-1097,1091,State Department for Roads,1091185700,Critical Roads XXIV (Critical Roads X),1091185705,Kanyadhiang Nyangajo Road,2630200,Capital Grants to Government Agencies and other Levels of Government,exp,10000000,0,0,0,298,yes
fy-2026-27-development-book-volume-ii-1091-1097,1091,State Department for Roads,1091185700,Critical Roads XXIV (Critical Roads X),1091185706,K'aremo - Ting'wang' Road,2630200,Capital Grants to Government Agencies and other Levels of Government,exp,375000000,0,0,0,298,yes
fy-2026-27-development-book-volume-ii-1091-1097,1091,State Department for Roads,1091185700,Critical Roads XXIV (Critical Roads X),1091185707,Kasekeleni - Makaani - Soko muyo,2630200,Capital Grants to Government Agencies and other Levels of Government,exp,20000000,0,0,0,298,yes
fy-2026-27-development-book-volume-ii-1091-1097,1091,State Department for Roads,1091185700,Critical Roads XXIV (Critical Roads X),1091185708,Kavaini Kitumbi Kwa Karanga,2630200,Capital Grants to Government Agencies and other Levels of Government,exp,10000000,0,0,0,298,yes
fy-2026-27-development-book-volume-ii-1091-1097,1091,State Department for Roads,1091185700,Critical Roads XXIV (Critical Roads X),1091185709,Kavote - Forest - Kirinyaga County,2630200,Capital Grants to Government Agencies and other Levels of Government,exp,10000000,0,0,0,298,yes
fy-2026-27-development-book-volume-ii-1091-1097,1091,State Department for Roads,1091185700,Critical Roads XXIV (Critical Roads X),1091185710,KEFRI - Bondo Ttc Rd,2630200,Capital Grants to Government Agencies and other Levels of Government,exp,10000000,0,0,0,299,yes
fy-2026-27-development-book-volume-ii-1091-1097,1091,State Department for Roads,1091185700,Critical Roads XXIV (Critical Roads X),1091185711,KeRRA 5 Steel Bridges,2630200,Capital Grants to Government Agencies and other Levels of Government,exp,20000000,0,0,0,299,yes
fy-2026-27-development-book-volume-ii-1091-1097,1091,State Department for Roads,1091185700,Critical Roads XXIV (Critical Roads X),1091185712,Kesses Kapsoi Rd,2630200,Capital Grants to Government Agencies and other Levels of Government,exp,20000000,0,0,0,299,yes
fy-2026-27-development-book-volume-ii-1091-1097,1091,State Department for Roads,1091185700,Critical Roads XXIV (Critical Roads X),1091185713,Khwisero/Mulwanda/Mudeku,2630200,Capital Grants to Government Agencies and other Levels of Government,exp,20000000,0,0,0,299,yes
fy-2026-27-development-book-volume-ii-1091-1097,1091,State Department for Roads,1091185700,Critical Roads XXIV (Critical Roads X),1091185714,Kiamutungu-Cura Road,2630200,Capital Grants to Government Agencies and other Levels of Government,exp,20000000,0,0,0,299,yes
fy-2026-27-development-book-volume-ii-1091-1097,1091,State Department for Roads,1091185700,Critical Roads XXIV (Critical Roads X),1091185715,Kiangoma-Gatunduri road,2630200,Capital Grants to Government Agencies and other Levels of Government,exp,15000000,0,0,0,299,yes
fy-2026-27-development-book-volume-ii-1091-1097,1091,State Department for Roads,1091185700,Critical Roads XXIV (Critical Roads X),1091185716,Kiborom Access Rd,2630200,Capital Grants to Government Agencies and other Levels of Government,exp,15000000,30000000,0,0,299,yes
fy-2026-27-development-book-volume-ii-1091-1097,1091,State Department for Roads,1091185700,Critical Roads XXIV (Critical Roads X),1091185717,Kiche-Kokuro-Ombasa ODM,2630200,Capital Grants to Government Agencies and other Levels of Government,exp,10000000,0,0,0,299,yes
fy-2026-27-development-book-volume-ii-1091-1097,1091,State Department for Roads,1091185700,Critical Roads XXIV (Critical Roads X),1091185718,Kihingo Village,2630200,Capital Grants to Government Agencies and other Levels of Government,exp,10000000,0,0,0,299,yes
fy-2026-27-development-book-volume-ii-1091-1097,1091,State Department for Roads,1091185700,Critical Roads XXIV (Critical Roads X),1091185719,Kilibasi - Makinon (Kwale County),2630200,Capital Grants to Government Agencies and other Levels of Government,exp,10000000,0,0,0,299,yes
fy-2026-27-development-book-volume-ii-1091-1097,1091,State Department for Roads,1091185700,Critical Roads XXIV (Critical Roads X),1091185720,Kilulu - Tiribe (Kwale County),2630200,Capital Grants to Government Agencies and other Levels of Government,exp,10000000,0,0,0,299,yes
fy-2026-27-development-book-volume-ii-1091-1097,1091,State Department for Roads,1091185700,Critical Roads XXIV (Critical Roads X),1091185721,Kilusi - Oneno Nam Road,2630200,Capital Grants to Government Agencies and other Levels of Government,exp,15000000,0,0,0,300,yes
fy-2026-27-development-book-volume-ii-1091-1097,1091,State Department for Roads,1091185700,Critical Roads XXIV (Critical Roads X),1091185722,Kinango - Kirewe (Kwale County),2630200,Capital Grants to Government Agencies and other Levels of Government,exp,10000000,0,0,0,300,yes
fy-2026-27-development-book-volume-ii-1091-1097,1091,State Department for Roads,1091185700,Critical Roads XXIV (Critical Roads X),1091185723,?Kinyach - Sibonee Dam,2630200,Capital Grants to Government Agencies and other Levels of Government,exp,20000000,0,0,0,300,yes
fy-2026-27-development-book-volume-ii-1091-1097,1091,State Department for Roads,1091185700,Critical Roads XXIV (Critical Roads X),1091185724,Kipasi Junction - Akoko - Gombe,2630200,Capital Grants to Government Agencies and other Levels of Government,exp,20000000,0,0,0,300,yes
fy-2026-27-development-book-volume-ii-1091-1097,1091,State Department for Roads,1091185700,Critical Roads XXIV (Critical Roads X),1091185725,Kipini-Ziwani-Kaloleni-Gatundu,2630200,Capital Grants to Government Agencies and other Levels of Government,exp,20000000,0,0,0,300,yes
fy-2026-27-development-book-volume-ii-1091-1097,1091,State Department for Roads,1091185700,Critical Roads XXIV (Critical Roads X),1091185726,Kipsangui - Chemamul -Kabobo Rd - 15km,2630200,Capital Grants to Government Agencies and other Levels of Government,exp,20000000,0,0,0,300,yes
fy-2026-27-development-book-volume-ii-1091-1097,1091,State Department for Roads,1091185700,Critical Roads XXIV (Critical Roads X),1091185727,Kraini-Mwangathia-Kanjama,2630200,Capital Grants to Government Agencies and other Levels of Government,exp,20000000,0,0,0,300,yes
fy-2026-27-development-book-volume-ii-1091-1097,1091,State Department for Roads,1091185700,Critical Roads XXIV (Critical Roads X),1091185728,Kiru-Kiambuthia-Kairo,2630200,Capital Grants to Government Agencies and other Levels of Government,exp,20000000,0,0,0,300,yes
fy-2026-27-development-book-volume-ii-1091-1097,1091,State Department for Roads,1091185700,Critical Roads XXIV (Critical Roads X),1091185729,Kisayani- Yongela,2630200,Capital Grants to Government Agencies and other Levels of Government,exp,10000000,0,0,0,300,yes
fy-2026-27-development-book-volume-ii-1091-1097,1091,State Department for Roads,1091185700,Critical Roads XXIV (Critical Roads X),1091185730,Kishaunet -Kachepkai-Serewo,2630200,Capital Grants to Government Agencies and other Levels of Government,exp,20000000,0,0,0,300,yes
fy-2026-27-development-book-volume-ii-1091-1097,1091,State Department for Roads,1091185700,Critical Roads XXIV (Critical Roads X),1091185731,Kishenyi Nyache Ngilinyi Mbale,2630200,Capital Grants to Government Agencies and other Levels of Government,exp,20000000,0,0,0,301,yes
fy-2026-27-development-book-volume-ii-1091-1097,1091,State Department for Roads,1091185700,Critical Roads XXIV (Critical Roads X),1091185732,Kithelelu Village-Kwa Mulungu Road - Kitui West Constituency,2630200,Capital Grants to Government Agencies and other Levels of Government,exp,15000000,0,0,0,301,yes
fy-2026-27-development-book-volume-ii-1091-1097,1091,State Department for Roads,1091185700,Critical Roads XXIV (Critical Roads X),1091185733,Kivani Wikitea Itherize,2630200,Capital Grants to Government Agencies and other Levels of Government,exp,10000000,0,0,0,301,yes
fy-2026-27-development-book-volume-ii-1091-1097,1091,State Department for Roads,1091185700,Critical Roads XXIV (Critical Roads X),1091185734,Kiviu-Muamba-Kisayani,2630200,Capital Grants to Government Agencies and other Levels of Government,exp,10000000,0,0,0,301,yes
fy-2026-27-development-book-volume-ii-1091-1097,1091,State Department for Roads,1091185700,Critical Roads XXIV (Critical Roads X),1091185735,Koimugo Njukiri-Kithungururu road,2630200,Capital Grants to Government Agencies and other Levels of Government,exp,15000000,0,0,0,301,yes
fy-2026-27-development-book-volume-ii-1091-1097,1091,State Department for Roads,1091185700,Critical Roads XXIV (Critical Roads X),1091185736,Koitilion- Barng'elech- Egerton Junction Road,2630200,Capital Grants to Government Agencies and other Levels of Government,exp,20000000,0,0,0,301,yes
fy-2026-27-development-book-volume-ii-1091-1097,1091,State Department for Roads,1091185700,Critical Roads XXIV (Critical Roads X),1091185737,Komarock Modern loop road 2km,2630200,Capital Grants to Government Agencies and other Levels of Government,exp,20000000,0,0,0,301,yes
fy-2026-27-development-book-volume-ii-1091-1097,1091,State Department for Roads,1091185700,Critical Roads XXIV (Critical Roads X),1091185738,?Komungu - Othach Rd,2630200,Capital Grants to Government Agencies and other Levels of Government,exp,10000000,0,0,0,301,yes
fy-2026-27-development-book-volume-ii-1091-1097,1091,State Department for Roads,1091185700,Critical Roads XXIV (Critical Roads X),1091185739,Kuinet-Chepkoile,2630200,Capital Grants to Government Agencies and other Levels of Government,exp,10000000,0,0,0,301,yes
fy-2026-27-development-book-volume-ii-1091-1097,1091,State Department for Roads,1091185700,Critical Roads XXIV (Critical Roads X),1091185740,Kurtumala B9,2630200,Capital Grants to Government Agencies and other Levels of Government,exp,15000000,0,0,0,301,yes
fy-2026-27-development-book-volume-ii-1091-1097,1091,State Department for Roads,1091185700,Critical Roads XXIV (Critical Roads X),1091185741,Kwa High road,2630200,Capital Grants to Government Agencies and other Levels of Government,exp,20000000,0,0,0,301,yes
fy-2026-27-development-book-volume-ii-1091-1097,1091,State Department for Roads,1091185700,Critical Roads XXIV (Critical Roads X),1091185742,Kwa Kitemwa Malatawi Wakivwuva,2630200,Capital Grants to Government Agencies and other Levels of Government,exp,10000000,0,0,0,302,yes
fy-2026-27-development-book-volume-ii-1091-1097,1091,State Department for Roads,1091185700,Critical Roads XXIV (Critical Roads X),1091185743,Laikipia- Mbaruk,2630200,Capital Grants to Government Agencies and other Levels of Government,exp,10000000,0,0,0,302,yes
fy-2026-27-development-book-volume-ii-1091-1097,1091,State Department for Roads,1091185700,Critical Roads XXIV (Critical Roads X),1091185744,Ligege -Ombwede Road,2630200,Capital Grants to Government Agencies and other Levels of Government,exp,10000000,0,0,0,302,yes
fy-2026-27-development-book-volume-ii-1091-1097,1091,State Department for Roads,1091185700,Critical Roads XXIV (Critical Roads X),1091185745,Logologo- Salmate,2630200,Capital Grants to Government Agencies and other Levels of Government,exp,25000000,0,0,0,302,yes
fy-2026-27-development-book-volume-ii-1091-1097,1091,State Department for Roads,1091185700,Critical Roads XXIV (Critical Roads X),1091185746,Lorateng - Ndiru Road,2630200,Capital Grants to Government Agencies and other Levels of Government,exp,10000000,0,0,0,302,yes
fy-2026-27-development-book-volume-ii-1091-1097,1091,State Department for Roads,1091185700,Critical Roads XXIV (Critical Roads X),1091185747,Loreto Matunda access Rd,2630200,Capital Grants to Government Agencies and other Levels of Government,exp,30000000,0,0,0,302,yes
fy-2026-27-development-book-volume-ii-1091-1097,1091,State Department for Roads,1091185700,Critical Roads XXIV (Critical Roads X),1091185748,Lugulu - Lukusi - Makuselwa Road (13KM),2630200,Capital Grants to Government Agencies and other Levels of Government,exp,10000000,0,0,0,302,yes
fy-2026-27-development-book-volume-ii-1091-1097,1091,State Department for Roads,1091185700,Critical Roads XXIV (Critical Roads X),1091185749,Lwanda - Konyango - Nyatuoro Road,2630200,Capital Grants to Government Agencies and other Levels of Government,exp,10000000,0,0,0,302,yes
fy-2026-27-development-book-volume-ii-1091-1097,1091,State Department for Roads,1091185700,Critical Roads XXIV (Critical Roads X),1091185750,Mado Bilalet,2630200,Capital Grants to Government Agencies and other Levels of Government,exp,15000000,0,0,0,302,yes
fy-2026-27-development-book-volume-ii-1091-1097,1091,State Department for Roads,1091185700,Critical Roads XXIV (Critical Roads X),1091185751,Madogo - Rago Dele,2630200,Capital Grants to Government Agencies and other Levels of Government,exp,10000000,20000000,0,0,302,yes
fy-2026-27-development-book-volume-ii-1091-1097,1091,State Department for Roads,1091185700,Critical Roads XXIV (Critical Roads X),1091185752,Magunga Oma - Kithereka,2630200,Capital Grants to Government Agencies and other Levels of Government,exp,25000000,0,0,0,303,yes
fy-2026-27-development-book-volume-ii-1091-1097,1091,State Department for Roads,1091185700,Critical Roads XXIV (Critical Roads X),1091185753,Maguti - Olodo Road,2630200,Capital Grants to Government Agencies and other Levels of Government,exp,10000000,0,0,0,303,yes
fy-2026-27-development-book-volume-ii-1091-1097,1091,State Department for Roads,1091185700,Critical Roads XXIV (Critical Roads X),1091185754,Mailwa - Emutoroki,2630200,Capital Grants to Government Agencies and other Levels of Government,exp,10000000,0,0,0,303,yes
fy-2026-27-development-book-volume-ii-1091-1097,1091,State Department for Roads,1091185700,Critical Roads XXIV (Critical Roads X),1091185755,Malanga - Barolengo,2630200,Capital Grants to Government Agencies and other Levels of Government,exp,15000000,0,0,0,303,yes
fy-2026-27-development-book-volume-ii-1091-1097,1091,State Department for Roads,1091185700,Critical Roads XXIV (Critical Roads X),1091185756,Malica Landeni,2630200,Capital Grants to Government Agencies and other Levels of Government,exp,30000000,0,0,0,303,yes
fy-2026-27-development-book-volume-ii-1091-1097,1091,State Department for Roads,1091185700,Critical Roads XXIV (Critical Roads X),1091185757,Mandela Court Road 2km,2630200,Capital Grants to Government Agencies and other Levels of Government,exp,20000000,0,0,0,303,yes
fy-2026-27-development-book-volume-ii-1091-1097,1091,State Department for Roads,1091185700,Critical Roads XXIV (Critical Roads X),1091185758,Manganga - Yala - Wachara,2630200,Capital Grants to Government Agencies and other Levels of Government,exp,10000000,0,0,0,303,yes
fy-2026-27-development-book-volume-ii-1091-1097,1091,State Department for Roads,1091185700,Critical Roads XXIV (Critical Roads X),1091185759,Manyala Box Culvert,2630200,Capital Grants to Government Agencies and other Levels of Government,exp,15000000,0,0,0,303,yes
fy-2026-27-development-book-volume-ii-1091-1097,1091,State Department for Roads,1091185700,Critical Roads XXIV (Critical Roads X),1091185760,Manyonge Dispensary - Ngulu - Aboru,2630200,Capital Grants to Government Agencies and other Levels of Government,exp,20000000,0,0,0,303,yes
fy-2026-27-development-book-volume-ii-1091-1097,1091,State Department for Roads,1091185700,Critical Roads XXIV (Critical Roads X),1091185761,Marienga Primary- Ngonga -Dispensary-Nyabera (Opening),2630200,Capital Grants to Government Agencies and other Levels of Government,exp,10000000,0,0,0,303,yes
fy-2026-27-development-book-volume-ii-1091-1097,1091,State Department for Roads,1091185700,Critical Roads XXIV (Critical Roads X),1091185762,Marula Lane Suswa Road (KURA),2630200,Capital Grants to Government Agencies and other Levels of Government,exp,55000000,0,0,0,303,yes
fy-2026-27-development-book-volume-ii-1091-1097,1091,State Department for Roads,1091185700,Critical Roads XXIV (Critical Roads X),1091185763,Masogo Kibigori Rd,2630200,Capital Grants to Government Agencies and other Levels of Government,exp,10000000,0,0,0,304,yes
fy-2026-27-development-book-volume-ii-1091-1097,1091,State Department for Roads,1091185700,Critical Roads XXIV (Critical Roads X),1091185764,Matinyani - Kang'ale Road - Kitui West Constituency - Kitui County,2630200,Capital Grants to Government Agencies and other Levels of Government,exp,15000000,0,0,0,304,yes
fy-2026-27-development-book-volume-ii-1091-1097,1091,State Department for Roads,1091185700,Critical Roads XXIV (Critical Roads X),1091185765,Med Gi Suka - Kuja Old Bridge - Dede Road,2630200,Capital Grants to Government Agencies and other Levels of Government,exp,15000000,0,0,0,304,yes
fy-2026-27-development-book-volume-ii-1091-1097,1091,State Department for Roads,1091185700,Critical Roads XXIV (Critical Roads X),1091185766,Meisori Sec-Lomayana Pry-KVDA Salabani-Salabani Sec-Ngambo,2630200,Capital Grants to Government Agencies and other Levels of Government,exp,20000000,0,0,0,304,yes
fy-2026-27-development-book-volume-ii-1091-1097,1091,State Department for Roads,1091185700,Critical Roads XXIV (Critical Roads X),1091185767,Mfupi- Naitiri,2630200,Capital Grants to Government Agencies and other Levels of Government,exp,20000000,0,0,0,304,yes
fy-2026-27-development-book-volume-ii-1091-1097,1091,State Department for Roads,1091185700,Critical Roads XXIV (Critical Roads X),1091185768,Migingo - Agedi Road,2630200,Capital Grants to Government Agencies and other Levels of Government,exp,10000000,0,0,0,304,yes
fy-2026-27-development-book-volume-ii-1091-1097,1091,State Department for Roads,1091185700,Critical Roads XXIV (Critical Roads X),1091185769,Migori TTC Siany Road,2630200,Capital Grants to Government Agencies and other Levels of Government,exp,20000000,0,0,0,304,yes
fy-2026-27-development-book-volume-ii-1091-1097,1091,State Department for Roads,1091185700,Critical Roads XXIV (Critical Roads X),1091185770,Moding - Adumai,2630200,Capital Grants to Government Agencies and other Levels of Government,exp,10000000,0,0,0,304,yes
fy-2026-27-development-book-volume-ii-1091-1097,1091,State Department for Roads,1091185700,Critical Roads XXIV (Critical Roads X),1091185771,Mugodoi Kamungei Rd,2630200,Capital Grants to Government Agencies and other Levels of Government,exp,20000000,0,0,0,304,yes
fy-2026-27-development-book-volume-ii-1091-1097,1091,State Department for Roads,1091185700,Critical Roads XXIV (Critical Roads X),1091185772,Muhoroni - Mamboleo - Lot 3,2630200,Capital Grants to Government Agencies and other Levels of Government,exp,500000000,600000000,0,0,304,yes
fy-2026-27-development-book-volume-ii-1091-1097,1091,State Department for Roads,1091185700,Critical Roads XXIV (Critical Roads X),1091185773,Muhoroni Songo Rd,2630200,Capital Grants to Government Agencies and other Levels of Government,exp,10000000,0,0,0,305,yes
fy-2026-27-development-book-volume-ii-1091-1097,1091,State Department for Roads,1091185700,Critical Roads XXIV (Critical Roads X),1091185774,Muungano Access Road - Mvita Constituency - Mombasa,2630200,Capital Grants to Government Agencies and other Levels of Government,exp,10000000,0,0,0,305,yes
fy-2026-27-development-book-volume-ii-1091-1097,1091,State Department for Roads,1091185700,Critical Roads XXIV (Critical Roads X),1091185775,Mwicho-Kube BridgeMukhunguEmwana-Oswekha Bridge-Stend,2630200,Capital Grants to Government Agencies and other Levels of Government,exp,10000000,0,0,0,305,yes
fy-2026-27-development-book-volume-ii-1091-1097,1091,State Department for Roads,1091185700,Critical Roads XXIV (Critical Roads X),1091185776,Naktopar - Kruru- Lotongot,2630200,Capital Grants to Government Agencies and other Levels of Government,exp,20000000,0,0,0,305,yes
fy-2026-27-development-book-volume-ii-1091-1097,1091,State Department for Roads,1091185700,Critical Roads XXIV (Critical Roads X),1091185777,Ndatani - Kasoyani- Windundu,2630200,Capital Grants to Government Agencies and other Levels of Government,exp,10000000,0,0,0,305,yes
fy-2026-27-development-book-volume-ii-1091-1097,1091,State Department for Roads,1091185700,Critical Roads XXIV (Critical Roads X),1091185778,Ndenga - Magombe - Nyaharwa,2630200,Capital Grants to Government Agencies and other Levels of Government,exp,20000000,0,0,0,305,yes
fy-2026-27-development-book-volume-ii-1091-1097,1091,State Department for Roads,1091185700,Critical Roads XXIV (Critical Roads X),1091185779,Nduga Kiwiro,2630200,Capital Grants to Government Agencies and other Levels of Government,exp,10000000,0,0,0,305,yes
fy-2026-27-development-book-volume-ii-1091-1097,1091,State Department for Roads,1091185700,Critical Roads XXIV (Critical Roads X),1091185780,Ngangao Paranga Ndii,2630200,Capital Grants to Government Agencies and other Levels of Government,exp,20000000,0,0,0,305,yes
fy-2026-27-development-book-volume-ii-1091-1097,1091,State Department for Roads,1091185700,Critical Roads XXIV (Critical Roads X),1091185781,Ngaria River BridgeRuke PrimaryACK St. Johns MilimaniKwa,2630200,Capital Grants to Government Agencies and other Levels of Government,exp,10000000,0,0,0,305,yes
fy-2026-27-development-book-volume-ii-1091-1097,1091,State Department for Roads,1091185700,Critical Roads XXIV (Critical Roads X),1091185782,Ngenuka Nenda - Mulundi phase 1,2630200,Capital Grants to Government Agencies and other Levels of Government,exp,20000000,0,0,0,305,yes
fy-2026-27-development-book-volume-ii-1091-1097,1091,State Department for Roads,1091185700,Critical Roads XXIV (Critical Roads X),1091185783,Ngenuka Nenda - Mulundi phase 2,2630200,Capital Grants to Government Agencies and other Levels of Government,exp,20000000,0,0,0,305,yes
fy-2026-27-development-book-volume-ii-1091-1097,1091,State Department for Roads,1091185700,Critical Roads XXIV (Critical Roads X),1091185784,Ngere Kagoro St Boniface,2630200,Capital Grants to Government Agencies and other Levels of Government,exp,10000000,0,0,0,306,yes
fy-2026-27-development-book-volume-ii-1091-1097,1091,State Department for Roads,1091185700,Critical Roads XXIV (Critical Roads X),1091185785,Ngong - Tvet Juakali Calvary,2630200,Capital Grants to Government Agencies and other Levels of Government,exp,15000000,0,0,0,306,yes
fy-2026-27-development-book-volume-ii-1091-1097,1091,State Department for Roads,1091185700,Critical Roads XXIV (Critical Roads X),1091185786,Ngubi B - Kahuho Road,2630200,Capital Grants to Government Agencies and other Levels of Government,exp,20000000,0,0,0,306,yes
fy-2026-27-development-book-volume-ii-1091-1097,1091,State Department for Roads,1091185700,Critical Roads XXIV (Critical Roads X),1091185787,Njeru - Gwa Shati,2630200,Capital Grants to Government Agencies and other Levels of Government,exp,10000000,0,0,0,306,yes
fy-2026-27-development-book-volume-ii-1091-1097,1091,State Department for Roads,1091185700,Critical Roads XXIV (Critical Roads X),1091185788,Njiku -GD Road,2630200,Capital Grants to Government Agencies and other Levels of Government,exp,20000000,0,0,0,306,yes
fy-2026-27-development-book-volume-ii-1091-1097,1091,State Department for Roads,1091185700,Critical Roads XXIV (Critical Roads X),1091185789,Nyabomo Box Culvert,2630200,Capital Grants to Government Agencies and other Levels of Government,exp,15000000,0,0,0,306,yes
fy-2026-27-development-book-volume-ii-1091-1097,1091,State Department for Roads,1091185700,Critical Roads XXIV (Critical Roads X),1091185790,Nyakungni Minyanya Masogo Bridge,2630200,Capital Grants to Government Agencies and other Levels of Government,exp,75000000,0,0,0,306,yes
fy-2026-27-development-book-volume-ii-1091-1097,1091,State Department for Roads,1091185700,Critical Roads XXIV (Critical Roads X),1091185791,Nyalenda Nyarenda Road,2630200,Capital Grants to Government Agencies and other Levels of Government,exp,20000000,0,0,0,306,yes
fy-2026-27-development-book-volume-ii-1091-1097,1091,State Department for Roads,1091185700,Critical Roads XXIV (Critical Roads X),1091185792,Nyalenya - Kolali - TTC,2630200,Capital Grants to Government Agencies and other Levels of Government,exp,10000000,0,0,0,306,yes
fy-2026-27-development-book-volume-ii-1091-1097,1091,State Department for Roads,1091185700,Critical Roads XXIV (Critical Roads X),1091185793,Nyamonye - Daraja Rd,2630200,Capital Grants to Government Agencies and other Levels of Government,exp,10000000,0,0,0,306,yes
fy-2026-27-development-book-volume-ii-1091-1097,1091,State Department for Roads,1091185700,Critical Roads XXIV (Critical Roads X),1091185794,Nyamonye - Mago - Kwach,2630200,Capital Grants to Government Agencies and other Levels of Government,exp,20000000,0,0,0,307,yes
fy-2026-27-development-book-volume-ii-1091-1097,1091,State Department for Roads,1091185700,Critical Roads XXIV (Critical Roads X),1091185795,Nyandiwa Randung Road,2630200,Capital Grants to Government Agencies and other Levels of Government,exp,20000000,0,0,0,307,yes
fy-2026-27-development-book-volume-ii-1091-1097,1091,State Department for Roads,1091185700,Critical Roads XXIV (Critical Roads X),1091185796,Nyangiela - Kwoyo-Oyombe,2630200,Capital Grants to Government Agencies and other Levels of Government,exp,10000000,0,0,0,307,yes
fy-2026-27-development-book-volume-ii-1091-1097,1091,State Department for Roads,1091185700,Critical Roads XXIV (Critical Roads X),1091185797,Nyawita Esivatu Rd,2630200,Capital Grants to Government Agencies and other Levels of Government,exp,10000000,0,0,0,307,yes
fy-2026-27-development-book-volume-ii-1091-1097,1091,State Department for Roads,1091185700,Critical Roads XXIV (Critical Roads X),1091185798,Obambo Ogal Rd,2630200,Capital Grants to Government Agencies and other Levels of Government,exp,10000000,0,0,0,307,yes
fy-2026-27-development-book-volume-ii-1091-1097,1091,State Department for Roads,1091185700,Critical Roads XXIV (Critical Roads X),1091185799,Oboch Adek Omboo Kachieng' Sikwadhi Road,2630200,Capital Grants to Government Agencies and other Levels of Government,exp,30000000,0,0,0,307,yes
fy-2026-27-development-book-volume-ii-1091-1097,1091,State Department for Roads,1091185800,Critical Roads XXV (Critical Roads X - Cont.),1091185801,Odowa Nametsa Road,2630200,Capital Grants to Government Agencies and other Levels of Government,exp,10000000,0,0,0,307,yes
fy-2026-27-development-book-volume-ii-1091-1097,1091,State Department for Roads,1091185800,Critical Roads XXV (Critical Roads X - Cont.),1091185802,Ogango Ober Primary Pala Market Rd,2630200,Capital Grants to Government Agencies and other Levels of Government,exp,20000000,0,0,0,307,yes
fy-2026-27-development-book-volume-ii-1091-1097,1091,State Department for Roads,1091185800,Critical Roads XXV (Critical Roads X - Cont.),1091185803,Ogaso - Ohuru Road,2630200,Capital Grants to Government Agencies and other Levels of Government,exp,10000000,0,0,0,307,yes
fy-2026-27-development-book-volume-ii-1091-1097,1091,State Department for Roads,1091185800,Critical Roads XXV (Critical Roads X - Cont.),1091185804,Ohagre - Nyalenda- Inungo,2630200,Capital Grants to Government Agencies and other Levels of Government,exp,20000000,0,0,0,307,yes
fy-2026-27-development-book-volume-ii-1091-1097,1091,State Department for Roads,1091185800,Critical Roads XXV (Critical Roads X - Cont.),1091185805,Ohiya - Hadley Road (Balambala),2630200,Capital Grants to Government Agencies and other Levels of Government,exp,20000000,0,0,0,308,yes
fy-2026-27-development-book-volume-ii-1091-1097,1091,State Department for Roads,1091185800,Critical Roads XXV (Critical Roads X - Cont.),1091185806,Ojijo - Oteko Link Road,2630200,Capital Grants to Government Agencies and other Levels of Government,exp,100000000,0,0,0,308,yes
fy-2026-27-development-book-volume-ii-1091-1097,1091,State Department for Roads,1091185800,Critical Roads XXV (Critical Roads X - Cont.),1091185807,Ojola Lwala Rd,2630200,Capital Grants to Government Agencies and other Levels of Government,exp,10000000,0,0,0,308,yes
fy-2026-27-development-book-volume-ii-1091-1097,1091,State Department for Roads,1091185800,Critical Roads XXV (Critical Roads X - Cont.),1091185808,Okana Orego Road,2630200,Capital Grants to Government Agencies and other Levels of Government,exp,20000000,0,0,0,308,yes
fy-2026-27-development-book-volume-ii-1091-1097,1091,State Department for Roads,1091185800,Critical Roads XXV (Critical Roads X - Cont.),1091185809,Olare Mariwa Road Rangwe,2630200,Capital Grants to Government Agencies and other Levels of Government,exp,20000000,0,0,0,308,yes
fy-2026-27-development-book-volume-ii-1091-1097,1091,State Department for Roads,1091185800,Critical Roads XXV (Critical Roads X - Cont.),1091185810,Olbutyo - Sigor,2630200,Capital Grants to Government Agencies and other Levels of Government,exp,7000000,0,0,0,308,yes
fy-2026-27-development-book-volume-ii-1091-1097,1091,State Department for Roads,1091185800,Critical Roads XXV (Critical Roads X - Cont.),1091185811,Olepolos - Olashapani,2630200,Capital Grants to Government Agencies and other Levels of Government,exp,20000000,0,0,0,308,yes
fy-2026-27-development-book-volume-ii-1091-1097,1091,State Department for Roads,1091185800,Critical Roads XXV (Critical Roads X - Cont.),1091185812,Olla Xafisduga,2630200,Capital Grants to Government Agencies and other Levels of Government,exp,30000000,0,0,0,308,yes
fy-2026-27-development-book-volume-ii-1091-1097,1091,State Department for Roads,1091185800,Critical Roads XXV (Critical Roads X - Cont.),1091185813,Olonana Leshuta Road (5KM),2630200,Capital Grants to Government Agencies and other Levels of Government,exp,10000000,0,0,0,308,yes
fy-2026-27-development-book-volume-ii-1091-1097,1091,State Department for Roads,1091185800,Critical Roads XXV (Critical Roads X - Cont.),1091185814,Omanyi Bridge Minyanye Kibingiri Rd,2630200,Capital Grants to Government Agencies and other Levels of Government,exp,15000000,0,0,0,308,yes
fy-2026-27-development-book-volume-ii-1091-1097,1091,State Department for Roads,1091185800,Critical Roads XXV (Critical Roads X - Cont.),1091185815,Ombaka Withur Road,2630200,Capital Grants to Government Agencies and other Levels of Government,exp,20000000,0,0,0,309,yes
fy-2026-27-development-book-volume-ii-1091-1097,1091,State Department for Roads,1091185800,Critical Roads XXV (Critical Roads X - Cont.),1091185816,Ombeyi Achuodho Rd,2630200,Capital Grants to Government Agencies and other Levels of Government,exp,10000000,0,0,0,309,yes
fy-2026-27-development-book-volume-ii-1091-1097,1091,State Department for Roads,1091185800,Critical Roads XXV (Critical Roads X - Cont.),1091185817,Ombeyi Miwani Rd,2630200,Capital Grants to Government Agencies and other Levels of Government,exp,10000000,0,0,0,309,yes
fy-2026-27-development-book-volume-ii-1091-1097,1091,State Department for Roads,1091185800,Critical Roads XXV (Critical Roads X - Cont.),1091185818,Ongito Access Roads,2630200,Capital Grants to Government Agencies and other Levels of Government,exp,10000000,0,0,0,309,yes
fy-2026-27-development-book-volume-ii-1091-1097,1091,State Department for Roads,1091185800,Critical Roads XXV (Critical Roads X - Cont.),1091185819,Othach - Magombe - Got Matar,2630200,Capital Grants to Government Agencies and other Levels of Government,exp,20000000,0,0,0,309,yes
fy-2026-27-development-book-volume-ii-1091-1097,1091,State Department for Roads,1091185800,Critical Roads XXV (Critical Roads X - Cont.),1091185820,Othoo Oriedo Road,2630200,Capital Grants to Government Agencies and other Levels of Government,exp,20000000,0,0,0,309,yes
fy-2026-27-development-book-volume-ii-1091-1097,1091,State Department for Roads,1091185800,Critical Roads XXV (Critical Roads X - Cont.),1091185821,Parburush-Oldonyio Orasha,2630200,Capital Grants to Government Agencies and other Levels of Government,exp,20000000,0,0,0,309,yes
fy-2026-27-development-book-volume-ii-1091-1097,1091,State Department for Roads,1091185800,Critical Roads XXV (Critical Roads X - Cont.),1091185822,Petulani - Mtumwa (Kwale County),2630200,Capital Grants to Government Agencies and other Levels of Government,exp,10000000,0,0,0,309,yes
fy-2026-27-development-book-volume-ii-1091-1097,1091,State Department for Roads,1091185800,Critical Roads XXV (Critical Roads X - Cont.),1091185823,Qate Antut Rd,2630200,Capital Grants to Government Agencies and other Levels of Government,exp,10000000,45000000,0,0,309,yes
fy-2026-27-development-book-volume-ii-1091-1097,1091,State Department for Roads,1091185800,Critical Roads XXV (Critical Roads X - Cont.),1091185824,Quickmatt Mihang'o Kwa Chief Road - Embakasi East - Nairobi,2630200,Capital Grants to Government Agencies and other Levels of Government,exp,25000000,0,0,0,309,yes
fy-2026-27-development-book-volume-ii-1091-1097,1091,State Department for Roads,1091185800,Critical Roads XXV (Critical Roads X - Cont.),1091185825,Radiro Ondiri Road,2630200,Capital Grants to Government Agencies and other Levels of Government,exp,10000000,0,0,0,309,yes
fy-2026-27-development-book-volume-ii-1091-1097,1091,State Department for Roads,1091185800,Critical Roads XXV (Critical Roads X - Cont.),1091185826,Rago Chari - Bura dima,2630200,Capital Grants to Government Agencies and other Levels of Government,exp,10000000,0,0,0,310,yes
fy-2026-27-development-book-volume-ii-1091-1097,1091,State Department for Roads,1091185800,Critical Roads XXV (Critical Roads X - Cont.),1091185827,Raha omwomore Nyalganda Road,2630200,Capital Grants to Government Agencies and other Levels of Government,exp,20000000,0,0,0,310,yes
fy-2026-27-development-book-volume-ii-1091-1097,1091,State Department for Roads,1091185800,Critical Roads XXV (Critical Roads X - Cont.),1091185828,Ramuoma Jnc - Hospital Road,2630200,Capital Grants to Government Agencies and other Levels of Government,exp,10000000,0,0,0,310,yes
fy-2026-27-development-book-volume-ii-1091-1097,1091,State Department for Roads,1091185800,Critical Roads XXV (Critical Roads X - Cont.),1091185829,Rapogi Access Roads,2630200,Capital Grants to Government Agencies and other Levels of Government,exp,10000000,0,0,0,310,yes
fy-2026-27-development-book-volume-ii-1091-1097,1091,State Department for Roads,1091185800,Critical Roads XXV (Critical Roads X - Cont.),1091185830,Rapogi-PinyOwacho-Miruya-Omboo-Gogo-Thimlich - Uriri,2630200,Capital Grants to Government Agencies and other Levels of Government,exp,20000000,0,0,0,310,yes
fy-2026-27-development-book-volume-ii-1091-1097,1091,State Department for Roads,1091185800,Critical Roads XXV (Critical Roads X - Cont.),1091185831,Reale Hospital Access Road 2km,2630200,Capital Grants to Government Agencies and other Levels of Government,exp,20000000,0,0,0,310,yes
fy-2026-27-development-book-volume-ii-1091-1097,1091,State Department for Roads,1091185800,Critical Roads XXV (Critical Roads X - Cont.),1091185832,River Kibisi - Luyia - Naitiri,2630200,Capital Grants to Government Agencies and other Levels of Government,exp,20000000,0,0,0,310,yes
fy-2026-27-development-book-volume-ii-1091-1097,1091,State Department for Roads,1091185800,Critical Roads XXV (Critical Roads X - Cont.),1091185833,Ruiru - Ruiru primary School Road,2630200,Capital Grants to Government Agencies and other Levels of Government,exp,20000000,0,0,0,310,yes
fy-2026-27-development-book-volume-ii-1091-1097,1091,State Department for Roads,1091185800,Critical Roads XXV (Critical Roads X - Cont.),1091185834,Sagante A2 Junction,2630200,Capital Grants to Government Agencies and other Levels of Government,exp,10000000,0,0,0,310,yes
fy-2026-27-development-book-volume-ii-1091-1097,1091,State Department for Roads,1091185800,Critical Roads XXV (Critical Roads X - Cont.),1091185835,Sagero Manya Ndonyo Road,2630200,Capital Grants to Government Agencies and other Levels of Government,exp,20000000,0,0,0,310,yes
fy-2026-27-development-book-volume-ii-1091-1097,1091,State Department for Roads,1091185800,Critical Roads XXV (Critical Roads X - Cont.),1091185836,Saqira Olla,2630200,Capital Grants to Government Agencies and other Levels of Government,exp,30000000,0,0,0,311,yes
fy-2026-27-development-book-volume-ii-1091-1097,1091,State Department for Roads,1091185800,Critical Roads XXV (Critical Roads X - Cont.),1091185837,Sarman Dam Access Road,2630200,Capital Grants to Government Agencies and other Levels of Government,exp,20000000,0,0,0,311,yes
fy-2026-27-development-book-volume-ii-1091-1097,1091,State Department for Roads,1091185800,Critical Roads XXV (Critical Roads X - Cont.),1091185838,Sembembe Alwangni Rd,2630200,Capital Grants to Government Agencies and other Levels of Government,exp,10000000,0,0,0,311,yes
fy-2026-27-development-book-volume-ii-1091-1097,1091,State Department for Roads,1091185800,Critical Roads XXV (Critical Roads X - Cont.),1091185839,Sero - Rata Road,2630200,Capital Grants to Government Agencies and other Levels of Government,exp,10000000,0,0,0,311,yes
fy-2026-27-development-book-volume-ii-1091-1097,1091,State Department for Roads,1091185800,Critical Roads XXV (Critical Roads X - Cont.),1091185840,Shari Fellen Daua,2630200,Capital Grants to Government Agencies and other Levels of Government,exp,15000000,0,0,0,311,yes
fy-2026-27-development-book-volume-ii-1091-1097,1091,State Department for Roads,1091185800,Critical Roads XXV (Critical Roads X - Cont.),1091185841,Sihay - Kodongo,2630200,Capital Grants to Government Agencies and other Levels of Government,exp,20000000,0,0,0,311,yes
fy-2026-27-development-book-volume-ii-1091-1097,1091,State Department for Roads,1091185800,Critical Roads XXV (Critical Roads X - Cont.),1091185842,Simba Matutu Bridge,2630200,Capital Grants to Government Agencies and other Levels of Government,exp,30000000,0,0,0,311,yes
fy-2026-27-development-book-volume-ii-1091-1097,1091,State Department for Roads,1091185800,Critical Roads XXV (Critical Roads X - Cont.),1091185843,Siranga-Yenga-Sega,2630200,Capital Grants to Government Agencies and other Levels of Government,exp,20000000,0,0,0,311,yes
fy-2026-27-development-book-volume-ii-1091-1097,1091,State Department for Roads,1091185800,Critical Roads XXV (Critical Roads X - Cont.),1091185844,Special Forces Camp Damasa Road,2630200,Capital Grants to Government Agencies and other Levels of Government,exp,15000000,0,0,0,311,yes
fy-2026-27-development-book-volume-ii-1091-1097,1091,State Department for Roads,1091185800,Critical Roads XXV (Critical Roads X - Cont.),1091185845,Spot improvement of Ngano- Kalro Road,2630200,Capital Grants to Government Agencies and other Levels of Government,exp,20000000,0,0,0,311,yes
fy-2026-27-development-book-volume-ii-1091-1097,1091,State Department for Roads,1091185800,Critical Roads XXV (Critical Roads X - Cont.),1091185846,St. Benedict - Ogande Road,2630200,Capital Grants to Government Agencies and other Levels of Government,exp,10000000,0,0,0,311,yes
fy-2026-27-development-book-volume-ii-1091-1097,1091,State Department for Roads,1091185800,Critical Roads XXV (Critical Roads X - Cont.),1091185847,Suam custom - Kibosit,2630200,Capital Grants to Government Agencies and other Levels of Government,exp,20000000,0,0,0,312,yes
fy-2026-27-development-book-volume-ii-1091-1097,1091,State Department for Roads,1091185800,Critical Roads XXV (Critical Roads X - Cont.),1091185848,Tarasaa-Oda,2630200,Capital Grants to Government Agencies and other Levels of Government,exp,20000000,0,0,0,312,yes
fy-2026-27-development-book-volume-ii-1091-1097,1091,State Department for Roads,1091185800,Critical Roads XXV (Critical Roads X - Cont.),1091185849,Taru - Uvaru (Kwale County),2630200,Capital Grants to Government Agencies and other Levels of Government,exp,10000000,0,0,0,312,yes
fy-2026-27-development-book-volume-ii-1091-1097,1091,State Department for Roads,1091185800,Critical Roads XXV (Critical Roads X - Cont.),1091185850,Tido Sembebe Rd,2630200,Capital Grants to Government Agencies and other Levels of Government,exp,10000000,0,0,0,312,yes
fy-2026-27-development-book-volume-ii-1091-1097,1091,State Department for Roads,1091185800,Critical Roads XXV (Critical Roads X - Cont.),1091185851,Tilangok- Kapsomber- Sogororbei,2630200,Capital Grants to Government Agencies and other Levels of Government,exp,7000000,0,0,0,312,yes
fy-2026-27-development-book-volume-ii-1091-1097,1091,State Department for Roads,1091185800,Critical Roads XXV (Critical Roads X - Cont.),1091185852,Tirgamo -Thurusi,2630200,Capital Grants to Government Agencies and other Levels of Government,exp,25000000,0,0,0,312,yes
fy-2026-27-development-book-volume-ii-1091-1097,1091,State Department for Roads,1091185800,Critical Roads XXV (Critical Roads X - Cont.),1091185853,TMC Jaber Disp/Pri/Market Odula/Opondo Jnct Mariwa,2630200,Capital Grants to Government Agencies and other Levels of Government,exp,10000000,0,0,0,312,yes
fy-2026-27-development-book-volume-ii-1091-1097,1091,State Department for Roads,1091185800,Critical Roads XXV (Critical Roads X - Cont.),1091185854,Uhuru-Bombo,2630200,Capital Grants to Government Agencies and other Levels of Government,exp,10000000,0,0,0,312,yes
fy-2026-27-development-book-volume-ii-1091-1097,1091,State Department for Roads,1091185800,Critical Roads XXV (Critical Roads X - Cont.),1091185855,Ukwala-Yenga-Got Nanga,2630200,Capital Grants to Government Agencies and other Levels of Government,exp,20000000,0,0,0,312,yes
fy-2026-27-development-book-volume-ii-1091-1097,1091,State Department for Roads,1091185800,Critical Roads XXV (Critical Roads X - Cont.),1091185856,Usiginy - Rambula - Sigomere Road,2630200,Capital Grants to Government Agencies and other Levels of Government,exp,10000000,0,0,0,312,yes
fy-2026-27-development-book-volume-ii-1091-1097,1091,State Department for Roads,1091185800,Critical Roads XXV (Critical Roads X - Cont.),1091185857,Uwaria - Ramogi Rd,2630200,Capital Grants to Government Agencies and other Levels of Government,exp,10000000,0,0,0,313,yes
fy-2026-27-development-book-volume-ii-1091-1097,1091,State Department for Roads,1091185800,Critical Roads XXV (Critical Roads X - Cont.),1091185858,Vispa Emmanuel Road,2630200,Capital Grants to Government Agencies and other Levels of Government,exp,20000000,0,0,0,313,yes
fy-2026-27-development-book-volume-ii-1091-1097,1091,State Department for Roads,1091185800,Critical Roads XXV (Critical Roads X - Cont.),1091185859,Wahundura - Ngechu-Kamacharia,2630200,Capital Grants to Government Agencies and other Levels of Government,exp,20000000,0,0,0,313,yes
fy-2026-27-development-book-volume-ii-1091-1097,1091,State Department for Roads,1091185800,Critical Roads XXV (Critical Roads X - Cont.),1091185860,Waradey- Jigjiga- Majabow Road,2630200,Capital Grants to Government Agencies and other Levels of Government,exp,20000000,0,0,0,313,yes
fy-2026-27-development-book-volume-ii-1091-1097,1091,State Department for Roads,1091185800,Critical Roads XXV (Critical Roads X - Cont.),1091185861,Water Intake - Mboone,2630200,Capital Grants to Government Agencies and other Levels of Government,exp,20000000,0,0,0,313,yes
fy-2026-27-development-book-volume-ii-1091-1097,1091,State Department for Roads,1091185800,Critical Roads XXV (Critical Roads X - Cont.),1091185862,Yabicho Towfiq,2630200,Capital Grants to Government Agencies and other Levels of Government,exp,15000000,0,0,0,313,yes
fy-2026-27-development-book-volume-ii-1091-1097,1091,State Department for Roads,1091185800,Critical Roads XXV (Critical Roads X - Cont.),1091185863,Yenga - Siwar- Got-Nanga,2630200,Capital Grants to Government Agencies and other Levels of Government,exp,10000000,0,0,0,313,yes
fy-2026-27-development-book-volume-ii-1091-1097,1091,State Department for Roads,1091185800,Critical Roads XXV (Critical Roads X - Cont.),1091185864,Ziwa- Kerotet - Bronjo Rd - 20km,2630200,Capital Grants to Government Agencies and other Levels of Government,exp,30000000,0,0,0,313,yes
fy-2026-27-development-book-volume-ii-1091-1097,1091,State Department for Roads,1091185800,Critical Roads XXV (Critical Roads X - Cont.),1091185865,A1 Road - Nakalei Road,2630200,Capital Grants to Government Agencies and other Levels of Government,exp,10000000,0,0,0,313,yes
fy-2026-27-development-book-volume-ii-1091-1097,1091,State Department for Roads,1091185800,Critical Roads XXV (Critical Roads X - Cont.),1091185866,Bondeni Road,2630200,Capital Grants to Government Agencies and other Levels of Government,exp,10000000,0,0,0,313,yes
fy-2026-27-development-book-volume-ii-1091-1097,1091,State Department for Roads,1091185800,Critical Roads XXV (Critical Roads X - Cont.),1091185867,Buffalo- Ndamene Road,2630200,Capital Grants to Government Agencies and other Levels of Government,exp,10000000,0,0,0,313,yes
fy-2026-27-development-book-volume-ii-1091-1097,1091,State Department for Roads,1091185800,Critical Roads XXV (Critical Roads X - Cont.),1091185868,Chepterit Kaptildil Karlel - Belekenya,2630200,Capital Grants to Government Agencies and other Levels of Government,exp,10000000,0,0,0,314,yes
fy-2026-27-development-book-volume-ii-1091-1097,1091,State Department for Roads,1091185800,Critical Roads XXV (Critical Roads X - Cont.),1091185869,Hagarjarer-Libahlow C294 Road,2630200,Capital Grants to Government Agencies and other Levels of Government,exp,10000000,0,0,0,314,yes
fy-2026-27-development-book-volume-ii-1091-1097,1091,State Department for Roads,1091185800,Critical Roads XXV (Critical Roads X - Cont.),1091185870,Homabay Links Road,2630200,Capital Grants to Government Agencies and other Levels of Government,exp,20000000,0,0,0,314,yes
fy-2026-27-development-book-volume-ii-1091-1097,1091,State Department for Roads,1091185800,Critical Roads XXV (Critical Roads X - Cont.),1091185871,IIIkiushini_Emarti,2630200,Capital Grants to Government Agencies and other Levels of Government,exp,10000000,0,0,0,314,yes
fy-2026-27-development-book-volume-ii-1091-1097,1091,State Department for Roads,1091185800,Critical Roads XXV (Critical Roads X - Cont.),1091185872,Jn A3-Diiso(C291) Road,2630200,Capital Grants to Government Agencies and other Levels of Government,exp,10000000,0,0,0,314,yes
fy-2026-27-development-book-volume-ii-1091-1097,1091,State Department for Roads,1091185800,Critical Roads XXV (Critical Roads X - Cont.),1091185873,Jnc Mombasa Road - Kwa Uthithi Kima,2630200,Capital Grants to Government Agencies and other Levels of Government,exp,17000000,0,0,0,314,yes
fy-2026-27-development-book-volume-ii-1091-1097,1091,State Department for Roads,1091185800,Critical Roads XXV (Critical Roads X - Cont.),1091185874,Kaiboi - Rubet - Chepkiep,2630200,Capital Grants to Government Agencies and other Levels of Government,exp,15000000,0,0,0,314,yes
fy-2026-27-development-book-volume-ii-1091-1097,1091,State Department for Roads,1091185800,Critical Roads XXV (Critical Roads X - Cont.),1091185875,?Kakongu - Lokwamosing Road,2630200,Capital Grants to Government Agencies and other Levels of Government,exp,10000000,0,0,0,314,yes
fy-2026-27-development-book-volume-ii-1091-1097,1091,State Department for Roads,1091185800,Critical Roads XXV (Critical Roads X - Cont.),1091185876,Kanyakine-Mbeti Road,2630200,Capital Grants to Government Agencies and other Levels of Government,exp,10000000,0,0,0,314,yes
fy-2026-27-development-book-volume-ii-1091-1097,1091,State Department for Roads,1091185800,Critical Roads XXV (Critical Roads X - Cont.),1091185877,Kereketa,2630200,Capital Grants to Government Agencies and other Levels of Government,exp,10000000,0,0,0,314,yes
fy-2026-27-development-book-volume-ii-1091-1097,1091,State Department for Roads,1091185800,Critical Roads XXV (Critical Roads X - Cont.),1091185878,Kionyo- Kanyakine Road,2630200,Capital Grants to Government Agencies and other Levels of Government,exp,10000000,0,0,0,315,yes
fy-2026-27-development-book-volume-ii-1091-1097,1091,State Department for Roads,1091185800,Critical Roads XXV (Critical Roads X - Cont.),1091185879,Kiu Salama,2630200,Capital Grants to Government Agencies and other Levels of Government,exp,17000000,0,0,0,315,yes
fy-2026-27-development-book-volume-ii-1091-1097,1091,State Department for Roads,1091185800,Critical Roads XXV (Critical Roads X - Cont.),1091185880,Koisolik - Birei - Kamogonjio,2630200,Capital Grants to Government Agencies and other Levels of Government,exp,15000000,0,0,0,315,yes
fy-2026-27-development-book-volume-ii-1091-1097,1091,State Department for Roads,1091185800,Critical Roads XXV (Critical Roads X - Cont.),1091185881,Konton -Gerile,2630200,Capital Grants to Government Agencies and other Levels of Government,exp,10000000,0,0,0,315,yes
fy-2026-27-development-book-volume-ii-1091-1097,1091,State Department for Roads,1091185800,Critical Roads XXV (Critical Roads X - Cont.),1091185882,Lessos- Kabore,2630200,Capital Grants to Government Agencies and other Levels of Government,exp,25000000,0,0,0,315,yes
fy-2026-27-development-book-volume-ii-1091-1097,1091,State Department for Roads,1091185800,Critical Roads XXV (Critical Roads X - Cont.),1091185883,Liwatoni,2630200,Capital Grants to Government Agencies and other Levels of Government,exp,10000000,0,0,0,315,yes
fy-2026-27-development-book-volume-ii-1091-1097,1091,State Department for Roads,1091185800,Critical Roads XXV (Critical Roads X - Cont.),1091185884,Longumgum - Kiserian,2630200,Capital Grants to Government Agencies and other Levels of Government,exp,15000000,0,0,0,315,yes
fy-2026-27-development-book-volume-ii-1091-1097,1091,State Department for Roads,1091185800,Critical Roads XXV (Critical Roads X - Cont.),1091185885,Loruk - Ngaratuko,2630200,Capital Grants to Government Agencies and other Levels of Government,exp,15000000,0,0,0,315,yes
fy-2026-27-development-book-volume-ii-1091-1097,1091,State Department for Roads,1091185800,Critical Roads XXV (Critical Roads X - Cont.),1091185886,Lower Marioshoni,2630200,Capital Grants to Government Agencies and other Levels of Government,exp,30000000,0,0,0,315,yes
fy-2026-27-development-book-volume-ii-1091-1097,1091,State Department for Roads,1091185800,Critical Roads XXV (Critical Roads X - Cont.),1091185887,Manyoror- Otri,2630200,Capital Grants to Government Agencies and other Levels of Government,exp,9000000,0,0,0,315,yes
fy-2026-27-development-book-volume-ii-1091-1097,1091,State Department for Roads,1091185800,Critical Roads XXV (Critical Roads X - Cont.),1091185888,Mathaithi- Kiangurue- Kangari polytechnic,2630200,Capital Grants to Government Agencies and other Levels of Government,exp,20000000,0,0,0,315,yes
fy-2026-27-development-book-volume-ii-1091-1097,1091,State Department for Roads,1091185800,Critical Roads XXV (Critical Roads X - Cont.),1091185889,Mimosa Samutet,2630200,Capital Grants to Government Agencies and other Levels of Government,exp,9000000,0,0,0,316,yes
fy-2026-27-development-book-volume-ii-1091-1097,1091,State Department for Roads,1091185800,Critical Roads XXV (Critical Roads X - Cont.),1091185890,Mitunguu- Mbeti Road,2630200,Capital Grants to Government Agencies and other Levels of Government,exp,10000000,0,0,0,316,yes
fy-2026-27-development-book-volume-ii-1091-1097,1091,State Department for Roads,1091185800,Critical Roads XXV (Critical Roads X - Cont.),1091185891,Mvumoni- Bwiti- Chigombero,2630200,Capital Grants to Government Agencies and other Levels of Government,exp,20000000,0,0,0,316,yes
fy-2026-27-development-book-volume-ii-1091-1097,1091,State Department for Roads,1091185800,Critical Roads XXV (Critical Roads X - Cont.),1091185892,Nkarusa Olchoronyore Road,2630200,Capital Grants to Government Agencies and other Levels of Government,exp,20000000,0,0,0,316,yes
fy-2026-27-development-book-volume-ii-1091-1097,1091,State Department for Roads,1091185800,Critical Roads XXV (Critical Roads X - Cont.),1091185893,Nyagatho - Parda Chepkurket,2630200,Capital Grants to Government Agencies and other Levels of Government,exp,9000000,0,0,0,316,yes
fy-2026-27-development-book-volume-ii-1091-1097,1091,State Department for Roads,1091185800,Critical Roads XXV (Critical Roads X - Cont.),1091185894,Ptikii - Kolelachi.,2630200,Capital Grants to Government Agencies and other Levels of Government,exp,15000000,0,0,0,316,yes
fy-2026-27-development-book-volume-ii-1091-1097,1091,State Department for Roads,1091185800,Critical Roads XXV (Critical Roads X - Cont.),1091185895,Saka-Balich C251 Road,2630200,Capital Grants to Government Agencies and other Levels of Government,exp,10000000,0,0,0,316,yes
fy-2026-27-development-book-volume-ii-1091-1097,1091,State Department for Roads,1091185800,Critical Roads XXV (Critical Roads X - Cont.),1091185896,SGR-Smith/Nkoroi,2630200,Capital Grants to Government Agencies and other Levels of Government,exp,10000000,0,0,0,316,yes
fy-2026-27-development-book-volume-ii-1091-1097,1091,State Department for Roads,1091185800,Critical Roads XXV (Critical Roads X - Cont.),1091185897,Tilalwo Kapkobis- Kamoriongo,2630200,Capital Grants to Government Agencies and other Levels of Government,exp,10000000,0,0,0,316,yes
fy-2026-27-development-book-volume-ii-1091-1097,1091,State Department for Roads,1091185800,Critical Roads XXV (Critical Roads X - Cont.),1091185898,Toror Kapzakayo,2630200,Capital Grants to Government Agencies and other Levels of Government,exp,9000000,0,0,0,316,yes
fy-2026-27-development-book-volume-ii-1091-1097,1091,State Department for Roads,1091185800,Critical Roads XXV (Critical Roads X - Cont.),1091185899,Tseikuru/Kora Junction Masyungwa Police Station Mathunyani,2630200,Capital Grants to Government Agencies and other Levels of Government,exp,20000000,0,0,0,317,yes
fy-2026-27-development-book-volume-ii-1091-1097,1091,State Department for Roads,1091185900,Critical Roads XXVI (Critical Roads X - Cont.),1091185901,Upper Marioshoni,2630200,Capital Grants to Government Agencies and other Levels of Government,exp,30000000,0,0,0,317,yes
fy-2026-27-development-book-volume-ii-1091-1097,1091,State Department for Roads,1091186000,Improvement of Roads In Nairobi and County Cooperation Programme,1091186001,Improvement of Roads In Nairobi and County Cooperation Programme,2630200,Capital Grants to Government Agencies and other Levels of Government,exp,0,230000000,0,0,317,yes
fy-2026-27-development-book-volume-ii-1091-1097,1091,State Department for Roads,1091186000,Improvement of Roads In Nairobi and County Cooperation Programme,1091186024,Matuguta - Miumia - Kambaa Road,2630200,Capital Grants to Government Agencies and other Levels of Government,exp,0,30000000,24000000,0,317,yes
fy-2026-27-development-book-volume-ii-1091-1097,1091,State Department for Roads,1091186000,Improvement of Roads In Nairobi and County Cooperation Programme,1091186054,Kahuho - Soweto - Mahiga Meri Road,2630200,Capital Grants to Government Agencies and other Levels of Government,exp,0,10000000,0,0,317,yes
fy-2026-27-development-book-volume-ii-1091-1097,1091,State Department for Roads,1091186100,Rehabilitation Mtito Andei -Tsavo River,1091186101,Rehabilitation Mtito Andei -Tsavo River,2630200,Capital Grants to Government Agencies and other Levels of Government,exp,0,52875000,0,0,317,yes
fy-2026-27-development-book-volume-ii-1091-1097,1091,State Department for Roads,1091186200,Rehabilitation of Eldoret -Kapsabet (B8),1091186201,Rehabilitation of Eldoret -Kapsabet (B8),2630200,Capital Grants to Government Agencies and other Levels of Government,exp,0,110000000,0,0,317,yes
fy-2026-27-development-book-volume-ii-1091-1097,1091,State Department for Roads,1091186300,NMT along Dedan Kimathi University,1091186301,NMT along Dedan Kimathi University,2630200,Capital Grants to Government Agencies and other Levels of Government,exp,0,11250000,0,0,318,yes
fy-2026-27-development-book-volume-ii-1091-1097,1091,State Department for Roads,1091186400,Low Volume Seals LVSR VOL 4,1091186402,Kaprongori-Roret Primary -Chebulu/Tebesonik-Kapkisiara,2630200,Capital Grants to Government Agencies and other Levels of Government,exp,0,30000000,0,0,318,yes
fy-2026-27-development-book-volume-ii-1091-1097,1091,State Department for Roads,1091186400,Low Volume Seals LVSR VOL 4,1091186403,Kapsebetet- Kapsir,2630200,Capital Grants to Government Agencies and other Levels of Government,exp,0,18750000,0,0,318,yes
fy-2026-27-development-book-volume-ii-1091-1097,1091,State Department for Roads,1091186400,Low Volume Seals LVSR VOL 4,1091186404,Kapsogut-Kaptele Rd/Kap Dc-Roronya-Panda Mills,2630200,Capital Grants to Government Agencies and other Levels of Government,exp,0,30000000,0,0,318,yes
fy-2026-27-development-book-volume-ii-1091-1097,1091,State Department for Roads,1091186400,Low Volume Seals LVSR VOL 4,1091186405,Kibirichia Market -Ruibi Pry School-Ntugi Market Loop Roads,2630200,Capital Grants to Government Agencies and other Levels of Government,exp,0,18750000,0,0,318,yes
fy-2026-27-development-book-volume-ii-1091-1097,1091,State Department for Roads,1091186400,Low Volume Seals LVSR VOL 4,1091186406,Kipkoris-Kures-Chepkoburot/Kongoi-Buchenge-Chemare,2630200,Capital Grants to Government Agencies and other Levels of Government,exp,0,48750000,0,0,318,yes
fy-2026-27-development-book-volume-ii-1091-1097,1091,State Department for Roads,1091186400,Low Volume Seals LVSR VOL 4,1091186407,Kobel- Satiet- Nyangombe/Nukiat - Kapleleito,2630200,Capital Grants to Government Agencies and other Levels of Government,exp,0,56250000,0,0,318,yes
fy-2026-27-development-book-volume-ii-1091-1097,1091,State Department for Roads,1091186400,Low Volume Seals LVSR VOL 4,1091186408,Kwa Vonza - Kiusyaini,2630200,Capital Grants to Government Agencies and other Levels of Government,exp,0,22500000,0,0,318,yes
fy-2026-27-development-book-volume-ii-1091-1097,1091,State Department for Roads,1091186400,Low Volume Seals LVSR VOL 4,1091186409,Narok Bypass Kirubi - TM,2630200,Capital Grants to Government Agencies and other Levels of Government,exp,0,15750000,0,0,319,yes
fy-2026-27-development-book-volume-ii-1091-1097,1091,State Department for Roads,1091186400,Low Volume Seals LVSR VOL 4,1091186410,Upgrading Kapsikotwo - Singorwe,2630200,Capital Grants to Government Agencies and other Levels of Government,exp,0,52500000,0,0,319,yes
fy-2026-27-development-book-volume-ii-1091-1097,1091,State Department for Roads,1091186400,Low Volume Seals LVSR VOL 4,1091186411,Upgrading Siyu - Kizingitini Road,2630200,Capital Grants to Government Agencies and other Levels of Government,exp,0,60000000,401464787,86869944,319,yes
fy-2026-27-development-book-volume-ii-1091-1097,1091,State Department for Roads,1091186400,Low Volume Seals LVSR VOL 4,1091186412,Upgrading St Teresa -Kinungi,2630200,Capital Grants to Government Agencies and other Levels of Government,exp,0,18750000,0,0,319,yes
fy-2026-27-development-book-volume-ii-1091-1097,1091,State Department for Roads,1091186400,Low Volume Seals LVSR VOL 4,1091186413,Butere -Nyenyesi -Imanga Road,2630200,Capital Grants to Government Agencies and other Levels of Government,exp,0,390000000,0,0,319,yes
fy-2026-27-development-book-volume-ii-1091-1097,1091,State Department for Roads,1091186400,Low Volume Seals LVSR VOL 4,1091186414,Kerotet Access Road,2630200,Capital Grants to Government Agencies and other Levels of Government,exp,0,30000000,0,0,319,yes
fy-2026-27-development-book-volume-ii-1091-1097,1091,State Department for Roads,1091186400,Low Volume Seals LVSR VOL 4,1091186415,Kuinet-Fadhili Road,2630200,Capital Grants to Government Agencies and other Levels of Government,exp,0,30000000,0,0,319,yes
fy-2026-27-development-book-volume-ii-1091-1097,1091,State Department for Roads,1091186400,Low Volume Seals LVSR VOL 4,1091186416,Bronjo- Kipchelulei -Segero Road,2630200,Capital Grants to Government Agencies and other Levels of Government,exp,0,30000000,0,0,319,yes
fy-2026-27-development-book-volume-ii-1091-1097,1091,State Department for Roads,1091186400,Low Volume Seals LVSR VOL 4,1091186417,Kipsamgui Access Road,2630200,Capital Grants to Government Agencies and other Levels of Government,exp,0,30000000,0,0,319,yes
fy-2026-27-development-book-volume-ii-1091-1097,1091,State Department for Roads,1091186400,Low Volume Seals LVSR VOL 4,1091186421,Kowuonda- Sukari Industries,2630200,Capital Grants to Government Agencies and other Levels of Government,exp,0,196292724,0,0,319,yes
fy-2026-27-development-book-volume-ii-1091-1097,1091,State Department for Roads,1091186400,Low Volume Seals LVSR VOL 4,1091186422,Migori- Kodumba- Sigama- Gaena,2630200,Capital Grants to Government Agencies and other Levels of Government,exp,0,273447265,0,0,319,yes
fy-2026-27-development-book-volume-ii-1091-1097,1091,State Department for Roads,1091186400,Low Volume Seals LVSR VOL 4,1091186419,Upgrading to Bitumen standards: Wajir -Elnur Road- Phase II,2630200,Capital Grants to Government Agencies and other Levels of Government,exp,0,77154541,0,0,320,yes
fy-2026-27-development-book-volume-ii-1091-1097,1091,State Department for Roads,1091186400,Low Volume Seals LVSR VOL 4,1091186420,Access Road to Eldas Level 5 Hospital-Eldas TTC,2630200,Capital Grants to Government Agencies and other Levels of Government,exp,0,46292724,0,0,320,yes
fy-2026-27-development-book-volume-ii-1091-1097,1091,State Department for Roads,1091186400,Low Volume Seals LVSR VOL 4,1091186423,Tangaranganya- Loliondo,2630200,Capital Grants to Government Agencies and other Levels of Government,exp,0,150000000,0,0,320,yes
fy-2026-27-development-book-volume-ii-1091-1097,1091,State Department for Roads,1091186400,Low Volume Seals LVSR VOL 4,1091186424,Posta- Nyikendo-Malele,2630200,Capital Grants to Government Agencies and other Levels of Government,exp,0,150000000,0,0,320,yes
fy-2026-27-development-book-volume-ii-1091-1097,1091,State Department for Roads,1091186400,Low Volume Seals LVSR VOL 4,1091186425,Kisumu Specialist- Fourways,2630200,Capital Grants to Government Agencies and other Levels of Government,exp,0,25000000,0,0,320,yes
fy-2026-27-development-book-volume-ii-1091-1097,1091,State Department for Roads,1091186400,Low Volume Seals LVSR VOL 4,1091186426,Landi- Onkobridge- Chiga rd,2630200,Capital Grants to Government Agencies and other Levels of Government,exp,0,25000000,0,0,320,yes
fy-2026-27-development-book-volume-ii-1091-1097,1091,State Department for Roads,1091186400,Low Volume Seals LVSR VOL 4,1091186427,Alango primary- Disciples of mercy School Rd,2630200,Capital Grants to Government Agencies and other Levels of Government,exp,0,25000000,0,0,320,yes
fy-2026-27-development-book-volume-ii-1091-1097,1091,State Department for Roads,1091186400,Low Volume Seals LVSR VOL 4,1091186428,Raago chari- Bura Dima,2630200,Capital Grants to Government Agencies and other Levels of Government,exp,0,20000000,0,0,320,yes
fy-2026-27-development-book-volume-ii-1091-1097,1091,State Department for Roads,1091186400,Low Volume Seals LVSR VOL 4,1091186429,Bangale- Miti,2630200,Capital Grants to Government Agencies and other Levels of Government,exp,0,20000000,0,0,320,yes
fy-2026-27-development-book-volume-ii-1091-1097,1091,State Department for Roads,1091186400,Low Volume Seals LVSR VOL 4,1091186430,Bangale- Durur,2630200,Capital Grants to Government Agencies and other Levels of Government,exp,0,20000000,0,0,320,yes
fy-2026-27-development-book-volume-ii-1091-1097,1091,State Department for Roads,1091186400,Low Volume Seals LVSR VOL 4,1091186431,Marafa-Guti,2630200,Capital Grants to Government Agencies and other Levels of Government,exp,0,25000000,0,0,321,yes
fy-2026-27-development-book-volume-ii-1091-1097,1091,State Department for Roads,1091186400,Low Volume Seals LVSR VOL 4,1091186432,Ngumu- Kitere,2630200,Capital Grants to Government Agencies and other Levels of Government,exp,0,30000000,0,0,321,yes
fy-2026-27-development-book-volume-ii-1091-1097,1091,State Department for Roads,1091186400,Low Volume Seals LVSR VOL 4,1091186433,Kipao- Maderte,2630200,Capital Grants to Government Agencies and other Levels of Government,exp,0,40000000,0,0,321,yes
fy-2026-27-development-book-volume-ii-1091-1097,1091,State Department for Roads,1091186400,Low Volume Seals LVSR VOL 4,1091186434,Ndunjeru- Mkungi,2630200,Capital Grants to Government Agencies and other Levels of Government,exp,0,10000000,0,0,321,yes
fy-2026-27-development-book-volume-ii-1091-1097,1091,State Department for Roads,1091186400,Low Volume Seals LVSR VOL 4,1091186435,Mkungi- Kahuho,2630200,Capital Grants to Government Agencies and other Levels of Government,exp,0,10000000,0,0,321,yes
fy-2026-27-development-book-volume-ii-1091-1097,1091,State Department for Roads,1091186400,Low Volume Seals LVSR VOL 4,1091186436,Kirwara- Wiston,2630200,Capital Grants to Government Agencies and other Levels of Government,exp,0,10000000,0,0,321,yes
fy-2026-27-development-book-volume-ii-1091-1097,1091,State Department for Roads,1091186400,Low Volume Seals LVSR VOL 4,1091186437,Memo- Kambata,2630200,Capital Grants to Government Agencies and other Levels of Government,exp,0,10000000,0,0,321,yes
fy-2026-27-development-book-volume-ii-1091-1097,1091,State Department for Roads,1091186400,Low Volume Seals LVSR VOL 4,1091186438,Muti Ini- Kahuru junction,2630200,Capital Grants to Government Agencies and other Levels of Government,exp,0,10000000,0,0,321,yes
fy-2026-27-development-book-volume-ii-1091-1097,1091,State Department for Roads,1091186400,Low Volume Seals LVSR VOL 4,1091186439,Weru- Kangutu,2630200,Capital Grants to Government Agencies and other Levels of Government,exp,0,10000000,0,0,321,yes
fy-2026-27-development-book-volume-ii-1091-1097,1091,State Department for Roads,1091186400,Low Volume Seals LVSR VOL 4,1091186440,Bongo cuba Rd,2630200,Capital Grants to Government Agencies and other Levels of Government,exp,0,10000000,0,0,321,yes
fy-2026-27-development-book-volume-ii-1091-1097,1091,State Department for Roads,1091186400,Low Volume Seals LVSR VOL 4,1091186441,Kagera Ini Sulmac,2630200,Capital Grants to Government Agencies and other Levels of Government,exp,0,10000000,0,0,321,yes
fy-2026-27-development-book-volume-ii-1091-1097,1091,State Department for Roads,1091186400,Low Volume Seals LVSR VOL 4,1091186442,Karati- Gatitu,2630200,Capital Grants to Government Agencies and other Levels of Government,exp,0,10000000,0,0,322,yes
fy-2026-27-development-book-volume-ii-1091-1097,1091,State Department for Roads,1091186400,Low Volume Seals LVSR VOL 4,1091186443,Munyaka- Kanyenya Inzi,2630200,Capital Grants to Government Agencies and other Levels of Government,exp,0,10000000,0,0,322,yes
fy-2026-27-development-book-volume-ii-1091-1097,1091,State Department for Roads,1091186400,Low Volume Seals LVSR VOL 4,1091186444,Kanamba- Githunguri,2630200,Capital Grants to Government Agencies and other Levels of Government,exp,0,10000000,0,0,322,yes
fy-2026-27-development-book-volume-ii-1091-1097,1091,State Department for Roads,1091186400,Low Volume Seals LVSR VOL 4,1091186445,Kanyawa Karandi,2630200,Capital Grants to Government Agencies and other Levels of Government,exp,0,10000000,0,0,322,yes
fy-2026-27-development-book-volume-ii-1091-1097,1091,State Department for Roads,1091186400,Low Volume Seals LVSR VOL 4,1091186446,Kamaguta- F Junction,2630200,Capital Grants to Government Agencies and other Levels of Government,exp,0,10000000,0,0,322,yes
fy-2026-27-development-book-volume-ii-1091-1097,1091,State Department for Roads,1091186400,Low Volume Seals LVSR VOL 4,1091186447,Tuzo- Raitha Strees Free,2630200,Capital Grants to Government Agencies and other Levels of Government,exp,0,10000000,0,0,322,yes
fy-2026-27-development-book-volume-ii-1091-1097,1091,State Department for Roads,1091186400,Low Volume Seals LVSR VOL 4,1091186448,Katien JN-Kobodo- Malela,2630200,Capital Grants to Government Agencies and other Levels of Government,exp,0,30000000,0,0,322,yes
fy-2026-27-development-book-volume-ii-1091-1097,1091,State Department for Roads,1091186400,Low Volume Seals LVSR VOL 4,1091186449,Sango - Kaumo Road,2630200,Capital Grants to Government Agencies and other Levels of Government,exp,0,15000000,0,0,322,yes
fy-2026-27-development-book-volume-ii-1091-1097,1091,State Department for Roads,1091186400,Low Volume Seals LVSR VOL 4,1091186450,Kawere-Ndere- Langi,2630200,Capital Grants to Government Agencies and other Levels of Government,exp,0,20000000,0,0,322,yes
fy-2026-27-development-book-volume-ii-1091-1097,1091,State Department for Roads,1091186400,Low Volume Seals LVSR VOL 4,1091186451,Kodumbo- Rota Gaena,2630200,Capital Grants to Government Agencies and other Levels of Government,exp,0,30000000,0,0,322,yes
fy-2026-27-development-book-volume-ii-1091-1097,1091,State Department for Roads,1091186400,Low Volume Seals LVSR VOL 4,1091186452,Aorachuodho-Sibuoche- Osani,2630200,Capital Grants to Government Agencies and other Levels of Government,exp,0,30000000,0,0,323,yes
fy-2026-27-development-book-volume-ii-1091-1097,1091,State Department for Roads,1091186400,Low Volume Seals LVSR VOL 4,1091186453,Ogango- Ober- Ombo,2630200,Capital Grants to Government Agencies and other Levels of Government,exp,0,20000000,0,0,323,yes
fy-2026-27-development-book-volume-ii-1091-1097,1091,State Department for Roads,1091186400,Low Volume Seals LVSR VOL 4,1091186454,Ober-Pala,2630200,Capital Grants to Government Agencies and other Levels of Government,exp,0,10000000,0,0,323,yes
fy-2026-27-development-book-volume-ii-1091-1097,1091,State Department for Roads,1091186400,Low Volume Seals LVSR VOL 4,1091186455,Sindo- Manyala-Msare,2630200,Capital Grants to Government Agencies and other Levels of Government,exp,0,30000000,0,0,323,yes
fy-2026-27-development-book-volume-ii-1091-1097,1091,State Department for Roads,1091186400,Low Volume Seals LVSR VOL 4,1091186456,Kaptarakwa-Kapteget,2630200,Capital Grants to Government Agencies and other Levels of Government,exp,0,300000000,0,0,323,yes
fy-2026-27-development-book-volume-ii-1091-1097,1091,State Department for Roads,1091186400,Low Volume Seals LVSR VOL 4,1091186457,Kapkoi- Kapteren- Kipsoen TTI- Katalil- Sach 4 - Kamariny Stadium,2630200,Capital Grants to Government Agencies and other Levels of Government,exp,0,450000000,0,0,323,yes
fy-2026-27-development-book-volume-ii-1091-1097,1091,State Department for Roads,1091186400,Low Volume Seals LVSR VOL 4,1091186458,Kaptarakwa - Kapkoi - EMC (Keiyo South),2630200,Capital Grants to Government Agencies and other Levels of Government,exp,0,300000000,0,0,323,yes
fy-2026-27-development-book-volume-ii-1091-1097,1091,State Department for Roads,1091186400,Low Volume Seals LVSR VOL 4,1091186459,Ha Wa Ishangai - Kambi F- Kitogo - Kamba - Ha Shemu- Mutarakwa,2630200,Capital Grants to Government Agencies and other Levels of Government,exp,0,300000000,0,0,323,yes
fy-2026-27-development-book-volume-ii-1091-1097,1091,State Department for Roads,1091186500,Spot Improvement Vol 3,1091186502,Gravelling Maragi Pry-Gituri,2630200,Capital Grants to Government Agencies and other Levels of Government,exp,0,30000000,0,0,323,yes
fy-2026-27-development-book-volume-ii-1091-1097,1091,State Department for Roads,1091186500,Spot Improvement Vol 3,1091186503,Maragua Bridge-Gaitega Shopping Centre,2630200,Capital Grants to Government Agencies and other Levels of Government,exp,0,30000000,0,0,323,yes
fy-2026-27-development-book-volume-ii-1091-1097,1091,State Department for Roads,1091186500,Spot Improvement Vol 3,1091186504,Gravelling Kanyiri-Nyaituga-Ngorika-Dundori Centre,2630200,Capital Grants to Government Agencies and other Levels of Government,exp,0,30000000,0,0,324,yes
fy-2026-27-development-book-volume-ii-1091-1097,1091,State Department for Roads,1091186500,Spot Improvement Vol 3,1091186505,Kianjai- Gikira,2630200,Capital Grants to Government Agencies and other Levels of Government,exp,0,20000000,0,0,324,yes
fy-2026-27-development-book-volume-ii-1091-1097,1091,State Department for Roads,1091186500,Spot Improvement Vol 3,1091186506,Nguyoini- Gwa Stanley,2630200,Capital Grants to Government Agencies and other Levels of Government,exp,0,20000000,0,0,324,yes
fy-2026-27-development-book-volume-ii-1091-1097,1091,State Department for Roads,1091186500,Spot Improvement Vol 3,1091186507,Access To Kihuri Village,2630200,Capital Grants to Government Agencies and other Levels of Government,exp,0,20000000,0,0,324,yes
fy-2026-27-development-book-volume-ii-1091-1097,1091,State Department for Roads,1091186500,Spot Improvement Vol 3,1091186508,Gatundu- Gwa Kimondo,2630200,Capital Grants to Government Agencies and other Levels of Government,exp,0,20000000,0,0,324,yes
fy-2026-27-development-book-volume-ii-1091-1097,1091,State Department for Roads,1091186500,Spot Improvement Vol 3,1091186509,Kariti - Thuruthuru,2630200,Capital Grants to Government Agencies and other Levels of Government,exp,0,20000000,0,0,324,yes
fy-2026-27-development-book-volume-ii-1091-1097,1091,State Department for Roads,1091186500,Spot Improvement Vol 3,1091186510,Kavote - Guama,2630200,Capital Grants to Government Agencies and other Levels of Government,exp,0,20000000,0,0,324,yes
fy-2026-27-development-book-volume-ii-1091-1097,1091,State Department for Roads,1091186500,Spot Improvement Vol 3,1091186511,Kamuiru - Mutitu,2630200,Capital Grants to Government Agencies and other Levels of Government,exp,0,20000000,0,0,324,yes
fy-2026-27-development-book-volume-ii-1091-1097,1091,State Department for Roads,1091186500,Spot Improvement Vol 3,1091186512,Ndarasha - Mbiri,2630200,Capital Grants to Government Agencies and other Levels of Government,exp,0,20000000,0,0,324,yes
fy-2026-27-development-book-volume-ii-1091-1097,1091,State Department for Roads,1091186500,Spot Improvement Vol 3,1091186513,Ngurubani - Ndindiruku,2630200,Capital Grants to Government Agencies and other Levels of Government,exp,0,20000000,0,0,324,yes
fy-2026-27-development-book-volume-ii-1091-1097,1091,State Department for Roads,1091186500,Spot Improvement Vol 3,1091186514,Mungetho - Mbika,2630200,Capital Grants to Government Agencies and other Levels of Government,exp,0,20000000,0,0,325,yes
fy-2026-27-development-book-volume-ii-1091-1097,1091,State Department for Roads,1091186500,Spot Improvement Vol 3,1091186515,Stendi Mboga-Sasala-Lukume Rd,2630200,Capital Grants to Government Agencies and other Levels of Government,exp,0,25000000,0,0,325,yes
fy-2026-27-development-book-volume-ii-1091-1097,1091,State Department for Roads,1091186500,Spot Improvement Vol 3,1091186516,Makunga-Shinoyi-Ingotse,2630200,Capital Grants to Government Agencies and other Levels of Government,exp,0,25000000,0,0,325,yes
fy-2026-27-development-book-volume-ii-1091-1097,1091,State Department for Roads,1091186500,Spot Improvement Vol 3,1091186517,Kapkondot-Chepchoren,2630200,Capital Grants to Government Agencies and other Levels of Government,exp,0,25000000,0,0,325,yes
fy-2026-27-development-book-volume-ii-1091-1097,1091,State Department for Roads,1091186500,Spot Improvement Vol 3,1091186518,Kapkobil-Keria River,2630200,Capital Grants to Government Agencies and other Levels of Government,exp,0,25000000,0,0,325,yes
fy-2026-27-development-book-volume-ii-1091-1097,1091,State Department for Roads,1091186500,Spot Improvement Vol 3,1091186519,Murkutwa-Kerio bridge,2630200,Capital Grants to Government Agencies and other Levels of Government,exp,0,25000000,0,0,325,yes
fy-2026-27-development-book-volume-ii-1091-1097,1091,State Department for Roads,1091186500,Spot Improvement Vol 3,1091186522,Kaplamai-Ligwai-Boror,2630200,Capital Grants to Government Agencies and other Levels of Government,exp,0,30000000,0,0,325,yes
fy-2026-27-development-book-volume-ii-1091-1097,1091,State Department for Roads,1091186500,Spot Improvement Vol 3,1091186523,Lessos-Kabore,2630200,Capital Grants to Government Agencies and other Levels of Government,exp,0,30000000,0,0,325,yes
fy-2026-27-development-book-volume-ii-1091-1097,1091,State Department for Roads,1091186500,Spot Improvement Vol 3,1091186524,Kutoi-Cheplaskei-Kambisimba,2630200,Capital Grants to Government Agencies and other Levels of Government,exp,0,30000000,0,0,325,yes
fy-2026-27-development-book-volume-ii-1091-1097,1091,State Department for Roads,1091186500,Spot Improvement Vol 3,1091186525,Kapgedion-Cheplaskei,2630200,Capital Grants to Government Agencies and other Levels of Government,exp,0,30000000,0,0,325,yes
fy-2026-27-development-book-volume-ii-1091-1097,1091,State Department for Roads,1091186500,Spot Improvement Vol 3,1091186526,Belekenya-Kingeru-Sironoi-Kamoiywo,2630200,Capital Grants to Government Agencies and other Levels of Government,exp,0,100000000,0,0,325,yes
fy-2026-27-development-book-volume-ii-1091-1097,1091,State Department for Roads,1091186500,Spot Improvement Vol 3,1091186527,Kapsowar-Sisiya Bridge,2630200,Capital Grants to Government Agencies and other Levels of Government,exp,0,50000000,0,0,326,yes
fy-2026-27-development-book-volume-ii-1091-1097,1091,State Department for Roads,1091186500,Spot Improvement Vol 3,1091186528,Renge-Kiptaitai Bridge,2630200,Capital Grants to Government Agencies and other Levels of Government,exp,0,50000000,0,0,326,yes
fy-2026-27-development-book-volume-ii-1091-1097,1091,State Department for Roads,1091186500,Spot Improvement Vol 3,1091186529,Kibigos-Kipkundul-Kapchepsar-Tembu Road,2630200,Capital Grants to Government Agencies and other Levels of Government,exp,0,20000000,0,0,326,yes
fy-2026-27-development-book-volume-ii-1091-1097,1091,State Department for Roads,1091186500,Spot Improvement Vol 3,1091186530,Kapsait-Kapcherop Road,2630200,Capital Grants to Government Agencies and other Levels of Government,exp,0,20000000,0,0,326,yes
fy-2026-27-development-book-volume-ii-1091-1097,1091,State Department for Roads,1091186500,Spot Improvement Vol 3,1091186531,Kapsowar-Tunyo Road,2630200,Capital Grants to Government Agencies and other Levels of Government,exp,0,20000000,0,0,326,yes
fy-2026-27-development-book-volume-ii-1091-1097,1091,State Department for Roads,1091186700,Upgrading of Syokimau-Nairobi ICD Road (Old Mombasa Road),1091186701,Upgrading of Syokimau-Nairobi ICD Road (Old Mombasa Road),2630200,Capital Grants to Government Agencies and other Levels of Government,exp,0,150000000,0,0,326,yes
fy-2026-27-development-book-volume-ii-1091-1097,1092,State Department for Transport,1092105100,Monitoring and Evaluation (M&E) of Projects,1092105101,Monitoring and Evaluation (M&E) of Projects,2211300,Other Operating Expenses,exp,11040164,25040164,25040164,50040164,925,yes
fy-2026-27-development-book-volume-ii-1091-1097,1092,State Department for Transport,1092105200,Refurbishment of Transcom House,1092105201,Refurbishment of Transcom House,3110300,Refurbishment of Buildings,exp,38640574,102640574,140000000,40000000,925,yes
fy-2026-27-development-book-volume-ii-1091-1097,1092,State Department for Transport,1092105500,Critical Priority Projects-BETA,1092105501,Dongo Kundu Special Economic Zone,2630200,Capital Grants to Government Agencies and other Levels of Government,exp,6300000000,4200000000,12519000000,14257000000,925,yes
fy-2026-27-development-book-volume-ii-1091-1097,1092,State Department for Transport,1092105500,Critical Priority Projects-BETA,1092105501,Dongo Kundu Special Economic Zone,5120200,Foreign Borrowing - Direct Payments,aia,6300000000,1200000000,4519000000,6257000000,925,yes
fy-2026-27-development-book-volume-ii-1091-1097,1092,State Department for Transport,1092105500,Critical Priority Projects-BETA,1092105501,Dongo Kundu Special Economic Zone,1140700,Receipts of Taxes on Goods and Services,aia,0,3000000000,8000000000,8000000000,925,yes
fy-2026-27-development-book-volume-ii-1091-1097,1092,State Department for Transport,1092105600,Rehabilitation of The Nairobi - Nanyuki MGR Branch Line-BETA,1092105601,Rehabilitation of The Nairobi - Nanyuki MGR Branch Line,2630200,Capital Grants to Government Agencies and other Levels of Government,exp,0,150000000,93000000,0,925,yes
fy-2026-27-development-book-volume-ii-1091-1097,1092,State Department for Transport,1092106000,Horn of Africa Gateway Development Project,1092106001,Horn of Africa Gateway Development Project,2210200,"Communication, Supplies and Services",exp,4411765,0,0,0,925,yes
fy-2026-27-development-book-volume-ii-1091-1097,1092,State Department for Transport,1092106000,Horn of Africa Gateway Development Project,1092106001,Horn of Africa Gateway Development Project,2210700,Training Expenses,exp,22352941,45352941,50352941,0,925,yes
fy-2026-27-development-book-volume-ii-1091-1097,1092,State Department for Transport,1092106000,Horn of Africa Gateway Development Project,1092106001,Horn of Africa Gateway Development Project,2211200,Fuel Oil and Lubricants,exp,0,5000000,5000000,5000000,925,yes
fy-2026-27-development-book-volume-ii-1091-1097,1092,State Department for Transport,1092106000,Horn of Africa Gateway Development Project,1092106001,Horn of Africa Gateway Development Project,2211300,Other Operating Expenses 1519,exp,61461373,264529412,313529412,25000000,925,yes
fy-2026-27-development-book-volume-ii-1091-1097,1092,State Department for Transport,1092106000,Horn of Africa Gateway Development Project,1092106001,Horn of Africa Gateway Development Project,2220100,Routine Maintenance - Vehicles and Other Transport Equipment,exp,4416066,5000000,5000000,5000000,926,yes
fy-2026-27-development-book-volume-ii-1091-1097,1092,State Department for Transport,1092106000,Horn of Africa Gateway Development Project,1092106001,Horn of Africa Gateway Development Project,3110700,Purchase of Vehicles and Other Transport Equipment,exp,10334687,10294118,35294118,0,926,yes
fy-2026-27-development-book-volume-ii-1091-1097,1092,State Department for Transport,1092106000,Horn of Africa Gateway Development Project,1092106001,Horn of Africa Gateway Development Project,3111000,Purchase of Office Furniture and General Equipment,exp,46736924,35000000,0,0,926,yes
fy-2026-27-development-book-volume-ii-1091-1097,1092,State Department for Transport,1092106000,Horn of Africa Gateway Development Project,1092106001,Horn of Africa Gateway Development Project,3111400,"Research, Feasibility Studies, Project Preparation and Design, Project S",exp,10239595,14823529,20823529,0,926,yes
fy-2026-27-development-book-volume-ii-1091-1097,1092,State Department for Transport,1092107100,Horn of Africa Gateway Development Project,1092107101,Horn of Africa Gateway Development Project,2630200,Capital Grants to Government Agencies and other Levels of Government,exp,206287633,458000000,0,0,926,yes
fy-2026-27-development-book-volume-ii-1091-1097,1092,State Department for Transport,1092107100,Horn of Africa Gateway Development Project,1092107101,Horn of Africa Gateway Development Project,5120200,Foreign Borrowing - Direct Payments,aia,100000000,191000000,0,0,926,yes
fy-2026-27-development-book-volume-ii-1091-1097,1092,State Department for Transport,1092107300,East African Trade and Transport Facilitation Project (MOT),1092107301,East African Trade and Transport Facilitation Project (MOT) - Hqs,2211300,Other Operating Expenses,exp,8280123,14199795,14199795,12199795,926,yes
fy-2026-27-development-book-volume-ii-1091-1097,1092,State Department for Transport,1092107300,East African Trade and Transport Facilitation Project (MOT),1092107301,East African Trade and Transport Facilitation Project (MOT) - Hqs,3111100,"Purchase of Specialised Plant, Equipment and Machinery",exp,13800205,25800205,25800205,47800205,926,yes
fy-2026-27-development-book-volume-ii-1091-1097,1092,State Department for Transport,1092108000,Kisumu - Butere MGR-BETA,1092108001,Kisumu - Butere MGR,2630200,Capital Grants to Government Agencies and other Levels of Government,exp,0,24000000,0,0,926,yes
fy-2026-27-development-book-volume-ii-1091-1097,1092,State Department for Transport,1092108100,Lesuru - Kitale MGR-BETA,1092108101,Lesuru - Kitale MGR,2630200,Capital Grants to Government Agencies and other Levels of Government,exp,0,42000000,0,0,926,yes
fy-2026-27-development-book-volume-ii-1091-1097,1092,State Department for Transport,1092108200,Gilgil - Nyahururu MGR-BETA,1092108201,Gilgil - Nyahururu MGR,2630200,Capital Grants to Government Agencies and other Levels of Government,exp,0,33000000,0,0,927,yes
fy-2026-27-development-book-volume-ii-1091-1097,1092,State Department for Transport,1092108300,Kisumu Marine School,1092108301,Kisumu Marine School,2630200,Capital Grants to Government Agencies and other Levels of Government,exp,64584959,51000000,161000000,0,927,yes
fy-2026-27-development-book-volume-ii-1091-1097,1092,State Department for Transport,1092108500,Safe Roads/ Usalama Barabarani,1092108501,Safe Roads/ Usalama Barabarani,2630200,Capital Grants to Government Agencies and other Levels of Government,exp,55520082,50000000,0,0,927,yes
fy-2026-27-development-book-volume-ii-1091-1097,1092,State Department for Transport,1092108700,Acquisition of Ferries for Lake Victoria,1092108701,Acquisition of Ferries for Lake Victoria,2630200,Capital Grants to Government Agencies and other Levels of Government,exp,110401640,150000000,209000000,60000000,927,yes
fy-2026-27-development-book-volume-ii-1091-1097,1092,State Department for Transport,1092108800,Development of Nairobi Railway City-BETA,1092108801,Development of Nairobi Railway City,2630200,Capital Grants to Government Agencies and other Levels of Government,exp,0,436000000,450000000,1000000000,927,yes
fy-2026-27-development-book-volume-ii-1091-1097,1092,State Department for Transport,1092108900,Riruta - Lenana - Ngong Railway Line,1092108901,Riruta - Lenana - Ngong Railway Line,2630200,Capital Grants to Government Agencies and other Levels of Government,exp,1633000000,2034000000,2774000000,2374000000,928,yes
fy-2026-27-development-book-volume-ii-1091-1097,1092,State Department for Transport,1092108900,Riruta - Lenana - Ngong Railway Line,1092108901,Riruta - Lenana - Ngong Railway Line,1140700,Receipts of Taxes on Goods and Services,aia,1633000000,2034000000,2774000000,2374000000,928,yes
fy-2026-27-development-book-volume-ii-1091-1097,1092,State Department for Transport,1092109200,Nairobi Bus Rapid Transport Project-BETA,1092109201,Nairobi Bus Rapid Transport Project,2630200,Capital Grants to Government Agencies and other Levels of Government,exp,331204920,582204920,1024943360,999959836,928,yes
fy-2026-27-development-book-volume-ii-1091-1097,1092,State Department for Transport,1092109300,LAPSSET Corridor Development Projects Resilience Programme,1092109301,LAPSSET Corridor Development Projects Resilience Programme,2630200,Capital Grants to Government Agencies and other Levels of Government,exp,300000000,40000000,153000000,150000000,928,yes
fy-2026-27-development-book-volume-ii-1091-1097,1092,State Department for Transport,1092109400,Transaction Advisory Services & Tech. Assistance - LAPSSET Corridor,1092109401,Transaction Advisory Services & Tech. Assistance - LAPSSET Corridor,2630200,Capital Grants to Government Agencies and other Levels of Government,exp,78520082,7020082,0,0,928,yes
fy-2026-27-development-book-volume-ii-1091-1097,1092,State Department for Transport,1092109400,Transaction Advisory Services & Tech. Assistance - LAPSSET Corridor,1092109401,Transaction Advisory Services & Tech. Assistance - LAPSSET Corridor,1320200,Grants from International Organizations,aia,73000000,2000000,0,0,928,yes
fy-2026-27-development-book-volume-ii-1091-1097,1092,State Department for Transport,1092109500,Relocation Units at Kibera & Mukuru,1092109501,Relocation Units at Kibera & Mukuru,2630200,Capital Grants to Government Agencies and other Levels of Government,exp,0,1115000000,498000000,882000000,928,yes
fy-2026-27-development-book-volume-ii-1091-1097,1092,State Department for Transport,1092109700,SGR:Land acquisition & Construction of Public institutions Phase 1 an,1092109701,SGR:Land acquisition & Construction of Public institutions Phase 1 an,2630200,Capital Grants to Government Agencies and other Levels of Government,exp,2250000000,2250000000,2873000000,4459000000,929,yes
fy-2026-27-development-book-volume-ii-1091-1097,1092,State Department for Transport,1092109700,SGR:Land acquisition & Construction of Public institutions Phase 1 an,1092109701,SGR:Land acquisition & Construction of Public institutions Phase 1 an,1140700,Receipts of Taxes on Goods and Services,aia,2250000000,2250000000,2873000000,4459000000,929,yes
fy-2026-27-development-book-volume-ii-1091-1097,1092,State Department for Transport,1092109800,Construction of Access Road to Suswa SGR Station & to Maai Mahiu,1092109801,Construction of Access Road to Suswa SGR Station & to Maai Mahiu,2630200,Capital Grants to Government Agencies and other Levels of Government,exp,299335702,828000000,0,0,929,yes
fy-2026-27-development-book-volume-ii-1091-1097,1092,State Department for Transport,1092109800,Construction of Access Road to Suswa SGR Station & to Maai Mahiu,1092109801,Construction of Access Road to Suswa SGR Station & to Maai Mahiu,1140700,Receipts of Taxes on Goods and Services,aia,299335702,828000000,0,0,929,yes
fy-2026-27-development-book-volume-ii-1091-1097,1092,State Department for Transport,1092110000,Rehabilitation of Longonot - Malaba MGR Phase II,1092110001,Rehabilitation of Longonot - Malaba MGR Phase II,2630200,Capital Grants to Government Agencies and other Levels of Government,exp,2043000000,796000000,0,0,929,yes
fy-2026-27-development-book-volume-ii-1091-1097,1092,State Department for Transport,1092110000,Rehabilitation of Longonot - Malaba MGR Phase II,1092110001,Rehabilitation of Longonot - Malaba MGR Phase II,1140700,Receipts of Taxes on Goods and Services,aia,2043000000,796000000,0,0,929,yes
fy-2026-27-development-book-volume-ii-1091-1097,1092,State Department for Transport,1092110200,Construction of the Maai-Mahiu DK 2 Passenger Service MGR Link,1092110201,Construction of the Maai-Mahiu DK 2 Passenger Service MGR Link,2630200,Capital Grants to Government Agencies and other Levels of Government,exp,97365822,351000000,0,0,929,yes
fy-2026-27-development-book-volume-ii-1091-1097,1092,State Department for Transport,1092110200,Construction of the Maai-Mahiu DK 2 Passenger Service MGR Link,1092110201,Construction of the Maai-Mahiu DK 2 Passenger Service MGR Link,1140700,Receipts of Taxes on Goods and Services,aia,97365822,351000000,0,0,929,yes
fy-2026-27-development-book-volume-ii-1091-1097,1092,State Department for Transport,1092110300,Mombasa SGR-Miritini MGR & railway bridge across Makupa,1092110301,Mombasa SGR-Miritini MGR & railway bridge across Makupa,2630200,Capital Grants to Government Agencies and other Levels of Government,exp,681000000,681000000,0,0,930,yes
fy-2026-27-development-book-volume-ii-1091-1097,1092,State Department for Transport,1092110300,Mombasa SGR-Miritini MGR & railway bridge across Makupa,1092110301,Mombasa SGR-Miritini MGR & railway bridge across Makupa,1140700,Receipts of Taxes on Goods and Services,aia,681000000,681000000,0,0,930,yes
fy-2026-27-development-book-volume-ii-1091-1097,1092,State Department for Transport,1092110400,Rehabilitation of Mombasa MGR station-Miritini MGR station link,1092110401,Rehabilitation of Mombasa MGR station-Miritini MGR station link,2630200,Capital Grants to Government Agencies and other Levels of Government,exp,496873284,1397000000,0,0,930,yes
fy-2026-27-development-book-volume-ii-1091-1097,1092,State Department for Transport,1092110400,Rehabilitation of Mombasa MGR station-Miritini MGR station link,1092110401,Rehabilitation of Mombasa MGR station-Miritini MGR station link,1140700,Receipts of Taxes on Goods and Services,aia,496873284,1397000000,0,0,930,yes
fy-2026-27-development-book-volume-ii-1091-1097,1092,State Department for Transport,1092110500,Revitalization & Construction of Voi-Taveta of Transshipment facility,1092110501,Revitalization & Construction of Voi-Taveta of Transshipment facility,2630200,Capital Grants to Government Agencies and other Levels of Government,exp,550000000,1400000000,3347000000,2776000000,930,yes
fy-2026-27-development-book-volume-ii-1091-1097,1092,State Department for Transport,1092110500,Revitalization & Construction of Voi-Taveta of Transshipment facility,1092110501,Revitalization & Construction of Voi-Taveta of Transshipment facility,1140700,Receipts of Taxes on Goods and Services,aia,550000000,1400000000,3347000000,2776000000,930,yes
fy-2026-27-development-book-volume-ii-1091-1097,1092,State Department for Transport,1092110700,Upgrade of RTI Infrastructure,1092110701,Upgrade of RTI Infrastructure,2630200,Capital Grants to Government Agencies and other Levels of Government,exp,107185500,215000000,0,0,930,yes
fy-2026-27-development-book-volume-ii-1091-1097,1092,State Department for Transport,1092110700,Upgrade of RTI Infrastructure,1092110701,Upgrade of RTI Infrastructure,1140700,Receipts of Taxes on Goods and Services,aia,107185500,215000000,0,0,930,yes
fy-2026-27-development-book-volume-ii-1091-1097,1092,State Department for Transport,1092110800,Procurement of 500 SGR flat wagons and 20 SGR passenger coaches,1092110801,Procurement of 500 SGR flat wagons and 20 SGR passenger coaches,2630200,Capital Grants to Government Agencies and other Levels of Government,exp,616304003,616000000,0,0,931,yes
fy-2026-27-development-book-volume-ii-1091-1097,1092,State Department for Transport,1092110800,Procurement of 500 SGR flat wagons and 20 SGR passenger coaches,1092110801,Procurement of 500 SGR flat wagons and 20 SGR passenger coaches,1140700,Receipts of Taxes on Goods and Services,aia,616304003,616000000,0,0,931,yes
fy-2026-27-development-book-volume-ii-1091-1097,1092,State Department for Transport,1092111100,Implementation of SAP ERP Phase II,1092111101,Implementation of SAP ERP Phase II,2630200,Capital Grants to Government Agencies and other Levels of Government,exp,250500000,250500000,0,0,931,yes
fy-2026-27-development-book-volume-ii-1091-1097,1092,State Department for Transport,1092111100,Implementation of SAP ERP Phase II,1092111101,Implementation of SAP ERP Phase II,1140700,Receipts of Taxes on Goods and Services,aia,250500000,250500000,0,0,931,yes
fy-2026-27-development-book-volume-ii-1091-1097,1092,State Department for Transport,1092111400,Installation of SGR Unified Security System for SGR Phase 1 and 2A,1092111401,Installation of SGR Unified Security System for SGR Phase 1 and 2A,2630200,Capital Grants to Government Agencies and other Levels of Government,exp,526203337,177000000,0,0,931,yes
fy-2026-27-development-book-volume-ii-1091-1097,1092,State Department for Transport,1092111400,Installation of SGR Unified Security System for SGR Phase 1 and 2A,1092111401,Installation of SGR Unified Security System for SGR Phase 1 and 2A,1140700,Receipts of Taxes on Goods and Services,aia,526203337,177000000,0,0,931,yes
fy-2026-27-development-book-volume-ii-1091-1097,1092,State Department for Transport,1092111500,Standard Gauge Railway: Operations and Maintenance,1092111501,Standard Gauge Railway: Operations and Maintenance,2630200,Capital Grants to Government Agencies and other Levels of Government,exp,201000000,900000000,0,0,931,yes
fy-2026-27-development-book-volume-ii-1091-1097,1092,State Department for Transport,1092111500,Standard Gauge Railway: Operations and Maintenance,1092111501,Standard Gauge Railway: Operations and Maintenance,1140700,Receipts of Taxes on Goods and Services,aia,201000000,900000000,0,0,931,yes
fy-2026-27-development-book-volume-ii-1091-1097,1092,State Department for Transport,1092111800,Reconstruction of the Athi River Freight yard and construction of acc,1092111801,Reconstruction of the Athi River Freight yard and construction of acc,2630200,Capital Grants to Government Agencies and other Levels of Government,exp,300000000,61000000,0,0,931,yes
fy-2026-27-development-book-volume-ii-1091-1097,1092,State Department for Transport,1092111800,Reconstruction of the Athi River Freight yard and construction of acc,1092111801,Reconstruction of the Athi River Freight yard and construction of acc,1140700,Receipts of Taxes on Goods and Services,aia,300000000,61000000,0,0,932,yes
fy-2026-27-development-book-volume-ii-1091-1097,1092,State Department for Transport,1092111900,Construction of Logistics Hub in Athi River,1092111901,Construction of Logistics Hub in Athi River,2630200,Capital Grants to Government Agencies and other Levels of Government,exp,0,500000000,500000000,350000000,932,yes
fy-2026-27-development-book-volume-ii-1091-1097,1092,State Department for Transport,1092111900,Construction of Logistics Hub in Athi River,1092111901,Construction of Logistics Hub in Athi River,1140700,Receipts of Taxes on Goods and Services,aia,0,500000000,500000000,350000000,932,yes
fy-2026-27-development-book-volume-ii-1091-1097,1092,State Department for Transport,1092112300,Development of SGR Phase 2B and 2C - 369KM,1092112301,Development of SGR Phase 2B and 2C - 369KM,2630200,Capital Grants to Government Agencies and other Levels of Government,exp,30000000000,20843070172,26623000000,31623000000,932,yes
fy-2026-27-development-book-volume-ii-1091-1097,1092,State Department for Transport,1092112300,Development of SGR Phase 2B and 2C - 369KM,1092112301,Development of SGR Phase 2B and 2C - 369KM,1140700,Receipts of Taxes on Goods and Services,aia,30000000000,20843070172,26623000000,31623000000,932,yes
fy-2026-27-development-book-volume-ii-1091-1097,1092,State Department for Transport,1092112400,Promotion of E-Mobility Project,1092112401,Promotion of E-Mobility Project,2210500,"Printing , Advertising and Information Supplies and Services",exp,2208032,1100000,0,0,932,yes
fy-2026-27-development-book-volume-ii-1091-1097,1092,State Department for Transport,1092112400,Promotion of E-Mobility Project,1092112401,Promotion of E-Mobility Project,2210700,Training Expenses,exp,1656025,1800000,0,0,932,yes
fy-2026-27-development-book-volume-ii-1091-1097,1092,State Department for Transport,1092112400,Promotion of E-Mobility Project,1092112401,Promotion of E-Mobility Project,2211100,Office and General Supplies and Services,exp,828012,600000,0,0,932,yes
fy-2026-27-development-book-volume-ii-1091-1097,1092,State Department for Transport,1092112400,Promotion of E-Mobility Project,1092112401,Promotion of E-Mobility Project,2211300,Other Operating Expenses,exp,3312050,2500000,0,0,932,yes
fy-2026-27-development-book-volume-ii-1091-1097,1092,State Department for Transport,1092112400,Promotion of E-Mobility Project,1092112401,Promotion of E-Mobility Project,2640500,Other Capital Grants and Transfers,exp,10000000,238000000,0,0,932,yes
fy-2026-27-development-book-volume-ii-1091-1097,1092,State Department for Transport,1092112400,Promotion of E-Mobility Project,1092112401,Promotion of E-Mobility Project,3111400,"Research, Feasibility Studies, Project Preparation and Design, Project S",exp,26700308,28957292,0,0,932,yes
fy-2026-27-development-book-volume-ii-1091-1097,1092,State Department for Transport,1092112400,Promotion of E-Mobility Project,1092112401,Promotion of E-Mobility Project,1310100,Grants from Foreign Governments - Cash Through Exchequer,aia,10000000,238000000,0,0,932,yes
fy-2026-27-development-book-volume-ii-1091-1097,1092,State Department for Transport,1092112500,Supply & Commissioning of Kenya Railways Rolling Stock,1092112501,Supply & Commissioning of Kenya Railways Rolling Stock,2630200,Capital Grants to Government Agencies and other Levels of Government,exp,2230360451,822000000,100000000,0,933,yes
fy-2026-27-development-book-volume-ii-1091-1097,1092,State Department for Transport,1092112500,Supply & Commissioning of Kenya Railways Rolling Stock,1092112501,Supply & Commissioning of Kenya Railways Rolling Stock,5120200,Foreign Borrowing - Direct Payments,aia,2200000000,722000000,0,0,933,yes
fy-2026-27-development-book-volume-ii-1091-1097,1092,State Department for Transport,1092112600,"Modernization, Extension and Operation of Nairobi Commuter Line 4",1092112601,"Modernization, Extension and Operation of Nairobi Commuter Line 4",2630200,Capital Grants to Government Agencies and other Levels of Government,exp,30976312,244976312,49976312,0,933,yes
fy-2026-27-development-book-volume-ii-1091-1097,1092,State Department for Transport,1092112600,"Modernization, Extension and Operation of Nairobi Commuter Line 4",1092112601,"Modernization, Extension and Operation of Nairobi Commuter Line 4",5120200,Foreign Borrowing - Direct Payments,aia,10000000,220000000,0,0,933,yes
fy-2026-27-development-book-volume-ii-1091-1097,1092,State Department for Transport,1092112800,LAPSSET Corridor Master Plan,1092112801,LAPSSET Corridor Master Plan,2630200,Capital Grants to Government Agencies and other Levels of Government,exp,27600410,300000000,0,0,933,yes
fy-2026-27-development-book-volume-ii-1091-1097,1092,State Department for Transport,1092112900,Kenya Millenium Development Fund (KMDF),1092112901,Kenya Millenium Development Fund (KMDF),2630200,Capital Grants to Government Agencies and other Levels of Government,exp,5000000,0,0,0,933,yes
fy-2026-27-development-book-volume-ii-1091-1097,1092,State Department for Transport,1092112900,Kenya Millenium Development Fund (KMDF),1092112901,Kenya Millenium Development Fund (KMDF),1320200,Grants from International Organizations,aia,5000000,0,0,0,933,yes
fy-2026-27-development-book-volume-ii-1091-1097,1092,State Department for Transport,1092113200,Acquisition of MGR Locomotives,1092113201,Acquisition of MGR Locomotives,2630200,Capital Grants to Government Agencies and other Levels of Government,exp,465450131,465450131,0,0,933,yes
fy-2026-27-development-book-volume-ii-1091-1097,1092,State Department for Transport,1092113200,Acquisition of MGR Locomotives,1092113201,Acquisition of MGR Locomotives,1140700,Receipts of Taxes on Goods and Services,aia,465450131,465450131,0,0,934,yes
fy-2026-27-development-book-volume-ii-1091-1097,1092,State Department for Transport,1092113800,Reconstruction of Mariakani & Port Reitz Freight Drainage Channel,1092113801,Reconstruction of Mariakani & Port Reitz Freight Drainage Channel,2630200,Capital Grants to Government Agencies and other Levels of Government,exp,352680856,251000000,0,0,934,yes
fy-2026-27-development-book-volume-ii-1091-1097,1092,State Department for Transport,1092113800,Reconstruction of Mariakani & Port Reitz Freight Drainage Channel,1092113801,Reconstruction of Mariakani & Port Reitz Freight Drainage Channel,1140700,Receipts of Taxes on Goods and Services,aia,352680856,251000000,0,0,934,yes
fy-2026-27-development-book-volume-ii-1091-1097,1092,State Department for Transport,1092114000,Rehabilitation and remanufacturing of MGR Locomotives,1092114001,Rehabilitation and remanufacturing of MGR Locomotives,2630200,Capital Grants to Government Agencies and other Levels of Government,exp,469382257,404000000,0,0,934,yes
fy-2026-27-development-book-volume-ii-1091-1097,1092,State Department for Transport,1092114000,Rehabilitation and remanufacturing of MGR Locomotives,1092114001,Rehabilitation and remanufacturing of MGR Locomotives,1140700,Receipts of Taxes on Goods and Services,aia,469382257,404000000,0,0,934,yes
fy-2026-27-development-book-volume-ii-1091-1097,1092,State Department for Transport,1092114100,Construction of Mombasa Freight Terminus- Magongo Rd access road,1092114101,Construction of Mombasa Freight Terminus- Magongo Rd access road,2630200,Capital Grants to Government Agencies and other Levels of Government,exp,221979697,221979697,0,0,934,yes
fy-2026-27-development-book-volume-ii-1091-1097,1092,State Department for Transport,1092114100,Construction of Mombasa Freight Terminus- Magongo Rd access road,1092114101,Construction of Mombasa Freight Terminus- Magongo Rd access road,1140700,Receipts of Taxes on Goods and Services,aia,221979697,221979697,0,0,934,yes
fy-2026-27-development-book-volume-ii-1091-1097,1092,State Department for Transport,1092114300,Construction of SGR Overhaul Workshop,1092114301,Construction of SGR Overhaul Workshop,2630200,Capital Grants to Government Agencies and other Levels of Government,exp,657500000,2396000000,2396000000,737000000,934,yes
fy-2026-27-development-book-volume-ii-1091-1097,1092,State Department for Transport,1092114300,Construction of SGR Overhaul Workshop,1092114301,Construction of SGR Overhaul Workshop,1140700,Receipts of Taxes on Goods and Services,aia,657500000,2396000000,2396000000,737000000,934,yes
fy-2026-27-development-book-volume-ii-1091-1097,1092,State Department for Transport,1092114500,Acquisition of SGR Locomotives Wheelsets,1092114501,Acquisition of SGR Locomotives Wheelsets,2630200,Capital Grants to Government Agencies and other Levels of Government,exp,1101915728,2758000000,1670000000,0,935,yes
fy-2026-27-development-book-volume-ii-1091-1097,1092,State Department for Transport,1092114500,Acquisition of SGR Locomotives Wheelsets,1092114501,Acquisition of SGR Locomotives Wheelsets,1140700,Receipts of Taxes on Goods and Services,aia,1101915728,2758000000,1670000000,0,935,yes
fy-2026-27-development-book-volume-ii-1091-1097,1092,State Department for Transport,1092114600,Installation of SGR Passenger Ticketing System,1092114601,Installation of SGR Passenger Ticketing System,2630200,Capital Grants to Government Agencies and other Levels of Government,exp,150000000,450000000,0,0,935,yes
fy-2026-27-development-book-volume-ii-1091-1097,1092,State Department for Transport,1092114600,Installation of SGR Passenger Ticketing System,1092114601,Installation of SGR Passenger Ticketing System,1140700,Receipts of Taxes on Goods and Services,aia,150000000,450000000,0,0,935,yes
fy-2026-27-development-book-volume-ii-1091-1097,1092,State Department for Transport,1092114700,Flood Mitigation Works,1092114701,Flood Mitigation Works,2630200,Capital Grants to Government Agencies and other Levels of Government,exp,1814835895,3805000000,1359000000,0,935,yes
fy-2026-27-development-book-volume-ii-1091-1097,1092,State Department for Transport,1092114700,Flood Mitigation Works,1092114701,Flood Mitigation Works,1140700,Receipts of Taxes on Goods and Services,aia,1814835895,3805000000,1359000000,0,935,yes
fy-2026-27-development-book-volume-ii-1091-1097,1092,State Department for Transport,1092115000,Kenya Urban Mobility Improvement Project,1092115001,Kenya Urban Mobility Improvement Project,2211300,Other Operating Expenses,exp,5000000,0,0,0,935,yes
fy-2026-27-development-book-volume-ii-1091-1097,1092,State Department for Transport,1092115000,Kenya Urban Mobility Improvement Project,1092115001,Kenya Urban Mobility Improvement Project,2630200,Capital Grants to Government Agencies and other Levels of Government,exp,43120492,432120492,400000000,0,935,yes
fy-2026-27-development-book-volume-ii-1091-1097,1092,State Department for Transport,1092115000,Kenya Urban Mobility Improvement Project,1092115001,Kenya Urban Mobility Improvement Project,3111400,"Research, Feasibility Studies, Project Preparation and Design, Project S",exp,5000000,0,0,0,935,yes
fy-2026-27-development-book-volume-ii-1091-1097,1092,State Department for Transport,1092115100,Dredging of Kisumu Port,1092115101,Dredging of Kisumu Port,2630200,Capital Grants to Government Agencies and other Levels of Government,exp,350000000,500000000,0,750000000,936,yes
fy-2026-27-development-book-volume-ii-1091-1097,1092,State Department for Transport,1092115200,Rehabilitation of Thika-Nanyuki Meter Gauge Railway Branch Line,1092115201,Rehabilitation of Thika-Nanyuki Meter Gauge Railway Branch Line,2630200,Capital Grants to Government Agencies and other Levels of Government,exp,0,0,1000000000,140000000,936,yes
fy-2026-27-development-book-volume-ii-1091-1097,1092,State Department for Transport,1092115500,Development of Automated Fare Collection System,1092115501,Development of Automated Fare Collection System,2210500,"Printing , Advertising and Information Supplies and Services",exp,2760041,0,0,0,936,yes
fy-2026-27-development-book-volume-ii-1091-1097,1092,State Department for Transport,1092115500,Development of Automated Fare Collection System,1092115501,Development of Automated Fare Collection System,2210700,Training Expenses,exp,2760041,0,0,0,936,yes
fy-2026-27-development-book-volume-ii-1091-1097,1092,State Department for Transport,1092115500,Development of Automated Fare Collection System,1092115501,Development of Automated Fare Collection System,2211100,Office and General Supplies and Services,exp,3864057,3864057,3864057,3864057,936,yes
fy-2026-27-development-book-volume-ii-1091-1097,1092,State Department for Transport,1092115500,Development of Automated Fare Collection System,1092115501,Development of Automated Fare Collection System,2211300,Other Operating Expenses,exp,3864057,3864057,3864057,3864057,936,yes
fy-2026-27-development-book-volume-ii-1091-1097,1092,State Department for Transport,1092115500,Development of Automated Fare Collection System,1092115501,Development of Automated Fare Collection System,3111000,Purchase of Office Furniture and General Equipment,exp,2760041,2760041,2760041,2760041,936,yes
fy-2026-27-development-book-volume-ii-1091-1097,1092,State Department for Transport,1092115500,Development of Automated Fare Collection System,1092115501,Development of Automated Fare Collection System,3111400,"Research, Feasibility Studies, Project Preparation and Design, Project S",exp,21592172,17511845,17511845,19511845,936,yes
fy-2026-27-development-book-volume-ii-1091-1097,1092,State Department for Transport,1092115600,Public Transport Technical BRT Assistance Project- Phase 1,1092115601,Public Transport Technical BRT Assistance Project- Phase 1,2630200,Capital Grants to Government Agencies and other Levels of Government,exp,30040164,96040164,20040164,0,936,yes
fy-2026-27-development-book-volume-ii-1091-1097,1092,State Department for Transport,1092115600,Public Transport Technical BRT Assistance Project- Phase 1,1092115601,Public Transport Technical BRT Assistance Project- Phase 1,1320200,Grants from International Organizations,aia,19000000,69000000,0,0,936,yes
fy-2026-27-development-book-volume-ii-1091-1097,1092,State Department for Transport,1092115700,Resilience Building Program,1092115701,Resilience Building Program,2630200,Capital Grants to Government Agencies and other Levels of Government,exp,27600410,0,0,0,937,yes
fy-2026-27-development-book-volume-ii-1091-1097,1092,State Department for Transport,1092115800,Rehabilitation of Meter Gauge Railway - Stone Refills,1092115801,Rehabilitation of Meter Gauge Railway - Stone Refills,2630200,Capital Grants to Government Agencies and other Levels of Government,exp,800000000,0,30000000,0,937,yes
fy-2026-27-development-book-volume-ii-1091-1097,1092,State Department for Transport,1092115900,Kenya Ferry Ramp - Mombasa,1092115901,Kenya Ferry Ramp - Mombasa,2630200,Capital Grants to Government Agencies and other Levels of Government,exp,450000000,550000000,0,0,937,yes
fy-2026-27-development-book-volume-ii-1091-1097,1092,State Department for Transport,1092116000,Mombasa - Nairobi - Naivasha SGR Maintenance Work,1092116001,Mombasa - Nairobi - Naivasha SGR Maintenance Work,2630200,Capital Grants to Government Agencies and other Levels of Government,exp,800000000,0,0,0,937,yes
fy-2026-27-development-book-volume-ii-1091-1097,1092,State Department for Transport,1092116100,Construction of walkways and pavements for non motorized road users,1092116101,Construction of walkways and pavements for non motorized road users,2630200,Capital Grants to Government Agencies and other Levels of Government,exp,1210000000,0,617000000,1250000000,937,yes
fy-2026-27-development-book-volume-ii-1091-1097,1092,State Department for Transport,1092116200,Ongata Rongai and Ngong Station SGR access roads,1092116201,Ongata Rongai and Ngong Station SGR access roads,3110400,Construction of Roads,exp,200000000,200000000,0,0,937,yes
fy-2026-27-development-book-volume-ii-1091-1097,1092,State Department for Transport,1092116200,Ongata Rongai and Ngong Station SGR access roads,1092116201,Ongata Rongai and Ngong Station SGR access roads,1140700,Receipts of Taxes on Goods and Services,aia,200000000,200000000,0,0,938,yes
fy-2026-27-development-book-volume-ii-1091-1097,1092,State Department for Transport,1092116300,Limuru MGR Passenger Station,1092116301,Limuru MGR Passenger Station,2630200,Capital Grants to Government Agencies and other Levels of Government,exp,200000000,0,0,0,938,yes
fy-2026-27-development-book-volume-ii-1091-1097,1092,State Department for Transport,1092116300,Limuru MGR Passenger Station,1092116301,Limuru MGR Passenger Station,1140700,Receipts of Taxes on Goods and Services,aia,200000000,0,0,0,938,yes
fy-2026-27-development-book-volume-ii-1091-1097,1092,State Department for Transport,1092116400,LAPSSET Corridor Development,1092116401,Lamu Port SEZ Access Roads,2630200,Capital Grants to Government Agencies and other Levels of Government,exp,0,100000000,100000000,50000000,938,yes
fy-2026-27-development-book-volume-ii-1091-1097,1092,State Department for Transport,1092116400,LAPSSET Corridor Development,1092116402,Special Economic Zone and Integrated Land Use,2630200,Capital Grants to Government Agencies and other Levels of Government,exp,0,150000000,200000000,200000000,938,yes
fy-2026-27-development-book-volume-ii-1091-1097,1092,State Department for Transport,1092116500,"Civil Works MGR Work.Maintenance-Nairobi, Nakuru, Kisumu,",1092116501,"Civil Works MGR Work.Maintenance-Nairobi, Nakuru, Kisumu,",2630200,Capital Grants to Government Agencies and other Levels of Government,exp,286328293,0,0,0,938,yes
fy-2026-27-development-book-volume-ii-1091-1097,1092,State Department for Transport,1092116500,"Civil Works MGR Work.Maintenance-Nairobi, Nakuru, Kisumu,",1092116501,"Civil Works MGR Work.Maintenance-Nairobi, Nakuru, Kisumu,",1140700,Receipts of Taxes on Goods and Services,aia,286328293,0,0,0,938,yes
fy-2026-27-development-book-volume-ii-1091-1097,1092,State Department for Transport,1092116600,Remanufacture of MGR Locomotives - Phase II,1092116601,Remanufacture of MGR Locomotives - Phase II,2630200,Capital Grants to Government Agencies and other Levels of Government,exp,1152997421,1067000000,1480000000,1153000000,938,yes
fy-2026-27-development-book-volume-ii-1091-1097,1092,State Department for Transport,1092116600,Remanufacture of MGR Locomotives - Phase II,1092116601,Remanufacture of MGR Locomotives - Phase II,1140700,Receipts of Taxes on Goods and Services,aia,1152997421,1067000000,1480000000,1153000000,939,yes
fy-2026-27-development-book-volume-ii-1091-1097,1092,State Department for Transport,1092116700,Landing Site for Mtongwe Ferry,1092116701,Landing Site for Mtongwe Ferry,2630200,Capital Grants to Government Agencies and other Levels of Government,exp,300000000,0,0,0,939,yes
fy-2026-27-development-book-volume-ii-1091-1097,1092,State Department for Transport,1092117100,Improvement of Port Reitz Yard (Line 13 and Line 14),1092117101,Improvement of Port Reitz Yard (Line 13 and Line 14),2630200,Capital Grants to Government Agencies and other Levels of Government,exp,0,175000000,0,0,939,yes
fy-2026-27-development-book-volume-ii-1091-1097,1092,State Department for Transport,1092117100,Improvement of Port Reitz Yard (Line 13 and Line 14),1092117101,Improvement of Port Reitz Yard (Line 13 and Line 14),1140700,Receipts of Taxes on Goods and Services,aia,0,175000000,0,0,939,yes
fy-2026-27-development-book-volume-ii-1091-1097,1093,State Department for Shipping and Maritime Affairs,1093101000,Survival Training Centre,1093101001,Survival Training Center-BETA,2630200,Capital Grants to Government Agencies and other Levels of Government,exp,165602460,166000000,171000000,186000000,972,yes
fy-2026-27-development-book-volume-ii-1091-1097,1093,State Department for Shipping and Maritime Affairs,1093101100,Blue Economy Data bank,1093101101,Blue Economy Data bank,2630200,Capital Grants to Government Agencies and other Levels of Government,exp,133000000,159000000,21000000,0,972,yes
fy-2026-27-development-book-volume-ii-1091-1097,1093,State Department for Shipping and Maritime Affairs,1093101100,Blue Economy Data bank,1093101101,Blue Economy Data bank,1420300,Receipts from Administrative Fees and Charges - Collected as AIA,aia,133000000,159000000,21000000,0,972,yes
fy-2026-27-development-book-volume-ii-1091-1097,1093,State Department for Shipping and Maritime Affairs,1093101300,Kenya Lake Victoria Maritime Communication and Transport Project,1093101301,Kenya Lake Victoria Maritime Communication and Transport Project,2630200,Capital Grants to Government Agencies and other Levels of Government,exp,1926000000,926000000,193000000,0,972,yes
fy-2026-27-development-book-volume-ii-1091-1097,1093,State Department for Shipping and Maritime Affairs,1093101300,Kenya Lake Victoria Maritime Communication and Transport Project,1093101301,Kenya Lake Victoria Maritime Communication and Transport Project,1420300,Receipts from Administrative Fees and Charges - Collected as AIA,aia,1926000000,926000000,193000000,0,972,yes
fy-2026-27-development-book-volume-ii-1091-1097,1093,State Department for Shipping and Maritime Affairs,1093101400,National Maritime Spatial Plan,1093101401,National Maritime Spatial Plan,3111400,"Research, Feasibility Studies, Project Preparation and Design, Project S",exp,100000000,0,0,0,972,yes
fy-2026-27-development-book-volume-ii-1091-1097,1093,State Department for Shipping and Maritime Affairs,1093101500,Lake Turkana Maritime Transport and Investment Project,1093101501,Lake Turkana Maritime Transport and Investment Project,2211300,Other Operating Expenses,exp,0,30000000,0,0,972,yes
fy-2026-27-development-book-volume-ii-1091-1097,1093,State Department for Shipping and Maritime Affairs,1093101500,Lake Turkana Maritime Transport and Investment Project,1093101501,Lake Turkana Maritime Transport and Investment Project,3111400,"Research, Feasibility Studies, Project Preparation and Design, Project S",exp,200000000,100000000,59000000,79000000,972,yes
fy-2026-27-development-book-volume-ii-1091-1097,1093,State Department for Shipping and Maritime Affairs,1093101500,Lake Turkana Maritime Transport and Investment Project,1093101501,Lake Turkana Maritime Transport and Investment Project,3111500,Rehabilitation of Civil Works 1566,exp,0,470000000,0,0,972,yes
fy-2026-27-development-book-volume-ii-1091-1097,1093,State Department for Shipping and Maritime Affairs,1093101600,Maritime Sector Data Project,1093101601,Maritime Sector Data Project,3111400,"Research, Feasibility Studies, Project Preparation and Design, Project S",exp,100000000,0,0,0,973,yes
fy-2026-27-development-book-volume-ii-1091-1097,1094,State Department for Housing & Urban Development,1094101100,Civil Servant Housing Scheme Fund,1094101101,Civil Servants Tenant Purchase Development-BETA,2630200,Capital Grants to Government Agencies and other Levels of Government,exp,18500000,18500000,18500000,18500000,978,yes
fy-2026-27-development-book-volume-ii-1091-1097,1094,State Department for Housing & Urban Development,1094101100,Civil Servant Housing Scheme Fund,1094101101,Civil Servants Tenant Purchase Development-BETA,1410400,Rents,aia,18500000,18500000,18500000,18500000,978,yes
fy-2026-27-development-book-volume-ii-1091-1097,1094,State Department for Housing & Urban Development,1094101200,Maintenance of Government Pool Houses,1094101203,Refurbishment of Government Residential Houses units,2211300,Other Operating Expenses,exp,135000000,135000000,135000000,135000000,978,yes
fy-2026-27-development-book-volume-ii-1091-1097,1094,State Department for Housing & Urban Development,1094101200,Maintenance of Government Pool Houses,1094101203,Refurbishment of Government Residential Houses units,3110300,Refurbishment of Buildings,exp,685300000,685300000,685300000,685300000,978,yes
fy-2026-27-development-book-volume-ii-1091-1097,1094,State Department for Housing & Urban Development,1094101200,Maintenance of Government Pool Houses,1094101203,Refurbishment of Government Residential Houses units,1410400,Rents,aia,820300000,820300000,820300000,820300000,978,yes
fy-2026-27-development-book-volume-ii-1091-1097,1094,State Department for Housing & Urban Development,1094101700,Construction and Rehabilitation of Access Roads,1094101702,Rehabilitation of Gikomba roads,2211300,Other Operating Expenses,exp,0,166460054,0,0,978,yes
fy-2026-27-development-book-volume-ii-1091-1097,1094,State Department for Housing & Urban Development,1094105000,Kenya Urban Programme (KenUP),1094105003,KenUP Phase II,2210200,"Communication, Supplies and Services",exp,11720155,0,0,0,978,yes
fy-2026-27-development-book-volume-ii-1091-1097,1094,State Department for Housing & Urban Development,1094105000,Kenya Urban Programme (KenUP),1094105003,KenUP Phase II,2210300,"Domestic Travel and Subsistence, and Other Transportation Costs",exp,88587567,20000000,21000000,0,978,yes
fy-2026-27-development-book-volume-ii-1091-1097,1094,State Department for Housing & Urban Development,1094105000,Kenya Urban Programme (KenUP),1094105003,KenUP Phase II,2210400,"Foreign Travel and Subsistence, and other transportation costs",exp,39680961,0,0,0,978,yes
fy-2026-27-development-book-volume-ii-1091-1097,1094,State Department for Housing & Urban Development,1094105000,Kenya Urban Programme (KenUP),1094105003,KenUP Phase II,2210500,"Printing , Advertising and Information Supplies and Services",exp,27320155,0,0,0,978,yes
fy-2026-27-development-book-volume-ii-1091-1097,1094,State Department for Housing & Urban Development,1094105000,Kenya Urban Programme (KenUP),1094105003,KenUP Phase II,2210700,Training Expenses,exp,18500000,0,0,0,978,yes
fy-2026-27-development-book-volume-ii-1091-1097,1094,State Department for Housing & Urban Development,1094105000,Kenya Urban Programme (KenUP),1094105003,KenUP Phase II,2210800,Hospitality Supplies and Services,exp,37980233,10000000,10000000,0,978,yes
fy-2026-27-development-book-volume-ii-1091-1097,1094,State Department for Housing & Urban Development,1094105000,Kenya Urban Programme (KenUP),1094105003,KenUP Phase II,2211100,Office and General Supplies and Services,exp,12111364,0,0,0,978,yes
fy-2026-27-development-book-volume-ii-1091-1097,1094,State Department for Housing & Urban Development,1094105000,Kenya Urban Programme (KenUP),1094105003,KenUP Phase II,2211200,Fuel Oil and Lubricants,exp,14579504,0,0,0,978,yes
fy-2026-27-development-book-volume-ii-1091-1097,1094,State Department for Housing & Urban Development,1094105000,Kenya Urban Programme (KenUP),1094105003,KenUP Phase II,2211300,Other Operating Expenses,exp,248776591,1448545550,1313000000,0,978,yes
fy-2026-27-development-book-volume-ii-1091-1097,1094,State Department for Housing & Urban Development,1094105000,Kenya Urban Programme (KenUP),1094105003,KenUP Phase II,2220100,Routine Maintenance - Vehicles and Other Transport Equipment 1572,exp,8151287,0,0,0,978,yes
fy-2026-27-development-book-volume-ii-1091-1097,1094,State Department for Housing & Urban Development,1094105000,Kenya Urban Programme (KenUP),1094105003,KenUP Phase II,2220200,Routine Maintenance - Other Assets,exp,851287,0,0,0,979,yes
fy-2026-27-development-book-volume-ii-1091-1097,1094,State Department for Housing & Urban Development,1094105000,Kenya Urban Programme (KenUP),1094105003,KenUP Phase II,2630200,Capital Grants to Government Agencies and other Levels of Government,exp,12029000000,17157906411,13087000000,0,979,yes
fy-2026-27-development-book-volume-ii-1091-1097,1094,State Department for Housing & Urban Development,1094105000,Kenya Urban Programme (KenUP),1094105003,KenUP Phase II,3111000,Purchase of Office Furniture and General Equipment,exp,13451287,0,0,0,979,yes
fy-2026-27-development-book-volume-ii-1091-1097,1094,State Department for Housing & Urban Development,1094105000,Kenya Urban Programme (KenUP),1094105003,KenUP Phase II,3111400,"Research, Feasibility Studies, Project Preparation and Design, Project S",exp,16740310,0,0,0,979,yes
fy-2026-27-development-book-volume-ii-1091-1097,1094,State Department for Housing & Urban Development,1094106200,Affordable Housing Fund,1094106202,Affordable Housing,2211300,Other Operating Expenses,exp,5383100000,4000000000,6000000000,7000000000,979,yes
fy-2026-27-development-book-volume-ii-1091-1097,1094,State Department for Housing & Urban Development,1094106200,Affordable Housing Fund,1094106202,Affordable Housing,3110500,Construction and Civil Works,exp,65157279040,44675400000,193083200000,172822200000,979,yes
fy-2026-27-development-book-volume-ii-1091-1097,1094,State Department for Housing & Urban Development,1094106200,Affordable Housing Fund,1094106202,Affordable Housing,3111400,"Research, Feasibility Studies, Project Preparation and Design, Project S",exp,2797900000,2000000000,2000000000,2000000000,979,yes
fy-2026-27-development-book-volume-ii-1091-1097,1094,State Department for Housing & Urban Development,1094106200,Affordable Housing Fund,1094106202,Affordable Housing,1210400,Receipts for National Housing Development Fund,aia,73338279040,50675400000,201083200000,181822200000,979,yes
fy-2026-27-development-book-volume-ii-1091-1097,1094,State Department for Housing & Urban Development,1094106200,Affordable Housing Fund,1094106203,Social Housing,3110500,Construction and Civil Works,exp,18315100000,20289000000,70026000000,64058000000,979,yes
fy-2026-27-development-book-volume-ii-1091-1097,1094,State Department for Housing & Urban Development,1094106200,Affordable Housing Fund,1094106203,Social Housing,3111400,"Research, Feasibility Studies, Project Preparation and Design, Project S",exp,584900000,600000000,600000000,600000000,979,yes
fy-2026-27-development-book-volume-ii-1091-1097,1094,State Department for Housing & Urban Development,1094106200,Affordable Housing Fund,1094106203,Social Housing,1210400,Receipts for National Housing Development Fund,aia,18900000000,20889000000,70626000000,64658000000,979,yes
fy-2026-27-development-book-volume-ii-1091-1097,1094,State Department for Housing & Urban Development,1094106200,Affordable Housing Fund,1094106204,Institutional Housing,3110500,Construction and Civil Works,exp,14261920960,20226000000,68384000000,62605000000,979,yes
fy-2026-27-development-book-volume-ii-1091-1097,1094,State Department for Housing & Urban Development,1094106200,Affordable Housing Fund,1094106204,Institutional Housing,1210400,Receipts for National Housing Development Fund,aia,14261920960,20226000000,68384000000,62605000000,979,yes
fy-2026-27-development-book-volume-ii-1091-1097,1094,State Department for Housing & Urban Development,1094106200,Affordable Housing Fund,1094106205,Social and Physical Infrastructure,3110500,Construction and Civil Works,exp,15202800000,17936800000,19700000000,20700000000,979,yes
fy-2026-27-development-book-volume-ii-1091-1097,1094,State Department for Housing & Urban Development,1094106200,Affordable Housing Fund,1094106205,Social and Physical Infrastructure,3111400,"Research, Feasibility Studies, Project Preparation and Design, Project S",exp,297200000,300000000,300000000,300000000,979,yes
fy-2026-27-development-book-volume-ii-1091-1097,1094,State Department for Housing & Urban Development,1094106200,Affordable Housing Fund,1094106205,Social and Physical Infrastructure,1210400,Receipts for National Housing Development Fund,aia,15500000000,18236800000,20000000000,21000000000,979,yes
fy-2026-27-development-book-volume-ii-1091-1097,1094,State Department for Housing & Urban Development,1094109800,Kenya Informal Settlement Improvement Project - Phase II,1094109801,Kenya Informal Settlement Improvement Project - Phase II,2210300,"Domestic Travel and Subsistence, and Other Transportation Costs",exp,0,25000000,25000000,0,980,yes
fy-2026-27-development-book-volume-ii-1091-1097,1094,State Department for Housing & Urban Development,1094109800,Kenya Informal Settlement Improvement Project - Phase II,1094109801,Kenya Informal Settlement Improvement Project - Phase II,2210800,Hospitality Supplies and Services,exp,0,5000000,5000000,0,980,yes
fy-2026-27-development-book-volume-ii-1091-1097,1094,State Department for Housing & Urban Development,1094109800,Kenya Informal Settlement Improvement Project - Phase II,1094109801,Kenya Informal Settlement Improvement Project - Phase II,2211300,Other Operating Expenses,exp,1169020155,1079539946,460000000,100000000,980,yes
fy-2026-27-development-book-volume-ii-1091-1097,1094,State Department for Housing & Urban Development,1094109800,Kenya Informal Settlement Improvement Project - Phase II,1094109801,Kenya Informal Settlement Improvement Project - Phase II,2630200,Capital Grants to Government Agencies and other Levels of Government,exp,3500000000,1000000000,0,0,980,yes
fy-2026-27-development-book-volume-ii-1091-1097,1094,State Department for Housing & Urban Development,1094109800,Kenya Informal Settlement Improvement Project - Phase II,1094109801,Kenya Informal Settlement Improvement Project - Phase II,3110500,Construction and Civil Works,exp,686080621,600000000,125000000,0,980,yes
fy-2026-27-development-book-volume-ii-1091-1097,1094,State Department for Housing & Urban Development,1094113000,Kenya Informal Settlement Redevelopment Project (KISRIP),1094113001,Kenya Informal Settlement Redevelopment Project (KISRIP),2210300,"Domestic Travel and Subsistence, and Other Transportation Costs",exp,0,5000000,5000000,0,980,yes
fy-2026-27-development-book-volume-ii-1091-1097,1094,State Department for Housing & Urban Development,1094113000,Kenya Informal Settlement Redevelopment Project (KISRIP),1094113001,Kenya Informal Settlement Redevelopment Project (KISRIP),2210500,"Printing , Advertising and Information Supplies and Services",exp,5000000,0,0,0,980,yes
fy-2026-27-development-book-volume-ii-1091-1097,1094,State Department for Housing & Urban Development,1094113000,Kenya Informal Settlement Redevelopment Project (KISRIP),1094113001,Kenya Informal Settlement Redevelopment Project (KISRIP),2210800,Hospitality Supplies and Services,exp,0,5000000,5000000,0,980,yes
fy-2026-27-development-book-volume-ii-1091-1097,1094,State Department for Housing & Urban Development,1094113000,Kenya Informal Settlement Redevelopment Project (KISRIP),1094113001,Kenya Informal Settlement Redevelopment Project (KISRIP),2211300,Other Operating Expenses,exp,30000000,40000000,37000000,0,980,yes
fy-2026-27-development-book-volume-ii-1091-1097,1094,State Department for Housing & Urban Development,1094113000,Kenya Informal Settlement Redevelopment Project (KISRIP),1094113001,Kenya Informal Settlement Redevelopment Project (KISRIP),3110500,Construction and Civil Works,exp,65000000,60000000,200000000,0,980,yes
fy-2026-27-development-book-volume-ii-1091-1097,1094,State Department for Housing & Urban Development,1094112100,Building Climate Resilience of the Urban Poor Project (BCRUP),1094112101,Building Climate Resilience of the Urban Poor Project (BCRUP),2211300,Other Operating Expenses,exp,75000000,119000000,120000000,120000000,980,yes
fy-2026-27-development-book-volume-ii-1091-1097,1094,State Department for Housing & Urban Development,1094112100,Building Climate Resilience of the Urban Poor Project (BCRUP),1094112101,Building Climate Resilience of the Urban Poor Project (BCRUP),3111400,"Research, Feasibility Studies, Project Preparation and Design, Project S",exp,25000000,40000000,40000000,40000000,980,yes
fy-2026-27-development-book-volume-ii-1091-1097,1094,State Department for Housing & Urban Development,1094112100,Building Climate Resilience of the Urban Poor Project (BCRUP),1094112101,Building Climate Resilience of the Urban Poor Project (BCRUP),3111500,Rehabilitation of Civil Works,exp,0,100000000,154000000,190000000,980,yes
fy-2026-27-development-book-volume-ii-1091-1097,1094,State Department for Housing & Urban Development,1094112200,Public Participation Projects,1094112201,Construction of Gabions in lower Nyakach around Sango Rota,3110500,Construction and Civil Works,exp,6000000,0,0,0,980,yes
fy-2026-27-development-book-volume-ii-1091-1097,1094,State Department for Housing & Urban Development,1094112200,Public Participation Projects,1094112202,Construction of Gabions in Ombei Ward in lower Muhoroni,3110500,Construction and Civil Works,exp,6000000,0,0,0,980,yes
fy-2026-27-development-book-volume-ii-1091-1097,1094,State Department for Housing & Urban Development,1094112200,Public Participation Projects,1094112203,Construction of Oyugis Social Hall in Oyugis town,3110500,Construction and Civil Works,exp,6000000,0,0,0,981,yes
fy-2026-27-development-book-volume-ii-1091-1097,1094,State Department for Housing & Urban Development,1094112200,Public Participation Projects,1094112205,Construction of Social hall at Utawala,3110500,Construction and Civil Works,exp,7000000,0,0,0,981,yes
fy-2026-27-development-book-volume-ii-1091-1097,1094,State Department for Housing & Urban Development,1094112300,"Urban Governance, Management and Resilience",1094112301,"Urban Governance, Management and Resilience",2211300,Other Operating Expenses,exp,0,0,50000000,50000000,981,yes
fy-2026-27-development-book-volume-ii-1091-1097,1094,State Department for Housing & Urban Development,1094112300,"Urban Governance, Management and Resilience",1094112301,"Urban Governance, Management and Resilience",3110500,Construction and Civil Works,exp,0,0,50000000,484000000,981,yes
fy-2026-27-development-book-volume-ii-1091-1097,1095,State Department for Public Works,1095100100,Construction & Completion of Stalled Government Buildings,1095100106,Voi Pool Housing-BETA,3110200,Construction of Building,exp,0,0,150000000,150000000,992,yes
fy-2026-27-development-book-volume-ii-1091-1097,1095,State Department for Public Works,1095100100,Construction & Completion of Stalled Government Buildings,1095100115,Nyanza Provincial Headquarters,3110200,Construction of Building,exp,0,2570000,0,0,992,yes
fy-2026-27-development-book-volume-ii-1091-1097,1095,State Department for Public Works,1095100100,Construction & Completion of Stalled Government Buildings,1095100120,Makueni District Headquarters Phase I,3110200,Construction of Building,exp,0,0,100000000,250000000,992,yes
fy-2026-27-development-book-volume-ii-1091-1097,1095,State Department for Public Works,1095100200,Renovation & Equipping the National Building Inspectorate,1095100200,Renovation & Equipping the National Building Inspectorate.,2211000,Specialised Materials and Supplies,exp,0,22000000,63040000,68700000,992,yes
fy-2026-27-development-book-volume-ii-1091-1097,1095,State Department for Public Works,1095100300,Construction of Ndau seawall,1095100300,Construction of Ndau seawall.,2211300,Other Operating Expenses,exp,0,322000000,0,0,992,yes
fy-2026-27-development-book-volume-ii-1091-1097,1095,State Department for Public Works,1095100300,Construction of Ndau seawall,1095100300,Construction of Ndau seawall.,3110500,Construction and Civil Works,exp,0,60800000,45000000,6900000,992,yes
fy-2026-27-development-book-volume-ii-1091-1097,1095,State Department for Public Works,1095100400,Construction of Foot Bridges,1095100412,Akiriamet Masol footbridge,3110500,Construction and Civil Works,exp,0,800000,0,0,992,yes
fy-2026-27-development-book-volume-ii-1091-1097,1095,State Department for Public Works,1095100400,Construction of Foot Bridges,1095100460,Mumoni Footbridge,3110500,Construction and Civil Works,exp,0,5000000,0,0,992,yes
fy-2026-27-development-book-volume-ii-1091-1097,1095,State Department for Public Works,1095100400,Construction of Foot Bridges,1095100478,Construction of Olekasasi B - Lengete 42m Footbridge,3110500,Construction and Civil Works,exp,0,10920000,0,0,993,yes
fy-2026-27-development-book-volume-ii-1091-1097,1095,State Department for Public Works,1095100400,Construction of Foot Bridges,1095100498,Construction of Binyenya - Kikai Bridge,3110500,Construction and Civil Works,exp,0,3000000,10590000,0,993,yes
fy-2026-27-development-book-volume-ii-1091-1097,1095,State Department for Public Works,1095100500,ESP District Headquarters,1095100557,Nyatike,3110500,Construction and Civil Works,exp,0,0,60000000,0,993,yes
fy-2026-27-development-book-volume-ii-1091-1097,1095,State Department for Public Works,1095100600,Construction of County Headquarters-BETA,1095100601,Isiolo,2211300,Other Operating Expenses,exp,1000000,2000000,1000000,0,993,yes
fy-2026-27-development-book-volume-ii-1091-1097,1095,State Department for Public Works,1095100600,Construction of County Headquarters-BETA,1095100601,Isiolo,2630200,Capital Grants to Government Agencies and other Levels of Government,exp,59000000,156710000,36780000,0,993,yes
fy-2026-27-development-book-volume-ii-1091-1097,1095,State Department for Public Works,1095100600,Construction of County Headquarters-BETA,1095100602,Lamu,2211300,Other Operating Expenses,exp,1000000,2000000,0,0,993,yes
fy-2026-27-development-book-volume-ii-1091-1097,1095,State Department for Public Works,1095100600,Construction of County Headquarters-BETA,1095100602,Lamu,2630200,Capital Grants to Government Agencies and other Levels of Government,exp,120000000,69630000,0,0,993,yes
fy-2026-27-development-book-volume-ii-1091-1097,1095,State Department for Public Works,1095100600,Construction of County Headquarters-BETA,1095100603,Nyandarua,2211300,Other Operating Expenses,exp,1000000,2000000,1000000,0,993,yes
fy-2026-27-development-book-volume-ii-1091-1097,1095,State Department for Public Works,1095100600,Construction of County Headquarters-BETA,1095100603,Nyandarua,2630200,Capital Grants to Government Agencies and other Levels of Government,exp,120000000,169650000,44750000,0,993,yes
fy-2026-27-development-book-volume-ii-1091-1097,1095,State Department for Public Works,1095100600,Construction of County Headquarters-BETA,1095100604,Tana River,2211300,Other Operating Expenses,exp,1000000,2000000,1000000,0,993,yes
fy-2026-27-development-book-volume-ii-1091-1097,1095,State Department for Public Works,1095100600,Construction of County Headquarters-BETA,1095100604,Tana River,2630200,Capital Grants to Government Agencies and other Levels of Government,exp,120000000,100500000,34340000,0,993,yes
fy-2026-27-development-book-volume-ii-1091-1097,1095,State Department for Public Works,1095100600,Construction of County Headquarters-BETA,1095100605,Tharaka Nithi,2211300,Other Operating Expenses,exp,1000000,2000000,0,0,994,yes
fy-2026-27-development-book-volume-ii-1091-1097,1095,State Department for Public Works,1095100600,Construction of County Headquarters-BETA,1095100605,Tharaka Nithi,2630200,Capital Grants to Government Agencies and other Levels of Government,exp,30000000,28510000,0,0,994,yes
fy-2026-27-development-book-volume-ii-1091-1097,1095,State Department for Public Works,1095100700,County/ Sub-County Works Offices,1095100706,"Works Building, Nairobi",2220200,Routine Maintenance - Other Assets,exp,0,14000000,50000000,80000000,994,yes
fy-2026-27-development-book-volume-ii-1091-1097,1095,State Department for Public Works,1095101000,Construction of Lamu Sea Wall,1095101001,Construction of Lamu Sea Wall,3110500,Construction and Civil Works,exp,0,0,50000000,100000000,994,yes
fy-2026-27-development-book-volume-ii-1091-1097,1095,State Department for Public Works,1095101200,Construction of New Mokowe Jetty,1095101201,Construction of New Mokowe Jetty,3110500,Construction and Civil Works,exp,0,61500000,0,0,994,yes
fy-2026-27-development-book-volume-ii-1091-1097,1095,State Department for Public Works,1095101800,Building and Construction Materials Survey,1095101801,Building and Construction Materials Survey,3111400,"Research, Feasibility Studies, Project Preparation and Design, Project S",exp,0,20000000,40000000,120000000,994,yes
fy-2026-27-development-book-volume-ii-1091-1097,1095,State Department for Public Works,1095102200,Completion of MoW Sports Club,1095102201,Completion of MoW Sports Club,3110200,Construction of Building 1588,exp,0,0,20000000,30000000,994,yes
fy-2026-27-development-book-volume-ii-1091-1097,1095,State Department for Public Works,1095102900,Lake Victoria Jetties,1095102901,Lake Victoria Jetties,3110500,Construction and Civil Works,exp,0,0,30000000,330050000,995,yes
fy-2026-27-development-book-volume-ii-1091-1097,1095,State Department for Public Works,1095103000,Lake Turkana Jetties,1095103001,Lake Turkana Jetties,3110500,Construction and Civil Works,exp,0,0,50000000,120000000,995,yes
fy-2026-27-development-book-volume-ii-1091-1097,1095,State Department for Public Works,1095103400,Centre for Construction Industry Development,1095103401,Centre for Construction Industry Development,2630200,Capital Grants to Government Agencies and other Levels of Government,exp,50000000,50000000,50000000,50000000,995,yes
fy-2026-27-development-book-volume-ii-1091-1097,1095,State Department for Public Works,1095103400,Centre for Construction Industry Development,1095103401,Centre for Construction Industry Development,3540400,Receipts from the Sale of Non-Produced Assets,aia,50000000,50000000,50000000,50000000,995,yes
fy-2026-27-development-book-volume-ii-1091-1097,1095,State Department for Public Works,1095104200,Construction of Foot Bridges - Continued-BETA,1095104243,Nyagwakwa-Embonga Footbridge,3110500,Construction and Civil Works,exp,0,15710000,0,0,995,yes
fy-2026-27-development-book-volume-ii-1091-1097,1095,State Department for Public Works,1095104200,Construction of Foot Bridges - Continued-BETA,1095104252,Lusheya - Lubinu footbridge,3110500,Construction and Civil Works,exp,0,14740000,0,0,995,yes
fy-2026-27-development-book-volume-ii-1091-1097,1095,State Department for Public Works,1095104200,Construction of Foot Bridges - Continued-BETA,1095104262,Kimase-Kisabei Footbridge,3110500,Construction and Civil Works 1589,exp,0,5050000,0,0,995,yes
fy-2026-27-development-book-volume-ii-1091-1097,1095,State Department for Public Works,1095104200,Construction of Foot Bridges - Continued-BETA,1095104263,Kaiti Footbridge,3110500,Construction and Civil Works,exp,0,17950000,0,0,996,yes
fy-2026-27-development-book-volume-ii-1091-1097,1095,State Department for Public Works,1095104200,Construction of Foot Bridges - Continued-BETA,1095104265,Keraka Footbridge,3111500,Rehabilitation of Civil Works,exp,0,8000000,0,0,996,yes
fy-2026-27-development-book-volume-ii-1091-1097,1095,State Department for Public Works,1095104200,Construction of Foot Bridges - Continued-BETA,1095104280,Bute Primary school footbridge (48m Span),3110500,Construction and Civil Works,exp,0,9910000,0,0,996,yes
fy-2026-27-development-book-volume-ii-1091-1097,1095,State Department for Public Works,1095104200,Construction of Foot Bridges - Continued-BETA,1095104295,Chepyemat - Kibirech 42m span footbridge,3110500,Construction and Civil Works,exp,0,10000000,0,0,996,yes
fy-2026-27-development-book-volume-ii-1091-1097,1095,State Department for Public Works,1095104300,Construction of Foot Bridges - Continued-BETA,1095104311,ANDA FOOTBRIDGE 48M SPAN,3110500,Construction and Civil Works,exp,0,12430000,0,0,996,yes
fy-2026-27-development-book-volume-ii-1091-1097,1095,State Department for Public Works,1095104300,Construction of Foot Bridges - Continued-BETA,1095104331,Embobut footbridge,3110500,Construction and Civil Works,exp,0,0,0,16000000,996,yes
fy-2026-27-development-book-volume-ii-1091-1097,1095,State Department for Public Works,1095104300,Construction of Foot Bridges - Continued-BETA,1095104364,Construction of Muanda - Nasala Bridge,3110500,Construction and Civil Works,exp,0,3000000,0,0,996,yes
fy-2026-27-development-book-volume-ii-1091-1097,1095,State Department for Public Works,1095104300,Construction of Foot Bridges - Continued-BETA,1095104366,Riagathuri Thangathi over Sagana River,3110500,Construction and Civil Works,exp,0,5000000,0,0,996,yes
fy-2026-27-development-book-volume-ii-1091-1097,1095,State Department for Public Works,1095104300,Construction of Foot Bridges - Continued-BETA,1095104367,Esukuta Footbridge over Ol Kejuado River,3110500,Construction and Civil Works,exp,0,8930000,0,0,996,yes
fy-2026-27-development-book-volume-ii-1091-1097,1095,State Department for Public Works,1095104300,Construction of Foot Bridges - Continued-BETA,1095104369,Kamnara Footbridge,3110500,Construction and Civil Works,exp,0,3100000,0,0,997,yes
fy-2026-27-development-book-volume-ii-1091-1097,1095,State Department for Public Works,1095104300,Construction of Foot Bridges - Continued-BETA,1095104370,Kuloko - Musangara Footbridge,3110500,Construction and Civil Works,exp,0,10590000,0,0,997,yes
fy-2026-27-development-book-volume-ii-1091-1097,1095,State Department for Public Works,1095104300,Construction of Foot Bridges - Continued-BETA,1095104372,Handaraku Footbridge,3110500,Construction and Civil Works,exp,25000000,15000000,0,0,997,yes
fy-2026-27-development-book-volume-ii-1091-1097,1095,State Department for Public Works,1095104300,Construction of Foot Bridges - Continued-BETA,1095104373,Adole Footbridge,3110500,Construction and Civil Works,exp,25000000,15000000,0,0,997,yes
fy-2026-27-development-book-volume-ii-1091-1097,1095,State Department for Public Works,1095104300,Construction of Foot Bridges - Continued-BETA,1095104378,Sasi Bridge (Ndhiwa Constituency),3110500,Construction and Civil Works,exp,20000000,3400000,0,0,997,yes
fy-2026-27-development-book-volume-ii-1091-1097,1095,State Department for Public Works,1095104300,Construction of Foot Bridges - Continued-BETA,1095104379,Nyongothe Bridge (Ndhiwa Constituency),3110500,Construction and Civil Works,exp,30000000,4000000,57600000,0,997,yes
fy-2026-27-development-book-volume-ii-1091-1097,1095,State Department for Public Works,1095104300,Construction of Foot Bridges - Continued-BETA,1095104380,Ombo Bridge (Migori),3110500,Construction and Civil Works,exp,30000000,4000000,75300000,0,997,yes
fy-2026-27-development-book-volume-ii-1091-1097,1095,State Department for Public Works,1095104300,Construction of Foot Bridges - Continued-BETA,1095104381,Oma Bridge (Gwasi Division/Homabay),3110500,Construction and Civil Works,exp,20000000,4000000,0,0,997,yes
fy-2026-27-development-book-volume-ii-1091-1097,1095,State Department for Public Works,1095104300,Construction of Foot Bridges - Continued-BETA,1095104382,Bridge Kolelach - Taunet Bridge Road,3110500,Construction and Civil Works,exp,34000000,5000000,44600000,0,997,yes
fy-2026-27-development-book-volume-ii-1091-1097,1095,State Department for Public Works,1095104500,Pedestrian Access (Footbridges),1095104501,Kuresiet/Mogor Footbridge - Emurua Dikirr,3110500,Construction and Civil Works 1591,exp,0,5000000,10000000,0,997,yes
fy-2026-27-development-book-volume-ii-1091-1097,1095,State Department for Public Works,1095104500,Pedestrian Access (Footbridges),1095104502,Sirimon Footbridge - Buuri,3110500,Construction and Civil Works,exp,0,5000000,0,0,998,yes
fy-2026-27-development-book-volume-ii-1091-1097,1095,State Department for Public Works,1095104500,Pedestrian Access (Footbridges),1095104504,Sugoi Kipkaren - Turbo,3110500,Construction and Civil Works,exp,0,0,0,20600000,998,yes
fy-2026-27-development-book-volume-ii-1091-1097,1095,State Department for Public Works,1095104500,Pedestrian Access (Footbridges),1095104505,Kocholwo Footbridge - Keiyo South,3110500,Construction and Civil Works,exp,0,0,0,12000000,998,yes
fy-2026-27-development-book-volume-ii-1091-1097,1095,State Department for Public Works,1095104500,Pedestrian Access (Footbridges),1095104507,Kipchorian River Footbridge - kipkelion,3110500,Construction and Civil Works,exp,0,0,0,19000000,998,yes
fy-2026-27-development-book-volume-ii-1091-1097,1095,State Department for Public Works,1095104500,Pedestrian Access (Footbridges),1095104508,Murian Ngerel Footbridge - Pokot South,3110500,Construction and Civil Works,exp,0,0,7400000,0,998,yes
fy-2026-27-development-book-volume-ii-1091-1097,1095,State Department for Public Works,1095104500,Pedestrian Access (Footbridges),1095104508,Murian Ngerel Footbridge - Pokot South,3111500,Rehabilitation of Civil Works,exp,0,8000000,0,0,998,yes
fy-2026-27-development-book-volume-ii-1091-1097,1095,State Department for Public Works,1095104500,Pedestrian Access (Footbridges),1095104512,Ptokou Footbridge - Sigor,3111500,Rehabilitation of Civil Works,exp,0,8000000,0,0,998,yes
fy-2026-27-development-book-volume-ii-1091-1097,1095,State Department for Public Works,1095104500,Pedestrian Access (Footbridges),1095104533,Katikomor Kanyerus Footbridge - Kapenguria,3111500,Rehabilitation of Civil Works,exp,0,8000000,0,0,998,yes
fy-2026-27-development-book-volume-ii-1091-1097,1095,State Department for Public Works,1095104800,Construction of Kiwayu Seawall and Jetty,1095104801,Construction of Kiwayu Seawall and Jetty,3110500,Construction and Civil Works,exp,0,53100000,50000000,39750000,998,yes
fy-2026-27-development-book-volume-ii-1091-1097,1095,State Department for Public Works,1095104900,Pedestrian Access,1095104901,Matende Maraba,3110500,Construction and Civil Works,exp,0,7000000,0,0,999,yes
fy-2026-27-development-book-volume-ii-1091-1097,1095,State Department for Public Works,1095105000,Supervison of Projects,1095105001,Supervison of Projects,2211300,Other Operating Expenses,exp,0,34000000,110000000,140000000,999,yes
fy-2026-27-development-book-volume-ii-1091-1097,1095,State Department for Public Works,1095105100,Public Participation Projects,1095105101,Construction of Gatono Nazareth Bridge,3110500,Construction and Civil Works,exp,35000000,0,0,0,999,yes
fy-2026-27-development-book-volume-ii-1091-1097,1095,State Department for Public Works,1095105100,Public Participation Projects,1095105102,Construction of Athena-Maraba Bridge,3110500,Construction and Civil Works,exp,0,4000000,0,0,999,yes
fy-2026-27-development-book-volume-ii-1091-1097,1095,State Department for Public Works,1095105100,Public Participation Projects,1095105103,Kokwa-Highland Floating Bridge,3110500,Construction and Civil Works,exp,0,37500000,120000000,0,999,yes
fy-2026-27-development-book-volume-ii-1091-1097,1095,State Department for Public Works,1095105100,Public Participation Projects,1095105104,Indoli- Mwichina Bridge,3110500,Construction and Civil Works,exp,0,10900000,0,0,999,yes
fy-2026-27-development-book-volume-ii-1091-1097,1095,State Department for Public Works,1095105100,Public Participation Projects,1095105105,Construction of Ololulunga -Olepolos Bridge,3110500,Construction and Civil Works,exp,0,15000000,68600000,0,999,yes
fy-2026-27-development-book-volume-ii-1091-1097,1095,State Department for Public Works,1095105100,Public Participation Projects,1095105106,Erimet Bridge,3110500,Construction and Civil Works,exp,0,16500000,0,0,999,yes
fy-2026-27-development-book-volume-ii-1091-1097,1095,State Department for Public Works,1095105100,Public Participation Projects,1095105106,Erimet Bridge,3110500,Construction and Civil Works,exp,10000000,13000000,0,0,1000,yes
fy-2026-27-development-book-volume-ii-1091-1097,1095,State Department for Public Works,1095105100,Public Participation Projects,1095105106,Erimet Bridge,3110500,Construction and Civil Works,exp,20000000,2600000,0,0,1000,yes
fy-2026-27-development-book-volume-ii-1091-1097,1095,State Department for Public Works,1095105200,Construction of Foot Bridges,1095105201,Cheptarit Tuktuk footbridge,3110500,Construction and Civil Works,exp,0,7000000,0,0,1000,yes
fy-2026-27-development-book-volume-ii-1091-1097,1095,State Department for Public Works,1095105200,Construction of Foot Bridges,1095105202,Chebutie Tumeiyo footbridge,3110500,Construction and Civil Works,exp,0,7000000,0,0,1000,yes
fy-2026-27-development-book-volume-ii-1091-1097,1095,State Department for Public Works,1095105200,Construction of Foot Bridges,1095105203,Sebit Secondary foot bridge,3110500,Construction and Civil Works,exp,0,8000000,0,0,1000,yes
fy-2026-27-development-book-volume-ii-1091-1097,1095,State Department for Public Works,1095105200,Construction of Foot Bridges,1095105207,Mataara kagonye footbridge,3110500,Construction and Civil Works,exp,0,7000000,0,0,1000,yes
fy-2026-27-development-book-volume-ii-1091-1097,1095,State Department for Public Works,1095105200,Construction of Foot Bridges,1095105209,Eliye springs training and protection works,3110500,Construction and Civil Works,exp,0,10000000,40000000,0,1000,yes
fy-2026-27-development-book-volume-ii-1091-1097,1095,State Department for Public Works,1095105200,Construction of Foot Bridges,1095105210,Anda Mansa footbridge,3110500,Construction and Civil Works,exp,12000000,0,0,0,1000,yes
fy-2026-27-development-book-volume-ii-1091-1097,1095,State Department for Public Works,1095105200,Construction of Foot Bridges,1095105211,Ole Kasasi B Lengete footbridge,3110500,Construction and Civil Works,exp,10000000,0,0,0,1000,yes
fy-2026-27-development-book-volume-ii-1091-1097,1095,State Department for Public Works,1095105200,Construction of Foot Bridges,1095105212,Kaiti Footbridge,3110500,Construction and Civil Works,exp,14000000,0,0,0,1000,yes
fy-2026-27-development-book-volume-ii-1091-1097,1095,State Department for Public Works,1095105200,Construction of Foot Bridges,1095105213,Indoli Mwichina (Musango imanga) footbridge,3110500,Construction and Civil Works,exp,9000000,0,0,0,1001,yes
fy-2026-27-development-book-volume-ii-1091-1097,1095,State Department for Public Works,1095105200,Construction of Foot Bridges,1095105214,Kamnara footbridge,3110500,Construction and Civil Works,exp,3000000,0,0,0,1001,yes
fy-2026-27-development-book-volume-ii-1091-1097,1095,State Department for Public Works,1095105200,Construction of Foot Bridges,1095105215,Akiramet footbridge,3110500,Construction and Civil Works,exp,790000,0,0,0,1001,yes
fy-2026-27-development-book-volume-ii-1091-1097,1095,State Department for Public Works,1095105200,Construction of Foot Bridges,1095105216,Bute footbridge,3110500,Construction and Civil Works,exp,1210000,0,0,0,1001,yes
fy-2026-27-development-book-volume-ii-1091-1097,1095,State Department for Public Works,1095105200,Construction of Foot Bridges,1095105217,Ogweyo rangwe footbridge,3110500,Construction and Civil Works,exp,10000000,0,0,0,1001,yes
fy-2026-27-development-book-volume-ii-1091-1097,1095,State Department for Public Works,1095105200,Construction of Foot Bridges,1095105218,Nyikendo Bridge (Kakrao),3110500,Construction and Civil Works,exp,0,30000000,0,0,1001,yes
fy-2026-27-development-book-volume-ii-1091-1097,1095,State Department for Public Works,1095105200,Construction of Foot Bridges,1095105219,Olasi Bridge (Kanyikela),3110500,Construction and Civil Works,exp,0,25000000,0,0,1001,yes
fy-2026-27-development-book-volume-ii-1091-1097,1095,State Department for Public Works,1095105200,Construction of Foot Bridges,1095105220,Garsen Constituency (2 Bridges),3110500,Construction and Civil Works,exp,0,50000000,0,0,1001,yes
fy-2026-27-development-book-volume-ii-1091-1097,1095,State Department for Public Works,1095105400,Establishment and refurbishment of regional works offices,1095105401,Establishment and refurbishment of regional works offices,3110200,Construction of Building,exp,0,35000000,170000000,250000000,1001,yes
fy-2026-27-development-book-volume-ii-1091-1097,1095,State Department for Public Works,1095105500,Artification of Public Buildings and Infrastructure,1095105501,Artification of Public Buildings and Infrastructure,3110500,Construction and Civil Works,exp,0,15000000,28000000,46000000,1002,yes
fy-2026-27-development-book-volume-ii-1091-1097,1097,State Department for Aviation and Aerospace Development,1097100200,Kakamega Airstrip,1097100201,Kakamega Airstrip,2630200,Capital Grants to Government Agencies and other Levels of Government,exp,131377952,132000000,140000000,160000000,1023,yes
fy-2026-27-development-book-volume-ii-1091-1097,1097,State Department for Aviation and Aerospace Development,1097100300,Kabunde Airstrip,1097100301,Kabunde Airstrip,2630200,Capital Grants to Government Agencies and other Levels of Government,exp,69001025,100000000,180000000,187000000,1023,yes
fy-2026-27-development-book-volume-ii-1091-1097,1097,State Department for Aviation and Aerospace Development,1097100400,Migori Airstrip,1097100401,Migori Airstrip,2630200,Capital Grants to Government Agencies and other Levels of Government,exp,130825943,100000000,112000000,100000000,1023,yes
fy-2026-27-development-book-volume-ii-1091-1097,1097,State Department for Aviation and Aerospace Development,1097100700,Purchase of Aircraft Accident Investigation Equipment,1097100701,Purchase of Aircraft Accident Investigation Equipment,2211000,Specialised Materials and Supplies,exp,8280123,23100000,24000000,42000000,1023,yes
fy-2026-27-development-book-volume-ii-1091-1097,1097,State Department for Aviation and Aerospace Development,1097100700,Purchase of Aircraft Accident Investigation Equipment,1097100701,Purchase of Aircraft Accident Investigation Equipment,2211300,Other Operating Expenses,exp,13800205,38500000,40000000,70000000,1023,yes
fy-2026-27-development-book-volume-ii-1091-1097,1097,State Department for Aviation and Aerospace Development,1097100700,Purchase of Aircraft Accident Investigation Equipment,1097100701,Purchase of Aircraft Accident Investigation Equipment,3111100,"Purchase of Specialised Plant, Equipment and Machinery",exp,5520082,15400000,16000000,28000000,1023,yes
fy-2026-27-development-book-volume-ii-1091-1097,1097,State Department for Aviation and Aerospace Development,1097100800,Eldas Airstrip,1097100801,Eldas Airstrip,2630200,Capital Grants to Government Agencies and other Levels of Government,exp,50000000,92585449,0,0,1023,yes
fy-2026-27-development-book-volume-ii-1091-1097,1097,State Department for Aviation and Aerospace Development,1097100900,Modogashe Airstrip,1097100901,Modogashe Airstrip,2630200,Capital Grants to Government Agencies and other Levels of Government,exp,60000000,7715454,0,0,1024,yes
fy-2026-27-development-book-volume-ii-1091-1097,1097,State Department for Aviation and Aerospace Development,1097101000,Banane/ Shantabaq Airstrip,1097101001,Banane/ Shantabaq Airstrip,2630200,Capital Grants to Government Agencies and other Levels of Government,exp,0,8486999,0,0,1024,yes
fy-2026-27-development-book-volume-ii-1091-1097,1097,State Department for Aviation and Aerospace Development,1097101100,Rhamu Airstrip,1097101101,Rhamu Airstrip,2630200,Capital Grants to Government Agencies and other Levels of Government,exp,30000000,12344726,0,0,1024,yes
fy-2026-27-development-book-volume-ii-1091-1097,1097,State Department for Aviation and Aerospace Development,1097101200,Lafey Airstrip,1097101201,Lafey Airstrip,2630200,Capital Grants to Government Agencies and other Levels of Government,exp,154000000,30861816,0,0,1024,yes
fy-2026-27-development-book-volume-ii-1091-1097,1097,State Department for Aviation and Aerospace Development,1097101300,Refurbishment of New Offices,1097101301,Refurbishment of New Offices,3110300,Refurbishment of Buildings,exp,0,70000000,0,0,1024,yes
