book,vote,vote_title,programme_code,programme_title,prog_level,section,row_type,econ_code,econ_title,baseline_estimates_2025_2026,estimates_2026_2027,projected_estimates_2027_2028,projected_estimates_2028_2029,page,verified
fy-2026-27-program-based-1011-2151,1011,Executive Office of the President,0603010,Government Printing Services,subprogramme,,programme,,,1082596015,1292237031,1303051472,1327013911,39,yes
fy-2026-27-program-based-1011-2151,1011,Executive Office of the President,0603000,Government Printing Services,programme,,programme,,,1082596015,1292237031,1303051472,1327013911,39,yes
fy-2026-27-program-based-1011-2151,1011,Executive Office of the President,0701010,General Administration Planning and Support Services,subprogramme,,programme,,,4120724616,3107979470,3164618802,3354683096,39,yes
fy-2026-27-program-based-1011-2151,1011,Executive Office of the President,0701000,General Administration Planning and Support Services,programme,,programme,,,4120724616,3107979470,3164618802,3354683096,39,yes
fy-2026-27-program-based-1011-2151,1011,Executive Office of the President,0703030,Power of Mercy Advisory Services,subprogramme,,programme,,,39101315,189698966,192406788,196257442,39,yes
fy-2026-27-program-based-1011-2151,1011,Executive Office of the President,0703060,Counter-Terrorism Advisory Services,subprogramme,,programme,,,635000000,669800000,606800000,630020000,39,yes
fy-2026-27-program-based-1011-2151,1011,Executive Office of the President,0703090,Strategic Policy Advisory Services,subprogramme,,programme,,,517240821,601540443,613114962,623898293,39,yes
fy-2026-27-program-based-1011-2151,1011,Executive Office of the President,0703100,Public Entities Oversight Services,subprogramme,,programme,,,378591062,398229423,404625193,426398822,39,yes
fy-2026-27-program-based-1011-2151,1011,Executive Office of the President,0703000,Government Advisory Services,programme,,programme,,,1569933198,1859268832,1816946943,1876574557,39,yes
fy-2026-27-program-based-1011-2151,1011,Executive Office of the President,0770010,Leadership and Coordination Services,subprogramme,,programme,,,1430898768,894331342,929182783,966528436,39,yes
fy-2026-27-program-based-1011-2151,1011,Executive Office of the President,0770000,Leadership and Coordination of Government Services,programme,,programme,,,1430898768,894331342,929182783,966528436,39,yes
fy-2026-27-program-based-1011-2151,1011,Executive Office of the President,,,vote,,vote_total,,Total Expenditure,8204152597,7153816675,7213800000,7524800000,39,yes
fy-2026-27-program-based-1011-2151,1012,Office of the Deputy President,0734010,General Administration and Support Services,subprogramme,,programme,,,1081127950,1069813783,1301245341,1381068939,51,yes
fy-2026-27-program-based-1011-2151,1012,Office of the Deputy President,0734020,Coordination and Supervision,subprogramme,,programme,,,4011626618,2532211693,2456106319,2562304291,51,yes
fy-2026-27-program-based-1011-2151,1012,Office of the Deputy President,0734060,Government Strategic Priorities and Interventions,subprogramme,,programme,,,74890685,74410685,78948340,82726770,51,yes
fy-2026-27-program-based-1011-2151,1012,Office of the Deputy President,0734000,Deputy President Services,programme,,programme,,,5167645253,3676436161,3836300000,4026100000,51,yes
fy-2026-27-program-based-1011-2151,1012,Office of the Deputy President,,,vote,,vote_total,,Total Expenditure,5167645253,3676436161,3836300000,4026100000,51,yes
fy-2026-27-program-based-1011-2151,1013,Office of the Prime Cabinet Secretary,0755040,Administration and Support Services,subprogramme,,programme,,,209830323,434465480,441198064,459718659,59,yes
fy-2026-27-program-based-1011-2151,1013,Office of the Prime Cabinet Secretary,0755050,Coordination and Supervision Services,subprogramme,,programme,,,419110214,405325474,409701936,415581341,59,yes
fy-2026-27-program-based-1011-2151,1013,Office of the Prime Cabinet Secretary,0755000,Government Coordination and Supervision,programme,,programme,,,628940537,839790954,850900000,875300000,59,yes
fy-2026-27-program-based-1011-2151,1013,Office of the Prime Cabinet Secretary,,,vote,,vote_total,,Total Expenditure,628940537,839790954,850900000,875300000,59,yes
fy-2026-27-program-based-1011-2151,1014,State Department for Parliamentary Affairs,0759010,Parliamentary Liaison Services,subprogramme,,programme,,,67155880,40025211,52096478,53072519,68,yes
fy-2026-27-program-based-1011-2151,1014,State Department for Parliamentary Affairs,0759020,Legislative Coordination Services,subprogramme,,programme,,,42513183,42338365,47940311,45800013,68,yes
fy-2026-27-program-based-1011-2151,1014,State Department for Parliamentary Affairs,0759000,Parliamentary Liaison and Legislative Affairs,programme,,programme,,,109669063,82363576,100036789,98872532,68,yes
fy-2026-27-program-based-1011-2151,1014,State Department for Parliamentary Affairs,0760010,Policy Coordination Services,subprogramme,,programme,,,72522816,51294941,61698311,62878473,68,yes
fy-2026-27-program-based-1011-2151,1014,State Department for Parliamentary Affairs,0760020,Policy Advisory Services,subprogramme,,programme,,,28289963,32273713,38083793,39932686,68,yes
fy-2026-27-program-based-1011-2151,1014,State Department for Parliamentary Affairs,0760000,Policy Coordination and Strategy,programme,,programme,,,100812779,83568654,99782104,102811159,68,yes
fy-2026-27-program-based-1011-2151,1014,State Department for Parliamentary Affairs,0761050,Administrative Services,subprogramme,,programme,,,229054803,195268870,223181107,238216309,68,yes
fy-2026-27-program-based-1011-2151,1014,State Department for Parliamentary Affairs,0761000,"General Administration, Planning and Support Services",programme,,programme,,,229054803,195268870,223181107,238216309,68,yes
fy-2026-27-program-based-1011-2151,1014,State Department for Parliamentary Affairs,,,vote,,vote_total,,Total Expenditure,439536645,361201100,423000000,439900000,68,yes
fy-2026-27-program-based-1011-2151,1016,State Department for Cabinet Affairs,0758010,Cabinet Decisions and Presidential Directives Delivery,subprogramme,,programme,,,48386450,58738443,68316123,75295602,78,yes
fy-2026-27-program-based-1011-2151,1016,State Department for Cabinet Affairs,0758020,Coordination of Dev Partners & Implementation of Special Govt Initiative,subprogramme,,programme,,,11427969,13766160,15676910,16033739,78,yes
fy-2026-27-program-based-1011-2151,1016,State Department for Cabinet Affairs,0758030,Public Sector Reforms,subprogramme,,programme,,,24217099,26517160,30453088,30809920,78,yes
fy-2026-27-program-based-1011-2151,1016,State Department for Cabinet Affairs,0758040,"General Administration, Planning and Support Services",subprogramme,,programme,,,151143381,170364960,196753879,202060739,78,yes
fy-2026-27-program-based-1011-2151,1016,State Department for Cabinet Affairs,0758000,Cabinet Affairs Services,programme,,programme,,,235174899,269386723,311200000,324200000,78,yes
fy-2026-27-program-based-1011-2151,1016,State Department for Cabinet Affairs,,,vote,,vote_total,,Total Expenditure,235174899,269386723,311200000,324200000,78,yes
fy-2026-27-program-based-1011-2151,1017,State House,0704010,Coordination of State House Functions,subprogramme,,programme,,,17116187991,13281737113,13278860994,13643453773,87,yes
fy-2026-27-program-based-1011-2151,1017,State House,0704020,Administration of Statutory benefits for the retired Presidents,subprogramme,,programme,,,432606922,362061400,378239006,380446227,87,yes
fy-2026-27-program-based-1011-2151,1017,State House,0704000,State House Affairs,programme,,programme,,,17548794913,13643798513,13657100000,14023900000,87,yes
fy-2026-27-program-based-1011-2151,1017,State House,,,vote,,vote_total,,Total Expenditure,17548794913,13643798513,13657100000,14023900000,87,yes
fy-2026-27-program-based-1011-2151,1018,State Department for National Government Coordination,0755050,Coordination and Supervision Services,subprogramme,,programme,,,511893785,268068460,324163851,339806195,97,yes
fy-2026-27-program-based-1011-2151,1018,State Department for National Government Coordination,0755070,Administration and Support Services,subprogramme,,programme,,,544522444,527458357,614073219,629355522,97,yes
fy-2026-27-program-based-1011-2151,1018,State Department for National Government Coordination,0755080,Strategic Communications and Stakeholder Services,subprogramme,,programme,,,0,62384766,75050682,79990738,97,yes
fy-2026-27-program-based-1011-2151,1018,State Department for National Government Coordination,0755090,Performance Management,subprogramme,,programme,,,0,204393558,229712248,244747545,97,yes
fy-2026-27-program-based-1011-2151,1018,State Department for National Government Coordination,0755000,Government Coordination and Supervision,programme,,programme,,,1056416229,1062305141,1243000000,1293900000,97,yes
fy-2026-27-program-based-1011-2151,1018,State Department for National Government Coordination,,,vote,,vote_total,,Total Expenditure,1056416229,1062305141,1243000000,1293900000,97,yes
fy-2026-27-program-based-1011-2151,1023,State Department for Correctional Services,0623010,"Planning, Policy Coordination and Support Service",subprogramme,,programme,,,707058553,887720845,1069522373,1209076561,112,yes
fy-2026-27-program-based-1011-2151,1023,State Department for Correctional Services,0623000,"General Administration, Planning and Support Services",programme,,programme,,,707058553,887720845,1069522373,1209076561,112,yes
fy-2026-27-program-based-1011-2151,1023,State Department for Correctional Services,0627010,Offender Services,subprogramme,,programme,,,34278540987,37300906796,41893261401,44726321238,112,yes
fy-2026-27-program-based-1011-2151,1023,State Department for Correctional Services,0627020,Capacity Development,subprogramme,,programme,,,1984580761,2169866637,2238160954,3371573331,112,yes
fy-2026-27-program-based-1011-2151,1023,State Department for Correctional Services,0627000,Prison Services,programme,,programme,,,36263121748,39470773433,44131422355,48097894569,112,yes
fy-2026-27-program-based-1011-2151,1023,State Department for Correctional Services,0628010,Probation Services,subprogramme,,programme,,,1852313212,2126089085,2494509915,2988529889,112,yes
fy-2026-27-program-based-1011-2151,1023,State Department for Correctional Services,0628020,After Care Services,subprogramme,,programme,,,243406330,234595287,363744547,399252399,112,yes
fy-2026-27-program-based-1011-2151,1023,State Department for Correctional Services,0628000,Probation & After Care Services,programme,,programme,,,2095719542,2360684372,2858254462,3387782288,112,yes
fy-2026-27-program-based-1011-2151,1023,State Department for Correctional Services,,,vote,,vote_total,,Total Expenditure,39065899843,42719178650,48059199190,52694753418,112,yes
fy-2026-27-program-based-1011-2151,1024,State Department for Immigration and Citizen Services,0605010,Population Registration Services,subprogramme,,programme,,,30853178,51586098,52268622,52971624,125,yes
fy-2026-27-program-based-1011-2151,1024,State Department for Immigration and Citizen Services,0605020,Immigration Services,subprogramme,,programme,,,9599836116,9320058745,9548615280,9768316477,125,yes
fy-2026-27-program-based-1011-2151,1024,State Department for Immigration and Citizen Services,0605030,Refugee Affairs,subprogramme,,programme,,,192734179,284699574,292539060,300227620,125,yes
fy-2026-27-program-based-1011-2151,1024,State Department for Immigration and Citizen Services,0605050,e-Citizen Services,subprogramme,,programme,,,5585867517,3612630188,3649965296,3659707441,125,yes
fy-2026-27-program-based-1011-2151,1024,State Department for Immigration and Citizen Services,0605000,Migration & Citizen Services,programme,,programme,,,15409290990,13268974605,13543388258,13781223162,125,yes
fy-2026-27-program-based-1011-2151,1024,State Department for Immigration and Citizen Services,0626010,National Registration Bureau,subprogramme,,programme,,,8668760147,8184394009,6592462476,6886311142,125,yes
fy-2026-27-program-based-1011-2151,1024,State Department for Immigration and Citizen Services,0626020,Civil Registration Services,subprogramme,,programme,,,1941516757,2353572206,2226551445,2290375263,125,yes
fy-2026-27-program-based-1011-2151,1024,State Department for Immigration and Citizen Services,0626030,Integrated Personal Registration Services,subprogramme,,programme,,,463715357,455004483,464824589,493348427,125,yes
fy-2026-27-program-based-1011-2151,1024,State Department for Immigration and Citizen Services,0626000,Population Management Services,programme,,programme,,,11073992261,10992970698,9283838510,9670034832,125,yes
fy-2026-27-program-based-1011-2151,1024,State Department for Immigration and Citizen Services,0631010,General Administration and Planning,subprogramme,,programme,,,2778931928,1623909159,1725683232,1780742006,125,yes
fy-2026-27-program-based-1011-2151,1024,State Department for Immigration and Citizen Services,0631000,General Administration and Planning,programme,,programme,,,2778931928,1623909159,1725683232,1780742006,125,yes
fy-2026-27-program-based-1011-2151,1024,State Department for Immigration and Citizen Services,,,vote,,vote_total,,Total Expenditure,29262215179,25885854462,24552910000,25232000000,125,yes
fy-2026-27-program-based-1011-2151,1025,National Police Service,0601010,Kenya Police Services,subprogramme,,programme,,,58643478955,65619815919,68716229346,71424358809,141,yes
fy-2026-27-program-based-1011-2151,1025,National Police Service,0601020,Administration Police Services,subprogramme,,programme,,,26929650690,32027193243,32705884792,33916354633,141,yes
fy-2026-27-program-based-1011-2151,1025,National Police Service,0601030,Criminal Investigation Services,subprogramme,,programme,,,13035477024,14264000298,13676570210,14189536542,141,yes
fy-2026-27-program-based-1011-2151,1025,National Police Service,0601040,General-Paramilitary Service,subprogramme,,programme,,,10858045515,11538090388,12497294589,13168004894,141,yes
fy-2026-27-program-based-1011-2151,1025,National Police Service,0601080,"General Administration, Planning and Support Services",subprogramme,,programme,,,26499121893,23552551480,22720144330,25860158389,141,yes
fy-2026-27-program-based-1011-2151,1025,National Police Service,0601000,Policing Services,programme,,programme,,,135965774077,147001651328,150316123267,158558413267,141,yes
fy-2026-27-program-based-1011-2151,1025,National Police Service,,,vote,,vote_total,,Total Expenditure,135965774077,147001651328,150316123267,158558413267,141,yes
fy-2026-27-program-based-1011-2151,1026,State Department for Internal Security & National Administration,0629010,National Government Coordination Services,subprogramme,,programme,,,32227914003,26897642012,28156420551,28349203485,155,yes
fy-2026-27-program-based-1011-2151,1026,State Department for Internal Security & National Administration,0629040,"Peace Building, National Cohesion and Values",subprogramme,,programme,,,511182000,689846540,708181806,711852954,155,yes
fy-2026-27-program-based-1011-2151,1026,State Department for Internal Security & National Administration,0629050,Government Chemist Services,subprogramme,,programme,,,684477849,689032647,758884255,797317774,155,yes
fy-2026-27-program-based-1011-2151,1026,State Department for Internal Security & National Administration,0629000,General Administration and Support Services,programme,,programme,,,33423573852,28276521199,29623486612,29858374213,155,yes
fy-2026-27-program-based-1011-2151,1026,State Department for Internal Security & National Administration,0630010,National Campaign Against Drug and Substance Abuse,subprogramme,,programme,,,936265232,1066977275,1158606368,1203173401,155,yes
fy-2026-27-program-based-1011-2151,1026,State Department for Internal Security & National Administration,0630020,PBORA Services,subprogramme,,programme,,,434181745,485525686,461451327,483839063,155,yes
fy-2026-27-program-based-1011-2151,1026,State Department for Internal Security & National Administration,0630030,Crime Research,subprogramme,,programme,,,224931299,220731896,238551819,250125380,155,yes
fy-2026-27-program-based-1011-2151,1026,State Department for Internal Security & National Administration,0630000,Policy Coordination Services,programme,,programme,,,1595378276,1773234857,1858609514,1937137844,155,yes
fy-2026-27-program-based-1011-2151,1026,State Department for Internal Security & National Administration,0632010,National Government Administration Coordination Services,subprogramme,,programme,,,21345522411,25455885842,26766512493,28061588962,155,yes
fy-2026-27-program-based-1011-2151,1026,State Department for Internal Security & National Administration,0632000,National Government Field Administration Services,programme,,programme,,,21345522411,25455885842,26766512493,28061588962,155,yes
fy-2026-27-program-based-1011-2151,1026,State Department for Internal Security & National Administration,,,vote,,vote_total,,Total Expenditure,56364474539,55505641898,58248608619,59857101019,155,yes
fy-2026-27-program-based-1011-2151,1032,State Department for Devolution,0712010,Management of devolution affairs,subprogramme,,programme,,,68123818,37087052,45306334,47303962,168,yes
fy-2026-27-program-based-1011-2151,1032,State Department for Devolution,0712020,Intergovernmental Relations,subprogramme,,programme,,,839575357,1019953548,1087648149,1158355683,168,yes
fy-2026-27-program-based-1011-2151,1032,State Department for Devolution,0712030,Capacity building and Civic Education,subprogramme,,programme,,,14218063449,10495055122,1034176709,934089473,168,yes
fy-2026-27-program-based-1011-2151,1032,State Department for Devolution,0712040,Administrative Services,subprogramme,,programme,,,385027634,410981717,485632375,502040209,168,yes
fy-2026-27-program-based-1011-2151,1032,State Department for Devolution,0712050,Finance Management Services,subprogramme,,programme,,,36083194,31196328,38613935,39987050,168,yes
fy-2026-27-program-based-1011-2151,1032,State Department for Devolution,0712060,Information Communication and Technology Services,subprogramme,,programme,,,2824637,2703990,4222498,4323623,168,yes
fy-2026-27-program-based-1011-2151,1032,State Department for Devolution,0712000,Devolution Services,programme,,programme,,,15549698089,11996977757,2695600000,2686100000,168,yes
fy-2026-27-program-based-1011-2151,1032,State Department for Devolution,,,vote,,vote_total,,Total Expenditure,15549698089,11996977757,2695600000,2686100000,168,yes
fy-2026-27-program-based-1011-2151,1033,State Department for Special Programmes,0713010,Relief & Rehabilitation,subprogramme,,programme,,,12600000000,0,0,0,177,yes
fy-2026-27-program-based-1011-2151,1033,State Department for Special Programmes,0713000,Special Initiatives,programme,,programme,,,12600000000,0,0,0,177,yes
fy-2026-27-program-based-1011-2151,1033,State Department for Special Programmes,0733020,Drought Management,subprogramme,,programme,,,1093566639,0,0,0,177,yes
fy-2026-27-program-based-1011-2151,1033,State Department for Special Programmes,0733030,Administrative Services,subprogramme,,programme,,,280663367,0,0,0,177,yes
fy-2026-27-program-based-1011-2151,1033,State Department for Special Programmes,0733000,Accelerated ASAL Development,programme,,programme,,,1374230006,0,0,0,177,yes
fy-2026-27-program-based-1011-2151,1033,State Department for Special Programmes,0776010,Disaster Risk Reduction Services,subprogramme,,programme,,,0,165000000,263000000,320000000,177,yes
fy-2026-27-program-based-1011-2151,1033,State Department for Special Programmes,0776020,"Relief, Rehabilitation & Recovery Services",subprogramme,,programme,,,0,321415463,342574400,368660220,177,yes
fy-2026-27-program-based-1011-2151,1033,State Department for Special Programmes,0776030,General Administration & Support Services,subprogramme,,programme,,,0,322843729,372953816,384715596,177,yes
fy-2026-27-program-based-1011-2151,1033,State Department for Special Programmes,0776000,Disaster Risk Management,programme,,programme,,,0,809259192,978528216,1073375816,177,yes
fy-2026-27-program-based-1011-2151,1033,State Department for Special Programmes,,,vote,,vote_total,,Total Expenditure,13974230006,809259192,978528216,1073375816,177,yes
fy-2026-27-program-based-1011-2151,1036,State Department for the ASALs and Regional Development,0733010,ASAL Development,subprogramme,,programme,,,119504563,174880396,202940834,212655062,194,yes
fy-2026-27-program-based-1011-2151,1036,State Department for the ASALs and Regional Development,0733020,Drought Management,subprogramme,,programme,,,8056166845,6833735793,7585065623,7385889924,194,yes
fy-2026-27-program-based-1011-2151,1036,State Department for the ASALs and Regional Development,0733040,Peace and Conflict Management,subprogramme,,programme,,,26520901,27494846,28370170,29788821,194,yes
fy-2026-27-program-based-1011-2151,1036,State Department for the ASALs and Regional Development,0733000,Accelerated ASAL Development,programme,,programme,,,8202192309,7036111035,7816376627,7628333807,194,yes
fy-2026-27-program-based-1011-2151,1036,State Department for the ASALs and Regional Development,0743010,Administrative Services,subprogramme,,programme,,,259413462,353233822,285907623,297870706,194,yes
fy-2026-27-program-based-1011-2151,1036,State Department for the ASALs and Regional Development,0743020,Financial Management Services,subprogramme,,programme,,,10949560,9285480,9481695,9683796,194,yes
fy-2026-27-program-based-1011-2151,1036,State Department for the ASALs and Regional Development,0743000,"General Administration, Planning and Support Services",programme,,programme,,,270363022,362519302,295389318,307554502,194,yes
fy-2026-27-program-based-1011-2151,1036,State Department for the ASALs and Regional Development,1013010,Integrated basin based Development,subprogramme,,programme,,,6125790327,3517265336,3613574055,3537241691,194,yes
fy-2026-27-program-based-1011-2151,1036,State Department for the ASALs and Regional Development,1013000,Integrated Regional Development,programme,,programme,,,6125790327,3517265336,3613574055,3537241691,194,yes
fy-2026-27-program-based-1011-2151,1036,State Department for the ASALs and Regional Development,,,vote,,vote_total,,Total Expenditure,14598345658,10915895673,11725340000,11473130000,194,yes
fy-2026-27-program-based-1011-2151,1041,Ministry of Defence,0801010,National Defense,subprogramme,,programme,,,213745367978,234341500000,241771000000,249353200000,207,yes
fy-2026-27-program-based-1011-2151,1041,Ministry of Defence,0801000,Defence,programme,,programme,,,213745367978,234341500000,241771000000,249353200000,207,yes
fy-2026-27-program-based-1011-2151,1041,Ministry of Defence,0802010,Civil Aid,subprogramme,,programme,,,335000000,335000000,341000000,355800000,207,yes
fy-2026-27-program-based-1011-2151,1041,Ministry of Defence,0802000,Civil Aid,programme,,programme,,,335000000,335000000,341000000,355800000,207,yes
fy-2026-27-program-based-1011-2151,1041,Ministry of Defence,0803010,Administrative and support services,subprogramme,,programme,,,2958567613,3066241899,3193453999,3290404041,207,yes
fy-2026-27-program-based-1011-2151,1041,Ministry of Defence,0803020,Defence Policy and Planning,subprogramme,,programme,,,25060514,33177800,47482999,49382319,207,yes
fy-2026-27-program-based-1011-2151,1041,Ministry of Defence,0803030,Defence Cooperation and Diplomacy,subprogramme,,programme,,,19431800,23797084,30282001,31493279,207,yes
fy-2026-27-program-based-1011-2151,1041,Ministry of Defence,0803040,Defence Financial Management and Oversight,subprogramme,,programme,,,27754993,54480001,70181001,73220361,207,yes
fy-2026-27-program-based-1011-2151,1041,Ministry of Defence,0803000,"General Administration, Planning and Support Services",programme,,programme,,,3030814920,3177696784,3341400000,3444500000,207,yes
fy-2026-27-program-based-1011-2151,1041,Ministry of Defence,0806010,National Space Management,subprogramme,,programme,,,350000000,400000000,580000000,695000000,207,yes
fy-2026-27-program-based-1011-2151,1041,Ministry of Defence,0806020,Defence Industries,subprogramme,,programme,,,8992300000,11759400000,9247400000,8600400000,207,yes
fy-2026-27-program-based-1011-2151,1041,Ministry of Defence,0806000,Defence Industrialization,programme,,programme,,,9342300000,12159400000,9827400000,9295400000,207,yes
fy-2026-27-program-based-1011-2151,1041,Ministry of Defence,,,vote,,vote_total,,Total Expenditure,226453482898,250013596784,255280800000,262448900000,207,yes
fy-2026-27-program-based-1011-2151,1053,State Department for Foreign Affairs,0714010,Administration services,subprogramme,,programme,,,4096175425,4009631792,4560776304,4734539965,230,yes
fy-2026-27-program-based-1011-2151,1053,State Department for Foreign Affairs,0714000,General Administration Planning and Support Services,programme,,programme,,,4096175425,4009631792,4560776304,4734539965,230,yes
fy-2026-27-program-based-1011-2151,1053,State Department for Foreign Affairs,0715010,Management of Kenya missions abroad,subprogramme,,programme,,,16733282014,17486444543,18177654299,18831921693,230,yes
fy-2026-27-program-based-1011-2151,1053,State Department for Foreign Affairs,0715020,Infrastructure Development for Missions,subprogramme,,programme,,,1958300000,1913200000,2310000000,3335000000,230,yes
fy-2026-27-program-based-1011-2151,1053,State Department for Foreign Affairs,0715030,"Management of International Treaties, Agreements and Conventions",subprogramme,,programme,,,30996703,44370279,62019703,67139709,230,yes
fy-2026-27-program-based-1011-2151,1053,State Department for Foreign Affairs,0715040,Coordination of State Protocol,subprogramme,,programme,,,1864062565,1861243244,2117739503,2395500083,230,yes
fy-2026-27-program-based-1011-2151,1053,State Department for Foreign Affairs,0715060,International Relations and Cooperation,subprogramme,,programme,,,1046252661,1097130532,1193745234,1213866155,230,yes
fy-2026-27-program-based-1011-2151,1053,State Department for Foreign Affairs,0715000,Foreign Relation and Diplomacy,programme,,programme,,,21632893943,22402388598,23861158739,25843427640,230,yes
fy-2026-27-program-based-1011-2151,1053,State Department for Foreign Affairs,0741010,Economic and Commercial Cooperation,subprogramme,,programme,,,47931976,50985040,64554797,67510074,230,yes
fy-2026-27-program-based-1011-2151,1053,State Department for Foreign Affairs,0741000,Economic and Commercial Diplomacy,programme,,programme,,,47931976,50985040,64554797,67510074,230,yes
fy-2026-27-program-based-1011-2151,1053,State Department for Foreign Affairs,0742010,Foreign Policy Research and Analysis,subprogramme,,programme,,,165070966,165203172,210010160,235122321,230,yes
fy-2026-27-program-based-1011-2151,1053,State Department for Foreign Affairs,0742020,Regional Technical Cooperation,subprogramme,,programme,,,150000000,200000000,150000000,150000000,230,yes
fy-2026-27-program-based-1011-2151,1053,State Department for Foreign Affairs,0742000,"Foreign Policy Research, Capacity Dev and Technical Cooperation",programme,,programme,,,315070966,365203172,360010160,385122321,230,yes
fy-2026-27-program-based-1011-2151,1053,State Department for Foreign Affairs,,,vote,,vote_total,,Total Expenditure,26092072310,26828208602,28846500000,31030600000,230,yes
fy-2026-27-program-based-1011-2151,1054,State Department for Diaspora Affairs,0752010,Diaspora Welfare and Rights,subprogramme,,programme,,,317666680,244913453,263242985,279628821,242,yes
fy-2026-27-program-based-1011-2151,1054,State Department for Diaspora Affairs,0752020,Diaspora Liaison Service,subprogramme,,programme,,,44681141,60608721,63895924,65933863,242,yes
fy-2026-27-program-based-1011-2151,1054,State Department for Diaspora Affairs,0752030,"Diaspora Investments, Remittances and International Jobs",subprogramme,,programme,,,33101469,152024066,158210516,160269763,242,yes
fy-2026-27-program-based-1011-2151,1054,State Department for Diaspora Affairs,0752040,"General Administration, Planning and Support Services",subprogramme,,programme,,,363148052,359722680,405250575,419167553,242,yes
fy-2026-27-program-based-1011-2151,1054,State Department for Diaspora Affairs,0752000,Management of Diaspora Affairs,programme,,programme,,,758597342,817268920,890600000,925000000,242,yes
fy-2026-27-program-based-1011-2151,1054,State Department for Diaspora Affairs,,,vote,,vote_total,,Total Expenditure,758597342,817268920,890600000,925000000,242,yes
fy-2026-27-program-based-1011-2151,1064,State Department for Technical Vocational Education and Training,0505010,Technical Accreditation and Quality Assurance,subprogramme,,programme,,,2848757116,2931739180,2961757116,2969757116,262,yes
fy-2026-27-program-based-1011-2151,1064,State Department for Technical Vocational Education and Training,0505020,Technical Trainers and Instructor Services,subprogramme,,programme,,,39538002773,45398333798,47162249125,47626718035,262,yes
fy-2026-27-program-based-1011-2151,1064,State Department for Technical Vocational Education and Training,0505030,Special Needs in Technical and Vocational Education,subprogramme,,programme,,,207142168,207132884,273132884,396132884,262,yes
fy-2026-27-program-based-1011-2151,1064,State Department for Technical Vocational Education and Training,0505040,Infrastructure Development and Expansion,subprogramme,,programme,,,7281623214,8147049447,8602000000,10915000000,262,yes
fy-2026-27-program-based-1011-2151,1064,State Department for Technical Vocational Education and Training,0505000,Technical Vocational Education and Training,programme,,programme,,,49875525271,56684255309,58999139125,61907608035,262,yes
fy-2026-27-program-based-1011-2151,1064,State Department for Technical Vocational Education and Training,0507010,Revitalization of Youth Polytechnics,subprogramme,,programme,,,54066000,69566074,73925511,86023793,262,yes
fy-2026-27-program-based-1011-2151,1064,State Department for Technical Vocational Education and Training,0507000,Youth Training and Development,programme,,programme,,,54066000,69566074,73925511,86023793,262,yes
fy-2026-27-program-based-1011-2151,1064,State Department for Technical Vocational Education and Training,0508010,Headquarters Administrative Services,subprogramme,,programme,,,1118452097,1209392410,1291235364,1398578172,262,yes
fy-2026-27-program-based-1011-2151,1064,State Department for Technical Vocational Education and Training,0508000,"General Administration, Planning and Support Services",programme,,programme,,,1118452097,1209392410,1291235364,1398578172,262,yes
fy-2026-27-program-based-1011-2151,1064,State Department for Technical Vocational Education and Training,,,vote,,vote_total,,Total Expenditure,51048043368,57963213793,60364300000,63392210000,262,yes
fy-2026-27-program-based-1011-2151,1065,State Department for Higher Education,0504010,University Education,subprogramme,,programme,,,93566126211,73389564068,72723724418,72646865215,280,yes
fy-2026-27-program-based-1011-2151,1065,State Department for Higher Education,0504020,Quality Assurance and Standards,subprogramme,,programme,,,529938964,569438964,653738964,653738964,280,yes
fy-2026-27-program-based-1011-2151,1065,State Department for Higher Education,0504030,Higher Education Support Services,subprogramme,,programme,,,66969091356,89854210581,108877723333,126739923543,280,yes
fy-2026-27-program-based-1011-2151,1065,State Department for Higher Education,0504000,University Education,programme,,programme,,,161065156531,163813213613,182255186715,200040527722,280,yes
fy-2026-27-program-based-1011-2151,1065,State Department for Higher Education,0508010,Headquarters Administrative Services,subprogramme,,programme,,,349026803,312734954,368703285,402922278,280,yes
fy-2026-27-program-based-1011-2151,1065,State Department for Higher Education,0508000,"General Administration, Planning and Support Services",programme,,programme,,,349026803,312734954,368703285,402922278,280,yes
fy-2026-27-program-based-1011-2151,1065,State Department for Higher Education,,,vote,,vote_total,,Total Expenditure,161414183334,164125948567,182623890000,200443450000,280,yes
fy-2026-27-program-based-1011-2151,1066,State Department for Basic Education,0501010,Free Primary Education,subprogramme,,programme,,,17941657706,15838300804,18561617534,22027833830,298,yes
fy-2026-27-program-based-1011-2151,1066,State Department for Basic Education,0501020,Special Needs Education,subprogramme,,programme,,,1047232800,1254721767,1068032800,1118032800,298,yes
fy-2026-27-program-based-1011-2151,1066,State Department for Basic Education,0501040,Early Child Development and Education,subprogramme,,programme,,,19206374,22772373,23233289,23664803,298,yes
fy-2026-27-program-based-1011-2151,1066,State Department for Basic Education,0501050,Primary Teachers Training and In-servicing,subprogramme,,programme,,,803808908,771526663,704805157,705268323,298,yes
fy-2026-27-program-based-1011-2151,1066,State Department for Basic Education,0501060,Alternative Basic Adult & Continuing Education,subprogramme,,programme,,,59011143,0,0,0,298,yes
fy-2026-27-program-based-1011-2151,1066,State Department for Basic Education,0501070,"School Health, Nutrition and Meals",subprogramme,,programme,,,4900000000,3000000000,4000000000,5000000000,298,yes
fy-2026-27-program-based-1011-2151,1066,State Department for Basic Education,0501080,Expanding Education Opportunities in ASALs,subprogramme,,programme,,,785000000,980200000,1001000000,964000000,298,yes
fy-2026-27-program-based-1011-2151,1066,State Department for Basic Education,0501000,Primary Education,programme,,programme,,,25555916931,21867521607,25358688780,29838799756,298,yes
fy-2026-27-program-based-1011-2151,1066,State Department for Basic Education,0502020,Free Day Secondary Education,subprogramme,,programme,,,85591084562,92952184844,93266141955,102854366329,298,yes
fy-2026-27-program-based-1011-2151,1066,State Department for Basic Education,0502030,Secondary Teachers Education Services,subprogramme,,programme,,,408520983,646265353,686520983,683520983,298,yes
fy-2026-27-program-based-1011-2151,1066,State Department for Basic Education,0502040,Secondary Teachers In-Service,subprogramme,,programme,,,310824419,224949686,230824419,230824419,298,yes
fy-2026-27-program-based-1011-2151,1066,State Department for Basic Education,0502050,Special Needs education,subprogramme,,programme,,,280000000,271600000,280000000,280000000,298,yes
fy-2026-27-program-based-1011-2151,1066,State Department for Basic Education,0502000,Secondary Education,programme,,programme,,,86590429964,94094999883,94463487357,104048711731,298,yes
fy-2026-27-program-based-1011-2151,1066,State Department for Basic Education,0503010,Curriculum Development,subprogramme,,programme,,,995399403,1115787421,1290399403,1290399403,298,yes
fy-2026-27-program-based-1011-2151,1066,State Department for Basic Education,0503020,Examination and Certification,subprogramme,,programme,,,10743514317,11770477691,12658511691,12705511691,298,yes
fy-2026-27-program-based-1011-2151,1066,State Department for Basic Education,0503030,Co-Curriculum Activities,subprogramme,,programme,,,1285763272,1364466129,1502344490,1611171439,298,yes
fy-2026-27-program-based-1011-2151,1066,State Department for Basic Education,0503000,Quality Assurance and Standards,programme,,programme,,,13024676992,14250731241,15451255584,15607082533,298,yes
fy-2026-27-program-based-1011-2151,1066,State Department for Basic Education,0508010,Headquarters Administrative Services,subprogramme,,programme,,,2328402532,2150972660,2180980550,2193145652,298,yes
fy-2026-27-program-based-1011-2151,1066,State Department for Basic Education,0508020,County Administrative Services,subprogramme,,programme,,,3672614215,2971670377,3076564237,3130976836,298,yes
fy-2026-27-program-based-1011-2151,1066,State Department for Basic Education,0508000,"General Administration, Planning and Support Services",programme,,programme,,,6001016747,5122643037,5257544787,5324122488,298,yes
fy-2026-27-program-based-1011-2151,1066,State Department for Basic Education,,,vote,,vote_total,,Total Expenditure,131172040634,135335895768,140530976508,154818716508,298,yes
fy-2026-27-program-based-1011-2151,1067,"State Department for Science, Innovation and Research",0506010,Research Management and Development,subprogramme,,programme,,,287449300,439242601,346511983,390152142,312,yes
fy-2026-27-program-based-1011-2151,1067,"State Department for Science, Innovation and Research",0506020,Knowledge and Innovation Development and Commercialization,subprogramme,,programme,,,242673250,266591278,307900000,349585000,312,yes
fy-2026-27-program-based-1011-2151,1067,"State Department for Science, Innovation and Research",0506030,Science and Technology Development and Promotion,subprogramme,,programme,,,313343201,306640951,353820000,401722000,312,yes
fy-2026-27-program-based-1011-2151,1067,"State Department for Science, Innovation and Research",0506040,General Administration and Support Services,subprogramme,,programme,,,226090750,243652737,246948017,276290858,312,yes
fy-2026-27-program-based-1011-2151,1067,"State Department for Science, Innovation and Research",0506000,"Research, Science, Technology and Innovation",programme,,programme,,,1069556501,1256127567,1255180000,1417750000,312,yes
fy-2026-27-program-based-1011-2151,1067,"State Department for Science, Innovation and Research",,,vote,,vote_total,,Total Expenditure,1069556501,1256127567,1255180000,1417750000,312,yes
fy-2026-27-program-based-1011-2151,1071,The National Treasury,0717010,Administration Services,subprogramme,,programme,,,33391316368,36606643959,43365506880,59283163235,330,yes
fy-2026-27-program-based-1011-2151,1071,The National Treasury,0717020,Human Resources Management Services,subprogramme,,programme,,,126452292,114541790,120241464,123395652,330,yes
fy-2026-27-program-based-1011-2151,1071,The National Treasury,0717030,Financial Services,subprogramme,,programme,,,48290046000,37936500000,41137200000,41261400000,330,yes
fy-2026-27-program-based-1011-2151,1071,The National Treasury,0717040,ICT Services,subprogramme,,programme,,,1650709319,551147721,606154593,718008623,330,yes
fy-2026-27-program-based-1011-2151,1071,The National Treasury,0717000,General Administration Planning and Support Services,programme,,programme,,,83458523979,75208833470,85229102937,101385967510,330,yes
fy-2026-27-program-based-1011-2151,1071,The National Treasury,0718010,Resource Mobilization,subprogramme,,programme,,,10747709337,12769854017,14036052348,6116968908,330,yes
fy-2026-27-program-based-1011-2151,1071,The National Treasury,0718020,Budget Formulation Coordination and Management,subprogramme,,programme,,,10873941326,18216285747,30778255305,34793309709,330,yes
fy-2026-27-program-based-1011-2151,1071,The National Treasury,0718030,Audit Services,subprogramme,,programme,,,961012661,1022126311,1077511730,1107694892,330,yes
fy-2026-27-program-based-1011-2151,1071,The National Treasury,0718040,Accounting Services,subprogramme,,programme,,,4780571826,4379743414,87503827617,98580704153,330,yes
fy-2026-27-program-based-1011-2151,1071,The National Treasury,0718060,Public Financial Management Reforms,subprogramme,,programme,,,668016280,389438260,579215200,686497300,330,yes
fy-2026-27-program-based-1011-2151,1071,The National Treasury,0718070,Government Investment and Assets,subprogramme,,programme,,,1822260000,2441072000,2573100000,2785700000,330,yes
fy-2026-27-program-based-1011-2151,1071,The National Treasury,0718000,Public Financial Management,programme,,programme,,,29853511430,39218519749,136547962200,144070874962,330,yes
fy-2026-27-program-based-1011-2151,1071,The National Treasury,0719010,"Fiscal Policy Formulation, Development and Management",subprogramme,,programme,,,14153946633,15690027756,1441007768,1568380708,330,yes
fy-2026-27-program-based-1011-2151,1071,The National Treasury,0719020,Debt Management,subprogramme,,programme,,,175474712,164782562,179120213,188586938,330,yes
fy-2026-27-program-based-1011-2151,1071,The National Treasury,0719040,Microfinance Sector Support and Development,subprogramme,,programme,,,1315384300,1370646020,581954500,546337500,330,yes
fy-2026-27-program-based-1011-2151,1071,The National Treasury,0719000,Economic and Financial Policy Formulation and Management,programme,,programme,,,15644805645,17225456338,2202082481,2303305146,330,yes
fy-2026-27-program-based-1011-2151,1071,The National Treasury,0720010,Elimination of Restrictive Trade Practices,subprogramme,,programme,,,628244000,814923680,774500000,808600000,330,yes
fy-2026-27-program-based-1011-2151,1071,The National Treasury,0720000,Market Competition,programme,,programme,,,628244000,814923680,774500000,808600000,330,yes
fy-2026-27-program-based-1011-2151,1071,The National Treasury,,,vote,,vote_total,,Total Expenditure,129585085054,132467733237,224753647618,248568747618,330,yes
fy-2026-27-program-based-1011-2151,1072,State Department for Economic Planning,0771000,Monitoring and Evaluation Services,programme,,programme,,,274358922,398333960,233107098,232558490,348,yes
fy-2026-27-program-based-1011-2151,1072,State Department for Economic Planning,0707020,Surveys,subprogramme,,programme,,,4043278247,1509539000,3228000000,3186700000,348,yes
fy-2026-27-program-based-1011-2151,1072,State Department for Economic Planning,0707000,National Statistical Information Services,programme,,programme,,,4043278247,1509539000,3228000000,3186700000,348,yes
fy-2026-27-program-based-1011-2151,1072,State Department for Economic Planning,0709010,Human Resources and Support Services,subprogramme,,programme,,,761183199,481027769,538257220,558330907,348,yes
fy-2026-27-program-based-1011-2151,1072,State Department for Economic Planning,0709020,Financial Management Services,subprogramme,,programme,,,68537223,77685893,86666068,89805255,348,yes
fy-2026-27-program-based-1011-2151,1072,State Department for Economic Planning,0709030,Information Communications Services,subprogramme,,programme,,,32588420,42422068,50953038,52958320,348,yes
fy-2026-27-program-based-1011-2151,1072,State Department for Economic Planning,0709000,General Administration Planning and Support Services,programme,,programme,,,862308842,601135730,675876326,701094482,348,yes
fy-2026-27-program-based-1011-2151,1072,State Department for Economic Planning,0774010,Macro-economic policy and National Development Planning,subprogramme,,programme,,,217987600,240668190,241287056,257044212,348,yes
fy-2026-27-program-based-1011-2151,1072,State Department for Economic Planning,0774020,International economic Partnerships and Frameworks Coordination,subprogramme,,programme,,,440481302,445117066,492173245,525029263,348,yes
fy-2026-27-program-based-1011-2151,1072,State Department for Economic Planning,0774030,Policy Research,subprogramme,,programme,,,911081290,818741663,1042042733,1150179429,348,yes
fy-2026-27-program-based-1011-2151,1072,State Department for Economic Planning,0774000,"Macro-economic Policy, National Planning and Research",programme,,programme,,,1569550192,1504526919,1775503034,1932252904,348,yes
fy-2026-27-program-based-1011-2151,1072,State Department for Economic Planning,0775010,Sectoral Development Planning Coordination,subprogramme,,programme,,,56909846,75943179,87770427,94797357,348,yes
fy-2026-27-program-based-1011-2151,1072,State Department for Economic Planning,0775020,Population Policy Management,subprogramme,,programme,,,432530000,405120000,1152000000,1384700000,348,yes
fy-2026-27-program-based-1011-2151,1072,State Department for Economic Planning,0775030,Intergovernmental Development Planning Coordination,subprogramme,,programme,,,207071640,176187927,189196382,192550034,348,yes
fy-2026-27-program-based-1011-2151,1072,State Department for Economic Planning,0775040,Community Development,subprogramme,,programme,,,59197728147,61797700000,63004400000,62720500000,348,yes
fy-2026-27-program-based-1011-2151,1072,State Department for Economic Planning,0775000,Sectoral & Intergovernmental Development Planning Coordination,programme,,programme,,,59894239633,62454951106,64433366809,64392547391,348,yes
fy-2026-27-program-based-1011-2151,1072,State Department for Economic Planning,,,vote,,vote_total,,Total Expenditure,66643735836,66468486715,70345853267,70445153267,348,yes
fy-2026-27-program-based-1011-2151,1073,State Department for Public Investments and Assets Management,0718010,Resource Mobilization,subprogramme,,programme,,,53571750,0,0,0,365,yes
fy-2026-27-program-based-1011-2151,1073,State Department for Public Investments and Assets Management,0718050,Supply Chain Management Services,subprogramme,,programme,,,2615425678,0,0,0,365,yes
fy-2026-27-program-based-1011-2151,1073,State Department for Public Investments and Assets Management,0718070,Government Investment and Assets,subprogramme,,programme,,,852531470,0,0,0,365,yes
fy-2026-27-program-based-1011-2151,1073,State Department for Public Investments and Assets Management,0718080,Administrative Support Services,subprogramme,,programme,,,1087577347,0,0,0,365,yes
fy-2026-27-program-based-1011-2151,1073,State Department for Public Investments and Assets Management,0718000,Public Financial Management,programme,,programme,,,4609106245,0,0,0,365,yes
fy-2026-27-program-based-1011-2151,1073,State Department for Public Investments and Assets Management,0777010,Public Private Partnership Management,subprogramme,,programme,,,0,51963590,57197949,60057849,365,yes
fy-2026-27-program-based-1011-2151,1073,State Department for Public Investments and Assets Management,0777020,Public Investment Management Services,subprogramme,,programme,,,0,1889100232,805552975,847002259,365,yes
fy-2026-27-program-based-1011-2151,1073,State Department for Public Investments and Assets Management,0777000,Public Investment & Portfolio Management,programme,,programme,,,0,1941063822,862750924,907060108,365,yes
fy-2026-27-program-based-1011-2151,1073,State Department for Public Investments and Assets Management,0778010,Pension Services,subprogramme,,programme,,,0,123076395,128076783,129345625,365,yes
fy-2026-27-program-based-1011-2151,1073,State Department for Public Investments and Assets Management,0778000,Public Pensions & Retirement Benefits Management,programme,,programme,,,0,123076395,128076783,129345625,365,yes
fy-2026-27-program-based-1011-2151,1073,State Department for Public Investments and Assets Management,0779010,Public Asset Management Services,subprogramme,,programme,,,0,43201846,56691909,59959063,365,yes
fy-2026-27-program-based-1011-2151,1073,State Department for Public Investments and Assets Management,0779020,Public Procurement Services,subprogramme,,programme,,,0,1653187694,2221968735,2427095183,365,yes
fy-2026-27-program-based-1011-2151,1073,State Department for Public Investments and Assets Management,0779000,Government Assets Management,programme,,programme,,,0,1696389540,2278660644,2487054246,365,yes
fy-2026-27-program-based-1011-2151,1073,State Department for Public Investments and Assets Management,0780010,Administrative Services,subprogramme,,programme,,,0,660509219,750144444,805133968,365,yes
fy-2026-27-program-based-1011-2151,1073,State Department for Public Investments and Assets Management,0780020,Human Resource Management Services,subprogramme,,programme,,,0,5166000,6780379,7119393,365,yes
fy-2026-27-program-based-1011-2151,1073,State Department for Public Investments and Assets Management,0780030,Financial Management Services,subprogramme,,programme,,,0,75777229,107260442,130728960,365,yes
fy-2026-27-program-based-1011-2151,1073,State Department for Public Investments and Assets Management,0780040,Planning Services,subprogramme,,programme,,,0,5698350,7375727,7744511,365,yes
fy-2026-27-program-based-1011-2151,1073,State Department for Public Investments and Assets Management,0780050,ICT Services,subprogramme,,programme,,,0,4000500,5250657,5513189,365,yes
fy-2026-27-program-based-1011-2151,1073,State Department for Public Investments and Assets Management,0780000,"General Administration, Planning and Support Services",programme,,programme,,,0,751151298,876811649,956240021,365,yes
fy-2026-27-program-based-1011-2151,1073,State Department for Public Investments and Assets Management,,,vote,,vote_total,,Total Expenditure,4609106245,4511681055,4146300000,4479700000,365,yes
fy-2026-27-program-based-1011-2151,1082,State Department for Medical Services,0402010,National Referral Services,subprogramme,,programme,,,48895470227,49748993276,58552526440,64023700150,397,yes
fy-2026-27-program-based-1011-2151,1082,State Department for Medical Services,0402060,Health Infrastructure and Equipment,subprogramme,,programme,,,4106605217,1876100000,1593000000,2338000000,397,yes
fy-2026-27-program-based-1011-2151,1082,State Department for Medical Services,0402080,National Blood Transfusion Services,subprogramme,,programme,,,1152797150,852971439,1258491125,1459154973,397,yes
fy-2026-27-program-based-1011-2151,1082,State Department for Medical Services,0402090,Health Products and Technologies,subprogramme,,programme,,,5637935587,21762926187,22541170463,21455219068,397,yes
fy-2026-27-program-based-1011-2151,1082,State Department for Medical Services,0402000,National Referral & Specialized Services,programme,,programme,,,59792808181,74240990902,83945188028,89276074191,397,yes
fy-2026-27-program-based-1011-2151,1082,State Department for Medical Services,0410010,Communicable Disease Control,subprogramme,,programme,,,8576316877,4750239106,6152733194,4371281199,397,yes
fy-2026-27-program-based-1011-2151,1082,State Department for Medical Services,0410020,Non-Communicable Diseases Prevention and Control,subprogramme,,programme,,,762842334,1528069677,1795213648,516944067,397,yes
fy-2026-27-program-based-1011-2151,1082,State Department for Medical Services,0410030,Reproductive Maternal New Born Child Adolescent Health (RMNCAH),subprogramme,,programme,,,4753591865,5739973824,6616787165,4834112051,397,yes
fy-2026-27-program-based-1011-2151,1082,State Department for Medical Services,0410040,Immunization Management,subprogramme,,programme,,,15598278885,6425864792,6428152958,5929123070,397,yes
fy-2026-27-program-based-1011-2151,1082,State Department for Medical Services,0410000,Curative & Reproductive Maternal New Born Child Adolescent Health RMNCAH,programme,,programme,,,29691029961,18444147399,20992886965,15651460387,397,yes
fy-2026-27-program-based-1011-2151,1082,State Department for Medical Services,0411010,Health Innovations,subprogramme,,programme,,,383850000,626205317,820540000,320540000,397,yes
fy-2026-27-program-based-1011-2151,1082,State Department for Medical Services,0411020,Medical Research,subprogramme,,programme,,,2949276000,3367000000,3972000000,3672000000,397,yes
fy-2026-27-program-based-1011-2151,1082,State Department for Medical Services,0411000,Health Research and Innovations,programme,,programme,,,3333126000,3993205317,4792540000,3992540000,397,yes
fy-2026-27-program-based-1011-2151,1082,State Department for Medical Services,0412010,General Administration & Human Resource Management & Development,subprogramme,,programme,,,3002215540,3976657275,4114783528,4205561744,397,yes
fy-2026-27-program-based-1011-2151,1082,State Department for Medical Services,0412020,Finance and Planning,subprogramme,,programme,,,61502384,88612082,92416479,92738678,397,yes
fy-2026-27-program-based-1011-2151,1082,State Department for Medical Services,0412030,Social Protection in Health,subprogramme,,programme,,,31264095929,32229315000,38013245000,41629315000,397,yes
fy-2026-27-program-based-1011-2151,1082,State Department for Medical Services,0412000,General Administration,programme,,programme,,,34327813853,36294584357,42220445007,45927615422,397,yes
fy-2026-27-program-based-1011-2151,1082,State Department for Medical Services,,,vote,,vote_total,,Total Expenditure,127144777995,132972927975,151951060000,154847690000,397,yes
fy-2026-27-program-based-1011-2151,1083,State Department for Public Health and Professional Standards,0406010,Communicable Disease Prevention and Control,subprogramme,,programme,,,2762524533,3434219976,2873858178,3128730153,420,yes
fy-2026-27-program-based-1011-2151,1083,State Department for Public Health and Professional Standards,0406020,Disease Surveillance and Response,subprogramme,,programme,,,621550659,470685206,495953615,515402712,420,yes
fy-2026-27-program-based-1011-2151,1083,State Department for Public Health and Professional Standards,0406030,Public Health Services,subprogramme,,programme,,,1710093698,1527823714,1858026469,2154479483,420,yes
fy-2026-27-program-based-1011-2151,1083,State Department for Public Health and Professional Standards,0406040,Radiation Safety and Nuclear Security,subprogramme,,programme,,,199176025,304190744,333860000,401240000,420,yes
fy-2026-27-program-based-1011-2151,1083,State Department for Public Health and Professional Standards,0406050,Primary Health Care,subprogramme,,programme,,,3816444611,8679019051,12719645331,11362038109,420,yes
fy-2026-27-program-based-1011-2151,1083,State Department for Public Health and Professional Standards,0406000,Preventive and Promotive Health Services,programme,,programme,,,9109789526,14415938691,18281343593,17561890457,420,yes
fy-2026-27-program-based-1011-2151,1083,State Department for Public Health and Professional Standards,0407010,Capacity Building and Training,subprogramme,,programme,,,9990715125,11651711531,10667750000,12589500000,420,yes
fy-2026-27-program-based-1011-2151,1083,State Department for Public Health and Professional Standards,0407020,Research and Innovation on Health,subprogramme,,programme,,,1030400550,975113534,1032900000,1526400000,420,yes
fy-2026-27-program-based-1011-2151,1083,State Department for Public Health and Professional Standards,0407030,Health Profession Services,subprogramme,,programme,,,10002180341,9554989300,9452185993,9479584055,420,yes
fy-2026-27-program-based-1011-2151,1083,State Department for Public Health and Professional Standards,0407000,Health Resources Development and Innovation,programme,,programme,,,21023296016,22181814365,21152835993,23595484055,420,yes
fy-2026-27-program-based-1011-2151,1083,State Department for Public Health and Professional Standards,0408010,Health Standards and Quality Assurance,subprogramme,,programme,,,4402570135,4870956116,5669707274,7333888138,420,yes
fy-2026-27-program-based-1011-2151,1083,State Department for Public Health and Professional Standards,0408020,Health Policy and Regulations,subprogramme,,programme,,,89439603,170770444,183621415,194619914,420,yes
fy-2026-27-program-based-1011-2151,1083,State Department for Public Health and Professional Standards,0408000,"Health Policy, Standards and Regulations",programme,,programme,,,4492009738,5041726560,5853328689,7528508052,420,yes
fy-2026-27-program-based-1011-2151,1083,State Department for Public Health and Professional Standards,0412010,General Administration & Human Resource Management & Development,subprogramme,,programme,,,3063222238,792710265,756288338,804003052,420,yes
fy-2026-27-program-based-1011-2151,1083,State Department for Public Health and Professional Standards,0412020,Finance and Planning,subprogramme,,programme,,,36259430,132776260,190723387,193914384,420,yes
fy-2026-27-program-based-1011-2151,1083,State Department for Public Health and Professional Standards,0412000,General Administration,programme,,programme,,,3099481668,925486525,947011725,997917436,420,yes
fy-2026-27-program-based-1011-2151,1083,State Department for Public Health and Professional Standards,,,vote,,vote_total,,Total Expenditure,37724576948,42564966141,46234520000,49683800000,420,yes
fy-2026-27-program-based-1011-2151,1091,State Department for Roads,0202010,Construction of Roads and Bridges,subprogramme,,programme,,,51614416969,48100610917,66851864484,86576941294,454,yes
fy-2026-27-program-based-1011-2151,1091,State Department for Roads,0202020,Rehabilitation of Roads,subprogramme,,programme,,,82330465888,64168539161,64840635516,66251058706,454,yes
fy-2026-27-program-based-1011-2151,1091,State Department for Roads,0202030,Maintenance of Roads,subprogramme,,programme,,,115582269200,118070000000,119043000000,120381000000,454,yes
fy-2026-27-program-based-1011-2151,1091,State Department for Roads,0202060,"General Administration, Planning and Support Services",subprogramme,,programme,,,4846262526,4322915160,5119500000,5430000000,454,yes
fy-2026-27-program-based-1011-2151,1091,State Department for Roads,0202000,Road Transport,programme,,programme,,,254373414583,234662065238,255855000000,278639000000,454,yes
fy-2026-27-program-based-1011-2151,1091,State Department for Roads,,,vote,,vote_total,,Total Expenditure,254373414583,234662065238,255855000000,278639000000,454,yes
fy-2026-27-program-based-1011-2151,1092,State Department for Transport,0201010,"General Administration, Planning and Support Services",subprogramme,,programme,,,3455378135,3498234991,4659023688,5082000000,469,yes
fy-2026-27-program-based-1011-2151,1092,State Department for Transport,0201030,Financial Management Services,subprogramme,,programme,,,6421277,0,0,0,469,yes
fy-2026-27-program-based-1011-2151,1092,State Department for Transport,0201040,Information Communications Services,subprogramme,,programme,,,193506040,0,0,0,469,yes
fy-2026-27-program-based-1011-2151,1092,State Department for Transport,0201000,"General Administration, Planning and Support Services",programme,,programme,,,3655305452,3498234991,4659023688,5082000000,469,yes
fy-2026-27-program-based-1011-2151,1092,State Department for Transport,0203010,Rail Transport,subprogramme,,programme,,,51822303261,49317112803,46533976312,46318000000,469,yes
fy-2026-27-program-based-1011-2151,1092,State Department for Transport,0203000,Rail Transport,programme,,programme,,,51822303261,49317112803,46533976312,46318000000,469,yes
fy-2026-27-program-based-1011-2151,1092,State Department for Transport,0204010,Marine Transport,subprogramme,,programme,,,7416781924,5425800001,12757000000,15097000000,469,yes
fy-2026-27-program-based-1011-2151,1092,State Department for Transport,0204000,Marine Transport,programme,,programme,,,7416781924,5425800001,12757000000,15097000000,469,yes
fy-2026-27-program-based-1011-2151,1092,State Department for Transport,0216010,Road Safety,subprogramme,,programme,,,5138918103,5660156344,4982000000,5184000000,469,yes
fy-2026-27-program-based-1011-2151,1092,State Department for Transport,0216000,Road Safety,programme,,programme,,,5138918103,5660156344,4982000000,5184000000,469,yes
fy-2026-27-program-based-1011-2151,1092,State Department for Transport,,,vote,,vote_total,,Total Expenditure,68033308740,63901304139,68932000000,71681000000,469,yes
fy-2026-27-program-based-1011-2151,1093,State Department for Shipping and Maritime Affairs,0220010,Administrative Services,subprogramme,,programme,,,230965164,243868460,280557558,360369613,482,yes
fy-2026-27-program-based-1011-2151,1093,State Department for Shipping and Maritime Affairs,0220020,Shipping Affairs,subprogramme,,programme,,,222273835,1508104009,2066760924,2149610386,482,yes
fy-2026-27-program-based-1011-2151,1093,State Department for Shipping and Maritime Affairs,0220030,Maritime Affairs,subprogramme,,programme,,,5800231422,5095049196,3699681518,3863020001,482,yes
fy-2026-27-program-based-1011-2151,1093,State Department for Shipping and Maritime Affairs,0220000,Shipping and Maritime Affairs,programme,,programme,,,6253470421,6847021665,6047000000,6373000000,482,yes
fy-2026-27-program-based-1011-2151,1093,State Department for Shipping and Maritime Affairs,,,vote,,vote_total,,Total Expenditure,6253470421,6847021665,6047000000,6373000000,482,yes
fy-2026-27-program-based-1011-2151,1094,State Department for Housing & Urban Development,0102010,Housing Development,subprogramme,,programme,,,7440625340,4466721905,2552006554,2065832233,496,yes
fy-2026-27-program-based-1011-2151,1094,State Department for Housing & Urban Development,0102020,Estate Management,subprogramme,,programme,,,1305605284,1299471418,1345881208,1357930789,496,yes
fy-2026-27-program-based-1011-2151,1094,State Department for Housing & Urban Development,0102030,Delivery of Affordable and Social Housing Units,subprogramme,,programme,,,124000200000,112284200000,362452200000,332550200000,496,yes
fy-2026-27-program-based-1011-2151,1094,State Department for Housing & Urban Development,0102000,Housing Development and Human Settlement,programme,,programme,,,132746430624,118050393323,366350087762,335973963022,496,yes
fy-2026-27-program-based-1011-2151,1094,State Department for Housing & Urban Development,0105020,Metropolitan Planning & Infrastructure Development,subprogramme,,programme,,,867212020,408436941,463356552,561024029,496,yes
fy-2026-27-program-based-1011-2151,1094,State Department for Housing & Urban Development,0105040,Urban Development and Planning Services,subprogramme,,programme,,,13707424795,19288448515,15225773299,1081449058,496,yes
fy-2026-27-program-based-1011-2151,1094,State Department for Housing & Urban Development,0105000,Urban and Metropolitan Development,programme,,programme,,,14574636815,19696885456,15689129851,1642473087,496,yes
fy-2026-27-program-based-1011-2151,1094,State Department for Housing & Urban Development,0106010,"Administration, Planning & Support Services",subprogramme,,programme,,,591584624,521073027,536782387,566563891,496,yes
fy-2026-27-program-based-1011-2151,1094,State Department for Housing & Urban Development,0106000,General Administration Planning and Support Services,programme,,programme,,,591584624,521073027,536782387,566563891,496,yes
fy-2026-27-program-based-1011-2151,1094,State Department for Housing & Urban Development,,,vote,,vote_total,,Total Expenditure,147912652063,138268351806,382576000000,338183000000,496,yes
fy-2026-27-program-based-1011-2151,1095,State Department for Public Works,0103010,Development and Maintenance of Government Buildings,subprogramme,,programme,,,1126133727,1359325418,1486568529,1692001507,510,yes
fy-2026-27-program-based-1011-2151,1095,State Department for Public Works,0103030,Design and Creative Services,subprogramme,,programme,,,0,22622436,37076151,56266046,510,yes
fy-2026-27-program-based-1011-2151,1095,State Department for Public Works,0103040,Public Office Accommodation,subprogramme,,programme,,,0,55202842,56666922,58973580,510,yes
fy-2026-27-program-based-1011-2151,1095,State Department for Public Works,0103000,Public Buildings,programme,,programme,,,1126133727,1437150696,1580311602,1807241133,510,yes
fy-2026-27-program-based-1011-2151,1095,State Department for Public Works,0104010,Coastline Infrastructure Development,subprogramme,,programme,,,107217373,614415769,345844365,721139231,510,yes
fy-2026-27-program-based-1011-2151,1095,State Department for Public Works,0104020,Pedestrian access,subprogramme,,programme,,,309000000,469030000,454090000,67600000,510,yes
fy-2026-27-program-based-1011-2151,1095,State Department for Public Works,0104030,Rivers & Lakes Protection Works,subprogramme,,programme,,,0,10000000,40000000,0,510,yes
fy-2026-27-program-based-1011-2151,1095,State Department for Public Works,0104000,"Ocean, Rivers & Lakes Ecosystem Infrastructure",programme,,programme,,,416217373,1093445769,839934365,788739231,510,yes
fy-2026-27-program-based-1011-2151,1095,State Department for Public Works,0106010,"Administration, Planning & Support Services",subprogramme,,programme,,,425513929,388887734,455829805,599758210,510,yes
fy-2026-27-program-based-1011-2151,1095,State Department for Public Works,0106000,General Administration Planning and Support Services,programme,,programme,,,425513929,388887734,455829805,599758210,510,yes
fy-2026-27-program-based-1011-2151,1095,State Department for Public Works,0218010,Regulation of Construction Industry,subprogramme,,programme,,,2778700000,2201590000,2460000000,2673000000,510,yes
fy-2026-27-program-based-1011-2151,1095,State Department for Public Works,0218020,Building Research Services,subprogramme,,programme,,,19162481,39069085,60808246,141736282,510,yes
fy-2026-27-program-based-1011-2151,1095,State Department for Public Works,0218030,Development and Management of Building Standards,subprogramme,,programme,,,92403739,118310311,162816769,172499947,510,yes
fy-2026-27-program-based-1011-2151,1095,State Department for Public Works,0218000,Regulation and Development of the Construction Industry,programme,,programme,,,2890266220,2358969396,2683625015,2987236229,510,yes
fy-2026-27-program-based-1011-2151,1095,State Department for Public Works,,,vote,,vote_total,,Total Expenditure,4858131249,5278453595,5559700787,6182974803,510,yes
fy-2026-27-program-based-1011-2151,1097,State Department for Aviation and Aerospace Development,0205010,Air Transport Services,subprogramme,,programme,,,14885489565,13520551077,13695013572,14034903394,521,yes
fy-2026-27-program-based-1011-2151,1097,State Department for Aviation and Aerospace Development,0205020,Administration and Support Services,subprogramme,,programme,,,126755814,177674416,173513400,219827289,521,yes
fy-2026-27-program-based-1011-2151,1097,State Department for Aviation and Aerospace Development,0205030,Air Accidents Investigations Services,subprogramme,,programme,,,0,207590089,189802028,255077317,521,yes
fy-2026-27-program-based-1011-2151,1097,State Department for Aviation and Aerospace Development,0205040,Space Transportation and Satellite Services,subprogramme,,programme,,,0,6400000,9071000,26000000,521,yes
fy-2026-27-program-based-1011-2151,1097,State Department for Aviation and Aerospace Development,0205000,Aviation and Aerospace Development,programme,,programme,,,15012245379,13912215582,14067400000,14535808000,521,yes
fy-2026-27-program-based-1011-2151,1097,State Department for Aviation and Aerospace Development,,,vote,,vote_total,,Total Expenditure,15012245379,13912215582,14067400000,14535808000,521,yes
fy-2026-27-program-based-1011-2151,1104,State Department for Irrigation,1014020,Land Reclamation,subprogramme,,programme,,,138701009,0,0,0,534,yes
fy-2026-27-program-based-1011-2151,1104,State Department for Irrigation,1014030,Irrigation and Drainage,subprogramme,,programme,,,9963798175,520361083,0,0,534,yes
fy-2026-27-program-based-1011-2151,1104,State Department for Irrigation,1014040,Irrigation Water Management,subprogramme,,programme,,,196111590,0,0,0,534,yes
fy-2026-27-program-based-1011-2151,1104,State Department for Irrigation,1014000,Irrigation and Land Reclamation,programme,,programme,,,10298610774,520361083,0,0,534,yes
fy-2026-27-program-based-1011-2151,1104,State Department for Irrigation,1022010,Water Storage for Irrigation,subprogramme,,programme,,,1236804236,0,0,0,534,yes
fy-2026-27-program-based-1011-2151,1104,State Department for Irrigation,1022020,Water Harvesting for Irrigation,subprogramme,,programme,,,323597000,0,0,0,534,yes
fy-2026-27-program-based-1011-2151,1104,State Department for Irrigation,1022000,Water Harvesting and Storage for Irrigation,programme,,programme,,,1560401236,0,0,0,534,yes
fy-2026-27-program-based-1011-2151,1104,State Department for Irrigation,1023010,Administrative Services,subprogramme,,programme,,,206233564,351401305,373449105,440675105,534,yes
fy-2026-27-program-based-1011-2151,1104,State Department for Irrigation,1023000,"General Administration, Planning and Support Services",programme,,programme,,,206233564,351401305,373449105,440675105,534,yes
fy-2026-27-program-based-1011-2151,1104,State Department for Irrigation,1026010,Large Scale Commercial Irrigation Development,subprogramme,,programme,,,0,1240000000,1280000000,1293000000,534,yes
fy-2026-27-program-based-1011-2151,1104,State Department for Irrigation,1026020,Farmer-Led Irrigation Development,subprogramme,,programme,,,0,175000000,25000000,5284907812,534,yes
fy-2026-27-program-based-1011-2151,1104,State Department for Irrigation,1026030,Community Managed Irrigation Development,subprogramme,,programme,,,0,2552633621,4002109007,1834970195,534,yes
fy-2026-27-program-based-1011-2151,1104,State Department for Irrigation,1026040,Public Irrigation Schemes,subprogramme,,programme,,,0,2844000000,2549000000,2080000000,534,yes
fy-2026-27-program-based-1011-2151,1104,State Department for Irrigation,1026050,Irrigation Policy and Sector Coordination,subprogramme,,programme,,,0,30000000,30000000,30000000,534,yes
fy-2026-27-program-based-1011-2151,1104,State Department for Irrigation,1026000,Irrigation and Drainage Development,programme,,programme,,,0,6841633621,7886109007,10522878007,534,yes
fy-2026-27-program-based-1011-2151,1104,State Department for Irrigation,1027010,Revitalizing Irrigation in ASAL Areas,subprogramme,,programme,,,0,1562642274,1757441888,814446888,534,yes
fy-2026-27-program-based-1011-2151,1104,State Department for Irrigation,1027000,Land Reclamation and Climate Resilience Irrigation Development,programme,,programme,,,0,1562642274,1757441888,814446888,534,yes
fy-2026-27-program-based-1011-2151,1104,State Department for Irrigation,,,vote,,vote_total,,Total Expenditure,12065245574,9276038283,10017000000,11778000000,534,yes
fy-2026-27-program-based-1011-2151,1109,State Department for Water & Sanitation,1001020,Water Policy Management,subprogramme,,programme,,,866853960,450695391,975333228,1693054815,559,yes
fy-2026-27-program-based-1011-2151,1109,State Department for Water & Sanitation,1001030,Research and Capacity Building,subprogramme,,programme,,,0,522200000,574000000,618000000,559,yes
fy-2026-27-program-based-1011-2151,1109,State Department for Water & Sanitation,1001000,"General Administration, Planning and Support Services",programme,,programme,,,866853960,972895391,1549333228,2311054815,559,yes
fy-2026-27-program-based-1011-2151,1109,State Department for Water & Sanitation,1004010,Water Resources Conservation and Protection,subprogramme,,programme,,,12920050385,6499944264,9475479441,12325284414,559,yes
fy-2026-27-program-based-1011-2151,1109,State Department for Water & Sanitation,1004040,Transboundary Waters,subprogramme,,programme,,,20000000,0,0,0,559,yes
fy-2026-27-program-based-1011-2151,1109,State Department for Water & Sanitation,1004000,Water Resources Management,programme,,programme,,,12940050385,6499944264,9475479441,12325284414,559,yes
fy-2026-27-program-based-1011-2151,1109,State Department for Water & Sanitation,1017010,National Water and Sanitation Investment,subprogramme,,programme,,,33914310617,43996341786,51225977258,71938650698,559,yes
fy-2026-27-program-based-1011-2151,1109,State Department for Water & Sanitation,1017020,Sanitation Infrastructure Development and Management,subprogramme,,programme,,,3737000000,3005000000,814000000,1031800000,559,yes
fy-2026-27-program-based-1011-2151,1109,State Department for Water & Sanitation,1017000,Water and Sewerage Infrastructure Development,programme,,programme,,,37651310617,47001341786,52039977258,72970450698,559,yes
fy-2026-27-program-based-1011-2151,1109,State Department for Water & Sanitation,1015010,Water Storage and Flood Control,subprogramme,,programme,,,6575403215,2006090003,4771500000,9952500000,559,yes
fy-2026-27-program-based-1011-2151,1109,State Department for Water & Sanitation,1015000,Water Storage and Flood Control,programme,,programme,,,6575403215,2006090003,4771500000,9952500000,559,yes
fy-2026-27-program-based-1011-2151,1109,State Department for Water & Sanitation,,,vote,,vote_total,,Total Expenditure,58033618177,56480271444,67836289927,97559289927,559,yes
fy-2026-27-program-based-1011-2151,1112,State Department for Lands and Physical Planning,0101010,Development Planning and Land Reforms,subprogramme,,programme,,,2238913489,3277333489,2294020024,2378726109,572,yes
fy-2026-27-program-based-1011-2151,1112,State Department for Lands and Physical Planning,0101030,Land Survey,subprogramme,,programme,,,1432373588,1423864708,1476566040,1519063116,572,yes
fy-2026-27-program-based-1011-2151,1112,State Department for Lands and Physical Planning,0101040,Land Use,subprogramme,,programme,,,212989092,210222552,216887632,223538396,572,yes
fy-2026-27-program-based-1011-2151,1112,State Department for Lands and Physical Planning,0101050,Land Settlement,subprogramme,,programme,,,7210047577,8776708649,3834343291,3830296108,572,yes
fy-2026-27-program-based-1011-2151,1112,State Department for Lands and Physical Planning,0101000,Land Policy and Planning,programme,,programme,,,11094323746,13688129398,7821816987,7951623729,572,yes
fy-2026-27-program-based-1011-2151,1112,State Department for Lands and Physical Planning,0121010,Digitization of Land Records and Processes,subprogramme,,programme,,,753011382,454511382,486077214,490648531,572,yes
fy-2026-27-program-based-1011-2151,1112,State Department for Lands and Physical Planning,0121020,Infrastructure Development,subprogramme,,programme,,,199500000,381000000,446409086,250141465,572,yes
fy-2026-27-program-based-1011-2151,1112,State Department for Lands and Physical Planning,0121000,Land Information Management,programme,,programme,,,952511382,835511382,932486300,740789996,572,yes
fy-2026-27-program-based-1011-2151,1112,State Department for Lands and Physical Planning,0122010,"General Administration, Planning and Support Services",subprogramme,,programme,,,1261729220,1353859220,1401105799,1449767740,572,yes
fy-2026-27-program-based-1011-2151,1112,State Department for Lands and Physical Planning,0122000,"General Administration, Planning and Support Services",programme,,programme,,,1261729220,1353859220,1401105799,1449767740,572,yes
fy-2026-27-program-based-1011-2151,1112,State Department for Lands and Physical Planning,,,vote,,vote_total,,Total Expenditure,13308564348,15877500000,10155409086,10142181465,572,yes
fy-2026-27-program-based-1011-2151,1122,State Department for Information Communication Technology & Digital Economy,0207010,"General Administration, Planning And Support Services",subprogramme,,programme,,,410428424,420307522,452370902,524583270,586,yes
fy-2026-27-program-based-1011-2151,1122,State Department for Information Communication Technology & Digital Economy,0207000,General Administration Planning and Support Services,programme,,programme,,,410428424,420307522,452370902,524583270,586,yes
fy-2026-27-program-based-1011-2151,1122,State Department for Information Communication Technology & Digital Economy,0210010,ICT Infrastructure Connectivity,subprogramme,,programme,,,7321229557,10097567158,21199100856,24545191950,586,yes
fy-2026-27-program-based-1011-2151,1122,State Department for Information Communication Technology & Digital Economy,0210020,ICT Technical Support Services,subprogramme,,programme,,,1813034408,0,0,0,586,yes
fy-2026-27-program-based-1011-2151,1122,State Department for Information Communication Technology & Digital Economy,0210000,ICT Infrastructure Development,programme,,programme,,,9134263965,10097567158,21199100856,24545191950,586,yes
fy-2026-27-program-based-1011-2151,1122,State Department for Information Communication Technology & Digital Economy,0217010,E-Government Services,subprogramme,,programme,,,2670435543,0,0,0,586,yes
fy-2026-27-program-based-1011-2151,1122,State Department for Information Communication Technology & Digital Economy,0217020,Data Management and Digitalization of Services,subprogramme,,programme,,,0,446557544,464864051,528926689,586,yes
fy-2026-27-program-based-1011-2151,1122,State Department for Information Communication Technology & Digital Economy,0217030,Digital Skilling & ICT Investments,subprogramme,,programme,,,0,432257231,559413995,722885083,586,yes
fy-2026-27-program-based-1011-2151,1122,State Department for Information Communication Technology & Digital Economy,0217040,"Emerging Technologies, Research & Innovation",subprogramme,,programme,,,0,4592231,5956763,6169851,586,yes
fy-2026-27-program-based-1011-2151,1122,State Department for Information Communication Technology & Digital Economy,0217000,E-Government & Digital Economy Development,programme,,programme,,,2670435543,883407006,1030234809,1257981623,586,yes
fy-2026-27-program-based-1011-2151,1122,State Department for Information Communication Technology & Digital Economy,0222010,Cyber Space Management,subprogramme,,programme,,,0,457232531,492293433,555243157,586,yes
fy-2026-27-program-based-1011-2151,1122,State Department for Information Communication Technology & Digital Economy,0222020,Data Protection Services,subprogramme,,programme,,,0,917270000,1153000000,1328000000,586,yes
fy-2026-27-program-based-1011-2151,1122,State Department for Information Communication Technology & Digital Economy,0222000,ICT Security & Data Protection Services,programme,,programme,,,0,1374502531,1645293433,1883243157,586,yes
fy-2026-27-program-based-1011-2151,1122,State Department for Information Communication Technology & Digital Economy,,,vote,,vote_total,,Total Expenditure,12215127932,12775784217,24327000000,28211000000,586,yes
fy-2026-27-program-based-1011-2151,1123,State Department for Broadcasting & Telecommunications,0207010,"General Administration, Planning And Support Services",subprogramme,,programme,,,303431583,245069157,253909464,255802765,600,yes
fy-2026-27-program-based-1011-2151,1123,State Department for Broadcasting & Telecommunications,0207000,General Administration Planning and Support Services,programme,,programme,,,303431583,245069157,253909464,255802765,600,yes
fy-2026-27-program-based-1011-2151,1123,State Department for Broadcasting & Telecommunications,0208010,News And Information Services,subprogramme,,programme,,,4246691795,4614608426,5020881776,5416788475,600,yes
fy-2026-27-program-based-1011-2151,1123,State Department for Broadcasting & Telecommunications,0208020,Brand Kenya Initiative,subprogramme,,programme,,,210000000,278000000,225000000,264600000,600,yes
fy-2026-27-program-based-1011-2151,1123,State Department for Broadcasting & Telecommunications,0208030,ICT and Media Regulatory Services,subprogramme,,programme,,,1345300000,898000000,1078900000,1221200000,600,yes
fy-2026-27-program-based-1011-2151,1123,State Department for Broadcasting & Telecommunications,0208050,Telecommunication and Postal Services,subprogramme,,programme,,,0,10595560,11908760,11908760,600,yes
fy-2026-27-program-based-1011-2151,1123,State Department for Broadcasting & Telecommunications,0208000,Information And Communication Services,programme,,programme,,,5801991795,5801203986,6336690536,6914497235,600,yes
fy-2026-27-program-based-1011-2151,1123,State Department for Broadcasting & Telecommunications,0209010,Mass Media Skills Development,subprogramme,,programme,,,310061500,369400000,378400000,444700000,600,yes
fy-2026-27-program-based-1011-2151,1123,State Department for Broadcasting & Telecommunications,0209000,Mass Media Skills Development,programme,,programme,,,310061500,369400000,378400000,444700000,600,yes
fy-2026-27-program-based-1011-2151,1123,State Department for Broadcasting & Telecommunications,,,vote,,vote_total,,Total Expenditure,6415484878,6415673143,6969000000,7615000000,600,yes
fy-2026-27-program-based-1011-2151,1132,State Department for Sports,0901010,Sports Training and competitions,subprogramme,,programme,,,4701541176,2312588155,653054373,702850034,610,yes
fy-2026-27-program-based-1011-2151,1132,State Department for Sports,0901020,Development and Management of Sports Facilities,subprogramme,,programme,,,20199865440,25817255900,19827873508,20889131692,610,yes
fy-2026-27-program-based-1011-2151,1132,State Department for Sports,0901030,"General Administration, Planning and Support Services",subprogramme,,programme,,,262254059,4117084920,340052119,354478274,610,yes
fy-2026-27-program-based-1011-2151,1132,State Department for Sports,0901000,Sports,programme,,programme,,,25163660675,32246928975,20820980000,21946460000,610,yes
fy-2026-27-program-based-1011-2151,1132,State Department for Sports,,,vote,,vote_total,,Total Expenditure,25163660675,32246928975,20820980000,21946460000,610,yes
fy-2026-27-program-based-1011-2151,1134,"State Department for Culture, The Arts and Heritage",0902010,Conservation of Heritage,subprogramme,,programme,,,1438733273,1375518175,1373355857,1383085779,626,yes
fy-2026-27-program-based-1011-2151,1134,"State Department for Culture, The Arts and Heritage",0902030,Development And Promotion of Culture,subprogramme,,programme,,,507485403,248368563,242782897,263436743,626,yes
fy-2026-27-program-based-1011-2151,1134,"State Department for Culture, The Arts and Heritage",0902050,Cultural Product Diversification,subprogramme,,programme,,,64120307,54676181,60998152,65406531,626,yes
fy-2026-27-program-based-1011-2151,1134,"State Department for Culture, The Arts and Heritage",0902000,Culture/ Heritage,programme,,programme,,,2010338983,1678562919,1677136906,1711929053,626,yes
fy-2026-27-program-based-1011-2151,1134,"State Department for Culture, The Arts and Heritage",0903020,Performimg Arts,subprogramme,,programme,,,159802590,160638259,65205418,188816064,626,yes
fy-2026-27-program-based-1011-2151,1134,"State Department for Culture, The Arts and Heritage",0903030,Promotion of Kenyan Music and Dance,subprogramme,,programme,,,119185804,78688753,90792791,95376783,626,yes
fy-2026-27-program-based-1011-2151,1134,"State Department for Culture, The Arts and Heritage",0903000,The Arts,programme,,programme,,,278988394,239327012,155998209,284192847,626,yes
fy-2026-27-program-based-1011-2151,1134,"State Department for Culture, The Arts and Heritage",0904010,Library Services,subprogramme,,programme,,,435782190,462656209,578126030,548044901,626,yes
fy-2026-27-program-based-1011-2151,1134,"State Department for Culture, The Arts and Heritage",0904000,Library Services,programme,,programme,,,435782190,462656209,578126030,548044901,626,yes
fy-2026-27-program-based-1011-2151,1134,"State Department for Culture, The Arts and Heritage",0905010,"General Administration, Planning and Support Services",subprogramme,,programme,,,148302915,159957641,158629748,160808664,626,yes
fy-2026-27-program-based-1011-2151,1134,"State Department for Culture, The Arts and Heritage",0905000,"General Administration, Planning and Support Services",programme,,programme,,,148302915,159957641,158629748,160808664,626,yes
fy-2026-27-program-based-1011-2151,1134,"State Department for Culture, The Arts and Heritage",0916010,Records Management,subprogramme,,programme,,,39236012,55023241,69001923,61798637,626,yes
fy-2026-27-program-based-1011-2151,1134,"State Department for Culture, The Arts and Heritage",0916020,Archives and Documentation,subprogramme,,programme,,,237900666,134203988,111254226,116372336,626,yes
fy-2026-27-program-based-1011-2151,1134,"State Department for Culture, The Arts and Heritage",0916000,Public Records Mangement,programme,,programme,,,277136678,189227229,180256149,178170973,626,yes
fy-2026-27-program-based-1011-2151,1134,"State Department for Culture, The Arts and Heritage",0917010,Lottery Control and Policy,subprogramme,,programme,,,61000000,292052248,329732958,303413562,626,yes
fy-2026-27-program-based-1011-2151,1134,"State Department for Culture, The Arts and Heritage",0917000,"Lottery Control, Licensing and Regulations",programme,,programme,,,61000000,292052248,329732958,303413562,626,yes
fy-2026-27-program-based-1011-2151,1134,"State Department for Culture, The Arts and Heritage",,,vote,,vote_total,,Total Expenditure,3211549160,3021783258,3079880000,3186560000,626,yes
fy-2026-27-program-based-1011-2151,1135,State Department for Youth Affairs and Creative Economy,0221010,Film Development Services,subprogramme,,programme,,,867853224,828418650,867199988,938901562,644,yes
fy-2026-27-program-based-1011-2151,1135,State Department for Youth Affairs and Creative Economy,0221000,Film Development Services,programme,,programme,,,867853224,828418650,867199988,938901562,644,yes
fy-2026-27-program-based-1011-2151,1135,State Department for Youth Affairs and Creative Economy,0711080,Youth Social and Sustainable Community Development,subprogramme,,programme,,,376923500,2840331645,361332834,397808707,644,yes
fy-2026-27-program-based-1011-2151,1135,State Department for Youth Affairs and Creative Economy,0711090,"Youth Mentorship, Leadership and Governance",subprogramme,,programme,,,233022455,189359701,79760000,80840000,644,yes
fy-2026-27-program-based-1011-2151,1135,State Department for Youth Affairs and Creative Economy,0711100,Youth Employment and Employability Scheme,subprogramme,,programme,,,2625867,2625867,2704643,2785781,644,yes
fy-2026-27-program-based-1011-2151,1135,State Department for Youth Affairs and Creative Economy,0711000,Youth Empowerment Services,programme,,programme,,,612571822,3032317213,443797477,481434488,644,yes
fy-2026-27-program-based-1011-2151,1135,State Department for Youth Affairs and Creative Economy,0748010,Youth Development Research and Quality Management,subprogramme,,programme,,,150592344,24804385,26243681,27104236,644,yes
fy-2026-27-program-based-1011-2151,1135,State Department for Youth Affairs and Creative Economy,0748020,Youth Entrepreneurship and Talent Development,subprogramme,,programme,,,1023652739,1373214124,1915227996,2040826664,644,yes
fy-2026-27-program-based-1011-2151,1135,State Department for Youth Affairs and Creative Economy,0748030,Youth Development Field,subprogramme,,programme,,,594251114,618867076,714744086,710345748,644,yes
fy-2026-27-program-based-1011-2151,1135,State Department for Youth Affairs and Creative Economy,0748000,Youth Development Services,programme,,programme,,,1768496197,2016885585,2656215763,2778276648,644,yes
fy-2026-27-program-based-1011-2151,1135,State Department for Youth Affairs and Creative Economy,0749010,Administration and Support Services,subprogramme,,programme,,,929607922,626095748,712366772,727557302,644,yes
fy-2026-27-program-based-1011-2151,1135,State Department for Youth Affairs and Creative Economy,0749000,"General Administration, Planning and Support Services",programme,,programme,,,929607922,626095748,712366772,727557302,644,yes
fy-2026-27-program-based-1011-2151,1135,State Department for Youth Affairs and Creative Economy,,,vote,,vote_total,,Total Expenditure,4178529165,6503717196,4679580000,4926170000,644,yes
fy-2026-27-program-based-1011-2151,1152,State Department for Energy,0211010,Administrative Services,subprogramme,,programme,,,326701211,327293225,463489664,603284648,661,yes
fy-2026-27-program-based-1011-2151,1152,State Department for Energy,0211020,Planning and Project Monitoring,subprogramme,,programme,,,23890665,23242003,27089883,30876096,661,yes
fy-2026-27-program-based-1011-2151,1152,State Department for Energy,0211030,Financial Services,subprogramme,,programme,,,652790455,475772968,286249798,321928149,661,yes
fy-2026-27-program-based-1011-2151,1152,State Department for Energy,0211000,General Administration Planning and Support Services,programme,,programme,,,1003382331,826308196,776829345,956088893,661,yes
fy-2026-27-program-based-1011-2151,1152,State Department for Energy,0212010,Geothermal generation,subprogramme,,programme,,,10382679903,2153264848,7076327709,18652067215,661,yes
fy-2026-27-program-based-1011-2151,1152,State Department for Energy,0212020,Development of Nuclear Energy,subprogramme,,programme,,,866225381,895968000,2635000000,9286000000,661,yes
fy-2026-27-program-based-1011-2151,1152,State Department for Energy,0212030,Coal Exploration and Mining,subprogramme,,programme,,,588000000,636000000,243000000,243000000,661,yes
fy-2026-27-program-based-1011-2151,1152,State Department for Energy,0212000,Power Generation,programme,,programme,,,11836905284,3685232848,9954327709,28181067215,661,yes
fy-2026-27-program-based-1011-2151,1152,State Department for Energy,0213010,National Grid System,subprogramme,,programme,,,28592694007,7533382010,16041494703,11378826186,661,yes
fy-2026-27-program-based-1011-2151,1152,State Department for Energy,0213020,Rural Electrification,subprogramme,,programme,,,19299721093,16264430908,6953000000,10193000000,661,yes
fy-2026-27-program-based-1011-2151,1152,State Department for Energy,0213000,Power Transmission and Distribution,programme,,programme,,,47892415100,23797812918,22994494703,21571826186,661,yes
fy-2026-27-program-based-1011-2151,1152,State Department for Energy,0214010,Alternative Energy Technologies,subprogramme,,programme,,,1895295746,3213691702,1845668243,1689664106,661,yes
fy-2026-27-program-based-1011-2151,1152,State Department for Energy,0214000,Alternative Energy Technologies,programme,,programme,,,1895295746,3213691702,1845668243,1689664106,661,yes
fy-2026-27-program-based-1011-2151,1152,State Department for Energy,,,vote,,vote_total,,Total Expenditure,62627998461,31523045664,35571320000,52398646400,661,yes
fy-2026-27-program-based-1011-2151,1162,State Department for Livestock Development,0112010,Livestock Policy Development and Capacity Building,subprogramme,,programme,,,5429388706,6107964863,6317268638,5958595950,686,yes
fy-2026-27-program-based-1011-2151,1162,State Department for Livestock Development,0112020,Livestock Production and Management,subprogramme,,programme,,,4681653601,2721830013,5149970173,4827910476,686,yes
fy-2026-27-program-based-1011-2151,1162,State Department for Livestock Development,0112030,Livestock Products Value Addition and Marketing,subprogramme,,programme,,,1796619050,867454235,1214445196,1832218551,686,yes
fy-2026-27-program-based-1011-2151,1162,State Department for Livestock Development,0112040,Food Safety and Animal Products Development,subprogramme,,programme,,,329666458,458320300,480779511,799317080,686,yes
fy-2026-27-program-based-1011-2151,1162,State Department for Livestock Development,0112050,Livestock Diseases Management and Control,subprogramme,,programme,,,1388785668,1538637067,2047166482,2496647943,686,yes
fy-2026-27-program-based-1011-2151,1162,State Department for Livestock Development,0112000,Livestock Resources Management and Development,programme,,programme,,,13626113483,11694206478,15209630000,15914690000,686,yes
fy-2026-27-program-based-1011-2151,1162,State Department for Livestock Development,,,vote,,vote_total,,Total Expenditure,13626113483,11694206478,15209630000,15914690000,686,yes
fy-2026-27-program-based-1011-2151,1166,State Department for the Blue Economy and Fisheries,0111010,"Fisheries Policy, Strategy and capacity building",subprogramme,,programme,,,1386694489,1122009306,1249811863,1386585968,697,yes
fy-2026-27-program-based-1011-2151,1166,State Department for the Blue Economy and Fisheries,0111020,Aquaculture Development,subprogramme,,programme,,,3870727099,1938720000,50000000,106000000,697,yes
fy-2026-27-program-based-1011-2151,1166,State Department for the Blue Economy and Fisheries,0111030,Management and Development of Capture Fisheries,subprogramme,,programme,,,43694146,51280876,1052746362,360236467,697,yes
fy-2026-27-program-based-1011-2151,1166,State Department for the Blue Economy and Fisheries,0111040,"Assurance of Fish Safety, Value Addition and Marketing",subprogramme,,programme,,,0,42000000,0,0,697,yes
fy-2026-27-program-based-1011-2151,1166,State Department for the Blue Economy and Fisheries,0111050,Marine and Fisheries Research,subprogramme,,programme,,,5184000000,3488180000,1667030000,1698760000,697,yes
fy-2026-27-program-based-1011-2151,1166,State Department for the Blue Economy and Fisheries,0111000,Fisheries Development and Management,programme,,programme,,,10485115734,6642190182,4019588225,3551582435,697,yes
fy-2026-27-program-based-1011-2151,1166,State Department for the Blue Economy and Fisheries,0117010,"General Administration, Planning and Support Services",subprogramme,,programme,,,236567748,224093122,244157683,255696188,697,yes
fy-2026-27-program-based-1011-2151,1166,State Department for the Blue Economy and Fisheries,0117000,"General Administration, Planning and Support Services",programme,,programme,,,236567748,224093122,244157683,255696188,697,yes
fy-2026-27-program-based-1011-2151,1166,State Department for the Blue Economy and Fisheries,0118030,Development and Management of Fishing Ports and its Infrastructure,subprogramme,,programme,,,0,171000000,630000000,3570000000,697,yes
fy-2026-27-program-based-1011-2151,1166,State Department for the Blue Economy and Fisheries,0118040,"Blue Economy Policy, Strategy and Coordination",subprogramme,,programme,,,427118781,121402023,131574092,136081377,697,yes
fy-2026-27-program-based-1011-2151,1166,State Department for the Blue Economy and Fisheries,0118050,Promotion of Kenya as a Centre for Agro based Blue Economy,subprogramme,,programme,,,0,669900000,65000000,0,697,yes
fy-2026-27-program-based-1011-2151,1166,State Department for the Blue Economy and Fisheries,0118000,Development and Coordination of the Blue Economy,programme,,programme,,,427118781,962302023,826574092,3706081377,697,yes
fy-2026-27-program-based-1011-2151,1166,State Department for the Blue Economy and Fisheries,,,vote,,vote_total,,Total Expenditure,11148802263,7828585327,5090320000,7513360000,697,yes
fy-2026-27-program-based-1011-2151,1169,State Department for Agriculture,0107010,"Agricultural Policy, Legal and Regulatory Frameworks",subprogramme,,programme,,,38885426572,19163099534,21895335854,24310165340,716,yes
fy-2026-27-program-based-1011-2151,1169,State Department for Agriculture,0107020,Agricultural Planning and Financial Management,subprogramme,,programme,,,63027032,70970793,77898418,82214600,716,yes
fy-2026-27-program-based-1011-2151,1169,State Department for Agriculture,0107000,General Administration Planning and Support Services,programme,,programme,,,38948453604,19234070327,21973234272,24392379940,716,yes
fy-2026-27-program-based-1011-2151,1169,State Department for Agriculture,0108010,Land and Crops Development,subprogramme,,programme,,,15440269190,10034165891,6939976557,6400194263,716,yes
fy-2026-27-program-based-1011-2151,1169,State Department for Agriculture,0108020,Food Security Initiatives,subprogramme,,programme,,,11872731411,31050450000,19469199979,23372677404,716,yes
fy-2026-27-program-based-1011-2151,1169,State Department for Agriculture,0108030,Quality Assurance and Monitoring of Outreach Services,subprogramme,,programme,,,862535091,812684890,1021027253,1126902859,716,yes
fy-2026-27-program-based-1011-2151,1169,State Department for Agriculture,0108000,Crop Development and Management,programme,,programme,,,28175535692,41897300781,27430203789,30899774526,716,yes
fy-2026-27-program-based-1011-2151,1169,State Department for Agriculture,0109010,Agribusiness and Market Development,subprogramme,,programme,,,553249222,82792154,89364260,95051771,716,yes
fy-2026-27-program-based-1011-2151,1169,State Department for Agriculture,0109020,Agricultural Information Management,subprogramme,,programme,,,50912484,59092448,61713162,64325977,716,yes
fy-2026-27-program-based-1011-2151,1169,State Department for Agriculture,0109000,Agribusiness and Information Management,programme,,programme,,,604161706,141884602,151077422,159377748,716,yes
fy-2026-27-program-based-1011-2151,1169,State Department for Agriculture,0120020,Crop Research & Development,subprogramme,,programme,,,5488480114,6099081100,6163699496,6578345190,716,yes
fy-2026-27-program-based-1011-2151,1169,State Department for Agriculture,0120000,Agricultural Research & Development,programme,,programme,,,5488480114,6099081100,6163699496,6578345190,716,yes
fy-2026-27-program-based-1011-2151,1169,State Department for Agriculture,,,vote,,vote_total,,Total Expenditure,73216631116,67372336810,55718214979,62029877404,716,yes
fy-2026-27-program-based-1011-2151,1173,State Department for Cooperatives,0304010,Governance and Accountability,subprogramme,,programme,,,87401222,94144919,95825157,100283816,731,yes
fy-2026-27-program-based-1011-2151,1173,State Department for Cooperatives,0304020,Co-operative Advisory Services,subprogramme,,programme,,,3934775497,3563428662,4079032089,5457937638,731,yes
fy-2026-27-program-based-1011-2151,1173,State Department for Cooperatives,0304030,"Marketing, value addition and research",subprogramme,,programme,,,423626967,489438295,1042249091,1042949518,731,yes
fy-2026-27-program-based-1011-2151,1173,State Department for Cooperatives,0304040,Cooperative Development and Investments,subprogramme,,programme,,,2500000000,500000000,1000000000,1000000000,731,yes
fy-2026-27-program-based-1011-2151,1173,State Department for Cooperatives,0304050,General Administration and Support Services,subprogramme,,programme,,,2339686121,2335031471,2314483663,1123379028,731,yes
fy-2026-27-program-based-1011-2151,1173,State Department for Cooperatives,0304000,Cooperative Development and Management,programme,,programme,,,9285489807,6982043347,8531590000,8724550000,731,yes
fy-2026-27-program-based-1011-2151,1173,State Department for Cooperatives,,,vote,,vote_total,,Total Expenditure,9285489807,6982043347,8531590000,8724550000,731,yes
fy-2026-27-program-based-1011-2151,1174,State Department for Trade,0310010,Enforcement of Intellectual Property & Trade Remedies Measures,subprogramme,,programme,,,75159000,74346511,91478056,100642657,750,yes
fy-2026-27-program-based-1011-2151,1174,State Department for Trade,0310020,Enforcement of Legal Metrology,subprogramme,,programme,,,97202760,167347102,412080698,351043216,750,yes
fy-2026-27-program-based-1011-2151,1174,State Department for Trade,0310030,Consumer Protection,subprogramme,,programme,,,19980000,19382496,24318142,26754394,750,yes
fy-2026-27-program-based-1011-2151,1174,State Department for Trade,0310000,Fair Trade Practices And Compliance of Standards,programme,,programme,,,192341760,261076109,527876896,478440267,750,yes
fy-2026-27-program-based-1011-2151,1174,State Department for Trade,0311010,Market Diversification and Access,subprogramme,,programme,,,941044135,528269314,542414664,554613187,750,yes
fy-2026-27-program-based-1011-2151,1174,State Department for Trade,0311020,"Export Trade Development, Promotion and National Branding",subprogramme,,programme,,,770817000,692241390,874067614,960131456,750,yes
fy-2026-27-program-based-1011-2151,1174,State Department for Trade,0311000,International Trade Development and Promotion,programme,,programme,,,1711861135,1220510704,1416482278,1514744643,750,yes
fy-2026-27-program-based-1011-2151,1174,State Department for Trade,0312010,"General Administration, Planning and Support Services",subprogramme,,programme,,,403897577,394833689,389790863,407583285,750,yes
fy-2026-27-program-based-1011-2151,1174,State Department for Trade,0312000,"General Administration, Planning and Support Services",programme,,programme,,,403897577,394833689,389790863,407583285,750,yes
fy-2026-27-program-based-1011-2151,1174,State Department for Trade,0325010,Enabling Environment for Business Growth,subprogramme,,programme,,,77854471,77394207,72880836,78962086,750,yes
fy-2026-27-program-based-1011-2151,1174,State Department for Trade,0325020,Development and Promotion of BETA Priorities Value Chains,subprogramme,,programme,,,111918331,90125021,82219654,86108880,750,yes
fy-2026-27-program-based-1011-2151,1174,State Department for Trade,0325030,"Development, Promotion and Regulations of Wholesale and Retail",subprogramme,,programme,,,2884990502,2122988908,2298579473,2588190839,750,yes
fy-2026-27-program-based-1011-2151,1174,State Department for Trade,0325000,Domestic Trade and Regulation,programme,,programme,,,3074763304,2290508136,2453679963,2753261805,750,yes
fy-2026-27-program-based-1011-2151,1174,State Department for Trade,,,vote,,vote_total,,Total Expenditure,5382863776,4166928638,4787830000,5154030000,750,yes
fy-2026-27-program-based-1011-2151,1175,State Department for Industry,0301010,General Administration Planning and Support Services,subprogramme,,programme,,,815336806,583396169,563082858,593442358,763,yes
fy-2026-27-program-based-1011-2151,1175,State Department for Industry,0301000,General Administration Planning and Support Services,programme,,programme,,,815336806,583396169,563082858,593442358,763,yes
fy-2026-27-program-based-1011-2151,1175,State Department for Industry,0320010,Industrial Development Promotion,subprogramme,,programme,,,7049162573,6130421822,8395743422,8618161722,763,yes
fy-2026-27-program-based-1011-2151,1175,State Department for Industry,0320020,Industrial Training,subprogramme,,programme,,,549221517,624763911,774673720,623535920,763,yes
fy-2026-27-program-based-1011-2151,1175,State Department for Industry,0320000,Industrial Promotion and Development,programme,,programme,,,7598384090,6755185733,9170417142,9241697642,763,yes
fy-2026-27-program-based-1011-2151,1175,State Department for Industry,0321010,Standards Metrology and Conformity,subprogramme,,programme,,,569410000,584195700,602920000,599310000,763,yes
fy-2026-27-program-based-1011-2151,1175,State Department for Industry,0321020,Business Financing and Incubation,subprogramme,,programme,,,92429310,0,0,0,763,yes
fy-2026-27-program-based-1011-2151,1175,State Department for Industry,0321030,Industrial Research and Innovation,subprogramme,,programme,,,1348760504,1242660000,2214960000,2975910000,763,yes
fy-2026-27-program-based-1011-2151,1175,State Department for Industry,0321000,Standards and Quality Infrastucture & Research,programme,,programme,,,2010599814,1826855700,2817880000,3575220000,763,yes
fy-2026-27-program-based-1011-2151,1175,State Department for Industry,,,vote,,vote_total,,Total Expenditure,10424320710,9165437602,12551380000,13410360000,763,yes
fy-2026-27-program-based-1011-2151,1176,"State Department for Micro, Small and Medium Enterprises Development",0316010,MSMEs Development and Promotion,subprogramme,,programme,,,6445768205,3904935866,5404043187,5468802223,776,yes
fy-2026-27-program-based-1011-2151,1176,"State Department for Micro, Small and Medium Enterprises Development",0316020,Entreprenuership and Business Development Services,subprogramme,,programme,,,112827663,117751271,77670525,80816968,776,yes
fy-2026-27-program-based-1011-2151,1176,"State Department for Micro, Small and Medium Enterprises Development",0316000,Promotion and Development of MSMEs,programme,,programme,,,6558595868,4022687137,5481713712,5549619191,776,yes
fy-2026-27-program-based-1011-2151,1176,"State Department for Micro, Small and Medium Enterprises Development",0317010,Market Linkages for MSMEs,subprogramme,,programme,,,20232043,39922441,43074214,43905240,776,yes
fy-2026-27-program-based-1011-2151,1176,"State Department for Micro, Small and Medium Enterprises Development",0317030,"Value Addition, Innovation and Incubation for MSMEs",subprogramme,,programme,,,688448292,487000000,495000000,511000000,776,yes
fy-2026-27-program-based-1011-2151,1176,"State Department for Micro, Small and Medium Enterprises Development",0317000,Product and Market Development for MSMEs,programme,,programme,,,708680335,526922441,538074214,554905240,776,yes
fy-2026-27-program-based-1011-2151,1176,"State Department for Micro, Small and Medium Enterprises Development",0318010,Financial Inclusion,subprogramme,,programme,,,509000000,211640000,350000000,415000000,776,yes
fy-2026-27-program-based-1011-2151,1176,"State Department for Micro, Small and Medium Enterprises Development",0318020,Youth Employment Services,subprogramme,,programme,,,126630000,119310000,143570000,165080000,776,yes
fy-2026-27-program-based-1011-2151,1176,"State Department for Micro, Small and Medium Enterprises Development",0318030,"Youth, Women and PWDs Empowerment",subprogramme,,programme,,,50000000,100000000,175000000,183080000,776,yes
fy-2026-27-program-based-1011-2151,1176,"State Department for Micro, Small and Medium Enterprises Development",0318000,Digitization and Financial Inclusion for MSMEs,programme,,programme,,,685630000,430950000,668570000,763160000,776,yes
fy-2026-27-program-based-1011-2151,1176,"State Department for Micro, Small and Medium Enterprises Development",0319010,"General Administration, Planning and Support Services",subprogramme,,programme,,,298671560,358942922,324742074,343395569,776,yes
fy-2026-27-program-based-1011-2151,1176,"State Department for Micro, Small and Medium Enterprises Development",0319000,"General Administration, Planning and Support Services",programme,,programme,,,298671560,358942922,324742074,343395569,776,yes
fy-2026-27-program-based-1011-2151,1176,"State Department for Micro, Small and Medium Enterprises Development",,,vote,,vote_total,,Total Expenditure,8251577763,5339502500,7013100000,7211080000,776,yes
fy-2026-27-program-based-1011-2151,1177,State Department for Investment Promotion,0322010,Business Environment and Investment Promotion,subprogramme,,programme,,,3931794521,4432247418,5174965814,5395314999,789,yes
fy-2026-27-program-based-1011-2151,1177,State Department for Investment Promotion,0322020,Investments Profiling and Development,subprogramme,,programme,,,722292000,273626300,269210000,284390000,789,yes
fy-2026-27-program-based-1011-2151,1177,State Department for Investment Promotion,0322040,"General Administration, Planning and Support Services",subprogramme,,programme,,,219050849,311379005,292174186,312415001,789,yes
fy-2026-27-program-based-1011-2151,1177,State Department for Investment Promotion,0322000,Investment Development and Promotion,programme,,programme,,,4873137370,5017252723,5736350000,5992120000,789,yes
fy-2026-27-program-based-1011-2151,1177,State Department for Investment Promotion,,,vote,,vote_total,,Total Expenditure,4873137370,5017252723,5736350000,5992120000,789,yes
fy-2026-27-program-based-1011-2151,1184,State Department for Labour and Skills Development,0910010,"Policy, Planning and General administrative services",subprogramme,,programme,,,823410174,539833501,527065226,527995180,803,yes
fy-2026-27-program-based-1011-2151,1184,State Department for Labour and Skills Development,0910000,General Administration Planning and Support Services,programme,,programme,,,823410174,539833501,527065226,527995180,803,yes
fy-2026-27-program-based-1011-2151,1184,State Department for Labour and Skills Development,0906010,Promotion of harmonious industrial relations,subprogramme,,programme,,,806529745,549278667,555495998,554343618,803,yes
fy-2026-27-program-based-1011-2151,1184,State Department for Labour and Skills Development,0906020,Regulation of Trade Unions,subprogramme,,programme,,,26322723,32873473,35607408,36156413,803,yes
fy-2026-27-program-based-1011-2151,1184,State Department for Labour and Skills Development,0906030,Occupational Safety and Health,subprogramme,,programme,,,429635289,485151508,487087180,597902346,803,yes
fy-2026-27-program-based-1011-2151,1184,State Department for Labour and Skills Development,0906040,Employment Promotion Services,subprogramme,,programme,,,519278830,492771130,487540000,453290000,803,yes
fy-2026-27-program-based-1011-2151,1184,State Department for Labour and Skills Development,0906000,"Labour, Employment and Safety Services",programme,,programme,,,1781766587,1560074778,1565730586,1641692377,803,yes
fy-2026-27-program-based-1011-2151,1184,State Department for Labour and Skills Development,0907010,Human Resource Planning & Development,subprogramme,,programme,,,264454862,381186631,278049470,282960328,803,yes
fy-2026-27-program-based-1011-2151,1184,State Department for Labour and Skills Development,0907020,Industrial Skills Development,subprogramme,,programme,,,2861000000,3591000000,3306530000,3412060000,803,yes
fy-2026-27-program-based-1011-2151,1184,State Department for Labour and Skills Development,0907040,"Productivity Promotion, Measurement & improvement",subprogramme,,programme,,,78771705,77856687,82359255,84403483,803,yes
fy-2026-27-program-based-1011-2151,1184,State Department for Labour and Skills Development,0907050,Management of Skills Development and Post- Training,subprogramme,,programme,,,29384902,30452463,30906430,31851344,803,yes
fy-2026-27-program-based-1011-2151,1184,State Department for Labour and Skills Development,0907000,"Manpower Development, Industrial Skills & Productivity Management",programme,,programme,,,3233611469,4080495781,3697845155,3811275155,803,yes
fy-2026-27-program-based-1011-2151,1184,State Department for Labour and Skills Development,,,vote,,vote_total,,Total Expenditure,5838788230,6180404060,5790640967,5980962712,803,yes
fy-2026-27-program-based-1011-2151,1185,State Department for Social Protection and Senior Citizens Affairs,0908010,Social Welfare and Vocational Rehabilitation,subprogramme,,programme,,,963769333,337341744,435231003,488945385,818,yes
fy-2026-27-program-based-1011-2151,1185,State Department for Social Protection and Senior Citizens Affairs,0908020,Community Mobilization and Development,subprogramme,,programme,,,1060377938,808533845,796944464,858207361,818,yes
fy-2026-27-program-based-1011-2151,1185,State Department for Social Protection and Senior Citizens Affairs,0908050,Disability Inclusion,subprogramme,,programme,,,0,646814000,636919000,636919000,818,yes
fy-2026-27-program-based-1011-2151,1185,State Department for Social Protection and Senior Citizens Affairs,0908060,Adult Learning and Education,subprogramme,,programme,,,0,849221368,843388367,844011388,818,yes
fy-2026-27-program-based-1011-2151,1185,State Department for Social Protection and Senior Citizens Affairs,0908000,Social Development and Disability Inclusion,programme,,programme,,,2024147271,2641910957,2712482834,2828083134,818,yes
fy-2026-27-program-based-1011-2151,1185,State Department for Social Protection and Senior Citizens Affairs,0909010,Social Assistance to Vulnerable Groups,subprogramme,,programme,,,31038480211,29467773842,27858373628,32712500347,818,yes
fy-2026-27-program-based-1011-2151,1185,State Department for Social Protection and Senior Citizens Affairs,0909000,National Social Safety Net,programme,,programme,,,31038480211,29467773842,27858373628,32712500347,818,yes
fy-2026-27-program-based-1011-2151,1185,State Department for Social Protection and Senior Citizens Affairs,0914010,Administrative Support Services,subprogramme,,programme,,,429605680,409188205,455599115,492067907,818,yes
fy-2026-27-program-based-1011-2151,1185,State Department for Social Protection and Senior Citizens Affairs,0914000,"General Administration, Planning and Support Services",programme,,programme,,,429605680,409188205,455599115,492067907,818,yes
fy-2026-27-program-based-1011-2151,1185,State Department for Social Protection and Senior Citizens Affairs,,,vote,,vote_total,,Total Expenditure,33492233162,32518873004,31026455577,36032651388,818,yes
fy-2026-27-program-based-1011-2151,1186,State Department for Children Services,0908010,Social Welfare and Vocational Rehabilitation,subprogramme,,programme,,,203630000,0,0,0,832,yes
fy-2026-27-program-based-1011-2151,1186,State Department for Children Services,0908030,Child Community Support Services,subprogramme,,programme,,,1942635178,0,0,0,832,yes
fy-2026-27-program-based-1011-2151,1186,State Department for Children Services,0908040,Child Rehabilitation and Custody,subprogramme,,programme,,,367667885,0,0,0,832,yes
fy-2026-27-program-based-1011-2151,1186,State Department for Children Services,0908000,Social Development and Disability Inclusion,programme,,programme,,,2513933063,0,0,0,832,yes
fy-2026-27-program-based-1011-2151,1186,State Department for Children Services,0909010,Social Assistance to Vulnerable Groups,subprogramme,,programme,,,9310736000,0,0,0,832,yes
fy-2026-27-program-based-1011-2151,1186,State Department for Children Services,0909000,National Social Safety Net,programme,,programme,,,9310736000,0,0,0,832,yes
fy-2026-27-program-based-1011-2151,1186,State Department for Children Services,0914010,Administrative Support Services,subprogramme,,programme,,,299972553,0,0,0,832,yes
fy-2026-27-program-based-1011-2151,1186,State Department for Children Services,0914000,"General Administration, Planning and Support Services",programme,,programme,,,299972553,0,0,0,832,yes
fy-2026-27-program-based-1011-2151,1186,State Department for Children Services,0918010,Child Protection and Response Services,subprogramme,,programme,,,0,24829710,28440864,32842487,832,yes
fy-2026-27-program-based-1011-2151,1186,State Department for Children Services,0918020,Family and Community Support Services,subprogramme,,programme,,,0,10582915734,10006539675,10094705113,832,yes
fy-2026-27-program-based-1011-2151,1186,State Department for Children Services,0918030,"Rights, Policy and Participation Services",subprogramme,,programme,,,0,2130131358,2274605189,2430399440,832,yes
fy-2026-27-program-based-1011-2151,1186,State Department for Children Services,0918040,"General Administration, Planning and Support Services",subprogramme,,programme,,,0,172682721,183984272,198892960,832,yes
fy-2026-27-program-based-1011-2151,1186,State Department for Children Services,0918000,"Child Protection, Rights and Family Support",programme,,programme,,,0,12910559523,12493570000,12756840000,832,yes
fy-2026-27-program-based-1011-2151,1186,State Department for Children Services,,,vote,,vote_total,,Total Expenditure,12124641616,12910559523,12493570000,12756840000,832,yes
fy-2026-27-program-based-1011-2151,1192,State Department for Mining,1007020,General Administration and Support Services,subprogramme,,programme,,,483967973,495931405,488356133,495430267,845,yes
fy-2026-27-program-based-1011-2151,1192,State Department for Mining,1007000,General Administration Planning and Support Services,programme,,programme,,,483967973,495931405,488356133,495430267,845,yes
fy-2026-27-program-based-1011-2151,1192,State Department for Mining,1009030,"Mineral Licensing, Compliance and Enforcement",subprogramme,,programme,,,462696720,593846387,568273908,553292735,845,yes
fy-2026-27-program-based-1011-2151,1192,State Department for Mining,1009040,Commercial Explosives Regulation and Management,subprogramme,,programme,,,83493840,73851231,79362218,80652077,845,yes
fy-2026-27-program-based-1011-2151,1192,State Department for Mining,1009050,Mineral Value Addition and Artisanal Mining Promotion Services,subprogramme,,programme,,,549757350,521842696,320701341,315799464,845,yes
fy-2026-27-program-based-1011-2151,1192,State Department for Mining,1009000,Mineral Resources Management,programme,,programme,,,1095947910,1189540314,968337467,949744276,845,yes
fy-2026-27-program-based-1011-2151,1192,State Department for Mining,1021030,Geological Survey and Research,subprogramme,,programme,,,572960172,562876356,571712842,650647969,845,yes
fy-2026-27-program-based-1011-2151,1192,State Department for Mining,1021040,Mineral Exploration and Evaluation,subprogramme,,programme,,,248958320,261172605,280007305,330594549,845,yes
fy-2026-27-program-based-1011-2151,1192,State Department for Mining,1021050,Environmental and Engineering Geology,subprogramme,,programme,,,58879580,40967284,39091793,198311821,845,yes
fy-2026-27-program-based-1011-2151,1192,State Department for Mining,1021000,Geological Survey and Geoinformation Management,programme,,programme,,,880798072,865016245,890811940,1179554339,845,yes
fy-2026-27-program-based-1011-2151,1192,State Department for Mining,,,vote,,vote_total,,Total Expenditure,2460713955,2550487964,2347505540,2624728882,845,yes
fy-2026-27-program-based-1011-2151,1193,State Department for Petroleum,0215010,Oil and gas exploration,subprogramme,,programme,,,3712214376,72979200,89844823,126273144,854,yes
fy-2026-27-program-based-1011-2151,1193,State Department for Petroleum,0215020,Distribution of petroleum and gas,subprogramme,,programme,,,1644000000,0,0,0,854,yes
fy-2026-27-program-based-1011-2151,1193,State Department for Petroleum,0215030,General Administration and Support Services,subprogramme,,programme,,,24965122149,22318020800,20366155177,20482726856,854,yes
fy-2026-27-program-based-1011-2151,1193,State Department for Petroleum,0215000,Exploration and Distribution of Oil and Gas,programme,,programme,,,30321336525,22391000000,20456000000,20609000000,854,yes
fy-2026-27-program-based-1011-2151,1193,State Department for Petroleum,,,vote,,vote_total,,Total Expenditure,30321336525,22391000000,20456000000,20609000000,854,yes
fy-2026-27-program-based-1011-2151,1202,State Department for Tourism,0313010,Destination Marketing,subprogramme,,programme,,,402888000,360000000,360000000,396000000,865,yes
fy-2026-27-program-based-1011-2151,1202,State Department for Tourism,0313020,Tourism Promotion,subprogramme,,programme,,,1250348000,800000000,1000000000,1200000000,865,yes
fy-2026-27-program-based-1011-2151,1202,State Department for Tourism,0313000,Tourism Promotion and Marketing,programme,,programme,,,1653236000,1160000000,1360000000,1596000000,865,yes
fy-2026-27-program-based-1011-2151,1202,State Department for Tourism,0314010,Niche Tourism Product Development and Diversification,subprogramme,,programme,,,5929698319,7788104673,8182178619,8054006287,865,yes
fy-2026-27-program-based-1011-2151,1202,State Department for Tourism,0314020,Tourism Infrastructure Development,subprogramme,,programme,,,8393000000,8324808081,8441198068,8888225782,865,yes
fy-2026-27-program-based-1011-2151,1202,State Department for Tourism,0314030,Tourism Training and Capacity Building,subprogramme,,programme,,,685900000,410000000,412000000,415000000,865,yes
fy-2026-27-program-based-1011-2151,1202,State Department for Tourism,0314000,Tourism Product Development and Diversification,programme,,programme,,,15008598319,16522912754,17035376687,17357232069,865,yes
fy-2026-27-program-based-1011-2151,1202,State Department for Tourism,0315010,"General Administration, Planning and Support Services",subprogramme,,programme,,,306630866,272789975,271783313,278847931,865,yes
fy-2026-27-program-based-1011-2151,1202,State Department for Tourism,0315000,"General Administration, Planning and Support Services",programme,,programme,,,306630866,272789975,271783313,278847931,865,yes
fy-2026-27-program-based-1011-2151,1202,State Department for Tourism,,,vote,,vote_total,,Total Expenditure,16968465185,17955702729,18667160000,19232080000,865,yes
fy-2026-27-program-based-1011-2151,1203,State Department for Wildlife,1019010,"Wildlife Security, Conservation and Management",subprogramme,,programme,,,15765477401,15058636767,15231981216,17446095418,876,yes
fy-2026-27-program-based-1011-2151,1203,State Department for Wildlife,1019020,Wildlife Research and Development,subprogramme,,programme,,,1076600000,1152899400,1407000000,1880000000,876,yes
fy-2026-27-program-based-1011-2151,1203,State Department for Wildlife,1019030,Administrative Services,subprogramme,,programme,,,252800708,318223521,333018784,355904582,876,yes
fy-2026-27-program-based-1011-2151,1203,State Department for Wildlife,1019000,Wildlife Conservation and Management,programme,,programme,,,17094878109,16529759688,16972000000,19682000000,876,yes
fy-2026-27-program-based-1011-2151,1203,State Department for Wildlife,,,vote,,vote_total,,Total Expenditure,17094878109,16529759688,16972000000,19682000000,876,yes
fy-2026-27-program-based-1011-2151,1212,State Department for Gender and Affirmative Action,0911010,Affirmative Action,subprogramme,,programme,,,4955216145,5011800000,4940000000,4940000000,886,yes
fy-2026-27-program-based-1011-2151,1212,State Department for Gender and Affirmative Action,0911000,Community Development,programme,,programme,,,4955216145,5011800000,4940000000,4940000000,886,yes
fy-2026-27-program-based-1011-2151,1212,State Department for Gender and Affirmative Action,0912010,Gender Mainstreaming,subprogramme,,programme,,,724140502,605764526,505268362,526542884,886,yes
fy-2026-27-program-based-1011-2151,1212,State Department for Gender and Affirmative Action,0912030,Gender and Socio-Economic Empowerment,subprogramme,,programme,,,352770000,401720900,372440000,393100000,886,yes
fy-2026-27-program-based-1011-2151,1212,State Department for Gender and Affirmative Action,0912000,Gender Empowerment,programme,,programme,,,1076910502,1007485426,877708362,919642884,886,yes
fy-2026-27-program-based-1011-2151,1212,State Department for Gender and Affirmative Action,0913010,General Administration and Planning Services,subprogramme,,programme,,,267388894,242118100,268680438,281177116,886,yes
fy-2026-27-program-based-1011-2151,1212,State Department for Gender and Affirmative Action,0913000,"General Administration, Planning and Support Services",programme,,programme,,,267388894,242118100,268680438,281177116,886,yes
fy-2026-27-program-based-1011-2151,1212,State Department for Gender and Affirmative Action,,,vote,,vote_total,,Total Expenditure,6299515541,6261403526,6086388800,6140820000,886,yes
fy-2026-27-program-based-1011-2151,1213,State Department for Public Service and Human Capital Development,0710010,Human Resource Management,subprogramme,,programme,,,6745315360,0,0,0,898,yes
fy-2026-27-program-based-1011-2151,1213,State Department for Public Service and Human Capital Development,0710020,Human Resource Development,subprogramme,,programme,,,3494558304,0,0,0,898,yes
fy-2026-27-program-based-1011-2151,1213,State Department for Public Service and Human Capital Development,0710030,Management Consultancy Services,subprogramme,,programme,,,122235131,0,0,0,898,yes
fy-2026-27-program-based-1011-2151,1213,State Department for Public Service and Human Capital Development,0710040,Huduma Kenya Service Delivery,subprogramme,,programme,,,1819524679,1817808225,1945840250,1856210972,898,yes
fy-2026-27-program-based-1011-2151,1213,State Department for Public Service and Human Capital Development,0710060,Public Service Reforms,subprogramme,,programme,,,45927141,54536432,57227106,61787064,898,yes
fy-2026-27-program-based-1011-2151,1213,State Department for Public Service and Human Capital Development,0710000,Public Service Transformation,programme,,programme,,,12227560615,1872344657,2003067356,1917998036,898,yes
fy-2026-27-program-based-1011-2151,1213,State Department for Public Service and Human Capital Development,0709010,Human Resources and Support Services,subprogramme,,programme,,,1550469701,0,0,0,898,yes
fy-2026-27-program-based-1011-2151,1213,State Department for Public Service and Human Capital Development,0709020,Financial Management Services,subprogramme,,programme,,,56776155,0,0,0,898,yes
fy-2026-27-program-based-1011-2151,1213,State Department for Public Service and Human Capital Development,0709030,Information Communications Services,subprogramme,,programme,,,5115000,0,0,0,898,yes
fy-2026-27-program-based-1011-2151,1213,State Department for Public Service and Human Capital Development,0709040,Administrative Services,subprogramme,,programme,,,5686876,429905353,399719364,404191969,898,yes
fy-2026-27-program-based-1011-2151,1213,State Department for Public Service and Human Capital Development,0709000,General Administration Planning and Support Services,programme,,programme,,,1618047732,429905353,399719364,404191969,898,yes
fy-2026-27-program-based-1011-2151,1213,State Department for Public Service and Human Capital Development,0747010,Paramilitary Training and Service Regimentation,subprogramme,,programme,,,5213024016,5942173255,5397824016,5466524016,898,yes
fy-2026-27-program-based-1011-2151,1213,State Department for Public Service and Human Capital Development,0747020,Technical and Vocational Training,subprogramme,,programme,,,4209804783,4224301024,4334394783,4836814783,898,yes
fy-2026-27-program-based-1011-2151,1213,State Department for Public Service and Human Capital Development,0747030,Enterprise Development,subprogramme,,programme,,,811884960,2311884960,2326381201,2450971201,898,yes
fy-2026-27-program-based-1011-2151,1213,State Department for Public Service and Human Capital Development,0747000,National Youth Service,programme,,programme,,,10234713759,12478359239,12058600000,12754310000,898,yes
fy-2026-27-program-based-1011-2151,1213,State Department for Public Service and Human Capital Development,0781010,Human Resource Management-Policy,subprogramme,,programme,,,0,8170329016,8218976560,8201050257,898,yes
fy-2026-27-program-based-1011-2151,1213,State Department for Public Service and Human Capital Development,0781020,Human Resource Development,subprogramme,,programme,,,0,2755834283,2554764741,3071345947,898,yes
fy-2026-27-program-based-1011-2151,1213,State Department for Public Service and Human Capital Development,0781030,Management Consultancy Services,subprogramme,,programme,,,0,335375915,343171979,446503791,898,yes
fy-2026-27-program-based-1011-2151,1213,State Department for Public Service and Human Capital Development,0781000,Human Resource Management and Development,programme,,programme,,,0,11261539214,11116913280,11718899995,898,yes
fy-2026-27-program-based-1011-2151,1213,State Department for Public Service and Human Capital Development,,,vote,,vote_total,,Total Expenditure,24080322106,26042148463,25578300000,26795400000,898,yes
fy-2026-27-program-based-1011-2151,1221,State Department for East African Community Affairs,0305010,East African Customs Union,subprogramme,,programme,,,16466658,23006357,25831079,26186553,913,yes
fy-2026-27-program-based-1011-2151,1221,State Department for East African Community Affairs,0305020,East African Common Market,subprogramme,,programme,,,1015849736,629550444,648105059,669004235,913,yes
fy-2026-27-program-based-1011-2151,1221,State Department for East African Community Affairs,0305030,EAC Monetary Union,subprogramme,,programme,,,23229879,31020460,34231581,35301294,913,yes
fy-2026-27-program-based-1011-2151,1221,State Department for East African Community Affairs,0305050,Management of Northern Corridor Integration,subprogramme,,programme,,,32396183,42256682,46783772,48449755,913,yes
fy-2026-27-program-based-1011-2151,1221,State Department for East African Community Affairs,0305080,General Administration Planning and Support Services,subprogramme,,programme,,,58292683,83581307,92448509,94558163,913,yes
fy-2026-27-program-based-1011-2151,1221,State Department for East African Community Affairs,0305000,East African Affairs and Regional Integration,programme,,programme,,,1146235139,809415250,847400000,873500000,913,yes
fy-2026-27-program-based-1011-2151,1221,State Department for East African Community Affairs,,,vote,,vote_total,,Total Expenditure,1146235139,809415250,847400000,873500000,913,yes
fy-2026-27-program-based-1011-2151,1252,State Law Office,0606010,Civil litigation and Promotion of legal ethical standards,subprogramme,,programme,,,1840050021,2023425974,2300789677,2369321370,927,yes
fy-2026-27-program-based-1011-2151,1252,State Law Office,0606020,"Legislations, Treaties and Advisory Services",subprogramme,,programme,,,364626318,408738787,411462539,417765594,927,yes
fy-2026-27-program-based-1011-2151,1252,State Law Office,0606030,Public Trusts and Estates management,subprogramme,,programme,,,229545172,246974002,252173796,259003013,927,yes
fy-2026-27-program-based-1011-2151,1252,State Law Office,0606040,Registration Services,subprogramme,,programme,,,785140473,903637164,908003988,943160023,927,yes
fy-2026-27-program-based-1011-2151,1252,State Law Office,0606060,"Legal Education, Training and Policy",subprogramme,,programme,,,1194757000,1185249800,1284510000,1361990000,927,yes
fy-2026-27-program-based-1011-2151,1252,State Law Office,0606000,Legal Services,programme,,programme,,,4414118984,4768025727,5156940000,5351240000,927,yes
fy-2026-27-program-based-1011-2151,1252,State Law Office,0609010,Transformation of Public legal services,subprogramme,,programme,,,168040000,179898800,183500000,192400000,927,yes
fy-2026-27-program-based-1011-2151,1252,State Law Office,0609020,Administrative services,subprogramme,,programme,,,833686746,888139357,907720000,1030600000,927,yes
fy-2026-27-program-based-1011-2151,1252,State Law Office,0609000,"General Administration, Planning and Support Services",programme,,programme,,,1001726746,1068038157,1091220000,1223000000,927,yes
fy-2026-27-program-based-1011-2151,1252,State Law Office,,,vote,,vote_total,,Total Expenditure,5415845730,5836063884,6248160000,6574240000,927,yes
fy-2026-27-program-based-1011-2151,1253,State Department for Justice Human Rights and Constitutional Affairs,0607010,Governance Reforms,subprogramme,,programme,,,712057234,0,0,0,937,yes
fy-2026-27-program-based-1011-2151,1253,State Department for Justice Human Rights and Constitutional Affairs,0607020,Constitutional and Legal Reforms,subprogramme,,programme,,,351665000,0,0,0,937,yes
fy-2026-27-program-based-1011-2151,1253,State Department for Justice Human Rights and Constitutional Affairs,0607000,"Governance, Legal Training and Constitutional Affairs",programme,,programme,,,1063722234,0,0,0,937,yes
fy-2026-27-program-based-1011-2151,1253,State Department for Justice Human Rights and Constitutional Affairs,0633010,"Access to Justice, Human Rights, and Legal Affairs",subprogramme,,programme,,,0,400530316,426278147,426129250,937,yes
fy-2026-27-program-based-1011-2151,1253,State Department for Justice Human Rights and Constitutional Affairs,0633020,Constitutional Implementation Services,subprogramme,,programme,,,0,389692252,416971744,434921342,937,yes
fy-2026-27-program-based-1011-2151,1253,State Department for Justice Human Rights and Constitutional Affairs,0633030,"Ethics, Integrity, Anti-Corruption and Economic Crimes",subprogramme,,programme,,,0,450375228,473361013,494326906,937,yes
fy-2026-27-program-based-1011-2151,1253,State Department for Justice Human Rights and Constitutional Affairs,0633040,Administrative Services,subprogramme,,programme,,,0,209831257,164079096,173982502,937,yes
fy-2026-27-program-based-1011-2151,1253,State Department for Justice Human Rights and Constitutional Affairs,0633000,"Governance, Human Rights and Constitutional Affairs",programme,,programme,,,0,1450429053,1480690000,1529360000,937,yes
fy-2026-27-program-based-1011-2151,1253,State Department for Justice Human Rights and Constitutional Affairs,,,vote,,vote_total,,Total Expenditure,1063722234,1450429053,1480690000,1529360000,937,yes
fy-2026-27-program-based-1011-2151,1271,Ethics and Anti-Corruption Commission,0611010,Ethics and Anti-Corruption,subprogramme,,programme,,,4538500694,5096666780,5487956780,5783266780,946,yes
fy-2026-27-program-based-1011-2151,1271,Ethics and Anti-Corruption Commission,0611000,Ethics and Anti-Corruption,programme,,programme,,,4538500694,5096666780,5487956780,5783266780,946,yes
fy-2026-27-program-based-1011-2151,1271,Ethics and Anti-Corruption Commission,,,vote,,vote_total,,Total Expenditure,4538500694,5096666780,5487956780,5783266780,946,yes
fy-2026-27-program-based-1011-2151,1281,National Intelligence Service,0804010,Security Intelligence,subprogramme,,programme,,,61447229480,58617000000,57275000000,59737000000,952,yes
fy-2026-27-program-based-1011-2151,1281,National Intelligence Service,0804000,National Security Intelligence,programme,,programme,,,61447229480,58617000000,57275000000,59737000000,952,yes
fy-2026-27-program-based-1011-2151,1281,National Intelligence Service,,,vote,,vote_total,,Total Expenditure,61447229480,58617000000,57275000000,59737000000,952,yes
fy-2026-27-program-based-1011-2151,1291,Office of the Director of Public Prosecutions,0612010,Prosecution of criminal offences,subprogramme,,programme,,,5846227372,6642330000,6628220000,6873290000,959,yes
fy-2026-27-program-based-1011-2151,1291,Office of the Director of Public Prosecutions,0612000,Public Prosecution Services,programme,,programme,,,5846227372,6642330000,6628220000,6873290000,959,yes
fy-2026-27-program-based-1011-2151,1291,Office of the Director of Public Prosecutions,,,vote,,vote_total,,Total Expenditure,5846227372,6642330000,6628220000,6873290000,959,yes
fy-2026-27-program-based-1011-2151,1311,Office of the Registrar of Political Parties,0614010,Registration and regulation of political parties,subprogramme,,programme,,,664623994,1031216098,958559296,996349211,966,yes
fy-2026-27-program-based-1011-2151,1311,Office of the Registrar of Political Parties,0614020,Funding of political parties,subprogramme,,programme,,,2378300000,1406500000,1450000000,1450000000,966,yes
fy-2026-27-program-based-1011-2151,1311,Office of the Registrar of Political Parties,0614030,Partnership and Civic Education,subprogramme,,programme,,,14043525,10634820,14070704,17500789,966,yes
fy-2026-27-program-based-1011-2151,1311,Office of the Registrar of Political Parties,0614000,"Registration, Regulation and Funding of Political Parties",programme,,programme,,,3056967519,2448350918,2422630000,2463850000,966,yes
fy-2026-27-program-based-1011-2151,1311,Office of the Registrar of Political Parties,,,vote,,vote_total,,Total Expenditure,3056967519,2448350918,2422630000,2463850000,966,yes
fy-2026-27-program-based-1011-2151,1321,Witness Protection Agency,0615010,Witness Protection,subprogramme,,programme,,,791206825,1009448754,1027870000,1073740000,972,yes
fy-2026-27-program-based-1011-2151,1321,Witness Protection Agency,0615000,Witness Protection,programme,,programme,,,791206825,1009448754,1027870000,1073740000,972,yes
fy-2026-27-program-based-1011-2151,1321,Witness Protection Agency,,,vote,,vote_total,,Total Expenditure,791206825,1009448754,1027870000,1073740000,972,yes
fy-2026-27-program-based-1011-2151,1331,State Department for Environment & Climate Change,1002010,National Environment Management,subprogramme,,programme,,,3084376186,3807803000,4135000000,4575000000,986,yes
fy-2026-27-program-based-1011-2151,1331,State Department for Environment & Climate Change,1002030,Policy & Governance in Environment Management,subprogramme,,programme,,,207793615,283549057,247268219,256715776,986,yes
fy-2026-27-program-based-1011-2151,1331,State Department for Environment & Climate Change,1002040,Climate Change Adaptation and Mitigation,subprogramme,,programme,,,304906253,2821000000,400000000,550000000,986,yes
fy-2026-27-program-based-1011-2151,1331,State Department for Environment & Climate Change,1002000,Environment Management and Protection,programme,,programme,,,3597076054,6912352057,4782268219,5381715776,986,yes
fy-2026-27-program-based-1011-2151,1331,State Department for Environment & Climate Change,1010010,"General Administration, Planning and Support Services",subprogramme,,programme,,,509785088,566718284,630911289,661281567,986,yes
fy-2026-27-program-based-1011-2151,1331,State Department for Environment & Climate Change,1010000,"General Administration, Planning and Support Services",programme,,programme,,,509785088,566718284,630911289,661281567,986,yes
fy-2026-27-program-based-1011-2151,1331,State Department for Environment & Climate Change,1012010,Modernization of Meteorological Services,subprogramme,,programme,,,1644989497,1672588690,1410820492,1481002657,986,yes
fy-2026-27-program-based-1011-2151,1331,State Department for Environment & Climate Change,1012020,Advertent Weather Modification,subprogramme,,programme,,,94000000,112000000,0,0,986,yes
fy-2026-27-program-based-1011-2151,1331,State Department for Environment & Climate Change,1012000,Meteorological Services,programme,,programme,,,1738989497,1784588690,1410820492,1481002657,986,yes
fy-2026-27-program-based-1011-2151,1331,State Department for Environment & Climate Change,,,vote,,vote_total,,Total Expenditure,5845850639,9263659031,6824000000,7524000000,986,yes
fy-2026-27-program-based-1011-2151,1332,State Department for Forestry,1018010,Forests Resources Conservation and Management,subprogramme,,programme,,,15637165457,16342793166,17343156642,21507359789,999,yes
fy-2026-27-program-based-1011-2151,1332,State Department for Forestry,1018020,Forests Research and Development,subprogramme,,programme,,,1583400000,1688900000,2045300000,2448700000,999,yes
fy-2026-27-program-based-1011-2151,1332,State Department for Forestry,1018050,Ecological Restoration and Management,subprogramme,,programme,,,65217280,82411219,111870936,169269886,999,yes
fy-2026-27-program-based-1011-2151,1332,State Department for Forestry,1018000,"Forests Development, Management and Conservation",programme,,programme,,,17285782737,18114104385,19500327578,24125329675,999,yes
fy-2026-27-program-based-1011-2151,1332,State Department for Forestry,1024010,Agroforestry Services,subprogramme,,programme,,,7934729,9926768,10774105,11368922,999,yes
fy-2026-27-program-based-1011-2151,1332,State Department for Forestry,1024020,Commercial Forestry Services,subprogramme,,programme,,,7360560,13904345,14227876,14561111,999,yes
fy-2026-27-program-based-1011-2151,1332,State Department for Forestry,1024000,Agroforestry and Commercial Forestry Development,programme,,programme,,,15295289,23831113,25001981,25930033,999,yes
fy-2026-27-program-based-1011-2151,1332,State Department for Forestry,1025010,"General Administration, Planning and Support Services",subprogramme,,programme,,,248507619,200801591,232103150,242143192,999,yes
fy-2026-27-program-based-1011-2151,1332,State Department for Forestry,1025000,"General Administration, Planning and Support Services",programme,,programme,,,248507619,200801591,232103150,242143192,999,yes
fy-2026-27-program-based-1011-2151,1332,State Department for Forestry,,,vote,,vote_total,,Total Expenditure,17549585645,18338737089,19757432709,24393402900,999,yes
fy-2026-27-program-based-1011-2151,2011,Kenya National Commission on Human Rights,0616010,"Complaints, Investigations and redress",subprogramme,,programme,,,521334902,593029690,593940000,618330000,1008,yes
fy-2026-27-program-based-1011-2151,2011,Kenya National Commission on Human Rights,0616000,Protection and Promotion of Human Rights,programme,,programme,,,521334902,593029690,593940000,618330000,1008,yes
fy-2026-27-program-based-1011-2151,2011,Kenya National Commission on Human Rights,,,vote,,vote_total,,Total Expenditure,521334902,593029690,593940000,618330000,1008,yes
fy-2026-27-program-based-1011-2151,2021,National Land Commission,0119010,"General Administration, Planning and Support Services",subprogramme,,programme,,,1392310736,1756342351,1847041679,1916800496,1017,yes
fy-2026-27-program-based-1011-2151,2021,National Land Commission,0119020,Land Administration and Management,subprogramme,,programme,,,619049780,496823426,486123694,405430201,1017,yes
fy-2026-27-program-based-1011-2151,2021,National Land Commission,0119030,Public Land Information Management,subprogramme,,programme,,,35386597,126577013,361618258,659706714,1017,yes
fy-2026-27-program-based-1011-2151,2021,National Land Commission,0119040,Land Disputes and Conflict Resolution,subprogramme,,programme,,,4062587203,1641237615,354478869,380762589,1017,yes
fy-2026-27-program-based-1011-2151,2021,National Land Commission,0119000,Land Administration and Management,programme,,programme,,,6109334316,4020980405,3049262500,3362700000,1017,yes
fy-2026-27-program-based-1011-2151,2021,National Land Commission,,,vote,,vote_total,,Total Expenditure,6109334316,4020980405,3049262500,3362700000,1017,yes
fy-2026-27-program-based-1011-2151,2031,Independent Electoral and Boundaries Commission,0617010,General Administration Planning and Support Services,subprogramme,,programme,,,6567954318,5534190001,5480394963,4112982727,1027,yes
fy-2026-27-program-based-1011-2151,2031,Independent Electoral and Boundaries Commission,0617020,Voter Registration and Electoral Operations,subprogramme,,programme,,,3750051068,12761269719,13101994554,200298721,1027,yes
fy-2026-27-program-based-1011-2151,2031,Independent Electoral and Boundaries Commission,0617030,Voter Education and Partnerships,subprogramme,,programme,,,728724974,1831107045,431841818,52188358,1027,yes
fy-2026-27-program-based-1011-2151,2031,Independent Electoral and Boundaries Commission,0617040,Electoral Information and Communication Technology,subprogramme,,programme,,,1917019438,4728363463,1196575976,484302984,1027,yes
fy-2026-27-program-based-1011-2151,2031,Independent Electoral and Boundaries Commission,0617050,Delimitation of Electroral Boundaries,subprogramme,,programme,,,46543515,110109772,151182689,200917210,1027,yes
fy-2026-27-program-based-1011-2151,2031,Independent Electoral and Boundaries Commission,0617000,Management of Electoral Processes,programme,,programme,,,13010293313,24965040000,20361990000,5050690000,1027,yes
fy-2026-27-program-based-1011-2151,2031,Independent Electoral and Boundaries Commission,,,vote,,vote_total,,Total Expenditure,13010293313,24965040000,20361990000,5050690000,1027,yes
fy-2026-27-program-based-1011-2151,2061,Commission on Revenue Allocation,0737010,General Administration and Support Services,subprogramme,,programme,,,444913526,421579708,450735000,457835000,1038,yes
fy-2026-27-program-based-1011-2151,2061,Commission on Revenue Allocation,0737020,Equitable Sharing of Revenues,subprogramme,,programme,,,12775000,12464000,16580000,17080000,1038,yes
fy-2026-27-program-based-1011-2151,2061,Commission on Revenue Allocation,0737030,Public Financial Management,subprogramme,,programme,,,18200000,128620996,141286004,60775000,1038,yes
fy-2026-27-program-based-1011-2151,2061,Commission on Revenue Allocation,0737040,Transitional Equalization,subprogramme,,programme,,,12300000,6352000,15710000,24010000,1038,yes
fy-2026-27-program-based-1011-2151,2061,Commission on Revenue Allocation,0737000,Inter-Governmental Transfers and Financial Matters,programme,,programme,,,488188526,569016704,624311004,559700000,1038,yes
fy-2026-27-program-based-1011-2151,2061,Commission on Revenue Allocation,,,vote,,vote_total,,Total Expenditure,488188526,569016704,624311004,559700000,1038,yes
fy-2026-27-program-based-1011-2151,2071,Public Service Commission,0725010,Administration,subprogramme,,programme,,,930144418,1096401856,1071844581,1041614046,1049,review
fy-2026-27-program-based-1011-2151,2071,Public Service Commission,0725020,Board Management Service,subprogramme,,programme,,,58412034,79515692,83451016,90604340,1049,review
fy-2026-27-program-based-1011-2151,2071,Public Service Commission,0725000,"General Administration, Planning and Support Services",programme,,programme,,,988556452,1175917548,1155295597,1132218386,1049,review
fy-2026-27-program-based-1011-2151,2071,Public Service Commission,0726010,Establishment and Management and Consultancy Service,subprogramme,,programme,,,64675230,71234824,71893690,84877369,1049,review
fy-2026-27-program-based-1011-2151,2071,Public Service Commission,0726020,Human Resource Management,subprogramme,,programme,,,206559296,150565472,141140590,144272146,1049,review
fy-2026-27-program-based-1011-2151,2071,Public Service Commission,0726030,Human Resource Development,subprogramme,,programme,,,2108441159,2197183764,2204833270,2210686215,1049,review
fy-2026-27-program-based-1011-2151,2071,Public Service Commission,0726000,Human Resource management and Development,programme,,programme,,,2379675685,2418984060,2417867550,2439835730,1049,review
fy-2026-27-program-based-1011-2151,2071,Public Service Commission,0727010,Compliance and quality assurance,subprogramme,,programme,,,93622006,110427952,101670219,104254168,1049,review
fy-2026-27-program-based-1011-2151,2071,Public Service Commission,0727020,"Ethics, Governance and National values",subprogramme,,programme,,,74890860,48478440,45218928,47447541,1049,review
fy-2026-27-program-based-1011-2151,2071,Public Service Commission,0727000,Governance and National Values,programme,,programme,,,168512866,158906392,146889147,151701709,1049,review
fy-2026-27-program-based-1011-2151,2071,Public Service Commission,0744010,Performance and Productivity Management,subprogramme,,programme,,,39269892,85976172,69717804,70039811,1049,review
fy-2026-27-program-based-1011-2151,2071,Public Service Commission,0744000,Performance and Productivity Management,programme,,programme,,,39269892,85976172,69717804,70039811,1049,review
fy-2026-27-program-based-1011-2151,2071,Public Service Commission,,,vote,,vote_total,,Total Expenditure,3597062711,3905049000,3820400000,3825600000,1049,review
fy-2026-27-program-based-1011-2151,2081,Salaries and Remuneration Commission,0728010,Remuneration and Benefits management,subprogramme,,programme,,,869463435,914395492,823200000,857000000,1060,yes
fy-2026-27-program-based-1011-2151,2081,Salaries and Remuneration Commission,0728000,Salaries and Remuneration Management,programme,,programme,,,869463435,914395492,823200000,857000000,1060,yes
fy-2026-27-program-based-1011-2151,2081,Salaries and Remuneration Commission,,,vote,,vote_total,,Total Expenditure,869463435,914395492,823200000,857000000,1060,yes
fy-2026-27-program-based-1011-2151,2091,Teachers Service Commission,0509010,Teacher Management- Primary,subprogramme,,programme,,,225935374337,267900304712,283482448544,301876140797,1071,yes
fy-2026-27-program-based-1011-2151,2091,Teachers Service Commission,0509020,Teacher management - Secondary,subprogramme,,programme,,,173416294286,138442569792,140392421966,138801951104,1071,yes
fy-2026-27-program-based-1011-2151,2091,Teachers Service Commission,0509030,Teacher management - Tertiary,subprogramme,,programme,,,2042542353,6032740554,6237348567,6432063423,1071,yes
fy-2026-27-program-based-1011-2151,2091,Teachers Service Commission,0509000,Teacher Resource Management,programme,,programme,,,401394210976,412375615058,430112219077,447110155324,1071,yes
fy-2026-27-program-based-1011-2151,2091,Teachers Service Commission,0510010,Quality assurance and standards,subprogramme,,programme,,,81750000,3750000,3750000,3750000,1071,yes
fy-2026-27-program-based-1011-2151,2091,Teachers Service Commission,0510020,Teacher professional development,subprogramme,,programme,,,30093750,65312785,65312785,65312785,1071,yes
fy-2026-27-program-based-1011-2151,2091,Teachers Service Commission,0510030,Teacher capacity development,subprogramme,,programme,,,980388777,1202383225,1535400374,1569463585,1071,yes
fy-2026-27-program-based-1011-2151,2091,Teachers Service Commission,0510000,Governance and Standards,programme,,programme,,,1092232527,1271446010,1604463159,1638526370,1071,yes
fy-2026-27-program-based-1011-2151,2091,Teachers Service Commission,0511010,"Policy, Planning and Support Service",subprogramme,,programme,,,8335735920,8536151564,8751529446,9008209988,1071,yes
fy-2026-27-program-based-1011-2151,2091,Teachers Service Commission,0511020,Field Services,subprogramme,,programme,,,231192000,231308000,231308000,231308000,1071,yes
fy-2026-27-program-based-1011-2151,2091,Teachers Service Commission,0511030,Automation of TSC Operations,subprogramme,,programme,,,239710953,237800318,237800318,237800318,1071,yes
fy-2026-27-program-based-1011-2151,2091,Teachers Service Commission,0511000,"General Administration, Planning and Support Services",programme,,programme,,,8806638873,9005259882,9220637764,9477318306,1071,yes
fy-2026-27-program-based-1011-2151,2091,Teachers Service Commission,,,vote,,vote_total,,Total Expenditure,411293082376,422652320950,440937320000,458226000000,1071,yes
fy-2026-27-program-based-1011-2151,2101,National Police Service Commission,0620010,Human Resource Management,subprogramme,,programme,,,751652308,1003460263,1006950675,1052860675,1082,yes
fy-2026-27-program-based-1011-2151,2101,National Police Service Commission,0620030,Administration and Standards Setting,subprogramme,,programme,,,469173374,352149448,338500193,352430193,1082,yes
fy-2026-27-program-based-1011-2151,2101,National Police Service Commission,0620040,Counselling Management Services,subprogramme,,programme,,,234572967,222901915,267689132,268689132,1082,yes
fy-2026-27-program-based-1011-2151,2101,National Police Service Commission,0620000,National Police Service Human Resource Management,programme,,programme,,,1455398649,1578511626,1613140000,1673980000,1082,yes
fy-2026-27-program-based-1011-2151,2101,National Police Service Commission,,,vote,,vote_total,,Total Expenditure,1455398649,1578511626,1613140000,1673980000,1082,yes
fy-2026-27-program-based-1011-2151,2111,Auditor General,0729010,CDF Audits,subprogramme,,programme,,,85643300,410749364,429695151,461881807,1090,yes
fy-2026-27-program-based-1011-2151,2111,Auditor General,0729020,County Governments Audit,subprogramme,,programme,,,1833361825,1301905000,1381420002,1516506607,1090,yes
fy-2026-27-program-based-1011-2151,2111,Auditor General,0729030,Specialized Audits,subprogramme,,programme,,,556052250,907651436,949516797,1020641106,1090,yes
fy-2026-27-program-based-1011-2151,2111,Auditor General,0729040,National Government Audit,subprogramme,,programme,,,5930454005,7065300000,7317741352,7751875952,1090,yes
fy-2026-27-program-based-1011-2151,2111,Auditor General,0729050,Education and Health Institutions Audit Services,subprogramme,,programme,,,283521500,143794200,150426698,161694528,1090,yes
fy-2026-27-program-based-1011-2151,2111,Auditor General,0729000,Audit Services,programme,,programme,,,8689032880,9829400000,10228800000,10912600000,1090,yes
fy-2026-27-program-based-1011-2151,2111,Auditor General,,,vote,,vote_total,,Total Expenditure,8689032880,9829400000,10228800000,10912600000,1090,yes
fy-2026-27-program-based-1011-2151,2121,Controller of Budget,0730010,Authorization of withdrawal from public Funds,subprogramme,,programme,,,194296549,173208668,182643594,191092428,1099,yes
fy-2026-27-program-based-1011-2151,2121,Controller of Budget,0730020,Budget implementation and Monitoring,subprogramme,,programme,,,89568985,120397032,125651224,130287307,1099,yes
fy-2026-27-program-based-1011-2151,2121,Controller of Budget,0730030,General Administration Planning and Support Services,subprogramme,,programme,,,543620747,512605957,548707308,565453406,1099,yes
fy-2026-27-program-based-1011-2151,2121,Controller of Budget,0730040,Research & Development,subprogramme,,programme,,,120607473,129215586,132726779,138495764,1099,yes
fy-2026-27-program-based-1011-2151,2121,Controller of Budget,0730000,Control and Management of Public finances,programme,,programme,,,948093754,935427243,989728905,1025328905,1099,yes
fy-2026-27-program-based-1011-2151,2121,Controller of Budget,,,vote,,vote_total,,Total Expenditure,948093754,935427243,989728905,1025328905,1099,yes
fy-2026-27-program-based-1011-2151,2131,Commission on Administrative Justice,0731020,General Administration and Support Services,subprogramme,,programme,,,640214046,701415877,736326670,761381484,1107,yes
fy-2026-27-program-based-1011-2151,2131,Commission on Administrative Justice,0731030,Administrative Justice Services,subprogramme,,programme,,,15003987,11707495,15111078,16290934,1107,yes
fy-2026-27-program-based-1011-2151,2131,Commission on Administrative Justice,0731040,Access to Information Services,subprogramme,,programme,,,10994540,11444030,14362252,15627582,1107,yes
fy-2026-27-program-based-1011-2151,2131,Commission on Administrative Justice,0731000,Promotion of Administrative Justice,programme,,programme,,,666212573,724567402,765800000,793300000,1107,yes
fy-2026-27-program-based-1011-2151,2131,Commission on Administrative Justice,,,vote,,vote_total,,Total Expenditure,666212573,724567402,765800000,793300000,1107,yes
fy-2026-27-program-based-1011-2151,2141,National Gender and Equality Commission,0621010,Legal Compliance and Redress,subprogramme,,programme,,,42533351,62090512,68922229,74560222,1116,yes
fy-2026-27-program-based-1011-2151,2141,National Gender and Equality Commission,0621020,Mainstreaming and Coordination,subprogramme,,programme,,,91379967,116264240,120162908,112674691,1116,yes
fy-2026-27-program-based-1011-2151,2141,National Gender and Equality Commission,0621030,"Public Education, Advocacy and Research",subprogramme,,programme,,,27408932,55033983,63902908,72154689,1116,yes
fy-2026-27-program-based-1011-2151,2141,National Gender and Equality Commission,0621040,General Administration Planning and Support Services,subprogramme,,programme,,,399045554,434349265,440061955,461610398,1116,yes
fy-2026-27-program-based-1011-2151,2141,National Gender and Equality Commission,0621000,Promotion of Gender Equality and Freedom from Discrimination,programme,,programme,,,560367804,667738000,693050000,721000000,1116,yes
fy-2026-27-program-based-1011-2151,2141,National Gender and Equality Commission,,,vote,,vote_total,,Total Expenditure,560367804,667738000,693050000,721000000,1116,yes
fy-2026-27-program-based-1011-2151,2151,Independent Policing Oversight Authority,0622010,Policing Oversight Services,subprogramme,,programme,,,1405881096,1456610040,1496870000,1559330000,1124,yes
fy-2026-27-program-based-1011-2151,2151,Independent Policing Oversight Authority,0622000,Policing Oversight Services,programme,,programme,,,1405881096,1456610040,1496870000,1559330000,1124,yes
fy-2026-27-program-based-1011-2151,2151,Independent Policing Oversight Authority,,,vote,,vote_total,,Total Expenditure,1405881096,1456610040,1496870000,1559330000,1124,yes
